linetype	xmin	xmax	key	showSelected1	showSelected2	showSelected3	PANEL	group
1	43448.817	43449.759	43448817 43449759	-5	-Inf	false positive	1	2
1	43449.894	43451.105	43449894 43451105	-5	-Inf	false positive	1	4
1	43451.457	43455.122	43451457 43455122	-5	-Inf	false positive	1	6
1	43448.817	43449.759	43448817 43449759	-5	-3.5987564321254	false positive	1	2
0	43449.894	43451.105	43449894 43451105	-5	-3.5987564321254	correct	1	3
0	43451.457	43455.122	43451457 43455122	-5	-3.5987564321254	correct	1	5
1	43448.817	43449.759	43448817 43449759	-5	-2.87110214393305	false positive	1	2
0	43449.894	43451.105	43449894 43451105	-5	-2.87110214393305	correct	1	3
0	43451.457	43455.122	43451457 43455122	-5	-2.87110214393305	correct	1	5
1	43448.817	43449.759	43448817 43449759	-5	-2.524465240576	false positive	1	2
0	43449.894	43451.105	43449894 43451105	-5	-2.524465240576	correct	1	3
0	43451.457	43455.122	43451457 43455122	-5	-2.524465240576	correct	1	5
1	43448.817	43449.759	43448817 43449759	-5	-1.7250450381836	false positive	1	2
0	43449.894	43451.105	43449894 43451105	-5	-1.7250450381836	correct	1	3
0	43451.457	43455.122	43451457 43455122	-5	-1.7250450381836	correct	1	5
0	43448.817	43449.759	43448817 43449759	-5	-0.0126575242852369	correct	1	1
0	43449.894	43451.105	43449894 43451105	-5	-0.0126575242852369	correct	1	3
0	43451.457	43455.122	43451457 43455122	-5	-0.0126575242852369	correct	1	5
0	43448.817	43449.759	43448817 43449759	-5	1.26988692973461	correct	1	1
0	43449.894	43451.105	43449894 43451105	-5	1.26988692973461	correct	1	3
0	43451.457	43455.122	43451457 43455122	-5	1.26988692973461	correct	1	5
0	43448.817	43449.759	43448817 43449759	-5	1.71885391825865	correct	1	1
0	43449.894	43451.105	43449894 43451105	-5	1.71885391825865	correct	1	3
0	43451.457	43455.122	43451457 43455122	-5	1.71885391825865	correct	1	5
0	43448.817	43449.759	43448817 43449759	-5	2.20830916989523	correct	1	1
0	43449.894	43451.105	43449894 43451105	-5	2.20830916989523	correct	1	3
0	43451.457	43455.122	43451457 43455122	-5	2.20830916989523	correct	1	5
0	43448.817	43449.759	43448817 43449759	-5	2.92562278092917	correct	1	1
0	43449.894	43451.105	43449894 43451105	-5	2.92562278092917	correct	1	3
0	43451.457	43455.122	43451457 43455122	-5	2.92562278092917	correct	1	5
0	43448.817	43449.759	43448817 43449759	-5	3.95283511716953	correct	1	1
0	43449.894	43451.105	43449894 43451105	-5	3.95283511716953	correct	1	3
0	43451.457	43455.122	43451457 43455122	-5	3.95283511716953	correct	1	5
0	43448.817	43449.759	43448817 43449759	-5	5.45202555736225	correct	1	1
0	43449.894	43451.105	43449894 43451105	-5	5.45202555736225	correct	1	3
0	43451.457	43455.122	43451457 43455122	-5	5.45202555736225	correct	1	5
0	43448.817	43449.759	43448817 43449759	-5	Inf	correct	1	1
0	43449.894	43451.105	43449894 43451105	-5	Inf	correct	1	3
0	43451.457	43455.122	43451457 43455122	-5	Inf	correct	1	5
1	43448.817	43449.759	43448817 43449759	-4.8	-Inf	false positive	1	2
1	43449.894	43451.105	43449894 43451105	-4.8	-Inf	false positive	1	4
1	43451.457	43455.122	43451457 43455122	-4.8	-Inf	false positive	1	6
1	43448.817	43449.759	43448817 43449759	-4.8	-3.5987564321254	false positive	1	2
0	43449.894	43451.105	43449894 43451105	-4.8	-3.5987564321254	correct	1	3
0	43451.457	43455.122	43451457 43455122	-4.8	-3.5987564321254	correct	1	5
1	43448.817	43449.759	43448817 43449759	-4.8	-2.87110214393305	false positive	1	2
0	43449.894	43451.105	43449894 43451105	-4.8	-2.87110214393305	correct	1	3
0	43451.457	43455.122	43451457 43455122	-4.8	-2.87110214393305	correct	1	5
1	43448.817	43449.759	43448817 43449759	-4.8	-2.524465240576	false positive	1	2
0	43449.894	43451.105	43449894 43451105	-4.8	-2.524465240576	correct	1	3
0	43451.457	43455.122	43451457 43455122	-4.8	-2.524465240576	correct	1	5
1	43448.817	43449.759	43448817 43449759	-4.8	-1.7250450381836	false positive	1	2
0	43449.894	43451.105	43449894 43451105	-4.8	-1.7250450381836	correct	1	3
0	43451.457	43455.122	43451457 43455122	-4.8	-1.7250450381836	correct	1	5
0	43448.817	43449.759	43448817 43449759	-4.8	-0.112657524285237	correct	1	1
0	43449.894	43451.105	43449894 43451105	-4.8	-0.112657524285237	correct	1	3
0	43451.457	43455.122	43451457 43455122	-4.8	-0.112657524285237	correct	1	5
0	43448.817	43449.759	43448817 43449759	-4.8	1.16988692973461	correct	1	1
0	43449.894	43451.105	43449894 43451105	-4.8	1.16988692973461	correct	1	3
0	43451.457	43455.122	43451457 43455122	-4.8	1.16988692973461	correct	1	5
0	43448.817	43449.759	43448817 43449759	-4.8	1.61885391825865	correct	1	1
0	43449.894	43451.105	43449894 43451105	-4.8	1.61885391825865	correct	1	3
0	43451.457	43455.122	43451457 43455122	-4.8	1.61885391825865	correct	1	5
0	43448.817	43449.759	43448817 43449759	-4.8	2.00830916989523	correct	1	1
0	43449.894	43451.105	43449894 43451105	-4.8	2.00830916989523	correct	1	3
0	43451.457	43455.122	43451457 43455122	-4.8	2.00830916989523	correct	1	5
0	43448.817	43449.759	43448817 43449759	-4.8	2.72562278092917	correct	1	1
0	43449.894	43451.105	43449894 43451105	-4.8	2.72562278092917	correct	1	3
0	43451.457	43455.122	43451457 43455122	-4.8	2.72562278092917	correct	1	5
0	43448.817	43449.759	43448817 43449759	-4.8	3.75283511716953	correct	1	1
0	43449.894	43451.105	43449894 43451105	-4.8	3.75283511716953	correct	1	3
0	43451.457	43455.122	43451457 43455122	-4.8	3.75283511716953	correct	1	5
0	43448.817	43449.759	43448817 43449759	-4.8	5.25202555736225	correct	1	1
0	43449.894	43451.105	43449894 43451105	-4.8	5.25202555736225	correct	1	3
0	43451.457	43455.122	43451457 43455122	-4.8	5.25202555736225	correct	1	5
0	43448.817	43449.759	43448817 43449759	-4.8	Inf	correct	1	1
0	43449.894	43451.105	43449894 43451105	-4.8	Inf	correct	1	3
0	43451.457	43455.122	43451457 43455122	-4.8	Inf	correct	1	5
1	43448.817	43449.759	43448817 43449759	-4.6	-Inf	false positive	1	2
1	43449.894	43451.105	43449894 43451105	-4.6	-Inf	false positive	1	4
1	43451.457	43455.122	43451457 43455122	-4.6	-Inf	false positive	1	6
1	43448.817	43449.759	43448817 43449759	-4.6	-3.5987564321254	false positive	1	2
0	43449.894	43451.105	43449894 43451105	-4.6	-3.5987564321254	correct	1	3
0	43451.457	43455.122	43451457 43455122	-4.6	-3.5987564321254	correct	1	5
1	43448.817	43449.759	43448817 43449759	-4.6	-2.87110214393305	false positive	1	2
0	43449.894	43451.105	43449894 43451105	-4.6	-2.87110214393305	correct	1	3
0	43451.457	43455.122	43451457 43455122	-4.6	-2.87110214393305	correct	1	5
1	43448.817	43449.759	43448817 43449759	-4.6	-2.524465240576	false positive	1	2
0	43449.894	43451.105	43449894 43451105	-4.6	-2.524465240576	correct	1	3
0	43451.457	43455.122	43451457 43455122	-4.6	-2.524465240576	correct	1	5
1	43448.817	43449.759	43448817 43449759	-4.6	-1.7250450381836	false positive	1	2
0	43449.894	43451.105	43449894 43451105	-4.6	-1.7250450381836	correct	1	3
0	43451.457	43455.122	43451457 43455122	-4.6	-1.7250450381836	correct	1	5
0	43448.817	43449.759	43448817 43449759	-4.6	-0.212657524285237	correct	1	1
0	43449.894	43451.105	43449894 43451105	-4.6	-0.212657524285237	correct	1	3
0	43451.457	43455.122	43451457 43455122	-4.6	-0.212657524285237	correct	1	5
0	43448.817	43449.759	43448817 43449759	-4.6	1.01295894632013	correct	1	1
0	43449.894	43451.105	43449894 43451105	-4.6	1.01295894632013	correct	1	3
0	43451.457	43455.122	43451457 43455122	-4.6	1.01295894632013	correct	1	5
0	43448.817	43449.759	43448817 43449759	-4.6	1.51885391825865	correct	1	1
0	43449.894	43451.105	43449894 43451105	-4.6	1.51885391825865	correct	1	3
0	43451.457	43455.122	43451457 43455122	-4.6	1.51885391825865	correct	1	5
0	43448.817	43449.759	43448817 43449759	-4.6	1.86523715330971	correct	1	1
0	43449.894	43451.105	43449894 43451105	-4.6	1.86523715330971	correct	1	3
0	43451.457	43455.122	43451457 43455122	-4.6	1.86523715330971	correct	1	5
0	43448.817	43449.759	43448817 43449759	-4.6	2.52562278092917	correct	1	1
0	43449.894	43451.105	43449894 43451105	-4.6	2.52562278092917	correct	1	3
0	43451.457	43455.122	43451457 43455122	-4.6	2.52562278092917	correct	1	5
0	43448.817	43449.759	43448817 43449759	-4.6	3.55283511716953	correct	1	1
0	43449.894	43451.105	43449894 43451105	-4.6	3.55283511716953	correct	1	3
0	43451.457	43455.122	43451457 43455122	-4.6	3.55283511716953	correct	1	5
0	43448.817	43449.759	43448817 43449759	-4.6	5.05202555736225	correct	1	1
0	43449.894	43451.105	43449894 43451105	-4.6	5.05202555736225	correct	1	3
0	43451.457	43455.122	43451457 43455122	-4.6	5.05202555736225	correct	1	5
0	43448.817	43449.759	43448817 43449759	-4.6	Inf	correct	1	1
0	43449.894	43451.105	43449894 43451105	-4.6	Inf	correct	1	3
0	43451.457	43455.122	43451457 43455122	-4.6	Inf	correct	1	5
1	43448.817	43449.759	43448817 43449759	-4.4	-Inf	false positive	1	2
1	43449.894	43451.105	43449894 43451105	-4.4	-Inf	false positive	1	4
1	43451.457	43455.122	43451457 43455122	-4.4	-Inf	false positive	1	6
1	43448.817	43449.759	43448817 43449759	-4.4	-3.5987564321254	false positive	1	2
0	43449.894	43451.105	43449894 43451105	-4.4	-3.5987564321254	correct	1	3
0	43451.457	43455.122	43451457 43455122	-4.4	-3.5987564321254	correct	1	5
1	43448.817	43449.759	43448817 43449759	-4.4	-2.87110214393305	false positive	1	2
0	43449.894	43451.105	43449894 43451105	-4.4	-2.87110214393305	correct	1	3
0	43451.457	43455.122	43451457 43455122	-4.4	-2.87110214393305	correct	1	5
1	43448.817	43449.759	43448817 43449759	-4.4	-2.524465240576	false positive	1	2
0	43449.894	43451.105	43449894 43451105	-4.4	-2.524465240576	correct	1	3
0	43451.457	43455.122	43451457 43455122	-4.4	-2.524465240576	correct	1	5
1	43448.817	43449.759	43448817 43449759	-4.4	-1.7250450381836	false positive	1	2
0	43449.894	43451.105	43449894 43451105	-4.4	-1.7250450381836	correct	1	3
0	43451.457	43455.122	43451457 43455122	-4.4	-1.7250450381836	correct	1	5
0	43448.817	43449.759	43448817 43449759	-4.4	-0.312657524285237	correct	1	1
0	43449.894	43451.105	43449894 43451105	-4.4	-0.312657524285237	correct	1	3
0	43451.457	43455.122	43451457 43455122	-4.4	-0.312657524285237	correct	1	5
0	43448.817	43449.759	43448817 43449759	-4.4	0.812958946320131	correct	1	1
0	43449.894	43451.105	43449894 43451105	-4.4	0.812958946320131	correct	1	3
0	43451.457	43455.122	43451457 43455122	-4.4	0.812958946320131	correct	1	5
0	43448.817	43449.759	43448817 43449759	-4.4	1.41885391825865	correct	1	1
0	43449.894	43451.105	43449894 43451105	-4.4	1.41885391825865	correct	1	3
0	43451.457	43455.122	43451457 43455122	-4.4	1.41885391825865	correct	1	5
0	43448.817	43449.759	43448817 43449759	-4.4	1.76523715330971	correct	1	1
0	43449.894	43451.105	43449894 43451105	-4.4	1.76523715330971	correct	1	3
0	43451.457	43455.122	43451457 43455122	-4.4	1.76523715330971	correct	1	5
0	43448.817	43449.759	43448817 43449759	-4.4	2.32562278092917	correct	1	1
0	43449.894	43451.105	43449894 43451105	-4.4	2.32562278092917	correct	1	3
0	43451.457	43455.122	43451457 43455122	-4.4	2.32562278092917	correct	1	5
0	43448.817	43449.759	43448817 43449759	-4.4	3.35283511716953	correct	1	1
0	43449.894	43451.105	43449894 43451105	-4.4	3.35283511716953	correct	1	3
0	43451.457	43455.122	43451457 43455122	-4.4	3.35283511716953	correct	1	5
0	43448.817	43449.759	43448817 43449759	-4.4	4.85202555736225	correct	1	1
0	43449.894	43451.105	43449894 43451105	-4.4	4.85202555736225	correct	1	3
0	43451.457	43455.122	43451457 43455122	-4.4	4.85202555736225	correct	1	5
0	43448.817	43449.759	43448817 43449759	-4.4	Inf	correct	1	1
0	43449.894	43451.105	43449894 43451105	-4.4	Inf	correct	1	3
0	43451.457	43455.122	43451457 43455122	-4.4	Inf	correct	1	5
1	43448.817	43449.759	43448817 43449759	-4.2	-Inf	false positive	1	2
1	43449.894	43451.105	43449894 43451105	-4.2	-Inf	false positive	1	4
1	43451.457	43455.122	43451457 43455122	-4.2	-Inf	false positive	1	6
1	43448.817	43449.759	43448817 43449759	-4.2	-3.5987564321254	false positive	1	2
0	43449.894	43451.105	43449894 43451105	-4.2	-3.5987564321254	correct	1	3
0	43451.457	43455.122	43451457 43455122	-4.2	-3.5987564321254	correct	1	5
1	43448.817	43449.759	43448817 43449759	-4.2	-2.87110214393305	false positive	1	2
0	43449.894	43451.105	43449894 43451105	-4.2	-2.87110214393305	correct	1	3
0	43451.457	43455.122	43451457 43455122	-4.2	-2.87110214393305	correct	1	5
1	43448.817	43449.759	43448817 43449759	-4.2	-2.524465240576	false positive	1	2
0	43449.894	43451.105	43449894 43451105	-4.2	-2.524465240576	correct	1	3
0	43451.457	43455.122	43451457 43455122	-4.2	-2.524465240576	correct	1	5
1	43448.817	43449.759	43448817 43449759	-4.2	-1.7250450381836	false positive	1	2
0	43449.894	43451.105	43449894 43451105	-4.2	-1.7250450381836	correct	1	3
0	43451.457	43455.122	43451457 43455122	-4.2	-1.7250450381836	correct	1	5
0	43448.817	43449.759	43448817 43449759	-4.2	-0.412657524285237	correct	1	1
0	43449.894	43451.105	43449894 43451105	-4.2	-0.412657524285237	correct	1	3
0	43451.457	43455.122	43451457 43455122	-4.2	-0.412657524285237	correct	1	5
0	43448.817	43449.759	43448817 43449759	-4.2	0.612958946320131	correct	1	1
0	43449.894	43451.105	43449894 43451105	-4.2	0.612958946320131	correct	1	3
0	43451.457	43455.122	43451457 43455122	-4.2	0.612958946320131	correct	1	5
0	43448.817	43449.759	43448817 43449759	-4.2	1.31885391825865	correct	1	1
0	43449.894	43451.105	43449894 43451105	-4.2	1.31885391825865	correct	1	3
0	43451.457	43455.122	43451457 43455122	-4.2	1.31885391825865	correct	1	5
0	43448.817	43449.759	43448817 43449759	-4.2	1.66523715330971	correct	1	1
0	43449.894	43451.105	43449894 43451105	-4.2	1.66523715330971	correct	1	3
0	43451.457	43455.122	43451457 43455122	-4.2	1.66523715330971	correct	1	5
0	43448.817	43449.759	43448817 43449759	-4.2	2.12562278092917	correct	1	1
0	43449.894	43451.105	43449894 43451105	-4.2	2.12562278092917	correct	1	3
0	43451.457	43455.122	43451457 43455122	-4.2	2.12562278092917	correct	1	5
0	43448.817	43449.759	43448817 43449759	-4.2	3.15283511716953	correct	1	1
0	43449.894	43451.105	43449894 43451105	-4.2	3.15283511716953	correct	1	3
0	43451.457	43455.122	43451457 43455122	-4.2	3.15283511716953	correct	1	5
0	43448.817	43449.759	43448817 43449759	-4.2	4.65202555736225	correct	1	1
0	43449.894	43451.105	43449894 43451105	-4.2	4.65202555736225	correct	1	3
0	43451.457	43455.122	43451457 43455122	-4.2	4.65202555736225	correct	1	5
0	43448.817	43449.759	43448817 43449759	-4.2	Inf	correct	1	1
0	43449.894	43451.105	43449894 43451105	-4.2	Inf	correct	1	3
0	43451.457	43455.122	43451457 43455122	-4.2	Inf	correct	1	5
1	43448.817	43449.759	43448817 43449759	-4	-Inf	false positive	1	2
1	43449.894	43451.105	43449894 43451105	-4	-Inf	false positive	1	4
1	43451.457	43455.122	43451457 43455122	-4	-Inf	false positive	1	6
1	43448.817	43449.759	43448817 43449759	-4	-3.5987564321254	false positive	1	2
0	43449.894	43451.105	43449894 43451105	-4	-3.5987564321254	correct	1	3
0	43451.457	43455.122	43451457 43455122	-4	-3.5987564321254	correct	1	5
1	43448.817	43449.759	43448817 43449759	-4	-2.87110214393305	false positive	1	2
0	43449.894	43451.105	43449894 43451105	-4	-2.87110214393305	correct	1	3
0	43451.457	43455.122	43451457 43455122	-4	-2.87110214393305	correct	1	5
1	43448.817	43449.759	43448817 43449759	-4	-2.524465240576	false positive	1	2
0	43449.894	43451.105	43449894 43451105	-4	-2.524465240576	correct	1	3
0	43451.457	43455.122	43451457 43455122	-4	-2.524465240576	correct	1	5
1	43448.817	43449.759	43448817 43449759	-4	-1.7250450381836	false positive	1	2
0	43449.894	43451.105	43449894 43451105	-4	-1.7250450381836	correct	1	3
0	43451.457	43455.122	43451457 43455122	-4	-1.7250450381836	correct	1	5
0	43448.817	43449.759	43448817 43449759	-4	-0.512657524285237	correct	1	1
0	43449.894	43451.105	43449894 43451105	-4	-0.512657524285237	correct	1	3
0	43451.457	43455.122	43451457 43455122	-4	-0.512657524285237	correct	1	5
0	43448.817	43449.759	43448817 43449759	-4	0.412958946320131	correct	1	1
0	43449.894	43451.105	43449894 43451105	-4	0.412958946320131	correct	1	3
0	43451.457	43455.122	43451457 43455122	-4	0.412958946320131	correct	1	5
0	43448.817	43449.759	43448817 43449759	-4	1.20830916989523	correct	1	1
0	43449.894	43451.105	43449894 43451105	-4	1.20830916989523	correct	1	3
0	43451.457	43455.122	43451457 43455122	-4	1.20830916989523	correct	1	5
0	43448.817	43449.759	43448817 43449759	-4	1.56523715330971	correct	1	1
0	43449.894	43451.105	43449894 43451105	-4	1.56523715330971	correct	1	3
0	43451.457	43455.122	43451457 43455122	-4	1.56523715330971	correct	1	5
0	43448.817	43449.759	43448817 43449759	-4	1.9361675292926	correct	1	1
0	43449.894	43451.105	43449894 43451105	-4	1.9361675292926	correct	1	3
0	43451.457	43455.122	43451457 43455122	-4	1.9361675292926	correct	1	5
0	43448.817	43449.759	43448817 43449759	-4	2.95283511716953	correct	1	1
0	43449.894	43451.105	43449894 43451105	-4	2.95283511716953	correct	1	3
0	43451.457	43455.122	43451457 43455122	-4	2.95283511716953	correct	1	5
0	43448.817	43449.759	43448817 43449759	-4	4.45202555736225	correct	1	1
0	43449.894	43451.105	43449894 43451105	-4	4.45202555736225	correct	1	3
0	43451.457	43455.122	43451457 43455122	-4	4.45202555736225	correct	1	5
0	43448.817	43449.759	43448817 43449759	-4	Inf	correct	1	1
0	43449.894	43451.105	43449894 43451105	-4	Inf	correct	1	3
0	43451.457	43455.122	43451457 43455122	-4	Inf	correct	1	5
1	43448.817	43449.759	43448817 43449759	-3.8	-Inf	false positive	1	2
1	43449.894	43451.105	43449894 43451105	-3.8	-Inf	false positive	1	4
1	43451.457	43455.122	43451457 43455122	-3.8	-Inf	false positive	1	6
1	43448.817	43449.759	43448817 43449759	-3.8	-3.5987564321254	false positive	1	2
0	43449.894	43451.105	43449894 43451105	-3.8	-3.5987564321254	correct	1	3
0	43451.457	43455.122	43451457 43455122	-3.8	-3.5987564321254	correct	1	5
1	43448.817	43449.759	43448817 43449759	-3.8	-2.87110214393305	false positive	1	2
0	43449.894	43451.105	43449894 43451105	-3.8	-2.87110214393305	correct	1	3
0	43451.457	43455.122	43451457 43455122	-3.8	-2.87110214393305	correct	1	5
1	43448.817	43449.759	43448817 43449759	-3.8	-2.524465240576	false positive	1	2
0	43449.894	43451.105	43449894 43451105	-3.8	-2.524465240576	correct	1	3
0	43451.457	43455.122	43451457 43455122	-3.8	-2.524465240576	correct	1	5
1	43448.817	43449.759	43448817 43449759	-3.8	-1.7250450381836	false positive	1	2
0	43449.894	43451.105	43449894 43451105	-3.8	-1.7250450381836	correct	1	3
0	43451.457	43455.122	43451457 43455122	-3.8	-1.7250450381836	correct	1	5
0	43448.817	43449.759	43448817 43449759	-3.8	-0.612657524285237	correct	1	1
0	43449.894	43451.105	43449894 43451105	-3.8	-0.612657524285237	correct	1	3
0	43451.457	43455.122	43451457 43455122	-3.8	-0.612657524285237	correct	1	5
0	43448.817	43449.759	43448817 43449759	-3.8	0.212958946320131	correct	1	1
0	43449.894	43451.105	43449894 43451105	-3.8	0.212958946320131	correct	1	3
0	43451.457	43455.122	43451457 43455122	-3.8	0.212958946320131	correct	1	5
0	43448.817	43449.759	43448817 43449759	-3.8	1.00830916989523	correct	1	1
0	43449.894	43451.105	43449894 43451105	-3.8	1.00830916989523	correct	1	3
0	43451.457	43455.122	43451457 43455122	-3.8	1.00830916989523	correct	1	5
0	43448.817	43449.759	43448817 43449759	-3.8	1.46523715330971	correct	1	1
0	43449.894	43451.105	43449894 43451105	-3.8	1.46523715330971	correct	1	3
0	43451.457	43455.122	43451457 43455122	-3.8	1.46523715330971	correct	1	5
0	43448.817	43449.759	43448817 43449759	-3.8	1.8361675292926	correct	1	1
0	43449.894	43451.105	43449894 43451105	-3.8	1.8361675292926	correct	1	3
0	43451.457	43455.122	43451457 43455122	-3.8	1.8361675292926	correct	1	5
0	43448.817	43449.759	43448817 43449759	-3.8	2.75283511716953	correct	1	1
0	43449.894	43451.105	43449894 43451105	-3.8	2.75283511716953	correct	1	3
0	43451.457	43455.122	43451457 43455122	-3.8	2.75283511716953	correct	1	5
0	43448.817	43449.759	43448817 43449759	-3.8	4.25202555736225	correct	1	1
0	43449.894	43451.105	43449894 43451105	-3.8	4.25202555736225	correct	1	3
0	43451.457	43455.122	43451457 43455122	-3.8	4.25202555736225	correct	1	5
0	43448.817	43449.759	43448817 43449759	-3.8	Inf	correct	1	1
0	43449.894	43451.105	43449894 43451105	-3.8	Inf	correct	1	3
0	43451.457	43455.122	43451457 43455122	-3.8	Inf	correct	1	5
1	43448.817	43449.759	43448817 43449759	-3.6	-Inf	false positive	1	2
1	43449.894	43451.105	43449894 43451105	-3.6	-Inf	false positive	1	4
1	43451.457	43455.122	43451457 43455122	-3.6	-Inf	false positive	1	6
1	43448.817	43449.759	43448817 43449759	-3.6	-3.5987564321254	false positive	1	2
0	43449.894	43451.105	43449894 43451105	-3.6	-3.5987564321254	correct	1	3
0	43451.457	43455.122	43451457 43455122	-3.6	-3.5987564321254	correct	1	5
1	43448.817	43449.759	43448817 43449759	-3.6	-2.87110214393305	false positive	1	2
0	43449.894	43451.105	43449894 43451105	-3.6	-2.87110214393305	correct	1	3
0	43451.457	43455.122	43451457 43455122	-3.6	-2.87110214393305	correct	1	5
1	43448.817	43449.759	43448817 43449759	-3.6	-2.524465240576	false positive	1	2
0	43449.894	43451.105	43449894 43451105	-3.6	-2.524465240576	correct	1	3
0	43451.457	43455.122	43451457 43455122	-3.6	-2.524465240576	correct	1	5
1	43448.817	43449.759	43448817 43449759	-3.6	-1.7250450381836	false positive	1	2
0	43449.894	43451.105	43449894 43451105	-3.6	-1.7250450381836	correct	1	3
0	43451.457	43455.122	43451457 43455122	-3.6	-1.7250450381836	correct	1	5
0	43448.817	43449.759	43448817 43449759	-3.6	-0.712657524285237	correct	1	1
0	43449.894	43451.105	43449894 43451105	-3.6	-0.712657524285237	correct	1	3
0	43451.457	43455.122	43451457 43455122	-3.6	-0.712657524285237	correct	1	5
0	43448.817	43449.759	43448817 43449759	-3.6	0.0129589463201305	correct	1	1
0	43449.894	43451.105	43449894 43451105	-3.6	0.0129589463201305	correct	1	3
0	43451.457	43455.122	43451457 43455122	-3.6	0.0129589463201305	correct	1	5
0	43448.817	43449.759	43448817 43449759	-3.6	0.808309169895229	correct	1	1
0	43449.894	43451.105	43449894 43451105	-3.6	0.808309169895229	correct	1	3
0	43451.457	43455.122	43451457 43455122	-3.6	0.808309169895229	correct	1	5
0	43448.817	43449.759	43448817 43449759	-3.6	1.36523715330971	correct	1	1
0	43449.894	43451.105	43449894 43451105	-3.6	1.36523715330971	correct	1	3
0	43451.457	43455.122	43451457 43455122	-3.6	1.36523715330971	correct	1	5
0	43448.817	43449.759	43448817 43449759	-3.6	1.7361675292926	correct	1	1
0	43449.894	43451.105	43449894 43451105	-3.6	1.7361675292926	correct	1	3
0	43451.457	43455.122	43451457 43455122	-3.6	1.7361675292926	correct	1	5
0	43448.817	43449.759	43448817 43449759	-3.6	2.55283511716953	correct	1	1
0	43449.894	43451.105	43449894 43451105	-3.6	2.55283511716953	correct	1	3
0	43451.457	43455.122	43451457 43455122	-3.6	2.55283511716953	correct	1	5
0	43448.817	43449.759	43448817 43449759	-3.6	4.05202555736225	correct	1	1
0	43449.894	43451.105	43449894 43451105	-3.6	4.05202555736225	correct	1	3
0	43451.457	43455.122	43451457 43455122	-3.6	4.05202555736225	correct	1	5
0	43448.817	43449.759	43448817 43449759	-3.6	Inf	correct	1	1
0	43449.894	43451.105	43449894 43451105	-3.6	Inf	correct	1	3
0	43451.457	43455.122	43451457 43455122	-3.6	Inf	correct	1	5
1	43448.817	43449.759	43448817 43449759	-3.4	-Inf	false positive	1	2
1	43449.894	43451.105	43449894 43451105	-3.4	-Inf	false positive	1	4
1	43451.457	43455.122	43451457 43455122	-3.4	-Inf	false positive	1	6
1	43448.817	43449.759	43448817 43449759	-3.4	-3.5987564321254	false positive	1	2
0	43449.894	43451.105	43449894 43451105	-3.4	-3.5987564321254	correct	1	3
0	43451.457	43455.122	43451457 43455122	-3.4	-3.5987564321254	correct	1	5
1	43448.817	43449.759	43448817 43449759	-3.4	-2.87110214393305	false positive	1	2
0	43449.894	43451.105	43449894 43451105	-3.4	-2.87110214393305	correct	1	3
0	43451.457	43455.122	43451457 43455122	-3.4	-2.87110214393305	correct	1	5
1	43448.817	43449.759	43448817 43449759	-3.4	-2.524465240576	false positive	1	2
0	43449.894	43451.105	43449894 43451105	-3.4	-2.524465240576	correct	1	3
0	43451.457	43455.122	43451457 43455122	-3.4	-2.524465240576	correct	1	5
1	43448.817	43449.759	43448817 43449759	-3.4	-1.7250450381836	false positive	1	2
0	43449.894	43451.105	43449894 43451105	-3.4	-1.7250450381836	correct	1	3
0	43451.457	43455.122	43451457 43455122	-3.4	-1.7250450381836	correct	1	5
0	43448.817	43449.759	43448817 43449759	-3.4	-0.812657524285237	correct	1	1
0	43449.894	43451.105	43449894 43451105	-3.4	-0.812657524285237	correct	1	3
0	43451.457	43455.122	43451457 43455122	-3.4	-0.812657524285237	correct	1	5
0	43448.817	43449.759	43448817 43449759	-3.4	-0.187041053679869	correct	1	1
0	43449.894	43451.105	43449894 43451105	-3.4	-0.187041053679869	correct	1	3
0	43451.457	43455.122	43451457 43455122	-3.4	-0.187041053679869	correct	1	5
0	43448.817	43449.759	43448817 43449759	-3.4	0.60830916989523	correct	1	1
0	43449.894	43451.105	43449894 43451105	-3.4	0.60830916989523	correct	1	3
0	43451.457	43455.122	43451457 43455122	-3.4	0.60830916989523	correct	1	5
0	43448.817	43449.759	43448817 43449759	-3.4	1.26523715330971	correct	1	1
0	43449.894	43451.105	43449894 43451105	-3.4	1.26523715330971	correct	1	3
0	43451.457	43455.122	43451457 43455122	-3.4	1.26523715330971	correct	1	5
0	43448.817	43449.759	43448817 43449759	-3.4	1.6361675292926	correct	1	1
0	43449.894	43451.105	43449894 43451105	-3.4	1.6361675292926	correct	1	3
0	43451.457	43455.122	43451457 43455122	-3.4	1.6361675292926	correct	1	5
0	43448.817	43449.759	43448817 43449759	-3.4	2.35283511716953	correct	1	1
0	43449.894	43451.105	43449894 43451105	-3.4	2.35283511716953	correct	1	3
0	43451.457	43455.122	43451457 43455122	-3.4	2.35283511716953	correct	1	5
0	43448.817	43449.759	43448817 43449759	-3.4	3.85202555736225	correct	1	1
0	43449.894	43451.105	43449894 43451105	-3.4	3.85202555736225	correct	1	3
0	43451.457	43455.122	43451457 43455122	-3.4	3.85202555736225	correct	1	5
0	43448.817	43449.759	43448817 43449759	-3.4	Inf	correct	1	1
0	43449.894	43451.105	43449894 43451105	-3.4	Inf	correct	1	3
0	43451.457	43455.122	43451457 43455122	-3.4	Inf	correct	1	5
1	43448.817	43449.759	43448817 43449759	-3.2	-Inf	false positive	1	2
1	43449.894	43451.105	43449894 43451105	-3.2	-Inf	false positive	1	4
1	43451.457	43455.122	43451457 43455122	-3.2	-Inf	false positive	1	6
1	43448.817	43449.759	43448817 43449759	-3.2	-3.5987564321254	false positive	1	2
0	43449.894	43451.105	43449894 43451105	-3.2	-3.5987564321254	correct	1	3
0	43451.457	43455.122	43451457 43455122	-3.2	-3.5987564321254	correct	1	5
1	43448.817	43449.759	43448817 43449759	-3.2	-2.87110214393305	false positive	1	2
0	43449.894	43451.105	43449894 43451105	-3.2	-2.87110214393305	correct	1	3
0	43451.457	43455.122	43451457 43455122	-3.2	-2.87110214393305	correct	1	5
1	43448.817	43449.759	43448817 43449759	-3.2	-2.524465240576	false positive	1	2
0	43449.894	43451.105	43449894 43451105	-3.2	-2.524465240576	correct	1	3
0	43451.457	43455.122	43451457 43455122	-3.2	-2.524465240576	correct	1	5
1	43448.817	43449.759	43448817 43449759	-3.2	-1.7250450381836	false positive	1	2
0	43449.894	43451.105	43449894 43451105	-3.2	-1.7250450381836	correct	1	3
0	43451.457	43455.122	43451457 43455122	-3.2	-1.7250450381836	correct	1	5
0	43448.817	43449.759	43448817 43449759	-3.2	-0.912657524285237	correct	1	1
0	43449.894	43451.105	43449894 43451105	-3.2	-0.912657524285237	correct	1	3
0	43451.457	43455.122	43451457 43455122	-3.2	-0.912657524285237	correct	1	5
0	43448.817	43449.759	43448817 43449759	-3.2	-0.387041053679869	correct	1	1
0	43449.894	43451.105	43449894 43451105	-3.2	-0.387041053679869	correct	1	3
0	43451.457	43455.122	43451457 43455122	-3.2	-0.387041053679869	correct	1	5
0	43448.817	43449.759	43448817 43449759	-3.2	0.408309169895229	correct	1	1
0	43449.894	43451.105	43449894 43451105	-3.2	0.408309169895229	correct	1	3
0	43451.457	43455.122	43451457 43455122	-3.2	0.408309169895229	correct	1	5
0	43448.817	43449.759	43448817 43449759	-3.2	1.12562278092917	correct	1	1
0	43449.894	43451.105	43449894 43451105	-3.2	1.12562278092917	correct	1	3
0	43451.457	43455.122	43451457 43455122	-3.2	1.12562278092917	correct	1	5
0	43448.817	43449.759	43448817 43449759	-3.2	1.5361675292926	correct	1	1
0	43449.894	43451.105	43449894 43451105	-3.2	1.5361675292926	correct	1	3
0	43451.457	43455.122	43451457 43455122	-3.2	1.5361675292926	correct	1	5
0	43448.817	43449.759	43448817 43449759	-3.2	2.19244948955007	correct	1	1
0	43449.894	43451.105	43449894 43451105	-3.2	2.19244948955007	correct	1	3
0	43451.457	43455.122	43451457 43455122	-3.2	2.19244948955007	correct	1	5
0	43448.817	43449.759	43448817 43449759	-3.2	3.65202555736225	correct	1	1
0	43449.894	43451.105	43449894 43451105	-3.2	3.65202555736225	correct	1	3
0	43451.457	43455.122	43451457 43455122	-3.2	3.65202555736225	correct	1	5
0	43448.817	43449.759	43448817 43449759	-3.2	Inf	correct	1	1
0	43449.894	43451.105	43449894 43451105	-3.2	Inf	correct	1	3
0	43451.457	43455.122	43451457 43455122	-3.2	Inf	correct	1	5
1	43448.817	43449.759	43448817 43449759	-3	-Inf	false positive	1	2
1	43449.894	43451.105	43449894 43451105	-3	-Inf	false positive	1	4
1	43451.457	43455.122	43451457 43455122	-3	-Inf	false positive	1	6
1	43448.817	43449.759	43448817 43449759	-3	-3.5987564321254	false positive	1	2
0	43449.894	43451.105	43449894 43451105	-3	-3.5987564321254	correct	1	3
0	43451.457	43455.122	43451457 43455122	-3	-3.5987564321254	correct	1	5
1	43448.817	43449.759	43448817 43449759	-3	-2.87110214393305	false positive	1	2
0	43449.894	43451.105	43449894 43451105	-3	-2.87110214393305	correct	1	3
0	43451.457	43455.122	43451457 43455122	-3	-2.87110214393305	correct	1	5
1	43448.817	43449.759	43448817 43449759	-3	-2.524465240576	false positive	1	2
0	43449.894	43451.105	43449894 43451105	-3	-2.524465240576	correct	1	3
0	43451.457	43455.122	43451457 43455122	-3	-2.524465240576	correct	1	5
1	43448.817	43449.759	43448817 43449759	-3	-1.74839555610227	false positive	1	2
0	43449.894	43451.105	43449894 43451105	-3	-1.74839555610227	correct	1	3
0	43451.457	43455.122	43451457 43455122	-3	-1.74839555610227	correct	1	5
1	43448.817	43449.759	43448817 43449759	-3	-1.01265752428524	false positive	1	2
0	43449.894	43451.105	43449894 43451105	-3	-1.01265752428524	correct	1	3
0	43451.457	43455.122	43451457 43455122	-3	-1.01265752428524	correct	1	5
0	43448.817	43449.759	43448817 43449759	-3	-0.563690535761193	correct	1	1
0	43449.894	43451.105	43449894 43451105	-3	-0.563690535761193	correct	1	3
0	43451.457	43455.122	43451457 43455122	-3	-0.563690535761193	correct	1	5
0	43448.817	43449.759	43448817 43449759	-3	0.208309169895229	correct	1	1
0	43449.894	43451.105	43449894 43451105	-3	0.208309169895229	correct	1	3
0	43451.457	43455.122	43451457 43455122	-3	0.208309169895229	correct	1	5
0	43448.817	43449.759	43448817 43449759	-3	0.925622780929171	correct	1	1
0	43449.894	43451.105	43449894 43451105	-3	0.925622780929171	correct	1	3
0	43451.457	43455.122	43451457 43455122	-3	0.925622780929171	correct	1	5
0	43448.817	43449.759	43448817 43449759	-3	1.4361675292926	correct	1	1
0	43449.894	43451.105	43449894 43451105	-3	1.4361675292926	correct	1	3
0	43451.457	43455.122	43451457 43455122	-3	1.4361675292926	correct	1	5
0	43448.817	43449.759	43448817 43449759	-3	2.09244948955007	correct	1	1
0	43449.894	43451.105	43449894 43451105	-3	2.09244948955007	correct	1	3
0	43451.457	43455.122	43451457 43455122	-3	2.09244948955007	correct	1	5
0	43448.817	43449.759	43448817 43449759	-3	3.45202555736225	correct	1	1
0	43449.894	43451.105	43449894 43451105	-3	3.45202555736225	correct	1	3
0	43451.457	43455.122	43451457 43455122	-3	3.45202555736225	correct	1	5
0	43448.817	43449.759	43448817 43449759	-3	Inf	correct	1	1
0	43449.894	43451.105	43449894 43451105	-3	Inf	correct	1	3
0	43451.457	43455.122	43451457 43455122	-3	Inf	correct	1	5
1	43448.817	43449.759	43448817 43449759	-2.8	-Inf	false positive	1	2
1	43449.894	43451.105	43449894 43451105	-2.8	-Inf	false positive	1	4
1	43451.457	43455.122	43451457 43455122	-2.8	-Inf	false positive	1	6
1	43448.817	43449.759	43448817 43449759	-2.8	-3.5987564321254	false positive	1	2
0	43449.894	43451.105	43449894 43451105	-2.8	-3.5987564321254	correct	1	3
0	43451.457	43455.122	43451457 43455122	-2.8	-3.5987564321254	correct	1	5
1	43448.817	43449.759	43448817 43449759	-2.8	-2.87110214393305	false positive	1	2
0	43449.894	43451.105	43449894 43451105	-2.8	-2.87110214393305	correct	1	3
0	43451.457	43455.122	43451457 43455122	-2.8	-2.87110214393305	correct	1	5
1	43448.817	43449.759	43448817 43449759	-2.8	-2.524465240576	false positive	1	2
0	43449.894	43451.105	43449894 43451105	-2.8	-2.524465240576	correct	1	3
0	43451.457	43455.122	43451457 43455122	-2.8	-2.524465240576	correct	1	5
1	43448.817	43449.759	43448817 43449759	-2.8	-1.84839555610227	false positive	1	2
0	43449.894	43451.105	43449894 43451105	-2.8	-1.84839555610227	correct	1	3
0	43451.457	43455.122	43451457 43455122	-2.8	-1.84839555610227	correct	1	5
1	43448.817	43449.759	43448817 43449759	-2.8	-1.11265752428524	false positive	1	2
0	43449.894	43451.105	43449894 43451105	-2.8	-1.11265752428524	correct	1	3
0	43451.457	43455.122	43451457 43455122	-2.8	-1.11265752428524	correct	1	5
0	43448.817	43449.759	43448817 43449759	-2.8	-0.663690535761193	correct	1	1
0	43449.894	43451.105	43449894 43451105	-2.8	-0.663690535761193	correct	1	3
0	43451.457	43455.122	43451457 43455122	-2.8	-0.663690535761193	correct	1	5
0	43448.817	43449.759	43448817 43449759	-2.8	0.00830916989522912	correct	1	1
0	43449.894	43451.105	43449894 43451105	-2.8	0.00830916989522912	correct	1	3
0	43451.457	43455.122	43451457 43455122	-2.8	0.00830916989522912	correct	1	5
0	43448.817	43449.759	43448817 43449759	-2.8	0.725622780929171	correct	1	1
0	43449.894	43451.105	43449894 43451105	-2.8	0.725622780929171	correct	1	3
0	43451.457	43455.122	43451457 43455122	-2.8	0.725622780929171	correct	1	5
0	43448.817	43449.759	43448817 43449759	-2.8	1.3361675292926	correct	1	1
0	43449.894	43451.105	43449894 43451105	-2.8	1.3361675292926	correct	1	3
0	43451.457	43455.122	43451457 43455122	-2.8	1.3361675292926	correct	1	5
0	43448.817	43449.759	43448817 43449759	-2.8	1.99244948955007	correct	1	1
0	43449.894	43451.105	43449894 43451105	-2.8	1.99244948955007	correct	1	3
0	43451.457	43455.122	43451457 43455122	-2.8	1.99244948955007	correct	1	5
0	43448.817	43449.759	43448817 43449759	-2.8	3.25202555736225	correct	1	1
0	43449.894	43451.105	43449894 43451105	-2.8	3.25202555736225	correct	1	3
0	43451.457	43455.122	43451457 43455122	-2.8	3.25202555736225	correct	1	5
0	43448.817	43449.759	43448817 43449759	-2.8	Inf	correct	1	1
0	43449.894	43451.105	43449894 43451105	-2.8	Inf	correct	1	3
0	43451.457	43455.122	43451457 43455122	-2.8	Inf	correct	1	5
1	43448.817	43449.759	43448817 43449759	-2.6	-Inf	false positive	1	2
1	43449.894	43451.105	43449894 43451105	-2.6	-Inf	false positive	1	4
1	43451.457	43455.122	43451457 43455122	-2.6	-Inf	false positive	1	6
1	43448.817	43449.759	43448817 43449759	-2.6	-3.5987564321254	false positive	1	2
0	43449.894	43451.105	43449894 43451105	-2.6	-3.5987564321254	correct	1	3
0	43451.457	43455.122	43451457 43455122	-2.6	-3.5987564321254	correct	1	5
1	43448.817	43449.759	43448817 43449759	-2.6	-2.87110214393305	false positive	1	2
0	43449.894	43451.105	43449894 43451105	-2.6	-2.87110214393305	correct	1	3
0	43451.457	43455.122	43451457 43455122	-2.6	-2.87110214393305	correct	1	5
1	43448.817	43449.759	43448817 43449759	-2.6	-2.524465240576	false positive	1	2
0	43449.894	43451.105	43449894 43451105	-2.6	-2.524465240576	correct	1	3
0	43451.457	43455.122	43451457 43455122	-2.6	-2.524465240576	correct	1	5
1	43448.817	43449.759	43448817 43449759	-2.6	-1.94839555610227	false positive	1	2
0	43449.894	43451.105	43449894 43451105	-2.6	-1.94839555610227	correct	1	3
0	43451.457	43455.122	43451457 43455122	-2.6	-1.94839555610227	correct	1	5
1	43448.817	43449.759	43448817 43449759	-2.6	-1.21265752428524	false positive	1	2
0	43449.894	43451.105	43449894 43451105	-2.6	-1.21265752428524	correct	1	3
0	43451.457	43455.122	43451457 43455122	-2.6	-1.21265752428524	correct	1	5
0	43448.817	43449.759	43448817 43449759	-2.6	-0.763690535761193	correct	1	1
0	43449.894	43451.105	43449894 43451105	-2.6	-0.763690535761193	correct	1	3
0	43451.457	43455.122	43451457 43455122	-2.6	-0.763690535761193	correct	1	5
0	43448.817	43449.759	43448817 43449759	-2.6	-0.191690830104771	correct	1	1
0	43449.894	43451.105	43449894 43451105	-2.6	-0.191690830104771	correct	1	3
0	43451.457	43455.122	43451457 43455122	-2.6	-0.191690830104771	correct	1	5
0	43448.817	43449.759	43448817 43449759	-2.6	0.525622780929171	correct	1	1
0	43449.894	43451.105	43449894 43451105	-2.6	0.525622780929171	correct	1	3
0	43451.457	43455.122	43451457 43455122	-2.6	0.525622780929171	correct	1	5
0	43448.817	43449.759	43448817 43449759	-2.6	1.2361675292926	correct	1	1
0	43449.894	43451.105	43449894 43451105	-2.6	1.2361675292926	correct	1	3
0	43451.457	43455.122	43451457 43455122	-2.6	1.2361675292926	correct	1	5
0	43448.817	43449.759	43448817 43449759	-2.6	1.89244948955007	correct	1	1
0	43449.894	43451.105	43449894 43451105	-2.6	1.89244948955007	correct	1	3
0	43451.457	43455.122	43451457 43455122	-2.6	1.89244948955007	correct	1	5
0	43448.817	43449.759	43448817 43449759	-2.6	3.05202555736225	correct	1	1
0	43449.894	43451.105	43449894 43451105	-2.6	3.05202555736225	correct	1	3
0	43451.457	43455.122	43451457 43455122	-2.6	3.05202555736225	correct	1	5
0	43448.817	43449.759	43448817 43449759	-2.6	Inf	correct	1	1
0	43449.894	43451.105	43449894 43451105	-2.6	Inf	correct	1	3
0	43451.457	43455.122	43451457 43455122	-2.6	Inf	correct	1	5
1	43448.817	43449.759	43448817 43449759	-2.4	-Inf	false positive	1	2
1	43449.894	43451.105	43449894 43451105	-2.4	-Inf	false positive	1	4
1	43451.457	43455.122	43451457 43455122	-2.4	-Inf	false positive	1	6
1	43448.817	43449.759	43448817 43449759	-2.4	-3.5987564321254	false positive	1	2
0	43449.894	43451.105	43449894 43451105	-2.4	-3.5987564321254	correct	1	3
0	43451.457	43455.122	43451457 43455122	-2.4	-3.5987564321254	correct	1	5
1	43448.817	43449.759	43448817 43449759	-2.4	-2.87110214393305	false positive	1	2
0	43449.894	43451.105	43449894 43451105	-2.4	-2.87110214393305	correct	1	3
0	43451.457	43455.122	43451457 43455122	-2.4	-2.87110214393305	correct	1	5
1	43448.817	43449.759	43448817 43449759	-2.4	-2.524465240576	false positive	1	2
0	43449.894	43451.105	43449894 43451105	-2.4	-2.524465240576	correct	1	3
0	43451.457	43455.122	43451457 43455122	-2.4	-2.524465240576	correct	1	5
1	43448.817	43449.759	43448817 43449759	-2.4	-2.04839555610227	false positive	1	2
0	43449.894	43451.105	43449894 43451105	-2.4	-2.04839555610227	correct	1	3
0	43451.457	43455.122	43451457 43455122	-2.4	-2.04839555610227	correct	1	5
1	43448.817	43449.759	43448817 43449759	-2.4	-1.31265752428524	false positive	1	2
0	43449.894	43451.105	43449894 43451105	-2.4	-1.31265752428524	correct	1	3
0	43451.457	43455.122	43451457 43455122	-2.4	-1.31265752428524	correct	1	5
0	43448.817	43449.759	43448817 43449759	-2.4	-0.863690535761193	correct	1	1
0	43449.894	43451.105	43449894 43451105	-2.4	-0.863690535761193	correct	1	3
0	43451.457	43455.122	43451457 43455122	-2.4	-0.863690535761193	correct	1	5
0	43448.817	43449.759	43448817 43449759	-2.4	-0.39169083010477	correct	1	1
0	43449.894	43451.105	43449894 43451105	-2.4	-0.39169083010477	correct	1	3
0	43451.457	43455.122	43451457 43455122	-2.4	-0.39169083010477	correct	1	5
0	43448.817	43449.759	43448817 43449759	-2.4	0.325622780929171	correct	1	1
0	43449.894	43451.105	43449894 43451105	-2.4	0.325622780929171	correct	1	3
0	43451.457	43455.122	43451457 43455122	-2.4	0.325622780929171	correct	1	5
0	43448.817	43449.759	43448817 43449759	-2.4	1.1361675292926	correct	1	1
0	43449.894	43451.105	43449894 43451105	-2.4	1.1361675292926	correct	1	3
0	43451.457	43455.122	43451457 43455122	-2.4	1.1361675292926	correct	1	5
0	43448.817	43449.759	43448817 43449759	-2.4	1.79244948955007	correct	1	1
0	43449.894	43451.105	43449894 43451105	-2.4	1.79244948955007	correct	1	3
0	43451.457	43455.122	43451457 43455122	-2.4	1.79244948955007	correct	1	5
0	43448.817	43449.759	43448817 43449759	-2.4	2.85202555736225	correct	1	1
0	43449.894	43451.105	43449894 43451105	-2.4	2.85202555736225	correct	1	3
0	43451.457	43455.122	43451457 43455122	-2.4	2.85202555736225	correct	1	5
0	43448.817	43449.759	43448817 43449759	-2.4	Inf	correct	1	1
0	43449.894	43451.105	43449894 43451105	-2.4	Inf	correct	1	3
0	43451.457	43455.122	43451457 43455122	-2.4	Inf	correct	1	5
1	43448.817	43449.759	43448817 43449759	-2.2	-Inf	false positive	1	2
1	43449.894	43451.105	43449894 43451105	-2.2	-Inf	false positive	1	4
1	43451.457	43455.122	43451457 43455122	-2.2	-Inf	false positive	1	6
1	43448.817	43449.759	43448817 43449759	-2.2	-3.5987564321254	false positive	1	2
0	43449.894	43451.105	43449894 43451105	-2.2	-3.5987564321254	correct	1	3
0	43451.457	43455.122	43451457 43455122	-2.2	-3.5987564321254	correct	1	5
1	43448.817	43449.759	43448817 43449759	-2.2	-2.87110214393305	false positive	1	2
0	43449.894	43451.105	43449894 43451105	-2.2	-2.87110214393305	correct	1	3
0	43451.457	43455.122	43451457 43455122	-2.2	-2.87110214393305	correct	1	5
1	43448.817	43449.759	43448817 43449759	-2.2	-2.524465240576	false positive	1	2
0	43449.894	43451.105	43449894 43451105	-2.2	-2.524465240576	correct	1	3
0	43451.457	43455.122	43451457 43455122	-2.2	-2.524465240576	correct	1	5
1	43448.817	43449.759	43448817 43449759	-2.2	-2.14839555610227	false positive	1	2
0	43449.894	43451.105	43449894 43451105	-2.2	-2.14839555610227	correct	1	3
0	43451.457	43455.122	43451457 43455122	-2.2	-2.14839555610227	correct	1	5
1	43448.817	43449.759	43448817 43449759	-2.2	-1.41265752428524	false positive	1	2
0	43449.894	43451.105	43449894 43451105	-2.2	-1.41265752428524	correct	1	3
0	43451.457	43455.122	43451457 43455122	-2.2	-1.41265752428524	correct	1	5
0	43448.817	43449.759	43448817 43449759	-2.2	-0.963690535761193	correct	1	1
0	43449.894	43451.105	43449894 43451105	-2.2	-0.963690535761193	correct	1	3
0	43451.457	43455.122	43451457 43455122	-2.2	-0.963690535761193	correct	1	5
0	43448.817	43449.759	43448817 43449759	-2.2	-0.591690830104771	correct	1	1
0	43449.894	43451.105	43449894 43451105	-2.2	-0.591690830104771	correct	1	3
0	43451.457	43455.122	43451457 43455122	-2.2	-0.591690830104771	correct	1	5
0	43448.817	43449.759	43448817 43449759	-2.2	0.12562278092917	correct	1	1
0	43449.894	43451.105	43449894 43451105	-2.2	0.12562278092917	correct	1	3
0	43451.457	43455.122	43451457 43455122	-2.2	0.12562278092917	correct	1	5
0	43448.817	43449.759	43448817 43449759	-2.2	1.0361675292926	correct	1	1
0	43449.894	43451.105	43449894 43451105	-2.2	1.0361675292926	correct	1	3
0	43451.457	43455.122	43451457 43455122	-2.2	1.0361675292926	correct	1	5
0	43448.817	43449.759	43448817 43449759	-2.2	1.69244948955007	correct	1	1
0	43449.894	43451.105	43449894 43451105	-2.2	1.69244948955007	correct	1	3
0	43451.457	43455.122	43451457 43455122	-2.2	1.69244948955007	correct	1	5
0	43448.817	43449.759	43448817 43449759	-2.2	2.65202555736225	correct	1	1
0	43449.894	43451.105	43449894 43451105	-2.2	2.65202555736225	correct	1	3
0	43451.457	43455.122	43451457 43455122	-2.2	2.65202555736225	correct	1	5
0	43448.817	43449.759	43448817 43449759	-2.2	Inf	correct	1	1
0	43449.894	43451.105	43449894 43451105	-2.2	Inf	correct	1	3
0	43451.457	43455.122	43451457 43455122	-2.2	Inf	correct	1	5
1	43448.817	43449.759	43448817 43449759	-2	-Inf	false positive	1	2
1	43449.894	43451.105	43449894 43451105	-2	-Inf	false positive	1	4
1	43451.457	43455.122	43451457 43455122	-2	-Inf	false positive	1	6
1	43448.817	43449.759	43448817 43449759	-2	-3.5987564321254	false positive	1	2
0	43449.894	43451.105	43449894 43451105	-2	-3.5987564321254	correct	1	3
0	43451.457	43455.122	43451457 43455122	-2	-3.5987564321254	correct	1	5
1	43448.817	43449.759	43448817 43449759	-2	-2.87110214393305	false positive	1	2
0	43449.894	43451.105	43449894 43451105	-2	-2.87110214393305	correct	1	3
0	43451.457	43455.122	43451457 43455122	-2	-2.87110214393305	correct	1	5
1	43448.817	43449.759	43448817 43449759	-2	-2.524465240576	false positive	1	2
0	43449.894	43451.105	43449894 43451105	-2	-2.524465240576	correct	1	3
0	43451.457	43455.122	43451457 43455122	-2	-2.524465240576	correct	1	5
1	43448.817	43449.759	43448817 43449759	-2	-2.24839555610227	false positive	1	2
0	43449.894	43451.105	43449894 43451105	-2	-2.24839555610227	correct	1	3
0	43451.457	43455.122	43451457 43455122	-2	-2.24839555610227	correct	1	5
1	43448.817	43449.759	43448817 43449759	-2	-1.58704105367987	false positive	1	2
0	43449.894	43451.105	43449894 43451105	-2	-1.58704105367987	correct	1	3
0	43451.457	43455.122	43451457 43455122	-2	-1.58704105367987	correct	1	5
1	43448.817	43449.759	43448817 43449759	-2	-1.06369053576119	false positive	1	2
0	43449.894	43451.105	43449894 43451105	-2	-1.06369053576119	correct	1	3
0	43451.457	43455.122	43451457 43455122	-2	-1.06369053576119	correct	1	5
0	43448.817	43449.759	43448817 43449759	-2	-0.717307300710139	correct	1	1
0	43449.894	43451.105	43449894 43451105	-2	-0.717307300710139	correct	1	3
0	43451.457	43455.122	43451457 43455122	-2	-0.717307300710139	correct	1	5
0	43448.817	43449.759	43448817 43449759	-2	-0.0743772190708292	correct	1	1
0	43449.894	43451.105	43449894 43451105	-2	-0.0743772190708292	correct	1	3
0	43451.457	43455.122	43451457 43455122	-2	-0.0743772190708292	correct	1	5
0	43448.817	43449.759	43448817 43449759	-2	0.936167529292596	correct	1	1
0	43449.894	43451.105	43449894 43451105	-2	0.936167529292596	correct	1	3
0	43451.457	43455.122	43451457 43455122	-2	0.936167529292596	correct	1	5
0	43448.817	43449.759	43448817 43449759	-2	1.59244948955007	correct	1	1
0	43449.894	43451.105	43449894 43451105	-2	1.59244948955007	correct	1	3
0	43451.457	43455.122	43451457 43455122	-2	1.59244948955007	correct	1	5
0	43448.817	43449.759	43448817 43449759	-2	2.45202555736225	correct	1	1
0	43449.894	43451.105	43449894 43451105	-2	2.45202555736225	correct	1	3
0	43451.457	43455.122	43451457 43455122	-2	2.45202555736225	correct	1	5
0	43448.817	43449.759	43448817 43449759	-2	Inf	correct	1	1
0	43449.894	43451.105	43449894 43451105	-2	Inf	correct	1	3
0	43451.457	43455.122	43451457 43455122	-2	Inf	correct	1	5
1	43448.817	43449.759	43448817 43449759	-1.8	-Inf	false positive	1	2
1	43449.894	43451.105	43449894 43451105	-1.8	-Inf	false positive	1	4
1	43451.457	43455.122	43451457 43455122	-1.8	-Inf	false positive	1	6
1	43448.817	43449.759	43448817 43449759	-1.8	-3.5987564321254	false positive	1	2
0	43449.894	43451.105	43449894 43451105	-1.8	-3.5987564321254	correct	1	3
0	43451.457	43455.122	43451457 43455122	-1.8	-3.5987564321254	correct	1	5
1	43448.817	43449.759	43448817 43449759	-1.8	-2.87110214393305	false positive	1	2
0	43449.894	43451.105	43449894 43451105	-1.8	-2.87110214393305	correct	1	3
0	43451.457	43455.122	43451457 43455122	-1.8	-2.87110214393305	correct	1	5
1	43448.817	43449.759	43448817 43449759	-1.8	-2.524465240576	false positive	1	2
0	43449.894	43451.105	43449894 43451105	-1.8	-2.524465240576	correct	1	3
0	43451.457	43455.122	43451457 43455122	-1.8	-2.524465240576	correct	1	5
1	43448.817	43449.759	43448817 43449759	-1.8	-2.34839555610227	false positive	1	2
0	43449.894	43451.105	43449894 43451105	-1.8	-2.34839555610227	correct	1	3
0	43451.457	43455.122	43451457 43455122	-1.8	-2.34839555610227	correct	1	5
1	43448.817	43449.759	43448817 43449759	-1.8	-1.78704105367987	false positive	1	2
0	43449.894	43451.105	43449894 43451105	-1.8	-1.78704105367987	correct	1	3
0	43451.457	43455.122	43451457 43455122	-1.8	-1.78704105367987	correct	1	5
1	43448.817	43449.759	43448817 43449759	-1.8	-1.16369053576119	false positive	1	2
0	43449.894	43451.105	43449894 43451105	-1.8	-1.16369053576119	correct	1	3
0	43451.457	43455.122	43451457 43455122	-1.8	-1.16369053576119	correct	1	5
0	43448.817	43449.759	43448817 43449759	-1.8	-0.817307300710138	correct	1	1
0	43449.894	43451.105	43449894 43451105	-1.8	-0.817307300710138	correct	1	3
0	43451.457	43455.122	43451457 43455122	-1.8	-0.817307300710138	correct	1	5
0	43448.817	43449.759	43448817 43449759	-1.8	-0.274377219070828	correct	1	1
0	43449.894	43451.105	43449894 43451105	-1.8	-0.274377219070828	correct	1	3
0	43451.457	43455.122	43451457 43455122	-1.8	-0.274377219070828	correct	1	5
0	43448.817	43449.759	43448817 43449759	-1.8	0.752835117169532	correct	1	1
0	43449.894	43451.105	43449894 43451105	-1.8	0.752835117169532	correct	1	3
0	43451.457	43455.122	43451457 43455122	-1.8	0.752835117169532	correct	1	5
0	43448.817	43449.759	43448817 43449759	-1.8	1.49244948955007	correct	1	1
0	43449.894	43451.105	43449894 43451105	-1.8	1.49244948955007	correct	1	3
0	43451.457	43455.122	43451457 43455122	-1.8	1.49244948955007	correct	1	5
0	43448.817	43449.759	43448817 43449759	-1.8	2.33535796948531	correct	1	1
0	43449.894	43451.105	43449894 43451105	-1.8	2.33535796948531	correct	1	3
0	43451.457	43455.122	43451457 43455122	-1.8	2.33535796948531	correct	1	5
0	43448.817	43449.759	43448817 43449759	-1.8	Inf	correct	1	1
0	43449.894	43451.105	43449894 43451105	-1.8	Inf	correct	1	3
0	43451.457	43455.122	43451457 43455122	-1.8	Inf	correct	1	5
1	43448.817	43449.759	43448817 43449759	-1.6	-Inf	false positive	1	2
1	43449.894	43451.105	43449894 43451105	-1.6	-Inf	false positive	1	4
1	43451.457	43455.122	43451457 43455122	-1.6	-Inf	false positive	1	6
1	43448.817	43449.759	43448817 43449759	-1.6	-3.5987564321254	false positive	1	2
0	43449.894	43451.105	43449894 43451105	-1.6	-3.5987564321254	correct	1	3
0	43451.457	43455.122	43451457 43455122	-1.6	-3.5987564321254	correct	1	5
1	43448.817	43449.759	43448817 43449759	-1.6	-2.87110214393305	false positive	1	2
0	43449.894	43451.105	43449894 43451105	-1.6	-2.87110214393305	correct	1	3
0	43451.457	43455.122	43451457 43455122	-1.6	-2.87110214393305	correct	1	5
1	43448.817	43449.759	43448817 43449759	-1.6	-2.524465240576	false positive	1	2
0	43449.894	43451.105	43449894 43451105	-1.6	-2.524465240576	correct	1	3
0	43451.457	43455.122	43451457 43455122	-1.6	-2.524465240576	correct	1	5
1	43448.817	43449.759	43448817 43449759	-1.6	-2.44839555610227	false positive	1	2
0	43449.894	43451.105	43449894 43451105	-1.6	-2.44839555610227	correct	1	3
0	43451.457	43455.122	43451457 43455122	-1.6	-2.44839555610227	correct	1	5
1	43448.817	43449.759	43448817 43449759	-1.6	-1.98704105367987	false positive	1	2
0	43449.894	43451.105	43449894 43451105	-1.6	-1.98704105367987	correct	1	3
0	43451.457	43455.122	43451457 43455122	-1.6	-1.98704105367987	correct	1	5
1	43448.817	43449.759	43448817 43449759	-1.6	-1.26369053576119	false positive	1	2
0	43449.894	43451.105	43449894 43451105	-1.6	-1.26369053576119	correct	1	3
0	43451.457	43455.122	43451457 43455122	-1.6	-1.26369053576119	correct	1	5
0	43448.817	43449.759	43448817 43449759	-1.6	-0.917307300710139	correct	1	1
0	43449.894	43451.105	43449894 43451105	-1.6	-0.917307300710139	correct	1	3
0	43451.457	43455.122	43451457 43455122	-1.6	-0.917307300710139	correct	1	5
0	43448.817	43449.759	43448817 43449759	-1.6	-0.47437721907083	correct	1	1
0	43449.894	43451.105	43449894 43451105	-1.6	-0.47437721907083	correct	1	3
0	43451.457	43455.122	43451457 43455122	-1.6	-0.47437721907083	correct	1	5
0	43448.817	43449.759	43448817 43449759	-1.6	0.552835117169531	correct	1	1
0	43449.894	43451.105	43449894 43451105	-1.6	0.552835117169531	correct	1	3
0	43451.457	43455.122	43451457 43455122	-1.6	0.552835117169531	correct	1	5
0	43448.817	43449.759	43448817 43449759	-1.6	1.39244948955007	correct	1	1
0	43449.894	43451.105	43449894 43451105	-1.6	1.39244948955007	correct	1	3
0	43451.457	43455.122	43451457 43455122	-1.6	1.39244948955007	correct	1	5
0	43448.817	43449.759	43448817 43449759	-1.6	2.23535796948531	correct	1	1
0	43449.894	43451.105	43449894 43451105	-1.6	2.23535796948531	correct	1	3
0	43451.457	43455.122	43451457 43455122	-1.6	2.23535796948531	correct	1	5
0	43448.817	43449.759	43448817 43449759	-1.6	Inf	correct	1	1
0	43449.894	43451.105	43449894 43451105	-1.6	Inf	correct	1	3
0	43451.457	43455.122	43451457 43455122	-1.6	Inf	correct	1	5
1	43448.817	43449.759	43448817 43449759	-1.4	-Inf	false positive	1	2
1	43449.894	43451.105	43449894 43451105	-1.4	-Inf	false positive	1	4
1	43451.457	43455.122	43451457 43455122	-1.4	-Inf	false positive	1	6
1	43448.817	43449.759	43448817 43449759	-1.4	-3.5987564321254	false positive	1	2
0	43449.894	43451.105	43449894 43451105	-1.4	-3.5987564321254	correct	1	3
0	43451.457	43455.122	43451457 43455122	-1.4	-3.5987564321254	correct	1	5
1	43448.817	43449.759	43448817 43449759	-1.4	-2.89503245945932	false positive	1	2
0	43449.894	43451.105	43449894 43451105	-1.4	-2.89503245945932	correct	1	3
0	43451.457	43455.122	43451457 43455122	-1.4	-2.89503245945932	correct	1	5
1	43448.817	43449.759	43448817 43449759	-1.4	-2.61207772667764	false positive	1	2
0	43449.894	43451.105	43449894 43451105	-1.4	-2.61207772667764	correct	1	3
0	43451.457	43455.122	43451457 43455122	-1.4	-2.61207772667764	correct	1	5
1	43448.817	43449.759	43448817 43449759	-1.4	-2.524465240576	false positive	1	2
0	43449.894	43451.105	43449894 43451105	-1.4	-2.524465240576	correct	1	3
0	43451.457	43455.122	43451457 43455122	-1.4	-2.524465240576	correct	1	5
1	43448.817	43449.759	43448817 43449759	-1.4	-2.09942856757823	false positive	1	2
0	43449.894	43451.105	43449894 43451105	-1.4	-2.09942856757823	correct	1	3
0	43451.457	43455.122	43451457 43455122	-1.4	-2.09942856757823	correct	1	5
1	43448.817	43449.759	43448817 43449759	-1.4	-1.39169083010477	false positive	1	2
0	43449.894	43451.105	43449894 43451105	-1.4	-1.39169083010477	correct	1	3
0	43451.457	43455.122	43451457 43455122	-1.4	-1.39169083010477	correct	1	5
1	43448.817	43449.759	43448817 43449759	-1.4	-1.01730730071014	false positive	1	2
0	43449.894	43451.105	43449894 43451105	-1.4	-1.01730730071014	correct	1	3
0	43451.457	43455.122	43451457 43455122	-1.4	-1.01730730071014	correct	1	5
0	43448.817	43449.759	43448817 43449759	-1.4	-0.646376924727251	correct	1	1
0	43449.894	43451.105	43449894 43451105	-1.4	-0.646376924727251	correct	1	3
0	43451.457	43455.122	43451457 43455122	-1.4	-0.646376924727251	correct	1	5
0	43448.817	43449.759	43448817 43449759	-1.4	0.352835117169532	correct	1	1
0	43449.894	43451.105	43449894 43451105	-1.4	0.352835117169532	correct	1	3
0	43451.457	43455.122	43451457 43455122	-1.4	0.352835117169532	correct	1	5
0	43448.817	43449.759	43448817 43449759	-1.4	1.29244948955007	correct	1	1
0	43449.894	43451.105	43449894 43451105	-1.4	1.29244948955007	correct	1	3
0	43451.457	43455.122	43451457 43455122	-1.4	1.29244948955007	correct	1	5
0	43448.817	43449.759	43448817 43449759	-1.4	2.13535796948531	correct	1	1
0	43449.894	43451.105	43449894 43451105	-1.4	2.13535796948531	correct	1	3
0	43451.457	43455.122	43451457 43455122	-1.4	2.13535796948531	correct	1	5
0	43448.817	43449.759	43448817 43449759	-1.4	Inf	correct	1	1
0	43449.894	43451.105	43449894 43451105	-1.4	Inf	correct	1	3
0	43451.457	43455.122	43451457 43455122	-1.4	Inf	correct	1	5
1	43448.817	43449.759	43448817 43449759	-1.2	-Inf	false positive	1	2
1	43449.894	43451.105	43449894 43451105	-1.2	-Inf	false positive	1	4
1	43451.457	43455.122	43451457 43455122	-1.2	-Inf	false positive	1	6
1	43448.817	43449.759	43448817 43449759	-1.2	-3.5987564321254	false positive	1	2
0	43449.894	43451.105	43449894 43451105	-1.2	-3.5987564321254	correct	1	3
0	43451.457	43455.122	43451457 43455122	-1.2	-3.5987564321254	correct	1	5
1	43448.817	43449.759	43448817 43449759	-1.2	-2.99503245945932	false positive	1	2
0	43449.894	43451.105	43449894 43451105	-1.2	-2.99503245945932	correct	1	3
0	43451.457	43455.122	43451457 43455122	-1.2	-2.99503245945932	correct	1	5
1	43448.817	43449.759	43448817 43449759	-1.2	-2.71207772667764	false positive	1	2
0	43449.894	43451.105	43449894 43451105	-1.2	-2.71207772667764	correct	1	3
0	43451.457	43455.122	43451457 43455122	-1.2	-2.71207772667764	correct	1	5
1	43448.817	43449.759	43448817 43449759	-1.2	-2.524465240576	false positive	1	2
0	43449.894	43451.105	43449894 43451105	-1.2	-2.524465240576	correct	1	3
0	43451.457	43455.122	43451457 43455122	-1.2	-2.524465240576	correct	1	5
1	43448.817	43449.759	43448817 43449759	-1.2	-2.19942856757823	false positive	1	2
0	43449.894	43451.105	43449894 43451105	-1.2	-2.19942856757823	correct	1	3
0	43451.457	43455.122	43451457 43455122	-1.2	-2.19942856757823	correct	1	5
1	43448.817	43449.759	43448817 43449759	-1.2	-1.59169083010477	false positive	1	2
0	43449.894	43451.105	43449894 43451105	-1.2	-1.59169083010477	correct	1	3
0	43451.457	43455.122	43451457 43455122	-1.2	-1.59169083010477	correct	1	5
1	43448.817	43449.759	43448817 43449759	-1.2	-1.11730730071014	false positive	1	2
0	43449.894	43451.105	43449894 43451105	-1.2	-1.11730730071014	correct	1	3
0	43451.457	43455.122	43451457 43455122	-1.2	-1.11730730071014	correct	1	5
0	43448.817	43449.759	43448817 43449759	-1.2	-0.746376924727252	correct	1	1
0	43449.894	43451.105	43449894 43451105	-1.2	-0.746376924727252	correct	1	3
0	43451.457	43455.122	43451457 43455122	-1.2	-0.746376924727252	correct	1	5
0	43448.817	43449.759	43448817 43449759	-1.2	0.152835117169531	correct	1	1
0	43449.894	43451.105	43449894 43451105	-1.2	0.152835117169531	correct	1	3
0	43451.457	43455.122	43451457 43455122	-1.2	0.152835117169531	correct	1	5
0	43448.817	43449.759	43448817 43449759	-1.2	1.19244948955007	correct	1	1
0	43449.894	43451.105	43449894 43451105	-1.2	1.19244948955007	correct	1	3
0	43451.457	43455.122	43451457 43455122	-1.2	1.19244948955007	correct	1	5
0	43448.817	43449.759	43448817 43449759	-1.2	2.03535796948531	correct	1	1
0	43449.894	43451.105	43449894 43451105	-1.2	2.03535796948531	correct	1	3
0	43451.457	43455.122	43451457 43455122	-1.2	2.03535796948531	correct	1	5
0	43448.817	43449.759	43448817 43449759	-1.2	Inf	correct	1	1
0	43449.894	43451.105	43449894 43451105	-1.2	Inf	correct	1	3
0	43451.457	43455.122	43451457 43455122	-1.2	Inf	correct	1	5
1	43448.817	43449.759	43448817 43449759	-1	-Inf	false positive	1	2
1	43449.894	43451.105	43449894 43451105	-1	-Inf	false positive	1	4
1	43451.457	43455.122	43451457 43455122	-1	-Inf	false positive	1	6
1	43448.817	43449.759	43448817 43449759	-1	-3.5987564321254	false positive	1	2
0	43449.894	43451.105	43449894 43451105	-1	-3.5987564321254	correct	1	3
0	43451.457	43455.122	43451457 43455122	-1	-3.5987564321254	correct	1	5
1	43448.817	43449.759	43448817 43449759	-1	-3.09503245945932	false positive	1	2
0	43449.894	43451.105	43449894 43451105	-1	-3.09503245945932	correct	1	3
0	43451.457	43455.122	43451457 43455122	-1	-3.09503245945932	correct	1	5
1	43448.817	43449.759	43448817 43449759	-1	-2.81207772667764	false positive	1	2
0	43449.894	43451.105	43449894 43451105	-1	-2.81207772667764	correct	1	3
0	43451.457	43455.122	43451457 43455122	-1	-2.81207772667764	correct	1	5
1	43448.817	43449.759	43448817 43449759	-1	-2.524465240576	false positive	1	2
0	43449.894	43451.105	43449894 43451105	-1	-2.524465240576	correct	1	3
0	43451.457	43455.122	43451457 43455122	-1	-2.524465240576	correct	1	5
1	43448.817	43449.759	43448817 43449759	-1	-2.29942856757823	false positive	1	2
0	43449.894	43451.105	43449894 43451105	-1	-2.29942856757823	correct	1	3
0	43451.457	43455.122	43451457 43455122	-1	-2.29942856757823	correct	1	5
1	43448.817	43449.759	43448817 43449759	-1	-1.79169083010477	false positive	1	2
0	43449.894	43451.105	43449894 43451105	-1	-1.79169083010477	correct	1	3
0	43451.457	43455.122	43451457 43455122	-1	-1.79169083010477	correct	1	5
1	43448.817	43449.759	43448817 43449759	-1	-1.21730730071014	false positive	1	2
0	43449.894	43451.105	43449894 43451105	-1	-1.21730730071014	correct	1	3
0	43451.457	43455.122	43451457 43455122	-1	-1.21730730071014	correct	1	5
0	43448.817	43449.759	43448817 43449759	-1	-0.846376924727252	correct	1	1
0	43449.894	43451.105	43449894 43451105	-1	-0.846376924727252	correct	1	3
0	43451.457	43455.122	43451457 43455122	-1	-0.846376924727252	correct	1	5
0	43448.817	43449.759	43448817 43449759	-1	-0.0471648828304687	correct	1	1
0	43449.894	43451.105	43449894 43451105	-1	-0.0471648828304687	correct	1	3
0	43451.457	43455.122	43451457 43455122	-1	-0.0471648828304687	correct	1	5
0	43448.817	43449.759	43448817 43449759	-1	1.09244948955007	correct	1	1
0	43449.894	43451.105	43449894 43451105	-1	1.09244948955007	correct	1	3
0	43451.457	43455.122	43451457 43455122	-1	1.09244948955007	correct	1	5
0	43448.817	43449.759	43448817 43449759	-1	1.93535796948531	correct	1	1
0	43449.894	43451.105	43449894 43451105	-1	1.93535796948531	correct	1	3
0	43451.457	43455.122	43451457 43455122	-1	1.93535796948531	correct	1	5
0	43448.817	43449.759	43448817 43449759	-1	Inf	correct	1	1
0	43449.894	43451.105	43449894 43451105	-1	Inf	correct	1	3
0	43451.457	43455.122	43451457 43455122	-1	Inf	correct	1	5
1	43448.817	43449.759	43448817 43449759	-0.8	-Inf	false positive	1	2
1	43449.894	43451.105	43449894 43451105	-0.8	-Inf	false positive	1	4
1	43451.457	43455.122	43451457 43455122	-0.8	-Inf	false positive	1	6
1	43448.817	43449.759	43448817 43449759	-0.8	-3.63973201486999	false positive	1	2
0	43449.894	43451.105	43449894 43451105	-0.8	-3.63973201486999	correct	1	3
0	43451.457	43455.122	43451457 43455122	-0.8	-3.63973201486999	correct	1	5
1	43448.817	43449.759	43448817 43449759	-0.8	-3.19503245945932	false positive	1	2
0	43449.894	43451.105	43449894 43451105	-0.8	-3.19503245945932	correct	1	3
0	43451.457	43455.122	43451457 43455122	-0.8	-3.19503245945932	correct	1	5
1	43448.817	43449.759	43448817 43449759	-0.8	-2.87110214393305	false positive	1	2
0	43449.894	43451.105	43449894 43451105	-0.8	-2.87110214393305	correct	1	3
0	43451.457	43455.122	43451457 43455122	-0.8	-2.87110214393305	correct	1	5
1	43448.817	43449.759	43448817 43449759	-0.8	-2.524465240576	false positive	1	2
0	43449.894	43451.105	43449894 43451105	-0.8	-2.524465240576	correct	1	3
0	43451.457	43455.122	43451457 43455122	-0.8	-2.524465240576	correct	1	5
1	43448.817	43449.759	43448817 43449759	-0.8	-2.39942856757823	false positive	1	2
0	43449.894	43451.105	43449894 43451105	-0.8	-2.39942856757823	correct	1	3
0	43451.457	43455.122	43451457 43455122	-0.8	-2.39942856757823	correct	1	5
1	43448.817	43449.759	43448817 43449759	-0.8	-1.99169083010477	false positive	1	2
0	43449.894	43451.105	43449894 43451105	-0.8	-1.99169083010477	correct	1	3
0	43451.457	43455.122	43451457 43455122	-0.8	-1.99169083010477	correct	1	5
1	43448.817	43449.759	43448817 43449759	-0.8	-1.31730730071014	false positive	1	2
0	43449.894	43451.105	43449894 43451105	-0.8	-1.31730730071014	correct	1	3
0	43451.457	43455.122	43451457 43455122	-0.8	-1.31730730071014	correct	1	5
0	43448.817	43449.759	43448817 43449759	-0.8	-0.946376924727251	correct	1	1
0	43449.894	43451.105	43449894 43451105	-0.8	-0.946376924727251	correct	1	3
0	43451.457	43455.122	43451457 43455122	-0.8	-0.946376924727251	correct	1	5
0	43448.817	43449.759	43448817 43449759	-0.8	-0.247164882830468	correct	1	1
0	43449.894	43451.105	43449894 43451105	-0.8	-0.247164882830468	correct	1	3
0	43451.457	43455.122	43451457 43455122	-0.8	-0.247164882830468	correct	1	5
0	43448.817	43449.759	43448817 43449759	-0.8	0.99244948955007	correct	1	1
0	43449.894	43451.105	43449894 43451105	-0.8	0.99244948955007	correct	1	3
0	43451.457	43455.122	43451457 43455122	-0.8	0.99244948955007	correct	1	5
0	43448.817	43449.759	43448817 43449759	-0.8	1.83535796948531	correct	1	1
0	43449.894	43451.105	43449894 43451105	-0.8	1.83535796948531	correct	1	3
0	43451.457	43455.122	43451457 43455122	-0.8	1.83535796948531	correct	1	5
0	43448.817	43449.759	43448817 43449759	-0.8	Inf	correct	1	1
0	43449.894	43451.105	43449894 43451105	-0.8	Inf	correct	1	3
0	43451.457	43455.122	43451457 43455122	-0.8	Inf	correct	1	5
1	43448.817	43449.759	43448817 43449759	-0.6	-Inf	false positive	1	2
1	43449.894	43451.105	43449894 43451105	-0.6	-Inf	false positive	1	4
1	43451.457	43455.122	43451457 43455122	-0.6	-Inf	false positive	1	6
1	43448.817	43449.759	43448817 43449759	-0.6	-3.73973201486999	false positive	1	2
0	43449.894	43451.105	43449894 43451105	-0.6	-3.73973201486999	correct	1	3
0	43451.457	43455.122	43451457 43455122	-0.6	-3.73973201486999	correct	1	5
1	43448.817	43449.759	43448817 43449759	-0.6	-3.29503245945932	false positive	1	2
0	43449.894	43451.105	43449894 43451105	-0.6	-3.29503245945932	correct	1	3
0	43451.457	43455.122	43451457 43455122	-0.6	-3.29503245945932	correct	1	5
1	43448.817	43449.759	43448817 43449759	-0.6	-2.87110214393305	false positive	1	2
0	43449.894	43451.105	43449894 43451105	-0.6	-2.87110214393305	correct	1	3
0	43451.457	43455.122	43451457 43455122	-0.6	-2.87110214393305	correct	1	5
1	43448.817	43449.759	43448817 43449759	-0.6	-2.5631107381536	false positive	1	2
0	43449.894	43451.105	43449894 43451105	-0.6	-2.5631107381536	correct	1	3
0	43451.457	43455.122	43451457 43455122	-0.6	-2.5631107381536	correct	1	5
1	43448.817	43449.759	43448817 43449759	-0.6	-2.49942856757823	false positive	1	2
0	43449.894	43451.105	43449894 43451105	-0.6	-2.49942856757823	correct	1	3
0	43451.457	43455.122	43451457 43455122	-0.6	-2.49942856757823	correct	1	5
1	43448.817	43449.759	43448817 43449759	-0.6	-2.15304533252717	false positive	1	2
0	43449.894	43451.105	43449894 43451105	-0.6	-2.15304533252717	correct	1	3
0	43451.457	43455.122	43451457 43455122	-0.6	-2.15304533252717	correct	1	5
1	43448.817	43449.759	43448817 43449759	-0.6	-1.47437721907083	false positive	1	2
0	43449.894	43451.105	43449894 43451105	-0.6	-1.47437721907083	correct	1	3
0	43451.457	43455.122	43451457 43455122	-0.6	-1.47437721907083	correct	1	5
1	43448.817	43449.759	43448817 43449759	-0.6	-1.04637692472725	false positive	1	2
0	43449.894	43451.105	43449894 43451105	-0.6	-1.04637692472725	correct	1	3
0	43451.457	43455.122	43451457 43455122	-0.6	-1.04637692472725	correct	1	5
0	43448.817	43449.759	43448817 43449759	-0.6	-0.390094964469778	correct	1	1
0	43449.894	43451.105	43449894 43451105	-0.6	-0.390094964469778	correct	1	3
0	43451.457	43455.122	43451457 43455122	-0.6	-0.390094964469778	correct	1	5
0	43448.817	43449.759	43448817 43449759	-0.6	0.892449489550069	correct	1	1
0	43449.894	43451.105	43449894 43451105	-0.6	0.892449489550069	correct	1	3
0	43451.457	43455.122	43451457 43455122	-0.6	0.892449489550069	correct	1	5
0	43448.817	43449.759	43448817 43449759	-0.6	1.73535796948531	correct	1	1
0	43449.894	43451.105	43449894 43451105	-0.6	1.73535796948531	correct	1	3
0	43451.457	43455.122	43451457 43455122	-0.6	1.73535796948531	correct	1	5
0	43448.817	43449.759	43448817 43449759	-0.6	Inf	correct	1	1
0	43449.894	43451.105	43449894 43451105	-0.6	Inf	correct	1	3
0	43451.457	43455.122	43451457 43455122	-0.6	Inf	correct	1	5
1	43448.817	43449.759	43448817 43449759	-0.399999999999999	-Inf	false positive	1	2
1	43449.894	43451.105	43449894 43451105	-0.399999999999999	-Inf	false positive	1	4
1	43451.457	43455.122	43451457 43455122	-0.399999999999999	-Inf	false positive	1	6
1	43448.817	43449.759	43448817 43449759	-0.399999999999999	-3.83973201486999	false positive	1	2
0	43449.894	43451.105	43449894 43451105	-0.399999999999999	-3.83973201486999	correct	1	3
0	43451.457	43455.122	43451457 43455122	-0.399999999999999	-3.83973201486999	correct	1	5
1	43448.817	43449.759	43448817 43449759	-0.399999999999999	-3.39503245945932	false positive	1	2
0	43449.894	43451.105	43449894 43451105	-0.399999999999999	-3.39503245945932	correct	1	3
0	43451.457	43455.122	43451457 43455122	-0.399999999999999	-3.39503245945932	correct	1	5
1	43448.817	43449.759	43448817 43449759	-0.399999999999999	-2.94606547093528	false positive	1	2
0	43449.894	43451.105	43449894 43451105	-0.399999999999999	-2.94606547093528	correct	1	3
0	43451.457	43455.122	43451457 43455122	-0.399999999999999	-2.94606547093528	correct	1	5
1	43448.817	43449.759	43448817 43449759	-0.399999999999999	-2.6631107381536	false positive	1	2
0	43449.894	43451.105	43449894 43451105	-0.399999999999999	-2.6631107381536	correct	1	3
0	43451.457	43455.122	43451457 43455122	-0.399999999999999	-2.6631107381536	correct	1	5
1	43448.817	43449.759	43448817 43449759	-0.399999999999999	-2.524465240576	false positive	1	2
0	43449.894	43451.105	43449894 43451105	-0.399999999999999	-2.524465240576	correct	1	3
0	43451.457	43455.122	43451457 43455122	-0.399999999999999	-2.524465240576	correct	1	5
1	43448.817	43449.759	43448817 43449759	-0.399999999999999	-2.25304533252717	false positive	1	2
0	43449.894	43451.105	43449894 43451105	-0.399999999999999	-2.25304533252717	correct	1	3
0	43451.457	43455.122	43451457 43455122	-0.399999999999999	-2.25304533252717	correct	1	5
1	43448.817	43449.759	43448817 43449759	-0.399999999999999	-1.67437721907083	false positive	1	2
0	43449.894	43451.105	43449894 43451105	-0.399999999999999	-1.67437721907083	correct	1	3
0	43451.457	43455.122	43451457 43455122	-0.399999999999999	-1.67437721907083	correct	1	5
1	43448.817	43449.759	43448817 43449759	-0.399999999999999	-1.14637692472725	false positive	1	2
0	43449.894	43451.105	43449894 43451105	-0.399999999999999	-1.14637692472725	correct	1	3
0	43451.457	43455.122	43451457 43455122	-0.399999999999999	-1.14637692472725	correct	1	5
0	43448.817	43449.759	43448817 43449759	-0.399999999999999	-0.490094964469779	correct	1	1
0	43449.894	43451.105	43449894 43451105	-0.399999999999999	-0.490094964469779	correct	1	3
0	43451.457	43455.122	43451457 43455122	-0.399999999999999	-0.490094964469779	correct	1	5
0	43448.817	43449.759	43448817 43449759	-0.399999999999999	0.792449489550068	correct	1	1
0	43449.894	43451.105	43449894 43451105	-0.399999999999999	0.792449489550068	correct	1	3
0	43451.457	43455.122	43451457 43455122	-0.399999999999999	0.792449489550068	correct	1	5
0	43448.817	43449.759	43448817 43449759	-0.399999999999999	1.63535796948531	correct	1	1
0	43449.894	43451.105	43449894 43451105	-0.399999999999999	1.63535796948531	correct	1	3
0	43451.457	43455.122	43451457 43455122	-0.399999999999999	1.63535796948531	correct	1	5
0	43448.817	43449.759	43448817 43449759	-0.399999999999999	Inf	correct	1	1
0	43449.894	43451.105	43449894 43451105	-0.399999999999999	Inf	correct	1	3
0	43451.457	43455.122	43451457 43455122	-0.399999999999999	Inf	correct	1	5
1	43448.817	43449.759	43448817 43449759	-0.199999999999999	-Inf	false positive	1	2
1	43449.894	43451.105	43449894 43451105	-0.199999999999999	-Inf	false positive	1	4
1	43451.457	43455.122	43451457 43455122	-0.199999999999999	-Inf	false positive	1	6
1	43448.817	43449.759	43448817 43449759	-0.199999999999999	-3.93973201486999	false positive	1	2
0	43449.894	43451.105	43449894 43451105	-0.199999999999999	-3.93973201486999	correct	1	3
0	43451.457	43455.122	43451457 43455122	-0.199999999999999	-3.93973201486999	correct	1	5
1	43448.817	43449.759	43448817 43449759	-0.199999999999999	-3.49503245945932	false positive	1	2
0	43449.894	43451.105	43449894 43451105	-0.199999999999999	-3.49503245945932	correct	1	3
0	43451.457	43455.122	43451457 43455122	-0.199999999999999	-3.49503245945932	correct	1	5
1	43448.817	43449.759	43448817 43449759	-0.199999999999999	-3.04606547093528	false positive	1	2
0	43449.894	43451.105	43449894 43451105	-0.199999999999999	-3.04606547093528	correct	1	3
0	43451.457	43455.122	43451457 43455122	-0.199999999999999	-3.04606547093528	correct	1	5
1	43448.817	43449.759	43448817 43449759	-0.199999999999999	-2.7631107381536	false positive	1	2
0	43449.894	43451.105	43449894 43451105	-0.199999999999999	-2.7631107381536	correct	1	3
0	43451.457	43455.122	43451457 43455122	-0.199999999999999	-2.7631107381536	correct	1	5
1	43448.817	43449.759	43448817 43449759	-0.199999999999999	-2.524465240576	false positive	1	2
0	43449.894	43451.105	43449894 43451105	-0.199999999999999	-2.524465240576	correct	1	3
0	43451.457	43455.122	43451457 43455122	-0.199999999999999	-2.524465240576	correct	1	5
1	43448.817	43449.759	43448817 43449759	-0.199999999999999	-2.35304533252717	false positive	1	2
0	43449.894	43451.105	43449894 43451105	-0.199999999999999	-2.35304533252717	correct	1	3
0	43451.457	43455.122	43451457 43455122	-0.199999999999999	-2.35304533252717	correct	1	5
1	43448.817	43449.759	43448817 43449759	-0.199999999999999	-1.87437721907083	false positive	1	2
0	43449.894	43451.105	43449894 43451105	-0.199999999999999	-1.87437721907083	correct	1	3
0	43451.457	43455.122	43451457 43455122	-0.199999999999999	-1.87437721907083	correct	1	5
1	43448.817	43449.759	43448817 43449759	-0.199999999999999	-1.24637692472725	false positive	1	2
0	43449.894	43451.105	43449894 43451105	-0.199999999999999	-1.24637692472725	correct	1	3
0	43451.457	43455.122	43451457 43455122	-0.199999999999999	-1.24637692472725	correct	1	5
0	43448.817	43449.759	43448817 43449759	-0.199999999999999	-0.590094964469778	correct	1	1
0	43449.894	43451.105	43449894 43451105	-0.199999999999999	-0.590094964469778	correct	1	3
0	43451.457	43455.122	43451457 43455122	-0.199999999999999	-0.590094964469778	correct	1	5
0	43448.817	43449.759	43448817 43449759	-0.199999999999999	0.652025557362248	correct	1	1
0	43449.894	43451.105	43449894 43451105	-0.199999999999999	0.652025557362248	correct	1	3
0	43451.457	43455.122	43451457 43455122	-0.199999999999999	0.652025557362248	correct	1	5
0	43448.817	43449.759	43448817 43449759	-0.199999999999999	1.53535796948531	correct	1	1
0	43449.894	43451.105	43449894 43451105	-0.199999999999999	1.53535796948531	correct	1	3
0	43451.457	43455.122	43451457 43455122	-0.199999999999999	1.53535796948531	correct	1	5
0	43448.817	43449.759	43448817 43449759	-0.199999999999999	Inf	correct	1	1
0	43449.894	43451.105	43449894 43451105	-0.199999999999999	Inf	correct	1	3
0	43451.457	43455.122	43451457 43455122	-0.199999999999999	Inf	correct	1	5
1	43448.817	43449.759	43448817 43449759	0	-Inf	false positive	1	2
1	43449.894	43451.105	43449894 43451105	0	-Inf	false positive	1	4
1	43451.457	43455.122	43451457 43455122	0	-Inf	false positive	1	6
1	43448.817	43449.759	43448817 43449759	0	-4.03973201486999	false positive	1	2
0	43449.894	43451.105	43449894 43451105	0	-4.03973201486999	correct	1	3
0	43451.457	43455.122	43451457 43455122	0	-4.03973201486999	correct	1	5
1	43448.817	43449.759	43448817 43449759	0	-3.59503245945932	false positive	1	2
0	43449.894	43451.105	43449894 43451105	0	-3.59503245945932	correct	1	3
0	43451.457	43455.122	43451457 43455122	0	-3.59503245945932	correct	1	5
1	43448.817	43449.759	43448817 43449759	0	-3.14606547093528	false positive	1	2
0	43449.894	43451.105	43449894 43451105	0	-3.14606547093528	correct	1	3
0	43451.457	43455.122	43451457 43455122	0	-3.14606547093528	correct	1	5
1	43448.817	43449.759	43448817 43449759	0	-2.8631107381536	false positive	1	2
0	43449.894	43451.105	43449894 43451105	0	-2.8631107381536	correct	1	3
0	43451.457	43455.122	43451457 43455122	0	-2.8631107381536	correct	1	5
1	43448.817	43449.759	43448817 43449759	0	-2.524465240576	false positive	1	2
0	43449.894	43451.105	43449894 43451105	0	-2.524465240576	correct	1	3
0	43451.457	43455.122	43451457 43455122	0	-2.524465240576	correct	1	5
1	43448.817	43449.759	43448817 43449759	0	-2.45304533252717	false positive	1	2
0	43449.894	43451.105	43449894 43451105	0	-2.45304533252717	correct	1	3
0	43451.457	43455.122	43451457 43455122	0	-2.45304533252717	correct	1	5
1	43448.817	43449.759	43448817 43449759	0	-2.07437721907083	false positive	1	2
0	43449.894	43451.105	43449894 43451105	0	-2.07437721907083	correct	1	3
0	43451.457	43455.122	43451457 43455122	0	-2.07437721907083	correct	1	5
1	43448.817	43449.759	43448817 43449759	0	-1.34637692472725	false positive	1	2
0	43449.894	43451.105	43449894 43451105	0	-1.34637692472725	correct	1	3
0	43451.457	43455.122	43451457 43455122	0	-1.34637692472725	correct	1	5
0	43448.817	43449.759	43448817 43449759	0	-0.690094964469778	correct	1	1
0	43449.894	43451.105	43449894 43451105	0	-0.690094964469778	correct	1	3
0	43451.457	43455.122	43451457 43455122	0	-0.690094964469778	correct	1	5
0	43448.817	43449.759	43448817 43449759	0	0.452025557362249	correct	1	1
0	43449.894	43451.105	43449894 43451105	0	0.452025557362249	correct	1	3
0	43451.457	43455.122	43451457 43455122	0	0.452025557362249	correct	1	5
0	43448.817	43449.759	43448817 43449759	0	1.43535796948531	correct	1	1
0	43449.894	43451.105	43449894 43451105	0	1.43535796948531	correct	1	3
0	43451.457	43455.122	43451457 43455122	0	1.43535796948531	correct	1	5
0	43448.817	43449.759	43448817 43449759	0	Inf	correct	1	1
0	43449.894	43451.105	43449894 43451105	0	Inf	correct	1	3
0	43451.457	43455.122	43451457 43455122	0	Inf	correct	1	5
1	43448.817	43449.759	43448817 43449759	0.2	-Inf	false positive	1	2
1	43449.894	43451.105	43449894 43451105	0.2	-Inf	false positive	1	4
1	43451.457	43455.122	43451457 43455122	0.2	-Inf	false positive	1	6
1	43448.817	43449.759	43448817 43449759	0.2	-4.13973201486999	false positive	1	2
1	43449.894	43451.105	43449894 43451105	0.2	-4.13973201486999	false positive	1	4
1	43451.457	43455.122	43451457 43455122	0.2	-4.13973201486999	false positive	1	6
1	43448.817	43449.759	43448817 43449759	0.2	-3.69076502634595	false positive	1	2
0	43449.894	43451.105	43449894 43451105	0.2	-3.69076502634595	correct	1	3
0	43451.457	43455.122	43451457 43455122	0.2	-3.69076502634595	correct	1	5
1	43448.817	43449.759	43448817 43449759	0.2	-3.24606547093528	false positive	1	2
0	43449.894	43451.105	43449894 43451105	0.2	-3.24606547093528	correct	1	3
0	43451.457	43455.122	43451457 43455122	0.2	-3.24606547093528	correct	1	5
1	43448.817	43449.759	43448817 43449759	0.2	-2.89968223588422	false positive	1	2
0	43449.894	43451.105	43449894 43451105	0.2	-2.89968223588422	correct	1	3
0	43451.457	43455.122	43451457 43455122	0.2	-2.89968223588422	correct	1	5
1	43448.817	43449.759	43448817 43449759	0.2	-2.61672750310254	false positive	1	2
0	43449.894	43451.105	43449894 43451105	0.2	-2.61672750310254	correct	1	3
0	43451.457	43455.122	43451457 43455122	0.2	-2.61672750310254	correct	1	5
1	43448.817	43449.759	43448817 43449759	0.2	-2.524465240576	false positive	1	2
0	43449.894	43451.105	43449894 43451105	0.2	-2.524465240576	correct	1	3
0	43451.457	43455.122	43451457 43455122	0.2	-2.524465240576	correct	1	5
1	43448.817	43449.759	43448817 43449759	0.2	-2.18211495654429	false positive	1	2
0	43449.894	43451.105	43449894 43451105	0.2	-2.18211495654429	correct	1	3
0	43451.457	43455.122	43451457 43455122	0.2	-2.18211495654429	correct	1	5
1	43448.817	43449.759	43448817 43449759	0.2	-1.44637692472725	false positive	1	2
0	43449.894	43451.105	43449894 43451105	0.2	-1.44637692472725	correct	1	3
0	43451.457	43455.122	43451457 43455122	0.2	-1.44637692472725	correct	1	5
0	43448.817	43449.759	43448817 43449759	0.2	-0.790094964469778	correct	1	1
0	43449.894	43451.105	43449894 43451105	0.2	-0.790094964469778	correct	1	3
0	43451.457	43455.122	43451457 43455122	0.2	-0.790094964469778	correct	1	5
0	43448.817	43449.759	43448817 43449759	0.2	0.252025557362249	correct	1	1
0	43449.894	43451.105	43449894 43451105	0.2	0.252025557362249	correct	1	3
0	43451.457	43455.122	43451457 43455122	0.2	0.252025557362249	correct	1	5
0	43448.817	43449.759	43448817 43449759	0.2	1.33535796948531	correct	1	1
0	43449.894	43451.105	43449894 43451105	0.2	1.33535796948531	correct	1	3
0	43451.457	43455.122	43451457 43455122	0.2	1.33535796948531	correct	1	5
0	43448.817	43449.759	43448817 43449759	0.2	Inf	correct	1	1
0	43449.894	43451.105	43449894 43451105	0.2	Inf	correct	1	3
0	43451.457	43455.122	43451457 43455122	0.2	Inf	correct	1	5
1	43448.817	43449.759	43448817 43449759	0.4	-Inf	false positive	1	2
1	43449.894	43451.105	43449894 43451105	0.4	-Inf	false positive	1	4
1	43451.457	43455.122	43451457 43455122	0.4	-Inf	false positive	1	6
1	43448.817	43449.759	43448817 43449759	0.4	-4.23973201486999	false positive	1	2
1	43449.894	43451.105	43449894 43451105	0.4	-4.23973201486999	false positive	1	4
1	43451.457	43455.122	43451457 43455122	0.4	-4.23973201486999	false positive	1	6
1	43448.817	43449.759	43448817 43449759	0.4	-3.79076502634595	false positive	1	2
0	43449.894	43451.105	43449894 43451105	0.4	-3.79076502634595	correct	1	3
0	43451.457	43455.122	43451457 43455122	0.4	-3.79076502634595	correct	1	5
1	43448.817	43449.759	43448817 43449759	0.4	-3.34606547093528	false positive	1	2
0	43449.894	43451.105	43449894 43451105	0.4	-3.34606547093528	correct	1	3
0	43451.457	43455.122	43451457 43455122	0.4	-3.34606547093528	correct	1	5
1	43448.817	43449.759	43448817 43449759	0.4	-2.99968223588422	false positive	1	2
0	43449.894	43451.105	43449894 43451105	0.4	-2.99968223588422	correct	1	3
0	43451.457	43455.122	43451457 43455122	0.4	-2.99968223588422	correct	1	5
1	43448.817	43449.759	43448817 43449759	0.4	-2.71672750310254	false positive	1	2
0	43449.894	43451.105	43449894 43451105	0.4	-2.71672750310254	correct	1	3
0	43451.457	43455.122	43451457 43455122	0.4	-2.71672750310254	correct	1	5
1	43448.817	43449.759	43448817 43449759	0.4	-2.524465240576	false positive	1	2
0	43449.894	43451.105	43449894 43451105	0.4	-2.524465240576	correct	1	3
0	43451.457	43455.122	43451457 43455122	0.4	-2.524465240576	correct	1	5
1	43448.817	43449.759	43448817 43449759	0.4	-2.28211495654429	false positive	1	2
0	43449.894	43451.105	43449894 43451105	0.4	-2.28211495654429	correct	1	3
0	43451.457	43455.122	43451457 43455122	0.4	-2.28211495654429	correct	1	5
1	43448.817	43449.759	43448817 43449759	0.4	-1.54637692472725	false positive	1	2
0	43449.894	43451.105	43449894 43451105	0.4	-1.54637692472725	correct	1	3
0	43451.457	43455.122	43451457 43455122	0.4	-1.54637692472725	correct	1	5
0	43448.817	43449.759	43448817 43449759	0.4	-0.890094964469778	correct	1	1
0	43449.894	43451.105	43449894 43451105	0.4	-0.890094964469778	correct	1	3
0	43451.457	43455.122	43451457 43455122	0.4	-0.890094964469778	correct	1	5
0	43448.817	43449.759	43448817 43449759	0.4	0.0520255573622483	correct	1	1
0	43449.894	43451.105	43449894 43451105	0.4	0.0520255573622483	correct	1	3
0	43451.457	43455.122	43451457 43455122	0.4	0.0520255573622483	correct	1	5
0	43448.817	43449.759	43448817 43449759	0.4	1.23535796948531	correct	1	1
0	43449.894	43451.105	43449894 43451105	0.4	1.23535796948531	correct	1	3
0	43451.457	43455.122	43451457 43455122	0.4	1.23535796948531	correct	1	5
0	43448.817	43449.759	43448817 43449759	0.4	Inf	correct	1	1
0	43449.894	43451.105	43449894 43451105	0.4	Inf	correct	1	3
0	43451.457	43455.122	43451457 43455122	0.4	Inf	correct	1	5
1	43448.817	43449.759	43448817 43449759	0.600000000000001	-Inf	false positive	1	2
1	43449.894	43451.105	43449894 43451105	0.600000000000001	-Inf	false positive	1	4
1	43451.457	43455.122	43451457 43455122	0.600000000000001	-Inf	false positive	1	6
1	43448.817	43449.759	43448817 43449759	0.600000000000001	-4.33973201486999	false positive	1	2
1	43449.894	43451.105	43449894 43451105	0.600000000000001	-4.33973201486999	false positive	1	4
1	43451.457	43455.122	43451457 43455122	0.600000000000001	-4.33973201486999	false positive	1	6
1	43448.817	43449.759	43448817 43449759	0.600000000000001	-3.89076502634595	false positive	1	2
0	43449.894	43451.105	43449894 43451105	0.600000000000001	-3.89076502634595	correct	1	3
0	43451.457	43455.122	43451457 43455122	0.600000000000001	-3.89076502634595	correct	1	5
1	43448.817	43449.759	43448817 43449759	0.600000000000001	-3.44606547093528	false positive	1	2
0	43449.894	43451.105	43449894 43451105	0.600000000000001	-3.44606547093528	correct	1	3
0	43451.457	43455.122	43451457 43455122	0.600000000000001	-3.44606547093528	correct	1	5
1	43448.817	43449.759	43448817 43449759	0.600000000000001	-3.09968223588423	false positive	1	2
0	43449.894	43451.105	43449894 43451105	0.600000000000001	-3.09968223588423	correct	1	3
0	43451.457	43455.122	43451457 43455122	0.600000000000001	-3.09968223588423	correct	1	5
1	43448.817	43449.759	43448817 43449759	0.600000000000001	-2.81672750310254	false positive	1	2
0	43449.894	43451.105	43449894 43451105	0.600000000000001	-2.81672750310254	correct	1	3
0	43451.457	43455.122	43451457 43455122	0.600000000000001	-2.81672750310254	correct	1	5
1	43448.817	43449.759	43448817 43449759	0.600000000000001	-2.524465240576	false positive	1	2
0	43449.894	43451.105	43449894 43451105	0.600000000000001	-2.524465240576	correct	1	3
0	43451.457	43455.122	43451457 43455122	0.600000000000001	-2.524465240576	correct	1	5
1	43448.817	43449.759	43448817 43449759	0.600000000000001	-2.38211495654429	false positive	1	2
0	43449.894	43451.105	43449894 43451105	0.600000000000001	-2.38211495654429	correct	1	3
0	43451.457	43455.122	43451457 43455122	0.600000000000001	-2.38211495654429	correct	1	5
1	43448.817	43449.759	43448817 43449759	0.600000000000001	-1.64716488283047	false positive	1	2
0	43449.894	43451.105	43449894 43451105	0.600000000000001	-1.64716488283047	correct	1	3
0	43451.457	43455.122	43451457 43455122	0.600000000000001	-1.64716488283047	correct	1	5
1	43448.817	43449.759	43448817 43449759	0.600000000000001	-0.990094964469779	false positive	1	2
0	43449.894	43451.105	43449894 43451105	0.600000000000001	-0.990094964469779	correct	1	3
0	43451.457	43455.122	43451457 43455122	0.600000000000001	-0.990094964469779	correct	1	5
0	43448.817	43449.759	43448817 43449759	0.600000000000001	-0.147186484534535	correct	1	1
0	43449.894	43451.105	43449894 43451105	0.600000000000001	-0.147186484534535	correct	1	3
0	43451.457	43455.122	43451457 43455122	0.600000000000001	-0.147186484534535	correct	1	5
0	43448.817	43449.759	43448817 43449759	0.600000000000001	1.13535796948531	correct	1	1
0	43449.894	43451.105	43449894 43451105	0.600000000000001	1.13535796948531	correct	1	3
0	43451.457	43455.122	43451457 43455122	0.600000000000001	1.13535796948531	correct	1	5
0	43448.817	43449.759	43448817 43449759	0.600000000000001	Inf	correct	1	1
0	43449.894	43451.105	43449894 43451105	0.600000000000001	Inf	correct	1	3
0	43451.457	43455.122	43451457 43455122	0.600000000000001	Inf	correct	1	5
1	43448.817	43449.759	43448817 43449759	0.800000000000001	-Inf	false positive	1	2
1	43449.894	43451.105	43449894 43451105	0.800000000000001	-Inf	false positive	1	4
1	43451.457	43455.122	43451457 43455122	0.800000000000001	-Inf	false positive	1	6
1	43448.817	43449.759	43448817 43449759	0.800000000000001	-4.43973201486999	false positive	1	2
1	43449.894	43451.105	43449894 43451105	0.800000000000001	-4.43973201486999	false positive	1	4
1	43451.457	43455.122	43451457 43455122	0.800000000000001	-4.43973201486999	false positive	1	6
1	43448.817	43449.759	43448817 43449759	0.800000000000001	-3.99076502634595	false positive	1	2
0	43449.894	43451.105	43449894 43451105	0.800000000000001	-3.99076502634595	correct	1	3
0	43451.457	43455.122	43451457 43455122	0.800000000000001	-3.99076502634595	correct	1	5
1	43448.817	43449.759	43448817 43449759	0.800000000000001	-3.59169083010477	false positive	1	2
0	43449.894	43451.105	43449894 43451105	0.800000000000001	-3.59169083010477	correct	1	3
0	43451.457	43455.122	43451457 43455122	0.800000000000001	-3.59169083010477	correct	1	5
1	43448.817	43449.759	43448817 43449759	0.800000000000001	-3.19968223588422	false positive	1	2
0	43449.894	43451.105	43449894 43451105	0.800000000000001	-3.19968223588422	correct	1	3
0	43451.457	43455.122	43451457 43455122	0.800000000000001	-3.19968223588422	correct	1	5
1	43448.817	43449.759	43448817 43449759	0.800000000000001	-2.87110214393305	false positive	1	2
0	43449.894	43451.105	43449894 43451105	0.800000000000001	-2.87110214393305	correct	1	3
0	43451.457	43455.122	43451457 43455122	0.800000000000001	-2.87110214393305	correct	1	5
1	43448.817	43449.759	43448817 43449759	0.800000000000001	-2.54579712711966	false positive	1	2
0	43449.894	43451.105	43449894 43451105	0.800000000000001	-2.54579712711966	correct	1	3
0	43451.457	43455.122	43451457 43455122	0.800000000000001	-2.54579712711966	correct	1	5
1	43448.817	43449.759	43448817 43449759	0.800000000000001	-2.48211495654429	false positive	1	2
0	43449.894	43451.105	43449894 43451105	0.800000000000001	-2.48211495654429	correct	1	3
0	43451.457	43455.122	43451457 43455122	0.800000000000001	-2.48211495654429	correct	1	5
1	43448.817	43449.759	43448817 43449759	0.800000000000001	-1.82583299628681	false positive	1	2
0	43449.894	43451.105	43449894 43451105	0.800000000000001	-1.82583299628681	correct	1	3
0	43451.457	43455.122	43451457 43455122	0.800000000000001	-1.82583299628681	correct	1	5
1	43448.817	43449.759	43448817 43449759	0.800000000000001	-1.09009496446978	false positive	1	2
0	43449.894	43451.105	43449894 43451105	0.800000000000001	-1.09009496446978	correct	1	3
0	43451.457	43455.122	43451457 43455122	0.800000000000001	-1.09009496446978	correct	1	5
0	43448.817	43449.759	43448817 43449759	0.800000000000001	-0.247186484534534	correct	1	1
0	43449.894	43451.105	43449894 43451105	0.800000000000001	-0.247186484534534	correct	1	3
0	43451.457	43455.122	43451457 43455122	0.800000000000001	-0.247186484534534	correct	1	5
0	43448.817	43449.759	43448817 43449759	0.800000000000001	1.03535796948531	correct	1	1
0	43449.894	43451.105	43449894 43451105	0.800000000000001	1.03535796948531	correct	1	3
0	43451.457	43455.122	43451457 43455122	0.800000000000001	1.03535796948531	correct	1	5
0	43448.817	43449.759	43448817 43449759	0.800000000000001	Inf	correct	1	1
0	43449.894	43451.105	43449894 43451105	0.800000000000001	Inf	correct	1	3
0	43451.457	43455.122	43451457 43455122	0.800000000000001	Inf	correct	1	5
1	43448.817	43449.759	43448817 43449759	1	-Inf	false positive	1	2
1	43449.894	43451.105	43449894 43451105	1	-Inf	false positive	1	4
1	43451.457	43455.122	43451457 43455122	1	-Inf	false positive	1	6
1	43448.817	43449.759	43448817 43449759	1	-4.58704105367987	false positive	1	2
1	43449.894	43451.105	43449894 43451105	1	-4.58704105367987	false positive	1	4
1	43451.457	43455.122	43451457 43455122	1	-4.58704105367987	false positive	1	6
1	43448.817	43449.759	43448817 43449759	1	-4.09076502634595	false positive	1	2
1	43449.894	43451.105	43449894 43451105	1	-4.09076502634595	false positive	1	4
1	43451.457	43455.122	43451457 43455122	1	-4.09076502634595	false positive	1	6
1	43448.817	43449.759	43448817 43449759	1	-3.74438179129489	false positive	1	2
0	43449.894	43451.105	43449894 43451105	1	-3.74438179129489	correct	1	3
0	43451.457	43455.122	43451457 43455122	1	-3.74438179129489	correct	1	5
1	43448.817	43449.759	43448817 43449759	1	-3.29968223588422	false positive	1	2
0	43449.894	43451.105	43449894 43451105	1	-3.29968223588422	correct	1	3
0	43451.457	43455.122	43451457 43455122	1	-3.29968223588422	correct	1	5
1	43448.817	43449.759	43448817 43449759	1	-2.92875185990134	false positive	1	2
0	43449.894	43451.105	43449894 43451105	1	-2.92875185990134	correct	1	3
0	43451.457	43455.122	43451457 43455122	1	-2.92875185990134	correct	1	5
1	43448.817	43449.759	43448817 43449759	1	-2.64579712711966	false positive	1	2
0	43449.894	43451.105	43449894 43451105	1	-2.64579712711966	correct	1	3
0	43451.457	43455.122	43451457 43455122	1	-2.64579712711966	correct	1	5
1	43448.817	43449.759	43448817 43449759	1	-2.524465240576	false positive	1	2
0	43449.894	43451.105	43449894 43451105	1	-2.524465240576	correct	1	3
0	43451.457	43455.122	43451457 43455122	1	-2.524465240576	correct	1	5
1	43448.817	43449.759	43448817 43449759	1	-1.92583299628681	false positive	1	2
0	43449.894	43451.105	43449894 43451105	1	-1.92583299628681	correct	1	3
0	43451.457	43455.122	43451457 43455122	1	-1.92583299628681	correct	1	5
1	43448.817	43449.759	43448817 43449759	1	-1.19009496446978	false positive	1	2
0	43449.894	43451.105	43449894 43451105	1	-1.19009496446978	correct	1	3
0	43451.457	43455.122	43451457 43455122	1	-1.19009496446978	correct	1	5
0	43448.817	43449.759	43448817 43449759	1	-0.347186484534534	correct	1	1
0	43449.894	43451.105	43449894 43451105	1	-0.347186484534534	correct	1	3
0	43451.457	43455.122	43451457 43455122	1	-0.347186484534534	correct	1	5
0	43448.817	43449.759	43448817 43449759	1	0.935357969485313	correct	1	1
0	43449.894	43451.105	43449894 43451105	1	0.935357969485313	correct	1	3
0	43451.457	43455.122	43451457 43455122	1	0.935357969485313	correct	1	5
0	43448.817	43449.759	43448817 43449759	1	Inf	correct	1	1
0	43449.894	43451.105	43449894 43451105	1	Inf	correct	1	3
0	43451.457	43455.122	43451457 43455122	1	Inf	correct	1	5
1	43448.817	43449.759	43448817 43449759	1.2	-Inf	false positive	1	2
1	43449.894	43451.105	43449894 43451105	1.2	-Inf	false positive	1	4
1	43451.457	43455.122	43451457 43455122	1.2	-Inf	false positive	1	6
1	43448.817	43449.759	43448817 43449759	1.2	-4.78704105367987	false positive	1	2
1	43449.894	43451.105	43449894 43451105	1.2	-4.78704105367987	false positive	1	4
1	43451.457	43455.122	43451457 43455122	1.2	-4.78704105367987	false positive	1	6
1	43448.817	43449.759	43448817 43449759	1.2	-4.19076502634595	false positive	1	2
1	43449.894	43451.105	43449894 43451105	1.2	-4.19076502634595	false positive	1	4
1	43451.457	43455.122	43451457 43455122	1.2	-4.19076502634595	false positive	1	6
1	43448.817	43449.759	43448817 43449759	1.2	-3.84438179129489	false positive	1	2
0	43449.894	43451.105	43449894 43451105	1.2	-3.84438179129489	correct	1	3
0	43451.457	43455.122	43451457 43455122	1.2	-3.84438179129489	correct	1	5
1	43448.817	43449.759	43448817 43449759	1.2	-3.39968223588422	false positive	1	2
0	43449.894	43451.105	43449894 43451105	1.2	-3.39968223588422	correct	1	3
0	43451.457	43455.122	43451457 43455122	1.2	-3.39968223588422	correct	1	5
1	43448.817	43449.759	43448817 43449759	1.2	-3.02875185990134	false positive	1	2
0	43449.894	43451.105	43449894 43451105	1.2	-3.02875185990134	correct	1	3
0	43451.457	43455.122	43451457 43455122	1.2	-3.02875185990134	correct	1	5
1	43448.817	43449.759	43448817 43449759	1.2	-2.74579712711966	false positive	1	2
0	43449.894	43451.105	43449894 43451105	1.2	-2.74579712711966	correct	1	3
0	43451.457	43455.122	43451457 43455122	1.2	-2.74579712711966	correct	1	5
1	43448.817	43449.759	43448817 43449759	1.2	-2.524465240576	false positive	1	2
0	43449.894	43451.105	43449894 43451105	1.2	-2.524465240576	correct	1	3
0	43451.457	43455.122	43451457 43455122	1.2	-2.524465240576	correct	1	5
1	43448.817	43449.759	43448817 43449759	1.2	-2.02583299628681	false positive	1	2
0	43449.894	43451.105	43449894 43451105	1.2	-2.02583299628681	correct	1	3
0	43451.457	43455.122	43451457 43455122	1.2	-2.02583299628681	correct	1	5
1	43448.817	43449.759	43448817 43449759	1.2	-1.29009496446978	false positive	1	2
0	43449.894	43451.105	43449894 43451105	1.2	-1.29009496446978	correct	1	3
0	43451.457	43455.122	43451457 43455122	1.2	-1.29009496446978	correct	1	5
0	43448.817	43449.759	43448817 43449759	1.2	-0.447186484534534	correct	1	1
0	43449.894	43451.105	43449894 43451105	1.2	-0.447186484534534	correct	1	3
0	43451.457	43455.122	43451457 43455122	1.2	-0.447186484534534	correct	1	5
0	43448.817	43449.759	43448817 43449759	1.2	0.835357969485314	correct	1	1
0	43449.894	43451.105	43449894 43451105	1.2	0.835357969485314	correct	1	3
0	43451.457	43455.122	43451457 43455122	1.2	0.835357969485314	correct	1	5
0	43448.817	43449.759	43448817 43449759	1.2	Inf	correct	1	1
0	43449.894	43451.105	43449894 43451105	1.2	Inf	correct	1	3
0	43451.457	43455.122	43451457 43455122	1.2	Inf	correct	1	5
1	43448.817	43449.759	43448817 43449759	1.4	-Inf	false positive	1	2
1	43449.894	43451.105	43449894 43451105	1.4	-Inf	false positive	1	4
1	43451.457	43455.122	43451457 43455122	1.4	-Inf	false positive	1	6
1	43448.817	43449.759	43448817 43449759	1.4	-4.98704105367987	false positive	1	2
1	43449.894	43451.105	43449894 43451105	1.4	-4.98704105367987	false positive	1	4
1	43451.457	43455.122	43451457 43455122	1.4	-4.98704105367987	false positive	1	6
1	43448.817	43449.759	43448817 43449759	1.4	-4.29076502634595	false positive	1	2
1	43449.894	43451.105	43449894 43451105	1.4	-4.29076502634595	false positive	1	4
1	43451.457	43455.122	43451457 43455122	1.4	-4.29076502634595	false positive	1	6
1	43448.817	43449.759	43448817 43449759	1.4	-3.94438179129489	false positive	1	2
0	43449.894	43451.105	43449894 43451105	1.4	-3.94438179129489	correct	1	3
0	43451.457	43455.122	43451457 43455122	1.4	-3.94438179129489	correct	1	5
1	43448.817	43449.759	43448817 43449759	1.4	-3.49968223588422	false positive	1	2
0	43449.894	43451.105	43449894 43451105	1.4	-3.49968223588422	correct	1	3
0	43451.457	43455.122	43451457 43455122	1.4	-3.49968223588422	correct	1	5
1	43448.817	43449.759	43448817 43449759	1.4	-3.12875185990134	false positive	1	2
0	43449.894	43451.105	43449894 43451105	1.4	-3.12875185990134	correct	1	3
0	43451.457	43455.122	43451457 43455122	1.4	-3.12875185990134	correct	1	5
1	43448.817	43449.759	43448817 43449759	1.4	-2.84579712711966	false positive	1	2
0	43449.894	43451.105	43449894 43451105	1.4	-2.84579712711966	correct	1	3
0	43451.457	43455.122	43451457 43455122	1.4	-2.84579712711966	correct	1	5
1	43448.817	43449.759	43448817 43449759	1.4	-2.524465240576	false positive	1	2
0	43449.894	43451.105	43449894 43451105	1.4	-2.524465240576	correct	1	3
0	43451.457	43455.122	43451457 43455122	1.4	-2.524465240576	correct	1	5
1	43448.817	43449.759	43448817 43449759	1.4	-2.12583299628681	false positive	1	2
0	43449.894	43451.105	43449894 43451105	1.4	-2.12583299628681	correct	1	3
0	43451.457	43455.122	43451457 43455122	1.4	-2.12583299628681	correct	1	5
1	43448.817	43449.759	43448817 43449759	1.4	-1.39009496446978	false positive	1	2
0	43449.894	43451.105	43449894 43451105	1.4	-1.39009496446978	correct	1	3
0	43451.457	43455.122	43451457 43455122	1.4	-1.39009496446978	correct	1	5
0	43448.817	43449.759	43448817 43449759	1.4	-0.547186484534534	correct	1	1
0	43449.894	43451.105	43449894 43451105	1.4	-0.547186484534534	correct	1	3
0	43451.457	43455.122	43451457 43455122	1.4	-0.547186484534534	correct	1	5
0	43448.817	43449.759	43448817 43449759	1.4	0.735357969485313	correct	1	1
0	43449.894	43451.105	43449894 43451105	1.4	0.735357969485313	correct	1	3
0	43451.457	43455.122	43451457 43455122	1.4	0.735357969485313	correct	1	5
0	43448.817	43449.759	43448817 43449759	1.4	Inf	correct	1	1
0	43449.894	43451.105	43449894 43451105	1.4	Inf	correct	1	3
0	43451.457	43455.122	43451457 43455122	1.4	Inf	correct	1	5
1	43448.817	43449.759	43448817 43449759	1.6	-Inf	false positive	1	2
1	43449.894	43451.105	43449894 43451105	1.6	-Inf	false positive	1	4
1	43451.457	43455.122	43451457 43455122	1.6	-Inf	false positive	1	6
1	43448.817	43449.759	43448817 43449759	1.6	-5.18704105367987	false positive	1	2
1	43449.894	43451.105	43449894 43451105	1.6	-5.18704105367987	false positive	1	4
1	43451.457	43455.122	43451457 43455122	1.6	-5.18704105367987	false positive	1	6
1	43448.817	43449.759	43448817 43449759	1.6	-4.39169083010477	false positive	1	2
1	43449.894	43451.105	43449894 43451105	1.6	-4.39169083010477	false positive	1	4
1	43451.457	43455.122	43451457 43455122	1.6	-4.39169083010477	false positive	1	6
1	43448.817	43449.759	43448817 43449759	1.6	-4.04438179129489	false positive	1	2
1	43449.894	43451.105	43449894 43451105	1.6	-4.04438179129489	false positive	1	4
1	43451.457	43455.122	43451457 43455122	1.6	-4.04438179129489	false positive	1	6
1	43448.817	43449.759	43448817 43449759	1.6	-3.67345141531201	false positive	1	2
0	43449.894	43451.105	43449894 43451105	1.6	-3.67345141531201	correct	1	3
0	43451.457	43455.122	43451457 43455122	1.6	-3.67345141531201	correct	1	5
1	43448.817	43449.759	43448817 43449759	1.6	-3.22875185990134	false positive	1	2
0	43449.894	43451.105	43449894 43451105	1.6	-3.22875185990134	correct	1	3
0	43451.457	43455.122	43451457 43455122	1.6	-3.22875185990134	correct	1	5
1	43448.817	43449.759	43448817 43449759	1.6	-2.87110214393305	false positive	1	2
0	43449.894	43451.105	43449894 43451105	1.6	-2.87110214393305	correct	1	3
0	43451.457	43455.122	43451457 43455122	1.6	-2.87110214393305	correct	1	5
1	43448.817	43449.759	43448817 43449759	1.6	-2.524465240576	false positive	1	2
0	43449.894	43451.105	43449894 43451105	1.6	-2.524465240576	correct	1	3
0	43451.457	43455.122	43451457 43455122	1.6	-2.524465240576	correct	1	5
1	43448.817	43449.759	43448817 43449759	1.6	-2.22583299628681	false positive	1	2
0	43449.894	43451.105	43449894 43451105	1.6	-2.22583299628681	correct	1	3
0	43451.457	43455.122	43451457 43455122	1.6	-2.22583299628681	correct	1	5
1	43448.817	43449.759	43448817 43449759	1.6	-1.49009496446978	false positive	1	2
0	43449.894	43451.105	43449894 43451105	1.6	-1.49009496446978	correct	1	3
0	43451.457	43455.122	43451457 43455122	1.6	-1.49009496446978	correct	1	5
0	43448.817	43449.759	43448817 43449759	1.6	-0.647186484534535	correct	1	1
0	43449.894	43451.105	43449894 43451105	1.6	-0.647186484534535	correct	1	3
0	43451.457	43455.122	43451457 43455122	1.6	-0.647186484534535	correct	1	5
0	43448.817	43449.759	43448817 43449759	1.6	0.635357969485312	correct	1	1
0	43449.894	43451.105	43449894 43451105	1.6	0.635357969485312	correct	1	3
0	43451.457	43455.122	43451457 43455122	1.6	0.635357969485312	correct	1	5
0	43448.817	43449.759	43448817 43449759	1.6	Inf	correct	1	1
0	43449.894	43451.105	43449894 43451105	1.6	Inf	correct	1	3
0	43451.457	43455.122	43451457 43455122	1.6	Inf	correct	1	5
1	43448.817	43449.759	43448817 43449759	1.8	-Inf	false positive	1	2
1	43449.894	43451.105	43449894 43451105	1.8	-Inf	false positive	1	4
1	43451.457	43455.122	43451457 43455122	1.8	-Inf	false positive	1	6
1	43448.817	43449.759	43448817 43449759	1.8	-5.38704105367987	false positive	1	2
1	43449.894	43451.105	43449894 43451105	1.8	-5.38704105367987	false positive	1	4
1	43451.457	43455.122	43451457 43455122	1.8	-5.38704105367987	false positive	1	6
1	43448.817	43449.759	43448817 43449759	1.8	-4.59169083010477	false positive	1	2
1	43449.894	43451.105	43449894 43451105	1.8	-4.59169083010477	false positive	1	4
1	43451.457	43455.122	43451457 43455122	1.8	-4.59169083010477	false positive	1	6
1	43448.817	43449.759	43448817 43449759	1.8	-4.14438179129489	false positive	1	2
1	43449.894	43451.105	43449894 43451105	1.8	-4.14438179129489	false positive	1	4
1	43451.457	43455.122	43451457 43455122	1.8	-4.14438179129489	false positive	1	6
1	43448.817	43449.759	43448817 43449759	1.8	-3.77345141531201	false positive	1	2
0	43449.894	43451.105	43449894 43451105	1.8	-3.77345141531201	correct	1	3
0	43451.457	43455.122	43451457 43455122	1.8	-3.77345141531201	correct	1	5
1	43448.817	43449.759	43448817 43449759	1.8	-3.32875185990134	false positive	1	2
0	43449.894	43451.105	43449894 43451105	1.8	-3.32875185990134	correct	1	3
0	43451.457	43455.122	43451457 43455122	1.8	-3.32875185990134	correct	1	5
1	43448.817	43449.759	43448817 43449759	1.8	-2.87110214393305	false positive	1	2
0	43449.894	43451.105	43449894 43451105	1.8	-2.87110214393305	correct	1	3
0	43451.457	43455.122	43451457 43455122	1.8	-2.87110214393305	correct	1	5
1	43448.817	43449.759	43448817 43449759	1.8	-2.524465240576	false positive	1	2
0	43449.894	43451.105	43449894 43451105	1.8	-2.524465240576	correct	1	3
0	43451.457	43455.122	43451457 43455122	1.8	-2.524465240576	correct	1	5
1	43448.817	43449.759	43448817 43449759	1.8	-2.32583299628681	false positive	1	2
0	43449.894	43451.105	43449894 43451105	1.8	-2.32583299628681	correct	1	3
0	43451.457	43455.122	43451457 43455122	1.8	-2.32583299628681	correct	1	5
1	43448.817	43449.759	43448817 43449759	1.8	-1.59009496446978	false positive	1	2
0	43449.894	43451.105	43449894 43451105	1.8	-1.59009496446978	correct	1	3
0	43451.457	43455.122	43451457 43455122	1.8	-1.59009496446978	correct	1	5
0	43448.817	43449.759	43448817 43449759	1.8	-0.747186484534534	correct	1	1
0	43449.894	43451.105	43449894 43451105	1.8	-0.747186484534534	correct	1	3
0	43451.457	43455.122	43451457 43455122	1.8	-0.747186484534534	correct	1	5
0	43448.817	43449.759	43448817 43449759	1.8	0.535357969485313	correct	1	1
0	43449.894	43451.105	43449894 43451105	1.8	0.535357969485313	correct	1	3
0	43451.457	43455.122	43451457 43455122	1.8	0.535357969485313	correct	1	5
0	43448.817	43449.759	43448817 43449759	1.8	Inf	correct	1	1
0	43449.894	43451.105	43449894 43451105	1.8	Inf	correct	1	3
0	43451.457	43455.122	43451457 43455122	1.8	Inf	correct	1	5
1	43448.817	43449.759	43448817 43449759	2	-Inf	false positive	1	2
1	43449.894	43451.105	43449894 43451105	2	-Inf	false positive	1	4
1	43451.457	43455.122	43451457 43455122	2	-Inf	false positive	1	6
1	43448.817	43449.759	43448817 43449759	2	-5.58704105367987	false positive	1	2
1	43449.894	43451.105	43449894 43451105	2	-5.58704105367987	false positive	1	4
1	43451.457	43455.122	43451457 43455122	2	-5.58704105367987	false positive	1	6
1	43448.817	43449.759	43448817 43449759	2	-4.79169083010477	false positive	1	2
1	43449.894	43451.105	43449894 43451105	2	-4.79169083010477	false positive	1	4
1	43451.457	43455.122	43451457 43455122	2	-4.79169083010477	false positive	1	6
1	43448.817	43449.759	43448817 43449759	2	-4.24438179129489	false positive	1	2
1	43449.894	43451.105	43449894 43451105	2	-4.24438179129489	false positive	1	4
1	43451.457	43455.122	43451457 43455122	2	-4.24438179129489	false positive	1	6
1	43448.817	43449.759	43448817 43449759	2	-3.87345141531201	false positive	1	2
0	43449.894	43451.105	43449894 43451105	2	-3.87345141531201	correct	1	3
0	43451.457	43455.122	43451457 43455122	2	-3.87345141531201	correct	1	5
1	43448.817	43449.759	43448817 43449759	2	-3.42875185990134	false positive	1	2
0	43449.894	43451.105	43449894 43451105	2	-3.42875185990134	correct	1	3
0	43451.457	43455.122	43451457 43455122	2	-3.42875185990134	correct	1	5
1	43448.817	43449.759	43448817 43449759	2	-2.87110214393305	false positive	1	2
0	43449.894	43451.105	43449894 43451105	2	-2.87110214393305	correct	1	3
0	43451.457	43455.122	43451457 43455122	2	-2.87110214393305	correct	1	5
1	43448.817	43449.759	43448817 43449759	2	-2.524465240576	false positive	1	2
0	43449.894	43451.105	43449894 43451105	2	-2.524465240576	correct	1	3
0	43451.457	43455.122	43451457 43455122	2	-2.524465240576	correct	1	5
1	43448.817	43449.759	43448817 43449759	2	-2.42583299628681	false positive	1	2
0	43449.894	43451.105	43449894 43451105	2	-2.42583299628681	correct	1	3
0	43451.457	43455.122	43451457 43455122	2	-2.42583299628681	correct	1	5
1	43448.817	43449.759	43448817 43449759	2	-1.69009496446978	false positive	1	2
0	43449.894	43451.105	43449894 43451105	2	-1.69009496446978	correct	1	3
0	43451.457	43455.122	43451457 43455122	2	-1.69009496446978	correct	1	5
0	43448.817	43449.759	43448817 43449759	2	-0.847186484534534	correct	1	1
0	43449.894	43451.105	43449894 43451105	2	-0.847186484534534	correct	1	3
0	43451.457	43455.122	43451457 43455122	2	-0.847186484534534	correct	1	5
0	43448.817	43449.759	43448817 43449759	2	0.435357969485313	correct	1	1
0	43449.894	43451.105	43449894 43451105	2	0.435357969485313	correct	1	3
0	43451.457	43455.122	43451457 43455122	2	0.435357969485313	correct	1	5
0	43448.817	43449.759	43448817 43449759	2	Inf	correct	1	1
0	43449.894	43451.105	43449894 43451105	2	Inf	correct	1	3
0	43451.457	43455.122	43451457 43455122	2	Inf	correct	1	5
1	43448.817	43449.759	43448817 43449759	2.2	-Inf	false positive	1	2
1	43449.894	43451.105	43449894 43451105	2.2	-Inf	false positive	1	4
1	43451.457	43455.122	43451457 43455122	2.2	-Inf	false positive	1	6
1	43448.817	43449.759	43448817 43449759	2.2	-5.78704105367987	false positive	1	2
1	43449.894	43451.105	43449894 43451105	2.2	-5.78704105367987	false positive	1	4
1	43451.457	43455.122	43451457 43455122	2.2	-5.78704105367987	false positive	1	6
1	43448.817	43449.759	43448817 43449759	2.2	-4.99169083010477	false positive	1	2
1	43449.894	43451.105	43449894 43451105	2.2	-4.99169083010477	false positive	1	4
1	43451.457	43455.122	43451457 43455122	2.2	-4.99169083010477	false positive	1	6
1	43448.817	43449.759	43448817 43449759	2.2	-4.34438179129489	false positive	1	2
1	43449.894	43451.105	43449894 43451105	2.2	-4.34438179129489	false positive	1	4
1	43451.457	43455.122	43451457 43455122	2.2	-4.34438179129489	false positive	1	6
1	43448.817	43449.759	43448817 43449759	2.2	-3.97345141531201	false positive	1	2
0	43449.894	43451.105	43449894 43451105	2.2	-3.97345141531201	correct	1	3
0	43451.457	43455.122	43451457 43455122	2.2	-3.97345141531201	correct	1	5
1	43448.817	43449.759	43448817 43449759	2.2	-3.52875185990134	false positive	1	2
0	43449.894	43451.105	43449894 43451105	2.2	-3.52875185990134	correct	1	3
0	43451.457	43455.122	43451457 43455122	2.2	-3.52875185990134	correct	1	5
1	43448.817	43449.759	43448817 43449759	2.2	-2.87246989964386	false positive	1	2
0	43449.894	43451.105	43449894 43451105	2.2	-2.87246989964386	correct	1	3
0	43451.457	43455.122	43451457 43455122	2.2	-2.87246989964386	correct	1	5
1	43448.817	43449.759	43448817 43449759	2.2	-2.58951516686218	false positive	1	2
0	43449.894	43451.105	43449894 43451105	2.2	-2.58951516686218	correct	1	3
0	43451.457	43455.122	43451457 43455122	2.2	-2.58951516686218	correct	1	5
1	43448.817	43449.759	43448817 43449759	2.2	-2.524465240576	false positive	1	2
0	43449.894	43451.105	43449894 43451105	2.2	-2.524465240576	correct	1	3
0	43451.457	43455.122	43451457 43455122	2.2	-2.524465240576	correct	1	5
1	43448.817	43449.759	43448817 43449759	2.2	-1.7250450381836	false positive	1	2
0	43449.894	43451.105	43449894 43451105	2.2	-1.7250450381836	correct	1	3
0	43451.457	43455.122	43451457 43455122	2.2	-1.7250450381836	correct	1	5
0	43448.817	43449.759	43448817 43449759	2.2	-0.947186484534534	correct	1	1
0	43449.894	43451.105	43449894 43451105	2.2	-0.947186484534534	correct	1	3
0	43451.457	43455.122	43451457 43455122	2.2	-0.947186484534534	correct	1	5
0	43448.817	43449.759	43448817 43449759	2.2	0.335357969485314	correct	1	1
0	43449.894	43451.105	43449894 43451105	2.2	0.335357969485314	correct	1	3
0	43451.457	43455.122	43451457 43455122	2.2	0.335357969485314	correct	1	5
0	43448.817	43449.759	43448817 43449759	2.2	Inf	correct	1	1
0	43449.894	43451.105	43449894 43451105	2.2	Inf	correct	1	3
0	43451.457	43455.122	43451457 43455122	2.2	Inf	correct	1	5
1	43448.817	43449.759	43448817 43449759	2.4	-Inf	false positive	1	2
1	43449.894	43451.105	43449894 43451105	2.4	-Inf	false positive	1	4
1	43451.457	43455.122	43451457 43455122	2.4	-Inf	false positive	1	6
1	43448.817	43449.759	43448817 43449759	2.4	-5.98704105367987	false positive	1	2
1	43449.894	43451.105	43449894 43451105	2.4	-5.98704105367987	false positive	1	4
1	43451.457	43455.122	43451457 43455122	2.4	-5.98704105367987	false positive	1	6
1	43448.817	43449.759	43448817 43449759	2.4	-5.19169083010477	false positive	1	2
1	43449.894	43451.105	43449894 43451105	2.4	-5.19169083010477	false positive	1	4
1	43451.457	43455.122	43451457 43455122	2.4	-5.19169083010477	false positive	1	6
1	43448.817	43449.759	43448817 43449759	2.4	-4.47437721907083	false positive	1	2
1	43449.894	43451.105	43449894 43451105	2.4	-4.47437721907083	false positive	1	4
1	43451.457	43455.122	43451457 43455122	2.4	-4.47437721907083	false positive	1	6
1	43448.817	43449.759	43448817 43449759	2.4	-4.07345141531201	false positive	1	2
1	43449.894	43451.105	43449894 43451105	2.4	-4.07345141531201	false positive	1	4
1	43451.457	43455.122	43451457 43455122	2.4	-4.07345141531201	false positive	1	6
1	43448.817	43449.759	43448817 43449759	2.4	-3.5987564321254	false positive	1	2
0	43449.894	43451.105	43449894 43451105	2.4	-3.5987564321254	correct	1	3
0	43451.457	43455.122	43451457 43455122	2.4	-3.5987564321254	correct	1	5
1	43448.817	43449.759	43448817 43449759	2.4	-2.97246989964386	false positive	1	2
0	43449.894	43451.105	43449894 43451105	2.4	-2.97246989964386	correct	1	3
0	43451.457	43455.122	43451457 43455122	2.4	-2.97246989964386	correct	1	5
1	43448.817	43449.759	43448817 43449759	2.4	-2.68951516686218	false positive	1	2
0	43449.894	43451.105	43449894 43451105	2.4	-2.68951516686218	correct	1	3
0	43451.457	43455.122	43451457 43455122	2.4	-2.68951516686218	correct	1	5
1	43448.817	43449.759	43448817 43449759	2.4	-2.524465240576	false positive	1	2
0	43449.894	43451.105	43449894 43451105	2.4	-2.524465240576	correct	1	3
0	43451.457	43455.122	43451457 43455122	2.4	-2.524465240576	correct	1	5
1	43448.817	43449.759	43448817 43449759	2.4	-1.78292451635157	false positive	1	2
0	43449.894	43451.105	43449894 43451105	2.4	-1.78292451635157	correct	1	3
0	43451.457	43455.122	43451457 43455122	2.4	-1.78292451635157	correct	1	5
1	43448.817	43449.759	43448817 43449759	2.4	-1.04718648453453	false positive	1	2
0	43449.894	43451.105	43449894 43451105	2.4	-1.04718648453453	correct	1	3
0	43451.457	43455.122	43451457 43455122	2.4	-1.04718648453453	correct	1	5
0	43448.817	43449.759	43448817 43449759	2.4	0.293237447653286	correct	1	1
0	43449.894	43451.105	43449894 43451105	2.4	0.293237447653286	correct	1	3
0	43451.457	43455.122	43451457 43455122	2.4	0.293237447653286	correct	1	5
0	43448.817	43449.759	43448817 43449759	2.4	Inf	correct	1	1
0	43449.894	43451.105	43449894 43451105	2.4	Inf	correct	1	3
0	43451.457	43455.122	43451457 43455122	2.4	Inf	correct	1	5
1	43448.817	43449.759	43448817 43449759	2.6	-Inf	false positive	1	2
1	43449.894	43451.105	43449894 43451105	2.6	-Inf	false positive	1	4
1	43451.457	43455.122	43451457 43455122	2.6	-Inf	false positive	1	6
1	43448.817	43449.759	43448817 43449759	2.6	-6.18704105367987	false positive	1	2
1	43449.894	43451.105	43449894 43451105	2.6	-6.18704105367987	false positive	1	4
1	43451.457	43455.122	43451457 43455122	2.6	-6.18704105367987	false positive	1	6
1	43448.817	43449.759	43448817 43449759	2.6	-5.39169083010477	false positive	1	2
1	43449.894	43451.105	43449894 43451105	2.6	-5.39169083010477	false positive	1	4
1	43451.457	43455.122	43451457 43455122	2.6	-5.39169083010477	false positive	1	6
1	43448.817	43449.759	43448817 43449759	2.6	-4.67437721907083	false positive	1	2
1	43449.894	43451.105	43449894 43451105	2.6	-4.67437721907083	false positive	1	4
1	43451.457	43455.122	43451457 43455122	2.6	-4.67437721907083	false positive	1	6
1	43448.817	43449.759	43448817 43449759	2.6	-4.17345141531201	false positive	1	2
1	43449.894	43451.105	43449894 43451105	2.6	-4.17345141531201	false positive	1	4
1	43451.457	43455.122	43451457 43455122	2.6	-4.17345141531201	false positive	1	6
1	43448.817	43449.759	43448817 43449759	2.6	-3.5987564321254	false positive	1	2
0	43449.894	43451.105	43449894 43451105	2.6	-3.5987564321254	correct	1	3
0	43451.457	43455.122	43451457 43455122	2.6	-3.5987564321254	correct	1	5
1	43448.817	43449.759	43448817 43449759	2.6	-3.07246989964386	false positive	1	2
0	43449.894	43451.105	43449894 43451105	2.6	-3.07246989964386	correct	1	3
0	43451.457	43455.122	43451457 43455122	2.6	-3.07246989964386	correct	1	5
1	43448.817	43449.759	43448817 43449759	2.6	-2.78951516686218	false positive	1	2
0	43449.894	43451.105	43449894 43451105	2.6	-2.78951516686218	correct	1	3
0	43451.457	43455.122	43451457 43455122	2.6	-2.78951516686218	correct	1	5
1	43448.817	43449.759	43448817 43449759	2.6	-2.524465240576	false positive	1	2
0	43449.894	43451.105	43449894 43451105	2.6	-2.524465240576	correct	1	3
0	43451.457	43455.122	43451457 43455122	2.6	-2.524465240576	correct	1	5
1	43448.817	43449.759	43448817 43449759	2.6	-1.88292451635157	false positive	1	2
0	43449.894	43451.105	43449894 43451105	2.6	-1.88292451635157	correct	1	3
0	43451.457	43455.122	43451457 43455122	2.6	-1.88292451635157	correct	1	5
1	43448.817	43449.759	43448817 43449759	2.6	-1.14718648453453	false positive	1	2
0	43449.894	43451.105	43449894 43451105	2.6	-1.14718648453453	correct	1	3
0	43451.457	43455.122	43451457 43455122	2.6	-1.14718648453453	correct	1	5
0	43448.817	43449.759	43448817 43449759	2.6	0.293237447653286	correct	1	1
0	43449.894	43451.105	43449894 43451105	2.6	0.293237447653286	correct	1	3
0	43451.457	43455.122	43451457 43455122	2.6	0.293237447653286	correct	1	5
0	43448.817	43449.759	43448817 43449759	2.6	Inf	correct	1	1
0	43449.894	43451.105	43449894 43451105	2.6	Inf	correct	1	3
0	43451.457	43455.122	43451457 43455122	2.6	Inf	correct	1	5
1	43448.817	43449.759	43448817 43449759	2.8	-Inf	false positive	1	2
1	43449.894	43451.105	43449894 43451105	2.8	-Inf	false positive	1	4
1	43451.457	43455.122	43451457 43455122	2.8	-Inf	false positive	1	6
1	43448.817	43449.759	43448817 43449759	2.8	-6.38704105367987	false positive	1	2
1	43449.894	43451.105	43449894 43451105	2.8	-6.38704105367987	false positive	1	4
1	43451.457	43455.122	43451457 43455122	2.8	-6.38704105367987	false positive	1	6
1	43448.817	43449.759	43448817 43449759	2.8	-5.59169083010477	false positive	1	2
1	43449.894	43451.105	43449894 43451105	2.8	-5.59169083010477	false positive	1	4
1	43451.457	43455.122	43451457 43455122	2.8	-5.59169083010477	false positive	1	6
1	43448.817	43449.759	43448817 43449759	2.8	-4.87437721907083	false positive	1	2
1	43449.894	43451.105	43449894 43451105	2.8	-4.87437721907083	false positive	1	4
1	43451.457	43455.122	43451457 43455122	2.8	-4.87437721907083	false positive	1	6
1	43448.817	43449.759	43448817 43449759	2.8	-4.27345141531201	false positive	1	2
1	43449.894	43451.105	43449894 43451105	2.8	-4.27345141531201	false positive	1	4
1	43451.457	43455.122	43451457 43455122	2.8	-4.27345141531201	false positive	1	6
1	43448.817	43449.759	43448817 43449759	2.8	-3.61716945505453	false positive	1	2
0	43449.894	43451.105	43449894 43451105	2.8	-3.61716945505453	correct	1	3
0	43451.457	43455.122	43451457 43455122	2.8	-3.61716945505453	correct	1	5
1	43448.817	43449.759	43448817 43449759	2.8	-3.17246989964386	false positive	1	2
0	43449.894	43451.105	43449894 43451105	2.8	-3.17246989964386	correct	1	3
0	43451.457	43455.122	43451457 43455122	2.8	-3.17246989964386	correct	1	5
1	43448.817	43449.759	43448817 43449759	2.8	-2.87110214393305	false positive	1	2
0	43449.894	43451.105	43449894 43451105	2.8	-2.87110214393305	correct	1	3
0	43451.457	43455.122	43451457 43455122	2.8	-2.87110214393305	correct	1	5
1	43448.817	43449.759	43448817 43449759	2.8	-2.524465240576	false positive	1	2
0	43449.894	43451.105	43449894 43451105	2.8	-2.524465240576	correct	1	3
0	43451.457	43455.122	43451457 43455122	2.8	-2.524465240576	correct	1	5
1	43448.817	43449.759	43448817 43449759	2.8	-1.98292451635157	false positive	1	2
0	43449.894	43451.105	43449894 43451105	2.8	-1.98292451635157	correct	1	3
0	43451.457	43455.122	43451457 43455122	2.8	-1.98292451635157	correct	1	5
1	43448.817	43449.759	43448817 43449759	2.8	-1.24718648453453	false positive	1	2
0	43449.894	43451.105	43449894 43451105	2.8	-1.24718648453453	correct	1	3
0	43451.457	43455.122	43451457 43455122	2.8	-1.24718648453453	correct	1	5
0	43448.817	43449.759	43448817 43449759	2.8	0.293237447653286	correct	1	1
0	43449.894	43451.105	43449894 43451105	2.8	0.293237447653286	correct	1	3
0	43451.457	43455.122	43451457 43455122	2.8	0.293237447653286	correct	1	5
0	43448.817	43449.759	43448817 43449759	2.8	Inf	correct	1	1
0	43449.894	43451.105	43449894 43451105	2.8	Inf	correct	1	3
0	43451.457	43455.122	43451457 43455122	2.8	Inf	correct	1	5
1	43448.817	43449.759	43448817 43449759	3	-Inf	false positive	1	2
1	43449.894	43451.105	43449894 43451105	3	-Inf	false positive	1	4
1	43451.457	43455.122	43451457 43455122	3	-Inf	false positive	1	6
1	43448.817	43449.759	43448817 43449759	3	-6.58704105367987	false positive	1	2
1	43449.894	43451.105	43449894 43451105	3	-6.58704105367987	false positive	1	4
1	43451.457	43455.122	43451457 43455122	3	-6.58704105367987	false positive	1	6
1	43448.817	43449.759	43448817 43449759	3	-5.79169083010477	false positive	1	2
1	43449.894	43451.105	43449894 43451105	3	-5.79169083010477	false positive	1	4
1	43451.457	43455.122	43451457 43455122	3	-5.79169083010477	false positive	1	6
1	43448.817	43449.759	43448817 43449759	3	-5.07437721907083	false positive	1	2
1	43449.894	43451.105	43449894 43451105	3	-5.07437721907083	false positive	1	4
1	43451.457	43455.122	43451457 43455122	3	-5.07437721907083	false positive	1	6
1	43448.817	43449.759	43448817 43449759	3	-4.37345141531201	false positive	1	2
1	43449.894	43451.105	43449894 43451105	3	-4.37345141531201	false positive	1	4
1	43451.457	43455.122	43451457 43455122	3	-4.37345141531201	false positive	1	6
1	43448.817	43449.759	43448817 43449759	3	-3.71716945505453	false positive	1	2
0	43449.894	43451.105	43449894 43451105	3	-3.71716945505453	correct	1	3
0	43451.457	43455.122	43451457 43455122	3	-3.71716945505453	correct	1	5
1	43448.817	43449.759	43448817 43449759	3	-3.27246989964386	false positive	1	2
0	43449.894	43451.105	43449894 43451105	3	-3.27246989964386	correct	1	3
0	43451.457	43455.122	43451457 43455122	3	-3.27246989964386	correct	1	5
1	43448.817	43449.759	43448817 43449759	3	-2.87110214393305	false positive	1	2
0	43449.894	43451.105	43449894 43451105	3	-2.87110214393305	correct	1	3
0	43451.457	43455.122	43451457 43455122	3	-2.87110214393305	correct	1	5
1	43448.817	43449.759	43448817 43449759	3	-2.524465240576	false positive	1	2
0	43449.894	43451.105	43449894 43451105	3	-2.524465240576	correct	1	3
0	43451.457	43455.122	43451457 43455122	3	-2.524465240576	correct	1	5
1	43448.817	43449.759	43448817 43449759	3	-2.08292451635157	false positive	1	2
0	43449.894	43451.105	43449894 43451105	3	-2.08292451635157	correct	1	3
0	43451.457	43455.122	43451457 43455122	3	-2.08292451635157	correct	1	5
1	43448.817	43449.759	43448817 43449759	3	-1.34718648453453	false positive	1	2
0	43449.894	43451.105	43449894 43451105	3	-1.34718648453453	correct	1	3
0	43451.457	43455.122	43451457 43455122	3	-1.34718648453453	correct	1	5
0	43448.817	43449.759	43448817 43449759	3	0.293237447653286	correct	1	1
0	43449.894	43451.105	43449894 43451105	3	0.293237447653286	correct	1	3
0	43451.457	43455.122	43451457 43455122	3	0.293237447653286	correct	1	5
0	43448.817	43449.759	43448817 43449759	3	Inf	correct	1	1
0	43449.894	43451.105	43449894 43451105	3	Inf	correct	1	3
0	43451.457	43455.122	43451457 43455122	3	Inf	correct	1	5
1	43448.817	43449.759	43448817 43449759	3.2	-Inf	false positive	1	2
1	43449.894	43451.105	43449894 43451105	3.2	-Inf	false positive	1	4
1	43451.457	43455.122	43451457 43455122	3.2	-Inf	false positive	1	6
1	43448.817	43449.759	43448817 43449759	3.2	-6.78704105367987	false positive	1	2
1	43449.894	43451.105	43449894 43451105	3.2	-6.78704105367987	false positive	1	4
1	43451.457	43455.122	43451457 43455122	3.2	-6.78704105367987	false positive	1	6
1	43448.817	43449.759	43448817 43449759	3.2	-5.99169083010477	false positive	1	2
1	43449.894	43451.105	43449894 43451105	3.2	-5.99169083010477	false positive	1	4
1	43451.457	43455.122	43451457 43455122	3.2	-5.99169083010477	false positive	1	6
1	43448.817	43449.759	43448817 43449759	3.2	-5.27437721907083	false positive	1	2
1	43449.894	43451.105	43449894 43451105	3.2	-5.27437721907083	false positive	1	4
1	43451.457	43455.122	43451457 43455122	3.2	-5.27437721907083	false positive	1	6
1	43448.817	43449.759	43448817 43449759	3.2	-4.47345141531201	false positive	1	2
1	43449.894	43451.105	43449894 43451105	3.2	-4.47345141531201	false positive	1	4
1	43451.457	43455.122	43451457 43455122	3.2	-4.47345141531201	false positive	1	6
1	43448.817	43449.759	43448817 43449759	3.2	-3.81716945505453	false positive	1	2
0	43449.894	43451.105	43449894 43451105	3.2	-3.81716945505453	correct	1	3
0	43451.457	43455.122	43451457 43455122	3.2	-3.81716945505453	correct	1	5
1	43448.817	43449.759	43448817 43449759	3.2	-3.37246989964386	false positive	1	2
0	43449.894	43451.105	43449894 43451105	3.2	-3.37246989964386	correct	1	3
0	43451.457	43455.122	43451457 43455122	3.2	-3.37246989964386	correct	1	5
1	43448.817	43449.759	43448817 43449759	3.2	-2.87110214393305	false positive	1	2
0	43449.894	43451.105	43449894 43451105	3.2	-2.87110214393305	correct	1	3
0	43451.457	43455.122	43451457 43455122	3.2	-2.87110214393305	correct	1	5
1	43448.817	43449.759	43448817 43449759	3.2	-2.524465240576	false positive	1	2
0	43449.894	43451.105	43449894 43451105	3.2	-2.524465240576	correct	1	3
0	43451.457	43455.122	43451457 43455122	3.2	-2.524465240576	correct	1	5
1	43448.817	43449.759	43448817 43449759	3.2	-2.18292451635157	false positive	1	2
0	43449.894	43451.105	43449894 43451105	3.2	-2.18292451635157	correct	1	3
0	43451.457	43455.122	43451457 43455122	3.2	-2.18292451635157	correct	1	5
1	43448.817	43449.759	43448817 43449759	3.2	-1.44718648453453	false positive	1	2
0	43449.894	43451.105	43449894 43451105	3.2	-1.44718648453453	correct	1	3
0	43451.457	43455.122	43451457 43455122	3.2	-1.44718648453453	correct	1	5
0	43448.817	43449.759	43448817 43449759	3.2	0.293237447653286	correct	1	1
0	43449.894	43451.105	43449894 43451105	3.2	0.293237447653286	correct	1	3
0	43451.457	43455.122	43451457 43455122	3.2	0.293237447653286	correct	1	5
0	43448.817	43449.759	43448817 43449759	3.2	Inf	correct	1	1
0	43449.894	43451.105	43449894 43451105	3.2	Inf	correct	1	3
0	43451.457	43455.122	43451457 43455122	3.2	Inf	correct	1	5
1	43448.817	43449.759	43448817 43449759	3.4	-Inf	false positive	1	2
1	43449.894	43451.105	43449894 43451105	3.4	-Inf	false positive	1	4
1	43451.457	43455.122	43451457 43455122	3.4	-Inf	false positive	1	6
1	43448.817	43449.759	43448817 43449759	3.4	-6.98704105367987	false positive	1	2
1	43449.894	43451.105	43449894 43451105	3.4	-6.98704105367987	false positive	1	4
1	43451.457	43455.122	43451457 43455122	3.4	-6.98704105367987	false positive	1	6
1	43448.817	43449.759	43448817 43449759	3.4	-6.19169083010477	false positive	1	2
1	43449.894	43451.105	43449894 43451105	3.4	-6.19169083010477	false positive	1	4
1	43451.457	43455.122	43451457 43455122	3.4	-6.19169083010477	false positive	1	6
1	43448.817	43449.759	43448817 43449759	3.4	-5.47437721907083	false positive	1	2
1	43449.894	43451.105	43449894 43451105	3.4	-5.47437721907083	false positive	1	4
1	43451.457	43455.122	43451457 43455122	3.4	-5.47437721907083	false positive	1	6
1	43448.817	43449.759	43448817 43449759	3.4	-4.57345141531201	false positive	1	2
1	43449.894	43451.105	43449894 43451105	3.4	-4.57345141531201	false positive	1	4
1	43451.457	43455.122	43451457 43455122	3.4	-4.57345141531201	false positive	1	6
1	43448.817	43449.759	43448817 43449759	3.4	-3.91716945505453	false positive	1	2
0	43449.894	43451.105	43449894 43451105	3.4	-3.91716945505453	correct	1	3
0	43451.457	43455.122	43451457 43455122	3.4	-3.91716945505453	correct	1	5
1	43448.817	43449.759	43448817 43449759	3.4	-3.47246989964386	false positive	1	2
0	43449.894	43451.105	43449894 43451105	3.4	-3.47246989964386	correct	1	3
0	43451.457	43455.122	43451457 43455122	3.4	-3.47246989964386	correct	1	5
1	43448.817	43449.759	43448817 43449759	3.4	-2.87110214393305	false positive	1	2
0	43449.894	43451.105	43449894 43451105	3.4	-2.87110214393305	correct	1	3
0	43451.457	43455.122	43451457 43455122	3.4	-2.87110214393305	correct	1	5
1	43448.817	43449.759	43448817 43449759	3.4	-2.524465240576	false positive	1	2
0	43449.894	43451.105	43449894 43451105	3.4	-2.524465240576	correct	1	3
0	43451.457	43455.122	43451457 43455122	3.4	-2.524465240576	correct	1	5
1	43448.817	43449.759	43448817 43449759	3.4	-2.28292451635157	false positive	1	2
0	43449.894	43451.105	43449894 43451105	3.4	-2.28292451635157	correct	1	3
0	43451.457	43455.122	43451457 43455122	3.4	-2.28292451635157	correct	1	5
1	43448.817	43449.759	43448817 43449759	3.4	-1.54718648453453	false positive	1	2
0	43449.894	43451.105	43449894 43451105	3.4	-1.54718648453453	correct	1	3
0	43451.457	43455.122	43451457 43455122	3.4	-1.54718648453453	correct	1	5
0	43448.817	43449.759	43448817 43449759	3.4	0.293237447653286	correct	1	1
0	43449.894	43451.105	43449894 43451105	3.4	0.293237447653286	correct	1	3
0	43451.457	43455.122	43451457 43455122	3.4	0.293237447653286	correct	1	5
0	43448.817	43449.759	43448817 43449759	3.4	Inf	correct	1	1
0	43449.894	43451.105	43449894 43451105	3.4	Inf	correct	1	3
0	43451.457	43455.122	43451457 43455122	3.4	Inf	correct	1	5
1	43448.817	43449.759	43448817 43449759	3.6	-Inf	false positive	1	2
1	43449.894	43451.105	43449894 43451105	3.6	-Inf	false positive	1	4
1	43451.457	43455.122	43451457 43455122	3.6	-Inf	false positive	1	6
1	43448.817	43449.759	43448817 43449759	3.6	-7.18704105367987	false positive	1	2
1	43449.894	43451.105	43449894 43451105	3.6	-7.18704105367987	false positive	1	4
1	43451.457	43455.122	43451457 43455122	3.6	-7.18704105367987	false positive	1	6
1	43448.817	43449.759	43448817 43449759	3.6	-6.39169083010477	false positive	1	2
1	43449.894	43451.105	43449894 43451105	3.6	-6.39169083010477	false positive	1	4
1	43451.457	43455.122	43451457 43455122	3.6	-6.39169083010477	false positive	1	6
1	43448.817	43449.759	43448817 43449759	3.6	-5.67437721907083	false positive	1	2
1	43449.894	43451.105	43449894 43451105	3.6	-5.67437721907083	false positive	1	4
1	43451.457	43455.122	43451457 43455122	3.6	-5.67437721907083	false positive	1	6
1	43448.817	43449.759	43448817 43449759	3.6	-4.67345141531201	false positive	1	2
1	43449.894	43451.105	43449894 43451105	3.6	-4.67345141531201	false positive	1	4
1	43451.457	43455.122	43451457 43455122	3.6	-4.67345141531201	false positive	1	6
1	43448.817	43449.759	43448817 43449759	3.6	-4.01716945505453	false positive	1	2
0	43449.894	43451.105	43449894 43451105	3.6	-4.01716945505453	correct	1	3
0	43451.457	43455.122	43451457 43455122	3.6	-4.01716945505453	correct	1	5
1	43448.817	43449.759	43448817 43449759	3.6	-3.57246989964386	false positive	1	2
0	43449.894	43451.105	43449894 43451105	3.6	-3.57246989964386	correct	1	3
0	43451.457	43455.122	43451457 43455122	3.6	-3.57246989964386	correct	1	5
1	43448.817	43449.759	43448817 43449759	3.6	-2.87110214393305	false positive	1	2
0	43449.894	43451.105	43449894 43451105	3.6	-2.87110214393305	correct	1	3
0	43451.457	43455.122	43451457 43455122	3.6	-2.87110214393305	correct	1	5
1	43448.817	43449.759	43448817 43449759	3.6	-2.524465240576	false positive	1	2
0	43449.894	43451.105	43449894 43451105	3.6	-2.524465240576	correct	1	3
0	43451.457	43455.122	43451457 43455122	3.6	-2.524465240576	correct	1	5
1	43448.817	43449.759	43448817 43449759	3.6	-2.38292451635157	false positive	1	2
0	43449.894	43451.105	43449894 43451105	3.6	-2.38292451635157	correct	1	3
0	43451.457	43455.122	43451457 43455122	3.6	-2.38292451635157	correct	1	5
1	43448.817	43449.759	43448817 43449759	3.6	-1.64718648453453	false positive	1	2
0	43449.894	43451.105	43449894 43451105	3.6	-1.64718648453453	correct	1	3
0	43451.457	43455.122	43451457 43455122	3.6	-1.64718648453453	correct	1	5
0	43448.817	43449.759	43448817 43449759	3.6	0.293237447653286	correct	1	1
0	43449.894	43451.105	43449894 43451105	3.6	0.293237447653286	correct	1	3
0	43451.457	43455.122	43451457 43455122	3.6	0.293237447653286	correct	1	5
0	43448.817	43449.759	43448817 43449759	3.6	Inf	correct	1	1
0	43449.894	43451.105	43449894 43451105	3.6	Inf	correct	1	3
0	43451.457	43455.122	43451457 43455122	3.6	Inf	correct	1	5
1	43448.817	43449.759	43448817 43449759	3.8	-Inf	false positive	1	2
1	43449.894	43451.105	43449894 43451105	3.8	-Inf	false positive	1	4
1	43451.457	43455.122	43451457 43455122	3.8	-Inf	false positive	1	6
1	43448.817	43449.759	43448817 43449759	3.8	-7.38704105367987	false positive	1	2
1	43449.894	43451.105	43449894 43451105	3.8	-7.38704105367987	false positive	1	4
1	43451.457	43455.122	43451457 43455122	3.8	-7.38704105367987	false positive	1	6
1	43448.817	43449.759	43448817 43449759	3.8	-6.59169083010477	false positive	1	2
1	43449.894	43451.105	43449894 43451105	3.8	-6.59169083010477	false positive	1	4
1	43451.457	43455.122	43451457 43455122	3.8	-6.59169083010477	false positive	1	6
1	43448.817	43449.759	43448817 43449759	3.8	-5.87437721907083	false positive	1	2
1	43449.894	43451.105	43449894 43451105	3.8	-5.87437721907083	false positive	1	4
1	43451.457	43455.122	43451457 43455122	3.8	-5.87437721907083	false positive	1	6
1	43448.817	43449.759	43448817 43449759	3.8	-4.84716488283047	false positive	1	2
1	43449.894	43451.105	43449894 43451105	3.8	-4.84716488283047	false positive	1	4
1	43451.457	43455.122	43451457 43455122	3.8	-4.84716488283047	false positive	1	6
1	43448.817	43449.759	43448817 43449759	3.8	-4.11716945505453	false positive	1	2
1	43449.894	43451.105	43449894 43451105	3.8	-4.11716945505453	false positive	1	4
1	43451.457	43455.122	43451457 43455122	3.8	-4.11716945505453	false positive	1	6
1	43448.817	43449.759	43448817 43449759	3.8	-3.5987564321254	false positive	1	2
0	43449.894	43451.105	43449894 43451105	3.8	-3.5987564321254	correct	1	3
0	43451.457	43455.122	43451457 43455122	3.8	-3.5987564321254	correct	1	5
1	43448.817	43449.759	43448817 43449759	3.8	-2.87110214393305	false positive	1	2
0	43449.894	43451.105	43449894 43451105	3.8	-2.87110214393305	correct	1	3
0	43451.457	43455.122	43451457 43455122	3.8	-2.87110214393305	correct	1	5
1	43448.817	43449.759	43448817 43449759	3.8	-2.54660668692694	false positive	1	2
0	43449.894	43451.105	43449894 43451105	3.8	-2.54660668692694	correct	1	3
0	43451.457	43455.122	43451457 43455122	3.8	-2.54660668692694	correct	1	5
1	43448.817	43449.759	43448817 43449759	3.8	-2.48292451635157	false positive	1	2
0	43449.894	43451.105	43449894 43451105	3.8	-2.48292451635157	correct	1	3
0	43451.457	43455.122	43451457 43455122	3.8	-2.48292451635157	correct	1	5
1	43448.817	43449.759	43448817 43449759	3.8	-1.7250450381836	false positive	1	2
0	43449.894	43451.105	43449894 43451105	3.8	-1.7250450381836	correct	1	3
0	43451.457	43455.122	43451457 43455122	3.8	-1.7250450381836	correct	1	5
0	43448.817	43449.759	43448817 43449759	3.8	0.293237447653286	correct	1	1
0	43449.894	43451.105	43449894 43451105	3.8	0.293237447653286	correct	1	3
0	43451.457	43455.122	43451457 43455122	3.8	0.293237447653286	correct	1	5
0	43448.817	43449.759	43448817 43449759	3.8	Inf	correct	1	1
0	43449.894	43451.105	43449894 43451105	3.8	Inf	correct	1	3
0	43451.457	43455.122	43451457 43455122	3.8	Inf	correct	1	5
1	43448.817	43449.759	43448817 43449759	4	-Inf	false positive	1	2
1	43449.894	43451.105	43449894 43451105	4	-Inf	false positive	1	4
1	43451.457	43455.122	43451457 43455122	4	-Inf	false positive	1	6
1	43448.817	43449.759	43448817 43449759	4	-7.58704105367987	false positive	1	2
1	43449.894	43451.105	43449894 43451105	4	-7.58704105367987	false positive	1	4
1	43451.457	43455.122	43451457 43455122	4	-7.58704105367987	false positive	1	6
1	43448.817	43449.759	43448817 43449759	4	-6.79169083010477	false positive	1	2
1	43449.894	43451.105	43449894 43451105	4	-6.79169083010477	false positive	1	4
1	43451.457	43455.122	43451457 43455122	4	-6.79169083010477	false positive	1	6
1	43448.817	43449.759	43448817 43449759	4	-6.07437721907083	false positive	1	2
1	43449.894	43451.105	43449894 43451105	4	-6.07437721907083	false positive	1	4
1	43451.457	43455.122	43451457 43455122	4	-6.07437721907083	false positive	1	6
1	43448.817	43449.759	43448817 43449759	4	-5.04716488283047	false positive	1	2
1	43449.894	43451.105	43449894 43451105	4	-5.04716488283047	false positive	1	4
1	43451.457	43455.122	43451457 43455122	4	-5.04716488283047	false positive	1	6
1	43448.817	43449.759	43448817 43449759	4	-4.21716945505453	false positive	1	2
1	43449.894	43451.105	43449894 43451105	4	-4.21716945505453	false positive	1	4
1	43451.457	43455.122	43451457 43455122	4	-4.21716945505453	false positive	1	6
1	43448.817	43449.759	43448817 43449759	4	-3.5987564321254	false positive	1	2
0	43449.894	43451.105	43449894 43451105	4	-3.5987564321254	correct	1	3
0	43451.457	43455.122	43451457 43455122	4	-3.5987564321254	correct	1	5
1	43448.817	43449.759	43448817 43449759	4	-2.92956141970862	false positive	1	2
0	43449.894	43451.105	43449894 43451105	4	-2.92956141970862	correct	1	3
0	43451.457	43455.122	43451457 43455122	4	-2.92956141970862	correct	1	5
1	43448.817	43449.759	43448817 43449759	4	-2.64660668692694	false positive	1	2
0	43449.894	43451.105	43449894 43451105	4	-2.64660668692694	correct	1	3
0	43451.457	43455.122	43451457 43455122	4	-2.64660668692694	correct	1	5
1	43448.817	43449.759	43448817 43449759	4	-2.524465240576	false positive	1	2
0	43449.894	43451.105	43449894 43451105	4	-2.524465240576	correct	1	3
0	43451.457	43455.122	43451457 43455122	4	-2.524465240576	correct	1	5
1	43448.817	43449.759	43448817 43449759	4	-1.7250450381836	false positive	1	2
0	43449.894	43451.105	43449894 43451105	4	-1.7250450381836	correct	1	3
0	43451.457	43455.122	43451457 43455122	4	-1.7250450381836	correct	1	5
0	43448.817	43449.759	43448817 43449759	4	0.293237447653286	correct	1	1
0	43449.894	43451.105	43449894 43451105	4	0.293237447653286	correct	1	3
0	43451.457	43455.122	43451457 43455122	4	0.293237447653286	correct	1	5
0	43448.817	43449.759	43448817 43449759	4	Inf	correct	1	1
0	43449.894	43451.105	43449894 43451105	4	Inf	correct	1	3
0	43451.457	43455.122	43451457 43455122	4	Inf	correct	1	5
1	43448.817	43449.759	43448817 43449759	4.2	-Inf	false positive	1	2
1	43449.894	43451.105	43449894 43451105	4.2	-Inf	false positive	1	4
1	43451.457	43455.122	43451457 43455122	4.2	-Inf	false positive	1	6
1	43448.817	43449.759	43448817 43449759	4.2	-7.78704105367987	false positive	1	2
1	43449.894	43451.105	43449894 43451105	4.2	-7.78704105367987	false positive	1	4
1	43451.457	43455.122	43451457 43455122	4.2	-7.78704105367987	false positive	1	6
1	43448.817	43449.759	43448817 43449759	4.2	-6.99169083010477	false positive	1	2
1	43449.894	43451.105	43449894 43451105	4.2	-6.99169083010477	false positive	1	4
1	43451.457	43455.122	43451457 43455122	4.2	-6.99169083010477	false positive	1	6
1	43448.817	43449.759	43448817 43449759	4.2	-6.27437721907083	false positive	1	2
1	43449.894	43451.105	43449894 43451105	4.2	-6.27437721907083	false positive	1	4
1	43451.457	43455.122	43451457 43455122	4.2	-6.27437721907083	false positive	1	6
1	43448.817	43449.759	43448817 43449759	4.2	-5.24716488283047	false positive	1	2
1	43449.894	43451.105	43449894 43451105	4.2	-5.24716488283047	false positive	1	4
1	43451.457	43455.122	43451457 43455122	4.2	-5.24716488283047	false positive	1	6
1	43448.817	43449.759	43448817 43449759	4.2	-4.31716945505453	false positive	1	2
1	43449.894	43451.105	43449894 43451105	4.2	-4.31716945505453	false positive	1	4
1	43451.457	43455.122	43451457 43455122	4.2	-4.31716945505453	false positive	1	6
1	43448.817	43449.759	43448817 43449759	4.2	-3.5987564321254	false positive	1	2
0	43449.894	43451.105	43449894 43451105	4.2	-3.5987564321254	correct	1	3
0	43451.457	43455.122	43451457 43455122	4.2	-3.5987564321254	correct	1	5
1	43448.817	43449.759	43448817 43449759	4.2	-3.02956141970862	false positive	1	2
0	43449.894	43451.105	43449894 43451105	4.2	-3.02956141970862	correct	1	3
0	43451.457	43455.122	43451457 43455122	4.2	-3.02956141970862	correct	1	5
1	43448.817	43449.759	43448817 43449759	4.2	-2.74660668692694	false positive	1	2
0	43449.894	43451.105	43449894 43451105	4.2	-2.74660668692694	correct	1	3
0	43451.457	43455.122	43451457 43455122	4.2	-2.74660668692694	correct	1	5
1	43448.817	43449.759	43448817 43449759	4.2	-2.524465240576	false positive	1	2
0	43449.894	43451.105	43449894 43451105	4.2	-2.524465240576	correct	1	3
0	43451.457	43455.122	43451457 43455122	4.2	-2.524465240576	correct	1	5
1	43448.817	43449.759	43448817 43449759	4.2	-1.7250450381836	false positive	1	2
0	43449.894	43451.105	43449894 43451105	4.2	-1.7250450381836	correct	1	3
0	43451.457	43455.122	43451457 43455122	4.2	-1.7250450381836	correct	1	5
0	43448.817	43449.759	43448817 43449759	4.2	0.293237447653286	correct	1	1
0	43449.894	43451.105	43449894 43451105	4.2	0.293237447653286	correct	1	3
0	43451.457	43455.122	43451457 43455122	4.2	0.293237447653286	correct	1	5
0	43448.817	43449.759	43448817 43449759	4.2	Inf	correct	1	1
0	43449.894	43451.105	43449894 43451105	4.2	Inf	correct	1	3
0	43451.457	43455.122	43451457 43455122	4.2	Inf	correct	1	5
1	43448.817	43449.759	43448817 43449759	4.4	-Inf	false positive	1	2
1	43449.894	43451.105	43449894 43451105	4.4	-Inf	false positive	1	4
1	43451.457	43455.122	43451457 43455122	4.4	-Inf	false positive	1	6
1	43448.817	43449.759	43448817 43449759	4.4	-7.98704105367987	false positive	1	2
1	43449.894	43451.105	43449894 43451105	4.4	-7.98704105367987	false positive	1	4
1	43451.457	43455.122	43451457 43455122	4.4	-7.98704105367987	false positive	1	6
1	43448.817	43449.759	43448817 43449759	4.4	-7.19169083010477	false positive	1	2
1	43449.894	43451.105	43449894 43451105	4.4	-7.19169083010477	false positive	1	4
1	43451.457	43455.122	43451457 43455122	4.4	-7.19169083010477	false positive	1	6
1	43448.817	43449.759	43448817 43449759	4.4	-6.47437721907083	false positive	1	2
1	43449.894	43451.105	43449894 43451105	4.4	-6.47437721907083	false positive	1	4
1	43451.457	43455.122	43451457 43455122	4.4	-6.47437721907083	false positive	1	6
1	43448.817	43449.759	43448817 43449759	4.4	-5.44716488283047	false positive	1	2
1	43449.894	43451.105	43449894 43451105	4.4	-5.44716488283047	false positive	1	4
1	43451.457	43455.122	43451457 43455122	4.4	-5.44716488283047	false positive	1	6
1	43448.817	43449.759	43448817 43449759	4.4	-4.41716945505453	false positive	1	2
1	43449.894	43451.105	43449894 43451105	4.4	-4.41716945505453	false positive	1	4
1	43451.457	43455.122	43451457 43455122	4.4	-4.41716945505453	false positive	1	6
1	43448.817	43449.759	43448817 43449759	4.4	-3.5987564321254	false positive	1	2
0	43449.894	43451.105	43449894 43451105	4.4	-3.5987564321254	correct	1	3
0	43451.457	43455.122	43451457 43455122	4.4	-3.5987564321254	correct	1	5
1	43448.817	43449.759	43448817 43449759	4.4	-3.12956141970862	false positive	1	2
0	43449.894	43451.105	43449894 43451105	4.4	-3.12956141970862	correct	1	3
0	43451.457	43455.122	43451457 43455122	4.4	-3.12956141970862	correct	1	5
1	43448.817	43449.759	43448817 43449759	4.4	-2.84660668692694	false positive	1	2
0	43449.894	43451.105	43449894 43451105	4.4	-2.84660668692694	correct	1	3
0	43451.457	43455.122	43451457 43455122	4.4	-2.84660668692694	correct	1	5
1	43448.817	43449.759	43448817 43449759	4.4	-2.524465240576	false positive	1	2
0	43449.894	43451.105	43449894 43451105	4.4	-2.524465240576	correct	1	3
0	43451.457	43455.122	43451457 43455122	4.4	-2.524465240576	correct	1	5
1	43448.817	43449.759	43448817 43449759	4.4	-1.7250450381836	false positive	1	2
0	43449.894	43451.105	43449894 43451105	4.4	-1.7250450381836	correct	1	3
0	43451.457	43455.122	43451457 43455122	4.4	-1.7250450381836	correct	1	5
0	43448.817	43449.759	43448817 43449759	4.4	0.293237447653286	correct	1	1
0	43449.894	43451.105	43449894 43451105	4.4	0.293237447653286	correct	1	3
0	43451.457	43455.122	43451457 43455122	4.4	0.293237447653286	correct	1	5
0	43448.817	43449.759	43448817 43449759	4.4	Inf	correct	1	1
0	43449.894	43451.105	43449894 43451105	4.4	Inf	correct	1	3
0	43451.457	43455.122	43451457 43455122	4.4	Inf	correct	1	5
1	43448.817	43449.759	43448817 43449759	4.6	-Inf	false positive	1	2
1	43449.894	43451.105	43449894 43451105	4.6	-Inf	false positive	1	4
1	43451.457	43455.122	43451457 43455122	4.6	-Inf	false positive	1	6
1	43448.817	43449.759	43448817 43449759	4.6	-8.18704105367987	false positive	1	2
1	43449.894	43451.105	43449894 43451105	4.6	-8.18704105367987	false positive	1	4
1	43451.457	43455.122	43451457 43455122	4.6	-8.18704105367987	false positive	1	6
1	43448.817	43449.759	43448817 43449759	4.6	-7.39169083010477	false positive	1	2
1	43449.894	43451.105	43449894 43451105	4.6	-7.39169083010477	false positive	1	4
1	43451.457	43455.122	43451457 43455122	4.6	-7.39169083010477	false positive	1	6
1	43448.817	43449.759	43448817 43449759	4.6	-6.67437721907083	false positive	1	2
1	43449.894	43451.105	43449894 43451105	4.6	-6.67437721907083	false positive	1	4
1	43451.457	43455.122	43451457 43455122	4.6	-6.67437721907083	false positive	1	6
1	43448.817	43449.759	43448817 43449759	4.6	-5.64716488283047	false positive	1	2
1	43449.894	43451.105	43449894 43451105	4.6	-5.64716488283047	false positive	1	4
1	43451.457	43455.122	43451457 43455122	4.6	-5.64716488283047	false positive	1	6
1	43448.817	43449.759	43448817 43449759	4.6	-4.51716945505453	false positive	1	2
1	43449.894	43451.105	43449894 43451105	4.6	-4.51716945505453	false positive	1	4
1	43451.457	43455.122	43451457 43455122	4.6	-4.51716945505453	false positive	1	6
1	43448.817	43449.759	43448817 43449759	4.6	-3.67426097511929	false positive	1	2
0	43449.894	43451.105	43449894 43451105	4.6	-3.67426097511929	correct	1	3
0	43451.457	43455.122	43451457 43455122	4.6	-3.67426097511929	correct	1	5
1	43448.817	43449.759	43448817 43449759	4.6	-3.22956141970862	false positive	1	2
0	43449.894	43451.105	43449894 43451105	4.6	-3.22956141970862	correct	1	3
0	43451.457	43455.122	43451457 43455122	4.6	-3.22956141970862	correct	1	5
1	43448.817	43449.759	43448817 43449759	4.6	-2.87110214393305	false positive	1	2
0	43449.894	43451.105	43449894 43451105	4.6	-2.87110214393305	correct	1	3
0	43451.457	43455.122	43451457 43455122	4.6	-2.87110214393305	correct	1	5
1	43448.817	43449.759	43448817 43449759	4.6	-2.524465240576	false positive	1	2
0	43449.894	43451.105	43449894 43451105	4.6	-2.524465240576	correct	1	3
0	43451.457	43455.122	43451457 43455122	4.6	-2.524465240576	correct	1	5
1	43448.817	43449.759	43448817 43449759	4.6	-1.7250450381836	false positive	1	2
0	43449.894	43451.105	43449894 43451105	4.6	-1.7250450381836	correct	1	3
0	43451.457	43455.122	43451457 43455122	4.6	-1.7250450381836	correct	1	5
0	43448.817	43449.759	43448817 43449759	4.6	0.293237447653286	correct	1	1
0	43449.894	43451.105	43449894 43451105	4.6	0.293237447653286	correct	1	3
0	43451.457	43455.122	43451457 43455122	4.6	0.293237447653286	correct	1	5
0	43448.817	43449.759	43448817 43449759	4.6	Inf	correct	1	1
0	43449.894	43451.105	43449894 43451105	4.6	Inf	correct	1	3
0	43451.457	43455.122	43451457 43455122	4.6	Inf	correct	1	5
1	43448.817	43449.759	43448817 43449759	4.8	-Inf	false positive	1	2
1	43449.894	43451.105	43449894 43451105	4.8	-Inf	false positive	1	4
1	43451.457	43455.122	43451457 43455122	4.8	-Inf	false positive	1	6
1	43448.817	43449.759	43448817 43449759	4.8	-8.38704105367987	false positive	1	2
1	43449.894	43451.105	43449894 43451105	4.8	-8.38704105367987	false positive	1	4
1	43451.457	43455.122	43451457 43455122	4.8	-8.38704105367987	false positive	1	6
1	43448.817	43449.759	43448817 43449759	4.8	-7.59169083010477	false positive	1	2
1	43449.894	43451.105	43449894 43451105	4.8	-7.59169083010477	false positive	1	4
1	43451.457	43455.122	43451457 43455122	4.8	-7.59169083010477	false positive	1	6
1	43448.817	43449.759	43448817 43449759	4.8	-6.87437721907083	false positive	1	2
1	43449.894	43451.105	43449894 43451105	4.8	-6.87437721907083	false positive	1	4
1	43451.457	43455.122	43451457 43455122	4.8	-6.87437721907083	false positive	1	6
1	43448.817	43449.759	43448817 43449759	4.8	-5.84716488283047	false positive	1	2
1	43449.894	43451.105	43449894 43451105	4.8	-5.84716488283047	false positive	1	4
1	43451.457	43455.122	43451457 43455122	4.8	-5.84716488283047	false positive	1	6
1	43448.817	43449.759	43448817 43449759	4.8	-4.61716945505453	false positive	1	2
1	43449.894	43451.105	43449894 43451105	4.8	-4.61716945505453	false positive	1	4
1	43451.457	43455.122	43451457 43455122	4.8	-4.61716945505453	false positive	1	6
1	43448.817	43449.759	43448817 43449759	4.8	-3.77426097511929	false positive	1	2
0	43449.894	43451.105	43449894 43451105	4.8	-3.77426097511929	correct	1	3
0	43451.457	43455.122	43451457 43455122	4.8	-3.77426097511929	correct	1	5
1	43448.817	43449.759	43448817 43449759	4.8	-3.32956141970862	false positive	1	2
0	43449.894	43451.105	43449894 43451105	4.8	-3.32956141970862	correct	1	3
0	43451.457	43455.122	43451457 43455122	4.8	-3.32956141970862	correct	1	5
1	43448.817	43449.759	43448817 43449759	4.8	-2.87110214393305	false positive	1	2
0	43449.894	43451.105	43449894 43451105	4.8	-2.87110214393305	correct	1	3
0	43451.457	43455.122	43451457 43455122	4.8	-2.87110214393305	correct	1	5
1	43448.817	43449.759	43448817 43449759	4.8	-2.524465240576	false positive	1	2
0	43449.894	43451.105	43449894 43451105	4.8	-2.524465240576	correct	1	3
0	43451.457	43455.122	43451457 43455122	4.8	-2.524465240576	correct	1	5
1	43448.817	43449.759	43448817 43449759	4.8	-1.7250450381836	false positive	1	2
0	43449.894	43451.105	43449894 43451105	4.8	-1.7250450381836	correct	1	3
0	43451.457	43455.122	43451457 43455122	4.8	-1.7250450381836	correct	1	5
0	43448.817	43449.759	43448817 43449759	4.8	0.293237447653286	correct	1	1
0	43449.894	43451.105	43449894 43451105	4.8	0.293237447653286	correct	1	3
0	43451.457	43455.122	43451457 43455122	4.8	0.293237447653286	correct	1	5
0	43448.817	43449.759	43448817 43449759	4.8	Inf	correct	1	1
0	43449.894	43451.105	43449894 43451105	4.8	Inf	correct	1	3
0	43451.457	43455.122	43451457 43455122	4.8	Inf	correct	1	5
1	43448.817	43449.759	43448817 43449759	5	-Inf	false positive	1	2
1	43449.894	43451.105	43449894 43451105	5	-Inf	false positive	1	4
1	43451.457	43455.122	43451457 43455122	5	-Inf	false positive	1	6
1	43448.817	43449.759	43448817 43449759	5	-8.58704105367987	false positive	1	2
1	43449.894	43451.105	43449894 43451105	5	-8.58704105367987	false positive	1	4
1	43451.457	43455.122	43451457 43455122	5	-8.58704105367987	false positive	1	6
1	43448.817	43449.759	43448817 43449759	5	-7.79169083010477	false positive	1	2
1	43449.894	43451.105	43449894 43451105	5	-7.79169083010477	false positive	1	4
1	43451.457	43455.122	43451457 43455122	5	-7.79169083010477	false positive	1	6
1	43448.817	43449.759	43448817 43449759	5	-7.07437721907083	false positive	1	2
1	43449.894	43451.105	43449894 43451105	5	-7.07437721907083	false positive	1	4
1	43451.457	43455.122	43451457 43455122	5	-7.07437721907083	false positive	1	6
1	43448.817	43449.759	43448817 43449759	5	-6.04716488283047	false positive	1	2
1	43449.894	43451.105	43449894 43451105	5	-6.04716488283047	false positive	1	4
1	43451.457	43455.122	43451457 43455122	5	-6.04716488283047	false positive	1	6
1	43448.817	43449.759	43448817 43449759	5	-4.71716945505453	false positive	1	2
1	43449.894	43451.105	43449894 43451105	5	-4.71716945505453	false positive	1	4
1	43451.457	43455.122	43451457 43455122	5	-4.71716945505453	false positive	1	6
1	43448.817	43449.759	43448817 43449759	5	-3.87426097511929	false positive	1	2
0	43449.894	43451.105	43449894 43451105	5	-3.87426097511929	correct	1	3
0	43451.457	43455.122	43451457 43455122	5	-3.87426097511929	correct	1	5
1	43448.817	43449.759	43448817 43449759	5	-3.42956141970862	false positive	1	2
0	43449.894	43451.105	43449894 43451105	5	-3.42956141970862	correct	1	3
0	43451.457	43455.122	43451457 43455122	5	-3.42956141970862	correct	1	5
1	43448.817	43449.759	43448817 43449759	5	-2.87110214393305	false positive	1	2
0	43449.894	43451.105	43449894 43451105	5	-2.87110214393305	correct	1	3
0	43451.457	43455.122	43451457 43455122	5	-2.87110214393305	correct	1	5
1	43448.817	43449.759	43448817 43449759	5	-2.524465240576	false positive	1	2
0	43449.894	43451.105	43449894 43451105	5	-2.524465240576	correct	1	3
0	43451.457	43455.122	43451457 43455122	5	-2.524465240576	correct	1	5
1	43448.817	43449.759	43448817 43449759	5	-1.7250450381836	false positive	1	2
0	43449.894	43451.105	43449894 43451105	5	-1.7250450381836	correct	1	3
0	43451.457	43455.122	43451457 43455122	5	-1.7250450381836	correct	1	5
0	43448.817	43449.759	43448817 43449759	5	0.293237447653286	correct	1	1
0	43449.894	43451.105	43449894 43451105	5	0.293237447653286	correct	1	3
0	43451.457	43455.122	43451457 43455122	5	0.293237447653286	correct	1	5
0	43448.817	43449.759	43448817 43449759	5	Inf	correct	1	1
0	43449.894	43451.105	43449894 43451105	5	Inf	correct	1	3
0	43451.457	43455.122	43451457 43455122	5	Inf	correct	1	5
1	43503.596	43503.832	43503596 43503832	-5	-Inf	false positive	2	9
1	43503.85	43504.148	43503850 43504148	-5	-Inf	false positive	2	12
1	43504.896	43510.099	43504896 43510099	-5	-Inf	false positive	2	14
0	43503.596	43503.832	43503596 43503832	-5	-3.5987564321254	correct	2	7
1	43503.85	43504.148	43503850 43504148	-5	-3.5987564321254	false positive	2	12
1	43504.896	43510.099	43504896 43510099	-5	-3.5987564321254	false positive	2	14
0	43503.596	43503.832	43503596 43503832	-5	-2.87110214393305	correct	2	7
1	43503.85	43504.148	43503850 43504148	-5	-2.87110214393305	false positive	2	12
0	43504.896	43510.099	43504896 43510099	-5	-2.87110214393305	correct	2	13
0	43503.596	43503.832	43503596 43503832	-5	-2.524465240576	correct	2	7
0	43503.85	43504.148	43503850 43504148	-5	-2.524465240576	correct	2	10
0	43504.896	43510.099	43504896 43510099	-5	-2.524465240576	correct	2	13
3	43503.596	43503.832	43503596 43503832	-5	-1.7250450381836	false negative	2	8
0	43503.85	43504.148	43503850 43504148	-5	-1.7250450381836	correct	2	10
0	43504.896	43510.099	43504896 43510099	-5	-1.7250450381836	correct	2	13
3	43503.596	43503.832	43503596 43503832	-5	-0.0126575242852369	false negative	2	8
0	43503.85	43504.148	43503850 43504148	-5	-0.0126575242852369	correct	2	10
0	43504.896	43510.099	43504896 43510099	-5	-0.0126575242852369	correct	2	13
3	43503.596	43503.832	43503596 43503832	-5	1.26988692973461	false negative	2	8
0	43503.85	43504.148	43503850 43504148	-5	1.26988692973461	correct	2	10
0	43504.896	43510.099	43504896 43510099	-5	1.26988692973461	correct	2	13
3	43503.596	43503.832	43503596 43503832	-5	1.71885391825865	false negative	2	8
3	43503.85	43504.148	43503850 43504148	-5	1.71885391825865	false negative	2	11
0	43504.896	43510.099	43504896 43510099	-5	1.71885391825865	correct	2	13
3	43503.596	43503.832	43503596 43503832	-5	2.20830916989523	false negative	2	8
3	43503.85	43504.148	43503850 43504148	-5	2.20830916989523	false negative	2	11
0	43504.896	43510.099	43504896 43510099	-5	2.20830916989523	correct	2	13
3	43503.596	43503.832	43503596 43503832	-5	2.92562278092917	false negative	2	8
3	43503.85	43504.148	43503850 43504148	-5	2.92562278092917	false negative	2	11
0	43504.896	43510.099	43504896 43510099	-5	2.92562278092917	correct	2	13
3	43503.596	43503.832	43503596 43503832	-5	3.95283511716953	false negative	2	8
3	43503.85	43504.148	43503850 43504148	-5	3.95283511716953	false negative	2	11
0	43504.896	43510.099	43504896 43510099	-5	3.95283511716953	correct	2	13
3	43503.596	43503.832	43503596 43503832	-5	5.45202555736225	false negative	2	8
3	43503.85	43504.148	43503850 43504148	-5	5.45202555736225	false negative	2	11
0	43504.896	43510.099	43504896 43510099	-5	5.45202555736225	correct	2	13
3	43503.596	43503.832	43503596 43503832	-5	Inf	false negative	2	8
3	43503.85	43504.148	43503850 43504148	-5	Inf	false negative	2	11
0	43504.896	43510.099	43504896 43510099	-5	Inf	correct	2	13
1	43503.596	43503.832	43503596 43503832	-4.8	-Inf	false positive	2	9
1	43503.85	43504.148	43503850 43504148	-4.8	-Inf	false positive	2	12
1	43504.896	43510.099	43504896 43510099	-4.8	-Inf	false positive	2	14
0	43503.596	43503.832	43503596 43503832	-4.8	-3.5987564321254	correct	2	7
1	43503.85	43504.148	43503850 43504148	-4.8	-3.5987564321254	false positive	2	12
1	43504.896	43510.099	43504896 43510099	-4.8	-3.5987564321254	false positive	2	14
0	43503.596	43503.832	43503596 43503832	-4.8	-2.87110214393305	correct	2	7
1	43503.85	43504.148	43503850 43504148	-4.8	-2.87110214393305	false positive	2	12
0	43504.896	43510.099	43504896 43510099	-4.8	-2.87110214393305	correct	2	13
0	43503.596	43503.832	43503596 43503832	-4.8	-2.524465240576	correct	2	7
0	43503.85	43504.148	43503850 43504148	-4.8	-2.524465240576	correct	2	10
0	43504.896	43510.099	43504896 43510099	-4.8	-2.524465240576	correct	2	13
3	43503.596	43503.832	43503596 43503832	-4.8	-1.7250450381836	false negative	2	8
0	43503.85	43504.148	43503850 43504148	-4.8	-1.7250450381836	correct	2	10
0	43504.896	43510.099	43504896 43510099	-4.8	-1.7250450381836	correct	2	13
3	43503.596	43503.832	43503596 43503832	-4.8	-0.112657524285237	false negative	2	8
0	43503.85	43504.148	43503850 43504148	-4.8	-0.112657524285237	correct	2	10
0	43504.896	43510.099	43504896 43510099	-4.8	-0.112657524285237	correct	2	13
3	43503.596	43503.832	43503596 43503832	-4.8	1.16988692973461	false negative	2	8
0	43503.85	43504.148	43503850 43504148	-4.8	1.16988692973461	correct	2	10
0	43504.896	43510.099	43504896 43510099	-4.8	1.16988692973461	correct	2	13
3	43503.596	43503.832	43503596 43503832	-4.8	1.61885391825865	false negative	2	8
3	43503.85	43504.148	43503850 43504148	-4.8	1.61885391825865	false negative	2	11
0	43504.896	43510.099	43504896 43510099	-4.8	1.61885391825865	correct	2	13
3	43503.596	43503.832	43503596 43503832	-4.8	2.00830916989523	false negative	2	8
3	43503.85	43504.148	43503850 43504148	-4.8	2.00830916989523	false negative	2	11
0	43504.896	43510.099	43504896 43510099	-4.8	2.00830916989523	correct	2	13
3	43503.596	43503.832	43503596 43503832	-4.8	2.72562278092917	false negative	2	8
3	43503.85	43504.148	43503850 43504148	-4.8	2.72562278092917	false negative	2	11
0	43504.896	43510.099	43504896 43510099	-4.8	2.72562278092917	correct	2	13
3	43503.596	43503.832	43503596 43503832	-4.8	3.75283511716953	false negative	2	8
3	43503.85	43504.148	43503850 43504148	-4.8	3.75283511716953	false negative	2	11
0	43504.896	43510.099	43504896 43510099	-4.8	3.75283511716953	correct	2	13
3	43503.596	43503.832	43503596 43503832	-4.8	5.25202555736225	false negative	2	8
3	43503.85	43504.148	43503850 43504148	-4.8	5.25202555736225	false negative	2	11
0	43504.896	43510.099	43504896 43510099	-4.8	5.25202555736225	correct	2	13
3	43503.596	43503.832	43503596 43503832	-4.8	Inf	false negative	2	8
3	43503.85	43504.148	43503850 43504148	-4.8	Inf	false negative	2	11
0	43504.896	43510.099	43504896 43510099	-4.8	Inf	correct	2	13
1	43503.596	43503.832	43503596 43503832	-4.6	-Inf	false positive	2	9
1	43503.85	43504.148	43503850 43504148	-4.6	-Inf	false positive	2	12
1	43504.896	43510.099	43504896 43510099	-4.6	-Inf	false positive	2	14
0	43503.596	43503.832	43503596 43503832	-4.6	-3.5987564321254	correct	2	7
1	43503.85	43504.148	43503850 43504148	-4.6	-3.5987564321254	false positive	2	12
1	43504.896	43510.099	43504896 43510099	-4.6	-3.5987564321254	false positive	2	14
0	43503.596	43503.832	43503596 43503832	-4.6	-2.87110214393305	correct	2	7
1	43503.85	43504.148	43503850 43504148	-4.6	-2.87110214393305	false positive	2	12
0	43504.896	43510.099	43504896 43510099	-4.6	-2.87110214393305	correct	2	13
0	43503.596	43503.832	43503596 43503832	-4.6	-2.524465240576	correct	2	7
0	43503.85	43504.148	43503850 43504148	-4.6	-2.524465240576	correct	2	10
0	43504.896	43510.099	43504896 43510099	-4.6	-2.524465240576	correct	2	13
3	43503.596	43503.832	43503596 43503832	-4.6	-1.7250450381836	false negative	2	8
0	43503.85	43504.148	43503850 43504148	-4.6	-1.7250450381836	correct	2	10
0	43504.896	43510.099	43504896 43510099	-4.6	-1.7250450381836	correct	2	13
3	43503.596	43503.832	43503596 43503832	-4.6	-0.212657524285237	false negative	2	8
0	43503.85	43504.148	43503850 43504148	-4.6	-0.212657524285237	correct	2	10
0	43504.896	43510.099	43504896 43510099	-4.6	-0.212657524285237	correct	2	13
3	43503.596	43503.832	43503596 43503832	-4.6	1.01295894632013	false negative	2	8
0	43503.85	43504.148	43503850 43504148	-4.6	1.01295894632013	correct	2	10
0	43504.896	43510.099	43504896 43510099	-4.6	1.01295894632013	correct	2	13
3	43503.596	43503.832	43503596 43503832	-4.6	1.51885391825865	false negative	2	8
0	43503.85	43504.148	43503850 43504148	-4.6	1.51885391825865	correct	2	10
0	43504.896	43510.099	43504896 43510099	-4.6	1.51885391825865	correct	2	13
3	43503.596	43503.832	43503596 43503832	-4.6	1.86523715330971	false negative	2	8
3	43503.85	43504.148	43503850 43504148	-4.6	1.86523715330971	false negative	2	11
0	43504.896	43510.099	43504896 43510099	-4.6	1.86523715330971	correct	2	13
3	43503.596	43503.832	43503596 43503832	-4.6	2.52562278092917	false negative	2	8
3	43503.85	43504.148	43503850 43504148	-4.6	2.52562278092917	false negative	2	11
0	43504.896	43510.099	43504896 43510099	-4.6	2.52562278092917	correct	2	13
3	43503.596	43503.832	43503596 43503832	-4.6	3.55283511716953	false negative	2	8
3	43503.85	43504.148	43503850 43504148	-4.6	3.55283511716953	false negative	2	11
0	43504.896	43510.099	43504896 43510099	-4.6	3.55283511716953	correct	2	13
3	43503.596	43503.832	43503596 43503832	-4.6	5.05202555736225	false negative	2	8
3	43503.85	43504.148	43503850 43504148	-4.6	5.05202555736225	false negative	2	11
0	43504.896	43510.099	43504896 43510099	-4.6	5.05202555736225	correct	2	13
3	43503.596	43503.832	43503596 43503832	-4.6	Inf	false negative	2	8
3	43503.85	43504.148	43503850 43504148	-4.6	Inf	false negative	2	11
0	43504.896	43510.099	43504896 43510099	-4.6	Inf	correct	2	13
1	43503.596	43503.832	43503596 43503832	-4.4	-Inf	false positive	2	9
1	43503.85	43504.148	43503850 43504148	-4.4	-Inf	false positive	2	12
1	43504.896	43510.099	43504896 43510099	-4.4	-Inf	false positive	2	14
0	43503.596	43503.832	43503596 43503832	-4.4	-3.5987564321254	correct	2	7
1	43503.85	43504.148	43503850 43504148	-4.4	-3.5987564321254	false positive	2	12
1	43504.896	43510.099	43504896 43510099	-4.4	-3.5987564321254	false positive	2	14
0	43503.596	43503.832	43503596 43503832	-4.4	-2.87110214393305	correct	2	7
1	43503.85	43504.148	43503850 43504148	-4.4	-2.87110214393305	false positive	2	12
0	43504.896	43510.099	43504896 43510099	-4.4	-2.87110214393305	correct	2	13
0	43503.596	43503.832	43503596 43503832	-4.4	-2.524465240576	correct	2	7
0	43503.85	43504.148	43503850 43504148	-4.4	-2.524465240576	correct	2	10
0	43504.896	43510.099	43504896 43510099	-4.4	-2.524465240576	correct	2	13
3	43503.596	43503.832	43503596 43503832	-4.4	-1.7250450381836	false negative	2	8
0	43503.85	43504.148	43503850 43504148	-4.4	-1.7250450381836	correct	2	10
0	43504.896	43510.099	43504896 43510099	-4.4	-1.7250450381836	correct	2	13
3	43503.596	43503.832	43503596 43503832	-4.4	-0.312657524285237	false negative	2	8
0	43503.85	43504.148	43503850 43504148	-4.4	-0.312657524285237	correct	2	10
0	43504.896	43510.099	43504896 43510099	-4.4	-0.312657524285237	correct	2	13
3	43503.596	43503.832	43503596 43503832	-4.4	0.812958946320131	false negative	2	8
0	43503.85	43504.148	43503850 43504148	-4.4	0.812958946320131	correct	2	10
0	43504.896	43510.099	43504896 43510099	-4.4	0.812958946320131	correct	2	13
3	43503.596	43503.832	43503596 43503832	-4.4	1.41885391825865	false negative	2	8
0	43503.85	43504.148	43503850 43504148	-4.4	1.41885391825865	correct	2	10
0	43504.896	43510.099	43504896 43510099	-4.4	1.41885391825865	correct	2	13
3	43503.596	43503.832	43503596 43503832	-4.4	1.76523715330971	false negative	2	8
3	43503.85	43504.148	43503850 43504148	-4.4	1.76523715330971	false negative	2	11
0	43504.896	43510.099	43504896 43510099	-4.4	1.76523715330971	correct	2	13
3	43503.596	43503.832	43503596 43503832	-4.4	2.32562278092917	false negative	2	8
3	43503.85	43504.148	43503850 43504148	-4.4	2.32562278092917	false negative	2	11
0	43504.896	43510.099	43504896 43510099	-4.4	2.32562278092917	correct	2	13
3	43503.596	43503.832	43503596 43503832	-4.4	3.35283511716953	false negative	2	8
3	43503.85	43504.148	43503850 43504148	-4.4	3.35283511716953	false negative	2	11
0	43504.896	43510.099	43504896 43510099	-4.4	3.35283511716953	correct	2	13
3	43503.596	43503.832	43503596 43503832	-4.4	4.85202555736225	false negative	2	8
3	43503.85	43504.148	43503850 43504148	-4.4	4.85202555736225	false negative	2	11
0	43504.896	43510.099	43504896 43510099	-4.4	4.85202555736225	correct	2	13
3	43503.596	43503.832	43503596 43503832	-4.4	Inf	false negative	2	8
3	43503.85	43504.148	43503850 43504148	-4.4	Inf	false negative	2	11
0	43504.896	43510.099	43504896 43510099	-4.4	Inf	correct	2	13
1	43503.596	43503.832	43503596 43503832	-4.2	-Inf	false positive	2	9
1	43503.85	43504.148	43503850 43504148	-4.2	-Inf	false positive	2	12
1	43504.896	43510.099	43504896 43510099	-4.2	-Inf	false positive	2	14
0	43503.596	43503.832	43503596 43503832	-4.2	-3.5987564321254	correct	2	7
1	43503.85	43504.148	43503850 43504148	-4.2	-3.5987564321254	false positive	2	12
1	43504.896	43510.099	43504896 43510099	-4.2	-3.5987564321254	false positive	2	14
0	43503.596	43503.832	43503596 43503832	-4.2	-2.87110214393305	correct	2	7
1	43503.85	43504.148	43503850 43504148	-4.2	-2.87110214393305	false positive	2	12
0	43504.896	43510.099	43504896 43510099	-4.2	-2.87110214393305	correct	2	13
0	43503.596	43503.832	43503596 43503832	-4.2	-2.524465240576	correct	2	7
0	43503.85	43504.148	43503850 43504148	-4.2	-2.524465240576	correct	2	10
0	43504.896	43510.099	43504896 43510099	-4.2	-2.524465240576	correct	2	13
3	43503.596	43503.832	43503596 43503832	-4.2	-1.7250450381836	false negative	2	8
0	43503.85	43504.148	43503850 43504148	-4.2	-1.7250450381836	correct	2	10
0	43504.896	43510.099	43504896 43510099	-4.2	-1.7250450381836	correct	2	13
3	43503.596	43503.832	43503596 43503832	-4.2	-0.412657524285237	false negative	2	8
0	43503.85	43504.148	43503850 43504148	-4.2	-0.412657524285237	correct	2	10
0	43504.896	43510.099	43504896 43510099	-4.2	-0.412657524285237	correct	2	13
3	43503.596	43503.832	43503596 43503832	-4.2	0.612958946320131	false negative	2	8
0	43503.85	43504.148	43503850 43504148	-4.2	0.612958946320131	correct	2	10
0	43504.896	43510.099	43504896 43510099	-4.2	0.612958946320131	correct	2	13
3	43503.596	43503.832	43503596 43503832	-4.2	1.31885391825865	false negative	2	8
0	43503.85	43504.148	43503850 43504148	-4.2	1.31885391825865	correct	2	10
0	43504.896	43510.099	43504896 43510099	-4.2	1.31885391825865	correct	2	13
3	43503.596	43503.832	43503596 43503832	-4.2	1.66523715330971	false negative	2	8
3	43503.85	43504.148	43503850 43504148	-4.2	1.66523715330971	false negative	2	11
0	43504.896	43510.099	43504896 43510099	-4.2	1.66523715330971	correct	2	13
3	43503.596	43503.832	43503596 43503832	-4.2	2.12562278092917	false negative	2	8
3	43503.85	43504.148	43503850 43504148	-4.2	2.12562278092917	false negative	2	11
0	43504.896	43510.099	43504896 43510099	-4.2	2.12562278092917	correct	2	13
3	43503.596	43503.832	43503596 43503832	-4.2	3.15283511716953	false negative	2	8
3	43503.85	43504.148	43503850 43504148	-4.2	3.15283511716953	false negative	2	11
0	43504.896	43510.099	43504896 43510099	-4.2	3.15283511716953	correct	2	13
3	43503.596	43503.832	43503596 43503832	-4.2	4.65202555736225	false negative	2	8
3	43503.85	43504.148	43503850 43504148	-4.2	4.65202555736225	false negative	2	11
0	43504.896	43510.099	43504896 43510099	-4.2	4.65202555736225	correct	2	13
3	43503.596	43503.832	43503596 43503832	-4.2	Inf	false negative	2	8
3	43503.85	43504.148	43503850 43504148	-4.2	Inf	false negative	2	11
0	43504.896	43510.099	43504896 43510099	-4.2	Inf	correct	2	13
1	43503.596	43503.832	43503596 43503832	-4	-Inf	false positive	2	9
1	43503.85	43504.148	43503850 43504148	-4	-Inf	false positive	2	12
1	43504.896	43510.099	43504896 43510099	-4	-Inf	false positive	2	14
0	43503.596	43503.832	43503596 43503832	-4	-3.5987564321254	correct	2	7
1	43503.85	43504.148	43503850 43504148	-4	-3.5987564321254	false positive	2	12
1	43504.896	43510.099	43504896 43510099	-4	-3.5987564321254	false positive	2	14
0	43503.596	43503.832	43503596 43503832	-4	-2.87110214393305	correct	2	7
1	43503.85	43504.148	43503850 43504148	-4	-2.87110214393305	false positive	2	12
0	43504.896	43510.099	43504896 43510099	-4	-2.87110214393305	correct	2	13
0	43503.596	43503.832	43503596 43503832	-4	-2.524465240576	correct	2	7
0	43503.85	43504.148	43503850 43504148	-4	-2.524465240576	correct	2	10
0	43504.896	43510.099	43504896 43510099	-4	-2.524465240576	correct	2	13
3	43503.596	43503.832	43503596 43503832	-4	-1.7250450381836	false negative	2	8
0	43503.85	43504.148	43503850 43504148	-4	-1.7250450381836	correct	2	10
0	43504.896	43510.099	43504896 43510099	-4	-1.7250450381836	correct	2	13
3	43503.596	43503.832	43503596 43503832	-4	-0.512657524285237	false negative	2	8
0	43503.85	43504.148	43503850 43504148	-4	-0.512657524285237	correct	2	10
0	43504.896	43510.099	43504896 43510099	-4	-0.512657524285237	correct	2	13
3	43503.596	43503.832	43503596 43503832	-4	0.412958946320131	false negative	2	8
0	43503.85	43504.148	43503850 43504148	-4	0.412958946320131	correct	2	10
0	43504.896	43510.099	43504896 43510099	-4	0.412958946320131	correct	2	13
3	43503.596	43503.832	43503596 43503832	-4	1.20830916989523	false negative	2	8
0	43503.85	43504.148	43503850 43504148	-4	1.20830916989523	correct	2	10
0	43504.896	43510.099	43504896 43510099	-4	1.20830916989523	correct	2	13
3	43503.596	43503.832	43503596 43503832	-4	1.56523715330971	false negative	2	8
0	43503.85	43504.148	43503850 43504148	-4	1.56523715330971	correct	2	10
0	43504.896	43510.099	43504896 43510099	-4	1.56523715330971	correct	2	13
3	43503.596	43503.832	43503596 43503832	-4	1.9361675292926	false negative	2	8
3	43503.85	43504.148	43503850 43504148	-4	1.9361675292926	false negative	2	11
0	43504.896	43510.099	43504896 43510099	-4	1.9361675292926	correct	2	13
3	43503.596	43503.832	43503596 43503832	-4	2.95283511716953	false negative	2	8
3	43503.85	43504.148	43503850 43504148	-4	2.95283511716953	false negative	2	11
0	43504.896	43510.099	43504896 43510099	-4	2.95283511716953	correct	2	13
3	43503.596	43503.832	43503596 43503832	-4	4.45202555736225	false negative	2	8
3	43503.85	43504.148	43503850 43504148	-4	4.45202555736225	false negative	2	11
0	43504.896	43510.099	43504896 43510099	-4	4.45202555736225	correct	2	13
3	43503.596	43503.832	43503596 43503832	-4	Inf	false negative	2	8
3	43503.85	43504.148	43503850 43504148	-4	Inf	false negative	2	11
0	43504.896	43510.099	43504896 43510099	-4	Inf	correct	2	13
1	43503.596	43503.832	43503596 43503832	-3.8	-Inf	false positive	2	9
1	43503.85	43504.148	43503850 43504148	-3.8	-Inf	false positive	2	12
1	43504.896	43510.099	43504896 43510099	-3.8	-Inf	false positive	2	14
0	43503.596	43503.832	43503596 43503832	-3.8	-3.5987564321254	correct	2	7
1	43503.85	43504.148	43503850 43504148	-3.8	-3.5987564321254	false positive	2	12
1	43504.896	43510.099	43504896 43510099	-3.8	-3.5987564321254	false positive	2	14
0	43503.596	43503.832	43503596 43503832	-3.8	-2.87110214393305	correct	2	7
1	43503.85	43504.148	43503850 43504148	-3.8	-2.87110214393305	false positive	2	12
0	43504.896	43510.099	43504896 43510099	-3.8	-2.87110214393305	correct	2	13
0	43503.596	43503.832	43503596 43503832	-3.8	-2.524465240576	correct	2	7
0	43503.85	43504.148	43503850 43504148	-3.8	-2.524465240576	correct	2	10
0	43504.896	43510.099	43504896 43510099	-3.8	-2.524465240576	correct	2	13
3	43503.596	43503.832	43503596 43503832	-3.8	-1.7250450381836	false negative	2	8
0	43503.85	43504.148	43503850 43504148	-3.8	-1.7250450381836	correct	2	10
0	43504.896	43510.099	43504896 43510099	-3.8	-1.7250450381836	correct	2	13
3	43503.596	43503.832	43503596 43503832	-3.8	-0.612657524285237	false negative	2	8
0	43503.85	43504.148	43503850 43504148	-3.8	-0.612657524285237	correct	2	10
0	43504.896	43510.099	43504896 43510099	-3.8	-0.612657524285237	correct	2	13
3	43503.596	43503.832	43503596 43503832	-3.8	0.212958946320131	false negative	2	8
0	43503.85	43504.148	43503850 43504148	-3.8	0.212958946320131	correct	2	10
0	43504.896	43510.099	43504896 43510099	-3.8	0.212958946320131	correct	2	13
3	43503.596	43503.832	43503596 43503832	-3.8	1.00830916989523	false negative	2	8
0	43503.85	43504.148	43503850 43504148	-3.8	1.00830916989523	correct	2	10
0	43504.896	43510.099	43504896 43510099	-3.8	1.00830916989523	correct	2	13
3	43503.596	43503.832	43503596 43503832	-3.8	1.46523715330971	false negative	2	8
0	43503.85	43504.148	43503850 43504148	-3.8	1.46523715330971	correct	2	10
0	43504.896	43510.099	43504896 43510099	-3.8	1.46523715330971	correct	2	13
3	43503.596	43503.832	43503596 43503832	-3.8	1.8361675292926	false negative	2	8
3	43503.85	43504.148	43503850 43504148	-3.8	1.8361675292926	false negative	2	11
0	43504.896	43510.099	43504896 43510099	-3.8	1.8361675292926	correct	2	13
3	43503.596	43503.832	43503596 43503832	-3.8	2.75283511716953	false negative	2	8
3	43503.85	43504.148	43503850 43504148	-3.8	2.75283511716953	false negative	2	11
0	43504.896	43510.099	43504896 43510099	-3.8	2.75283511716953	correct	2	13
3	43503.596	43503.832	43503596 43503832	-3.8	4.25202555736225	false negative	2	8
3	43503.85	43504.148	43503850 43504148	-3.8	4.25202555736225	false negative	2	11
0	43504.896	43510.099	43504896 43510099	-3.8	4.25202555736225	correct	2	13
3	43503.596	43503.832	43503596 43503832	-3.8	Inf	false negative	2	8
3	43503.85	43504.148	43503850 43504148	-3.8	Inf	false negative	2	11
0	43504.896	43510.099	43504896 43510099	-3.8	Inf	correct	2	13
1	43503.596	43503.832	43503596 43503832	-3.6	-Inf	false positive	2	9
1	43503.85	43504.148	43503850 43504148	-3.6	-Inf	false positive	2	12
1	43504.896	43510.099	43504896 43510099	-3.6	-Inf	false positive	2	14
0	43503.596	43503.832	43503596 43503832	-3.6	-3.5987564321254	correct	2	7
1	43503.85	43504.148	43503850 43504148	-3.6	-3.5987564321254	false positive	2	12
1	43504.896	43510.099	43504896 43510099	-3.6	-3.5987564321254	false positive	2	14
0	43503.596	43503.832	43503596 43503832	-3.6	-2.87110214393305	correct	2	7
1	43503.85	43504.148	43503850 43504148	-3.6	-2.87110214393305	false positive	2	12
0	43504.896	43510.099	43504896 43510099	-3.6	-2.87110214393305	correct	2	13
0	43503.596	43503.832	43503596 43503832	-3.6	-2.524465240576	correct	2	7
0	43503.85	43504.148	43503850 43504148	-3.6	-2.524465240576	correct	2	10
0	43504.896	43510.099	43504896 43510099	-3.6	-2.524465240576	correct	2	13
3	43503.596	43503.832	43503596 43503832	-3.6	-1.7250450381836	false negative	2	8
0	43503.85	43504.148	43503850 43504148	-3.6	-1.7250450381836	correct	2	10
0	43504.896	43510.099	43504896 43510099	-3.6	-1.7250450381836	correct	2	13
3	43503.596	43503.832	43503596 43503832	-3.6	-0.712657524285237	false negative	2	8
0	43503.85	43504.148	43503850 43504148	-3.6	-0.712657524285237	correct	2	10
0	43504.896	43510.099	43504896 43510099	-3.6	-0.712657524285237	correct	2	13
3	43503.596	43503.832	43503596 43503832	-3.6	0.0129589463201305	false negative	2	8
0	43503.85	43504.148	43503850 43504148	-3.6	0.0129589463201305	correct	2	10
0	43504.896	43510.099	43504896 43510099	-3.6	0.0129589463201305	correct	2	13
3	43503.596	43503.832	43503596 43503832	-3.6	0.808309169895229	false negative	2	8
0	43503.85	43504.148	43503850 43504148	-3.6	0.808309169895229	correct	2	10
0	43504.896	43510.099	43504896 43510099	-3.6	0.808309169895229	correct	2	13
3	43503.596	43503.832	43503596 43503832	-3.6	1.36523715330971	false negative	2	8
0	43503.85	43504.148	43503850 43504148	-3.6	1.36523715330971	correct	2	10
0	43504.896	43510.099	43504896 43510099	-3.6	1.36523715330971	correct	2	13
3	43503.596	43503.832	43503596 43503832	-3.6	1.7361675292926	false negative	2	8
3	43503.85	43504.148	43503850 43504148	-3.6	1.7361675292926	false negative	2	11
0	43504.896	43510.099	43504896 43510099	-3.6	1.7361675292926	correct	2	13
3	43503.596	43503.832	43503596 43503832	-3.6	2.55283511716953	false negative	2	8
3	43503.85	43504.148	43503850 43504148	-3.6	2.55283511716953	false negative	2	11
0	43504.896	43510.099	43504896 43510099	-3.6	2.55283511716953	correct	2	13
3	43503.596	43503.832	43503596 43503832	-3.6	4.05202555736225	false negative	2	8
3	43503.85	43504.148	43503850 43504148	-3.6	4.05202555736225	false negative	2	11
0	43504.896	43510.099	43504896 43510099	-3.6	4.05202555736225	correct	2	13
3	43503.596	43503.832	43503596 43503832	-3.6	Inf	false negative	2	8
3	43503.85	43504.148	43503850 43504148	-3.6	Inf	false negative	2	11
0	43504.896	43510.099	43504896 43510099	-3.6	Inf	correct	2	13
1	43503.596	43503.832	43503596 43503832	-3.4	-Inf	false positive	2	9
1	43503.85	43504.148	43503850 43504148	-3.4	-Inf	false positive	2	12
1	43504.896	43510.099	43504896 43510099	-3.4	-Inf	false positive	2	14
0	43503.596	43503.832	43503596 43503832	-3.4	-3.5987564321254	correct	2	7
1	43503.85	43504.148	43503850 43504148	-3.4	-3.5987564321254	false positive	2	12
1	43504.896	43510.099	43504896 43510099	-3.4	-3.5987564321254	false positive	2	14
0	43503.596	43503.832	43503596 43503832	-3.4	-2.87110214393305	correct	2	7
1	43503.85	43504.148	43503850 43504148	-3.4	-2.87110214393305	false positive	2	12
0	43504.896	43510.099	43504896 43510099	-3.4	-2.87110214393305	correct	2	13
0	43503.596	43503.832	43503596 43503832	-3.4	-2.524465240576	correct	2	7
0	43503.85	43504.148	43503850 43504148	-3.4	-2.524465240576	correct	2	10
0	43504.896	43510.099	43504896 43510099	-3.4	-2.524465240576	correct	2	13
3	43503.596	43503.832	43503596 43503832	-3.4	-1.7250450381836	false negative	2	8
0	43503.85	43504.148	43503850 43504148	-3.4	-1.7250450381836	correct	2	10
0	43504.896	43510.099	43504896 43510099	-3.4	-1.7250450381836	correct	2	13
3	43503.596	43503.832	43503596 43503832	-3.4	-0.812657524285237	false negative	2	8
0	43503.85	43504.148	43503850 43504148	-3.4	-0.812657524285237	correct	2	10
0	43504.896	43510.099	43504896 43510099	-3.4	-0.812657524285237	correct	2	13
3	43503.596	43503.832	43503596 43503832	-3.4	-0.187041053679869	false negative	2	8
0	43503.85	43504.148	43503850 43504148	-3.4	-0.187041053679869	correct	2	10
0	43504.896	43510.099	43504896 43510099	-3.4	-0.187041053679869	correct	2	13
3	43503.596	43503.832	43503596 43503832	-3.4	0.60830916989523	false negative	2	8
0	43503.85	43504.148	43503850 43504148	-3.4	0.60830916989523	correct	2	10
0	43504.896	43510.099	43504896 43510099	-3.4	0.60830916989523	correct	2	13
3	43503.596	43503.832	43503596 43503832	-3.4	1.26523715330971	false negative	2	8
0	43503.85	43504.148	43503850 43504148	-3.4	1.26523715330971	correct	2	10
0	43504.896	43510.099	43504896 43510099	-3.4	1.26523715330971	correct	2	13
3	43503.596	43503.832	43503596 43503832	-3.4	1.6361675292926	false negative	2	8
3	43503.85	43504.148	43503850 43504148	-3.4	1.6361675292926	false negative	2	11
0	43504.896	43510.099	43504896 43510099	-3.4	1.6361675292926	correct	2	13
3	43503.596	43503.832	43503596 43503832	-3.4	2.35283511716953	false negative	2	8
3	43503.85	43504.148	43503850 43504148	-3.4	2.35283511716953	false negative	2	11
0	43504.896	43510.099	43504896 43510099	-3.4	2.35283511716953	correct	2	13
3	43503.596	43503.832	43503596 43503832	-3.4	3.85202555736225	false negative	2	8
3	43503.85	43504.148	43503850 43504148	-3.4	3.85202555736225	false negative	2	11
0	43504.896	43510.099	43504896 43510099	-3.4	3.85202555736225	correct	2	13
3	43503.596	43503.832	43503596 43503832	-3.4	Inf	false negative	2	8
3	43503.85	43504.148	43503850 43504148	-3.4	Inf	false negative	2	11
0	43504.896	43510.099	43504896 43510099	-3.4	Inf	correct	2	13
1	43503.596	43503.832	43503596 43503832	-3.2	-Inf	false positive	2	9
1	43503.85	43504.148	43503850 43504148	-3.2	-Inf	false positive	2	12
1	43504.896	43510.099	43504896 43510099	-3.2	-Inf	false positive	2	14
0	43503.596	43503.832	43503596 43503832	-3.2	-3.5987564321254	correct	2	7
1	43503.85	43504.148	43503850 43504148	-3.2	-3.5987564321254	false positive	2	12
1	43504.896	43510.099	43504896 43510099	-3.2	-3.5987564321254	false positive	2	14
0	43503.596	43503.832	43503596 43503832	-3.2	-2.87110214393305	correct	2	7
1	43503.85	43504.148	43503850 43504148	-3.2	-2.87110214393305	false positive	2	12
0	43504.896	43510.099	43504896 43510099	-3.2	-2.87110214393305	correct	2	13
0	43503.596	43503.832	43503596 43503832	-3.2	-2.524465240576	correct	2	7
0	43503.85	43504.148	43503850 43504148	-3.2	-2.524465240576	correct	2	10
0	43504.896	43510.099	43504896 43510099	-3.2	-2.524465240576	correct	2	13
3	43503.596	43503.832	43503596 43503832	-3.2	-1.7250450381836	false negative	2	8
0	43503.85	43504.148	43503850 43504148	-3.2	-1.7250450381836	correct	2	10
0	43504.896	43510.099	43504896 43510099	-3.2	-1.7250450381836	correct	2	13
3	43503.596	43503.832	43503596 43503832	-3.2	-0.912657524285237	false negative	2	8
0	43503.85	43504.148	43503850 43504148	-3.2	-0.912657524285237	correct	2	10
0	43504.896	43510.099	43504896 43510099	-3.2	-0.912657524285237	correct	2	13
3	43503.596	43503.832	43503596 43503832	-3.2	-0.387041053679869	false negative	2	8
0	43503.85	43504.148	43503850 43504148	-3.2	-0.387041053679869	correct	2	10
0	43504.896	43510.099	43504896 43510099	-3.2	-0.387041053679869	correct	2	13
3	43503.596	43503.832	43503596 43503832	-3.2	0.408309169895229	false negative	2	8
0	43503.85	43504.148	43503850 43504148	-3.2	0.408309169895229	correct	2	10
0	43504.896	43510.099	43504896 43510099	-3.2	0.408309169895229	correct	2	13
3	43503.596	43503.832	43503596 43503832	-3.2	1.12562278092917	false negative	2	8
0	43503.85	43504.148	43503850 43504148	-3.2	1.12562278092917	correct	2	10
0	43504.896	43510.099	43504896 43510099	-3.2	1.12562278092917	correct	2	13
3	43503.596	43503.832	43503596 43503832	-3.2	1.5361675292926	false negative	2	8
0	43503.85	43504.148	43503850 43504148	-3.2	1.5361675292926	correct	2	10
0	43504.896	43510.099	43504896 43510099	-3.2	1.5361675292926	correct	2	13
3	43503.596	43503.832	43503596 43503832	-3.2	2.19244948955007	false negative	2	8
3	43503.85	43504.148	43503850 43504148	-3.2	2.19244948955007	false negative	2	11
0	43504.896	43510.099	43504896 43510099	-3.2	2.19244948955007	correct	2	13
3	43503.596	43503.832	43503596 43503832	-3.2	3.65202555736225	false negative	2	8
3	43503.85	43504.148	43503850 43504148	-3.2	3.65202555736225	false negative	2	11
0	43504.896	43510.099	43504896 43510099	-3.2	3.65202555736225	correct	2	13
3	43503.596	43503.832	43503596 43503832	-3.2	Inf	false negative	2	8
3	43503.85	43504.148	43503850 43504148	-3.2	Inf	false negative	2	11
0	43504.896	43510.099	43504896 43510099	-3.2	Inf	correct	2	13
1	43503.596	43503.832	43503596 43503832	-3	-Inf	false positive	2	9
1	43503.85	43504.148	43503850 43504148	-3	-Inf	false positive	2	12
1	43504.896	43510.099	43504896 43510099	-3	-Inf	false positive	2	14
0	43503.596	43503.832	43503596 43503832	-3	-3.5987564321254	correct	2	7
1	43503.85	43504.148	43503850 43504148	-3	-3.5987564321254	false positive	2	12
1	43504.896	43510.099	43504896 43510099	-3	-3.5987564321254	false positive	2	14
0	43503.596	43503.832	43503596 43503832	-3	-2.87110214393305	correct	2	7
1	43503.85	43504.148	43503850 43504148	-3	-2.87110214393305	false positive	2	12
0	43504.896	43510.099	43504896 43510099	-3	-2.87110214393305	correct	2	13
0	43503.596	43503.832	43503596 43503832	-3	-2.524465240576	correct	2	7
0	43503.85	43504.148	43503850 43504148	-3	-2.524465240576	correct	2	10
0	43504.896	43510.099	43504896 43510099	-3	-2.524465240576	correct	2	13
3	43503.596	43503.832	43503596 43503832	-3	-1.74839555610227	false negative	2	8
0	43503.85	43504.148	43503850 43504148	-3	-1.74839555610227	correct	2	10
0	43504.896	43510.099	43504896 43510099	-3	-1.74839555610227	correct	2	13
3	43503.596	43503.832	43503596 43503832	-3	-1.01265752428524	false negative	2	8
0	43503.85	43504.148	43503850 43504148	-3	-1.01265752428524	correct	2	10
0	43504.896	43510.099	43504896 43510099	-3	-1.01265752428524	correct	2	13
3	43503.596	43503.832	43503596 43503832	-3	-0.563690535761193	false negative	2	8
0	43503.85	43504.148	43503850 43504148	-3	-0.563690535761193	correct	2	10
0	43504.896	43510.099	43504896 43510099	-3	-0.563690535761193	correct	2	13
3	43503.596	43503.832	43503596 43503832	-3	0.208309169895229	false negative	2	8
0	43503.85	43504.148	43503850 43504148	-3	0.208309169895229	correct	2	10
0	43504.896	43510.099	43504896 43510099	-3	0.208309169895229	correct	2	13
3	43503.596	43503.832	43503596 43503832	-3	0.925622780929171	false negative	2	8
0	43503.85	43504.148	43503850 43504148	-3	0.925622780929171	correct	2	10
0	43504.896	43510.099	43504896 43510099	-3	0.925622780929171	correct	2	13
3	43503.596	43503.832	43503596 43503832	-3	1.4361675292926	false negative	2	8
0	43503.85	43504.148	43503850 43504148	-3	1.4361675292926	correct	2	10
0	43504.896	43510.099	43504896 43510099	-3	1.4361675292926	correct	2	13
3	43503.596	43503.832	43503596 43503832	-3	2.09244948955007	false negative	2	8
3	43503.85	43504.148	43503850 43504148	-3	2.09244948955007	false negative	2	11
0	43504.896	43510.099	43504896 43510099	-3	2.09244948955007	correct	2	13
3	43503.596	43503.832	43503596 43503832	-3	3.45202555736225	false negative	2	8
3	43503.85	43504.148	43503850 43504148	-3	3.45202555736225	false negative	2	11
0	43504.896	43510.099	43504896 43510099	-3	3.45202555736225	correct	2	13
3	43503.596	43503.832	43503596 43503832	-3	Inf	false negative	2	8
3	43503.85	43504.148	43503850 43504148	-3	Inf	false negative	2	11
0	43504.896	43510.099	43504896 43510099	-3	Inf	correct	2	13
1	43503.596	43503.832	43503596 43503832	-2.8	-Inf	false positive	2	9
1	43503.85	43504.148	43503850 43504148	-2.8	-Inf	false positive	2	12
1	43504.896	43510.099	43504896 43510099	-2.8	-Inf	false positive	2	14
0	43503.596	43503.832	43503596 43503832	-2.8	-3.5987564321254	correct	2	7
1	43503.85	43504.148	43503850 43504148	-2.8	-3.5987564321254	false positive	2	12
1	43504.896	43510.099	43504896 43510099	-2.8	-3.5987564321254	false positive	2	14
0	43503.596	43503.832	43503596 43503832	-2.8	-2.87110214393305	correct	2	7
1	43503.85	43504.148	43503850 43504148	-2.8	-2.87110214393305	false positive	2	12
0	43504.896	43510.099	43504896 43510099	-2.8	-2.87110214393305	correct	2	13
0	43503.596	43503.832	43503596 43503832	-2.8	-2.524465240576	correct	2	7
0	43503.85	43504.148	43503850 43504148	-2.8	-2.524465240576	correct	2	10
0	43504.896	43510.099	43504896 43510099	-2.8	-2.524465240576	correct	2	13
3	43503.596	43503.832	43503596 43503832	-2.8	-1.84839555610227	false negative	2	8
0	43503.85	43504.148	43503850 43504148	-2.8	-1.84839555610227	correct	2	10
0	43504.896	43510.099	43504896 43510099	-2.8	-1.84839555610227	correct	2	13
3	43503.596	43503.832	43503596 43503832	-2.8	-1.11265752428524	false negative	2	8
0	43503.85	43504.148	43503850 43504148	-2.8	-1.11265752428524	correct	2	10
0	43504.896	43510.099	43504896 43510099	-2.8	-1.11265752428524	correct	2	13
3	43503.596	43503.832	43503596 43503832	-2.8	-0.663690535761193	false negative	2	8
0	43503.85	43504.148	43503850 43504148	-2.8	-0.663690535761193	correct	2	10
0	43504.896	43510.099	43504896 43510099	-2.8	-0.663690535761193	correct	2	13
3	43503.596	43503.832	43503596 43503832	-2.8	0.00830916989522912	false negative	2	8
0	43503.85	43504.148	43503850 43504148	-2.8	0.00830916989522912	correct	2	10
0	43504.896	43510.099	43504896 43510099	-2.8	0.00830916989522912	correct	2	13
3	43503.596	43503.832	43503596 43503832	-2.8	0.725622780929171	false negative	2	8
0	43503.85	43504.148	43503850 43504148	-2.8	0.725622780929171	correct	2	10
0	43504.896	43510.099	43504896 43510099	-2.8	0.725622780929171	correct	2	13
3	43503.596	43503.832	43503596 43503832	-2.8	1.3361675292926	false negative	2	8
0	43503.85	43504.148	43503850 43504148	-2.8	1.3361675292926	correct	2	10
0	43504.896	43510.099	43504896 43510099	-2.8	1.3361675292926	correct	2	13
3	43503.596	43503.832	43503596 43503832	-2.8	1.99244948955007	false negative	2	8
3	43503.85	43504.148	43503850 43504148	-2.8	1.99244948955007	false negative	2	11
0	43504.896	43510.099	43504896 43510099	-2.8	1.99244948955007	correct	2	13
3	43503.596	43503.832	43503596 43503832	-2.8	3.25202555736225	false negative	2	8
3	43503.85	43504.148	43503850 43504148	-2.8	3.25202555736225	false negative	2	11
0	43504.896	43510.099	43504896 43510099	-2.8	3.25202555736225	correct	2	13
3	43503.596	43503.832	43503596 43503832	-2.8	Inf	false negative	2	8
3	43503.85	43504.148	43503850 43504148	-2.8	Inf	false negative	2	11
0	43504.896	43510.099	43504896 43510099	-2.8	Inf	correct	2	13
1	43503.596	43503.832	43503596 43503832	-2.6	-Inf	false positive	2	9
1	43503.85	43504.148	43503850 43504148	-2.6	-Inf	false positive	2	12
1	43504.896	43510.099	43504896 43510099	-2.6	-Inf	false positive	2	14
0	43503.596	43503.832	43503596 43503832	-2.6	-3.5987564321254	correct	2	7
1	43503.85	43504.148	43503850 43504148	-2.6	-3.5987564321254	false positive	2	12
1	43504.896	43510.099	43504896 43510099	-2.6	-3.5987564321254	false positive	2	14
0	43503.596	43503.832	43503596 43503832	-2.6	-2.87110214393305	correct	2	7
1	43503.85	43504.148	43503850 43504148	-2.6	-2.87110214393305	false positive	2	12
0	43504.896	43510.099	43504896 43510099	-2.6	-2.87110214393305	correct	2	13
0	43503.596	43503.832	43503596 43503832	-2.6	-2.524465240576	correct	2	7
0	43503.85	43504.148	43503850 43504148	-2.6	-2.524465240576	correct	2	10
0	43504.896	43510.099	43504896 43510099	-2.6	-2.524465240576	correct	2	13
3	43503.596	43503.832	43503596 43503832	-2.6	-1.94839555610227	false negative	2	8
0	43503.85	43504.148	43503850 43504148	-2.6	-1.94839555610227	correct	2	10
0	43504.896	43510.099	43504896 43510099	-2.6	-1.94839555610227	correct	2	13
3	43503.596	43503.832	43503596 43503832	-2.6	-1.21265752428524	false negative	2	8
0	43503.85	43504.148	43503850 43504148	-2.6	-1.21265752428524	correct	2	10
0	43504.896	43510.099	43504896 43510099	-2.6	-1.21265752428524	correct	2	13
3	43503.596	43503.832	43503596 43503832	-2.6	-0.763690535761193	false negative	2	8
0	43503.85	43504.148	43503850 43504148	-2.6	-0.763690535761193	correct	2	10
0	43504.896	43510.099	43504896 43510099	-2.6	-0.763690535761193	correct	2	13
3	43503.596	43503.832	43503596 43503832	-2.6	-0.191690830104771	false negative	2	8
0	43503.85	43504.148	43503850 43504148	-2.6	-0.191690830104771	correct	2	10
0	43504.896	43510.099	43504896 43510099	-2.6	-0.191690830104771	correct	2	13
3	43503.596	43503.832	43503596 43503832	-2.6	0.525622780929171	false negative	2	8
0	43503.85	43504.148	43503850 43504148	-2.6	0.525622780929171	correct	2	10
0	43504.896	43510.099	43504896 43510099	-2.6	0.525622780929171	correct	2	13
3	43503.596	43503.832	43503596 43503832	-2.6	1.2361675292926	false negative	2	8
0	43503.85	43504.148	43503850 43504148	-2.6	1.2361675292926	correct	2	10
0	43504.896	43510.099	43504896 43510099	-2.6	1.2361675292926	correct	2	13
3	43503.596	43503.832	43503596 43503832	-2.6	1.89244948955007	false negative	2	8
3	43503.85	43504.148	43503850 43504148	-2.6	1.89244948955007	false negative	2	11
0	43504.896	43510.099	43504896 43510099	-2.6	1.89244948955007	correct	2	13
3	43503.596	43503.832	43503596 43503832	-2.6	3.05202555736225	false negative	2	8
3	43503.85	43504.148	43503850 43504148	-2.6	3.05202555736225	false negative	2	11
0	43504.896	43510.099	43504896 43510099	-2.6	3.05202555736225	correct	2	13
3	43503.596	43503.832	43503596 43503832	-2.6	Inf	false negative	2	8
3	43503.85	43504.148	43503850 43504148	-2.6	Inf	false negative	2	11
0	43504.896	43510.099	43504896 43510099	-2.6	Inf	correct	2	13
1	43503.596	43503.832	43503596 43503832	-2.4	-Inf	false positive	2	9
1	43503.85	43504.148	43503850 43504148	-2.4	-Inf	false positive	2	12
1	43504.896	43510.099	43504896 43510099	-2.4	-Inf	false positive	2	14
0	43503.596	43503.832	43503596 43503832	-2.4	-3.5987564321254	correct	2	7
1	43503.85	43504.148	43503850 43504148	-2.4	-3.5987564321254	false positive	2	12
1	43504.896	43510.099	43504896 43510099	-2.4	-3.5987564321254	false positive	2	14
0	43503.596	43503.832	43503596 43503832	-2.4	-2.87110214393305	correct	2	7
1	43503.85	43504.148	43503850 43504148	-2.4	-2.87110214393305	false positive	2	12
0	43504.896	43510.099	43504896 43510099	-2.4	-2.87110214393305	correct	2	13
0	43503.596	43503.832	43503596 43503832	-2.4	-2.524465240576	correct	2	7
0	43503.85	43504.148	43503850 43504148	-2.4	-2.524465240576	correct	2	10
0	43504.896	43510.099	43504896 43510099	-2.4	-2.524465240576	correct	2	13
3	43503.596	43503.832	43503596 43503832	-2.4	-2.04839555610227	false negative	2	8
0	43503.85	43504.148	43503850 43504148	-2.4	-2.04839555610227	correct	2	10
0	43504.896	43510.099	43504896 43510099	-2.4	-2.04839555610227	correct	2	13
3	43503.596	43503.832	43503596 43503832	-2.4	-1.31265752428524	false negative	2	8
0	43503.85	43504.148	43503850 43504148	-2.4	-1.31265752428524	correct	2	10
0	43504.896	43510.099	43504896 43510099	-2.4	-1.31265752428524	correct	2	13
3	43503.596	43503.832	43503596 43503832	-2.4	-0.863690535761193	false negative	2	8
0	43503.85	43504.148	43503850 43504148	-2.4	-0.863690535761193	correct	2	10
0	43504.896	43510.099	43504896 43510099	-2.4	-0.863690535761193	correct	2	13
3	43503.596	43503.832	43503596 43503832	-2.4	-0.39169083010477	false negative	2	8
0	43503.85	43504.148	43503850 43504148	-2.4	-0.39169083010477	correct	2	10
0	43504.896	43510.099	43504896 43510099	-2.4	-0.39169083010477	correct	2	13
3	43503.596	43503.832	43503596 43503832	-2.4	0.325622780929171	false negative	2	8
0	43503.85	43504.148	43503850 43504148	-2.4	0.325622780929171	correct	2	10
0	43504.896	43510.099	43504896 43510099	-2.4	0.325622780929171	correct	2	13
3	43503.596	43503.832	43503596 43503832	-2.4	1.1361675292926	false negative	2	8
0	43503.85	43504.148	43503850 43504148	-2.4	1.1361675292926	correct	2	10
0	43504.896	43510.099	43504896 43510099	-2.4	1.1361675292926	correct	2	13
3	43503.596	43503.832	43503596 43503832	-2.4	1.79244948955007	false negative	2	8
3	43503.85	43504.148	43503850 43504148	-2.4	1.79244948955007	false negative	2	11
0	43504.896	43510.099	43504896 43510099	-2.4	1.79244948955007	correct	2	13
3	43503.596	43503.832	43503596 43503832	-2.4	2.85202555736225	false negative	2	8
3	43503.85	43504.148	43503850 43504148	-2.4	2.85202555736225	false negative	2	11
0	43504.896	43510.099	43504896 43510099	-2.4	2.85202555736225	correct	2	13
3	43503.596	43503.832	43503596 43503832	-2.4	Inf	false negative	2	8
3	43503.85	43504.148	43503850 43504148	-2.4	Inf	false negative	2	11
0	43504.896	43510.099	43504896 43510099	-2.4	Inf	correct	2	13
1	43503.596	43503.832	43503596 43503832	-2.2	-Inf	false positive	2	9
1	43503.85	43504.148	43503850 43504148	-2.2	-Inf	false positive	2	12
1	43504.896	43510.099	43504896 43510099	-2.2	-Inf	false positive	2	14
0	43503.596	43503.832	43503596 43503832	-2.2	-3.5987564321254	correct	2	7
1	43503.85	43504.148	43503850 43504148	-2.2	-3.5987564321254	false positive	2	12
1	43504.896	43510.099	43504896 43510099	-2.2	-3.5987564321254	false positive	2	14
0	43503.596	43503.832	43503596 43503832	-2.2	-2.87110214393305	correct	2	7
1	43503.85	43504.148	43503850 43504148	-2.2	-2.87110214393305	false positive	2	12
0	43504.896	43510.099	43504896 43510099	-2.2	-2.87110214393305	correct	2	13
0	43503.596	43503.832	43503596 43503832	-2.2	-2.524465240576	correct	2	7
0	43503.85	43504.148	43503850 43504148	-2.2	-2.524465240576	correct	2	10
0	43504.896	43510.099	43504896 43510099	-2.2	-2.524465240576	correct	2	13
3	43503.596	43503.832	43503596 43503832	-2.2	-2.14839555610227	false negative	2	8
0	43503.85	43504.148	43503850 43504148	-2.2	-2.14839555610227	correct	2	10
0	43504.896	43510.099	43504896 43510099	-2.2	-2.14839555610227	correct	2	13
3	43503.596	43503.832	43503596 43503832	-2.2	-1.41265752428524	false negative	2	8
0	43503.85	43504.148	43503850 43504148	-2.2	-1.41265752428524	correct	2	10
0	43504.896	43510.099	43504896 43510099	-2.2	-1.41265752428524	correct	2	13
3	43503.596	43503.832	43503596 43503832	-2.2	-0.963690535761193	false negative	2	8
0	43503.85	43504.148	43503850 43504148	-2.2	-0.963690535761193	correct	2	10
0	43504.896	43510.099	43504896 43510099	-2.2	-0.963690535761193	correct	2	13
3	43503.596	43503.832	43503596 43503832	-2.2	-0.591690830104771	false negative	2	8
0	43503.85	43504.148	43503850 43504148	-2.2	-0.591690830104771	correct	2	10
0	43504.896	43510.099	43504896 43510099	-2.2	-0.591690830104771	correct	2	13
3	43503.596	43503.832	43503596 43503832	-2.2	0.12562278092917	false negative	2	8
0	43503.85	43504.148	43503850 43504148	-2.2	0.12562278092917	correct	2	10
0	43504.896	43510.099	43504896 43510099	-2.2	0.12562278092917	correct	2	13
3	43503.596	43503.832	43503596 43503832	-2.2	1.0361675292926	false negative	2	8
0	43503.85	43504.148	43503850 43504148	-2.2	1.0361675292926	correct	2	10
0	43504.896	43510.099	43504896 43510099	-2.2	1.0361675292926	correct	2	13
3	43503.596	43503.832	43503596 43503832	-2.2	1.69244948955007	false negative	2	8
3	43503.85	43504.148	43503850 43504148	-2.2	1.69244948955007	false negative	2	11
0	43504.896	43510.099	43504896 43510099	-2.2	1.69244948955007	correct	2	13
3	43503.596	43503.832	43503596 43503832	-2.2	2.65202555736225	false negative	2	8
3	43503.85	43504.148	43503850 43504148	-2.2	2.65202555736225	false negative	2	11
0	43504.896	43510.099	43504896 43510099	-2.2	2.65202555736225	correct	2	13
3	43503.596	43503.832	43503596 43503832	-2.2	Inf	false negative	2	8
3	43503.85	43504.148	43503850 43504148	-2.2	Inf	false negative	2	11
0	43504.896	43510.099	43504896 43510099	-2.2	Inf	correct	2	13
1	43503.596	43503.832	43503596 43503832	-2	-Inf	false positive	2	9
1	43503.85	43504.148	43503850 43504148	-2	-Inf	false positive	2	12
1	43504.896	43510.099	43504896 43510099	-2	-Inf	false positive	2	14
0	43503.596	43503.832	43503596 43503832	-2	-3.5987564321254	correct	2	7
1	43503.85	43504.148	43503850 43504148	-2	-3.5987564321254	false positive	2	12
1	43504.896	43510.099	43504896 43510099	-2	-3.5987564321254	false positive	2	14
0	43503.596	43503.832	43503596 43503832	-2	-2.87110214393305	correct	2	7
1	43503.85	43504.148	43503850 43504148	-2	-2.87110214393305	false positive	2	12
0	43504.896	43510.099	43504896 43510099	-2	-2.87110214393305	correct	2	13
0	43503.596	43503.832	43503596 43503832	-2	-2.524465240576	correct	2	7
0	43503.85	43504.148	43503850 43504148	-2	-2.524465240576	correct	2	10
0	43504.896	43510.099	43504896 43510099	-2	-2.524465240576	correct	2	13
3	43503.596	43503.832	43503596 43503832	-2	-2.24839555610227	false negative	2	8
0	43503.85	43504.148	43503850 43504148	-2	-2.24839555610227	correct	2	10
0	43504.896	43510.099	43504896 43510099	-2	-2.24839555610227	correct	2	13
3	43503.596	43503.832	43503596 43503832	-2	-1.58704105367987	false negative	2	8
0	43503.85	43504.148	43503850 43504148	-2	-1.58704105367987	correct	2	10
0	43504.896	43510.099	43504896 43510099	-2	-1.58704105367987	correct	2	13
3	43503.596	43503.832	43503596 43503832	-2	-1.06369053576119	false negative	2	8
0	43503.85	43504.148	43503850 43504148	-2	-1.06369053576119	correct	2	10
0	43504.896	43510.099	43504896 43510099	-2	-1.06369053576119	correct	2	13
3	43503.596	43503.832	43503596 43503832	-2	-0.717307300710139	false negative	2	8
0	43503.85	43504.148	43503850 43504148	-2	-0.717307300710139	correct	2	10
0	43504.896	43510.099	43504896 43510099	-2	-0.717307300710139	correct	2	13
3	43503.596	43503.832	43503596 43503832	-2	-0.0743772190708292	false negative	2	8
0	43503.85	43504.148	43503850 43504148	-2	-0.0743772190708292	correct	2	10
0	43504.896	43510.099	43504896 43510099	-2	-0.0743772190708292	correct	2	13
3	43503.596	43503.832	43503596 43503832	-2	0.936167529292596	false negative	2	8
0	43503.85	43504.148	43503850 43504148	-2	0.936167529292596	correct	2	10
0	43504.896	43510.099	43504896 43510099	-2	0.936167529292596	correct	2	13
3	43503.596	43503.832	43503596 43503832	-2	1.59244948955007	false negative	2	8
3	43503.85	43504.148	43503850 43504148	-2	1.59244948955007	false negative	2	11
0	43504.896	43510.099	43504896 43510099	-2	1.59244948955007	correct	2	13
3	43503.596	43503.832	43503596 43503832	-2	2.45202555736225	false negative	2	8
3	43503.85	43504.148	43503850 43504148	-2	2.45202555736225	false negative	2	11
0	43504.896	43510.099	43504896 43510099	-2	2.45202555736225	correct	2	13
3	43503.596	43503.832	43503596 43503832	-2	Inf	false negative	2	8
3	43503.85	43504.148	43503850 43504148	-2	Inf	false negative	2	11
0	43504.896	43510.099	43504896 43510099	-2	Inf	correct	2	13
1	43503.596	43503.832	43503596 43503832	-1.8	-Inf	false positive	2	9
1	43503.85	43504.148	43503850 43504148	-1.8	-Inf	false positive	2	12
1	43504.896	43510.099	43504896 43510099	-1.8	-Inf	false positive	2	14
0	43503.596	43503.832	43503596 43503832	-1.8	-3.5987564321254	correct	2	7
1	43503.85	43504.148	43503850 43504148	-1.8	-3.5987564321254	false positive	2	12
1	43504.896	43510.099	43504896 43510099	-1.8	-3.5987564321254	false positive	2	14
0	43503.596	43503.832	43503596 43503832	-1.8	-2.87110214393305	correct	2	7
1	43503.85	43504.148	43503850 43504148	-1.8	-2.87110214393305	false positive	2	12
0	43504.896	43510.099	43504896 43510099	-1.8	-2.87110214393305	correct	2	13
0	43503.596	43503.832	43503596 43503832	-1.8	-2.524465240576	correct	2	7
0	43503.85	43504.148	43503850 43504148	-1.8	-2.524465240576	correct	2	10
0	43504.896	43510.099	43504896 43510099	-1.8	-2.524465240576	correct	2	13
3	43503.596	43503.832	43503596 43503832	-1.8	-2.34839555610227	false negative	2	8
0	43503.85	43504.148	43503850 43504148	-1.8	-2.34839555610227	correct	2	10
0	43504.896	43510.099	43504896 43510099	-1.8	-2.34839555610227	correct	2	13
3	43503.596	43503.832	43503596 43503832	-1.8	-1.78704105367987	false negative	2	8
0	43503.85	43504.148	43503850 43504148	-1.8	-1.78704105367987	correct	2	10
0	43504.896	43510.099	43504896 43510099	-1.8	-1.78704105367987	correct	2	13
3	43503.596	43503.832	43503596 43503832	-1.8	-1.16369053576119	false negative	2	8
0	43503.85	43504.148	43503850 43504148	-1.8	-1.16369053576119	correct	2	10
0	43504.896	43510.099	43504896 43510099	-1.8	-1.16369053576119	correct	2	13
3	43503.596	43503.832	43503596 43503832	-1.8	-0.817307300710138	false negative	2	8
0	43503.85	43504.148	43503850 43504148	-1.8	-0.817307300710138	correct	2	10
0	43504.896	43510.099	43504896 43510099	-1.8	-0.817307300710138	correct	2	13
3	43503.596	43503.832	43503596 43503832	-1.8	-0.274377219070828	false negative	2	8
0	43503.85	43504.148	43503850 43504148	-1.8	-0.274377219070828	correct	2	10
0	43504.896	43510.099	43504896 43510099	-1.8	-0.274377219070828	correct	2	13
3	43503.596	43503.832	43503596 43503832	-1.8	0.752835117169532	false negative	2	8
0	43503.85	43504.148	43503850 43504148	-1.8	0.752835117169532	correct	2	10
0	43504.896	43510.099	43504896 43510099	-1.8	0.752835117169532	correct	2	13
3	43503.596	43503.832	43503596 43503832	-1.8	1.49244948955007	false negative	2	8
0	43503.85	43504.148	43503850 43504148	-1.8	1.49244948955007	correct	2	10
0	43504.896	43510.099	43504896 43510099	-1.8	1.49244948955007	correct	2	13
3	43503.596	43503.832	43503596 43503832	-1.8	2.33535796948531	false negative	2	8
3	43503.85	43504.148	43503850 43504148	-1.8	2.33535796948531	false negative	2	11
0	43504.896	43510.099	43504896 43510099	-1.8	2.33535796948531	correct	2	13
3	43503.596	43503.832	43503596 43503832	-1.8	Inf	false negative	2	8
3	43503.85	43504.148	43503850 43504148	-1.8	Inf	false negative	2	11
0	43504.896	43510.099	43504896 43510099	-1.8	Inf	correct	2	13
1	43503.596	43503.832	43503596 43503832	-1.6	-Inf	false positive	2	9
1	43503.85	43504.148	43503850 43504148	-1.6	-Inf	false positive	2	12
1	43504.896	43510.099	43504896 43510099	-1.6	-Inf	false positive	2	14
0	43503.596	43503.832	43503596 43503832	-1.6	-3.5987564321254	correct	2	7
1	43503.85	43504.148	43503850 43504148	-1.6	-3.5987564321254	false positive	2	12
1	43504.896	43510.099	43504896 43510099	-1.6	-3.5987564321254	false positive	2	14
0	43503.596	43503.832	43503596 43503832	-1.6	-2.87110214393305	correct	2	7
1	43503.85	43504.148	43503850 43504148	-1.6	-2.87110214393305	false positive	2	12
0	43504.896	43510.099	43504896 43510099	-1.6	-2.87110214393305	correct	2	13
0	43503.596	43503.832	43503596 43503832	-1.6	-2.524465240576	correct	2	7
0	43503.85	43504.148	43503850 43504148	-1.6	-2.524465240576	correct	2	10
0	43504.896	43510.099	43504896 43510099	-1.6	-2.524465240576	correct	2	13
3	43503.596	43503.832	43503596 43503832	-1.6	-2.44839555610227	false negative	2	8
0	43503.85	43504.148	43503850 43504148	-1.6	-2.44839555610227	correct	2	10
0	43504.896	43510.099	43504896 43510099	-1.6	-2.44839555610227	correct	2	13
3	43503.596	43503.832	43503596 43503832	-1.6	-1.98704105367987	false negative	2	8
0	43503.85	43504.148	43503850 43504148	-1.6	-1.98704105367987	correct	2	10
0	43504.896	43510.099	43504896 43510099	-1.6	-1.98704105367987	correct	2	13
3	43503.596	43503.832	43503596 43503832	-1.6	-1.26369053576119	false negative	2	8
0	43503.85	43504.148	43503850 43504148	-1.6	-1.26369053576119	correct	2	10
0	43504.896	43510.099	43504896 43510099	-1.6	-1.26369053576119	correct	2	13
3	43503.596	43503.832	43503596 43503832	-1.6	-0.917307300710139	false negative	2	8
0	43503.85	43504.148	43503850 43504148	-1.6	-0.917307300710139	correct	2	10
0	43504.896	43510.099	43504896 43510099	-1.6	-0.917307300710139	correct	2	13
3	43503.596	43503.832	43503596 43503832	-1.6	-0.47437721907083	false negative	2	8
0	43503.85	43504.148	43503850 43504148	-1.6	-0.47437721907083	correct	2	10
0	43504.896	43510.099	43504896 43510099	-1.6	-0.47437721907083	correct	2	13
3	43503.596	43503.832	43503596 43503832	-1.6	0.552835117169531	false negative	2	8
0	43503.85	43504.148	43503850 43504148	-1.6	0.552835117169531	correct	2	10
0	43504.896	43510.099	43504896 43510099	-1.6	0.552835117169531	correct	2	13
3	43503.596	43503.832	43503596 43503832	-1.6	1.39244948955007	false negative	2	8
0	43503.85	43504.148	43503850 43504148	-1.6	1.39244948955007	correct	2	10
0	43504.896	43510.099	43504896 43510099	-1.6	1.39244948955007	correct	2	13
3	43503.596	43503.832	43503596 43503832	-1.6	2.23535796948531	false negative	2	8
3	43503.85	43504.148	43503850 43504148	-1.6	2.23535796948531	false negative	2	11
0	43504.896	43510.099	43504896 43510099	-1.6	2.23535796948531	correct	2	13
3	43503.596	43503.832	43503596 43503832	-1.6	Inf	false negative	2	8
3	43503.85	43504.148	43503850 43504148	-1.6	Inf	false negative	2	11
0	43504.896	43510.099	43504896 43510099	-1.6	Inf	correct	2	13
1	43503.596	43503.832	43503596 43503832	-1.4	-Inf	false positive	2	9
1	43503.85	43504.148	43503850 43504148	-1.4	-Inf	false positive	2	12
1	43504.896	43510.099	43504896 43510099	-1.4	-Inf	false positive	2	14
0	43503.596	43503.832	43503596 43503832	-1.4	-3.5987564321254	correct	2	7
1	43503.85	43504.148	43503850 43504148	-1.4	-3.5987564321254	false positive	2	12
1	43504.896	43510.099	43504896 43510099	-1.4	-3.5987564321254	false positive	2	14
0	43503.596	43503.832	43503596 43503832	-1.4	-2.89503245945932	correct	2	7
1	43503.85	43504.148	43503850 43504148	-1.4	-2.89503245945932	false positive	2	12
0	43504.896	43510.099	43504896 43510099	-1.4	-2.89503245945932	correct	2	13
0	43503.596	43503.832	43503596 43503832	-1.4	-2.61207772667764	correct	2	7
1	43503.85	43504.148	43503850 43504148	-1.4	-2.61207772667764	false positive	2	12
0	43504.896	43510.099	43504896 43510099	-1.4	-2.61207772667764	correct	2	13
0	43503.596	43503.832	43503596 43503832	-1.4	-2.524465240576	correct	2	7
0	43503.85	43504.148	43503850 43504148	-1.4	-2.524465240576	correct	2	10
0	43504.896	43510.099	43504896 43510099	-1.4	-2.524465240576	correct	2	13
3	43503.596	43503.832	43503596 43503832	-1.4	-2.09942856757823	false negative	2	8
0	43503.85	43504.148	43503850 43504148	-1.4	-2.09942856757823	correct	2	10
0	43504.896	43510.099	43504896 43510099	-1.4	-2.09942856757823	correct	2	13
3	43503.596	43503.832	43503596 43503832	-1.4	-1.39169083010477	false negative	2	8
0	43503.85	43504.148	43503850 43504148	-1.4	-1.39169083010477	correct	2	10
0	43504.896	43510.099	43504896 43510099	-1.4	-1.39169083010477	correct	2	13
3	43503.596	43503.832	43503596 43503832	-1.4	-1.01730730071014	false negative	2	8
0	43503.85	43504.148	43503850 43504148	-1.4	-1.01730730071014	correct	2	10
0	43504.896	43510.099	43504896 43510099	-1.4	-1.01730730071014	correct	2	13
3	43503.596	43503.832	43503596 43503832	-1.4	-0.646376924727251	false negative	2	8
0	43503.85	43504.148	43503850 43504148	-1.4	-0.646376924727251	correct	2	10
0	43504.896	43510.099	43504896 43510099	-1.4	-0.646376924727251	correct	2	13
3	43503.596	43503.832	43503596 43503832	-1.4	0.352835117169532	false negative	2	8
0	43503.85	43504.148	43503850 43504148	-1.4	0.352835117169532	correct	2	10
0	43504.896	43510.099	43504896 43510099	-1.4	0.352835117169532	correct	2	13
3	43503.596	43503.832	43503596 43503832	-1.4	1.29244948955007	false negative	2	8
0	43503.85	43504.148	43503850 43504148	-1.4	1.29244948955007	correct	2	10
0	43504.896	43510.099	43504896 43510099	-1.4	1.29244948955007	correct	2	13
3	43503.596	43503.832	43503596 43503832	-1.4	2.13535796948531	false negative	2	8
3	43503.85	43504.148	43503850 43504148	-1.4	2.13535796948531	false negative	2	11
0	43504.896	43510.099	43504896 43510099	-1.4	2.13535796948531	correct	2	13
3	43503.596	43503.832	43503596 43503832	-1.4	Inf	false negative	2	8
3	43503.85	43504.148	43503850 43504148	-1.4	Inf	false negative	2	11
0	43504.896	43510.099	43504896 43510099	-1.4	Inf	correct	2	13
1	43503.596	43503.832	43503596 43503832	-1.2	-Inf	false positive	2	9
1	43503.85	43504.148	43503850 43504148	-1.2	-Inf	false positive	2	12
1	43504.896	43510.099	43504896 43510099	-1.2	-Inf	false positive	2	14
0	43503.596	43503.832	43503596 43503832	-1.2	-3.5987564321254	correct	2	7
1	43503.85	43504.148	43503850 43504148	-1.2	-3.5987564321254	false positive	2	12
1	43504.896	43510.099	43504896 43510099	-1.2	-3.5987564321254	false positive	2	14
0	43503.596	43503.832	43503596 43503832	-1.2	-2.99503245945932	correct	2	7
1	43503.85	43504.148	43503850 43504148	-1.2	-2.99503245945932	false positive	2	12
0	43504.896	43510.099	43504896 43510099	-1.2	-2.99503245945932	correct	2	13
0	43503.596	43503.832	43503596 43503832	-1.2	-2.71207772667764	correct	2	7
1	43503.85	43504.148	43503850 43504148	-1.2	-2.71207772667764	false positive	2	12
0	43504.896	43510.099	43504896 43510099	-1.2	-2.71207772667764	correct	2	13
0	43503.596	43503.832	43503596 43503832	-1.2	-2.524465240576	correct	2	7
0	43503.85	43504.148	43503850 43504148	-1.2	-2.524465240576	correct	2	10
0	43504.896	43510.099	43504896 43510099	-1.2	-2.524465240576	correct	2	13
3	43503.596	43503.832	43503596 43503832	-1.2	-2.19942856757823	false negative	2	8
0	43503.85	43504.148	43503850 43504148	-1.2	-2.19942856757823	correct	2	10
0	43504.896	43510.099	43504896 43510099	-1.2	-2.19942856757823	correct	2	13
3	43503.596	43503.832	43503596 43503832	-1.2	-1.59169083010477	false negative	2	8
0	43503.85	43504.148	43503850 43504148	-1.2	-1.59169083010477	correct	2	10
0	43504.896	43510.099	43504896 43510099	-1.2	-1.59169083010477	correct	2	13
3	43503.596	43503.832	43503596 43503832	-1.2	-1.11730730071014	false negative	2	8
0	43503.85	43504.148	43503850 43504148	-1.2	-1.11730730071014	correct	2	10
0	43504.896	43510.099	43504896 43510099	-1.2	-1.11730730071014	correct	2	13
3	43503.596	43503.832	43503596 43503832	-1.2	-0.746376924727252	false negative	2	8
0	43503.85	43504.148	43503850 43504148	-1.2	-0.746376924727252	correct	2	10
0	43504.896	43510.099	43504896 43510099	-1.2	-0.746376924727252	correct	2	13
3	43503.596	43503.832	43503596 43503832	-1.2	0.152835117169531	false negative	2	8
0	43503.85	43504.148	43503850 43504148	-1.2	0.152835117169531	correct	2	10
0	43504.896	43510.099	43504896 43510099	-1.2	0.152835117169531	correct	2	13
3	43503.596	43503.832	43503596 43503832	-1.2	1.19244948955007	false negative	2	8
0	43503.85	43504.148	43503850 43504148	-1.2	1.19244948955007	correct	2	10
0	43504.896	43510.099	43504896 43510099	-1.2	1.19244948955007	correct	2	13
3	43503.596	43503.832	43503596 43503832	-1.2	2.03535796948531	false negative	2	8
3	43503.85	43504.148	43503850 43504148	-1.2	2.03535796948531	false negative	2	11
0	43504.896	43510.099	43504896 43510099	-1.2	2.03535796948531	correct	2	13
3	43503.596	43503.832	43503596 43503832	-1.2	Inf	false negative	2	8
3	43503.85	43504.148	43503850 43504148	-1.2	Inf	false negative	2	11
0	43504.896	43510.099	43504896 43510099	-1.2	Inf	correct	2	13
1	43503.596	43503.832	43503596 43503832	-1	-Inf	false positive	2	9
1	43503.85	43504.148	43503850 43504148	-1	-Inf	false positive	2	12
1	43504.896	43510.099	43504896 43510099	-1	-Inf	false positive	2	14
0	43503.596	43503.832	43503596 43503832	-1	-3.5987564321254	correct	2	7
1	43503.85	43504.148	43503850 43504148	-1	-3.5987564321254	false positive	2	12
1	43504.896	43510.099	43504896 43510099	-1	-3.5987564321254	false positive	2	14
0	43503.596	43503.832	43503596 43503832	-1	-3.09503245945932	correct	2	7
1	43503.85	43504.148	43503850 43504148	-1	-3.09503245945932	false positive	2	12
0	43504.896	43510.099	43504896 43510099	-1	-3.09503245945932	correct	2	13
0	43503.596	43503.832	43503596 43503832	-1	-2.81207772667764	correct	2	7
1	43503.85	43504.148	43503850 43504148	-1	-2.81207772667764	false positive	2	12
0	43504.896	43510.099	43504896 43510099	-1	-2.81207772667764	correct	2	13
0	43503.596	43503.832	43503596 43503832	-1	-2.524465240576	correct	2	7
0	43503.85	43504.148	43503850 43504148	-1	-2.524465240576	correct	2	10
0	43504.896	43510.099	43504896 43510099	-1	-2.524465240576	correct	2	13
3	43503.596	43503.832	43503596 43503832	-1	-2.29942856757823	false negative	2	8
0	43503.85	43504.148	43503850 43504148	-1	-2.29942856757823	correct	2	10
0	43504.896	43510.099	43504896 43510099	-1	-2.29942856757823	correct	2	13
3	43503.596	43503.832	43503596 43503832	-1	-1.79169083010477	false negative	2	8
0	43503.85	43504.148	43503850 43504148	-1	-1.79169083010477	correct	2	10
0	43504.896	43510.099	43504896 43510099	-1	-1.79169083010477	correct	2	13
3	43503.596	43503.832	43503596 43503832	-1	-1.21730730071014	false negative	2	8
0	43503.85	43504.148	43503850 43504148	-1	-1.21730730071014	correct	2	10
0	43504.896	43510.099	43504896 43510099	-1	-1.21730730071014	correct	2	13
3	43503.596	43503.832	43503596 43503832	-1	-0.846376924727252	false negative	2	8
0	43503.85	43504.148	43503850 43504148	-1	-0.846376924727252	correct	2	10
0	43504.896	43510.099	43504896 43510099	-1	-0.846376924727252	correct	2	13
3	43503.596	43503.832	43503596 43503832	-1	-0.0471648828304687	false negative	2	8
0	43503.85	43504.148	43503850 43504148	-1	-0.0471648828304687	correct	2	10
0	43504.896	43510.099	43504896 43510099	-1	-0.0471648828304687	correct	2	13
3	43503.596	43503.832	43503596 43503832	-1	1.09244948955007	false negative	2	8
0	43503.85	43504.148	43503850 43504148	-1	1.09244948955007	correct	2	10
0	43504.896	43510.099	43504896 43510099	-1	1.09244948955007	correct	2	13
3	43503.596	43503.832	43503596 43503832	-1	1.93535796948531	false negative	2	8
3	43503.85	43504.148	43503850 43504148	-1	1.93535796948531	false negative	2	11
0	43504.896	43510.099	43504896 43510099	-1	1.93535796948531	correct	2	13
3	43503.596	43503.832	43503596 43503832	-1	Inf	false negative	2	8
3	43503.85	43504.148	43503850 43504148	-1	Inf	false negative	2	11
0	43504.896	43510.099	43504896 43510099	-1	Inf	correct	2	13
1	43503.596	43503.832	43503596 43503832	-0.8	-Inf	false positive	2	9
1	43503.85	43504.148	43503850 43504148	-0.8	-Inf	false positive	2	12
1	43504.896	43510.099	43504896 43510099	-0.8	-Inf	false positive	2	14
0	43503.596	43503.832	43503596 43503832	-0.8	-3.63973201486999	correct	2	7
1	43503.85	43504.148	43503850 43504148	-0.8	-3.63973201486999	false positive	2	12
1	43504.896	43510.099	43504896 43510099	-0.8	-3.63973201486999	false positive	2	14
0	43503.596	43503.832	43503596 43503832	-0.8	-3.19503245945932	correct	2	7
1	43503.85	43504.148	43503850 43504148	-0.8	-3.19503245945932	false positive	2	12
1	43504.896	43510.099	43504896 43510099	-0.8	-3.19503245945932	false positive	2	14
0	43503.596	43503.832	43503596 43503832	-0.8	-2.87110214393305	correct	2	7
1	43503.85	43504.148	43503850 43504148	-0.8	-2.87110214393305	false positive	2	12
0	43504.896	43510.099	43504896 43510099	-0.8	-2.87110214393305	correct	2	13
0	43503.596	43503.832	43503596 43503832	-0.8	-2.524465240576	correct	2	7
0	43503.85	43504.148	43503850 43504148	-0.8	-2.524465240576	correct	2	10
0	43504.896	43510.099	43504896 43510099	-0.8	-2.524465240576	correct	2	13
3	43503.596	43503.832	43503596 43503832	-0.8	-2.39942856757823	false negative	2	8
0	43503.85	43504.148	43503850 43504148	-0.8	-2.39942856757823	correct	2	10
0	43504.896	43510.099	43504896 43510099	-0.8	-2.39942856757823	correct	2	13
3	43503.596	43503.832	43503596 43503832	-0.8	-1.99169083010477	false negative	2	8
0	43503.85	43504.148	43503850 43504148	-0.8	-1.99169083010477	correct	2	10
0	43504.896	43510.099	43504896 43510099	-0.8	-1.99169083010477	correct	2	13
3	43503.596	43503.832	43503596 43503832	-0.8	-1.31730730071014	false negative	2	8
0	43503.85	43504.148	43503850 43504148	-0.8	-1.31730730071014	correct	2	10
0	43504.896	43510.099	43504896 43510099	-0.8	-1.31730730071014	correct	2	13
3	43503.596	43503.832	43503596 43503832	-0.8	-0.946376924727251	false negative	2	8
0	43503.85	43504.148	43503850 43504148	-0.8	-0.946376924727251	correct	2	10
0	43504.896	43510.099	43504896 43510099	-0.8	-0.946376924727251	correct	2	13
3	43503.596	43503.832	43503596 43503832	-0.8	-0.247164882830468	false negative	2	8
0	43503.85	43504.148	43503850 43504148	-0.8	-0.247164882830468	correct	2	10
0	43504.896	43510.099	43504896 43510099	-0.8	-0.247164882830468	correct	2	13
3	43503.596	43503.832	43503596 43503832	-0.8	0.99244948955007	false negative	2	8
0	43503.85	43504.148	43503850 43504148	-0.8	0.99244948955007	correct	2	10
0	43504.896	43510.099	43504896 43510099	-0.8	0.99244948955007	correct	2	13
3	43503.596	43503.832	43503596 43503832	-0.8	1.83535796948531	false negative	2	8
3	43503.85	43504.148	43503850 43504148	-0.8	1.83535796948531	false negative	2	11
0	43504.896	43510.099	43504896 43510099	-0.8	1.83535796948531	correct	2	13
3	43503.596	43503.832	43503596 43503832	-0.8	Inf	false negative	2	8
3	43503.85	43504.148	43503850 43504148	-0.8	Inf	false negative	2	11
0	43504.896	43510.099	43504896 43510099	-0.8	Inf	correct	2	13
1	43503.596	43503.832	43503596 43503832	-0.6	-Inf	false positive	2	9
1	43503.85	43504.148	43503850 43504148	-0.6	-Inf	false positive	2	12
1	43504.896	43510.099	43504896 43510099	-0.6	-Inf	false positive	2	14
0	43503.596	43503.832	43503596 43503832	-0.6	-3.73973201486999	correct	2	7
1	43503.85	43504.148	43503850 43504148	-0.6	-3.73973201486999	false positive	2	12
1	43504.896	43510.099	43504896 43510099	-0.6	-3.73973201486999	false positive	2	14
0	43503.596	43503.832	43503596 43503832	-0.6	-3.29503245945932	correct	2	7
1	43503.85	43504.148	43503850 43504148	-0.6	-3.29503245945932	false positive	2	12
1	43504.896	43510.099	43504896 43510099	-0.6	-3.29503245945932	false positive	2	14
0	43503.596	43503.832	43503596 43503832	-0.6	-2.87110214393305	correct	2	7
1	43503.85	43504.148	43503850 43504148	-0.6	-2.87110214393305	false positive	2	12
0	43504.896	43510.099	43504896 43510099	-0.6	-2.87110214393305	correct	2	13
0	43503.596	43503.832	43503596 43503832	-0.6	-2.5631107381536	correct	2	7
0	43503.85	43504.148	43503850 43504148	-0.6	-2.5631107381536	correct	2	10
0	43504.896	43510.099	43504896 43510099	-0.6	-2.5631107381536	correct	2	13
0	43503.596	43503.832	43503596 43503832	-0.6	-2.49942856757823	correct	2	7
0	43503.85	43504.148	43503850 43504148	-0.6	-2.49942856757823	correct	2	10
0	43504.896	43510.099	43504896 43510099	-0.6	-2.49942856757823	correct	2	13
3	43503.596	43503.832	43503596 43503832	-0.6	-2.15304533252717	false negative	2	8
0	43503.85	43504.148	43503850 43504148	-0.6	-2.15304533252717	correct	2	10
0	43504.896	43510.099	43504896 43510099	-0.6	-2.15304533252717	correct	2	13
3	43503.596	43503.832	43503596 43503832	-0.6	-1.47437721907083	false negative	2	8
0	43503.85	43504.148	43503850 43504148	-0.6	-1.47437721907083	correct	2	10
0	43504.896	43510.099	43504896 43510099	-0.6	-1.47437721907083	correct	2	13
3	43503.596	43503.832	43503596 43503832	-0.6	-1.04637692472725	false negative	2	8
0	43503.85	43504.148	43503850 43504148	-0.6	-1.04637692472725	correct	2	10
0	43504.896	43510.099	43504896 43510099	-0.6	-1.04637692472725	correct	2	13
3	43503.596	43503.832	43503596 43503832	-0.6	-0.390094964469778	false negative	2	8
0	43503.85	43504.148	43503850 43504148	-0.6	-0.390094964469778	correct	2	10
0	43504.896	43510.099	43504896 43510099	-0.6	-0.390094964469778	correct	2	13
3	43503.596	43503.832	43503596 43503832	-0.6	0.892449489550069	false negative	2	8
0	43503.85	43504.148	43503850 43504148	-0.6	0.892449489550069	correct	2	10
0	43504.896	43510.099	43504896 43510099	-0.6	0.892449489550069	correct	2	13
3	43503.596	43503.832	43503596 43503832	-0.6	1.73535796948531	false negative	2	8
3	43503.85	43504.148	43503850 43504148	-0.6	1.73535796948531	false negative	2	11
0	43504.896	43510.099	43504896 43510099	-0.6	1.73535796948531	correct	2	13
3	43503.596	43503.832	43503596 43503832	-0.6	Inf	false negative	2	8
3	43503.85	43504.148	43503850 43504148	-0.6	Inf	false negative	2	11
0	43504.896	43510.099	43504896 43510099	-0.6	Inf	correct	2	13
1	43503.596	43503.832	43503596 43503832	-0.399999999999999	-Inf	false positive	2	9
1	43503.85	43504.148	43503850 43504148	-0.399999999999999	-Inf	false positive	2	12
1	43504.896	43510.099	43504896 43510099	-0.399999999999999	-Inf	false positive	2	14
0	43503.596	43503.832	43503596 43503832	-0.399999999999999	-3.83973201486999	correct	2	7
1	43503.85	43504.148	43503850 43504148	-0.399999999999999	-3.83973201486999	false positive	2	12
1	43504.896	43510.099	43504896 43510099	-0.399999999999999	-3.83973201486999	false positive	2	14
0	43503.596	43503.832	43503596 43503832	-0.399999999999999	-3.39503245945932	correct	2	7
1	43503.85	43504.148	43503850 43504148	-0.399999999999999	-3.39503245945932	false positive	2	12
1	43504.896	43510.099	43504896 43510099	-0.399999999999999	-3.39503245945932	false positive	2	14
0	43503.596	43503.832	43503596 43503832	-0.399999999999999	-2.94606547093528	correct	2	7
1	43503.85	43504.148	43503850 43504148	-0.399999999999999	-2.94606547093528	false positive	2	12
0	43504.896	43510.099	43504896 43510099	-0.399999999999999	-2.94606547093528	correct	2	13
0	43503.596	43503.832	43503596 43503832	-0.399999999999999	-2.6631107381536	correct	2	7
1	43503.85	43504.148	43503850 43504148	-0.399999999999999	-2.6631107381536	false positive	2	12
0	43504.896	43510.099	43504896 43510099	-0.399999999999999	-2.6631107381536	correct	2	13
0	43503.596	43503.832	43503596 43503832	-0.399999999999999	-2.524465240576	correct	2	7
0	43503.85	43504.148	43503850 43504148	-0.399999999999999	-2.524465240576	correct	2	10
0	43504.896	43510.099	43504896 43510099	-0.399999999999999	-2.524465240576	correct	2	13
3	43503.596	43503.832	43503596 43503832	-0.399999999999999	-2.25304533252717	false negative	2	8
0	43503.85	43504.148	43503850 43504148	-0.399999999999999	-2.25304533252717	correct	2	10
0	43504.896	43510.099	43504896 43510099	-0.399999999999999	-2.25304533252717	correct	2	13
3	43503.596	43503.832	43503596 43503832	-0.399999999999999	-1.67437721907083	false negative	2	8
0	43503.85	43504.148	43503850 43504148	-0.399999999999999	-1.67437721907083	correct	2	10
0	43504.896	43510.099	43504896 43510099	-0.399999999999999	-1.67437721907083	correct	2	13
3	43503.596	43503.832	43503596 43503832	-0.399999999999999	-1.14637692472725	false negative	2	8
0	43503.85	43504.148	43503850 43504148	-0.399999999999999	-1.14637692472725	correct	2	10
0	43504.896	43510.099	43504896 43510099	-0.399999999999999	-1.14637692472725	correct	2	13
3	43503.596	43503.832	43503596 43503832	-0.399999999999999	-0.490094964469779	false negative	2	8
0	43503.85	43504.148	43503850 43504148	-0.399999999999999	-0.490094964469779	correct	2	10
0	43504.896	43510.099	43504896 43510099	-0.399999999999999	-0.490094964469779	correct	2	13
3	43503.596	43503.832	43503596 43503832	-0.399999999999999	0.792449489550068	false negative	2	8
0	43503.85	43504.148	43503850 43504148	-0.399999999999999	0.792449489550068	correct	2	10
0	43504.896	43510.099	43504896 43510099	-0.399999999999999	0.792449489550068	correct	2	13
3	43503.596	43503.832	43503596 43503832	-0.399999999999999	1.63535796948531	false negative	2	8
3	43503.85	43504.148	43503850 43504148	-0.399999999999999	1.63535796948531	false negative	2	11
0	43504.896	43510.099	43504896 43510099	-0.399999999999999	1.63535796948531	correct	2	13
3	43503.596	43503.832	43503596 43503832	-0.399999999999999	Inf	false negative	2	8
3	43503.85	43504.148	43503850 43504148	-0.399999999999999	Inf	false negative	2	11
0	43504.896	43510.099	43504896 43510099	-0.399999999999999	Inf	correct	2	13
1	43503.596	43503.832	43503596 43503832	-0.199999999999999	-Inf	false positive	2	9
1	43503.85	43504.148	43503850 43504148	-0.199999999999999	-Inf	false positive	2	12
1	43504.896	43510.099	43504896 43510099	-0.199999999999999	-Inf	false positive	2	14
0	43503.596	43503.832	43503596 43503832	-0.199999999999999	-3.93973201486999	correct	2	7
1	43503.85	43504.148	43503850 43504148	-0.199999999999999	-3.93973201486999	false positive	2	12
1	43504.896	43510.099	43504896 43510099	-0.199999999999999	-3.93973201486999	false positive	2	14
0	43503.596	43503.832	43503596 43503832	-0.199999999999999	-3.49503245945932	correct	2	7
1	43503.85	43504.148	43503850 43504148	-0.199999999999999	-3.49503245945932	false positive	2	12
1	43504.896	43510.099	43504896 43510099	-0.199999999999999	-3.49503245945932	false positive	2	14
0	43503.596	43503.832	43503596 43503832	-0.199999999999999	-3.04606547093528	correct	2	7
1	43503.85	43504.148	43503850 43504148	-0.199999999999999	-3.04606547093528	false positive	2	12
0	43504.896	43510.099	43504896 43510099	-0.199999999999999	-3.04606547093528	correct	2	13
0	43503.596	43503.832	43503596 43503832	-0.199999999999999	-2.7631107381536	correct	2	7
1	43503.85	43504.148	43503850 43504148	-0.199999999999999	-2.7631107381536	false positive	2	12
0	43504.896	43510.099	43504896 43510099	-0.199999999999999	-2.7631107381536	correct	2	13
0	43503.596	43503.832	43503596 43503832	-0.199999999999999	-2.524465240576	correct	2	7
0	43503.85	43504.148	43503850 43504148	-0.199999999999999	-2.524465240576	correct	2	10
0	43504.896	43510.099	43504896 43510099	-0.199999999999999	-2.524465240576	correct	2	13
3	43503.596	43503.832	43503596 43503832	-0.199999999999999	-2.35304533252717	false negative	2	8
0	43503.85	43504.148	43503850 43504148	-0.199999999999999	-2.35304533252717	correct	2	10
0	43504.896	43510.099	43504896 43510099	-0.199999999999999	-2.35304533252717	correct	2	13
3	43503.596	43503.832	43503596 43503832	-0.199999999999999	-1.87437721907083	false negative	2	8
0	43503.85	43504.148	43503850 43504148	-0.199999999999999	-1.87437721907083	correct	2	10
0	43504.896	43510.099	43504896 43510099	-0.199999999999999	-1.87437721907083	correct	2	13
3	43503.596	43503.832	43503596 43503832	-0.199999999999999	-1.24637692472725	false negative	2	8
0	43503.85	43504.148	43503850 43504148	-0.199999999999999	-1.24637692472725	correct	2	10
0	43504.896	43510.099	43504896 43510099	-0.199999999999999	-1.24637692472725	correct	2	13
3	43503.596	43503.832	43503596 43503832	-0.199999999999999	-0.590094964469778	false negative	2	8
0	43503.85	43504.148	43503850 43504148	-0.199999999999999	-0.590094964469778	correct	2	10
0	43504.896	43510.099	43504896 43510099	-0.199999999999999	-0.590094964469778	correct	2	13
3	43503.596	43503.832	43503596 43503832	-0.199999999999999	0.652025557362248	false negative	2	8
0	43503.85	43504.148	43503850 43504148	-0.199999999999999	0.652025557362248	correct	2	10
0	43504.896	43510.099	43504896 43510099	-0.199999999999999	0.652025557362248	correct	2	13
3	43503.596	43503.832	43503596 43503832	-0.199999999999999	1.53535796948531	false negative	2	8
0	43503.85	43504.148	43503850 43504148	-0.199999999999999	1.53535796948531	correct	2	10
0	43504.896	43510.099	43504896 43510099	-0.199999999999999	1.53535796948531	correct	2	13
3	43503.596	43503.832	43503596 43503832	-0.199999999999999	Inf	false negative	2	8
3	43503.85	43504.148	43503850 43504148	-0.199999999999999	Inf	false negative	2	11
0	43504.896	43510.099	43504896 43510099	-0.199999999999999	Inf	correct	2	13
1	43503.596	43503.832	43503596 43503832	0	-Inf	false positive	2	9
1	43503.85	43504.148	43503850 43504148	0	-Inf	false positive	2	12
1	43504.896	43510.099	43504896 43510099	0	-Inf	false positive	2	14
0	43503.596	43503.832	43503596 43503832	0	-4.03973201486999	correct	2	7
1	43503.85	43504.148	43503850 43504148	0	-4.03973201486999	false positive	2	12
1	43504.896	43510.099	43504896 43510099	0	-4.03973201486999	false positive	2	14
0	43503.596	43503.832	43503596 43503832	0	-3.59503245945932	correct	2	7
1	43503.85	43504.148	43503850 43504148	0	-3.59503245945932	false positive	2	12
1	43504.896	43510.099	43504896 43510099	0	-3.59503245945932	false positive	2	14
0	43503.596	43503.832	43503596 43503832	0	-3.14606547093528	correct	2	7
1	43503.85	43504.148	43503850 43504148	0	-3.14606547093528	false positive	2	12
0	43504.896	43510.099	43504896 43510099	0	-3.14606547093528	correct	2	13
0	43503.596	43503.832	43503596 43503832	0	-2.8631107381536	correct	2	7
1	43503.85	43504.148	43503850 43504148	0	-2.8631107381536	false positive	2	12
0	43504.896	43510.099	43504896 43510099	0	-2.8631107381536	correct	2	13
0	43503.596	43503.832	43503596 43503832	0	-2.524465240576	correct	2	7
0	43503.85	43504.148	43503850 43504148	0	-2.524465240576	correct	2	10
0	43504.896	43510.099	43504896 43510099	0	-2.524465240576	correct	2	13
3	43503.596	43503.832	43503596 43503832	0	-2.45304533252717	false negative	2	8
0	43503.85	43504.148	43503850 43504148	0	-2.45304533252717	correct	2	10
0	43504.896	43510.099	43504896 43510099	0	-2.45304533252717	correct	2	13
3	43503.596	43503.832	43503596 43503832	0	-2.07437721907083	false negative	2	8
0	43503.85	43504.148	43503850 43504148	0	-2.07437721907083	correct	2	10
0	43504.896	43510.099	43504896 43510099	0	-2.07437721907083	correct	2	13
3	43503.596	43503.832	43503596 43503832	0	-1.34637692472725	false negative	2	8
0	43503.85	43504.148	43503850 43504148	0	-1.34637692472725	correct	2	10
0	43504.896	43510.099	43504896 43510099	0	-1.34637692472725	correct	2	13
3	43503.596	43503.832	43503596 43503832	0	-0.690094964469778	false negative	2	8
0	43503.85	43504.148	43503850 43504148	0	-0.690094964469778	correct	2	10
0	43504.896	43510.099	43504896 43510099	0	-0.690094964469778	correct	2	13
3	43503.596	43503.832	43503596 43503832	0	0.452025557362249	false negative	2	8
0	43503.85	43504.148	43503850 43504148	0	0.452025557362249	correct	2	10
0	43504.896	43510.099	43504896 43510099	0	0.452025557362249	correct	2	13
3	43503.596	43503.832	43503596 43503832	0	1.43535796948531	false negative	2	8
0	43503.85	43504.148	43503850 43504148	0	1.43535796948531	correct	2	10
0	43504.896	43510.099	43504896 43510099	0	1.43535796948531	correct	2	13
3	43503.596	43503.832	43503596 43503832	0	Inf	false negative	2	8
3	43503.85	43504.148	43503850 43504148	0	Inf	false negative	2	11
0	43504.896	43510.099	43504896 43510099	0	Inf	correct	2	13
1	43503.596	43503.832	43503596 43503832	0.2	-Inf	false positive	2	9
1	43503.85	43504.148	43503850 43504148	0.2	-Inf	false positive	2	12
1	43504.896	43510.099	43504896 43510099	0.2	-Inf	false positive	2	14
1	43503.596	43503.832	43503596 43503832	0.2	-4.13973201486999	false positive	2	9
1	43503.85	43504.148	43503850 43504148	0.2	-4.13973201486999	false positive	2	12
1	43504.896	43510.099	43504896 43510099	0.2	-4.13973201486999	false positive	2	14
0	43503.596	43503.832	43503596 43503832	0.2	-3.69076502634595	correct	2	7
1	43503.85	43504.148	43503850 43504148	0.2	-3.69076502634595	false positive	2	12
1	43504.896	43510.099	43504896 43510099	0.2	-3.69076502634595	false positive	2	14
0	43503.596	43503.832	43503596 43503832	0.2	-3.24606547093528	correct	2	7
1	43503.85	43504.148	43503850 43504148	0.2	-3.24606547093528	false positive	2	12
1	43504.896	43510.099	43504896 43510099	0.2	-3.24606547093528	false positive	2	14
0	43503.596	43503.832	43503596 43503832	0.2	-2.89968223588422	correct	2	7
1	43503.85	43504.148	43503850 43504148	0.2	-2.89968223588422	false positive	2	12
0	43504.896	43510.099	43504896 43510099	0.2	-2.89968223588422	correct	2	13
0	43503.596	43503.832	43503596 43503832	0.2	-2.61672750310254	correct	2	7
1	43503.85	43504.148	43503850 43504148	0.2	-2.61672750310254	false positive	2	12
0	43504.896	43510.099	43504896 43510099	0.2	-2.61672750310254	correct	2	13
0	43503.596	43503.832	43503596 43503832	0.2	-2.524465240576	correct	2	7
0	43503.85	43504.148	43503850 43504148	0.2	-2.524465240576	correct	2	10
0	43504.896	43510.099	43504896 43510099	0.2	-2.524465240576	correct	2	13
3	43503.596	43503.832	43503596 43503832	0.2	-2.18211495654429	false negative	2	8
0	43503.85	43504.148	43503850 43504148	0.2	-2.18211495654429	correct	2	10
0	43504.896	43510.099	43504896 43510099	0.2	-2.18211495654429	correct	2	13
3	43503.596	43503.832	43503596 43503832	0.2	-1.44637692472725	false negative	2	8
0	43503.85	43504.148	43503850 43504148	0.2	-1.44637692472725	correct	2	10
0	43504.896	43510.099	43504896 43510099	0.2	-1.44637692472725	correct	2	13
3	43503.596	43503.832	43503596 43503832	0.2	-0.790094964469778	false negative	2	8
0	43503.85	43504.148	43503850 43504148	0.2	-0.790094964469778	correct	2	10
0	43504.896	43510.099	43504896 43510099	0.2	-0.790094964469778	correct	2	13
3	43503.596	43503.832	43503596 43503832	0.2	0.252025557362249	false negative	2	8
0	43503.85	43504.148	43503850 43504148	0.2	0.252025557362249	correct	2	10
0	43504.896	43510.099	43504896 43510099	0.2	0.252025557362249	correct	2	13
3	43503.596	43503.832	43503596 43503832	0.2	1.33535796948531	false negative	2	8
0	43503.85	43504.148	43503850 43504148	0.2	1.33535796948531	correct	2	10
0	43504.896	43510.099	43504896 43510099	0.2	1.33535796948531	correct	2	13
3	43503.596	43503.832	43503596 43503832	0.2	Inf	false negative	2	8
3	43503.85	43504.148	43503850 43504148	0.2	Inf	false negative	2	11
0	43504.896	43510.099	43504896 43510099	0.2	Inf	correct	2	13
1	43503.596	43503.832	43503596 43503832	0.4	-Inf	false positive	2	9
1	43503.85	43504.148	43503850 43504148	0.4	-Inf	false positive	2	12
1	43504.896	43510.099	43504896 43510099	0.4	-Inf	false positive	2	14
1	43503.596	43503.832	43503596 43503832	0.4	-4.23973201486999	false positive	2	9
1	43503.85	43504.148	43503850 43504148	0.4	-4.23973201486999	false positive	2	12
1	43504.896	43510.099	43504896 43510099	0.4	-4.23973201486999	false positive	2	14
0	43503.596	43503.832	43503596 43503832	0.4	-3.79076502634595	correct	2	7
1	43503.85	43504.148	43503850 43504148	0.4	-3.79076502634595	false positive	2	12
1	43504.896	43510.099	43504896 43510099	0.4	-3.79076502634595	false positive	2	14
0	43503.596	43503.832	43503596 43503832	0.4	-3.34606547093528	correct	2	7
1	43503.85	43504.148	43503850 43504148	0.4	-3.34606547093528	false positive	2	12
1	43504.896	43510.099	43504896 43510099	0.4	-3.34606547093528	false positive	2	14
0	43503.596	43503.832	43503596 43503832	0.4	-2.99968223588422	correct	2	7
1	43503.85	43504.148	43503850 43504148	0.4	-2.99968223588422	false positive	2	12
0	43504.896	43510.099	43504896 43510099	0.4	-2.99968223588422	correct	2	13
0	43503.596	43503.832	43503596 43503832	0.4	-2.71672750310254	correct	2	7
1	43503.85	43504.148	43503850 43504148	0.4	-2.71672750310254	false positive	2	12
0	43504.896	43510.099	43504896 43510099	0.4	-2.71672750310254	correct	2	13
0	43503.596	43503.832	43503596 43503832	0.4	-2.524465240576	correct	2	7
0	43503.85	43504.148	43503850 43504148	0.4	-2.524465240576	correct	2	10
0	43504.896	43510.099	43504896 43510099	0.4	-2.524465240576	correct	2	13
3	43503.596	43503.832	43503596 43503832	0.4	-2.28211495654429	false negative	2	8
0	43503.85	43504.148	43503850 43504148	0.4	-2.28211495654429	correct	2	10
0	43504.896	43510.099	43504896 43510099	0.4	-2.28211495654429	correct	2	13
3	43503.596	43503.832	43503596 43503832	0.4	-1.54637692472725	false negative	2	8
0	43503.85	43504.148	43503850 43504148	0.4	-1.54637692472725	correct	2	10
0	43504.896	43510.099	43504896 43510099	0.4	-1.54637692472725	correct	2	13
3	43503.596	43503.832	43503596 43503832	0.4	-0.890094964469778	false negative	2	8
0	43503.85	43504.148	43503850 43504148	0.4	-0.890094964469778	correct	2	10
0	43504.896	43510.099	43504896 43510099	0.4	-0.890094964469778	correct	2	13
3	43503.596	43503.832	43503596 43503832	0.4	0.0520255573622483	false negative	2	8
0	43503.85	43504.148	43503850 43504148	0.4	0.0520255573622483	correct	2	10
0	43504.896	43510.099	43504896 43510099	0.4	0.0520255573622483	correct	2	13
3	43503.596	43503.832	43503596 43503832	0.4	1.23535796948531	false negative	2	8
0	43503.85	43504.148	43503850 43504148	0.4	1.23535796948531	correct	2	10
0	43504.896	43510.099	43504896 43510099	0.4	1.23535796948531	correct	2	13
3	43503.596	43503.832	43503596 43503832	0.4	Inf	false negative	2	8
3	43503.85	43504.148	43503850 43504148	0.4	Inf	false negative	2	11
0	43504.896	43510.099	43504896 43510099	0.4	Inf	correct	2	13
1	43503.596	43503.832	43503596 43503832	0.600000000000001	-Inf	false positive	2	9
1	43503.85	43504.148	43503850 43504148	0.600000000000001	-Inf	false positive	2	12
1	43504.896	43510.099	43504896 43510099	0.600000000000001	-Inf	false positive	2	14
1	43503.596	43503.832	43503596 43503832	0.600000000000001	-4.33973201486999	false positive	2	9
1	43503.85	43504.148	43503850 43504148	0.600000000000001	-4.33973201486999	false positive	2	12
1	43504.896	43510.099	43504896 43510099	0.600000000000001	-4.33973201486999	false positive	2	14
0	43503.596	43503.832	43503596 43503832	0.600000000000001	-3.89076502634595	correct	2	7
1	43503.85	43504.148	43503850 43504148	0.600000000000001	-3.89076502634595	false positive	2	12
1	43504.896	43510.099	43504896 43510099	0.600000000000001	-3.89076502634595	false positive	2	14
0	43503.596	43503.832	43503596 43503832	0.600000000000001	-3.44606547093528	correct	2	7
1	43503.85	43504.148	43503850 43504148	0.600000000000001	-3.44606547093528	false positive	2	12
1	43504.896	43510.099	43504896 43510099	0.600000000000001	-3.44606547093528	false positive	2	14
0	43503.596	43503.832	43503596 43503832	0.600000000000001	-3.09968223588423	correct	2	7
1	43503.85	43504.148	43503850 43504148	0.600000000000001	-3.09968223588423	false positive	2	12
0	43504.896	43510.099	43504896 43510099	0.600000000000001	-3.09968223588423	correct	2	13
0	43503.596	43503.832	43503596 43503832	0.600000000000001	-2.81672750310254	correct	2	7
1	43503.85	43504.148	43503850 43504148	0.600000000000001	-2.81672750310254	false positive	2	12
0	43504.896	43510.099	43504896 43510099	0.600000000000001	-2.81672750310254	correct	2	13
0	43503.596	43503.832	43503596 43503832	0.600000000000001	-2.524465240576	correct	2	7
0	43503.85	43504.148	43503850 43504148	0.600000000000001	-2.524465240576	correct	2	10
0	43504.896	43510.099	43504896 43510099	0.600000000000001	-2.524465240576	correct	2	13
3	43503.596	43503.832	43503596 43503832	0.600000000000001	-2.38211495654429	false negative	2	8
0	43503.85	43504.148	43503850 43504148	0.600000000000001	-2.38211495654429	correct	2	10
0	43504.896	43510.099	43504896 43510099	0.600000000000001	-2.38211495654429	correct	2	13
3	43503.596	43503.832	43503596 43503832	0.600000000000001	-1.64716488283047	false negative	2	8
0	43503.85	43504.148	43503850 43504148	0.600000000000001	-1.64716488283047	correct	2	10
0	43504.896	43510.099	43504896 43510099	0.600000000000001	-1.64716488283047	correct	2	13
3	43503.596	43503.832	43503596 43503832	0.600000000000001	-0.990094964469779	false negative	2	8
0	43503.85	43504.148	43503850 43504148	0.600000000000001	-0.990094964469779	correct	2	10
0	43504.896	43510.099	43504896 43510099	0.600000000000001	-0.990094964469779	correct	2	13
3	43503.596	43503.832	43503596 43503832	0.600000000000001	-0.147186484534535	false negative	2	8
0	43503.85	43504.148	43503850 43504148	0.600000000000001	-0.147186484534535	correct	2	10
0	43504.896	43510.099	43504896 43510099	0.600000000000001	-0.147186484534535	correct	2	13
3	43503.596	43503.832	43503596 43503832	0.600000000000001	1.13535796948531	false negative	2	8
0	43503.85	43504.148	43503850 43504148	0.600000000000001	1.13535796948531	correct	2	10
0	43504.896	43510.099	43504896 43510099	0.600000000000001	1.13535796948531	correct	2	13
3	43503.596	43503.832	43503596 43503832	0.600000000000001	Inf	false negative	2	8
3	43503.85	43504.148	43503850 43504148	0.600000000000001	Inf	false negative	2	11
0	43504.896	43510.099	43504896 43510099	0.600000000000001	Inf	correct	2	13
1	43503.596	43503.832	43503596 43503832	0.800000000000001	-Inf	false positive	2	9
1	43503.85	43504.148	43503850 43504148	0.800000000000001	-Inf	false positive	2	12
1	43504.896	43510.099	43504896 43510099	0.800000000000001	-Inf	false positive	2	14
1	43503.596	43503.832	43503596 43503832	0.800000000000001	-4.43973201486999	false positive	2	9
1	43503.85	43504.148	43503850 43504148	0.800000000000001	-4.43973201486999	false positive	2	12
1	43504.896	43510.099	43504896 43510099	0.800000000000001	-4.43973201486999	false positive	2	14
0	43503.596	43503.832	43503596 43503832	0.800000000000001	-3.99076502634595	correct	2	7
1	43503.85	43504.148	43503850 43504148	0.800000000000001	-3.99076502634595	false positive	2	12
1	43504.896	43510.099	43504896 43510099	0.800000000000001	-3.99076502634595	false positive	2	14
0	43503.596	43503.832	43503596 43503832	0.800000000000001	-3.59169083010477	correct	2	7
1	43503.85	43504.148	43503850 43504148	0.800000000000001	-3.59169083010477	false positive	2	12
1	43504.896	43510.099	43504896 43510099	0.800000000000001	-3.59169083010477	false positive	2	14
0	43503.596	43503.832	43503596 43503832	0.800000000000001	-3.19968223588422	correct	2	7
1	43503.85	43504.148	43503850 43504148	0.800000000000001	-3.19968223588422	false positive	2	12
1	43504.896	43510.099	43504896 43510099	0.800000000000001	-3.19968223588422	false positive	2	14
0	43503.596	43503.832	43503596 43503832	0.800000000000001	-2.87110214393305	correct	2	7
1	43503.85	43504.148	43503850 43504148	0.800000000000001	-2.87110214393305	false positive	2	12
0	43504.896	43510.099	43504896 43510099	0.800000000000001	-2.87110214393305	correct	2	13
0	43503.596	43503.832	43503596 43503832	0.800000000000001	-2.54579712711966	correct	2	7
0	43503.85	43504.148	43503850 43504148	0.800000000000001	-2.54579712711966	correct	2	10
0	43504.896	43510.099	43504896 43510099	0.800000000000001	-2.54579712711966	correct	2	13
0	43503.596	43503.832	43503596 43503832	0.800000000000001	-2.48211495654429	correct	2	7
0	43503.85	43504.148	43503850 43504148	0.800000000000001	-2.48211495654429	correct	2	10
0	43504.896	43510.099	43504896 43510099	0.800000000000001	-2.48211495654429	correct	2	13
3	43503.596	43503.832	43503596 43503832	0.800000000000001	-1.82583299628681	false negative	2	8
0	43503.85	43504.148	43503850 43504148	0.800000000000001	-1.82583299628681	correct	2	10
0	43504.896	43510.099	43504896 43510099	0.800000000000001	-1.82583299628681	correct	2	13
3	43503.596	43503.832	43503596 43503832	0.800000000000001	-1.09009496446978	false negative	2	8
0	43503.85	43504.148	43503850 43504148	0.800000000000001	-1.09009496446978	correct	2	10
0	43504.896	43510.099	43504896 43510099	0.800000000000001	-1.09009496446978	correct	2	13
3	43503.596	43503.832	43503596 43503832	0.800000000000001	-0.247186484534534	false negative	2	8
0	43503.85	43504.148	43503850 43504148	0.800000000000001	-0.247186484534534	correct	2	10
0	43504.896	43510.099	43504896 43510099	0.800000000000001	-0.247186484534534	correct	2	13
3	43503.596	43503.832	43503596 43503832	0.800000000000001	1.03535796948531	false negative	2	8
0	43503.85	43504.148	43503850 43504148	0.800000000000001	1.03535796948531	correct	2	10
0	43504.896	43510.099	43504896 43510099	0.800000000000001	1.03535796948531	correct	2	13
3	43503.596	43503.832	43503596 43503832	0.800000000000001	Inf	false negative	2	8
3	43503.85	43504.148	43503850 43504148	0.800000000000001	Inf	false negative	2	11
0	43504.896	43510.099	43504896 43510099	0.800000000000001	Inf	correct	2	13
1	43503.596	43503.832	43503596 43503832	1	-Inf	false positive	2	9
1	43503.85	43504.148	43503850 43504148	1	-Inf	false positive	2	12
1	43504.896	43510.099	43504896 43510099	1	-Inf	false positive	2	14
1	43503.596	43503.832	43503596 43503832	1	-4.58704105367987	false positive	2	9
1	43503.85	43504.148	43503850 43504148	1	-4.58704105367987	false positive	2	12
1	43504.896	43510.099	43504896 43510099	1	-4.58704105367987	false positive	2	14
1	43503.596	43503.832	43503596 43503832	1	-4.09076502634595	false positive	2	9
1	43503.85	43504.148	43503850 43504148	1	-4.09076502634595	false positive	2	12
1	43504.896	43510.099	43504896 43510099	1	-4.09076502634595	false positive	2	14
0	43503.596	43503.832	43503596 43503832	1	-3.74438179129489	correct	2	7
1	43503.85	43504.148	43503850 43504148	1	-3.74438179129489	false positive	2	12
1	43504.896	43510.099	43504896 43510099	1	-3.74438179129489	false positive	2	14
0	43503.596	43503.832	43503596 43503832	1	-3.29968223588422	correct	2	7
1	43503.85	43504.148	43503850 43504148	1	-3.29968223588422	false positive	2	12
1	43504.896	43510.099	43504896 43510099	1	-3.29968223588422	false positive	2	14
0	43503.596	43503.832	43503596 43503832	1	-2.92875185990134	correct	2	7
1	43503.85	43504.148	43503850 43504148	1	-2.92875185990134	false positive	2	12
0	43504.896	43510.099	43504896 43510099	1	-2.92875185990134	correct	2	13
0	43503.596	43503.832	43503596 43503832	1	-2.64579712711966	correct	2	7
1	43503.85	43504.148	43503850 43504148	1	-2.64579712711966	false positive	2	12
0	43504.896	43510.099	43504896 43510099	1	-2.64579712711966	correct	2	13
0	43503.596	43503.832	43503596 43503832	1	-2.524465240576	correct	2	7
0	43503.85	43504.148	43503850 43504148	1	-2.524465240576	correct	2	10
0	43504.896	43510.099	43504896 43510099	1	-2.524465240576	correct	2	13
3	43503.596	43503.832	43503596 43503832	1	-1.92583299628681	false negative	2	8
0	43503.85	43504.148	43503850 43504148	1	-1.92583299628681	correct	2	10
0	43504.896	43510.099	43504896 43510099	1	-1.92583299628681	correct	2	13
3	43503.596	43503.832	43503596 43503832	1	-1.19009496446978	false negative	2	8
0	43503.85	43504.148	43503850 43504148	1	-1.19009496446978	correct	2	10
0	43504.896	43510.099	43504896 43510099	1	-1.19009496446978	correct	2	13
3	43503.596	43503.832	43503596 43503832	1	-0.347186484534534	false negative	2	8
0	43503.85	43504.148	43503850 43504148	1	-0.347186484534534	correct	2	10
0	43504.896	43510.099	43504896 43510099	1	-0.347186484534534	correct	2	13
3	43503.596	43503.832	43503596 43503832	1	0.935357969485313	false negative	2	8
0	43503.85	43504.148	43503850 43504148	1	0.935357969485313	correct	2	10
0	43504.896	43510.099	43504896 43510099	1	0.935357969485313	correct	2	13
3	43503.596	43503.832	43503596 43503832	1	Inf	false negative	2	8
3	43503.85	43504.148	43503850 43504148	1	Inf	false negative	2	11
0	43504.896	43510.099	43504896 43510099	1	Inf	correct	2	13
1	43503.596	43503.832	43503596 43503832	1.2	-Inf	false positive	2	9
1	43503.85	43504.148	43503850 43504148	1.2	-Inf	false positive	2	12
1	43504.896	43510.099	43504896 43510099	1.2	-Inf	false positive	2	14
1	43503.596	43503.832	43503596 43503832	1.2	-4.78704105367987	false positive	2	9
1	43503.85	43504.148	43503850 43504148	1.2	-4.78704105367987	false positive	2	12
1	43504.896	43510.099	43504896 43510099	1.2	-4.78704105367987	false positive	2	14
1	43503.596	43503.832	43503596 43503832	1.2	-4.19076502634595	false positive	2	9
1	43503.85	43504.148	43503850 43504148	1.2	-4.19076502634595	false positive	2	12
1	43504.896	43510.099	43504896 43510099	1.2	-4.19076502634595	false positive	2	14
0	43503.596	43503.832	43503596 43503832	1.2	-3.84438179129489	correct	2	7
1	43503.85	43504.148	43503850 43504148	1.2	-3.84438179129489	false positive	2	12
1	43504.896	43510.099	43504896 43510099	1.2	-3.84438179129489	false positive	2	14
0	43503.596	43503.832	43503596 43503832	1.2	-3.39968223588422	correct	2	7
1	43503.85	43504.148	43503850 43504148	1.2	-3.39968223588422	false positive	2	12
1	43504.896	43510.099	43504896 43510099	1.2	-3.39968223588422	false positive	2	14
0	43503.596	43503.832	43503596 43503832	1.2	-3.02875185990134	correct	2	7
1	43503.85	43504.148	43503850 43504148	1.2	-3.02875185990134	false positive	2	12
0	43504.896	43510.099	43504896 43510099	1.2	-3.02875185990134	correct	2	13
0	43503.596	43503.832	43503596 43503832	1.2	-2.74579712711966	correct	2	7
1	43503.85	43504.148	43503850 43504148	1.2	-2.74579712711966	false positive	2	12
0	43504.896	43510.099	43504896 43510099	1.2	-2.74579712711966	correct	2	13
0	43503.596	43503.832	43503596 43503832	1.2	-2.524465240576	correct	2	7
0	43503.85	43504.148	43503850 43504148	1.2	-2.524465240576	correct	2	10
0	43504.896	43510.099	43504896 43510099	1.2	-2.524465240576	correct	2	13
3	43503.596	43503.832	43503596 43503832	1.2	-2.02583299628681	false negative	2	8
0	43503.85	43504.148	43503850 43504148	1.2	-2.02583299628681	correct	2	10
0	43504.896	43510.099	43504896 43510099	1.2	-2.02583299628681	correct	2	13
3	43503.596	43503.832	43503596 43503832	1.2	-1.29009496446978	false negative	2	8
0	43503.85	43504.148	43503850 43504148	1.2	-1.29009496446978	correct	2	10
0	43504.896	43510.099	43504896 43510099	1.2	-1.29009496446978	correct	2	13
3	43503.596	43503.832	43503596 43503832	1.2	-0.447186484534534	false negative	2	8
0	43503.85	43504.148	43503850 43504148	1.2	-0.447186484534534	correct	2	10
0	43504.896	43510.099	43504896 43510099	1.2	-0.447186484534534	correct	2	13
3	43503.596	43503.832	43503596 43503832	1.2	0.835357969485314	false negative	2	8
0	43503.85	43504.148	43503850 43504148	1.2	0.835357969485314	correct	2	10
0	43504.896	43510.099	43504896 43510099	1.2	0.835357969485314	correct	2	13
3	43503.596	43503.832	43503596 43503832	1.2	Inf	false negative	2	8
3	43503.85	43504.148	43503850 43504148	1.2	Inf	false negative	2	11
0	43504.896	43510.099	43504896 43510099	1.2	Inf	correct	2	13
1	43503.596	43503.832	43503596 43503832	1.4	-Inf	false positive	2	9
1	43503.85	43504.148	43503850 43504148	1.4	-Inf	false positive	2	12
1	43504.896	43510.099	43504896 43510099	1.4	-Inf	false positive	2	14
1	43503.596	43503.832	43503596 43503832	1.4	-4.98704105367987	false positive	2	9
1	43503.85	43504.148	43503850 43504148	1.4	-4.98704105367987	false positive	2	12
1	43504.896	43510.099	43504896 43510099	1.4	-4.98704105367987	false positive	2	14
1	43503.596	43503.832	43503596 43503832	1.4	-4.29076502634595	false positive	2	9
1	43503.85	43504.148	43503850 43504148	1.4	-4.29076502634595	false positive	2	12
1	43504.896	43510.099	43504896 43510099	1.4	-4.29076502634595	false positive	2	14
0	43503.596	43503.832	43503596 43503832	1.4	-3.94438179129489	correct	2	7
1	43503.85	43504.148	43503850 43504148	1.4	-3.94438179129489	false positive	2	12
1	43504.896	43510.099	43504896 43510099	1.4	-3.94438179129489	false positive	2	14
0	43503.596	43503.832	43503596 43503832	1.4	-3.49968223588422	correct	2	7
1	43503.85	43504.148	43503850 43504148	1.4	-3.49968223588422	false positive	2	12
1	43504.896	43510.099	43504896 43510099	1.4	-3.49968223588422	false positive	2	14
0	43503.596	43503.832	43503596 43503832	1.4	-3.12875185990134	correct	2	7
1	43503.85	43504.148	43503850 43504148	1.4	-3.12875185990134	false positive	2	12
0	43504.896	43510.099	43504896 43510099	1.4	-3.12875185990134	correct	2	13
0	43503.596	43503.832	43503596 43503832	1.4	-2.84579712711966	correct	2	7
1	43503.85	43504.148	43503850 43504148	1.4	-2.84579712711966	false positive	2	12
0	43504.896	43510.099	43504896 43510099	1.4	-2.84579712711966	correct	2	13
0	43503.596	43503.832	43503596 43503832	1.4	-2.524465240576	correct	2	7
0	43503.85	43504.148	43503850 43504148	1.4	-2.524465240576	correct	2	10
0	43504.896	43510.099	43504896 43510099	1.4	-2.524465240576	correct	2	13
3	43503.596	43503.832	43503596 43503832	1.4	-2.12583299628681	false negative	2	8
0	43503.85	43504.148	43503850 43504148	1.4	-2.12583299628681	correct	2	10
0	43504.896	43510.099	43504896 43510099	1.4	-2.12583299628681	correct	2	13
3	43503.596	43503.832	43503596 43503832	1.4	-1.39009496446978	false negative	2	8
0	43503.85	43504.148	43503850 43504148	1.4	-1.39009496446978	correct	2	10
0	43504.896	43510.099	43504896 43510099	1.4	-1.39009496446978	correct	2	13
3	43503.596	43503.832	43503596 43503832	1.4	-0.547186484534534	false negative	2	8
0	43503.85	43504.148	43503850 43504148	1.4	-0.547186484534534	correct	2	10
0	43504.896	43510.099	43504896 43510099	1.4	-0.547186484534534	correct	2	13
3	43503.596	43503.832	43503596 43503832	1.4	0.735357969485313	false negative	2	8
0	43503.85	43504.148	43503850 43504148	1.4	0.735357969485313	correct	2	10
0	43504.896	43510.099	43504896 43510099	1.4	0.735357969485313	correct	2	13
3	43503.596	43503.832	43503596 43503832	1.4	Inf	false negative	2	8
3	43503.85	43504.148	43503850 43504148	1.4	Inf	false negative	2	11
0	43504.896	43510.099	43504896 43510099	1.4	Inf	correct	2	13
1	43503.596	43503.832	43503596 43503832	1.6	-Inf	false positive	2	9
1	43503.85	43504.148	43503850 43504148	1.6	-Inf	false positive	2	12
1	43504.896	43510.099	43504896 43510099	1.6	-Inf	false positive	2	14
1	43503.596	43503.832	43503596 43503832	1.6	-5.18704105367987	false positive	2	9
1	43503.85	43504.148	43503850 43504148	1.6	-5.18704105367987	false positive	2	12
1	43504.896	43510.099	43504896 43510099	1.6	-5.18704105367987	false positive	2	14
1	43503.596	43503.832	43503596 43503832	1.6	-4.39169083010477	false positive	2	9
1	43503.85	43504.148	43503850 43504148	1.6	-4.39169083010477	false positive	2	12
1	43504.896	43510.099	43504896 43510099	1.6	-4.39169083010477	false positive	2	14
1	43503.596	43503.832	43503596 43503832	1.6	-4.04438179129489	false positive	2	9
1	43503.85	43504.148	43503850 43504148	1.6	-4.04438179129489	false positive	2	12
1	43504.896	43510.099	43504896 43510099	1.6	-4.04438179129489	false positive	2	14
0	43503.596	43503.832	43503596 43503832	1.6	-3.67345141531201	correct	2	7
1	43503.85	43504.148	43503850 43504148	1.6	-3.67345141531201	false positive	2	12
1	43504.896	43510.099	43504896 43510099	1.6	-3.67345141531201	false positive	2	14
0	43503.596	43503.832	43503596 43503832	1.6	-3.22875185990134	correct	2	7
1	43503.85	43504.148	43503850 43504148	1.6	-3.22875185990134	false positive	2	12
1	43504.896	43510.099	43504896 43510099	1.6	-3.22875185990134	false positive	2	14
0	43503.596	43503.832	43503596 43503832	1.6	-2.87110214393305	correct	2	7
1	43503.85	43504.148	43503850 43504148	1.6	-2.87110214393305	false positive	2	12
0	43504.896	43510.099	43504896 43510099	1.6	-2.87110214393305	correct	2	13
0	43503.596	43503.832	43503596 43503832	1.6	-2.524465240576	correct	2	7
0	43503.85	43504.148	43503850 43504148	1.6	-2.524465240576	correct	2	10
0	43504.896	43510.099	43504896 43510099	1.6	-2.524465240576	correct	2	13
3	43503.596	43503.832	43503596 43503832	1.6	-2.22583299628681	false negative	2	8
0	43503.85	43504.148	43503850 43504148	1.6	-2.22583299628681	correct	2	10
0	43504.896	43510.099	43504896 43510099	1.6	-2.22583299628681	correct	2	13
3	43503.596	43503.832	43503596 43503832	1.6	-1.49009496446978	false negative	2	8
0	43503.85	43504.148	43503850 43504148	1.6	-1.49009496446978	correct	2	10
0	43504.896	43510.099	43504896 43510099	1.6	-1.49009496446978	correct	2	13
3	43503.596	43503.832	43503596 43503832	1.6	-0.647186484534535	false negative	2	8
0	43503.85	43504.148	43503850 43504148	1.6	-0.647186484534535	correct	2	10
0	43504.896	43510.099	43504896 43510099	1.6	-0.647186484534535	correct	2	13
3	43503.596	43503.832	43503596 43503832	1.6	0.635357969485312	false negative	2	8
0	43503.85	43504.148	43503850 43504148	1.6	0.635357969485312	correct	2	10
0	43504.896	43510.099	43504896 43510099	1.6	0.635357969485312	correct	2	13
3	43503.596	43503.832	43503596 43503832	1.6	Inf	false negative	2	8
3	43503.85	43504.148	43503850 43504148	1.6	Inf	false negative	2	11
0	43504.896	43510.099	43504896 43510099	1.6	Inf	correct	2	13
1	43503.596	43503.832	43503596 43503832	1.8	-Inf	false positive	2	9
1	43503.85	43504.148	43503850 43504148	1.8	-Inf	false positive	2	12
1	43504.896	43510.099	43504896 43510099	1.8	-Inf	false positive	2	14
1	43503.596	43503.832	43503596 43503832	1.8	-5.38704105367987	false positive	2	9
1	43503.85	43504.148	43503850 43504148	1.8	-5.38704105367987	false positive	2	12
1	43504.896	43510.099	43504896 43510099	1.8	-5.38704105367987	false positive	2	14
1	43503.596	43503.832	43503596 43503832	1.8	-4.59169083010477	false positive	2	9
1	43503.85	43504.148	43503850 43504148	1.8	-4.59169083010477	false positive	2	12
1	43504.896	43510.099	43504896 43510099	1.8	-4.59169083010477	false positive	2	14
1	43503.596	43503.832	43503596 43503832	1.8	-4.14438179129489	false positive	2	9
1	43503.85	43504.148	43503850 43504148	1.8	-4.14438179129489	false positive	2	12
1	43504.896	43510.099	43504896 43510099	1.8	-4.14438179129489	false positive	2	14
0	43503.596	43503.832	43503596 43503832	1.8	-3.77345141531201	correct	2	7
1	43503.85	43504.148	43503850 43504148	1.8	-3.77345141531201	false positive	2	12
1	43504.896	43510.099	43504896 43510099	1.8	-3.77345141531201	false positive	2	14
0	43503.596	43503.832	43503596 43503832	1.8	-3.32875185990134	correct	2	7
1	43503.85	43504.148	43503850 43504148	1.8	-3.32875185990134	false positive	2	12
1	43504.896	43510.099	43504896 43510099	1.8	-3.32875185990134	false positive	2	14
0	43503.596	43503.832	43503596 43503832	1.8	-2.87110214393305	correct	2	7
1	43503.85	43504.148	43503850 43504148	1.8	-2.87110214393305	false positive	2	12
0	43504.896	43510.099	43504896 43510099	1.8	-2.87110214393305	correct	2	13
0	43503.596	43503.832	43503596 43503832	1.8	-2.524465240576	correct	2	7
0	43503.85	43504.148	43503850 43504148	1.8	-2.524465240576	correct	2	10
0	43504.896	43510.099	43504896 43510099	1.8	-2.524465240576	correct	2	13
3	43503.596	43503.832	43503596 43503832	1.8	-2.32583299628681	false negative	2	8
0	43503.85	43504.148	43503850 43504148	1.8	-2.32583299628681	correct	2	10
0	43504.896	43510.099	43504896 43510099	1.8	-2.32583299628681	correct	2	13
3	43503.596	43503.832	43503596 43503832	1.8	-1.59009496446978	false negative	2	8
0	43503.85	43504.148	43503850 43504148	1.8	-1.59009496446978	correct	2	10
0	43504.896	43510.099	43504896 43510099	1.8	-1.59009496446978	correct	2	13
3	43503.596	43503.832	43503596 43503832	1.8	-0.747186484534534	false negative	2	8
0	43503.85	43504.148	43503850 43504148	1.8	-0.747186484534534	correct	2	10
0	43504.896	43510.099	43504896 43510099	1.8	-0.747186484534534	correct	2	13
3	43503.596	43503.832	43503596 43503832	1.8	0.535357969485313	false negative	2	8
0	43503.85	43504.148	43503850 43504148	1.8	0.535357969485313	correct	2	10
0	43504.896	43510.099	43504896 43510099	1.8	0.535357969485313	correct	2	13
3	43503.596	43503.832	43503596 43503832	1.8	Inf	false negative	2	8
3	43503.85	43504.148	43503850 43504148	1.8	Inf	false negative	2	11
0	43504.896	43510.099	43504896 43510099	1.8	Inf	correct	2	13
1	43503.596	43503.832	43503596 43503832	2	-Inf	false positive	2	9
1	43503.85	43504.148	43503850 43504148	2	-Inf	false positive	2	12
1	43504.896	43510.099	43504896 43510099	2	-Inf	false positive	2	14
1	43503.596	43503.832	43503596 43503832	2	-5.58704105367987	false positive	2	9
1	43503.85	43504.148	43503850 43504148	2	-5.58704105367987	false positive	2	12
1	43504.896	43510.099	43504896 43510099	2	-5.58704105367987	false positive	2	14
1	43503.596	43503.832	43503596 43503832	2	-4.79169083010477	false positive	2	9
1	43503.85	43504.148	43503850 43504148	2	-4.79169083010477	false positive	2	12
1	43504.896	43510.099	43504896 43510099	2	-4.79169083010477	false positive	2	14
1	43503.596	43503.832	43503596 43503832	2	-4.24438179129489	false positive	2	9
1	43503.85	43504.148	43503850 43504148	2	-4.24438179129489	false positive	2	12
1	43504.896	43510.099	43504896 43510099	2	-4.24438179129489	false positive	2	14
0	43503.596	43503.832	43503596 43503832	2	-3.87345141531201	correct	2	7
1	43503.85	43504.148	43503850 43504148	2	-3.87345141531201	false positive	2	12
1	43504.896	43510.099	43504896 43510099	2	-3.87345141531201	false positive	2	14
0	43503.596	43503.832	43503596 43503832	2	-3.42875185990134	correct	2	7
1	43503.85	43504.148	43503850 43504148	2	-3.42875185990134	false positive	2	12
1	43504.896	43510.099	43504896 43510099	2	-3.42875185990134	false positive	2	14
0	43503.596	43503.832	43503596 43503832	2	-2.87110214393305	correct	2	7
1	43503.85	43504.148	43503850 43504148	2	-2.87110214393305	false positive	2	12
0	43504.896	43510.099	43504896 43510099	2	-2.87110214393305	correct	2	13
0	43503.596	43503.832	43503596 43503832	2	-2.524465240576	correct	2	7
0	43503.85	43504.148	43503850 43504148	2	-2.524465240576	correct	2	10
0	43504.896	43510.099	43504896 43510099	2	-2.524465240576	correct	2	13
3	43503.596	43503.832	43503596 43503832	2	-2.42583299628681	false negative	2	8
0	43503.85	43504.148	43503850 43504148	2	-2.42583299628681	correct	2	10
0	43504.896	43510.099	43504896 43510099	2	-2.42583299628681	correct	2	13
3	43503.596	43503.832	43503596 43503832	2	-1.69009496446978	false negative	2	8
0	43503.85	43504.148	43503850 43504148	2	-1.69009496446978	correct	2	10
0	43504.896	43510.099	43504896 43510099	2	-1.69009496446978	correct	2	13
3	43503.596	43503.832	43503596 43503832	2	-0.847186484534534	false negative	2	8
0	43503.85	43504.148	43503850 43504148	2	-0.847186484534534	correct	2	10
0	43504.896	43510.099	43504896 43510099	2	-0.847186484534534	correct	2	13
3	43503.596	43503.832	43503596 43503832	2	0.435357969485313	false negative	2	8
0	43503.85	43504.148	43503850 43504148	2	0.435357969485313	correct	2	10
0	43504.896	43510.099	43504896 43510099	2	0.435357969485313	correct	2	13
3	43503.596	43503.832	43503596 43503832	2	Inf	false negative	2	8
3	43503.85	43504.148	43503850 43504148	2	Inf	false negative	2	11
0	43504.896	43510.099	43504896 43510099	2	Inf	correct	2	13
1	43503.596	43503.832	43503596 43503832	2.2	-Inf	false positive	2	9
1	43503.85	43504.148	43503850 43504148	2.2	-Inf	false positive	2	12
1	43504.896	43510.099	43504896 43510099	2.2	-Inf	false positive	2	14
1	43503.596	43503.832	43503596 43503832	2.2	-5.78704105367987	false positive	2	9
1	43503.85	43504.148	43503850 43504148	2.2	-5.78704105367987	false positive	2	12
1	43504.896	43510.099	43504896 43510099	2.2	-5.78704105367987	false positive	2	14
1	43503.596	43503.832	43503596 43503832	2.2	-4.99169083010477	false positive	2	9
1	43503.85	43504.148	43503850 43504148	2.2	-4.99169083010477	false positive	2	12
1	43504.896	43510.099	43504896 43510099	2.2	-4.99169083010477	false positive	2	14
1	43503.596	43503.832	43503596 43503832	2.2	-4.34438179129489	false positive	2	9
1	43503.85	43504.148	43503850 43504148	2.2	-4.34438179129489	false positive	2	12
1	43504.896	43510.099	43504896 43510099	2.2	-4.34438179129489	false positive	2	14
0	43503.596	43503.832	43503596 43503832	2.2	-3.97345141531201	correct	2	7
1	43503.85	43504.148	43503850 43504148	2.2	-3.97345141531201	false positive	2	12
1	43504.896	43510.099	43504896 43510099	2.2	-3.97345141531201	false positive	2	14
0	43503.596	43503.832	43503596 43503832	2.2	-3.52875185990134	correct	2	7
1	43503.85	43504.148	43503850 43504148	2.2	-3.52875185990134	false positive	2	12
1	43504.896	43510.099	43504896 43510099	2.2	-3.52875185990134	false positive	2	14
0	43503.596	43503.832	43503596 43503832	2.2	-2.87246989964386	correct	2	7
1	43503.85	43504.148	43503850 43504148	2.2	-2.87246989964386	false positive	2	12
0	43504.896	43510.099	43504896 43510099	2.2	-2.87246989964386	correct	2	13
0	43503.596	43503.832	43503596 43503832	2.2	-2.58951516686218	correct	2	7
1	43503.85	43504.148	43503850 43504148	2.2	-2.58951516686218	false positive	2	12
0	43504.896	43510.099	43504896 43510099	2.2	-2.58951516686218	correct	2	13
0	43503.596	43503.832	43503596 43503832	2.2	-2.524465240576	correct	2	7
0	43503.85	43504.148	43503850 43504148	2.2	-2.524465240576	correct	2	10
0	43504.896	43510.099	43504896 43510099	2.2	-2.524465240576	correct	2	13
3	43503.596	43503.832	43503596 43503832	2.2	-1.7250450381836	false negative	2	8
0	43503.85	43504.148	43503850 43504148	2.2	-1.7250450381836	correct	2	10
0	43504.896	43510.099	43504896 43510099	2.2	-1.7250450381836	correct	2	13
3	43503.596	43503.832	43503596 43503832	2.2	-0.947186484534534	false negative	2	8
0	43503.85	43504.148	43503850 43504148	2.2	-0.947186484534534	correct	2	10
0	43504.896	43510.099	43504896 43510099	2.2	-0.947186484534534	correct	2	13
3	43503.596	43503.832	43503596 43503832	2.2	0.335357969485314	false negative	2	8
0	43503.85	43504.148	43503850 43504148	2.2	0.335357969485314	correct	2	10
0	43504.896	43510.099	43504896 43510099	2.2	0.335357969485314	correct	2	13
3	43503.596	43503.832	43503596 43503832	2.2	Inf	false negative	2	8
3	43503.85	43504.148	43503850 43504148	2.2	Inf	false negative	2	11
0	43504.896	43510.099	43504896 43510099	2.2	Inf	correct	2	13
1	43503.596	43503.832	43503596 43503832	2.4	-Inf	false positive	2	9
1	43503.85	43504.148	43503850 43504148	2.4	-Inf	false positive	2	12
1	43504.896	43510.099	43504896 43510099	2.4	-Inf	false positive	2	14
1	43503.596	43503.832	43503596 43503832	2.4	-5.98704105367987	false positive	2	9
1	43503.85	43504.148	43503850 43504148	2.4	-5.98704105367987	false positive	2	12
1	43504.896	43510.099	43504896 43510099	2.4	-5.98704105367987	false positive	2	14
1	43503.596	43503.832	43503596 43503832	2.4	-5.19169083010477	false positive	2	9
1	43503.85	43504.148	43503850 43504148	2.4	-5.19169083010477	false positive	2	12
1	43504.896	43510.099	43504896 43510099	2.4	-5.19169083010477	false positive	2	14
1	43503.596	43503.832	43503596 43503832	2.4	-4.47437721907083	false positive	2	9
1	43503.85	43504.148	43503850 43504148	2.4	-4.47437721907083	false positive	2	12
1	43504.896	43510.099	43504896 43510099	2.4	-4.47437721907083	false positive	2	14
1	43503.596	43503.832	43503596 43503832	2.4	-4.07345141531201	false positive	2	9
1	43503.85	43504.148	43503850 43504148	2.4	-4.07345141531201	false positive	2	12
1	43504.896	43510.099	43504896 43510099	2.4	-4.07345141531201	false positive	2	14
0	43503.596	43503.832	43503596 43503832	2.4	-3.5987564321254	correct	2	7
1	43503.85	43504.148	43503850 43504148	2.4	-3.5987564321254	false positive	2	12
1	43504.896	43510.099	43504896 43510099	2.4	-3.5987564321254	false positive	2	14
0	43503.596	43503.832	43503596 43503832	2.4	-2.97246989964386	correct	2	7
1	43503.85	43504.148	43503850 43504148	2.4	-2.97246989964386	false positive	2	12
0	43504.896	43510.099	43504896 43510099	2.4	-2.97246989964386	correct	2	13
0	43503.596	43503.832	43503596 43503832	2.4	-2.68951516686218	correct	2	7
1	43503.85	43504.148	43503850 43504148	2.4	-2.68951516686218	false positive	2	12
0	43504.896	43510.099	43504896 43510099	2.4	-2.68951516686218	correct	2	13
0	43503.596	43503.832	43503596 43503832	2.4	-2.524465240576	correct	2	7
0	43503.85	43504.148	43503850 43504148	2.4	-2.524465240576	correct	2	10
0	43504.896	43510.099	43504896 43510099	2.4	-2.524465240576	correct	2	13
3	43503.596	43503.832	43503596 43503832	2.4	-1.78292451635157	false negative	2	8
0	43503.85	43504.148	43503850 43504148	2.4	-1.78292451635157	correct	2	10
0	43504.896	43510.099	43504896 43510099	2.4	-1.78292451635157	correct	2	13
3	43503.596	43503.832	43503596 43503832	2.4	-1.04718648453453	false negative	2	8
0	43503.85	43504.148	43503850 43504148	2.4	-1.04718648453453	correct	2	10
0	43504.896	43510.099	43504896 43510099	2.4	-1.04718648453453	correct	2	13
3	43503.596	43503.832	43503596 43503832	2.4	0.293237447653286	false negative	2	8
0	43503.85	43504.148	43503850 43504148	2.4	0.293237447653286	correct	2	10
0	43504.896	43510.099	43504896 43510099	2.4	0.293237447653286	correct	2	13
3	43503.596	43503.832	43503596 43503832	2.4	Inf	false negative	2	8
3	43503.85	43504.148	43503850 43504148	2.4	Inf	false negative	2	11
0	43504.896	43510.099	43504896 43510099	2.4	Inf	correct	2	13
1	43503.596	43503.832	43503596 43503832	2.6	-Inf	false positive	2	9
1	43503.85	43504.148	43503850 43504148	2.6	-Inf	false positive	2	12
1	43504.896	43510.099	43504896 43510099	2.6	-Inf	false positive	2	14
1	43503.596	43503.832	43503596 43503832	2.6	-6.18704105367987	false positive	2	9
1	43503.85	43504.148	43503850 43504148	2.6	-6.18704105367987	false positive	2	12
1	43504.896	43510.099	43504896 43510099	2.6	-6.18704105367987	false positive	2	14
1	43503.596	43503.832	43503596 43503832	2.6	-5.39169083010477	false positive	2	9
1	43503.85	43504.148	43503850 43504148	2.6	-5.39169083010477	false positive	2	12
1	43504.896	43510.099	43504896 43510099	2.6	-5.39169083010477	false positive	2	14
1	43503.596	43503.832	43503596 43503832	2.6	-4.67437721907083	false positive	2	9
1	43503.85	43504.148	43503850 43504148	2.6	-4.67437721907083	false positive	2	12
1	43504.896	43510.099	43504896 43510099	2.6	-4.67437721907083	false positive	2	14
1	43503.596	43503.832	43503596 43503832	2.6	-4.17345141531201	false positive	2	9
1	43503.85	43504.148	43503850 43504148	2.6	-4.17345141531201	false positive	2	12
1	43504.896	43510.099	43504896 43510099	2.6	-4.17345141531201	false positive	2	14
0	43503.596	43503.832	43503596 43503832	2.6	-3.5987564321254	correct	2	7
1	43503.85	43504.148	43503850 43504148	2.6	-3.5987564321254	false positive	2	12
1	43504.896	43510.099	43504896 43510099	2.6	-3.5987564321254	false positive	2	14
0	43503.596	43503.832	43503596 43503832	2.6	-3.07246989964386	correct	2	7
1	43503.85	43504.148	43503850 43504148	2.6	-3.07246989964386	false positive	2	12
0	43504.896	43510.099	43504896 43510099	2.6	-3.07246989964386	correct	2	13
0	43503.596	43503.832	43503596 43503832	2.6	-2.78951516686218	correct	2	7
1	43503.85	43504.148	43503850 43504148	2.6	-2.78951516686218	false positive	2	12
0	43504.896	43510.099	43504896 43510099	2.6	-2.78951516686218	correct	2	13
0	43503.596	43503.832	43503596 43503832	2.6	-2.524465240576	correct	2	7
0	43503.85	43504.148	43503850 43504148	2.6	-2.524465240576	correct	2	10
0	43504.896	43510.099	43504896 43510099	2.6	-2.524465240576	correct	2	13
3	43503.596	43503.832	43503596 43503832	2.6	-1.88292451635157	false negative	2	8
0	43503.85	43504.148	43503850 43504148	2.6	-1.88292451635157	correct	2	10
0	43504.896	43510.099	43504896 43510099	2.6	-1.88292451635157	correct	2	13
3	43503.596	43503.832	43503596 43503832	2.6	-1.14718648453453	false negative	2	8
0	43503.85	43504.148	43503850 43504148	2.6	-1.14718648453453	correct	2	10
0	43504.896	43510.099	43504896 43510099	2.6	-1.14718648453453	correct	2	13
3	43503.596	43503.832	43503596 43503832	2.6	0.293237447653286	false negative	2	8
0	43503.85	43504.148	43503850 43504148	2.6	0.293237447653286	correct	2	10
0	43504.896	43510.099	43504896 43510099	2.6	0.293237447653286	correct	2	13
3	43503.596	43503.832	43503596 43503832	2.6	Inf	false negative	2	8
3	43503.85	43504.148	43503850 43504148	2.6	Inf	false negative	2	11
0	43504.896	43510.099	43504896 43510099	2.6	Inf	correct	2	13
1	43503.596	43503.832	43503596 43503832	2.8	-Inf	false positive	2	9
1	43503.85	43504.148	43503850 43504148	2.8	-Inf	false positive	2	12
1	43504.896	43510.099	43504896 43510099	2.8	-Inf	false positive	2	14
1	43503.596	43503.832	43503596 43503832	2.8	-6.38704105367987	false positive	2	9
1	43503.85	43504.148	43503850 43504148	2.8	-6.38704105367987	false positive	2	12
1	43504.896	43510.099	43504896 43510099	2.8	-6.38704105367987	false positive	2	14
1	43503.596	43503.832	43503596 43503832	2.8	-5.59169083010477	false positive	2	9
1	43503.85	43504.148	43503850 43504148	2.8	-5.59169083010477	false positive	2	12
1	43504.896	43510.099	43504896 43510099	2.8	-5.59169083010477	false positive	2	14
1	43503.596	43503.832	43503596 43503832	2.8	-4.87437721907083	false positive	2	9
1	43503.85	43504.148	43503850 43504148	2.8	-4.87437721907083	false positive	2	12
1	43504.896	43510.099	43504896 43510099	2.8	-4.87437721907083	false positive	2	14
1	43503.596	43503.832	43503596 43503832	2.8	-4.27345141531201	false positive	2	9
1	43503.85	43504.148	43503850 43504148	2.8	-4.27345141531201	false positive	2	12
1	43504.896	43510.099	43504896 43510099	2.8	-4.27345141531201	false positive	2	14
0	43503.596	43503.832	43503596 43503832	2.8	-3.61716945505453	correct	2	7
1	43503.85	43504.148	43503850 43504148	2.8	-3.61716945505453	false positive	2	12
1	43504.896	43510.099	43504896 43510099	2.8	-3.61716945505453	false positive	2	14
0	43503.596	43503.832	43503596 43503832	2.8	-3.17246989964386	correct	2	7
1	43503.85	43504.148	43503850 43504148	2.8	-3.17246989964386	false positive	2	12
1	43504.896	43510.099	43504896 43510099	2.8	-3.17246989964386	false positive	2	14
0	43503.596	43503.832	43503596 43503832	2.8	-2.87110214393305	correct	2	7
1	43503.85	43504.148	43503850 43504148	2.8	-2.87110214393305	false positive	2	12
0	43504.896	43510.099	43504896 43510099	2.8	-2.87110214393305	correct	2	13
0	43503.596	43503.832	43503596 43503832	2.8	-2.524465240576	correct	2	7
0	43503.85	43504.148	43503850 43504148	2.8	-2.524465240576	correct	2	10
0	43504.896	43510.099	43504896 43510099	2.8	-2.524465240576	correct	2	13
3	43503.596	43503.832	43503596 43503832	2.8	-1.98292451635157	false negative	2	8
0	43503.85	43504.148	43503850 43504148	2.8	-1.98292451635157	correct	2	10
0	43504.896	43510.099	43504896 43510099	2.8	-1.98292451635157	correct	2	13
3	43503.596	43503.832	43503596 43503832	2.8	-1.24718648453453	false negative	2	8
0	43503.85	43504.148	43503850 43504148	2.8	-1.24718648453453	correct	2	10
0	43504.896	43510.099	43504896 43510099	2.8	-1.24718648453453	correct	2	13
3	43503.596	43503.832	43503596 43503832	2.8	0.293237447653286	false negative	2	8
0	43503.85	43504.148	43503850 43504148	2.8	0.293237447653286	correct	2	10
0	43504.896	43510.099	43504896 43510099	2.8	0.293237447653286	correct	2	13
3	43503.596	43503.832	43503596 43503832	2.8	Inf	false negative	2	8
3	43503.85	43504.148	43503850 43504148	2.8	Inf	false negative	2	11
0	43504.896	43510.099	43504896 43510099	2.8	Inf	correct	2	13
1	43503.596	43503.832	43503596 43503832	3	-Inf	false positive	2	9
1	43503.85	43504.148	43503850 43504148	3	-Inf	false positive	2	12
1	43504.896	43510.099	43504896 43510099	3	-Inf	false positive	2	14
1	43503.596	43503.832	43503596 43503832	3	-6.58704105367987	false positive	2	9
1	43503.85	43504.148	43503850 43504148	3	-6.58704105367987	false positive	2	12
1	43504.896	43510.099	43504896 43510099	3	-6.58704105367987	false positive	2	14
1	43503.596	43503.832	43503596 43503832	3	-5.79169083010477	false positive	2	9
1	43503.85	43504.148	43503850 43504148	3	-5.79169083010477	false positive	2	12
1	43504.896	43510.099	43504896 43510099	3	-5.79169083010477	false positive	2	14
1	43503.596	43503.832	43503596 43503832	3	-5.07437721907083	false positive	2	9
1	43503.85	43504.148	43503850 43504148	3	-5.07437721907083	false positive	2	12
1	43504.896	43510.099	43504896 43510099	3	-5.07437721907083	false positive	2	14
1	43503.596	43503.832	43503596 43503832	3	-4.37345141531201	false positive	2	9
1	43503.85	43504.148	43503850 43504148	3	-4.37345141531201	false positive	2	12
1	43504.896	43510.099	43504896 43510099	3	-4.37345141531201	false positive	2	14
0	43503.596	43503.832	43503596 43503832	3	-3.71716945505453	correct	2	7
1	43503.85	43504.148	43503850 43504148	3	-3.71716945505453	false positive	2	12
1	43504.896	43510.099	43504896 43510099	3	-3.71716945505453	false positive	2	14
0	43503.596	43503.832	43503596 43503832	3	-3.27246989964386	correct	2	7
1	43503.85	43504.148	43503850 43504148	3	-3.27246989964386	false positive	2	12
1	43504.896	43510.099	43504896 43510099	3	-3.27246989964386	false positive	2	14
0	43503.596	43503.832	43503596 43503832	3	-2.87110214393305	correct	2	7
1	43503.85	43504.148	43503850 43504148	3	-2.87110214393305	false positive	2	12
0	43504.896	43510.099	43504896 43510099	3	-2.87110214393305	correct	2	13
0	43503.596	43503.832	43503596 43503832	3	-2.524465240576	correct	2	7
0	43503.85	43504.148	43503850 43504148	3	-2.524465240576	correct	2	10
0	43504.896	43510.099	43504896 43510099	3	-2.524465240576	correct	2	13
3	43503.596	43503.832	43503596 43503832	3	-2.08292451635157	false negative	2	8
0	43503.85	43504.148	43503850 43504148	3	-2.08292451635157	correct	2	10
0	43504.896	43510.099	43504896 43510099	3	-2.08292451635157	correct	2	13
3	43503.596	43503.832	43503596 43503832	3	-1.34718648453453	false negative	2	8
0	43503.85	43504.148	43503850 43504148	3	-1.34718648453453	correct	2	10
0	43504.896	43510.099	43504896 43510099	3	-1.34718648453453	correct	2	13
3	43503.596	43503.832	43503596 43503832	3	0.293237447653286	false negative	2	8
0	43503.85	43504.148	43503850 43504148	3	0.293237447653286	correct	2	10
0	43504.896	43510.099	43504896 43510099	3	0.293237447653286	correct	2	13
3	43503.596	43503.832	43503596 43503832	3	Inf	false negative	2	8
3	43503.85	43504.148	43503850 43504148	3	Inf	false negative	2	11
0	43504.896	43510.099	43504896 43510099	3	Inf	correct	2	13
1	43503.596	43503.832	43503596 43503832	3.2	-Inf	false positive	2	9
1	43503.85	43504.148	43503850 43504148	3.2	-Inf	false positive	2	12
1	43504.896	43510.099	43504896 43510099	3.2	-Inf	false positive	2	14
1	43503.596	43503.832	43503596 43503832	3.2	-6.78704105367987	false positive	2	9
1	43503.85	43504.148	43503850 43504148	3.2	-6.78704105367987	false positive	2	12
1	43504.896	43510.099	43504896 43510099	3.2	-6.78704105367987	false positive	2	14
1	43503.596	43503.832	43503596 43503832	3.2	-5.99169083010477	false positive	2	9
1	43503.85	43504.148	43503850 43504148	3.2	-5.99169083010477	false positive	2	12
1	43504.896	43510.099	43504896 43510099	3.2	-5.99169083010477	false positive	2	14
1	43503.596	43503.832	43503596 43503832	3.2	-5.27437721907083	false positive	2	9
1	43503.85	43504.148	43503850 43504148	3.2	-5.27437721907083	false positive	2	12
1	43504.896	43510.099	43504896 43510099	3.2	-5.27437721907083	false positive	2	14
1	43503.596	43503.832	43503596 43503832	3.2	-4.47345141531201	false positive	2	9
1	43503.85	43504.148	43503850 43504148	3.2	-4.47345141531201	false positive	2	12
1	43504.896	43510.099	43504896 43510099	3.2	-4.47345141531201	false positive	2	14
0	43503.596	43503.832	43503596 43503832	3.2	-3.81716945505453	correct	2	7
1	43503.85	43504.148	43503850 43504148	3.2	-3.81716945505453	false positive	2	12
1	43504.896	43510.099	43504896 43510099	3.2	-3.81716945505453	false positive	2	14
0	43503.596	43503.832	43503596 43503832	3.2	-3.37246989964386	correct	2	7
1	43503.85	43504.148	43503850 43504148	3.2	-3.37246989964386	false positive	2	12
1	43504.896	43510.099	43504896 43510099	3.2	-3.37246989964386	false positive	2	14
0	43503.596	43503.832	43503596 43503832	3.2	-2.87110214393305	correct	2	7
1	43503.85	43504.148	43503850 43504148	3.2	-2.87110214393305	false positive	2	12
0	43504.896	43510.099	43504896 43510099	3.2	-2.87110214393305	correct	2	13
0	43503.596	43503.832	43503596 43503832	3.2	-2.524465240576	correct	2	7
0	43503.85	43504.148	43503850 43504148	3.2	-2.524465240576	correct	2	10
0	43504.896	43510.099	43504896 43510099	3.2	-2.524465240576	correct	2	13
3	43503.596	43503.832	43503596 43503832	3.2	-2.18292451635157	false negative	2	8
0	43503.85	43504.148	43503850 43504148	3.2	-2.18292451635157	correct	2	10
0	43504.896	43510.099	43504896 43510099	3.2	-2.18292451635157	correct	2	13
3	43503.596	43503.832	43503596 43503832	3.2	-1.44718648453453	false negative	2	8
0	43503.85	43504.148	43503850 43504148	3.2	-1.44718648453453	correct	2	10
0	43504.896	43510.099	43504896 43510099	3.2	-1.44718648453453	correct	2	13
3	43503.596	43503.832	43503596 43503832	3.2	0.293237447653286	false negative	2	8
0	43503.85	43504.148	43503850 43504148	3.2	0.293237447653286	correct	2	10
0	43504.896	43510.099	43504896 43510099	3.2	0.293237447653286	correct	2	13
3	43503.596	43503.832	43503596 43503832	3.2	Inf	false negative	2	8
3	43503.85	43504.148	43503850 43504148	3.2	Inf	false negative	2	11
0	43504.896	43510.099	43504896 43510099	3.2	Inf	correct	2	13
1	43503.596	43503.832	43503596 43503832	3.4	-Inf	false positive	2	9
1	43503.85	43504.148	43503850 43504148	3.4	-Inf	false positive	2	12
1	43504.896	43510.099	43504896 43510099	3.4	-Inf	false positive	2	14
1	43503.596	43503.832	43503596 43503832	3.4	-6.98704105367987	false positive	2	9
1	43503.85	43504.148	43503850 43504148	3.4	-6.98704105367987	false positive	2	12
1	43504.896	43510.099	43504896 43510099	3.4	-6.98704105367987	false positive	2	14
1	43503.596	43503.832	43503596 43503832	3.4	-6.19169083010477	false positive	2	9
1	43503.85	43504.148	43503850 43504148	3.4	-6.19169083010477	false positive	2	12
1	43504.896	43510.099	43504896 43510099	3.4	-6.19169083010477	false positive	2	14
1	43503.596	43503.832	43503596 43503832	3.4	-5.47437721907083	false positive	2	9
1	43503.85	43504.148	43503850 43504148	3.4	-5.47437721907083	false positive	2	12
1	43504.896	43510.099	43504896 43510099	3.4	-5.47437721907083	false positive	2	14
1	43503.596	43503.832	43503596 43503832	3.4	-4.57345141531201	false positive	2	9
1	43503.85	43504.148	43503850 43504148	3.4	-4.57345141531201	false positive	2	12
1	43504.896	43510.099	43504896 43510099	3.4	-4.57345141531201	false positive	2	14
0	43503.596	43503.832	43503596 43503832	3.4	-3.91716945505453	correct	2	7
1	43503.85	43504.148	43503850 43504148	3.4	-3.91716945505453	false positive	2	12
1	43504.896	43510.099	43504896 43510099	3.4	-3.91716945505453	false positive	2	14
0	43503.596	43503.832	43503596 43503832	3.4	-3.47246989964386	correct	2	7
1	43503.85	43504.148	43503850 43504148	3.4	-3.47246989964386	false positive	2	12
1	43504.896	43510.099	43504896 43510099	3.4	-3.47246989964386	false positive	2	14
0	43503.596	43503.832	43503596 43503832	3.4	-2.87110214393305	correct	2	7
1	43503.85	43504.148	43503850 43504148	3.4	-2.87110214393305	false positive	2	12
0	43504.896	43510.099	43504896 43510099	3.4	-2.87110214393305	correct	2	13
0	43503.596	43503.832	43503596 43503832	3.4	-2.524465240576	correct	2	7
0	43503.85	43504.148	43503850 43504148	3.4	-2.524465240576	correct	2	10
0	43504.896	43510.099	43504896 43510099	3.4	-2.524465240576	correct	2	13
3	43503.596	43503.832	43503596 43503832	3.4	-2.28292451635157	false negative	2	8
0	43503.85	43504.148	43503850 43504148	3.4	-2.28292451635157	correct	2	10
0	43504.896	43510.099	43504896 43510099	3.4	-2.28292451635157	correct	2	13
3	43503.596	43503.832	43503596 43503832	3.4	-1.54718648453453	false negative	2	8
0	43503.85	43504.148	43503850 43504148	3.4	-1.54718648453453	correct	2	10
0	43504.896	43510.099	43504896 43510099	3.4	-1.54718648453453	correct	2	13
3	43503.596	43503.832	43503596 43503832	3.4	0.293237447653286	false negative	2	8
0	43503.85	43504.148	43503850 43504148	3.4	0.293237447653286	correct	2	10
0	43504.896	43510.099	43504896 43510099	3.4	0.293237447653286	correct	2	13
3	43503.596	43503.832	43503596 43503832	3.4	Inf	false negative	2	8
3	43503.85	43504.148	43503850 43504148	3.4	Inf	false negative	2	11
0	43504.896	43510.099	43504896 43510099	3.4	Inf	correct	2	13
1	43503.596	43503.832	43503596 43503832	3.6	-Inf	false positive	2	9
1	43503.85	43504.148	43503850 43504148	3.6	-Inf	false positive	2	12
1	43504.896	43510.099	43504896 43510099	3.6	-Inf	false positive	2	14
1	43503.596	43503.832	43503596 43503832	3.6	-7.18704105367987	false positive	2	9
1	43503.85	43504.148	43503850 43504148	3.6	-7.18704105367987	false positive	2	12
1	43504.896	43510.099	43504896 43510099	3.6	-7.18704105367987	false positive	2	14
1	43503.596	43503.832	43503596 43503832	3.6	-6.39169083010477	false positive	2	9
1	43503.85	43504.148	43503850 43504148	3.6	-6.39169083010477	false positive	2	12
1	43504.896	43510.099	43504896 43510099	3.6	-6.39169083010477	false positive	2	14
1	43503.596	43503.832	43503596 43503832	3.6	-5.67437721907083	false positive	2	9
1	43503.85	43504.148	43503850 43504148	3.6	-5.67437721907083	false positive	2	12
1	43504.896	43510.099	43504896 43510099	3.6	-5.67437721907083	false positive	2	14
1	43503.596	43503.832	43503596 43503832	3.6	-4.67345141531201	false positive	2	9
1	43503.85	43504.148	43503850 43504148	3.6	-4.67345141531201	false positive	2	12
1	43504.896	43510.099	43504896 43510099	3.6	-4.67345141531201	false positive	2	14
0	43503.596	43503.832	43503596 43503832	3.6	-4.01716945505453	correct	2	7
1	43503.85	43504.148	43503850 43504148	3.6	-4.01716945505453	false positive	2	12
1	43504.896	43510.099	43504896 43510099	3.6	-4.01716945505453	false positive	2	14
0	43503.596	43503.832	43503596 43503832	3.6	-3.57246989964386	correct	2	7
1	43503.85	43504.148	43503850 43504148	3.6	-3.57246989964386	false positive	2	12
1	43504.896	43510.099	43504896 43510099	3.6	-3.57246989964386	false positive	2	14
0	43503.596	43503.832	43503596 43503832	3.6	-2.87110214393305	correct	2	7
1	43503.85	43504.148	43503850 43504148	3.6	-2.87110214393305	false positive	2	12
0	43504.896	43510.099	43504896 43510099	3.6	-2.87110214393305	correct	2	13
0	43503.596	43503.832	43503596 43503832	3.6	-2.524465240576	correct	2	7
0	43503.85	43504.148	43503850 43504148	3.6	-2.524465240576	correct	2	10
0	43504.896	43510.099	43504896 43510099	3.6	-2.524465240576	correct	2	13
3	43503.596	43503.832	43503596 43503832	3.6	-2.38292451635157	false negative	2	8
0	43503.85	43504.148	43503850 43504148	3.6	-2.38292451635157	correct	2	10
0	43504.896	43510.099	43504896 43510099	3.6	-2.38292451635157	correct	2	13
3	43503.596	43503.832	43503596 43503832	3.6	-1.64718648453453	false negative	2	8
0	43503.85	43504.148	43503850 43504148	3.6	-1.64718648453453	correct	2	10
0	43504.896	43510.099	43504896 43510099	3.6	-1.64718648453453	correct	2	13
3	43503.596	43503.832	43503596 43503832	3.6	0.293237447653286	false negative	2	8
0	43503.85	43504.148	43503850 43504148	3.6	0.293237447653286	correct	2	10
0	43504.896	43510.099	43504896 43510099	3.6	0.293237447653286	correct	2	13
3	43503.596	43503.832	43503596 43503832	3.6	Inf	false negative	2	8
3	43503.85	43504.148	43503850 43504148	3.6	Inf	false negative	2	11
0	43504.896	43510.099	43504896 43510099	3.6	Inf	correct	2	13
1	43503.596	43503.832	43503596 43503832	3.8	-Inf	false positive	2	9
1	43503.85	43504.148	43503850 43504148	3.8	-Inf	false positive	2	12
1	43504.896	43510.099	43504896 43510099	3.8	-Inf	false positive	2	14
1	43503.596	43503.832	43503596 43503832	3.8	-7.38704105367987	false positive	2	9
1	43503.85	43504.148	43503850 43504148	3.8	-7.38704105367987	false positive	2	12
1	43504.896	43510.099	43504896 43510099	3.8	-7.38704105367987	false positive	2	14
1	43503.596	43503.832	43503596 43503832	3.8	-6.59169083010477	false positive	2	9
1	43503.85	43504.148	43503850 43504148	3.8	-6.59169083010477	false positive	2	12
1	43504.896	43510.099	43504896 43510099	3.8	-6.59169083010477	false positive	2	14
1	43503.596	43503.832	43503596 43503832	3.8	-5.87437721907083	false positive	2	9
1	43503.85	43504.148	43503850 43504148	3.8	-5.87437721907083	false positive	2	12
1	43504.896	43510.099	43504896 43510099	3.8	-5.87437721907083	false positive	2	14
1	43503.596	43503.832	43503596 43503832	3.8	-4.84716488283047	false positive	2	9
1	43503.85	43504.148	43503850 43504148	3.8	-4.84716488283047	false positive	2	12
1	43504.896	43510.099	43504896 43510099	3.8	-4.84716488283047	false positive	2	14
1	43503.596	43503.832	43503596 43503832	3.8	-4.11716945505453	false positive	2	9
1	43503.85	43504.148	43503850 43504148	3.8	-4.11716945505453	false positive	2	12
1	43504.896	43510.099	43504896 43510099	3.8	-4.11716945505453	false positive	2	14
0	43503.596	43503.832	43503596 43503832	3.8	-3.5987564321254	correct	2	7
1	43503.85	43504.148	43503850 43504148	3.8	-3.5987564321254	false positive	2	12
1	43504.896	43510.099	43504896 43510099	3.8	-3.5987564321254	false positive	2	14
0	43503.596	43503.832	43503596 43503832	3.8	-2.87110214393305	correct	2	7
1	43503.85	43504.148	43503850 43504148	3.8	-2.87110214393305	false positive	2	12
0	43504.896	43510.099	43504896 43510099	3.8	-2.87110214393305	correct	2	13
0	43503.596	43503.832	43503596 43503832	3.8	-2.54660668692694	correct	2	7
0	43503.85	43504.148	43503850 43504148	3.8	-2.54660668692694	correct	2	10
0	43504.896	43510.099	43504896 43510099	3.8	-2.54660668692694	correct	2	13
0	43503.596	43503.832	43503596 43503832	3.8	-2.48292451635157	correct	2	7
0	43503.85	43504.148	43503850 43504148	3.8	-2.48292451635157	correct	2	10
0	43504.896	43510.099	43504896 43510099	3.8	-2.48292451635157	correct	2	13
3	43503.596	43503.832	43503596 43503832	3.8	-1.7250450381836	false negative	2	8
0	43503.85	43504.148	43503850 43504148	3.8	-1.7250450381836	correct	2	10
0	43504.896	43510.099	43504896 43510099	3.8	-1.7250450381836	correct	2	13
3	43503.596	43503.832	43503596 43503832	3.8	0.293237447653286	false negative	2	8
0	43503.85	43504.148	43503850 43504148	3.8	0.293237447653286	correct	2	10
0	43504.896	43510.099	43504896 43510099	3.8	0.293237447653286	correct	2	13
3	43503.596	43503.832	43503596 43503832	3.8	Inf	false negative	2	8
3	43503.85	43504.148	43503850 43504148	3.8	Inf	false negative	2	11
0	43504.896	43510.099	43504896 43510099	3.8	Inf	correct	2	13
1	43503.596	43503.832	43503596 43503832	4	-Inf	false positive	2	9
1	43503.85	43504.148	43503850 43504148	4	-Inf	false positive	2	12
1	43504.896	43510.099	43504896 43510099	4	-Inf	false positive	2	14
1	43503.596	43503.832	43503596 43503832	4	-7.58704105367987	false positive	2	9
1	43503.85	43504.148	43503850 43504148	4	-7.58704105367987	false positive	2	12
1	43504.896	43510.099	43504896 43510099	4	-7.58704105367987	false positive	2	14
1	43503.596	43503.832	43503596 43503832	4	-6.79169083010477	false positive	2	9
1	43503.85	43504.148	43503850 43504148	4	-6.79169083010477	false positive	2	12
1	43504.896	43510.099	43504896 43510099	4	-6.79169083010477	false positive	2	14
1	43503.596	43503.832	43503596 43503832	4	-6.07437721907083	false positive	2	9
1	43503.85	43504.148	43503850 43504148	4	-6.07437721907083	false positive	2	12
1	43504.896	43510.099	43504896 43510099	4	-6.07437721907083	false positive	2	14
1	43503.596	43503.832	43503596 43503832	4	-5.04716488283047	false positive	2	9
1	43503.85	43504.148	43503850 43504148	4	-5.04716488283047	false positive	2	12
1	43504.896	43510.099	43504896 43510099	4	-5.04716488283047	false positive	2	14
1	43503.596	43503.832	43503596 43503832	4	-4.21716945505453	false positive	2	9
1	43503.85	43504.148	43503850 43504148	4	-4.21716945505453	false positive	2	12
1	43504.896	43510.099	43504896 43510099	4	-4.21716945505453	false positive	2	14
0	43503.596	43503.832	43503596 43503832	4	-3.5987564321254	correct	2	7
1	43503.85	43504.148	43503850 43504148	4	-3.5987564321254	false positive	2	12
1	43504.896	43510.099	43504896 43510099	4	-3.5987564321254	false positive	2	14
0	43503.596	43503.832	43503596 43503832	4	-2.92956141970862	correct	2	7
1	43503.85	43504.148	43503850 43504148	4	-2.92956141970862	false positive	2	12
0	43504.896	43510.099	43504896 43510099	4	-2.92956141970862	correct	2	13
0	43503.596	43503.832	43503596 43503832	4	-2.64660668692694	correct	2	7
1	43503.85	43504.148	43503850 43504148	4	-2.64660668692694	false positive	2	12
0	43504.896	43510.099	43504896 43510099	4	-2.64660668692694	correct	2	13
0	43503.596	43503.832	43503596 43503832	4	-2.524465240576	correct	2	7
0	43503.85	43504.148	43503850 43504148	4	-2.524465240576	correct	2	10
0	43504.896	43510.099	43504896 43510099	4	-2.524465240576	correct	2	13
3	43503.596	43503.832	43503596 43503832	4	-1.7250450381836	false negative	2	8
0	43503.85	43504.148	43503850 43504148	4	-1.7250450381836	correct	2	10
0	43504.896	43510.099	43504896 43510099	4	-1.7250450381836	correct	2	13
3	43503.596	43503.832	43503596 43503832	4	0.293237447653286	false negative	2	8
0	43503.85	43504.148	43503850 43504148	4	0.293237447653286	correct	2	10
0	43504.896	43510.099	43504896 43510099	4	0.293237447653286	correct	2	13
3	43503.596	43503.832	43503596 43503832	4	Inf	false negative	2	8
3	43503.85	43504.148	43503850 43504148	4	Inf	false negative	2	11
0	43504.896	43510.099	43504896 43510099	4	Inf	correct	2	13
1	43503.596	43503.832	43503596 43503832	4.2	-Inf	false positive	2	9
1	43503.85	43504.148	43503850 43504148	4.2	-Inf	false positive	2	12
1	43504.896	43510.099	43504896 43510099	4.2	-Inf	false positive	2	14
1	43503.596	43503.832	43503596 43503832	4.2	-7.78704105367987	false positive	2	9
1	43503.85	43504.148	43503850 43504148	4.2	-7.78704105367987	false positive	2	12
1	43504.896	43510.099	43504896 43510099	4.2	-7.78704105367987	false positive	2	14
1	43503.596	43503.832	43503596 43503832	4.2	-6.99169083010477	false positive	2	9
1	43503.85	43504.148	43503850 43504148	4.2	-6.99169083010477	false positive	2	12
1	43504.896	43510.099	43504896 43510099	4.2	-6.99169083010477	false positive	2	14
1	43503.596	43503.832	43503596 43503832	4.2	-6.27437721907083	false positive	2	9
1	43503.85	43504.148	43503850 43504148	4.2	-6.27437721907083	false positive	2	12
1	43504.896	43510.099	43504896 43510099	4.2	-6.27437721907083	false positive	2	14
1	43503.596	43503.832	43503596 43503832	4.2	-5.24716488283047	false positive	2	9
1	43503.85	43504.148	43503850 43504148	4.2	-5.24716488283047	false positive	2	12
1	43504.896	43510.099	43504896 43510099	4.2	-5.24716488283047	false positive	2	14
1	43503.596	43503.832	43503596 43503832	4.2	-4.31716945505453	false positive	2	9
1	43503.85	43504.148	43503850 43504148	4.2	-4.31716945505453	false positive	2	12
1	43504.896	43510.099	43504896 43510099	4.2	-4.31716945505453	false positive	2	14
0	43503.596	43503.832	43503596 43503832	4.2	-3.5987564321254	correct	2	7
1	43503.85	43504.148	43503850 43504148	4.2	-3.5987564321254	false positive	2	12
1	43504.896	43510.099	43504896 43510099	4.2	-3.5987564321254	false positive	2	14
0	43503.596	43503.832	43503596 43503832	4.2	-3.02956141970862	correct	2	7
1	43503.85	43504.148	43503850 43504148	4.2	-3.02956141970862	false positive	2	12
0	43504.896	43510.099	43504896 43510099	4.2	-3.02956141970862	correct	2	13
0	43503.596	43503.832	43503596 43503832	4.2	-2.74660668692694	correct	2	7
1	43503.85	43504.148	43503850 43504148	4.2	-2.74660668692694	false positive	2	12
0	43504.896	43510.099	43504896 43510099	4.2	-2.74660668692694	correct	2	13
0	43503.596	43503.832	43503596 43503832	4.2	-2.524465240576	correct	2	7
0	43503.85	43504.148	43503850 43504148	4.2	-2.524465240576	correct	2	10
0	43504.896	43510.099	43504896 43510099	4.2	-2.524465240576	correct	2	13
3	43503.596	43503.832	43503596 43503832	4.2	-1.7250450381836	false negative	2	8
0	43503.85	43504.148	43503850 43504148	4.2	-1.7250450381836	correct	2	10
0	43504.896	43510.099	43504896 43510099	4.2	-1.7250450381836	correct	2	13
3	43503.596	43503.832	43503596 43503832	4.2	0.293237447653286	false negative	2	8
0	43503.85	43504.148	43503850 43504148	4.2	0.293237447653286	correct	2	10
0	43504.896	43510.099	43504896 43510099	4.2	0.293237447653286	correct	2	13
3	43503.596	43503.832	43503596 43503832	4.2	Inf	false negative	2	8
3	43503.85	43504.148	43503850 43504148	4.2	Inf	false negative	2	11
0	43504.896	43510.099	43504896 43510099	4.2	Inf	correct	2	13
1	43503.596	43503.832	43503596 43503832	4.4	-Inf	false positive	2	9
1	43503.85	43504.148	43503850 43504148	4.4	-Inf	false positive	2	12
1	43504.896	43510.099	43504896 43510099	4.4	-Inf	false positive	2	14
1	43503.596	43503.832	43503596 43503832	4.4	-7.98704105367987	false positive	2	9
1	43503.85	43504.148	43503850 43504148	4.4	-7.98704105367987	false positive	2	12
1	43504.896	43510.099	43504896 43510099	4.4	-7.98704105367987	false positive	2	14
1	43503.596	43503.832	43503596 43503832	4.4	-7.19169083010477	false positive	2	9
1	43503.85	43504.148	43503850 43504148	4.4	-7.19169083010477	false positive	2	12
1	43504.896	43510.099	43504896 43510099	4.4	-7.19169083010477	false positive	2	14
1	43503.596	43503.832	43503596 43503832	4.4	-6.47437721907083	false positive	2	9
1	43503.85	43504.148	43503850 43504148	4.4	-6.47437721907083	false positive	2	12
1	43504.896	43510.099	43504896 43510099	4.4	-6.47437721907083	false positive	2	14
1	43503.596	43503.832	43503596 43503832	4.4	-5.44716488283047	false positive	2	9
1	43503.85	43504.148	43503850 43504148	4.4	-5.44716488283047	false positive	2	12
1	43504.896	43510.099	43504896 43510099	4.4	-5.44716488283047	false positive	2	14
1	43503.596	43503.832	43503596 43503832	4.4	-4.41716945505453	false positive	2	9
1	43503.85	43504.148	43503850 43504148	4.4	-4.41716945505453	false positive	2	12
1	43504.896	43510.099	43504896 43510099	4.4	-4.41716945505453	false positive	2	14
0	43503.596	43503.832	43503596 43503832	4.4	-3.5987564321254	correct	2	7
1	43503.85	43504.148	43503850 43504148	4.4	-3.5987564321254	false positive	2	12
1	43504.896	43510.099	43504896 43510099	4.4	-3.5987564321254	false positive	2	14
0	43503.596	43503.832	43503596 43503832	4.4	-3.12956141970862	correct	2	7
1	43503.85	43504.148	43503850 43504148	4.4	-3.12956141970862	false positive	2	12
0	43504.896	43510.099	43504896 43510099	4.4	-3.12956141970862	correct	2	13
0	43503.596	43503.832	43503596 43503832	4.4	-2.84660668692694	correct	2	7
1	43503.85	43504.148	43503850 43504148	4.4	-2.84660668692694	false positive	2	12
0	43504.896	43510.099	43504896 43510099	4.4	-2.84660668692694	correct	2	13
0	43503.596	43503.832	43503596 43503832	4.4	-2.524465240576	correct	2	7
0	43503.85	43504.148	43503850 43504148	4.4	-2.524465240576	correct	2	10
0	43504.896	43510.099	43504896 43510099	4.4	-2.524465240576	correct	2	13
3	43503.596	43503.832	43503596 43503832	4.4	-1.7250450381836	false negative	2	8
0	43503.85	43504.148	43503850 43504148	4.4	-1.7250450381836	correct	2	10
0	43504.896	43510.099	43504896 43510099	4.4	-1.7250450381836	correct	2	13
3	43503.596	43503.832	43503596 43503832	4.4	0.293237447653286	false negative	2	8
0	43503.85	43504.148	43503850 43504148	4.4	0.293237447653286	correct	2	10
0	43504.896	43510.099	43504896 43510099	4.4	0.293237447653286	correct	2	13
3	43503.596	43503.832	43503596 43503832	4.4	Inf	false negative	2	8
3	43503.85	43504.148	43503850 43504148	4.4	Inf	false negative	2	11
0	43504.896	43510.099	43504896 43510099	4.4	Inf	correct	2	13
1	43503.596	43503.832	43503596 43503832	4.6	-Inf	false positive	2	9
1	43503.85	43504.148	43503850 43504148	4.6	-Inf	false positive	2	12
1	43504.896	43510.099	43504896 43510099	4.6	-Inf	false positive	2	14
1	43503.596	43503.832	43503596 43503832	4.6	-8.18704105367987	false positive	2	9
1	43503.85	43504.148	43503850 43504148	4.6	-8.18704105367987	false positive	2	12
1	43504.896	43510.099	43504896 43510099	4.6	-8.18704105367987	false positive	2	14
1	43503.596	43503.832	43503596 43503832	4.6	-7.39169083010477	false positive	2	9
1	43503.85	43504.148	43503850 43504148	4.6	-7.39169083010477	false positive	2	12
1	43504.896	43510.099	43504896 43510099	4.6	-7.39169083010477	false positive	2	14
1	43503.596	43503.832	43503596 43503832	4.6	-6.67437721907083	false positive	2	9
1	43503.85	43504.148	43503850 43504148	4.6	-6.67437721907083	false positive	2	12
1	43504.896	43510.099	43504896 43510099	4.6	-6.67437721907083	false positive	2	14
1	43503.596	43503.832	43503596 43503832	4.6	-5.64716488283047	false positive	2	9
1	43503.85	43504.148	43503850 43504148	4.6	-5.64716488283047	false positive	2	12
1	43504.896	43510.099	43504896 43510099	4.6	-5.64716488283047	false positive	2	14
1	43503.596	43503.832	43503596 43503832	4.6	-4.51716945505453	false positive	2	9
1	43503.85	43504.148	43503850 43504148	4.6	-4.51716945505453	false positive	2	12
1	43504.896	43510.099	43504896 43510099	4.6	-4.51716945505453	false positive	2	14
0	43503.596	43503.832	43503596 43503832	4.6	-3.67426097511929	correct	2	7
1	43503.85	43504.148	43503850 43504148	4.6	-3.67426097511929	false positive	2	12
1	43504.896	43510.099	43504896 43510099	4.6	-3.67426097511929	false positive	2	14
0	43503.596	43503.832	43503596 43503832	4.6	-3.22956141970862	correct	2	7
1	43503.85	43504.148	43503850 43504148	4.6	-3.22956141970862	false positive	2	12
1	43504.896	43510.099	43504896 43510099	4.6	-3.22956141970862	false positive	2	14
0	43503.596	43503.832	43503596 43503832	4.6	-2.87110214393305	correct	2	7
1	43503.85	43504.148	43503850 43504148	4.6	-2.87110214393305	false positive	2	12
0	43504.896	43510.099	43504896 43510099	4.6	-2.87110214393305	correct	2	13
0	43503.596	43503.832	43503596 43503832	4.6	-2.524465240576	correct	2	7
0	43503.85	43504.148	43503850 43504148	4.6	-2.524465240576	correct	2	10
0	43504.896	43510.099	43504896 43510099	4.6	-2.524465240576	correct	2	13
3	43503.596	43503.832	43503596 43503832	4.6	-1.7250450381836	false negative	2	8
0	43503.85	43504.148	43503850 43504148	4.6	-1.7250450381836	correct	2	10
0	43504.896	43510.099	43504896 43510099	4.6	-1.7250450381836	correct	2	13
3	43503.596	43503.832	43503596 43503832	4.6	0.293237447653286	false negative	2	8
0	43503.85	43504.148	43503850 43504148	4.6	0.293237447653286	correct	2	10
0	43504.896	43510.099	43504896 43510099	4.6	0.293237447653286	correct	2	13
3	43503.596	43503.832	43503596 43503832	4.6	Inf	false negative	2	8
3	43503.85	43504.148	43503850 43504148	4.6	Inf	false negative	2	11
0	43504.896	43510.099	43504896 43510099	4.6	Inf	correct	2	13
1	43503.596	43503.832	43503596 43503832	4.8	-Inf	false positive	2	9
1	43503.85	43504.148	43503850 43504148	4.8	-Inf	false positive	2	12
1	43504.896	43510.099	43504896 43510099	4.8	-Inf	false positive	2	14
1	43503.596	43503.832	43503596 43503832	4.8	-8.38704105367987	false positive	2	9
1	43503.85	43504.148	43503850 43504148	4.8	-8.38704105367987	false positive	2	12
1	43504.896	43510.099	43504896 43510099	4.8	-8.38704105367987	false positive	2	14
1	43503.596	43503.832	43503596 43503832	4.8	-7.59169083010477	false positive	2	9
1	43503.85	43504.148	43503850 43504148	4.8	-7.59169083010477	false positive	2	12
1	43504.896	43510.099	43504896 43510099	4.8	-7.59169083010477	false positive	2	14
1	43503.596	43503.832	43503596 43503832	4.8	-6.87437721907083	false positive	2	9
1	43503.85	43504.148	43503850 43504148	4.8	-6.87437721907083	false positive	2	12
1	43504.896	43510.099	43504896 43510099	4.8	-6.87437721907083	false positive	2	14
1	43503.596	43503.832	43503596 43503832	4.8	-5.84716488283047	false positive	2	9
1	43503.85	43504.148	43503850 43504148	4.8	-5.84716488283047	false positive	2	12
1	43504.896	43510.099	43504896 43510099	4.8	-5.84716488283047	false positive	2	14
1	43503.596	43503.832	43503596 43503832	4.8	-4.61716945505453	false positive	2	9
1	43503.85	43504.148	43503850 43504148	4.8	-4.61716945505453	false positive	2	12
1	43504.896	43510.099	43504896 43510099	4.8	-4.61716945505453	false positive	2	14
0	43503.596	43503.832	43503596 43503832	4.8	-3.77426097511929	correct	2	7
1	43503.85	43504.148	43503850 43504148	4.8	-3.77426097511929	false positive	2	12
1	43504.896	43510.099	43504896 43510099	4.8	-3.77426097511929	false positive	2	14
0	43503.596	43503.832	43503596 43503832	4.8	-3.32956141970862	correct	2	7
1	43503.85	43504.148	43503850 43504148	4.8	-3.32956141970862	false positive	2	12
1	43504.896	43510.099	43504896 43510099	4.8	-3.32956141970862	false positive	2	14
0	43503.596	43503.832	43503596 43503832	4.8	-2.87110214393305	correct	2	7
1	43503.85	43504.148	43503850 43504148	4.8	-2.87110214393305	false positive	2	12
0	43504.896	43510.099	43504896 43510099	4.8	-2.87110214393305	correct	2	13
0	43503.596	43503.832	43503596 43503832	4.8	-2.524465240576	correct	2	7
0	43503.85	43504.148	43503850 43504148	4.8	-2.524465240576	correct	2	10
0	43504.896	43510.099	43504896 43510099	4.8	-2.524465240576	correct	2	13
3	43503.596	43503.832	43503596 43503832	4.8	-1.7250450381836	false negative	2	8
0	43503.85	43504.148	43503850 43504148	4.8	-1.7250450381836	correct	2	10
0	43504.896	43510.099	43504896 43510099	4.8	-1.7250450381836	correct	2	13
3	43503.596	43503.832	43503596 43503832	4.8	0.293237447653286	false negative	2	8
0	43503.85	43504.148	43503850 43504148	4.8	0.293237447653286	correct	2	10
0	43504.896	43510.099	43504896 43510099	4.8	0.293237447653286	correct	2	13
3	43503.596	43503.832	43503596 43503832	4.8	Inf	false negative	2	8
3	43503.85	43504.148	43503850 43504148	4.8	Inf	false negative	2	11
0	43504.896	43510.099	43504896 43510099	4.8	Inf	correct	2	13
1	43503.596	43503.832	43503596 43503832	5	-Inf	false positive	2	9
1	43503.85	43504.148	43503850 43504148	5	-Inf	false positive	2	12
1	43504.896	43510.099	43504896 43510099	5	-Inf	false positive	2	14
1	43503.596	43503.832	43503596 43503832	5	-8.58704105367987	false positive	2	9
1	43503.85	43504.148	43503850 43504148	5	-8.58704105367987	false positive	2	12
1	43504.896	43510.099	43504896 43510099	5	-8.58704105367987	false positive	2	14
1	43503.596	43503.832	43503596 43503832	5	-7.79169083010477	false positive	2	9
1	43503.85	43504.148	43503850 43504148	5	-7.79169083010477	false positive	2	12
1	43504.896	43510.099	43504896 43510099	5	-7.79169083010477	false positive	2	14
1	43503.596	43503.832	43503596 43503832	5	-7.07437721907083	false positive	2	9
1	43503.85	43504.148	43503850 43504148	5	-7.07437721907083	false positive	2	12
1	43504.896	43510.099	43504896 43510099	5	-7.07437721907083	false positive	2	14
1	43503.596	43503.832	43503596 43503832	5	-6.04716488283047	false positive	2	9
1	43503.85	43504.148	43503850 43504148	5	-6.04716488283047	false positive	2	12
1	43504.896	43510.099	43504896 43510099	5	-6.04716488283047	false positive	2	14
1	43503.596	43503.832	43503596 43503832	5	-4.71716945505453	false positive	2	9
1	43503.85	43504.148	43503850 43504148	5	-4.71716945505453	false positive	2	12
1	43504.896	43510.099	43504896 43510099	5	-4.71716945505453	false positive	2	14
0	43503.596	43503.832	43503596 43503832	5	-3.87426097511929	correct	2	7
1	43503.85	43504.148	43503850 43504148	5	-3.87426097511929	false positive	2	12
1	43504.896	43510.099	43504896 43510099	5	-3.87426097511929	false positive	2	14
0	43503.596	43503.832	43503596 43503832	5	-3.42956141970862	correct	2	7
1	43503.85	43504.148	43503850 43504148	5	-3.42956141970862	false positive	2	12
1	43504.896	43510.099	43504896 43510099	5	-3.42956141970862	false positive	2	14
0	43503.596	43503.832	43503596 43503832	5	-2.87110214393305	correct	2	7
1	43503.85	43504.148	43503850 43504148	5	-2.87110214393305	false positive	2	12
0	43504.896	43510.099	43504896 43510099	5	-2.87110214393305	correct	2	13
0	43503.596	43503.832	43503596 43503832	5	-2.524465240576	correct	2	7
0	43503.85	43504.148	43503850 43504148	5	-2.524465240576	correct	2	10
0	43504.896	43510.099	43504896 43510099	5	-2.524465240576	correct	2	13
3	43503.596	43503.832	43503596 43503832	5	-1.7250450381836	false negative	2	8
0	43503.85	43504.148	43503850 43504148	5	-1.7250450381836	correct	2	10
0	43504.896	43510.099	43504896 43510099	5	-1.7250450381836	correct	2	13
3	43503.596	43503.832	43503596 43503832	5	0.293237447653286	false negative	2	8
0	43503.85	43504.148	43503850 43504148	5	0.293237447653286	correct	2	10
0	43504.896	43510.099	43504896 43510099	5	0.293237447653286	correct	2	13
3	43503.596	43503.832	43503596 43503832	5	Inf	false negative	2	8
3	43503.85	43504.148	43503850 43504148	5	Inf	false negative	2	11
0	43504.896	43510.099	43504896 43510099	5	Inf	correct	2	13
1	43448.817	43449.759	43448817 43449759	-5	-Inf	false positive	3	2
1	43449.894	43451.105	43449894 43451105	-5	-Inf	false positive	3	4
1	43451.457	43455.122	43451457 43455122	-5	-Inf	false positive	3	6
1	43448.817	43449.759	43448817 43449759	-5	-3.5987564321254	false positive	3	2
1	43449.894	43451.105	43449894 43451105	-5	-3.5987564321254	false positive	3	4
1	43451.457	43455.122	43451457 43455122	-5	-3.5987564321254	false positive	3	6
1	43448.817	43449.759	43448817 43449759	-5	-2.87110214393305	false positive	3	2
1	43449.894	43451.105	43449894 43451105	-5	-2.87110214393305	false positive	3	4
1	43451.457	43455.122	43451457 43455122	-5	-2.87110214393305	false positive	3	6
1	43448.817	43449.759	43448817 43449759	-5	-2.524465240576	false positive	3	2
1	43449.894	43451.105	43449894 43451105	-5	-2.524465240576	false positive	3	4
1	43451.457	43455.122	43451457 43455122	-5	-2.524465240576	false positive	3	6
1	43448.817	43449.759	43448817 43449759	-5	-1.7250450381836	false positive	3	2
1	43449.894	43451.105	43449894 43451105	-5	-1.7250450381836	false positive	3	4
1	43451.457	43455.122	43451457 43455122	-5	-1.7250450381836	false positive	3	6
1	43448.817	43449.759	43448817 43449759	-5	-0.0126575242852369	false positive	3	2
1	43449.894	43451.105	43449894 43451105	-5	-0.0126575242852369	false positive	3	4
1	43451.457	43455.122	43451457 43455122	-5	-0.0126575242852369	false positive	3	6
1	43448.817	43449.759	43448817 43449759	-5	1.26988692973461	false positive	3	2
1	43449.894	43451.105	43449894 43451105	-5	1.26988692973461	false positive	3	4
1	43451.457	43455.122	43451457 43455122	-5	1.26988692973461	false positive	3	6
1	43448.817	43449.759	43448817 43449759	-5	1.71885391825865	false positive	3	2
1	43449.894	43451.105	43449894 43451105	-5	1.71885391825865	false positive	3	4
1	43451.457	43455.122	43451457 43455122	-5	1.71885391825865	false positive	3	6
1	43448.817	43449.759	43448817 43449759	-5	2.20830916989523	false positive	3	2
0	43449.894	43451.105	43449894 43451105	-5	2.20830916989523	correct	3	3
0	43451.457	43455.122	43451457 43455122	-5	2.20830916989523	correct	3	5
1	43448.817	43449.759	43448817 43449759	-5	2.92562278092917	false positive	3	2
0	43449.894	43451.105	43449894 43451105	-5	2.92562278092917	correct	3	3
0	43451.457	43455.122	43451457 43455122	-5	2.92562278092917	correct	3	5
1	43448.817	43449.759	43448817 43449759	-5	3.95283511716953	false positive	3	2
0	43449.894	43451.105	43449894 43451105	-5	3.95283511716953	correct	3	3
0	43451.457	43455.122	43451457 43455122	-5	3.95283511716953	correct	3	5
0	43448.817	43449.759	43448817 43449759	-5	5.45202555736225	correct	3	1
0	43449.894	43451.105	43449894 43451105	-5	5.45202555736225	correct	3	3
0	43451.457	43455.122	43451457 43455122	-5	5.45202555736225	correct	3	5
0	43448.817	43449.759	43448817 43449759	-5	Inf	correct	3	1
0	43449.894	43451.105	43449894 43451105	-5	Inf	correct	3	3
0	43451.457	43455.122	43451457 43455122	-5	Inf	correct	3	5
1	43448.817	43449.759	43448817 43449759	-4.8	-Inf	false positive	3	2
1	43449.894	43451.105	43449894 43451105	-4.8	-Inf	false positive	3	4
1	43451.457	43455.122	43451457 43455122	-4.8	-Inf	false positive	3	6
1	43448.817	43449.759	43448817 43449759	-4.8	-3.5987564321254	false positive	3	2
1	43449.894	43451.105	43449894 43451105	-4.8	-3.5987564321254	false positive	3	4
1	43451.457	43455.122	43451457 43455122	-4.8	-3.5987564321254	false positive	3	6
1	43448.817	43449.759	43448817 43449759	-4.8	-2.87110214393305	false positive	3	2
1	43449.894	43451.105	43449894 43451105	-4.8	-2.87110214393305	false positive	3	4
1	43451.457	43455.122	43451457 43455122	-4.8	-2.87110214393305	false positive	3	6
1	43448.817	43449.759	43448817 43449759	-4.8	-2.524465240576	false positive	3	2
1	43449.894	43451.105	43449894 43451105	-4.8	-2.524465240576	false positive	3	4
1	43451.457	43455.122	43451457 43455122	-4.8	-2.524465240576	false positive	3	6
1	43448.817	43449.759	43448817 43449759	-4.8	-1.7250450381836	false positive	3	2
1	43449.894	43451.105	43449894 43451105	-4.8	-1.7250450381836	false positive	3	4
1	43451.457	43455.122	43451457 43455122	-4.8	-1.7250450381836	false positive	3	6
1	43448.817	43449.759	43448817 43449759	-4.8	-0.112657524285237	false positive	3	2
1	43449.894	43451.105	43449894 43451105	-4.8	-0.112657524285237	false positive	3	4
1	43451.457	43455.122	43451457 43455122	-4.8	-0.112657524285237	false positive	3	6
1	43448.817	43449.759	43448817 43449759	-4.8	1.16988692973461	false positive	3	2
1	43449.894	43451.105	43449894 43451105	-4.8	1.16988692973461	false positive	3	4
1	43451.457	43455.122	43451457 43455122	-4.8	1.16988692973461	false positive	3	6
1	43448.817	43449.759	43448817 43449759	-4.8	1.61885391825865	false positive	3	2
1	43449.894	43451.105	43449894 43451105	-4.8	1.61885391825865	false positive	3	4
1	43451.457	43455.122	43451457 43455122	-4.8	1.61885391825865	false positive	3	6
1	43448.817	43449.759	43448817 43449759	-4.8	2.00830916989523	false positive	3	2
0	43449.894	43451.105	43449894 43451105	-4.8	2.00830916989523	correct	3	3
0	43451.457	43455.122	43451457 43455122	-4.8	2.00830916989523	correct	3	5
1	43448.817	43449.759	43448817 43449759	-4.8	2.72562278092917	false positive	3	2
0	43449.894	43451.105	43449894 43451105	-4.8	2.72562278092917	correct	3	3
0	43451.457	43455.122	43451457 43455122	-4.8	2.72562278092917	correct	3	5
1	43448.817	43449.759	43448817 43449759	-4.8	3.75283511716953	false positive	3	2
0	43449.894	43451.105	43449894 43451105	-4.8	3.75283511716953	correct	3	3
0	43451.457	43455.122	43451457 43455122	-4.8	3.75283511716953	correct	3	5
0	43448.817	43449.759	43448817 43449759	-4.8	5.25202555736225	correct	3	1
0	43449.894	43451.105	43449894 43451105	-4.8	5.25202555736225	correct	3	3
0	43451.457	43455.122	43451457 43455122	-4.8	5.25202555736225	correct	3	5
0	43448.817	43449.759	43448817 43449759	-4.8	Inf	correct	3	1
0	43449.894	43451.105	43449894 43451105	-4.8	Inf	correct	3	3
0	43451.457	43455.122	43451457 43455122	-4.8	Inf	correct	3	5
1	43448.817	43449.759	43448817 43449759	-4.6	-Inf	false positive	3	2
1	43449.894	43451.105	43449894 43451105	-4.6	-Inf	false positive	3	4
1	43451.457	43455.122	43451457 43455122	-4.6	-Inf	false positive	3	6
1	43448.817	43449.759	43448817 43449759	-4.6	-3.5987564321254	false positive	3	2
1	43449.894	43451.105	43449894 43451105	-4.6	-3.5987564321254	false positive	3	4
1	43451.457	43455.122	43451457 43455122	-4.6	-3.5987564321254	false positive	3	6
1	43448.817	43449.759	43448817 43449759	-4.6	-2.87110214393305	false positive	3	2
1	43449.894	43451.105	43449894 43451105	-4.6	-2.87110214393305	false positive	3	4
1	43451.457	43455.122	43451457 43455122	-4.6	-2.87110214393305	false positive	3	6
1	43448.817	43449.759	43448817 43449759	-4.6	-2.524465240576	false positive	3	2
1	43449.894	43451.105	43449894 43451105	-4.6	-2.524465240576	false positive	3	4
1	43451.457	43455.122	43451457 43455122	-4.6	-2.524465240576	false positive	3	6
1	43448.817	43449.759	43448817 43449759	-4.6	-1.7250450381836	false positive	3	2
1	43449.894	43451.105	43449894 43451105	-4.6	-1.7250450381836	false positive	3	4
1	43451.457	43455.122	43451457 43455122	-4.6	-1.7250450381836	false positive	3	6
1	43448.817	43449.759	43448817 43449759	-4.6	-0.212657524285237	false positive	3	2
1	43449.894	43451.105	43449894 43451105	-4.6	-0.212657524285237	false positive	3	4
1	43451.457	43455.122	43451457 43455122	-4.6	-0.212657524285237	false positive	3	6
1	43448.817	43449.759	43448817 43449759	-4.6	1.01295894632013	false positive	3	2
1	43449.894	43451.105	43449894 43451105	-4.6	1.01295894632013	false positive	3	4
1	43451.457	43455.122	43451457 43455122	-4.6	1.01295894632013	false positive	3	6
1	43448.817	43449.759	43448817 43449759	-4.6	1.51885391825865	false positive	3	2
0	43449.894	43451.105	43449894 43451105	-4.6	1.51885391825865	correct	3	3
0	43451.457	43455.122	43451457 43455122	-4.6	1.51885391825865	correct	3	5
1	43448.817	43449.759	43448817 43449759	-4.6	1.86523715330971	false positive	3	2
0	43449.894	43451.105	43449894 43451105	-4.6	1.86523715330971	correct	3	3
0	43451.457	43455.122	43451457 43455122	-4.6	1.86523715330971	correct	3	5
1	43448.817	43449.759	43448817 43449759	-4.6	2.52562278092917	false positive	3	2
0	43449.894	43451.105	43449894 43451105	-4.6	2.52562278092917	correct	3	3
0	43451.457	43455.122	43451457 43455122	-4.6	2.52562278092917	correct	3	5
1	43448.817	43449.759	43448817 43449759	-4.6	3.55283511716953	false positive	3	2
0	43449.894	43451.105	43449894 43451105	-4.6	3.55283511716953	correct	3	3
0	43451.457	43455.122	43451457 43455122	-4.6	3.55283511716953	correct	3	5
0	43448.817	43449.759	43448817 43449759	-4.6	5.05202555736225	correct	3	1
0	43449.894	43451.105	43449894 43451105	-4.6	5.05202555736225	correct	3	3
0	43451.457	43455.122	43451457 43455122	-4.6	5.05202555736225	correct	3	5
0	43448.817	43449.759	43448817 43449759	-4.6	Inf	correct	3	1
0	43449.894	43451.105	43449894 43451105	-4.6	Inf	correct	3	3
0	43451.457	43455.122	43451457 43455122	-4.6	Inf	correct	3	5
1	43448.817	43449.759	43448817 43449759	-4.4	-Inf	false positive	3	2
1	43449.894	43451.105	43449894 43451105	-4.4	-Inf	false positive	3	4
1	43451.457	43455.122	43451457 43455122	-4.4	-Inf	false positive	3	6
1	43448.817	43449.759	43448817 43449759	-4.4	-3.5987564321254	false positive	3	2
1	43449.894	43451.105	43449894 43451105	-4.4	-3.5987564321254	false positive	3	4
1	43451.457	43455.122	43451457 43455122	-4.4	-3.5987564321254	false positive	3	6
1	43448.817	43449.759	43448817 43449759	-4.4	-2.87110214393305	false positive	3	2
1	43449.894	43451.105	43449894 43451105	-4.4	-2.87110214393305	false positive	3	4
1	43451.457	43455.122	43451457 43455122	-4.4	-2.87110214393305	false positive	3	6
1	43448.817	43449.759	43448817 43449759	-4.4	-2.524465240576	false positive	3	2
1	43449.894	43451.105	43449894 43451105	-4.4	-2.524465240576	false positive	3	4
1	43451.457	43455.122	43451457 43455122	-4.4	-2.524465240576	false positive	3	6
1	43448.817	43449.759	43448817 43449759	-4.4	-1.7250450381836	false positive	3	2
1	43449.894	43451.105	43449894 43451105	-4.4	-1.7250450381836	false positive	3	4
1	43451.457	43455.122	43451457 43455122	-4.4	-1.7250450381836	false positive	3	6
1	43448.817	43449.759	43448817 43449759	-4.4	-0.312657524285237	false positive	3	2
1	43449.894	43451.105	43449894 43451105	-4.4	-0.312657524285237	false positive	3	4
1	43451.457	43455.122	43451457 43455122	-4.4	-0.312657524285237	false positive	3	6
1	43448.817	43449.759	43448817 43449759	-4.4	0.812958946320131	false positive	3	2
1	43449.894	43451.105	43449894 43451105	-4.4	0.812958946320131	false positive	3	4
1	43451.457	43455.122	43451457 43455122	-4.4	0.812958946320131	false positive	3	6
1	43448.817	43449.759	43448817 43449759	-4.4	1.41885391825865	false positive	3	2
0	43449.894	43451.105	43449894 43451105	-4.4	1.41885391825865	correct	3	3
0	43451.457	43455.122	43451457 43455122	-4.4	1.41885391825865	correct	3	5
1	43448.817	43449.759	43448817 43449759	-4.4	1.76523715330971	false positive	3	2
0	43449.894	43451.105	43449894 43451105	-4.4	1.76523715330971	correct	3	3
0	43451.457	43455.122	43451457 43455122	-4.4	1.76523715330971	correct	3	5
1	43448.817	43449.759	43448817 43449759	-4.4	2.32562278092917	false positive	3	2
0	43449.894	43451.105	43449894 43451105	-4.4	2.32562278092917	correct	3	3
0	43451.457	43455.122	43451457 43455122	-4.4	2.32562278092917	correct	3	5
1	43448.817	43449.759	43448817 43449759	-4.4	3.35283511716953	false positive	3	2
0	43449.894	43451.105	43449894 43451105	-4.4	3.35283511716953	correct	3	3
0	43451.457	43455.122	43451457 43455122	-4.4	3.35283511716953	correct	3	5
0	43448.817	43449.759	43448817 43449759	-4.4	4.85202555736225	correct	3	1
0	43449.894	43451.105	43449894 43451105	-4.4	4.85202555736225	correct	3	3
0	43451.457	43455.122	43451457 43455122	-4.4	4.85202555736225	correct	3	5
0	43448.817	43449.759	43448817 43449759	-4.4	Inf	correct	3	1
0	43449.894	43451.105	43449894 43451105	-4.4	Inf	correct	3	3
0	43451.457	43455.122	43451457 43455122	-4.4	Inf	correct	3	5
1	43448.817	43449.759	43448817 43449759	-4.2	-Inf	false positive	3	2
1	43449.894	43451.105	43449894 43451105	-4.2	-Inf	false positive	3	4
1	43451.457	43455.122	43451457 43455122	-4.2	-Inf	false positive	3	6
1	43448.817	43449.759	43448817 43449759	-4.2	-3.5987564321254	false positive	3	2
1	43449.894	43451.105	43449894 43451105	-4.2	-3.5987564321254	false positive	3	4
1	43451.457	43455.122	43451457 43455122	-4.2	-3.5987564321254	false positive	3	6
1	43448.817	43449.759	43448817 43449759	-4.2	-2.87110214393305	false positive	3	2
1	43449.894	43451.105	43449894 43451105	-4.2	-2.87110214393305	false positive	3	4
1	43451.457	43455.122	43451457 43455122	-4.2	-2.87110214393305	false positive	3	6
1	43448.817	43449.759	43448817 43449759	-4.2	-2.524465240576	false positive	3	2
1	43449.894	43451.105	43449894 43451105	-4.2	-2.524465240576	false positive	3	4
1	43451.457	43455.122	43451457 43455122	-4.2	-2.524465240576	false positive	3	6
1	43448.817	43449.759	43448817 43449759	-4.2	-1.7250450381836	false positive	3	2
1	43449.894	43451.105	43449894 43451105	-4.2	-1.7250450381836	false positive	3	4
1	43451.457	43455.122	43451457 43455122	-4.2	-1.7250450381836	false positive	3	6
1	43448.817	43449.759	43448817 43449759	-4.2	-0.412657524285237	false positive	3	2
1	43449.894	43451.105	43449894 43451105	-4.2	-0.412657524285237	false positive	3	4
1	43451.457	43455.122	43451457 43455122	-4.2	-0.412657524285237	false positive	3	6
1	43448.817	43449.759	43448817 43449759	-4.2	0.612958946320131	false positive	3	2
1	43449.894	43451.105	43449894 43451105	-4.2	0.612958946320131	false positive	3	4
1	43451.457	43455.122	43451457 43455122	-4.2	0.612958946320131	false positive	3	6
1	43448.817	43449.759	43448817 43449759	-4.2	1.31885391825865	false positive	3	2
0	43449.894	43451.105	43449894 43451105	-4.2	1.31885391825865	correct	3	3
0	43451.457	43455.122	43451457 43455122	-4.2	1.31885391825865	correct	3	5
1	43448.817	43449.759	43448817 43449759	-4.2	1.66523715330971	false positive	3	2
0	43449.894	43451.105	43449894 43451105	-4.2	1.66523715330971	correct	3	3
0	43451.457	43455.122	43451457 43455122	-4.2	1.66523715330971	correct	3	5
1	43448.817	43449.759	43448817 43449759	-4.2	2.12562278092917	false positive	3	2
0	43449.894	43451.105	43449894 43451105	-4.2	2.12562278092917	correct	3	3
0	43451.457	43455.122	43451457 43455122	-4.2	2.12562278092917	correct	3	5
1	43448.817	43449.759	43448817 43449759	-4.2	3.15283511716953	false positive	3	2
0	43449.894	43451.105	43449894 43451105	-4.2	3.15283511716953	correct	3	3
0	43451.457	43455.122	43451457 43455122	-4.2	3.15283511716953	correct	3	5
0	43448.817	43449.759	43448817 43449759	-4.2	4.65202555736225	correct	3	1
0	43449.894	43451.105	43449894 43451105	-4.2	4.65202555736225	correct	3	3
0	43451.457	43455.122	43451457 43455122	-4.2	4.65202555736225	correct	3	5
0	43448.817	43449.759	43448817 43449759	-4.2	Inf	correct	3	1
0	43449.894	43451.105	43449894 43451105	-4.2	Inf	correct	3	3
0	43451.457	43455.122	43451457 43455122	-4.2	Inf	correct	3	5
1	43448.817	43449.759	43448817 43449759	-4	-Inf	false positive	3	2
1	43449.894	43451.105	43449894 43451105	-4	-Inf	false positive	3	4
1	43451.457	43455.122	43451457 43455122	-4	-Inf	false positive	3	6
1	43448.817	43449.759	43448817 43449759	-4	-3.5987564321254	false positive	3	2
1	43449.894	43451.105	43449894 43451105	-4	-3.5987564321254	false positive	3	4
1	43451.457	43455.122	43451457 43455122	-4	-3.5987564321254	false positive	3	6
1	43448.817	43449.759	43448817 43449759	-4	-2.87110214393305	false positive	3	2
1	43449.894	43451.105	43449894 43451105	-4	-2.87110214393305	false positive	3	4
1	43451.457	43455.122	43451457 43455122	-4	-2.87110214393305	false positive	3	6
1	43448.817	43449.759	43448817 43449759	-4	-2.524465240576	false positive	3	2
1	43449.894	43451.105	43449894 43451105	-4	-2.524465240576	false positive	3	4
1	43451.457	43455.122	43451457 43455122	-4	-2.524465240576	false positive	3	6
1	43448.817	43449.759	43448817 43449759	-4	-1.7250450381836	false positive	3	2
1	43449.894	43451.105	43449894 43451105	-4	-1.7250450381836	false positive	3	4
1	43451.457	43455.122	43451457 43455122	-4	-1.7250450381836	false positive	3	6
1	43448.817	43449.759	43448817 43449759	-4	-0.512657524285237	false positive	3	2
1	43449.894	43451.105	43449894 43451105	-4	-0.512657524285237	false positive	3	4
1	43451.457	43455.122	43451457 43455122	-4	-0.512657524285237	false positive	3	6
1	43448.817	43449.759	43448817 43449759	-4	0.412958946320131	false positive	3	2
1	43449.894	43451.105	43449894 43451105	-4	0.412958946320131	false positive	3	4
1	43451.457	43455.122	43451457 43455122	-4	0.412958946320131	false positive	3	6
1	43448.817	43449.759	43448817 43449759	-4	1.20830916989523	false positive	3	2
0	43449.894	43451.105	43449894 43451105	-4	1.20830916989523	correct	3	3
0	43451.457	43455.122	43451457 43455122	-4	1.20830916989523	correct	3	5
1	43448.817	43449.759	43448817 43449759	-4	1.56523715330971	false positive	3	2
0	43449.894	43451.105	43449894 43451105	-4	1.56523715330971	correct	3	3
0	43451.457	43455.122	43451457 43455122	-4	1.56523715330971	correct	3	5
1	43448.817	43449.759	43448817 43449759	-4	1.9361675292926	false positive	3	2
0	43449.894	43451.105	43449894 43451105	-4	1.9361675292926	correct	3	3
0	43451.457	43455.122	43451457 43455122	-4	1.9361675292926	correct	3	5
1	43448.817	43449.759	43448817 43449759	-4	2.95283511716953	false positive	3	2
0	43449.894	43451.105	43449894 43451105	-4	2.95283511716953	correct	3	3
0	43451.457	43455.122	43451457 43455122	-4	2.95283511716953	correct	3	5
0	43448.817	43449.759	43448817 43449759	-4	4.45202555736225	correct	3	1
0	43449.894	43451.105	43449894 43451105	-4	4.45202555736225	correct	3	3
0	43451.457	43455.122	43451457 43455122	-4	4.45202555736225	correct	3	5
0	43448.817	43449.759	43448817 43449759	-4	Inf	correct	3	1
0	43449.894	43451.105	43449894 43451105	-4	Inf	correct	3	3
0	43451.457	43455.122	43451457 43455122	-4	Inf	correct	3	5
1	43448.817	43449.759	43448817 43449759	-3.8	-Inf	false positive	3	2
1	43449.894	43451.105	43449894 43451105	-3.8	-Inf	false positive	3	4
1	43451.457	43455.122	43451457 43455122	-3.8	-Inf	false positive	3	6
1	43448.817	43449.759	43448817 43449759	-3.8	-3.5987564321254	false positive	3	2
1	43449.894	43451.105	43449894 43451105	-3.8	-3.5987564321254	false positive	3	4
1	43451.457	43455.122	43451457 43455122	-3.8	-3.5987564321254	false positive	3	6
1	43448.817	43449.759	43448817 43449759	-3.8	-2.87110214393305	false positive	3	2
1	43449.894	43451.105	43449894 43451105	-3.8	-2.87110214393305	false positive	3	4
1	43451.457	43455.122	43451457 43455122	-3.8	-2.87110214393305	false positive	3	6
1	43448.817	43449.759	43448817 43449759	-3.8	-2.524465240576	false positive	3	2
1	43449.894	43451.105	43449894 43451105	-3.8	-2.524465240576	false positive	3	4
1	43451.457	43455.122	43451457 43455122	-3.8	-2.524465240576	false positive	3	6
1	43448.817	43449.759	43448817 43449759	-3.8	-1.7250450381836	false positive	3	2
1	43449.894	43451.105	43449894 43451105	-3.8	-1.7250450381836	false positive	3	4
1	43451.457	43455.122	43451457 43455122	-3.8	-1.7250450381836	false positive	3	6
1	43448.817	43449.759	43448817 43449759	-3.8	-0.612657524285237	false positive	3	2
1	43449.894	43451.105	43449894 43451105	-3.8	-0.612657524285237	false positive	3	4
1	43451.457	43455.122	43451457 43455122	-3.8	-0.612657524285237	false positive	3	6
1	43448.817	43449.759	43448817 43449759	-3.8	0.212958946320131	false positive	3	2
1	43449.894	43451.105	43449894 43451105	-3.8	0.212958946320131	false positive	3	4
1	43451.457	43455.122	43451457 43455122	-3.8	0.212958946320131	false positive	3	6
1	43448.817	43449.759	43448817 43449759	-3.8	1.00830916989523	false positive	3	2
0	43449.894	43451.105	43449894 43451105	-3.8	1.00830916989523	correct	3	3
0	43451.457	43455.122	43451457 43455122	-3.8	1.00830916989523	correct	3	5
1	43448.817	43449.759	43448817 43449759	-3.8	1.46523715330971	false positive	3	2
0	43449.894	43451.105	43449894 43451105	-3.8	1.46523715330971	correct	3	3
0	43451.457	43455.122	43451457 43455122	-3.8	1.46523715330971	correct	3	5
1	43448.817	43449.759	43448817 43449759	-3.8	1.8361675292926	false positive	3	2
0	43449.894	43451.105	43449894 43451105	-3.8	1.8361675292926	correct	3	3
0	43451.457	43455.122	43451457 43455122	-3.8	1.8361675292926	correct	3	5
1	43448.817	43449.759	43448817 43449759	-3.8	2.75283511716953	false positive	3	2
0	43449.894	43451.105	43449894 43451105	-3.8	2.75283511716953	correct	3	3
0	43451.457	43455.122	43451457 43455122	-3.8	2.75283511716953	correct	3	5
0	43448.817	43449.759	43448817 43449759	-3.8	4.25202555736225	correct	3	1
0	43449.894	43451.105	43449894 43451105	-3.8	4.25202555736225	correct	3	3
0	43451.457	43455.122	43451457 43455122	-3.8	4.25202555736225	correct	3	5
0	43448.817	43449.759	43448817 43449759	-3.8	Inf	correct	3	1
0	43449.894	43451.105	43449894 43451105	-3.8	Inf	correct	3	3
0	43451.457	43455.122	43451457 43455122	-3.8	Inf	correct	3	5
1	43448.817	43449.759	43448817 43449759	-3.6	-Inf	false positive	3	2
1	43449.894	43451.105	43449894 43451105	-3.6	-Inf	false positive	3	4
1	43451.457	43455.122	43451457 43455122	-3.6	-Inf	false positive	3	6
1	43448.817	43449.759	43448817 43449759	-3.6	-3.5987564321254	false positive	3	2
1	43449.894	43451.105	43449894 43451105	-3.6	-3.5987564321254	false positive	3	4
1	43451.457	43455.122	43451457 43455122	-3.6	-3.5987564321254	false positive	3	6
1	43448.817	43449.759	43448817 43449759	-3.6	-2.87110214393305	false positive	3	2
1	43449.894	43451.105	43449894 43451105	-3.6	-2.87110214393305	false positive	3	4
1	43451.457	43455.122	43451457 43455122	-3.6	-2.87110214393305	false positive	3	6
1	43448.817	43449.759	43448817 43449759	-3.6	-2.524465240576	false positive	3	2
1	43449.894	43451.105	43449894 43451105	-3.6	-2.524465240576	false positive	3	4
1	43451.457	43455.122	43451457 43455122	-3.6	-2.524465240576	false positive	3	6
1	43448.817	43449.759	43448817 43449759	-3.6	-1.7250450381836	false positive	3	2
1	43449.894	43451.105	43449894 43451105	-3.6	-1.7250450381836	false positive	3	4
1	43451.457	43455.122	43451457 43455122	-3.6	-1.7250450381836	false positive	3	6
1	43448.817	43449.759	43448817 43449759	-3.6	-0.712657524285237	false positive	3	2
1	43449.894	43451.105	43449894 43451105	-3.6	-0.712657524285237	false positive	3	4
1	43451.457	43455.122	43451457 43455122	-3.6	-0.712657524285237	false positive	3	6
1	43448.817	43449.759	43448817 43449759	-3.6	0.0129589463201305	false positive	3	2
1	43449.894	43451.105	43449894 43451105	-3.6	0.0129589463201305	false positive	3	4
1	43451.457	43455.122	43451457 43455122	-3.6	0.0129589463201305	false positive	3	6
1	43448.817	43449.759	43448817 43449759	-3.6	0.808309169895229	false positive	3	2
0	43449.894	43451.105	43449894 43451105	-3.6	0.808309169895229	correct	3	3
0	43451.457	43455.122	43451457 43455122	-3.6	0.808309169895229	correct	3	5
1	43448.817	43449.759	43448817 43449759	-3.6	1.36523715330971	false positive	3	2
0	43449.894	43451.105	43449894 43451105	-3.6	1.36523715330971	correct	3	3
0	43451.457	43455.122	43451457 43455122	-3.6	1.36523715330971	correct	3	5
1	43448.817	43449.759	43448817 43449759	-3.6	1.7361675292926	false positive	3	2
0	43449.894	43451.105	43449894 43451105	-3.6	1.7361675292926	correct	3	3
0	43451.457	43455.122	43451457 43455122	-3.6	1.7361675292926	correct	3	5
1	43448.817	43449.759	43448817 43449759	-3.6	2.55283511716953	false positive	3	2
0	43449.894	43451.105	43449894 43451105	-3.6	2.55283511716953	correct	3	3
0	43451.457	43455.122	43451457 43455122	-3.6	2.55283511716953	correct	3	5
0	43448.817	43449.759	43448817 43449759	-3.6	4.05202555736225	correct	3	1
0	43449.894	43451.105	43449894 43451105	-3.6	4.05202555736225	correct	3	3
0	43451.457	43455.122	43451457 43455122	-3.6	4.05202555736225	correct	3	5
0	43448.817	43449.759	43448817 43449759	-3.6	Inf	correct	3	1
0	43449.894	43451.105	43449894 43451105	-3.6	Inf	correct	3	3
0	43451.457	43455.122	43451457 43455122	-3.6	Inf	correct	3	5
1	43448.817	43449.759	43448817 43449759	-3.4	-Inf	false positive	3	2
1	43449.894	43451.105	43449894 43451105	-3.4	-Inf	false positive	3	4
1	43451.457	43455.122	43451457 43455122	-3.4	-Inf	false positive	3	6
1	43448.817	43449.759	43448817 43449759	-3.4	-3.5987564321254	false positive	3	2
1	43449.894	43451.105	43449894 43451105	-3.4	-3.5987564321254	false positive	3	4
1	43451.457	43455.122	43451457 43455122	-3.4	-3.5987564321254	false positive	3	6
1	43448.817	43449.759	43448817 43449759	-3.4	-2.87110214393305	false positive	3	2
1	43449.894	43451.105	43449894 43451105	-3.4	-2.87110214393305	false positive	3	4
1	43451.457	43455.122	43451457 43455122	-3.4	-2.87110214393305	false positive	3	6
1	43448.817	43449.759	43448817 43449759	-3.4	-2.524465240576	false positive	3	2
1	43449.894	43451.105	43449894 43451105	-3.4	-2.524465240576	false positive	3	4
1	43451.457	43455.122	43451457 43455122	-3.4	-2.524465240576	false positive	3	6
1	43448.817	43449.759	43448817 43449759	-3.4	-1.7250450381836	false positive	3	2
1	43449.894	43451.105	43449894 43451105	-3.4	-1.7250450381836	false positive	3	4
1	43451.457	43455.122	43451457 43455122	-3.4	-1.7250450381836	false positive	3	6
1	43448.817	43449.759	43448817 43449759	-3.4	-0.812657524285237	false positive	3	2
1	43449.894	43451.105	43449894 43451105	-3.4	-0.812657524285237	false positive	3	4
1	43451.457	43455.122	43451457 43455122	-3.4	-0.812657524285237	false positive	3	6
1	43448.817	43449.759	43448817 43449759	-3.4	-0.187041053679869	false positive	3	2
1	43449.894	43451.105	43449894 43451105	-3.4	-0.187041053679869	false positive	3	4
1	43451.457	43455.122	43451457 43455122	-3.4	-0.187041053679869	false positive	3	6
1	43448.817	43449.759	43448817 43449759	-3.4	0.60830916989523	false positive	3	2
0	43449.894	43451.105	43449894 43451105	-3.4	0.60830916989523	correct	3	3
0	43451.457	43455.122	43451457 43455122	-3.4	0.60830916989523	correct	3	5
1	43448.817	43449.759	43448817 43449759	-3.4	1.26523715330971	false positive	3	2
0	43449.894	43451.105	43449894 43451105	-3.4	1.26523715330971	correct	3	3
0	43451.457	43455.122	43451457 43455122	-3.4	1.26523715330971	correct	3	5
1	43448.817	43449.759	43448817 43449759	-3.4	1.6361675292926	false positive	3	2
0	43449.894	43451.105	43449894 43451105	-3.4	1.6361675292926	correct	3	3
0	43451.457	43455.122	43451457 43455122	-3.4	1.6361675292926	correct	3	5
1	43448.817	43449.759	43448817 43449759	-3.4	2.35283511716953	false positive	3	2
0	43449.894	43451.105	43449894 43451105	-3.4	2.35283511716953	correct	3	3
0	43451.457	43455.122	43451457 43455122	-3.4	2.35283511716953	correct	3	5
0	43448.817	43449.759	43448817 43449759	-3.4	3.85202555736225	correct	3	1
0	43449.894	43451.105	43449894 43451105	-3.4	3.85202555736225	correct	3	3
0	43451.457	43455.122	43451457 43455122	-3.4	3.85202555736225	correct	3	5
0	43448.817	43449.759	43448817 43449759	-3.4	Inf	correct	3	1
0	43449.894	43451.105	43449894 43451105	-3.4	Inf	correct	3	3
0	43451.457	43455.122	43451457 43455122	-3.4	Inf	correct	3	5
1	43448.817	43449.759	43448817 43449759	-3.2	-Inf	false positive	3	2
1	43449.894	43451.105	43449894 43451105	-3.2	-Inf	false positive	3	4
1	43451.457	43455.122	43451457 43455122	-3.2	-Inf	false positive	3	6
1	43448.817	43449.759	43448817 43449759	-3.2	-3.5987564321254	false positive	3	2
1	43449.894	43451.105	43449894 43451105	-3.2	-3.5987564321254	false positive	3	4
1	43451.457	43455.122	43451457 43455122	-3.2	-3.5987564321254	false positive	3	6
1	43448.817	43449.759	43448817 43449759	-3.2	-2.87110214393305	false positive	3	2
1	43449.894	43451.105	43449894 43451105	-3.2	-2.87110214393305	false positive	3	4
1	43451.457	43455.122	43451457 43455122	-3.2	-2.87110214393305	false positive	3	6
1	43448.817	43449.759	43448817 43449759	-3.2	-2.524465240576	false positive	3	2
1	43449.894	43451.105	43449894 43451105	-3.2	-2.524465240576	false positive	3	4
1	43451.457	43455.122	43451457 43455122	-3.2	-2.524465240576	false positive	3	6
1	43448.817	43449.759	43448817 43449759	-3.2	-1.7250450381836	false positive	3	2
1	43449.894	43451.105	43449894 43451105	-3.2	-1.7250450381836	false positive	3	4
1	43451.457	43455.122	43451457 43455122	-3.2	-1.7250450381836	false positive	3	6
1	43448.817	43449.759	43448817 43449759	-3.2	-0.912657524285237	false positive	3	2
1	43449.894	43451.105	43449894 43451105	-3.2	-0.912657524285237	false positive	3	4
1	43451.457	43455.122	43451457 43455122	-3.2	-0.912657524285237	false positive	3	6
1	43448.817	43449.759	43448817 43449759	-3.2	-0.387041053679869	false positive	3	2
1	43449.894	43451.105	43449894 43451105	-3.2	-0.387041053679869	false positive	3	4
1	43451.457	43455.122	43451457 43455122	-3.2	-0.387041053679869	false positive	3	6
1	43448.817	43449.759	43448817 43449759	-3.2	0.408309169895229	false positive	3	2
0	43449.894	43451.105	43449894 43451105	-3.2	0.408309169895229	correct	3	3
0	43451.457	43455.122	43451457 43455122	-3.2	0.408309169895229	correct	3	5
1	43448.817	43449.759	43448817 43449759	-3.2	1.12562278092917	false positive	3	2
0	43449.894	43451.105	43449894 43451105	-3.2	1.12562278092917	correct	3	3
0	43451.457	43455.122	43451457 43455122	-3.2	1.12562278092917	correct	3	5
1	43448.817	43449.759	43448817 43449759	-3.2	1.5361675292926	false positive	3	2
0	43449.894	43451.105	43449894 43451105	-3.2	1.5361675292926	correct	3	3
0	43451.457	43455.122	43451457 43455122	-3.2	1.5361675292926	correct	3	5
1	43448.817	43449.759	43448817 43449759	-3.2	2.19244948955007	false positive	3	2
0	43449.894	43451.105	43449894 43451105	-3.2	2.19244948955007	correct	3	3
0	43451.457	43455.122	43451457 43455122	-3.2	2.19244948955007	correct	3	5
0	43448.817	43449.759	43448817 43449759	-3.2	3.65202555736225	correct	3	1
0	43449.894	43451.105	43449894 43451105	-3.2	3.65202555736225	correct	3	3
0	43451.457	43455.122	43451457 43455122	-3.2	3.65202555736225	correct	3	5
0	43448.817	43449.759	43448817 43449759	-3.2	Inf	correct	3	1
0	43449.894	43451.105	43449894 43451105	-3.2	Inf	correct	3	3
0	43451.457	43455.122	43451457 43455122	-3.2	Inf	correct	3	5
1	43448.817	43449.759	43448817 43449759	-3	-Inf	false positive	3	2
1	43449.894	43451.105	43449894 43451105	-3	-Inf	false positive	3	4
1	43451.457	43455.122	43451457 43455122	-3	-Inf	false positive	3	6
1	43448.817	43449.759	43448817 43449759	-3	-3.5987564321254	false positive	3	2
1	43449.894	43451.105	43449894 43451105	-3	-3.5987564321254	false positive	3	4
1	43451.457	43455.122	43451457 43455122	-3	-3.5987564321254	false positive	3	6
1	43448.817	43449.759	43448817 43449759	-3	-2.87110214393305	false positive	3	2
1	43449.894	43451.105	43449894 43451105	-3	-2.87110214393305	false positive	3	4
1	43451.457	43455.122	43451457 43455122	-3	-2.87110214393305	false positive	3	6
1	43448.817	43449.759	43448817 43449759	-3	-2.524465240576	false positive	3	2
1	43449.894	43451.105	43449894 43451105	-3	-2.524465240576	false positive	3	4
1	43451.457	43455.122	43451457 43455122	-3	-2.524465240576	false positive	3	6
1	43448.817	43449.759	43448817 43449759	-3	-1.74839555610227	false positive	3	2
1	43449.894	43451.105	43449894 43451105	-3	-1.74839555610227	false positive	3	4
1	43451.457	43455.122	43451457 43455122	-3	-1.74839555610227	false positive	3	6
1	43448.817	43449.759	43448817 43449759	-3	-1.01265752428524	false positive	3	2
1	43449.894	43451.105	43449894 43451105	-3	-1.01265752428524	false positive	3	4
1	43451.457	43455.122	43451457 43455122	-3	-1.01265752428524	false positive	3	6
1	43448.817	43449.759	43448817 43449759	-3	-0.563690535761193	false positive	3	2
1	43449.894	43451.105	43449894 43451105	-3	-0.563690535761193	false positive	3	4
1	43451.457	43455.122	43451457 43455122	-3	-0.563690535761193	false positive	3	6
1	43448.817	43449.759	43448817 43449759	-3	0.208309169895229	false positive	3	2
0	43449.894	43451.105	43449894 43451105	-3	0.208309169895229	correct	3	3
0	43451.457	43455.122	43451457 43455122	-3	0.208309169895229	correct	3	5
1	43448.817	43449.759	43448817 43449759	-3	0.925622780929171	false positive	3	2
0	43449.894	43451.105	43449894 43451105	-3	0.925622780929171	correct	3	3
0	43451.457	43455.122	43451457 43455122	-3	0.925622780929171	correct	3	5
1	43448.817	43449.759	43448817 43449759	-3	1.4361675292926	false positive	3	2
0	43449.894	43451.105	43449894 43451105	-3	1.4361675292926	correct	3	3
0	43451.457	43455.122	43451457 43455122	-3	1.4361675292926	correct	3	5
1	43448.817	43449.759	43448817 43449759	-3	2.09244948955007	false positive	3	2
0	43449.894	43451.105	43449894 43451105	-3	2.09244948955007	correct	3	3
0	43451.457	43455.122	43451457 43455122	-3	2.09244948955007	correct	3	5
0	43448.817	43449.759	43448817 43449759	-3	3.45202555736225	correct	3	1
0	43449.894	43451.105	43449894 43451105	-3	3.45202555736225	correct	3	3
0	43451.457	43455.122	43451457 43455122	-3	3.45202555736225	correct	3	5
0	43448.817	43449.759	43448817 43449759	-3	Inf	correct	3	1
0	43449.894	43451.105	43449894 43451105	-3	Inf	correct	3	3
0	43451.457	43455.122	43451457 43455122	-3	Inf	correct	3	5
1	43448.817	43449.759	43448817 43449759	-2.8	-Inf	false positive	3	2
1	43449.894	43451.105	43449894 43451105	-2.8	-Inf	false positive	3	4
1	43451.457	43455.122	43451457 43455122	-2.8	-Inf	false positive	3	6
1	43448.817	43449.759	43448817 43449759	-2.8	-3.5987564321254	false positive	3	2
1	43449.894	43451.105	43449894 43451105	-2.8	-3.5987564321254	false positive	3	4
1	43451.457	43455.122	43451457 43455122	-2.8	-3.5987564321254	false positive	3	6
1	43448.817	43449.759	43448817 43449759	-2.8	-2.87110214393305	false positive	3	2
1	43449.894	43451.105	43449894 43451105	-2.8	-2.87110214393305	false positive	3	4
1	43451.457	43455.122	43451457 43455122	-2.8	-2.87110214393305	false positive	3	6
1	43448.817	43449.759	43448817 43449759	-2.8	-2.524465240576	false positive	3	2
1	43449.894	43451.105	43449894 43451105	-2.8	-2.524465240576	false positive	3	4
1	43451.457	43455.122	43451457 43455122	-2.8	-2.524465240576	false positive	3	6
1	43448.817	43449.759	43448817 43449759	-2.8	-1.84839555610227	false positive	3	2
1	43449.894	43451.105	43449894 43451105	-2.8	-1.84839555610227	false positive	3	4
1	43451.457	43455.122	43451457 43455122	-2.8	-1.84839555610227	false positive	3	6
1	43448.817	43449.759	43448817 43449759	-2.8	-1.11265752428524	false positive	3	2
1	43449.894	43451.105	43449894 43451105	-2.8	-1.11265752428524	false positive	3	4
1	43451.457	43455.122	43451457 43455122	-2.8	-1.11265752428524	false positive	3	6
1	43448.817	43449.759	43448817 43449759	-2.8	-0.663690535761193	false positive	3	2
1	43449.894	43451.105	43449894 43451105	-2.8	-0.663690535761193	false positive	3	4
1	43451.457	43455.122	43451457 43455122	-2.8	-0.663690535761193	false positive	3	6
1	43448.817	43449.759	43448817 43449759	-2.8	0.00830916989522912	false positive	3	2
0	43449.894	43451.105	43449894 43451105	-2.8	0.00830916989522912	correct	3	3
0	43451.457	43455.122	43451457 43455122	-2.8	0.00830916989522912	correct	3	5
1	43448.817	43449.759	43448817 43449759	-2.8	0.725622780929171	false positive	3	2
0	43449.894	43451.105	43449894 43451105	-2.8	0.725622780929171	correct	3	3
0	43451.457	43455.122	43451457 43455122	-2.8	0.725622780929171	correct	3	5
1	43448.817	43449.759	43448817 43449759	-2.8	1.3361675292926	false positive	3	2
0	43449.894	43451.105	43449894 43451105	-2.8	1.3361675292926	correct	3	3
0	43451.457	43455.122	43451457 43455122	-2.8	1.3361675292926	correct	3	5
1	43448.817	43449.759	43448817 43449759	-2.8	1.99244948955007	false positive	3	2
0	43449.894	43451.105	43449894 43451105	-2.8	1.99244948955007	correct	3	3
0	43451.457	43455.122	43451457 43455122	-2.8	1.99244948955007	correct	3	5
0	43448.817	43449.759	43448817 43449759	-2.8	3.25202555736225	correct	3	1
0	43449.894	43451.105	43449894 43451105	-2.8	3.25202555736225	correct	3	3
0	43451.457	43455.122	43451457 43455122	-2.8	3.25202555736225	correct	3	5
0	43448.817	43449.759	43448817 43449759	-2.8	Inf	correct	3	1
0	43449.894	43451.105	43449894 43451105	-2.8	Inf	correct	3	3
0	43451.457	43455.122	43451457 43455122	-2.8	Inf	correct	3	5
1	43448.817	43449.759	43448817 43449759	-2.6	-Inf	false positive	3	2
1	43449.894	43451.105	43449894 43451105	-2.6	-Inf	false positive	3	4
1	43451.457	43455.122	43451457 43455122	-2.6	-Inf	false positive	3	6
1	43448.817	43449.759	43448817 43449759	-2.6	-3.5987564321254	false positive	3	2
1	43449.894	43451.105	43449894 43451105	-2.6	-3.5987564321254	false positive	3	4
1	43451.457	43455.122	43451457 43455122	-2.6	-3.5987564321254	false positive	3	6
1	43448.817	43449.759	43448817 43449759	-2.6	-2.87110214393305	false positive	3	2
1	43449.894	43451.105	43449894 43451105	-2.6	-2.87110214393305	false positive	3	4
1	43451.457	43455.122	43451457 43455122	-2.6	-2.87110214393305	false positive	3	6
1	43448.817	43449.759	43448817 43449759	-2.6	-2.524465240576	false positive	3	2
1	43449.894	43451.105	43449894 43451105	-2.6	-2.524465240576	false positive	3	4
1	43451.457	43455.122	43451457 43455122	-2.6	-2.524465240576	false positive	3	6
1	43448.817	43449.759	43448817 43449759	-2.6	-1.94839555610227	false positive	3	2
1	43449.894	43451.105	43449894 43451105	-2.6	-1.94839555610227	false positive	3	4
1	43451.457	43455.122	43451457 43455122	-2.6	-1.94839555610227	false positive	3	6
1	43448.817	43449.759	43448817 43449759	-2.6	-1.21265752428524	false positive	3	2
1	43449.894	43451.105	43449894 43451105	-2.6	-1.21265752428524	false positive	3	4
1	43451.457	43455.122	43451457 43455122	-2.6	-1.21265752428524	false positive	3	6
1	43448.817	43449.759	43448817 43449759	-2.6	-0.763690535761193	false positive	3	2
1	43449.894	43451.105	43449894 43451105	-2.6	-0.763690535761193	false positive	3	4
1	43451.457	43455.122	43451457 43455122	-2.6	-0.763690535761193	false positive	3	6
1	43448.817	43449.759	43448817 43449759	-2.6	-0.191690830104771	false positive	3	2
0	43449.894	43451.105	43449894 43451105	-2.6	-0.191690830104771	correct	3	3
0	43451.457	43455.122	43451457 43455122	-2.6	-0.191690830104771	correct	3	5
1	43448.817	43449.759	43448817 43449759	-2.6	0.525622780929171	false positive	3	2
0	43449.894	43451.105	43449894 43451105	-2.6	0.525622780929171	correct	3	3
0	43451.457	43455.122	43451457 43455122	-2.6	0.525622780929171	correct	3	5
1	43448.817	43449.759	43448817 43449759	-2.6	1.2361675292926	false positive	3	2
0	43449.894	43451.105	43449894 43451105	-2.6	1.2361675292926	correct	3	3
0	43451.457	43455.122	43451457 43455122	-2.6	1.2361675292926	correct	3	5
1	43448.817	43449.759	43448817 43449759	-2.6	1.89244948955007	false positive	3	2
0	43449.894	43451.105	43449894 43451105	-2.6	1.89244948955007	correct	3	3
0	43451.457	43455.122	43451457 43455122	-2.6	1.89244948955007	correct	3	5
0	43448.817	43449.759	43448817 43449759	-2.6	3.05202555736225	correct	3	1
0	43449.894	43451.105	43449894 43451105	-2.6	3.05202555736225	correct	3	3
0	43451.457	43455.122	43451457 43455122	-2.6	3.05202555736225	correct	3	5
0	43448.817	43449.759	43448817 43449759	-2.6	Inf	correct	3	1
0	43449.894	43451.105	43449894 43451105	-2.6	Inf	correct	3	3
0	43451.457	43455.122	43451457 43455122	-2.6	Inf	correct	3	5
1	43448.817	43449.759	43448817 43449759	-2.4	-Inf	false positive	3	2
1	43449.894	43451.105	43449894 43451105	-2.4	-Inf	false positive	3	4
1	43451.457	43455.122	43451457 43455122	-2.4	-Inf	false positive	3	6
1	43448.817	43449.759	43448817 43449759	-2.4	-3.5987564321254	false positive	3	2
1	43449.894	43451.105	43449894 43451105	-2.4	-3.5987564321254	false positive	3	4
1	43451.457	43455.122	43451457 43455122	-2.4	-3.5987564321254	false positive	3	6
1	43448.817	43449.759	43448817 43449759	-2.4	-2.87110214393305	false positive	3	2
1	43449.894	43451.105	43449894 43451105	-2.4	-2.87110214393305	false positive	3	4
1	43451.457	43455.122	43451457 43455122	-2.4	-2.87110214393305	false positive	3	6
1	43448.817	43449.759	43448817 43449759	-2.4	-2.524465240576	false positive	3	2
1	43449.894	43451.105	43449894 43451105	-2.4	-2.524465240576	false positive	3	4
1	43451.457	43455.122	43451457 43455122	-2.4	-2.524465240576	false positive	3	6
1	43448.817	43449.759	43448817 43449759	-2.4	-2.04839555610227	false positive	3	2
1	43449.894	43451.105	43449894 43451105	-2.4	-2.04839555610227	false positive	3	4
1	43451.457	43455.122	43451457 43455122	-2.4	-2.04839555610227	false positive	3	6
1	43448.817	43449.759	43448817 43449759	-2.4	-1.31265752428524	false positive	3	2
1	43449.894	43451.105	43449894 43451105	-2.4	-1.31265752428524	false positive	3	4
1	43451.457	43455.122	43451457 43455122	-2.4	-1.31265752428524	false positive	3	6
1	43448.817	43449.759	43448817 43449759	-2.4	-0.863690535761193	false positive	3	2
1	43449.894	43451.105	43449894 43451105	-2.4	-0.863690535761193	false positive	3	4
1	43451.457	43455.122	43451457 43455122	-2.4	-0.863690535761193	false positive	3	6
1	43448.817	43449.759	43448817 43449759	-2.4	-0.39169083010477	false positive	3	2
0	43449.894	43451.105	43449894 43451105	-2.4	-0.39169083010477	correct	3	3
0	43451.457	43455.122	43451457 43455122	-2.4	-0.39169083010477	correct	3	5
1	43448.817	43449.759	43448817 43449759	-2.4	0.325622780929171	false positive	3	2
0	43449.894	43451.105	43449894 43451105	-2.4	0.325622780929171	correct	3	3
0	43451.457	43455.122	43451457 43455122	-2.4	0.325622780929171	correct	3	5
1	43448.817	43449.759	43448817 43449759	-2.4	1.1361675292926	false positive	3	2
0	43449.894	43451.105	43449894 43451105	-2.4	1.1361675292926	correct	3	3
0	43451.457	43455.122	43451457 43455122	-2.4	1.1361675292926	correct	3	5
1	43448.817	43449.759	43448817 43449759	-2.4	1.79244948955007	false positive	3	2
0	43449.894	43451.105	43449894 43451105	-2.4	1.79244948955007	correct	3	3
0	43451.457	43455.122	43451457 43455122	-2.4	1.79244948955007	correct	3	5
0	43448.817	43449.759	43448817 43449759	-2.4	2.85202555736225	correct	3	1
0	43449.894	43451.105	43449894 43451105	-2.4	2.85202555736225	correct	3	3
0	43451.457	43455.122	43451457 43455122	-2.4	2.85202555736225	correct	3	5
0	43448.817	43449.759	43448817 43449759	-2.4	Inf	correct	3	1
0	43449.894	43451.105	43449894 43451105	-2.4	Inf	correct	3	3
0	43451.457	43455.122	43451457 43455122	-2.4	Inf	correct	3	5
1	43448.817	43449.759	43448817 43449759	-2.2	-Inf	false positive	3	2
1	43449.894	43451.105	43449894 43451105	-2.2	-Inf	false positive	3	4
1	43451.457	43455.122	43451457 43455122	-2.2	-Inf	false positive	3	6
1	43448.817	43449.759	43448817 43449759	-2.2	-3.5987564321254	false positive	3	2
1	43449.894	43451.105	43449894 43451105	-2.2	-3.5987564321254	false positive	3	4
1	43451.457	43455.122	43451457 43455122	-2.2	-3.5987564321254	false positive	3	6
1	43448.817	43449.759	43448817 43449759	-2.2	-2.87110214393305	false positive	3	2
1	43449.894	43451.105	43449894 43451105	-2.2	-2.87110214393305	false positive	3	4
1	43451.457	43455.122	43451457 43455122	-2.2	-2.87110214393305	false positive	3	6
1	43448.817	43449.759	43448817 43449759	-2.2	-2.524465240576	false positive	3	2
1	43449.894	43451.105	43449894 43451105	-2.2	-2.524465240576	false positive	3	4
1	43451.457	43455.122	43451457 43455122	-2.2	-2.524465240576	false positive	3	6
1	43448.817	43449.759	43448817 43449759	-2.2	-2.14839555610227	false positive	3	2
1	43449.894	43451.105	43449894 43451105	-2.2	-2.14839555610227	false positive	3	4
1	43451.457	43455.122	43451457 43455122	-2.2	-2.14839555610227	false positive	3	6
1	43448.817	43449.759	43448817 43449759	-2.2	-1.41265752428524	false positive	3	2
1	43449.894	43451.105	43449894 43451105	-2.2	-1.41265752428524	false positive	3	4
1	43451.457	43455.122	43451457 43455122	-2.2	-1.41265752428524	false positive	3	6
1	43448.817	43449.759	43448817 43449759	-2.2	-0.963690535761193	false positive	3	2
1	43449.894	43451.105	43449894 43451105	-2.2	-0.963690535761193	false positive	3	4
1	43451.457	43455.122	43451457 43455122	-2.2	-0.963690535761193	false positive	3	6
1	43448.817	43449.759	43448817 43449759	-2.2	-0.591690830104771	false positive	3	2
0	43449.894	43451.105	43449894 43451105	-2.2	-0.591690830104771	correct	3	3
0	43451.457	43455.122	43451457 43455122	-2.2	-0.591690830104771	correct	3	5
1	43448.817	43449.759	43448817 43449759	-2.2	0.12562278092917	false positive	3	2
0	43449.894	43451.105	43449894 43451105	-2.2	0.12562278092917	correct	3	3
0	43451.457	43455.122	43451457 43455122	-2.2	0.12562278092917	correct	3	5
1	43448.817	43449.759	43448817 43449759	-2.2	1.0361675292926	false positive	3	2
0	43449.894	43451.105	43449894 43451105	-2.2	1.0361675292926	correct	3	3
0	43451.457	43455.122	43451457 43455122	-2.2	1.0361675292926	correct	3	5
1	43448.817	43449.759	43448817 43449759	-2.2	1.69244948955007	false positive	3	2
0	43449.894	43451.105	43449894 43451105	-2.2	1.69244948955007	correct	3	3
0	43451.457	43455.122	43451457 43455122	-2.2	1.69244948955007	correct	3	5
0	43448.817	43449.759	43448817 43449759	-2.2	2.65202555736225	correct	3	1
0	43449.894	43451.105	43449894 43451105	-2.2	2.65202555736225	correct	3	3
0	43451.457	43455.122	43451457 43455122	-2.2	2.65202555736225	correct	3	5
0	43448.817	43449.759	43448817 43449759	-2.2	Inf	correct	3	1
0	43449.894	43451.105	43449894 43451105	-2.2	Inf	correct	3	3
0	43451.457	43455.122	43451457 43455122	-2.2	Inf	correct	3	5
1	43448.817	43449.759	43448817 43449759	-2	-Inf	false positive	3	2
1	43449.894	43451.105	43449894 43451105	-2	-Inf	false positive	3	4
1	43451.457	43455.122	43451457 43455122	-2	-Inf	false positive	3	6
1	43448.817	43449.759	43448817 43449759	-2	-3.5987564321254	false positive	3	2
1	43449.894	43451.105	43449894 43451105	-2	-3.5987564321254	false positive	3	4
1	43451.457	43455.122	43451457 43455122	-2	-3.5987564321254	false positive	3	6
1	43448.817	43449.759	43448817 43449759	-2	-2.87110214393305	false positive	3	2
1	43449.894	43451.105	43449894 43451105	-2	-2.87110214393305	false positive	3	4
1	43451.457	43455.122	43451457 43455122	-2	-2.87110214393305	false positive	3	6
1	43448.817	43449.759	43448817 43449759	-2	-2.524465240576	false positive	3	2
1	43449.894	43451.105	43449894 43451105	-2	-2.524465240576	false positive	3	4
1	43451.457	43455.122	43451457 43455122	-2	-2.524465240576	false positive	3	6
1	43448.817	43449.759	43448817 43449759	-2	-2.24839555610227	false positive	3	2
1	43449.894	43451.105	43449894 43451105	-2	-2.24839555610227	false positive	3	4
1	43451.457	43455.122	43451457 43455122	-2	-2.24839555610227	false positive	3	6
1	43448.817	43449.759	43448817 43449759	-2	-1.58704105367987	false positive	3	2
1	43449.894	43451.105	43449894 43451105	-2	-1.58704105367987	false positive	3	4
1	43451.457	43455.122	43451457 43455122	-2	-1.58704105367987	false positive	3	6
1	43448.817	43449.759	43448817 43449759	-2	-1.06369053576119	false positive	3	2
0	43449.894	43451.105	43449894 43451105	-2	-1.06369053576119	correct	3	3
0	43451.457	43455.122	43451457 43455122	-2	-1.06369053576119	correct	3	5
1	43448.817	43449.759	43448817 43449759	-2	-0.717307300710139	false positive	3	2
0	43449.894	43451.105	43449894 43451105	-2	-0.717307300710139	correct	3	3
0	43451.457	43455.122	43451457 43455122	-2	-0.717307300710139	correct	3	5
1	43448.817	43449.759	43448817 43449759	-2	-0.0743772190708292	false positive	3	2
0	43449.894	43451.105	43449894 43451105	-2	-0.0743772190708292	correct	3	3
0	43451.457	43455.122	43451457 43455122	-2	-0.0743772190708292	correct	3	5
1	43448.817	43449.759	43448817 43449759	-2	0.936167529292596	false positive	3	2
0	43449.894	43451.105	43449894 43451105	-2	0.936167529292596	correct	3	3
0	43451.457	43455.122	43451457 43455122	-2	0.936167529292596	correct	3	5
1	43448.817	43449.759	43448817 43449759	-2	1.59244948955007	false positive	3	2
0	43449.894	43451.105	43449894 43451105	-2	1.59244948955007	correct	3	3
0	43451.457	43455.122	43451457 43455122	-2	1.59244948955007	correct	3	5
0	43448.817	43449.759	43448817 43449759	-2	2.45202555736225	correct	3	1
0	43449.894	43451.105	43449894 43451105	-2	2.45202555736225	correct	3	3
0	43451.457	43455.122	43451457 43455122	-2	2.45202555736225	correct	3	5
0	43448.817	43449.759	43448817 43449759	-2	Inf	correct	3	1
0	43449.894	43451.105	43449894 43451105	-2	Inf	correct	3	3
0	43451.457	43455.122	43451457 43455122	-2	Inf	correct	3	5
1	43448.817	43449.759	43448817 43449759	-1.8	-Inf	false positive	3	2
1	43449.894	43451.105	43449894 43451105	-1.8	-Inf	false positive	3	4
1	43451.457	43455.122	43451457 43455122	-1.8	-Inf	false positive	3	6
1	43448.817	43449.759	43448817 43449759	-1.8	-3.5987564321254	false positive	3	2
1	43449.894	43451.105	43449894 43451105	-1.8	-3.5987564321254	false positive	3	4
1	43451.457	43455.122	43451457 43455122	-1.8	-3.5987564321254	false positive	3	6
1	43448.817	43449.759	43448817 43449759	-1.8	-2.87110214393305	false positive	3	2
1	43449.894	43451.105	43449894 43451105	-1.8	-2.87110214393305	false positive	3	4
1	43451.457	43455.122	43451457 43455122	-1.8	-2.87110214393305	false positive	3	6
1	43448.817	43449.759	43448817 43449759	-1.8	-2.524465240576	false positive	3	2
1	43449.894	43451.105	43449894 43451105	-1.8	-2.524465240576	false positive	3	4
1	43451.457	43455.122	43451457 43455122	-1.8	-2.524465240576	false positive	3	6
1	43448.817	43449.759	43448817 43449759	-1.8	-2.34839555610227	false positive	3	2
1	43449.894	43451.105	43449894 43451105	-1.8	-2.34839555610227	false positive	3	4
1	43451.457	43455.122	43451457 43455122	-1.8	-2.34839555610227	false positive	3	6
1	43448.817	43449.759	43448817 43449759	-1.8	-1.78704105367987	false positive	3	2
1	43449.894	43451.105	43449894 43451105	-1.8	-1.78704105367987	false positive	3	4
1	43451.457	43455.122	43451457 43455122	-1.8	-1.78704105367987	false positive	3	6
1	43448.817	43449.759	43448817 43449759	-1.8	-1.16369053576119	false positive	3	2
0	43449.894	43451.105	43449894 43451105	-1.8	-1.16369053576119	correct	3	3
0	43451.457	43455.122	43451457 43455122	-1.8	-1.16369053576119	correct	3	5
1	43448.817	43449.759	43448817 43449759	-1.8	-0.817307300710138	false positive	3	2
0	43449.894	43451.105	43449894 43451105	-1.8	-0.817307300710138	correct	3	3
0	43451.457	43455.122	43451457 43455122	-1.8	-0.817307300710138	correct	3	5
1	43448.817	43449.759	43448817 43449759	-1.8	-0.274377219070828	false positive	3	2
0	43449.894	43451.105	43449894 43451105	-1.8	-0.274377219070828	correct	3	3
0	43451.457	43455.122	43451457 43455122	-1.8	-0.274377219070828	correct	3	5
1	43448.817	43449.759	43448817 43449759	-1.8	0.752835117169532	false positive	3	2
0	43449.894	43451.105	43449894 43451105	-1.8	0.752835117169532	correct	3	3
0	43451.457	43455.122	43451457 43455122	-1.8	0.752835117169532	correct	3	5
0	43448.817	43449.759	43448817 43449759	-1.8	1.49244948955007	correct	3	1
0	43449.894	43451.105	43449894 43451105	-1.8	1.49244948955007	correct	3	3
0	43451.457	43455.122	43451457 43455122	-1.8	1.49244948955007	correct	3	5
0	43448.817	43449.759	43448817 43449759	-1.8	2.33535796948531	correct	3	1
0	43449.894	43451.105	43449894 43451105	-1.8	2.33535796948531	correct	3	3
0	43451.457	43455.122	43451457 43455122	-1.8	2.33535796948531	correct	3	5
0	43448.817	43449.759	43448817 43449759	-1.8	Inf	correct	3	1
0	43449.894	43451.105	43449894 43451105	-1.8	Inf	correct	3	3
0	43451.457	43455.122	43451457 43455122	-1.8	Inf	correct	3	5
1	43448.817	43449.759	43448817 43449759	-1.6	-Inf	false positive	3	2
1	43449.894	43451.105	43449894 43451105	-1.6	-Inf	false positive	3	4
1	43451.457	43455.122	43451457 43455122	-1.6	-Inf	false positive	3	6
1	43448.817	43449.759	43448817 43449759	-1.6	-3.5987564321254	false positive	3	2
1	43449.894	43451.105	43449894 43451105	-1.6	-3.5987564321254	false positive	3	4
1	43451.457	43455.122	43451457 43455122	-1.6	-3.5987564321254	false positive	3	6
1	43448.817	43449.759	43448817 43449759	-1.6	-2.87110214393305	false positive	3	2
1	43449.894	43451.105	43449894 43451105	-1.6	-2.87110214393305	false positive	3	4
1	43451.457	43455.122	43451457 43455122	-1.6	-2.87110214393305	false positive	3	6
1	43448.817	43449.759	43448817 43449759	-1.6	-2.524465240576	false positive	3	2
1	43449.894	43451.105	43449894 43451105	-1.6	-2.524465240576	false positive	3	4
1	43451.457	43455.122	43451457 43455122	-1.6	-2.524465240576	false positive	3	6
1	43448.817	43449.759	43448817 43449759	-1.6	-2.44839555610227	false positive	3	2
1	43449.894	43451.105	43449894 43451105	-1.6	-2.44839555610227	false positive	3	4
1	43451.457	43455.122	43451457 43455122	-1.6	-2.44839555610227	false positive	3	6
1	43448.817	43449.759	43448817 43449759	-1.6	-1.98704105367987	false positive	3	2
1	43449.894	43451.105	43449894 43451105	-1.6	-1.98704105367987	false positive	3	4
1	43451.457	43455.122	43451457 43455122	-1.6	-1.98704105367987	false positive	3	6
1	43448.817	43449.759	43448817 43449759	-1.6	-1.26369053576119	false positive	3	2
0	43449.894	43451.105	43449894 43451105	-1.6	-1.26369053576119	correct	3	3
0	43451.457	43455.122	43451457 43455122	-1.6	-1.26369053576119	correct	3	5
1	43448.817	43449.759	43448817 43449759	-1.6	-0.917307300710139	false positive	3	2
0	43449.894	43451.105	43449894 43451105	-1.6	-0.917307300710139	correct	3	3
0	43451.457	43455.122	43451457 43455122	-1.6	-0.917307300710139	correct	3	5
1	43448.817	43449.759	43448817 43449759	-1.6	-0.47437721907083	false positive	3	2
0	43449.894	43451.105	43449894 43451105	-1.6	-0.47437721907083	correct	3	3
0	43451.457	43455.122	43451457 43455122	-1.6	-0.47437721907083	correct	3	5
1	43448.817	43449.759	43448817 43449759	-1.6	0.552835117169531	false positive	3	2
0	43449.894	43451.105	43449894 43451105	-1.6	0.552835117169531	correct	3	3
0	43451.457	43455.122	43451457 43455122	-1.6	0.552835117169531	correct	3	5
0	43448.817	43449.759	43448817 43449759	-1.6	1.39244948955007	correct	3	1
0	43449.894	43451.105	43449894 43451105	-1.6	1.39244948955007	correct	3	3
0	43451.457	43455.122	43451457 43455122	-1.6	1.39244948955007	correct	3	5
0	43448.817	43449.759	43448817 43449759	-1.6	2.23535796948531	correct	3	1
0	43449.894	43451.105	43449894 43451105	-1.6	2.23535796948531	correct	3	3
0	43451.457	43455.122	43451457 43455122	-1.6	2.23535796948531	correct	3	5
0	43448.817	43449.759	43448817 43449759	-1.6	Inf	correct	3	1
0	43449.894	43451.105	43449894 43451105	-1.6	Inf	correct	3	3
0	43451.457	43455.122	43451457 43455122	-1.6	Inf	correct	3	5
1	43448.817	43449.759	43448817 43449759	-1.4	-Inf	false positive	3	2
1	43449.894	43451.105	43449894 43451105	-1.4	-Inf	false positive	3	4
1	43451.457	43455.122	43451457 43455122	-1.4	-Inf	false positive	3	6
1	43448.817	43449.759	43448817 43449759	-1.4	-3.5987564321254	false positive	3	2
1	43449.894	43451.105	43449894 43451105	-1.4	-3.5987564321254	false positive	3	4
1	43451.457	43455.122	43451457 43455122	-1.4	-3.5987564321254	false positive	3	6
1	43448.817	43449.759	43448817 43449759	-1.4	-2.89503245945932	false positive	3	2
1	43449.894	43451.105	43449894 43451105	-1.4	-2.89503245945932	false positive	3	4
1	43451.457	43455.122	43451457 43455122	-1.4	-2.89503245945932	false positive	3	6
1	43448.817	43449.759	43448817 43449759	-1.4	-2.61207772667764	false positive	3	2
1	43449.894	43451.105	43449894 43451105	-1.4	-2.61207772667764	false positive	3	4
1	43451.457	43455.122	43451457 43455122	-1.4	-2.61207772667764	false positive	3	6
1	43448.817	43449.759	43448817 43449759	-1.4	-2.524465240576	false positive	3	2
1	43449.894	43451.105	43449894 43451105	-1.4	-2.524465240576	false positive	3	4
1	43451.457	43455.122	43451457 43455122	-1.4	-2.524465240576	false positive	3	6
1	43448.817	43449.759	43448817 43449759	-1.4	-2.09942856757823	false positive	3	2
1	43449.894	43451.105	43449894 43451105	-1.4	-2.09942856757823	false positive	3	4
1	43451.457	43455.122	43451457 43455122	-1.4	-2.09942856757823	false positive	3	6
1	43448.817	43449.759	43448817 43449759	-1.4	-1.39169083010477	false positive	3	2
0	43449.894	43451.105	43449894 43451105	-1.4	-1.39169083010477	correct	3	3
0	43451.457	43455.122	43451457 43455122	-1.4	-1.39169083010477	correct	3	5
1	43448.817	43449.759	43448817 43449759	-1.4	-1.01730730071014	false positive	3	2
0	43449.894	43451.105	43449894 43451105	-1.4	-1.01730730071014	correct	3	3
0	43451.457	43455.122	43451457 43455122	-1.4	-1.01730730071014	correct	3	5
1	43448.817	43449.759	43448817 43449759	-1.4	-0.646376924727251	false positive	3	2
0	43449.894	43451.105	43449894 43451105	-1.4	-0.646376924727251	correct	3	3
0	43451.457	43455.122	43451457 43455122	-1.4	-0.646376924727251	correct	3	5
1	43448.817	43449.759	43448817 43449759	-1.4	0.352835117169532	false positive	3	2
0	43449.894	43451.105	43449894 43451105	-1.4	0.352835117169532	correct	3	3
0	43451.457	43455.122	43451457 43455122	-1.4	0.352835117169532	correct	3	5
0	43448.817	43449.759	43448817 43449759	-1.4	1.29244948955007	correct	3	1
0	43449.894	43451.105	43449894 43451105	-1.4	1.29244948955007	correct	3	3
0	43451.457	43455.122	43451457 43455122	-1.4	1.29244948955007	correct	3	5
0	43448.817	43449.759	43448817 43449759	-1.4	2.13535796948531	correct	3	1
0	43449.894	43451.105	43449894 43451105	-1.4	2.13535796948531	correct	3	3
0	43451.457	43455.122	43451457 43455122	-1.4	2.13535796948531	correct	3	5
0	43448.817	43449.759	43448817 43449759	-1.4	Inf	correct	3	1
0	43449.894	43451.105	43449894 43451105	-1.4	Inf	correct	3	3
0	43451.457	43455.122	43451457 43455122	-1.4	Inf	correct	3	5
1	43448.817	43449.759	43448817 43449759	-1.2	-Inf	false positive	3	2
1	43449.894	43451.105	43449894 43451105	-1.2	-Inf	false positive	3	4
1	43451.457	43455.122	43451457 43455122	-1.2	-Inf	false positive	3	6
1	43448.817	43449.759	43448817 43449759	-1.2	-3.5987564321254	false positive	3	2
1	43449.894	43451.105	43449894 43451105	-1.2	-3.5987564321254	false positive	3	4
1	43451.457	43455.122	43451457 43455122	-1.2	-3.5987564321254	false positive	3	6
1	43448.817	43449.759	43448817 43449759	-1.2	-2.99503245945932	false positive	3	2
1	43449.894	43451.105	43449894 43451105	-1.2	-2.99503245945932	false positive	3	4
1	43451.457	43455.122	43451457 43455122	-1.2	-2.99503245945932	false positive	3	6
1	43448.817	43449.759	43448817 43449759	-1.2	-2.71207772667764	false positive	3	2
1	43449.894	43451.105	43449894 43451105	-1.2	-2.71207772667764	false positive	3	4
1	43451.457	43455.122	43451457 43455122	-1.2	-2.71207772667764	false positive	3	6
1	43448.817	43449.759	43448817 43449759	-1.2	-2.524465240576	false positive	3	2
1	43449.894	43451.105	43449894 43451105	-1.2	-2.524465240576	false positive	3	4
1	43451.457	43455.122	43451457 43455122	-1.2	-2.524465240576	false positive	3	6
1	43448.817	43449.759	43448817 43449759	-1.2	-2.19942856757823	false positive	3	2
1	43449.894	43451.105	43449894 43451105	-1.2	-2.19942856757823	false positive	3	4
1	43451.457	43455.122	43451457 43455122	-1.2	-2.19942856757823	false positive	3	6
1	43448.817	43449.759	43448817 43449759	-1.2	-1.59169083010477	false positive	3	2
0	43449.894	43451.105	43449894 43451105	-1.2	-1.59169083010477	correct	3	3
0	43451.457	43455.122	43451457 43455122	-1.2	-1.59169083010477	correct	3	5
1	43448.817	43449.759	43448817 43449759	-1.2	-1.11730730071014	false positive	3	2
0	43449.894	43451.105	43449894 43451105	-1.2	-1.11730730071014	correct	3	3
0	43451.457	43455.122	43451457 43455122	-1.2	-1.11730730071014	correct	3	5
1	43448.817	43449.759	43448817 43449759	-1.2	-0.746376924727252	false positive	3	2
0	43449.894	43451.105	43449894 43451105	-1.2	-0.746376924727252	correct	3	3
0	43451.457	43455.122	43451457 43455122	-1.2	-0.746376924727252	correct	3	5
1	43448.817	43449.759	43448817 43449759	-1.2	0.152835117169531	false positive	3	2
0	43449.894	43451.105	43449894 43451105	-1.2	0.152835117169531	correct	3	3
0	43451.457	43455.122	43451457 43455122	-1.2	0.152835117169531	correct	3	5
0	43448.817	43449.759	43448817 43449759	-1.2	1.19244948955007	correct	3	1
0	43449.894	43451.105	43449894 43451105	-1.2	1.19244948955007	correct	3	3
0	43451.457	43455.122	43451457 43455122	-1.2	1.19244948955007	correct	3	5
0	43448.817	43449.759	43448817 43449759	-1.2	2.03535796948531	correct	3	1
0	43449.894	43451.105	43449894 43451105	-1.2	2.03535796948531	correct	3	3
0	43451.457	43455.122	43451457 43455122	-1.2	2.03535796948531	correct	3	5
0	43448.817	43449.759	43448817 43449759	-1.2	Inf	correct	3	1
0	43449.894	43451.105	43449894 43451105	-1.2	Inf	correct	3	3
0	43451.457	43455.122	43451457 43455122	-1.2	Inf	correct	3	5
1	43448.817	43449.759	43448817 43449759	-1	-Inf	false positive	3	2
1	43449.894	43451.105	43449894 43451105	-1	-Inf	false positive	3	4
1	43451.457	43455.122	43451457 43455122	-1	-Inf	false positive	3	6
1	43448.817	43449.759	43448817 43449759	-1	-3.5987564321254	false positive	3	2
1	43449.894	43451.105	43449894 43451105	-1	-3.5987564321254	false positive	3	4
1	43451.457	43455.122	43451457 43455122	-1	-3.5987564321254	false positive	3	6
1	43448.817	43449.759	43448817 43449759	-1	-3.09503245945932	false positive	3	2
1	43449.894	43451.105	43449894 43451105	-1	-3.09503245945932	false positive	3	4
1	43451.457	43455.122	43451457 43455122	-1	-3.09503245945932	false positive	3	6
1	43448.817	43449.759	43448817 43449759	-1	-2.81207772667764	false positive	3	2
1	43449.894	43451.105	43449894 43451105	-1	-2.81207772667764	false positive	3	4
1	43451.457	43455.122	43451457 43455122	-1	-2.81207772667764	false positive	3	6
1	43448.817	43449.759	43448817 43449759	-1	-2.524465240576	false positive	3	2
1	43449.894	43451.105	43449894 43451105	-1	-2.524465240576	false positive	3	4
1	43451.457	43455.122	43451457 43455122	-1	-2.524465240576	false positive	3	6
1	43448.817	43449.759	43448817 43449759	-1	-2.29942856757823	false positive	3	2
1	43449.894	43451.105	43449894 43451105	-1	-2.29942856757823	false positive	3	4
1	43451.457	43455.122	43451457 43455122	-1	-2.29942856757823	false positive	3	6
1	43448.817	43449.759	43448817 43449759	-1	-1.79169083010477	false positive	3	2
0	43449.894	43451.105	43449894 43451105	-1	-1.79169083010477	correct	3	3
0	43451.457	43455.122	43451457 43455122	-1	-1.79169083010477	correct	3	5
1	43448.817	43449.759	43448817 43449759	-1	-1.21730730071014	false positive	3	2
0	43449.894	43451.105	43449894 43451105	-1	-1.21730730071014	correct	3	3
0	43451.457	43455.122	43451457 43455122	-1	-1.21730730071014	correct	3	5
1	43448.817	43449.759	43448817 43449759	-1	-0.846376924727252	false positive	3	2
0	43449.894	43451.105	43449894 43451105	-1	-0.846376924727252	correct	3	3
0	43451.457	43455.122	43451457 43455122	-1	-0.846376924727252	correct	3	5
1	43448.817	43449.759	43448817 43449759	-1	-0.0471648828304687	false positive	3	2
0	43449.894	43451.105	43449894 43451105	-1	-0.0471648828304687	correct	3	3
0	43451.457	43455.122	43451457 43455122	-1	-0.0471648828304687	correct	3	5
0	43448.817	43449.759	43448817 43449759	-1	1.09244948955007	correct	3	1
0	43449.894	43451.105	43449894 43451105	-1	1.09244948955007	correct	3	3
0	43451.457	43455.122	43451457 43455122	-1	1.09244948955007	correct	3	5
0	43448.817	43449.759	43448817 43449759	-1	1.93535796948531	correct	3	1
0	43449.894	43451.105	43449894 43451105	-1	1.93535796948531	correct	3	3
0	43451.457	43455.122	43451457 43455122	-1	1.93535796948531	correct	3	5
0	43448.817	43449.759	43448817 43449759	-1	Inf	correct	3	1
0	43449.894	43451.105	43449894 43451105	-1	Inf	correct	3	3
0	43451.457	43455.122	43451457 43455122	-1	Inf	correct	3	5
1	43448.817	43449.759	43448817 43449759	-0.8	-Inf	false positive	3	2
1	43449.894	43451.105	43449894 43451105	-0.8	-Inf	false positive	3	4
1	43451.457	43455.122	43451457 43455122	-0.8	-Inf	false positive	3	6
1	43448.817	43449.759	43448817 43449759	-0.8	-3.63973201486999	false positive	3	2
1	43449.894	43451.105	43449894 43451105	-0.8	-3.63973201486999	false positive	3	4
1	43451.457	43455.122	43451457 43455122	-0.8	-3.63973201486999	false positive	3	6
1	43448.817	43449.759	43448817 43449759	-0.8	-3.19503245945932	false positive	3	2
1	43449.894	43451.105	43449894 43451105	-0.8	-3.19503245945932	false positive	3	4
1	43451.457	43455.122	43451457 43455122	-0.8	-3.19503245945932	false positive	3	6
1	43448.817	43449.759	43448817 43449759	-0.8	-2.87110214393305	false positive	3	2
1	43449.894	43451.105	43449894 43451105	-0.8	-2.87110214393305	false positive	3	4
1	43451.457	43455.122	43451457 43455122	-0.8	-2.87110214393305	false positive	3	6
1	43448.817	43449.759	43448817 43449759	-0.8	-2.524465240576	false positive	3	2
1	43449.894	43451.105	43449894 43451105	-0.8	-2.524465240576	false positive	3	4
1	43451.457	43455.122	43451457 43455122	-0.8	-2.524465240576	false positive	3	6
1	43448.817	43449.759	43448817 43449759	-0.8	-2.39942856757823	false positive	3	2
1	43449.894	43451.105	43449894 43451105	-0.8	-2.39942856757823	false positive	3	4
1	43451.457	43455.122	43451457 43455122	-0.8	-2.39942856757823	false positive	3	6
1	43448.817	43449.759	43448817 43449759	-0.8	-1.99169083010477	false positive	3	2
0	43449.894	43451.105	43449894 43451105	-0.8	-1.99169083010477	correct	3	3
0	43451.457	43455.122	43451457 43455122	-0.8	-1.99169083010477	correct	3	5
1	43448.817	43449.759	43448817 43449759	-0.8	-1.31730730071014	false positive	3	2
0	43449.894	43451.105	43449894 43451105	-0.8	-1.31730730071014	correct	3	3
0	43451.457	43455.122	43451457 43455122	-0.8	-1.31730730071014	correct	3	5
1	43448.817	43449.759	43448817 43449759	-0.8	-0.946376924727251	false positive	3	2
0	43449.894	43451.105	43449894 43451105	-0.8	-0.946376924727251	correct	3	3
0	43451.457	43455.122	43451457 43455122	-0.8	-0.946376924727251	correct	3	5
1	43448.817	43449.759	43448817 43449759	-0.8	-0.247164882830468	false positive	3	2
0	43449.894	43451.105	43449894 43451105	-0.8	-0.247164882830468	correct	3	3
0	43451.457	43455.122	43451457 43455122	-0.8	-0.247164882830468	correct	3	5
0	43448.817	43449.759	43448817 43449759	-0.8	0.99244948955007	correct	3	1
0	43449.894	43451.105	43449894 43451105	-0.8	0.99244948955007	correct	3	3
0	43451.457	43455.122	43451457 43455122	-0.8	0.99244948955007	correct	3	5
0	43448.817	43449.759	43448817 43449759	-0.8	1.83535796948531	correct	3	1
0	43449.894	43451.105	43449894 43451105	-0.8	1.83535796948531	correct	3	3
0	43451.457	43455.122	43451457 43455122	-0.8	1.83535796948531	correct	3	5
0	43448.817	43449.759	43448817 43449759	-0.8	Inf	correct	3	1
0	43449.894	43451.105	43449894 43451105	-0.8	Inf	correct	3	3
0	43451.457	43455.122	43451457 43455122	-0.8	Inf	correct	3	5
1	43448.817	43449.759	43448817 43449759	-0.6	-Inf	false positive	3	2
1	43449.894	43451.105	43449894 43451105	-0.6	-Inf	false positive	3	4
1	43451.457	43455.122	43451457 43455122	-0.6	-Inf	false positive	3	6
1	43448.817	43449.759	43448817 43449759	-0.6	-3.73973201486999	false positive	3	2
1	43449.894	43451.105	43449894 43451105	-0.6	-3.73973201486999	false positive	3	4
1	43451.457	43455.122	43451457 43455122	-0.6	-3.73973201486999	false positive	3	6
1	43448.817	43449.759	43448817 43449759	-0.6	-3.29503245945932	false positive	3	2
1	43449.894	43451.105	43449894 43451105	-0.6	-3.29503245945932	false positive	3	4
1	43451.457	43455.122	43451457 43455122	-0.6	-3.29503245945932	false positive	3	6
1	43448.817	43449.759	43448817 43449759	-0.6	-2.87110214393305	false positive	3	2
1	43449.894	43451.105	43449894 43451105	-0.6	-2.87110214393305	false positive	3	4
1	43451.457	43455.122	43451457 43455122	-0.6	-2.87110214393305	false positive	3	6
1	43448.817	43449.759	43448817 43449759	-0.6	-2.5631107381536	false positive	3	2
1	43449.894	43451.105	43449894 43451105	-0.6	-2.5631107381536	false positive	3	4
1	43451.457	43455.122	43451457 43455122	-0.6	-2.5631107381536	false positive	3	6
1	43448.817	43449.759	43448817 43449759	-0.6	-2.49942856757823	false positive	3	2
0	43449.894	43451.105	43449894 43451105	-0.6	-2.49942856757823	correct	3	3
0	43451.457	43455.122	43451457 43455122	-0.6	-2.49942856757823	correct	3	5
1	43448.817	43449.759	43448817 43449759	-0.6	-2.15304533252717	false positive	3	2
0	43449.894	43451.105	43449894 43451105	-0.6	-2.15304533252717	correct	3	3
0	43451.457	43455.122	43451457 43455122	-0.6	-2.15304533252717	correct	3	5
1	43448.817	43449.759	43448817 43449759	-0.6	-1.47437721907083	false positive	3	2
0	43449.894	43451.105	43449894 43451105	-0.6	-1.47437721907083	correct	3	3
0	43451.457	43455.122	43451457 43455122	-0.6	-1.47437721907083	correct	3	5
1	43448.817	43449.759	43448817 43449759	-0.6	-1.04637692472725	false positive	3	2
0	43449.894	43451.105	43449894 43451105	-0.6	-1.04637692472725	correct	3	3
0	43451.457	43455.122	43451457 43455122	-0.6	-1.04637692472725	correct	3	5
1	43448.817	43449.759	43448817 43449759	-0.6	-0.390094964469778	false positive	3	2
0	43449.894	43451.105	43449894 43451105	-0.6	-0.390094964469778	correct	3	3
0	43451.457	43455.122	43451457 43455122	-0.6	-0.390094964469778	correct	3	5
0	43448.817	43449.759	43448817 43449759	-0.6	0.892449489550069	correct	3	1
0	43449.894	43451.105	43449894 43451105	-0.6	0.892449489550069	correct	3	3
0	43451.457	43455.122	43451457 43455122	-0.6	0.892449489550069	correct	3	5
0	43448.817	43449.759	43448817 43449759	-0.6	1.73535796948531	correct	3	1
0	43449.894	43451.105	43449894 43451105	-0.6	1.73535796948531	correct	3	3
0	43451.457	43455.122	43451457 43455122	-0.6	1.73535796948531	correct	3	5
0	43448.817	43449.759	43448817 43449759	-0.6	Inf	correct	3	1
0	43449.894	43451.105	43449894 43451105	-0.6	Inf	correct	3	3
0	43451.457	43455.122	43451457 43455122	-0.6	Inf	correct	3	5
1	43448.817	43449.759	43448817 43449759	-0.399999999999999	-Inf	false positive	3	2
1	43449.894	43451.105	43449894 43451105	-0.399999999999999	-Inf	false positive	3	4
1	43451.457	43455.122	43451457 43455122	-0.399999999999999	-Inf	false positive	3	6
1	43448.817	43449.759	43448817 43449759	-0.399999999999999	-3.83973201486999	false positive	3	2
1	43449.894	43451.105	43449894 43451105	-0.399999999999999	-3.83973201486999	false positive	3	4
1	43451.457	43455.122	43451457 43455122	-0.399999999999999	-3.83973201486999	false positive	3	6
1	43448.817	43449.759	43448817 43449759	-0.399999999999999	-3.39503245945932	false positive	3	2
1	43449.894	43451.105	43449894 43451105	-0.399999999999999	-3.39503245945932	false positive	3	4
1	43451.457	43455.122	43451457 43455122	-0.399999999999999	-3.39503245945932	false positive	3	6
1	43448.817	43449.759	43448817 43449759	-0.399999999999999	-2.94606547093528	false positive	3	2
1	43449.894	43451.105	43449894 43451105	-0.399999999999999	-2.94606547093528	false positive	3	4
1	43451.457	43455.122	43451457 43455122	-0.399999999999999	-2.94606547093528	false positive	3	6
1	43448.817	43449.759	43448817 43449759	-0.399999999999999	-2.6631107381536	false positive	3	2
0	43449.894	43451.105	43449894 43451105	-0.399999999999999	-2.6631107381536	correct	3	3
0	43451.457	43455.122	43451457 43455122	-0.399999999999999	-2.6631107381536	correct	3	5
1	43448.817	43449.759	43448817 43449759	-0.399999999999999	-2.524465240576	false positive	3	2
0	43449.894	43451.105	43449894 43451105	-0.399999999999999	-2.524465240576	correct	3	3
0	43451.457	43455.122	43451457 43455122	-0.399999999999999	-2.524465240576	correct	3	5
1	43448.817	43449.759	43448817 43449759	-0.399999999999999	-2.25304533252717	false positive	3	2
0	43449.894	43451.105	43449894 43451105	-0.399999999999999	-2.25304533252717	correct	3	3
0	43451.457	43455.122	43451457 43455122	-0.399999999999999	-2.25304533252717	correct	3	5
1	43448.817	43449.759	43448817 43449759	-0.399999999999999	-1.67437721907083	false positive	3	2
0	43449.894	43451.105	43449894 43451105	-0.399999999999999	-1.67437721907083	correct	3	3
0	43451.457	43455.122	43451457 43455122	-0.399999999999999	-1.67437721907083	correct	3	5
1	43448.817	43449.759	43448817 43449759	-0.399999999999999	-1.14637692472725	false positive	3	2
0	43449.894	43451.105	43449894 43451105	-0.399999999999999	-1.14637692472725	correct	3	3
0	43451.457	43455.122	43451457 43455122	-0.399999999999999	-1.14637692472725	correct	3	5
1	43448.817	43449.759	43448817 43449759	-0.399999999999999	-0.490094964469779	false positive	3	2
0	43449.894	43451.105	43449894 43451105	-0.399999999999999	-0.490094964469779	correct	3	3
0	43451.457	43455.122	43451457 43455122	-0.399999999999999	-0.490094964469779	correct	3	5
0	43448.817	43449.759	43448817 43449759	-0.399999999999999	0.792449489550068	correct	3	1
0	43449.894	43451.105	43449894 43451105	-0.399999999999999	0.792449489550068	correct	3	3
0	43451.457	43455.122	43451457 43455122	-0.399999999999999	0.792449489550068	correct	3	5
0	43448.817	43449.759	43448817 43449759	-0.399999999999999	1.63535796948531	correct	3	1
0	43449.894	43451.105	43449894 43451105	-0.399999999999999	1.63535796948531	correct	3	3
0	43451.457	43455.122	43451457 43455122	-0.399999999999999	1.63535796948531	correct	3	5
0	43448.817	43449.759	43448817 43449759	-0.399999999999999	Inf	correct	3	1
0	43449.894	43451.105	43449894 43451105	-0.399999999999999	Inf	correct	3	3
0	43451.457	43455.122	43451457 43455122	-0.399999999999999	Inf	correct	3	5
1	43448.817	43449.759	43448817 43449759	-0.199999999999999	-Inf	false positive	3	2
1	43449.894	43451.105	43449894 43451105	-0.199999999999999	-Inf	false positive	3	4
1	43451.457	43455.122	43451457 43455122	-0.199999999999999	-Inf	false positive	3	6
1	43448.817	43449.759	43448817 43449759	-0.199999999999999	-3.93973201486999	false positive	3	2
1	43449.894	43451.105	43449894 43451105	-0.199999999999999	-3.93973201486999	false positive	3	4
1	43451.457	43455.122	43451457 43455122	-0.199999999999999	-3.93973201486999	false positive	3	6
1	43448.817	43449.759	43448817 43449759	-0.199999999999999	-3.49503245945932	false positive	3	2
1	43449.894	43451.105	43449894 43451105	-0.199999999999999	-3.49503245945932	false positive	3	4
1	43451.457	43455.122	43451457 43455122	-0.199999999999999	-3.49503245945932	false positive	3	6
1	43448.817	43449.759	43448817 43449759	-0.199999999999999	-3.04606547093528	false positive	3	2
1	43449.894	43451.105	43449894 43451105	-0.199999999999999	-3.04606547093528	false positive	3	4
1	43451.457	43455.122	43451457 43455122	-0.199999999999999	-3.04606547093528	false positive	3	6
1	43448.817	43449.759	43448817 43449759	-0.199999999999999	-2.7631107381536	false positive	3	2
0	43449.894	43451.105	43449894 43451105	-0.199999999999999	-2.7631107381536	correct	3	3
0	43451.457	43455.122	43451457 43455122	-0.199999999999999	-2.7631107381536	correct	3	5
1	43448.817	43449.759	43448817 43449759	-0.199999999999999	-2.524465240576	false positive	3	2
0	43449.894	43451.105	43449894 43451105	-0.199999999999999	-2.524465240576	correct	3	3
0	43451.457	43455.122	43451457 43455122	-0.199999999999999	-2.524465240576	correct	3	5
1	43448.817	43449.759	43448817 43449759	-0.199999999999999	-2.35304533252717	false positive	3	2
0	43449.894	43451.105	43449894 43451105	-0.199999999999999	-2.35304533252717	correct	3	3
0	43451.457	43455.122	43451457 43455122	-0.199999999999999	-2.35304533252717	correct	3	5
1	43448.817	43449.759	43448817 43449759	-0.199999999999999	-1.87437721907083	false positive	3	2
0	43449.894	43451.105	43449894 43451105	-0.199999999999999	-1.87437721907083	correct	3	3
0	43451.457	43455.122	43451457 43455122	-0.199999999999999	-1.87437721907083	correct	3	5
1	43448.817	43449.759	43448817 43449759	-0.199999999999999	-1.24637692472725	false positive	3	2
0	43449.894	43451.105	43449894 43451105	-0.199999999999999	-1.24637692472725	correct	3	3
0	43451.457	43455.122	43451457 43455122	-0.199999999999999	-1.24637692472725	correct	3	5
1	43448.817	43449.759	43448817 43449759	-0.199999999999999	-0.590094964469778	false positive	3	2
0	43449.894	43451.105	43449894 43451105	-0.199999999999999	-0.590094964469778	correct	3	3
0	43451.457	43455.122	43451457 43455122	-0.199999999999999	-0.590094964469778	correct	3	5
0	43448.817	43449.759	43448817 43449759	-0.199999999999999	0.652025557362248	correct	3	1
0	43449.894	43451.105	43449894 43451105	-0.199999999999999	0.652025557362248	correct	3	3
0	43451.457	43455.122	43451457 43455122	-0.199999999999999	0.652025557362248	correct	3	5
0	43448.817	43449.759	43448817 43449759	-0.199999999999999	1.53535796948531	correct	3	1
0	43449.894	43451.105	43449894 43451105	-0.199999999999999	1.53535796948531	correct	3	3
0	43451.457	43455.122	43451457 43455122	-0.199999999999999	1.53535796948531	correct	3	5
0	43448.817	43449.759	43448817 43449759	-0.199999999999999	Inf	correct	3	1
0	43449.894	43451.105	43449894 43451105	-0.199999999999999	Inf	correct	3	3
0	43451.457	43455.122	43451457 43455122	-0.199999999999999	Inf	correct	3	5
1	43448.817	43449.759	43448817 43449759	0	-Inf	false positive	3	2
1	43449.894	43451.105	43449894 43451105	0	-Inf	false positive	3	4
1	43451.457	43455.122	43451457 43455122	0	-Inf	false positive	3	6
1	43448.817	43449.759	43448817 43449759	0	-4.03973201486999	false positive	3	2
1	43449.894	43451.105	43449894 43451105	0	-4.03973201486999	false positive	3	4
1	43451.457	43455.122	43451457 43455122	0	-4.03973201486999	false positive	3	6
1	43448.817	43449.759	43448817 43449759	0	-3.59503245945932	false positive	3	2
1	43449.894	43451.105	43449894 43451105	0	-3.59503245945932	false positive	3	4
1	43451.457	43455.122	43451457 43455122	0	-3.59503245945932	false positive	3	6
1	43448.817	43449.759	43448817 43449759	0	-3.14606547093528	false positive	3	2
1	43449.894	43451.105	43449894 43451105	0	-3.14606547093528	false positive	3	4
1	43451.457	43455.122	43451457 43455122	0	-3.14606547093528	false positive	3	6
1	43448.817	43449.759	43448817 43449759	0	-2.8631107381536	false positive	3	2
0	43449.894	43451.105	43449894 43451105	0	-2.8631107381536	correct	3	3
0	43451.457	43455.122	43451457 43455122	0	-2.8631107381536	correct	3	5
1	43448.817	43449.759	43448817 43449759	0	-2.524465240576	false positive	3	2
0	43449.894	43451.105	43449894 43451105	0	-2.524465240576	correct	3	3
0	43451.457	43455.122	43451457 43455122	0	-2.524465240576	correct	3	5
1	43448.817	43449.759	43448817 43449759	0	-2.45304533252717	false positive	3	2
0	43449.894	43451.105	43449894 43451105	0	-2.45304533252717	correct	3	3
0	43451.457	43455.122	43451457 43455122	0	-2.45304533252717	correct	3	5
1	43448.817	43449.759	43448817 43449759	0	-2.07437721907083	false positive	3	2
0	43449.894	43451.105	43449894 43451105	0	-2.07437721907083	correct	3	3
0	43451.457	43455.122	43451457 43455122	0	-2.07437721907083	correct	3	5
1	43448.817	43449.759	43448817 43449759	0	-1.34637692472725	false positive	3	2
0	43449.894	43451.105	43449894 43451105	0	-1.34637692472725	correct	3	3
0	43451.457	43455.122	43451457 43455122	0	-1.34637692472725	correct	3	5
1	43448.817	43449.759	43448817 43449759	0	-0.690094964469778	false positive	3	2
0	43449.894	43451.105	43449894 43451105	0	-0.690094964469778	correct	3	3
0	43451.457	43455.122	43451457 43455122	0	-0.690094964469778	correct	3	5
0	43448.817	43449.759	43448817 43449759	0	0.452025557362249	correct	3	1
0	43449.894	43451.105	43449894 43451105	0	0.452025557362249	correct	3	3
0	43451.457	43455.122	43451457 43455122	0	0.452025557362249	correct	3	5
0	43448.817	43449.759	43448817 43449759	0	1.43535796948531	correct	3	1
0	43449.894	43451.105	43449894 43451105	0	1.43535796948531	correct	3	3
0	43451.457	43455.122	43451457 43455122	0	1.43535796948531	correct	3	5
0	43448.817	43449.759	43448817 43449759	0	Inf	correct	3	1
0	43449.894	43451.105	43449894 43451105	0	Inf	correct	3	3
0	43451.457	43455.122	43451457 43455122	0	Inf	correct	3	5
1	43448.817	43449.759	43448817 43449759	0.2	-Inf	false positive	3	2
1	43449.894	43451.105	43449894 43451105	0.2	-Inf	false positive	3	4
1	43451.457	43455.122	43451457 43455122	0.2	-Inf	false positive	3	6
1	43448.817	43449.759	43448817 43449759	0.2	-4.13973201486999	false positive	3	2
1	43449.894	43451.105	43449894 43451105	0.2	-4.13973201486999	false positive	3	4
1	43451.457	43455.122	43451457 43455122	0.2	-4.13973201486999	false positive	3	6
1	43448.817	43449.759	43448817 43449759	0.2	-3.69076502634595	false positive	3	2
1	43449.894	43451.105	43449894 43451105	0.2	-3.69076502634595	false positive	3	4
1	43451.457	43455.122	43451457 43455122	0.2	-3.69076502634595	false positive	3	6
1	43448.817	43449.759	43448817 43449759	0.2	-3.24606547093528	false positive	3	2
0	43449.894	43451.105	43449894 43451105	0.2	-3.24606547093528	correct	3	3
0	43451.457	43455.122	43451457 43455122	0.2	-3.24606547093528	correct	3	5
1	43448.817	43449.759	43448817 43449759	0.2	-2.89968223588422	false positive	3	2
0	43449.894	43451.105	43449894 43451105	0.2	-2.89968223588422	correct	3	3
0	43451.457	43455.122	43451457 43455122	0.2	-2.89968223588422	correct	3	5
1	43448.817	43449.759	43448817 43449759	0.2	-2.61672750310254	false positive	3	2
0	43449.894	43451.105	43449894 43451105	0.2	-2.61672750310254	correct	3	3
0	43451.457	43455.122	43451457 43455122	0.2	-2.61672750310254	correct	3	5
1	43448.817	43449.759	43448817 43449759	0.2	-2.524465240576	false positive	3	2
0	43449.894	43451.105	43449894 43451105	0.2	-2.524465240576	correct	3	3
0	43451.457	43455.122	43451457 43455122	0.2	-2.524465240576	correct	3	5
1	43448.817	43449.759	43448817 43449759	0.2	-2.18211495654429	false positive	3	2
0	43449.894	43451.105	43449894 43451105	0.2	-2.18211495654429	correct	3	3
0	43451.457	43455.122	43451457 43455122	0.2	-2.18211495654429	correct	3	5
1	43448.817	43449.759	43448817 43449759	0.2	-1.44637692472725	false positive	3	2
0	43449.894	43451.105	43449894 43451105	0.2	-1.44637692472725	correct	3	3
0	43451.457	43455.122	43451457 43455122	0.2	-1.44637692472725	correct	3	5
1	43448.817	43449.759	43448817 43449759	0.2	-0.790094964469778	false positive	3	2
0	43449.894	43451.105	43449894 43451105	0.2	-0.790094964469778	correct	3	3
0	43451.457	43455.122	43451457 43455122	0.2	-0.790094964469778	correct	3	5
0	43448.817	43449.759	43448817 43449759	0.2	0.252025557362249	correct	3	1
0	43449.894	43451.105	43449894 43451105	0.2	0.252025557362249	correct	3	3
0	43451.457	43455.122	43451457 43455122	0.2	0.252025557362249	correct	3	5
0	43448.817	43449.759	43448817 43449759	0.2	1.33535796948531	correct	3	1
0	43449.894	43451.105	43449894 43451105	0.2	1.33535796948531	correct	3	3
0	43451.457	43455.122	43451457 43455122	0.2	1.33535796948531	correct	3	5
0	43448.817	43449.759	43448817 43449759	0.2	Inf	correct	3	1
0	43449.894	43451.105	43449894 43451105	0.2	Inf	correct	3	3
0	43451.457	43455.122	43451457 43455122	0.2	Inf	correct	3	5
1	43448.817	43449.759	43448817 43449759	0.4	-Inf	false positive	3	2
1	43449.894	43451.105	43449894 43451105	0.4	-Inf	false positive	3	4
1	43451.457	43455.122	43451457 43455122	0.4	-Inf	false positive	3	6
1	43448.817	43449.759	43448817 43449759	0.4	-4.23973201486999	false positive	3	2
1	43449.894	43451.105	43449894 43451105	0.4	-4.23973201486999	false positive	3	4
1	43451.457	43455.122	43451457 43455122	0.4	-4.23973201486999	false positive	3	6
1	43448.817	43449.759	43448817 43449759	0.4	-3.79076502634595	false positive	3	2
1	43449.894	43451.105	43449894 43451105	0.4	-3.79076502634595	false positive	3	4
1	43451.457	43455.122	43451457 43455122	0.4	-3.79076502634595	false positive	3	6
1	43448.817	43449.759	43448817 43449759	0.4	-3.34606547093528	false positive	3	2
0	43449.894	43451.105	43449894 43451105	0.4	-3.34606547093528	correct	3	3
0	43451.457	43455.122	43451457 43455122	0.4	-3.34606547093528	correct	3	5
1	43448.817	43449.759	43448817 43449759	0.4	-2.99968223588422	false positive	3	2
0	43449.894	43451.105	43449894 43451105	0.4	-2.99968223588422	correct	3	3
0	43451.457	43455.122	43451457 43455122	0.4	-2.99968223588422	correct	3	5
1	43448.817	43449.759	43448817 43449759	0.4	-2.71672750310254	false positive	3	2
0	43449.894	43451.105	43449894 43451105	0.4	-2.71672750310254	correct	3	3
0	43451.457	43455.122	43451457 43455122	0.4	-2.71672750310254	correct	3	5
1	43448.817	43449.759	43448817 43449759	0.4	-2.524465240576	false positive	3	2
0	43449.894	43451.105	43449894 43451105	0.4	-2.524465240576	correct	3	3
0	43451.457	43455.122	43451457 43455122	0.4	-2.524465240576	correct	3	5
1	43448.817	43449.759	43448817 43449759	0.4	-2.28211495654429	false positive	3	2
0	43449.894	43451.105	43449894 43451105	0.4	-2.28211495654429	correct	3	3
0	43451.457	43455.122	43451457 43455122	0.4	-2.28211495654429	correct	3	5
1	43448.817	43449.759	43448817 43449759	0.4	-1.54637692472725	false positive	3	2
0	43449.894	43451.105	43449894 43451105	0.4	-1.54637692472725	correct	3	3
0	43451.457	43455.122	43451457 43455122	0.4	-1.54637692472725	correct	3	5
1	43448.817	43449.759	43448817 43449759	0.4	-0.890094964469778	false positive	3	2
0	43449.894	43451.105	43449894 43451105	0.4	-0.890094964469778	correct	3	3
0	43451.457	43455.122	43451457 43455122	0.4	-0.890094964469778	correct	3	5
0	43448.817	43449.759	43448817 43449759	0.4	0.0520255573622483	correct	3	1
0	43449.894	43451.105	43449894 43451105	0.4	0.0520255573622483	correct	3	3
0	43451.457	43455.122	43451457 43455122	0.4	0.0520255573622483	correct	3	5
0	43448.817	43449.759	43448817 43449759	0.4	1.23535796948531	correct	3	1
0	43449.894	43451.105	43449894 43451105	0.4	1.23535796948531	correct	3	3
0	43451.457	43455.122	43451457 43455122	0.4	1.23535796948531	correct	3	5
0	43448.817	43449.759	43448817 43449759	0.4	Inf	correct	3	1
0	43449.894	43451.105	43449894 43451105	0.4	Inf	correct	3	3
0	43451.457	43455.122	43451457 43455122	0.4	Inf	correct	3	5
1	43448.817	43449.759	43448817 43449759	0.600000000000001	-Inf	false positive	3	2
1	43449.894	43451.105	43449894 43451105	0.600000000000001	-Inf	false positive	3	4
1	43451.457	43455.122	43451457 43455122	0.600000000000001	-Inf	false positive	3	6
1	43448.817	43449.759	43448817 43449759	0.600000000000001	-4.33973201486999	false positive	3	2
1	43449.894	43451.105	43449894 43451105	0.600000000000001	-4.33973201486999	false positive	3	4
1	43451.457	43455.122	43451457 43455122	0.600000000000001	-4.33973201486999	false positive	3	6
1	43448.817	43449.759	43448817 43449759	0.600000000000001	-3.89076502634595	false positive	3	2
1	43449.894	43451.105	43449894 43451105	0.600000000000001	-3.89076502634595	false positive	3	4
1	43451.457	43455.122	43451457 43455122	0.600000000000001	-3.89076502634595	false positive	3	6
1	43448.817	43449.759	43448817 43449759	0.600000000000001	-3.44606547093528	false positive	3	2
0	43449.894	43451.105	43449894 43451105	0.600000000000001	-3.44606547093528	correct	3	3
0	43451.457	43455.122	43451457 43455122	0.600000000000001	-3.44606547093528	correct	3	5
1	43448.817	43449.759	43448817 43449759	0.600000000000001	-3.09968223588423	false positive	3	2
0	43449.894	43451.105	43449894 43451105	0.600000000000001	-3.09968223588423	correct	3	3
0	43451.457	43455.122	43451457 43455122	0.600000000000001	-3.09968223588423	correct	3	5
1	43448.817	43449.759	43448817 43449759	0.600000000000001	-2.81672750310254	false positive	3	2
0	43449.894	43451.105	43449894 43451105	0.600000000000001	-2.81672750310254	correct	3	3
0	43451.457	43455.122	43451457 43455122	0.600000000000001	-2.81672750310254	correct	3	5
1	43448.817	43449.759	43448817 43449759	0.600000000000001	-2.524465240576	false positive	3	2
0	43449.894	43451.105	43449894 43451105	0.600000000000001	-2.524465240576	correct	3	3
0	43451.457	43455.122	43451457 43455122	0.600000000000001	-2.524465240576	correct	3	5
1	43448.817	43449.759	43448817 43449759	0.600000000000001	-2.38211495654429	false positive	3	2
0	43449.894	43451.105	43449894 43451105	0.600000000000001	-2.38211495654429	correct	3	3
0	43451.457	43455.122	43451457 43455122	0.600000000000001	-2.38211495654429	correct	3	5
1	43448.817	43449.759	43448817 43449759	0.600000000000001	-1.64716488283047	false positive	3	2
0	43449.894	43451.105	43449894 43451105	0.600000000000001	-1.64716488283047	correct	3	3
0	43451.457	43455.122	43451457 43455122	0.600000000000001	-1.64716488283047	correct	3	5
0	43448.817	43449.759	43448817 43449759	0.600000000000001	-0.990094964469779	correct	3	1
0	43449.894	43451.105	43449894 43451105	0.600000000000001	-0.990094964469779	correct	3	3
0	43451.457	43455.122	43451457 43455122	0.600000000000001	-0.990094964469779	correct	3	5
0	43448.817	43449.759	43448817 43449759	0.600000000000001	-0.147186484534535	correct	3	1
0	43449.894	43451.105	43449894 43451105	0.600000000000001	-0.147186484534535	correct	3	3
0	43451.457	43455.122	43451457 43455122	0.600000000000001	-0.147186484534535	correct	3	5
0	43448.817	43449.759	43448817 43449759	0.600000000000001	1.13535796948531	correct	3	1
0	43449.894	43451.105	43449894 43451105	0.600000000000001	1.13535796948531	correct	3	3
0	43451.457	43455.122	43451457 43455122	0.600000000000001	1.13535796948531	correct	3	5
0	43448.817	43449.759	43448817 43449759	0.600000000000001	Inf	correct	3	1
0	43449.894	43451.105	43449894 43451105	0.600000000000001	Inf	correct	3	3
0	43451.457	43455.122	43451457 43455122	0.600000000000001	Inf	correct	3	5
1	43448.817	43449.759	43448817 43449759	0.800000000000001	-Inf	false positive	3	2
1	43449.894	43451.105	43449894 43451105	0.800000000000001	-Inf	false positive	3	4
1	43451.457	43455.122	43451457 43455122	0.800000000000001	-Inf	false positive	3	6
1	43448.817	43449.759	43448817 43449759	0.800000000000001	-4.43973201486999	false positive	3	2
1	43449.894	43451.105	43449894 43451105	0.800000000000001	-4.43973201486999	false positive	3	4
1	43451.457	43455.122	43451457 43455122	0.800000000000001	-4.43973201486999	false positive	3	6
1	43448.817	43449.759	43448817 43449759	0.800000000000001	-3.99076502634595	false positive	3	2
1	43449.894	43451.105	43449894 43451105	0.800000000000001	-3.99076502634595	false positive	3	4
1	43451.457	43455.122	43451457 43455122	0.800000000000001	-3.99076502634595	false positive	3	6
1	43448.817	43449.759	43448817 43449759	0.800000000000001	-3.59169083010477	false positive	3	2
0	43449.894	43451.105	43449894 43451105	0.800000000000001	-3.59169083010477	correct	3	3
0	43451.457	43455.122	43451457 43455122	0.800000000000001	-3.59169083010477	correct	3	5
1	43448.817	43449.759	43448817 43449759	0.800000000000001	-3.19968223588422	false positive	3	2
0	43449.894	43451.105	43449894 43451105	0.800000000000001	-3.19968223588422	correct	3	3
0	43451.457	43455.122	43451457 43455122	0.800000000000001	-3.19968223588422	correct	3	5
1	43448.817	43449.759	43448817 43449759	0.800000000000001	-2.87110214393305	false positive	3	2
0	43449.894	43451.105	43449894 43451105	0.800000000000001	-2.87110214393305	correct	3	3
0	43451.457	43455.122	43451457 43455122	0.800000000000001	-2.87110214393305	correct	3	5
1	43448.817	43449.759	43448817 43449759	0.800000000000001	-2.54579712711966	false positive	3	2
0	43449.894	43451.105	43449894 43451105	0.800000000000001	-2.54579712711966	correct	3	3
0	43451.457	43455.122	43451457 43455122	0.800000000000001	-2.54579712711966	correct	3	5
1	43448.817	43449.759	43448817 43449759	0.800000000000001	-2.48211495654429	false positive	3	2
0	43449.894	43451.105	43449894 43451105	0.800000000000001	-2.48211495654429	correct	3	3
0	43451.457	43455.122	43451457 43455122	0.800000000000001	-2.48211495654429	correct	3	5
1	43448.817	43449.759	43448817 43449759	0.800000000000001	-1.82583299628681	false positive	3	2
0	43449.894	43451.105	43449894 43451105	0.800000000000001	-1.82583299628681	correct	3	3
0	43451.457	43455.122	43451457 43455122	0.800000000000001	-1.82583299628681	correct	3	5
0	43448.817	43449.759	43448817 43449759	0.800000000000001	-1.09009496446978	correct	3	1
0	43449.894	43451.105	43449894 43451105	0.800000000000001	-1.09009496446978	correct	3	3
0	43451.457	43455.122	43451457 43455122	0.800000000000001	-1.09009496446978	correct	3	5
0	43448.817	43449.759	43448817 43449759	0.800000000000001	-0.247186484534534	correct	3	1
0	43449.894	43451.105	43449894 43451105	0.800000000000001	-0.247186484534534	correct	3	3
0	43451.457	43455.122	43451457 43455122	0.800000000000001	-0.247186484534534	correct	3	5
0	43448.817	43449.759	43448817 43449759	0.800000000000001	1.03535796948531	correct	3	1
0	43449.894	43451.105	43449894 43451105	0.800000000000001	1.03535796948531	correct	3	3
0	43451.457	43455.122	43451457 43455122	0.800000000000001	1.03535796948531	correct	3	5
0	43448.817	43449.759	43448817 43449759	0.800000000000001	Inf	correct	3	1
0	43449.894	43451.105	43449894 43451105	0.800000000000001	Inf	correct	3	3
0	43451.457	43455.122	43451457 43455122	0.800000000000001	Inf	correct	3	5
1	43448.817	43449.759	43448817 43449759	1	-Inf	false positive	3	2
1	43449.894	43451.105	43449894 43451105	1	-Inf	false positive	3	4
1	43451.457	43455.122	43451457 43455122	1	-Inf	false positive	3	6
1	43448.817	43449.759	43448817 43449759	1	-4.58704105367987	false positive	3	2
1	43449.894	43451.105	43449894 43451105	1	-4.58704105367987	false positive	3	4
1	43451.457	43455.122	43451457 43455122	1	-4.58704105367987	false positive	3	6
1	43448.817	43449.759	43448817 43449759	1	-4.09076502634595	false positive	3	2
0	43449.894	43451.105	43449894 43451105	1	-4.09076502634595	correct	3	3
0	43451.457	43455.122	43451457 43455122	1	-4.09076502634595	correct	3	5
1	43448.817	43449.759	43448817 43449759	1	-3.74438179129489	false positive	3	2
0	43449.894	43451.105	43449894 43451105	1	-3.74438179129489	correct	3	3
0	43451.457	43455.122	43451457 43455122	1	-3.74438179129489	correct	3	5
1	43448.817	43449.759	43448817 43449759	1	-3.29968223588422	false positive	3	2
0	43449.894	43451.105	43449894 43451105	1	-3.29968223588422	correct	3	3
0	43451.457	43455.122	43451457 43455122	1	-3.29968223588422	correct	3	5
1	43448.817	43449.759	43448817 43449759	1	-2.92875185990134	false positive	3	2
0	43449.894	43451.105	43449894 43451105	1	-2.92875185990134	correct	3	3
0	43451.457	43455.122	43451457 43455122	1	-2.92875185990134	correct	3	5
1	43448.817	43449.759	43448817 43449759	1	-2.64579712711966	false positive	3	2
0	43449.894	43451.105	43449894 43451105	1	-2.64579712711966	correct	3	3
0	43451.457	43455.122	43451457 43455122	1	-2.64579712711966	correct	3	5
1	43448.817	43449.759	43448817 43449759	1	-2.524465240576	false positive	3	2
0	43449.894	43451.105	43449894 43451105	1	-2.524465240576	correct	3	3
0	43451.457	43455.122	43451457 43455122	1	-2.524465240576	correct	3	5
1	43448.817	43449.759	43448817 43449759	1	-1.92583299628681	false positive	3	2
0	43449.894	43451.105	43449894 43451105	1	-1.92583299628681	correct	3	3
0	43451.457	43455.122	43451457 43455122	1	-1.92583299628681	correct	3	5
0	43448.817	43449.759	43448817 43449759	1	-1.19009496446978	correct	3	1
0	43449.894	43451.105	43449894 43451105	1	-1.19009496446978	correct	3	3
0	43451.457	43455.122	43451457 43455122	1	-1.19009496446978	correct	3	5
0	43448.817	43449.759	43448817 43449759	1	-0.347186484534534	correct	3	1
0	43449.894	43451.105	43449894 43451105	1	-0.347186484534534	correct	3	3
0	43451.457	43455.122	43451457 43455122	1	-0.347186484534534	correct	3	5
0	43448.817	43449.759	43448817 43449759	1	0.935357969485313	correct	3	1
0	43449.894	43451.105	43449894 43451105	1	0.935357969485313	correct	3	3
0	43451.457	43455.122	43451457 43455122	1	0.935357969485313	correct	3	5
0	43448.817	43449.759	43448817 43449759	1	Inf	correct	3	1
0	43449.894	43451.105	43449894 43451105	1	Inf	correct	3	3
0	43451.457	43455.122	43451457 43455122	1	Inf	correct	3	5
1	43448.817	43449.759	43448817 43449759	1.2	-Inf	false positive	3	2
1	43449.894	43451.105	43449894 43451105	1.2	-Inf	false positive	3	4
1	43451.457	43455.122	43451457 43455122	1.2	-Inf	false positive	3	6
1	43448.817	43449.759	43448817 43449759	1.2	-4.78704105367987	false positive	3	2
1	43449.894	43451.105	43449894 43451105	1.2	-4.78704105367987	false positive	3	4
1	43451.457	43455.122	43451457 43455122	1.2	-4.78704105367987	false positive	3	6
1	43448.817	43449.759	43448817 43449759	1.2	-4.19076502634595	false positive	3	2
0	43449.894	43451.105	43449894 43451105	1.2	-4.19076502634595	correct	3	3
0	43451.457	43455.122	43451457 43455122	1.2	-4.19076502634595	correct	3	5
1	43448.817	43449.759	43448817 43449759	1.2	-3.84438179129489	false positive	3	2
0	43449.894	43451.105	43449894 43451105	1.2	-3.84438179129489	correct	3	3
0	43451.457	43455.122	43451457 43455122	1.2	-3.84438179129489	correct	3	5
1	43448.817	43449.759	43448817 43449759	1.2	-3.39968223588422	false positive	3	2
0	43449.894	43451.105	43449894 43451105	1.2	-3.39968223588422	correct	3	3
0	43451.457	43455.122	43451457 43455122	1.2	-3.39968223588422	correct	3	5
1	43448.817	43449.759	43448817 43449759	1.2	-3.02875185990134	false positive	3	2
0	43449.894	43451.105	43449894 43451105	1.2	-3.02875185990134	correct	3	3
0	43451.457	43455.122	43451457 43455122	1.2	-3.02875185990134	correct	3	5
1	43448.817	43449.759	43448817 43449759	1.2	-2.74579712711966	false positive	3	2
0	43449.894	43451.105	43449894 43451105	1.2	-2.74579712711966	correct	3	3
0	43451.457	43455.122	43451457 43455122	1.2	-2.74579712711966	correct	3	5
1	43448.817	43449.759	43448817 43449759	1.2	-2.524465240576	false positive	3	2
0	43449.894	43451.105	43449894 43451105	1.2	-2.524465240576	correct	3	3
0	43451.457	43455.122	43451457 43455122	1.2	-2.524465240576	correct	3	5
1	43448.817	43449.759	43448817 43449759	1.2	-2.02583299628681	false positive	3	2
0	43449.894	43451.105	43449894 43451105	1.2	-2.02583299628681	correct	3	3
0	43451.457	43455.122	43451457 43455122	1.2	-2.02583299628681	correct	3	5
0	43448.817	43449.759	43448817 43449759	1.2	-1.29009496446978	correct	3	1
0	43449.894	43451.105	43449894 43451105	1.2	-1.29009496446978	correct	3	3
0	43451.457	43455.122	43451457 43455122	1.2	-1.29009496446978	correct	3	5
0	43448.817	43449.759	43448817 43449759	1.2	-0.447186484534534	correct	3	1
0	43449.894	43451.105	43449894 43451105	1.2	-0.447186484534534	correct	3	3
0	43451.457	43455.122	43451457 43455122	1.2	-0.447186484534534	correct	3	5
0	43448.817	43449.759	43448817 43449759	1.2	0.835357969485314	correct	3	1
0	43449.894	43451.105	43449894 43451105	1.2	0.835357969485314	correct	3	3
0	43451.457	43455.122	43451457 43455122	1.2	0.835357969485314	correct	3	5
0	43448.817	43449.759	43448817 43449759	1.2	Inf	correct	3	1
0	43449.894	43451.105	43449894 43451105	1.2	Inf	correct	3	3
0	43451.457	43455.122	43451457 43455122	1.2	Inf	correct	3	5
1	43448.817	43449.759	43448817 43449759	1.4	-Inf	false positive	3	2
1	43449.894	43451.105	43449894 43451105	1.4	-Inf	false positive	3	4
1	43451.457	43455.122	43451457 43455122	1.4	-Inf	false positive	3	6
1	43448.817	43449.759	43448817 43449759	1.4	-4.98704105367987	false positive	3	2
1	43449.894	43451.105	43449894 43451105	1.4	-4.98704105367987	false positive	3	4
1	43451.457	43455.122	43451457 43455122	1.4	-4.98704105367987	false positive	3	6
1	43448.817	43449.759	43448817 43449759	1.4	-4.29076502634595	false positive	3	2
0	43449.894	43451.105	43449894 43451105	1.4	-4.29076502634595	correct	3	3
0	43451.457	43455.122	43451457 43455122	1.4	-4.29076502634595	correct	3	5
1	43448.817	43449.759	43448817 43449759	1.4	-3.94438179129489	false positive	3	2
0	43449.894	43451.105	43449894 43451105	1.4	-3.94438179129489	correct	3	3
0	43451.457	43455.122	43451457 43455122	1.4	-3.94438179129489	correct	3	5
1	43448.817	43449.759	43448817 43449759	1.4	-3.49968223588422	false positive	3	2
0	43449.894	43451.105	43449894 43451105	1.4	-3.49968223588422	correct	3	3
0	43451.457	43455.122	43451457 43455122	1.4	-3.49968223588422	correct	3	5
1	43448.817	43449.759	43448817 43449759	1.4	-3.12875185990134	false positive	3	2
0	43449.894	43451.105	43449894 43451105	1.4	-3.12875185990134	correct	3	3
0	43451.457	43455.122	43451457 43455122	1.4	-3.12875185990134	correct	3	5
1	43448.817	43449.759	43448817 43449759	1.4	-2.84579712711966	false positive	3	2
0	43449.894	43451.105	43449894 43451105	1.4	-2.84579712711966	correct	3	3
0	43451.457	43455.122	43451457 43455122	1.4	-2.84579712711966	correct	3	5
1	43448.817	43449.759	43448817 43449759	1.4	-2.524465240576	false positive	3	2
0	43449.894	43451.105	43449894 43451105	1.4	-2.524465240576	correct	3	3
0	43451.457	43455.122	43451457 43455122	1.4	-2.524465240576	correct	3	5
1	43448.817	43449.759	43448817 43449759	1.4	-2.12583299628681	false positive	3	2
0	43449.894	43451.105	43449894 43451105	1.4	-2.12583299628681	correct	3	3
0	43451.457	43455.122	43451457 43455122	1.4	-2.12583299628681	correct	3	5
0	43448.817	43449.759	43448817 43449759	1.4	-1.39009496446978	correct	3	1
0	43449.894	43451.105	43449894 43451105	1.4	-1.39009496446978	correct	3	3
0	43451.457	43455.122	43451457 43455122	1.4	-1.39009496446978	correct	3	5
0	43448.817	43449.759	43448817 43449759	1.4	-0.547186484534534	correct	3	1
0	43449.894	43451.105	43449894 43451105	1.4	-0.547186484534534	correct	3	3
0	43451.457	43455.122	43451457 43455122	1.4	-0.547186484534534	correct	3	5
0	43448.817	43449.759	43448817 43449759	1.4	0.735357969485313	correct	3	1
0	43449.894	43451.105	43449894 43451105	1.4	0.735357969485313	correct	3	3
0	43451.457	43455.122	43451457 43455122	1.4	0.735357969485313	correct	3	5
0	43448.817	43449.759	43448817 43449759	1.4	Inf	correct	3	1
0	43449.894	43451.105	43449894 43451105	1.4	Inf	correct	3	3
0	43451.457	43455.122	43451457 43455122	1.4	Inf	correct	3	5
1	43448.817	43449.759	43448817 43449759	1.6	-Inf	false positive	3	2
1	43449.894	43451.105	43449894 43451105	1.6	-Inf	false positive	3	4
1	43451.457	43455.122	43451457 43455122	1.6	-Inf	false positive	3	6
1	43448.817	43449.759	43448817 43449759	1.6	-5.18704105367987	false positive	3	2
1	43449.894	43451.105	43449894 43451105	1.6	-5.18704105367987	false positive	3	4
1	43451.457	43455.122	43451457 43455122	1.6	-5.18704105367987	false positive	3	6
1	43448.817	43449.759	43448817 43449759	1.6	-4.39169083010477	false positive	3	2
0	43449.894	43451.105	43449894 43451105	1.6	-4.39169083010477	correct	3	3
0	43451.457	43455.122	43451457 43455122	1.6	-4.39169083010477	correct	3	5
1	43448.817	43449.759	43448817 43449759	1.6	-4.04438179129489	false positive	3	2
0	43449.894	43451.105	43449894 43451105	1.6	-4.04438179129489	correct	3	3
0	43451.457	43455.122	43451457 43455122	1.6	-4.04438179129489	correct	3	5
1	43448.817	43449.759	43448817 43449759	1.6	-3.67345141531201	false positive	3	2
0	43449.894	43451.105	43449894 43451105	1.6	-3.67345141531201	correct	3	3
0	43451.457	43455.122	43451457 43455122	1.6	-3.67345141531201	correct	3	5
1	43448.817	43449.759	43448817 43449759	1.6	-3.22875185990134	false positive	3	2
0	43449.894	43451.105	43449894 43451105	1.6	-3.22875185990134	correct	3	3
0	43451.457	43455.122	43451457 43455122	1.6	-3.22875185990134	correct	3	5
1	43448.817	43449.759	43448817 43449759	1.6	-2.87110214393305	false positive	3	2
0	43449.894	43451.105	43449894 43451105	1.6	-2.87110214393305	correct	3	3
0	43451.457	43455.122	43451457 43455122	1.6	-2.87110214393305	correct	3	5
1	43448.817	43449.759	43448817 43449759	1.6	-2.524465240576	false positive	3	2
0	43449.894	43451.105	43449894 43451105	1.6	-2.524465240576	correct	3	3
0	43451.457	43455.122	43451457 43455122	1.6	-2.524465240576	correct	3	5
1	43448.817	43449.759	43448817 43449759	1.6	-2.22583299628681	false positive	3	2
0	43449.894	43451.105	43449894 43451105	1.6	-2.22583299628681	correct	3	3
0	43451.457	43455.122	43451457 43455122	1.6	-2.22583299628681	correct	3	5
0	43448.817	43449.759	43448817 43449759	1.6	-1.49009496446978	correct	3	1
0	43449.894	43451.105	43449894 43451105	1.6	-1.49009496446978	correct	3	3
0	43451.457	43455.122	43451457 43455122	1.6	-1.49009496446978	correct	3	5
0	43448.817	43449.759	43448817 43449759	1.6	-0.647186484534535	correct	3	1
0	43449.894	43451.105	43449894 43451105	1.6	-0.647186484534535	correct	3	3
0	43451.457	43455.122	43451457 43455122	1.6	-0.647186484534535	correct	3	5
0	43448.817	43449.759	43448817 43449759	1.6	0.635357969485312	correct	3	1
0	43449.894	43451.105	43449894 43451105	1.6	0.635357969485312	correct	3	3
0	43451.457	43455.122	43451457 43455122	1.6	0.635357969485312	correct	3	5
0	43448.817	43449.759	43448817 43449759	1.6	Inf	correct	3	1
0	43449.894	43451.105	43449894 43451105	1.6	Inf	correct	3	3
0	43451.457	43455.122	43451457 43455122	1.6	Inf	correct	3	5
1	43448.817	43449.759	43448817 43449759	1.8	-Inf	false positive	3	2
1	43449.894	43451.105	43449894 43451105	1.8	-Inf	false positive	3	4
1	43451.457	43455.122	43451457 43455122	1.8	-Inf	false positive	3	6
1	43448.817	43449.759	43448817 43449759	1.8	-5.38704105367987	false positive	3	2
1	43449.894	43451.105	43449894 43451105	1.8	-5.38704105367987	false positive	3	4
1	43451.457	43455.122	43451457 43455122	1.8	-5.38704105367987	false positive	3	6
1	43448.817	43449.759	43448817 43449759	1.8	-4.59169083010477	false positive	3	2
0	43449.894	43451.105	43449894 43451105	1.8	-4.59169083010477	correct	3	3
0	43451.457	43455.122	43451457 43455122	1.8	-4.59169083010477	correct	3	5
1	43448.817	43449.759	43448817 43449759	1.8	-4.14438179129489	false positive	3	2
0	43449.894	43451.105	43449894 43451105	1.8	-4.14438179129489	correct	3	3
0	43451.457	43455.122	43451457 43455122	1.8	-4.14438179129489	correct	3	5
1	43448.817	43449.759	43448817 43449759	1.8	-3.77345141531201	false positive	3	2
0	43449.894	43451.105	43449894 43451105	1.8	-3.77345141531201	correct	3	3
0	43451.457	43455.122	43451457 43455122	1.8	-3.77345141531201	correct	3	5
1	43448.817	43449.759	43448817 43449759	1.8	-3.32875185990134	false positive	3	2
0	43449.894	43451.105	43449894 43451105	1.8	-3.32875185990134	correct	3	3
0	43451.457	43455.122	43451457 43455122	1.8	-3.32875185990134	correct	3	5
1	43448.817	43449.759	43448817 43449759	1.8	-2.87110214393305	false positive	3	2
0	43449.894	43451.105	43449894 43451105	1.8	-2.87110214393305	correct	3	3
0	43451.457	43455.122	43451457 43455122	1.8	-2.87110214393305	correct	3	5
1	43448.817	43449.759	43448817 43449759	1.8	-2.524465240576	false positive	3	2
0	43449.894	43451.105	43449894 43451105	1.8	-2.524465240576	correct	3	3
0	43451.457	43455.122	43451457 43455122	1.8	-2.524465240576	correct	3	5
1	43448.817	43449.759	43448817 43449759	1.8	-2.32583299628681	false positive	3	2
0	43449.894	43451.105	43449894 43451105	1.8	-2.32583299628681	correct	3	3
0	43451.457	43455.122	43451457 43455122	1.8	-2.32583299628681	correct	3	5
0	43448.817	43449.759	43448817 43449759	1.8	-1.59009496446978	correct	3	1
0	43449.894	43451.105	43449894 43451105	1.8	-1.59009496446978	correct	3	3
0	43451.457	43455.122	43451457 43455122	1.8	-1.59009496446978	correct	3	5
0	43448.817	43449.759	43448817 43449759	1.8	-0.747186484534534	correct	3	1
0	43449.894	43451.105	43449894 43451105	1.8	-0.747186484534534	correct	3	3
0	43451.457	43455.122	43451457 43455122	1.8	-0.747186484534534	correct	3	5
0	43448.817	43449.759	43448817 43449759	1.8	0.535357969485313	correct	3	1
0	43449.894	43451.105	43449894 43451105	1.8	0.535357969485313	correct	3	3
0	43451.457	43455.122	43451457 43455122	1.8	0.535357969485313	correct	3	5
0	43448.817	43449.759	43448817 43449759	1.8	Inf	correct	3	1
0	43449.894	43451.105	43449894 43451105	1.8	Inf	correct	3	3
0	43451.457	43455.122	43451457 43455122	1.8	Inf	correct	3	5
1	43448.817	43449.759	43448817 43449759	2	-Inf	false positive	3	2
1	43449.894	43451.105	43449894 43451105	2	-Inf	false positive	3	4
1	43451.457	43455.122	43451457 43455122	2	-Inf	false positive	3	6
1	43448.817	43449.759	43448817 43449759	2	-5.58704105367987	false positive	3	2
1	43449.894	43451.105	43449894 43451105	2	-5.58704105367987	false positive	3	4
1	43451.457	43455.122	43451457 43455122	2	-5.58704105367987	false positive	3	6
1	43448.817	43449.759	43448817 43449759	2	-4.79169083010477	false positive	3	2
0	43449.894	43451.105	43449894 43451105	2	-4.79169083010477	correct	3	3
0	43451.457	43455.122	43451457 43455122	2	-4.79169083010477	correct	3	5
1	43448.817	43449.759	43448817 43449759	2	-4.24438179129489	false positive	3	2
0	43449.894	43451.105	43449894 43451105	2	-4.24438179129489	correct	3	3
0	43451.457	43455.122	43451457 43455122	2	-4.24438179129489	correct	3	5
1	43448.817	43449.759	43448817 43449759	2	-3.87345141531201	false positive	3	2
0	43449.894	43451.105	43449894 43451105	2	-3.87345141531201	correct	3	3
0	43451.457	43455.122	43451457 43455122	2	-3.87345141531201	correct	3	5
1	43448.817	43449.759	43448817 43449759	2	-3.42875185990134	false positive	3	2
0	43449.894	43451.105	43449894 43451105	2	-3.42875185990134	correct	3	3
0	43451.457	43455.122	43451457 43455122	2	-3.42875185990134	correct	3	5
1	43448.817	43449.759	43448817 43449759	2	-2.87110214393305	false positive	3	2
0	43449.894	43451.105	43449894 43451105	2	-2.87110214393305	correct	3	3
0	43451.457	43455.122	43451457 43455122	2	-2.87110214393305	correct	3	5
1	43448.817	43449.759	43448817 43449759	2	-2.524465240576	false positive	3	2
0	43449.894	43451.105	43449894 43451105	2	-2.524465240576	correct	3	3
0	43451.457	43455.122	43451457 43455122	2	-2.524465240576	correct	3	5
1	43448.817	43449.759	43448817 43449759	2	-2.42583299628681	false positive	3	2
0	43449.894	43451.105	43449894 43451105	2	-2.42583299628681	correct	3	3
0	43451.457	43455.122	43451457 43455122	2	-2.42583299628681	correct	3	5
0	43448.817	43449.759	43448817 43449759	2	-1.69009496446978	correct	3	1
0	43449.894	43451.105	43449894 43451105	2	-1.69009496446978	correct	3	3
0	43451.457	43455.122	43451457 43455122	2	-1.69009496446978	correct	3	5
0	43448.817	43449.759	43448817 43449759	2	-0.847186484534534	correct	3	1
0	43449.894	43451.105	43449894 43451105	2	-0.847186484534534	correct	3	3
0	43451.457	43455.122	43451457 43455122	2	-0.847186484534534	correct	3	5
0	43448.817	43449.759	43448817 43449759	2	0.435357969485313	correct	3	1
0	43449.894	43451.105	43449894 43451105	2	0.435357969485313	correct	3	3
0	43451.457	43455.122	43451457 43455122	2	0.435357969485313	correct	3	5
0	43448.817	43449.759	43448817 43449759	2	Inf	correct	3	1
0	43449.894	43451.105	43449894 43451105	2	Inf	correct	3	3
0	43451.457	43455.122	43451457 43455122	2	Inf	correct	3	5
1	43448.817	43449.759	43448817 43449759	2.2	-Inf	false positive	3	2
1	43449.894	43451.105	43449894 43451105	2.2	-Inf	false positive	3	4
1	43451.457	43455.122	43451457 43455122	2.2	-Inf	false positive	3	6
1	43448.817	43449.759	43448817 43449759	2.2	-5.78704105367987	false positive	3	2
1	43449.894	43451.105	43449894 43451105	2.2	-5.78704105367987	false positive	3	4
1	43451.457	43455.122	43451457 43455122	2.2	-5.78704105367987	false positive	3	6
1	43448.817	43449.759	43448817 43449759	2.2	-4.99169083010477	false positive	3	2
0	43449.894	43451.105	43449894 43451105	2.2	-4.99169083010477	correct	3	3
0	43451.457	43455.122	43451457 43455122	2.2	-4.99169083010477	correct	3	5
1	43448.817	43449.759	43448817 43449759	2.2	-4.34438179129489	false positive	3	2
0	43449.894	43451.105	43449894 43451105	2.2	-4.34438179129489	correct	3	3
0	43451.457	43455.122	43451457 43455122	2.2	-4.34438179129489	correct	3	5
1	43448.817	43449.759	43448817 43449759	2.2	-3.97345141531201	false positive	3	2
0	43449.894	43451.105	43449894 43451105	2.2	-3.97345141531201	correct	3	3
0	43451.457	43455.122	43451457 43455122	2.2	-3.97345141531201	correct	3	5
1	43448.817	43449.759	43448817 43449759	2.2	-3.52875185990134	false positive	3	2
0	43449.894	43451.105	43449894 43451105	2.2	-3.52875185990134	correct	3	3
0	43451.457	43455.122	43451457 43455122	2.2	-3.52875185990134	correct	3	5
1	43448.817	43449.759	43448817 43449759	2.2	-2.87246989964386	false positive	3	2
0	43449.894	43451.105	43449894 43451105	2.2	-2.87246989964386	correct	3	3
0	43451.457	43455.122	43451457 43455122	2.2	-2.87246989964386	correct	3	5
0	43448.817	43449.759	43448817 43449759	2.2	-2.58951516686218	correct	3	1
0	43449.894	43451.105	43449894 43451105	2.2	-2.58951516686218	correct	3	3
0	43451.457	43455.122	43451457 43455122	2.2	-2.58951516686218	correct	3	5
0	43448.817	43449.759	43448817 43449759	2.2	-2.524465240576	correct	3	1
0	43449.894	43451.105	43449894 43451105	2.2	-2.524465240576	correct	3	3
0	43451.457	43455.122	43451457 43455122	2.2	-2.524465240576	correct	3	5
0	43448.817	43449.759	43448817 43449759	2.2	-1.7250450381836	correct	3	1
0	43449.894	43451.105	43449894 43451105	2.2	-1.7250450381836	correct	3	3
0	43451.457	43455.122	43451457 43455122	2.2	-1.7250450381836	correct	3	5
0	43448.817	43449.759	43448817 43449759	2.2	-0.947186484534534	correct	3	1
0	43449.894	43451.105	43449894 43451105	2.2	-0.947186484534534	correct	3	3
0	43451.457	43455.122	43451457 43455122	2.2	-0.947186484534534	correct	3	5
0	43448.817	43449.759	43448817 43449759	2.2	0.335357969485314	correct	3	1
0	43449.894	43451.105	43449894 43451105	2.2	0.335357969485314	correct	3	3
0	43451.457	43455.122	43451457 43455122	2.2	0.335357969485314	correct	3	5
0	43448.817	43449.759	43448817 43449759	2.2	Inf	correct	3	1
0	43449.894	43451.105	43449894 43451105	2.2	Inf	correct	3	3
0	43451.457	43455.122	43451457 43455122	2.2	Inf	correct	3	5
1	43448.817	43449.759	43448817 43449759	2.4	-Inf	false positive	3	2
1	43449.894	43451.105	43449894 43451105	2.4	-Inf	false positive	3	4
1	43451.457	43455.122	43451457 43455122	2.4	-Inf	false positive	3	6
1	43448.817	43449.759	43448817 43449759	2.4	-5.98704105367987	false positive	3	2
1	43449.894	43451.105	43449894 43451105	2.4	-5.98704105367987	false positive	3	4
1	43451.457	43455.122	43451457 43455122	2.4	-5.98704105367987	false positive	3	6
1	43448.817	43449.759	43448817 43449759	2.4	-5.19169083010477	false positive	3	2
0	43449.894	43451.105	43449894 43451105	2.4	-5.19169083010477	correct	3	3
0	43451.457	43455.122	43451457 43455122	2.4	-5.19169083010477	correct	3	5
1	43448.817	43449.759	43448817 43449759	2.4	-4.47437721907083	false positive	3	2
0	43449.894	43451.105	43449894 43451105	2.4	-4.47437721907083	correct	3	3
0	43451.457	43455.122	43451457 43455122	2.4	-4.47437721907083	correct	3	5
1	43448.817	43449.759	43448817 43449759	2.4	-4.07345141531201	false positive	3	2
0	43449.894	43451.105	43449894 43451105	2.4	-4.07345141531201	correct	3	3
0	43451.457	43455.122	43451457 43455122	2.4	-4.07345141531201	correct	3	5
1	43448.817	43449.759	43448817 43449759	2.4	-3.5987564321254	false positive	3	2
0	43449.894	43451.105	43449894 43451105	2.4	-3.5987564321254	correct	3	3
0	43451.457	43455.122	43451457 43455122	2.4	-3.5987564321254	correct	3	5
1	43448.817	43449.759	43448817 43449759	2.4	-2.97246989964386	false positive	3	2
0	43449.894	43451.105	43449894 43451105	2.4	-2.97246989964386	correct	3	3
0	43451.457	43455.122	43451457 43455122	2.4	-2.97246989964386	correct	3	5
0	43448.817	43449.759	43448817 43449759	2.4	-2.68951516686218	correct	3	1
0	43449.894	43451.105	43449894 43451105	2.4	-2.68951516686218	correct	3	3
0	43451.457	43455.122	43451457 43455122	2.4	-2.68951516686218	correct	3	5
0	43448.817	43449.759	43448817 43449759	2.4	-2.524465240576	correct	3	1
0	43449.894	43451.105	43449894 43451105	2.4	-2.524465240576	correct	3	3
0	43451.457	43455.122	43451457 43455122	2.4	-2.524465240576	correct	3	5
0	43448.817	43449.759	43448817 43449759	2.4	-1.78292451635157	correct	3	1
0	43449.894	43451.105	43449894 43451105	2.4	-1.78292451635157	correct	3	3
0	43451.457	43455.122	43451457 43455122	2.4	-1.78292451635157	correct	3	5
0	43448.817	43449.759	43448817 43449759	2.4	-1.04718648453453	correct	3	1
0	43449.894	43451.105	43449894 43451105	2.4	-1.04718648453453	correct	3	3
0	43451.457	43455.122	43451457 43455122	2.4	-1.04718648453453	correct	3	5
0	43448.817	43449.759	43448817 43449759	2.4	0.293237447653286	correct	3	1
0	43449.894	43451.105	43449894 43451105	2.4	0.293237447653286	correct	3	3
0	43451.457	43455.122	43451457 43455122	2.4	0.293237447653286	correct	3	5
0	43448.817	43449.759	43448817 43449759	2.4	Inf	correct	3	1
0	43449.894	43451.105	43449894 43451105	2.4	Inf	correct	3	3
0	43451.457	43455.122	43451457 43455122	2.4	Inf	correct	3	5
1	43448.817	43449.759	43448817 43449759	2.6	-Inf	false positive	3	2
1	43449.894	43451.105	43449894 43451105	2.6	-Inf	false positive	3	4
1	43451.457	43455.122	43451457 43455122	2.6	-Inf	false positive	3	6
1	43448.817	43449.759	43448817 43449759	2.6	-6.18704105367987	false positive	3	2
1	43449.894	43451.105	43449894 43451105	2.6	-6.18704105367987	false positive	3	4
1	43451.457	43455.122	43451457 43455122	2.6	-6.18704105367987	false positive	3	6
1	43448.817	43449.759	43448817 43449759	2.6	-5.39169083010477	false positive	3	2
0	43449.894	43451.105	43449894 43451105	2.6	-5.39169083010477	correct	3	3
0	43451.457	43455.122	43451457 43455122	2.6	-5.39169083010477	correct	3	5
1	43448.817	43449.759	43448817 43449759	2.6	-4.67437721907083	false positive	3	2
0	43449.894	43451.105	43449894 43451105	2.6	-4.67437721907083	correct	3	3
0	43451.457	43455.122	43451457 43455122	2.6	-4.67437721907083	correct	3	5
1	43448.817	43449.759	43448817 43449759	2.6	-4.17345141531201	false positive	3	2
0	43449.894	43451.105	43449894 43451105	2.6	-4.17345141531201	correct	3	3
0	43451.457	43455.122	43451457 43455122	2.6	-4.17345141531201	correct	3	5
1	43448.817	43449.759	43448817 43449759	2.6	-3.5987564321254	false positive	3	2
0	43449.894	43451.105	43449894 43451105	2.6	-3.5987564321254	correct	3	3
0	43451.457	43455.122	43451457 43455122	2.6	-3.5987564321254	correct	3	5
1	43448.817	43449.759	43448817 43449759	2.6	-3.07246989964386	false positive	3	2
0	43449.894	43451.105	43449894 43451105	2.6	-3.07246989964386	correct	3	3
0	43451.457	43455.122	43451457 43455122	2.6	-3.07246989964386	correct	3	5
0	43448.817	43449.759	43448817 43449759	2.6	-2.78951516686218	correct	3	1
0	43449.894	43451.105	43449894 43451105	2.6	-2.78951516686218	correct	3	3
0	43451.457	43455.122	43451457 43455122	2.6	-2.78951516686218	correct	3	5
0	43448.817	43449.759	43448817 43449759	2.6	-2.524465240576	correct	3	1
0	43449.894	43451.105	43449894 43451105	2.6	-2.524465240576	correct	3	3
0	43451.457	43455.122	43451457 43455122	2.6	-2.524465240576	correct	3	5
0	43448.817	43449.759	43448817 43449759	2.6	-1.88292451635157	correct	3	1
0	43449.894	43451.105	43449894 43451105	2.6	-1.88292451635157	correct	3	3
0	43451.457	43455.122	43451457 43455122	2.6	-1.88292451635157	correct	3	5
0	43448.817	43449.759	43448817 43449759	2.6	-1.14718648453453	correct	3	1
0	43449.894	43451.105	43449894 43451105	2.6	-1.14718648453453	correct	3	3
0	43451.457	43455.122	43451457 43455122	2.6	-1.14718648453453	correct	3	5
0	43448.817	43449.759	43448817 43449759	2.6	0.293237447653286	correct	3	1
0	43449.894	43451.105	43449894 43451105	2.6	0.293237447653286	correct	3	3
0	43451.457	43455.122	43451457 43455122	2.6	0.293237447653286	correct	3	5
0	43448.817	43449.759	43448817 43449759	2.6	Inf	correct	3	1
0	43449.894	43451.105	43449894 43451105	2.6	Inf	correct	3	3
0	43451.457	43455.122	43451457 43455122	2.6	Inf	correct	3	5
1	43448.817	43449.759	43448817 43449759	2.8	-Inf	false positive	3	2
1	43449.894	43451.105	43449894 43451105	2.8	-Inf	false positive	3	4
1	43451.457	43455.122	43451457 43455122	2.8	-Inf	false positive	3	6
1	43448.817	43449.759	43448817 43449759	2.8	-6.38704105367987	false positive	3	2
1	43449.894	43451.105	43449894 43451105	2.8	-6.38704105367987	false positive	3	4
1	43451.457	43455.122	43451457 43455122	2.8	-6.38704105367987	false positive	3	6
1	43448.817	43449.759	43448817 43449759	2.8	-5.59169083010477	false positive	3	2
0	43449.894	43451.105	43449894 43451105	2.8	-5.59169083010477	correct	3	3
0	43451.457	43455.122	43451457 43455122	2.8	-5.59169083010477	correct	3	5
1	43448.817	43449.759	43448817 43449759	2.8	-4.87437721907083	false positive	3	2
0	43449.894	43451.105	43449894 43451105	2.8	-4.87437721907083	correct	3	3
0	43451.457	43455.122	43451457 43455122	2.8	-4.87437721907083	correct	3	5
1	43448.817	43449.759	43448817 43449759	2.8	-4.27345141531201	false positive	3	2
0	43449.894	43451.105	43449894 43451105	2.8	-4.27345141531201	correct	3	3
0	43451.457	43455.122	43451457 43455122	2.8	-4.27345141531201	correct	3	5
1	43448.817	43449.759	43448817 43449759	2.8	-3.61716945505453	false positive	3	2
0	43449.894	43451.105	43449894 43451105	2.8	-3.61716945505453	correct	3	3
0	43451.457	43455.122	43451457 43455122	2.8	-3.61716945505453	correct	3	5
0	43448.817	43449.759	43448817 43449759	2.8	-3.17246989964386	correct	3	1
0	43449.894	43451.105	43449894 43451105	2.8	-3.17246989964386	correct	3	3
0	43451.457	43455.122	43451457 43455122	2.8	-3.17246989964386	correct	3	5
0	43448.817	43449.759	43448817 43449759	2.8	-2.87110214393305	correct	3	1
0	43449.894	43451.105	43449894 43451105	2.8	-2.87110214393305	correct	3	3
0	43451.457	43455.122	43451457 43455122	2.8	-2.87110214393305	correct	3	5
0	43448.817	43449.759	43448817 43449759	2.8	-2.524465240576	correct	3	1
0	43449.894	43451.105	43449894 43451105	2.8	-2.524465240576	correct	3	3
0	43451.457	43455.122	43451457 43455122	2.8	-2.524465240576	correct	3	5
0	43448.817	43449.759	43448817 43449759	2.8	-1.98292451635157	correct	3	1
0	43449.894	43451.105	43449894 43451105	2.8	-1.98292451635157	correct	3	3
0	43451.457	43455.122	43451457 43455122	2.8	-1.98292451635157	correct	3	5
0	43448.817	43449.759	43448817 43449759	2.8	-1.24718648453453	correct	3	1
0	43449.894	43451.105	43449894 43451105	2.8	-1.24718648453453	correct	3	3
0	43451.457	43455.122	43451457 43455122	2.8	-1.24718648453453	correct	3	5
0	43448.817	43449.759	43448817 43449759	2.8	0.293237447653286	correct	3	1
0	43449.894	43451.105	43449894 43451105	2.8	0.293237447653286	correct	3	3
0	43451.457	43455.122	43451457 43455122	2.8	0.293237447653286	correct	3	5
0	43448.817	43449.759	43448817 43449759	2.8	Inf	correct	3	1
0	43449.894	43451.105	43449894 43451105	2.8	Inf	correct	3	3
0	43451.457	43455.122	43451457 43455122	2.8	Inf	correct	3	5
1	43448.817	43449.759	43448817 43449759	3	-Inf	false positive	3	2
1	43449.894	43451.105	43449894 43451105	3	-Inf	false positive	3	4
1	43451.457	43455.122	43451457 43455122	3	-Inf	false positive	3	6
1	43448.817	43449.759	43448817 43449759	3	-6.58704105367987	false positive	3	2
1	43449.894	43451.105	43449894 43451105	3	-6.58704105367987	false positive	3	4
1	43451.457	43455.122	43451457 43455122	3	-6.58704105367987	false positive	3	6
1	43448.817	43449.759	43448817 43449759	3	-5.79169083010477	false positive	3	2
0	43449.894	43451.105	43449894 43451105	3	-5.79169083010477	correct	3	3
0	43451.457	43455.122	43451457 43455122	3	-5.79169083010477	correct	3	5
1	43448.817	43449.759	43448817 43449759	3	-5.07437721907083	false positive	3	2
0	43449.894	43451.105	43449894 43451105	3	-5.07437721907083	correct	3	3
0	43451.457	43455.122	43451457 43455122	3	-5.07437721907083	correct	3	5
1	43448.817	43449.759	43448817 43449759	3	-4.37345141531201	false positive	3	2
0	43449.894	43451.105	43449894 43451105	3	-4.37345141531201	correct	3	3
0	43451.457	43455.122	43451457 43455122	3	-4.37345141531201	correct	3	5
1	43448.817	43449.759	43448817 43449759	3	-3.71716945505453	false positive	3	2
0	43449.894	43451.105	43449894 43451105	3	-3.71716945505453	correct	3	3
0	43451.457	43455.122	43451457 43455122	3	-3.71716945505453	correct	3	5
0	43448.817	43449.759	43448817 43449759	3	-3.27246989964386	correct	3	1
0	43449.894	43451.105	43449894 43451105	3	-3.27246989964386	correct	3	3
0	43451.457	43455.122	43451457 43455122	3	-3.27246989964386	correct	3	5
0	43448.817	43449.759	43448817 43449759	3	-2.87110214393305	correct	3	1
0	43449.894	43451.105	43449894 43451105	3	-2.87110214393305	correct	3	3
0	43451.457	43455.122	43451457 43455122	3	-2.87110214393305	correct	3	5
0	43448.817	43449.759	43448817 43449759	3	-2.524465240576	correct	3	1
0	43449.894	43451.105	43449894 43451105	3	-2.524465240576	correct	3	3
0	43451.457	43455.122	43451457 43455122	3	-2.524465240576	correct	3	5
0	43448.817	43449.759	43448817 43449759	3	-2.08292451635157	correct	3	1
0	43449.894	43451.105	43449894 43451105	3	-2.08292451635157	correct	3	3
0	43451.457	43455.122	43451457 43455122	3	-2.08292451635157	correct	3	5
0	43448.817	43449.759	43448817 43449759	3	-1.34718648453453	correct	3	1
0	43449.894	43451.105	43449894 43451105	3	-1.34718648453453	correct	3	3
0	43451.457	43455.122	43451457 43455122	3	-1.34718648453453	correct	3	5
0	43448.817	43449.759	43448817 43449759	3	0.293237447653286	correct	3	1
0	43449.894	43451.105	43449894 43451105	3	0.293237447653286	correct	3	3
0	43451.457	43455.122	43451457 43455122	3	0.293237447653286	correct	3	5
0	43448.817	43449.759	43448817 43449759	3	Inf	correct	3	1
0	43449.894	43451.105	43449894 43451105	3	Inf	correct	3	3
0	43451.457	43455.122	43451457 43455122	3	Inf	correct	3	5
1	43448.817	43449.759	43448817 43449759	3.2	-Inf	false positive	3	2
1	43449.894	43451.105	43449894 43451105	3.2	-Inf	false positive	3	4
1	43451.457	43455.122	43451457 43455122	3.2	-Inf	false positive	3	6
1	43448.817	43449.759	43448817 43449759	3.2	-6.78704105367987	false positive	3	2
1	43449.894	43451.105	43449894 43451105	3.2	-6.78704105367987	false positive	3	4
1	43451.457	43455.122	43451457 43455122	3.2	-6.78704105367987	false positive	3	6
1	43448.817	43449.759	43448817 43449759	3.2	-5.99169083010477	false positive	3	2
0	43449.894	43451.105	43449894 43451105	3.2	-5.99169083010477	correct	3	3
0	43451.457	43455.122	43451457 43455122	3.2	-5.99169083010477	correct	3	5
1	43448.817	43449.759	43448817 43449759	3.2	-5.27437721907083	false positive	3	2
0	43449.894	43451.105	43449894 43451105	3.2	-5.27437721907083	correct	3	3
0	43451.457	43455.122	43451457 43455122	3.2	-5.27437721907083	correct	3	5
1	43448.817	43449.759	43448817 43449759	3.2	-4.47345141531201	false positive	3	2
0	43449.894	43451.105	43449894 43451105	3.2	-4.47345141531201	correct	3	3
0	43451.457	43455.122	43451457 43455122	3.2	-4.47345141531201	correct	3	5
1	43448.817	43449.759	43448817 43449759	3.2	-3.81716945505453	false positive	3	2
0	43449.894	43451.105	43449894 43451105	3.2	-3.81716945505453	correct	3	3
0	43451.457	43455.122	43451457 43455122	3.2	-3.81716945505453	correct	3	5
0	43448.817	43449.759	43448817 43449759	3.2	-3.37246989964386	correct	3	1
0	43449.894	43451.105	43449894 43451105	3.2	-3.37246989964386	correct	3	3
0	43451.457	43455.122	43451457 43455122	3.2	-3.37246989964386	correct	3	5
0	43448.817	43449.759	43448817 43449759	3.2	-2.87110214393305	correct	3	1
0	43449.894	43451.105	43449894 43451105	3.2	-2.87110214393305	correct	3	3
0	43451.457	43455.122	43451457 43455122	3.2	-2.87110214393305	correct	3	5
0	43448.817	43449.759	43448817 43449759	3.2	-2.524465240576	correct	3	1
0	43449.894	43451.105	43449894 43451105	3.2	-2.524465240576	correct	3	3
0	43451.457	43455.122	43451457 43455122	3.2	-2.524465240576	correct	3	5
0	43448.817	43449.759	43448817 43449759	3.2	-2.18292451635157	correct	3	1
0	43449.894	43451.105	43449894 43451105	3.2	-2.18292451635157	correct	3	3
0	43451.457	43455.122	43451457 43455122	3.2	-2.18292451635157	correct	3	5
0	43448.817	43449.759	43448817 43449759	3.2	-1.44718648453453	correct	3	1
0	43449.894	43451.105	43449894 43451105	3.2	-1.44718648453453	correct	3	3
0	43451.457	43455.122	43451457 43455122	3.2	-1.44718648453453	correct	3	5
0	43448.817	43449.759	43448817 43449759	3.2	0.293237447653286	correct	3	1
0	43449.894	43451.105	43449894 43451105	3.2	0.293237447653286	correct	3	3
0	43451.457	43455.122	43451457 43455122	3.2	0.293237447653286	correct	3	5
0	43448.817	43449.759	43448817 43449759	3.2	Inf	correct	3	1
0	43449.894	43451.105	43449894 43451105	3.2	Inf	correct	3	3
0	43451.457	43455.122	43451457 43455122	3.2	Inf	correct	3	5
1	43448.817	43449.759	43448817 43449759	3.4	-Inf	false positive	3	2
1	43449.894	43451.105	43449894 43451105	3.4	-Inf	false positive	3	4
1	43451.457	43455.122	43451457 43455122	3.4	-Inf	false positive	3	6
1	43448.817	43449.759	43448817 43449759	3.4	-6.98704105367987	false positive	3	2
1	43449.894	43451.105	43449894 43451105	3.4	-6.98704105367987	false positive	3	4
1	43451.457	43455.122	43451457 43455122	3.4	-6.98704105367987	false positive	3	6
1	43448.817	43449.759	43448817 43449759	3.4	-6.19169083010477	false positive	3	2
0	43449.894	43451.105	43449894 43451105	3.4	-6.19169083010477	correct	3	3
0	43451.457	43455.122	43451457 43455122	3.4	-6.19169083010477	correct	3	5
1	43448.817	43449.759	43448817 43449759	3.4	-5.47437721907083	false positive	3	2
0	43449.894	43451.105	43449894 43451105	3.4	-5.47437721907083	correct	3	3
0	43451.457	43455.122	43451457 43455122	3.4	-5.47437721907083	correct	3	5
1	43448.817	43449.759	43448817 43449759	3.4	-4.57345141531201	false positive	3	2
0	43449.894	43451.105	43449894 43451105	3.4	-4.57345141531201	correct	3	3
0	43451.457	43455.122	43451457 43455122	3.4	-4.57345141531201	correct	3	5
1	43448.817	43449.759	43448817 43449759	3.4	-3.91716945505453	false positive	3	2
0	43449.894	43451.105	43449894 43451105	3.4	-3.91716945505453	correct	3	3
0	43451.457	43455.122	43451457 43455122	3.4	-3.91716945505453	correct	3	5
0	43448.817	43449.759	43448817 43449759	3.4	-3.47246989964386	correct	3	1
0	43449.894	43451.105	43449894 43451105	3.4	-3.47246989964386	correct	3	3
0	43451.457	43455.122	43451457 43455122	3.4	-3.47246989964386	correct	3	5
0	43448.817	43449.759	43448817 43449759	3.4	-2.87110214393305	correct	3	1
0	43449.894	43451.105	43449894 43451105	3.4	-2.87110214393305	correct	3	3
0	43451.457	43455.122	43451457 43455122	3.4	-2.87110214393305	correct	3	5
0	43448.817	43449.759	43448817 43449759	3.4	-2.524465240576	correct	3	1
0	43449.894	43451.105	43449894 43451105	3.4	-2.524465240576	correct	3	3
0	43451.457	43455.122	43451457 43455122	3.4	-2.524465240576	correct	3	5
0	43448.817	43449.759	43448817 43449759	3.4	-2.28292451635157	correct	3	1
0	43449.894	43451.105	43449894 43451105	3.4	-2.28292451635157	correct	3	3
0	43451.457	43455.122	43451457 43455122	3.4	-2.28292451635157	correct	3	5
0	43448.817	43449.759	43448817 43449759	3.4	-1.54718648453453	correct	3	1
0	43449.894	43451.105	43449894 43451105	3.4	-1.54718648453453	correct	3	3
0	43451.457	43455.122	43451457 43455122	3.4	-1.54718648453453	correct	3	5
0	43448.817	43449.759	43448817 43449759	3.4	0.293237447653286	correct	3	1
0	43449.894	43451.105	43449894 43451105	3.4	0.293237447653286	correct	3	3
0	43451.457	43455.122	43451457 43455122	3.4	0.293237447653286	correct	3	5
0	43448.817	43449.759	43448817 43449759	3.4	Inf	correct	3	1
0	43449.894	43451.105	43449894 43451105	3.4	Inf	correct	3	3
0	43451.457	43455.122	43451457 43455122	3.4	Inf	correct	3	5
1	43448.817	43449.759	43448817 43449759	3.6	-Inf	false positive	3	2
1	43449.894	43451.105	43449894 43451105	3.6	-Inf	false positive	3	4
1	43451.457	43455.122	43451457 43455122	3.6	-Inf	false positive	3	6
1	43448.817	43449.759	43448817 43449759	3.6	-7.18704105367987	false positive	3	2
1	43449.894	43451.105	43449894 43451105	3.6	-7.18704105367987	false positive	3	4
1	43451.457	43455.122	43451457 43455122	3.6	-7.18704105367987	false positive	3	6
1	43448.817	43449.759	43448817 43449759	3.6	-6.39169083010477	false positive	3	2
0	43449.894	43451.105	43449894 43451105	3.6	-6.39169083010477	correct	3	3
0	43451.457	43455.122	43451457 43455122	3.6	-6.39169083010477	correct	3	5
1	43448.817	43449.759	43448817 43449759	3.6	-5.67437721907083	false positive	3	2
0	43449.894	43451.105	43449894 43451105	3.6	-5.67437721907083	correct	3	3
0	43451.457	43455.122	43451457 43455122	3.6	-5.67437721907083	correct	3	5
1	43448.817	43449.759	43448817 43449759	3.6	-4.67345141531201	false positive	3	2
0	43449.894	43451.105	43449894 43451105	3.6	-4.67345141531201	correct	3	3
0	43451.457	43455.122	43451457 43455122	3.6	-4.67345141531201	correct	3	5
1	43448.817	43449.759	43448817 43449759	3.6	-4.01716945505453	false positive	3	2
0	43449.894	43451.105	43449894 43451105	3.6	-4.01716945505453	correct	3	3
0	43451.457	43455.122	43451457 43455122	3.6	-4.01716945505453	correct	3	5
0	43448.817	43449.759	43448817 43449759	3.6	-3.57246989964386	correct	3	1
0	43449.894	43451.105	43449894 43451105	3.6	-3.57246989964386	correct	3	3
0	43451.457	43455.122	43451457 43455122	3.6	-3.57246989964386	correct	3	5
0	43448.817	43449.759	43448817 43449759	3.6	-2.87110214393305	correct	3	1
0	43449.894	43451.105	43449894 43451105	3.6	-2.87110214393305	correct	3	3
0	43451.457	43455.122	43451457 43455122	3.6	-2.87110214393305	correct	3	5
0	43448.817	43449.759	43448817 43449759	3.6	-2.524465240576	correct	3	1
0	43449.894	43451.105	43449894 43451105	3.6	-2.524465240576	correct	3	3
0	43451.457	43455.122	43451457 43455122	3.6	-2.524465240576	correct	3	5
0	43448.817	43449.759	43448817 43449759	3.6	-2.38292451635157	correct	3	1
0	43449.894	43451.105	43449894 43451105	3.6	-2.38292451635157	correct	3	3
0	43451.457	43455.122	43451457 43455122	3.6	-2.38292451635157	correct	3	5
0	43448.817	43449.759	43448817 43449759	3.6	-1.64718648453453	correct	3	1
0	43449.894	43451.105	43449894 43451105	3.6	-1.64718648453453	correct	3	3
0	43451.457	43455.122	43451457 43455122	3.6	-1.64718648453453	correct	3	5
0	43448.817	43449.759	43448817 43449759	3.6	0.293237447653286	correct	3	1
0	43449.894	43451.105	43449894 43451105	3.6	0.293237447653286	correct	3	3
0	43451.457	43455.122	43451457 43455122	3.6	0.293237447653286	correct	3	5
0	43448.817	43449.759	43448817 43449759	3.6	Inf	correct	3	1
0	43449.894	43451.105	43449894 43451105	3.6	Inf	correct	3	3
0	43451.457	43455.122	43451457 43455122	3.6	Inf	correct	3	5
1	43448.817	43449.759	43448817 43449759	3.8	-Inf	false positive	3	2
1	43449.894	43451.105	43449894 43451105	3.8	-Inf	false positive	3	4
1	43451.457	43455.122	43451457 43455122	3.8	-Inf	false positive	3	6
1	43448.817	43449.759	43448817 43449759	3.8	-7.38704105367987	false positive	3	2
1	43449.894	43451.105	43449894 43451105	3.8	-7.38704105367987	false positive	3	4
1	43451.457	43455.122	43451457 43455122	3.8	-7.38704105367987	false positive	3	6
1	43448.817	43449.759	43448817 43449759	3.8	-6.59169083010477	false positive	3	2
0	43449.894	43451.105	43449894 43451105	3.8	-6.59169083010477	correct	3	3
0	43451.457	43455.122	43451457 43455122	3.8	-6.59169083010477	correct	3	5
1	43448.817	43449.759	43448817 43449759	3.8	-5.87437721907083	false positive	3	2
0	43449.894	43451.105	43449894 43451105	3.8	-5.87437721907083	correct	3	3
0	43451.457	43455.122	43451457 43455122	3.8	-5.87437721907083	correct	3	5
1	43448.817	43449.759	43448817 43449759	3.8	-4.84716488283047	false positive	3	2
0	43449.894	43451.105	43449894 43451105	3.8	-4.84716488283047	correct	3	3
0	43451.457	43455.122	43451457 43455122	3.8	-4.84716488283047	correct	3	5
0	43448.817	43449.759	43448817 43449759	3.8	-4.11716945505453	correct	3	1
0	43449.894	43451.105	43449894 43451105	3.8	-4.11716945505453	correct	3	3
0	43451.457	43455.122	43451457 43455122	3.8	-4.11716945505453	correct	3	5
0	43448.817	43449.759	43448817 43449759	3.8	-3.5987564321254	correct	3	1
0	43449.894	43451.105	43449894 43451105	3.8	-3.5987564321254	correct	3	3
0	43451.457	43455.122	43451457 43455122	3.8	-3.5987564321254	correct	3	5
0	43448.817	43449.759	43448817 43449759	3.8	-2.87110214393305	correct	3	1
0	43449.894	43451.105	43449894 43451105	3.8	-2.87110214393305	correct	3	3
0	43451.457	43455.122	43451457 43455122	3.8	-2.87110214393305	correct	3	5
0	43448.817	43449.759	43448817 43449759	3.8	-2.54660668692694	correct	3	1
0	43449.894	43451.105	43449894 43451105	3.8	-2.54660668692694	correct	3	3
0	43451.457	43455.122	43451457 43455122	3.8	-2.54660668692694	correct	3	5
0	43448.817	43449.759	43448817 43449759	3.8	-2.48292451635157	correct	3	1
0	43449.894	43451.105	43449894 43451105	3.8	-2.48292451635157	correct	3	3
0	43451.457	43455.122	43451457 43455122	3.8	-2.48292451635157	correct	3	5
0	43448.817	43449.759	43448817 43449759	3.8	-1.7250450381836	correct	3	1
0	43449.894	43451.105	43449894 43451105	3.8	-1.7250450381836	correct	3	3
0	43451.457	43455.122	43451457 43455122	3.8	-1.7250450381836	correct	3	5
0	43448.817	43449.759	43448817 43449759	3.8	0.293237447653286	correct	3	1
0	43449.894	43451.105	43449894 43451105	3.8	0.293237447653286	correct	3	3
0	43451.457	43455.122	43451457 43455122	3.8	0.293237447653286	correct	3	5
0	43448.817	43449.759	43448817 43449759	3.8	Inf	correct	3	1
0	43449.894	43451.105	43449894 43451105	3.8	Inf	correct	3	3
0	43451.457	43455.122	43451457 43455122	3.8	Inf	correct	3	5
1	43448.817	43449.759	43448817 43449759	4	-Inf	false positive	3	2
1	43449.894	43451.105	43449894 43451105	4	-Inf	false positive	3	4
1	43451.457	43455.122	43451457 43455122	4	-Inf	false positive	3	6
1	43448.817	43449.759	43448817 43449759	4	-7.58704105367987	false positive	3	2
1	43449.894	43451.105	43449894 43451105	4	-7.58704105367987	false positive	3	4
1	43451.457	43455.122	43451457 43455122	4	-7.58704105367987	false positive	3	6
1	43448.817	43449.759	43448817 43449759	4	-6.79169083010477	false positive	3	2
0	43449.894	43451.105	43449894 43451105	4	-6.79169083010477	correct	3	3
0	43451.457	43455.122	43451457 43455122	4	-6.79169083010477	correct	3	5
1	43448.817	43449.759	43448817 43449759	4	-6.07437721907083	false positive	3	2
0	43449.894	43451.105	43449894 43451105	4	-6.07437721907083	correct	3	3
0	43451.457	43455.122	43451457 43455122	4	-6.07437721907083	correct	3	5
1	43448.817	43449.759	43448817 43449759	4	-5.04716488283047	false positive	3	2
0	43449.894	43451.105	43449894 43451105	4	-5.04716488283047	correct	3	3
0	43451.457	43455.122	43451457 43455122	4	-5.04716488283047	correct	3	5
0	43448.817	43449.759	43448817 43449759	4	-4.21716945505453	correct	3	1
0	43449.894	43451.105	43449894 43451105	4	-4.21716945505453	correct	3	3
0	43451.457	43455.122	43451457 43455122	4	-4.21716945505453	correct	3	5
0	43448.817	43449.759	43448817 43449759	4	-3.5987564321254	correct	3	1
0	43449.894	43451.105	43449894 43451105	4	-3.5987564321254	correct	3	3
0	43451.457	43455.122	43451457 43455122	4	-3.5987564321254	correct	3	5
0	43448.817	43449.759	43448817 43449759	4	-2.92956141970862	correct	3	1
0	43449.894	43451.105	43449894 43451105	4	-2.92956141970862	correct	3	3
0	43451.457	43455.122	43451457 43455122	4	-2.92956141970862	correct	3	5
0	43448.817	43449.759	43448817 43449759	4	-2.64660668692694	correct	3	1
0	43449.894	43451.105	43449894 43451105	4	-2.64660668692694	correct	3	3
0	43451.457	43455.122	43451457 43455122	4	-2.64660668692694	correct	3	5
0	43448.817	43449.759	43448817 43449759	4	-2.524465240576	correct	3	1
0	43449.894	43451.105	43449894 43451105	4	-2.524465240576	correct	3	3
0	43451.457	43455.122	43451457 43455122	4	-2.524465240576	correct	3	5
0	43448.817	43449.759	43448817 43449759	4	-1.7250450381836	correct	3	1
0	43449.894	43451.105	43449894 43451105	4	-1.7250450381836	correct	3	3
0	43451.457	43455.122	43451457 43455122	4	-1.7250450381836	correct	3	5
0	43448.817	43449.759	43448817 43449759	4	0.293237447653286	correct	3	1
0	43449.894	43451.105	43449894 43451105	4	0.293237447653286	correct	3	3
0	43451.457	43455.122	43451457 43455122	4	0.293237447653286	correct	3	5
0	43448.817	43449.759	43448817 43449759	4	Inf	correct	3	1
0	43449.894	43451.105	43449894 43451105	4	Inf	correct	3	3
0	43451.457	43455.122	43451457 43455122	4	Inf	correct	3	5
1	43448.817	43449.759	43448817 43449759	4.2	-Inf	false positive	3	2
1	43449.894	43451.105	43449894 43451105	4.2	-Inf	false positive	3	4
1	43451.457	43455.122	43451457 43455122	4.2	-Inf	false positive	3	6
1	43448.817	43449.759	43448817 43449759	4.2	-7.78704105367987	false positive	3	2
1	43449.894	43451.105	43449894 43451105	4.2	-7.78704105367987	false positive	3	4
1	43451.457	43455.122	43451457 43455122	4.2	-7.78704105367987	false positive	3	6
1	43448.817	43449.759	43448817 43449759	4.2	-6.99169083010477	false positive	3	2
0	43449.894	43451.105	43449894 43451105	4.2	-6.99169083010477	correct	3	3
0	43451.457	43455.122	43451457 43455122	4.2	-6.99169083010477	correct	3	5
1	43448.817	43449.759	43448817 43449759	4.2	-6.27437721907083	false positive	3	2
0	43449.894	43451.105	43449894 43451105	4.2	-6.27437721907083	correct	3	3
0	43451.457	43455.122	43451457 43455122	4.2	-6.27437721907083	correct	3	5
1	43448.817	43449.759	43448817 43449759	4.2	-5.24716488283047	false positive	3	2
0	43449.894	43451.105	43449894 43451105	4.2	-5.24716488283047	correct	3	3
0	43451.457	43455.122	43451457 43455122	4.2	-5.24716488283047	correct	3	5
0	43448.817	43449.759	43448817 43449759	4.2	-4.31716945505453	correct	3	1
0	43449.894	43451.105	43449894 43451105	4.2	-4.31716945505453	correct	3	3
0	43451.457	43455.122	43451457 43455122	4.2	-4.31716945505453	correct	3	5
0	43448.817	43449.759	43448817 43449759	4.2	-3.5987564321254	correct	3	1
0	43449.894	43451.105	43449894 43451105	4.2	-3.5987564321254	correct	3	3
0	43451.457	43455.122	43451457 43455122	4.2	-3.5987564321254	correct	3	5
0	43448.817	43449.759	43448817 43449759	4.2	-3.02956141970862	correct	3	1
0	43449.894	43451.105	43449894 43451105	4.2	-3.02956141970862	correct	3	3
0	43451.457	43455.122	43451457 43455122	4.2	-3.02956141970862	correct	3	5
0	43448.817	43449.759	43448817 43449759	4.2	-2.74660668692694	correct	3	1
0	43449.894	43451.105	43449894 43451105	4.2	-2.74660668692694	correct	3	3
0	43451.457	43455.122	43451457 43455122	4.2	-2.74660668692694	correct	3	5
0	43448.817	43449.759	43448817 43449759	4.2	-2.524465240576	correct	3	1
0	43449.894	43451.105	43449894 43451105	4.2	-2.524465240576	correct	3	3
0	43451.457	43455.122	43451457 43455122	4.2	-2.524465240576	correct	3	5
0	43448.817	43449.759	43448817 43449759	4.2	-1.7250450381836	correct	3	1
0	43449.894	43451.105	43449894 43451105	4.2	-1.7250450381836	correct	3	3
0	43451.457	43455.122	43451457 43455122	4.2	-1.7250450381836	correct	3	5
0	43448.817	43449.759	43448817 43449759	4.2	0.293237447653286	correct	3	1
0	43449.894	43451.105	43449894 43451105	4.2	0.293237447653286	correct	3	3
0	43451.457	43455.122	43451457 43455122	4.2	0.293237447653286	correct	3	5
0	43448.817	43449.759	43448817 43449759	4.2	Inf	correct	3	1
0	43449.894	43451.105	43449894 43451105	4.2	Inf	correct	3	3
0	43451.457	43455.122	43451457 43455122	4.2	Inf	correct	3	5
1	43448.817	43449.759	43448817 43449759	4.4	-Inf	false positive	3	2
1	43449.894	43451.105	43449894 43451105	4.4	-Inf	false positive	3	4
1	43451.457	43455.122	43451457 43455122	4.4	-Inf	false positive	3	6
1	43448.817	43449.759	43448817 43449759	4.4	-7.98704105367987	false positive	3	2
1	43449.894	43451.105	43449894 43451105	4.4	-7.98704105367987	false positive	3	4
1	43451.457	43455.122	43451457 43455122	4.4	-7.98704105367987	false positive	3	6
1	43448.817	43449.759	43448817 43449759	4.4	-7.19169083010477	false positive	3	2
0	43449.894	43451.105	43449894 43451105	4.4	-7.19169083010477	correct	3	3
0	43451.457	43455.122	43451457 43455122	4.4	-7.19169083010477	correct	3	5
1	43448.817	43449.759	43448817 43449759	4.4	-6.47437721907083	false positive	3	2
0	43449.894	43451.105	43449894 43451105	4.4	-6.47437721907083	correct	3	3
0	43451.457	43455.122	43451457 43455122	4.4	-6.47437721907083	correct	3	5
1	43448.817	43449.759	43448817 43449759	4.4	-5.44716488283047	false positive	3	2
0	43449.894	43451.105	43449894 43451105	4.4	-5.44716488283047	correct	3	3
0	43451.457	43455.122	43451457 43455122	4.4	-5.44716488283047	correct	3	5
0	43448.817	43449.759	43448817 43449759	4.4	-4.41716945505453	correct	3	1
0	43449.894	43451.105	43449894 43451105	4.4	-4.41716945505453	correct	3	3
0	43451.457	43455.122	43451457 43455122	4.4	-4.41716945505453	correct	3	5
0	43448.817	43449.759	43448817 43449759	4.4	-3.5987564321254	correct	3	1
0	43449.894	43451.105	43449894 43451105	4.4	-3.5987564321254	correct	3	3
0	43451.457	43455.122	43451457 43455122	4.4	-3.5987564321254	correct	3	5
0	43448.817	43449.759	43448817 43449759	4.4	-3.12956141970862	correct	3	1
0	43449.894	43451.105	43449894 43451105	4.4	-3.12956141970862	correct	3	3
0	43451.457	43455.122	43451457 43455122	4.4	-3.12956141970862	correct	3	5
0	43448.817	43449.759	43448817 43449759	4.4	-2.84660668692694	correct	3	1
0	43449.894	43451.105	43449894 43451105	4.4	-2.84660668692694	correct	3	3
0	43451.457	43455.122	43451457 43455122	4.4	-2.84660668692694	correct	3	5
0	43448.817	43449.759	43448817 43449759	4.4	-2.524465240576	correct	3	1
0	43449.894	43451.105	43449894 43451105	4.4	-2.524465240576	correct	3	3
0	43451.457	43455.122	43451457 43455122	4.4	-2.524465240576	correct	3	5
0	43448.817	43449.759	43448817 43449759	4.4	-1.7250450381836	correct	3	1
0	43449.894	43451.105	43449894 43451105	4.4	-1.7250450381836	correct	3	3
0	43451.457	43455.122	43451457 43455122	4.4	-1.7250450381836	correct	3	5
0	43448.817	43449.759	43448817 43449759	4.4	0.293237447653286	correct	3	1
0	43449.894	43451.105	43449894 43451105	4.4	0.293237447653286	correct	3	3
0	43451.457	43455.122	43451457 43455122	4.4	0.293237447653286	correct	3	5
0	43448.817	43449.759	43448817 43449759	4.4	Inf	correct	3	1
0	43449.894	43451.105	43449894 43451105	4.4	Inf	correct	3	3
0	43451.457	43455.122	43451457 43455122	4.4	Inf	correct	3	5
1	43448.817	43449.759	43448817 43449759	4.6	-Inf	false positive	3	2
1	43449.894	43451.105	43449894 43451105	4.6	-Inf	false positive	3	4
1	43451.457	43455.122	43451457 43455122	4.6	-Inf	false positive	3	6
1	43448.817	43449.759	43448817 43449759	4.6	-8.18704105367987	false positive	3	2
1	43449.894	43451.105	43449894 43451105	4.6	-8.18704105367987	false positive	3	4
1	43451.457	43455.122	43451457 43455122	4.6	-8.18704105367987	false positive	3	6
1	43448.817	43449.759	43448817 43449759	4.6	-7.39169083010477	false positive	3	2
0	43449.894	43451.105	43449894 43451105	4.6	-7.39169083010477	correct	3	3
0	43451.457	43455.122	43451457 43455122	4.6	-7.39169083010477	correct	3	5
1	43448.817	43449.759	43448817 43449759	4.6	-6.67437721907083	false positive	3	2
0	43449.894	43451.105	43449894 43451105	4.6	-6.67437721907083	correct	3	3
0	43451.457	43455.122	43451457 43455122	4.6	-6.67437721907083	correct	3	5
1	43448.817	43449.759	43448817 43449759	4.6	-5.64716488283047	false positive	3	2
0	43449.894	43451.105	43449894 43451105	4.6	-5.64716488283047	correct	3	3
0	43451.457	43455.122	43451457 43455122	4.6	-5.64716488283047	correct	3	5
0	43448.817	43449.759	43448817 43449759	4.6	-4.51716945505453	correct	3	1
0	43449.894	43451.105	43449894 43451105	4.6	-4.51716945505453	correct	3	3
0	43451.457	43455.122	43451457 43455122	4.6	-4.51716945505453	correct	3	5
0	43448.817	43449.759	43448817 43449759	4.6	-3.67426097511929	correct	3	1
0	43449.894	43451.105	43449894 43451105	4.6	-3.67426097511929	correct	3	3
0	43451.457	43455.122	43451457 43455122	4.6	-3.67426097511929	correct	3	5
0	43448.817	43449.759	43448817 43449759	4.6	-3.22956141970862	correct	3	1
0	43449.894	43451.105	43449894 43451105	4.6	-3.22956141970862	correct	3	3
0	43451.457	43455.122	43451457 43455122	4.6	-3.22956141970862	correct	3	5
0	43448.817	43449.759	43448817 43449759	4.6	-2.87110214393305	correct	3	1
0	43449.894	43451.105	43449894 43451105	4.6	-2.87110214393305	correct	3	3
0	43451.457	43455.122	43451457 43455122	4.6	-2.87110214393305	correct	3	5
0	43448.817	43449.759	43448817 43449759	4.6	-2.524465240576	correct	3	1
0	43449.894	43451.105	43449894 43451105	4.6	-2.524465240576	correct	3	3
0	43451.457	43455.122	43451457 43455122	4.6	-2.524465240576	correct	3	5
0	43448.817	43449.759	43448817 43449759	4.6	-1.7250450381836	correct	3	1
0	43449.894	43451.105	43449894 43451105	4.6	-1.7250450381836	correct	3	3
0	43451.457	43455.122	43451457 43455122	4.6	-1.7250450381836	correct	3	5
0	43448.817	43449.759	43448817 43449759	4.6	0.293237447653286	correct	3	1
0	43449.894	43451.105	43449894 43451105	4.6	0.293237447653286	correct	3	3
0	43451.457	43455.122	43451457 43455122	4.6	0.293237447653286	correct	3	5
0	43448.817	43449.759	43448817 43449759	4.6	Inf	correct	3	1
0	43449.894	43451.105	43449894 43451105	4.6	Inf	correct	3	3
0	43451.457	43455.122	43451457 43455122	4.6	Inf	correct	3	5
1	43448.817	43449.759	43448817 43449759	4.8	-Inf	false positive	3	2
1	43449.894	43451.105	43449894 43451105	4.8	-Inf	false positive	3	4
1	43451.457	43455.122	43451457 43455122	4.8	-Inf	false positive	3	6
1	43448.817	43449.759	43448817 43449759	4.8	-8.38704105367987	false positive	3	2
1	43449.894	43451.105	43449894 43451105	4.8	-8.38704105367987	false positive	3	4
1	43451.457	43455.122	43451457 43455122	4.8	-8.38704105367987	false positive	3	6
1	43448.817	43449.759	43448817 43449759	4.8	-7.59169083010477	false positive	3	2
0	43449.894	43451.105	43449894 43451105	4.8	-7.59169083010477	correct	3	3
0	43451.457	43455.122	43451457 43455122	4.8	-7.59169083010477	correct	3	5
1	43448.817	43449.759	43448817 43449759	4.8	-6.87437721907083	false positive	3	2
0	43449.894	43451.105	43449894 43451105	4.8	-6.87437721907083	correct	3	3
0	43451.457	43455.122	43451457 43455122	4.8	-6.87437721907083	correct	3	5
1	43448.817	43449.759	43448817 43449759	4.8	-5.84716488283047	false positive	3	2
0	43449.894	43451.105	43449894 43451105	4.8	-5.84716488283047	correct	3	3
0	43451.457	43455.122	43451457 43455122	4.8	-5.84716488283047	correct	3	5
0	43448.817	43449.759	43448817 43449759	4.8	-4.61716945505453	correct	3	1
0	43449.894	43451.105	43449894 43451105	4.8	-4.61716945505453	correct	3	3
0	43451.457	43455.122	43451457 43455122	4.8	-4.61716945505453	correct	3	5
0	43448.817	43449.759	43448817 43449759	4.8	-3.77426097511929	correct	3	1
0	43449.894	43451.105	43449894 43451105	4.8	-3.77426097511929	correct	3	3
0	43451.457	43455.122	43451457 43455122	4.8	-3.77426097511929	correct	3	5
0	43448.817	43449.759	43448817 43449759	4.8	-3.32956141970862	correct	3	1
0	43449.894	43451.105	43449894 43451105	4.8	-3.32956141970862	correct	3	3
0	43451.457	43455.122	43451457 43455122	4.8	-3.32956141970862	correct	3	5
0	43448.817	43449.759	43448817 43449759	4.8	-2.87110214393305	correct	3	1
0	43449.894	43451.105	43449894 43451105	4.8	-2.87110214393305	correct	3	3
0	43451.457	43455.122	43451457 43455122	4.8	-2.87110214393305	correct	3	5
0	43448.817	43449.759	43448817 43449759	4.8	-2.524465240576	correct	3	1
0	43449.894	43451.105	43449894 43451105	4.8	-2.524465240576	correct	3	3
0	43451.457	43455.122	43451457 43455122	4.8	-2.524465240576	correct	3	5
0	43448.817	43449.759	43448817 43449759	4.8	-1.7250450381836	correct	3	1
0	43449.894	43451.105	43449894 43451105	4.8	-1.7250450381836	correct	3	3
0	43451.457	43455.122	43451457 43455122	4.8	-1.7250450381836	correct	3	5
0	43448.817	43449.759	43448817 43449759	4.8	0.293237447653286	correct	3	1
0	43449.894	43451.105	43449894 43451105	4.8	0.293237447653286	correct	3	3
0	43451.457	43455.122	43451457 43455122	4.8	0.293237447653286	correct	3	5
0	43448.817	43449.759	43448817 43449759	4.8	Inf	correct	3	1
0	43449.894	43451.105	43449894 43451105	4.8	Inf	correct	3	3
0	43451.457	43455.122	43451457 43455122	4.8	Inf	correct	3	5
1	43448.817	43449.759	43448817 43449759	5	-Inf	false positive	3	2
1	43449.894	43451.105	43449894 43451105	5	-Inf	false positive	3	4
1	43451.457	43455.122	43451457 43455122	5	-Inf	false positive	3	6
1	43448.817	43449.759	43448817 43449759	5	-8.58704105367987	false positive	3	2
1	43449.894	43451.105	43449894 43451105	5	-8.58704105367987	false positive	3	4
1	43451.457	43455.122	43451457 43455122	5	-8.58704105367987	false positive	3	6
1	43448.817	43449.759	43448817 43449759	5	-7.79169083010477	false positive	3	2
0	43449.894	43451.105	43449894 43451105	5	-7.79169083010477	correct	3	3
0	43451.457	43455.122	43451457 43455122	5	-7.79169083010477	correct	3	5
1	43448.817	43449.759	43448817 43449759	5	-7.07437721907083	false positive	3	2
0	43449.894	43451.105	43449894 43451105	5	-7.07437721907083	correct	3	3
0	43451.457	43455.122	43451457 43455122	5	-7.07437721907083	correct	3	5
1	43448.817	43449.759	43448817 43449759	5	-6.04716488283047	false positive	3	2
0	43449.894	43451.105	43449894 43451105	5	-6.04716488283047	correct	3	3
0	43451.457	43455.122	43451457 43455122	5	-6.04716488283047	correct	3	5
0	43448.817	43449.759	43448817 43449759	5	-4.71716945505453	correct	3	1
0	43449.894	43451.105	43449894 43451105	5	-4.71716945505453	correct	3	3
0	43451.457	43455.122	43451457 43455122	5	-4.71716945505453	correct	3	5
0	43448.817	43449.759	43448817 43449759	5	-3.87426097511929	correct	3	1
0	43449.894	43451.105	43449894 43451105	5	-3.87426097511929	correct	3	3
0	43451.457	43455.122	43451457 43455122	5	-3.87426097511929	correct	3	5
0	43448.817	43449.759	43448817 43449759	5	-3.42956141970862	correct	3	1
0	43449.894	43451.105	43449894 43451105	5	-3.42956141970862	correct	3	3
0	43451.457	43455.122	43451457 43455122	5	-3.42956141970862	correct	3	5
0	43448.817	43449.759	43448817 43449759	5	-2.87110214393305	correct	3	1
0	43449.894	43451.105	43449894 43451105	5	-2.87110214393305	correct	3	3
0	43451.457	43455.122	43451457 43455122	5	-2.87110214393305	correct	3	5
0	43448.817	43449.759	43448817 43449759	5	-2.524465240576	correct	3	1
0	43449.894	43451.105	43449894 43451105	5	-2.524465240576	correct	3	3
0	43451.457	43455.122	43451457 43455122	5	-2.524465240576	correct	3	5
0	43448.817	43449.759	43448817 43449759	5	-1.7250450381836	correct	3	1
0	43449.894	43451.105	43449894 43451105	5	-1.7250450381836	correct	3	3
0	43451.457	43455.122	43451457 43455122	5	-1.7250450381836	correct	3	5
0	43448.817	43449.759	43448817 43449759	5	0.293237447653286	correct	3	1
0	43449.894	43451.105	43449894 43451105	5	0.293237447653286	correct	3	3
0	43451.457	43455.122	43451457 43455122	5	0.293237447653286	correct	3	5
0	43448.817	43449.759	43448817 43449759	5	Inf	correct	3	1
0	43449.894	43451.105	43449894 43451105	5	Inf	correct	3	3
0	43451.457	43455.122	43451457 43455122	5	Inf	correct	3	5
1	43503.596	43503.832	43503596 43503832	-5	-Inf	false positive	4	9
1	43503.85	43504.148	43503850 43504148	-5	-Inf	false positive	4	12
1	43504.896	43510.099	43504896 43510099	-5	-Inf	false positive	4	14
1	43503.596	43503.832	43503596 43503832	-5	-3.5987564321254	false positive	4	9
1	43503.85	43504.148	43503850 43504148	-5	-3.5987564321254	false positive	4	12
1	43504.896	43510.099	43504896 43510099	-5	-3.5987564321254	false positive	4	14
1	43503.596	43503.832	43503596 43503832	-5	-2.87110214393305	false positive	4	9
1	43503.85	43504.148	43503850 43504148	-5	-2.87110214393305	false positive	4	12
1	43504.896	43510.099	43504896 43510099	-5	-2.87110214393305	false positive	4	14
1	43503.596	43503.832	43503596 43503832	-5	-2.524465240576	false positive	4	9
1	43503.85	43504.148	43503850 43504148	-5	-2.524465240576	false positive	4	12
1	43504.896	43510.099	43504896 43510099	-5	-2.524465240576	false positive	4	14
1	43503.596	43503.832	43503596 43503832	-5	-1.7250450381836	false positive	4	9
1	43503.85	43504.148	43503850 43504148	-5	-1.7250450381836	false positive	4	12
1	43504.896	43510.099	43504896 43510099	-5	-1.7250450381836	false positive	4	14
1	43503.596	43503.832	43503596 43503832	-5	-0.0126575242852369	false positive	4	9
1	43503.85	43504.148	43503850 43504148	-5	-0.0126575242852369	false positive	4	12
1	43504.896	43510.099	43504896 43510099	-5	-0.0126575242852369	false positive	4	14
0	43503.596	43503.832	43503596 43503832	-5	1.26988692973461	correct	4	7
1	43503.85	43504.148	43503850 43504148	-5	1.26988692973461	false positive	4	12
1	43504.896	43510.099	43504896 43510099	-5	1.26988692973461	false positive	4	14
0	43503.596	43503.832	43503596 43503832	-5	1.71885391825865	correct	4	7
1	43503.85	43504.148	43503850 43504148	-5	1.71885391825865	false positive	4	12
1	43504.896	43510.099	43504896 43510099	-5	1.71885391825865	false positive	4	14
0	43503.596	43503.832	43503596 43503832	-5	2.20830916989523	correct	4	7
0	43503.85	43504.148	43503850 43504148	-5	2.20830916989523	correct	4	10
1	43504.896	43510.099	43504896 43510099	-5	2.20830916989523	false positive	4	14
0	43503.596	43503.832	43503596 43503832	-5	2.92562278092917	correct	4	7
0	43503.85	43504.148	43503850 43504148	-5	2.92562278092917	correct	4	10
0	43504.896	43510.099	43504896 43510099	-5	2.92562278092917	correct	4	13
3	43503.596	43503.832	43503596 43503832	-5	3.95283511716953	false negative	4	8
0	43503.85	43504.148	43503850 43504148	-5	3.95283511716953	correct	4	10
0	43504.896	43510.099	43504896 43510099	-5	3.95283511716953	correct	4	13
3	43503.596	43503.832	43503596 43503832	-5	5.45202555736225	false negative	4	8
0	43503.85	43504.148	43503850 43504148	-5	5.45202555736225	correct	4	10
0	43504.896	43510.099	43504896 43510099	-5	5.45202555736225	correct	4	13
3	43503.596	43503.832	43503596 43503832	-5	Inf	false negative	4	8
3	43503.85	43504.148	43503850 43504148	-5	Inf	false negative	4	11
0	43504.896	43510.099	43504896 43510099	-5	Inf	correct	4	13
1	43503.596	43503.832	43503596 43503832	-4.8	-Inf	false positive	4	9
1	43503.85	43504.148	43503850 43504148	-4.8	-Inf	false positive	4	12
1	43504.896	43510.099	43504896 43510099	-4.8	-Inf	false positive	4	14
1	43503.596	43503.832	43503596 43503832	-4.8	-3.5987564321254	false positive	4	9
1	43503.85	43504.148	43503850 43504148	-4.8	-3.5987564321254	false positive	4	12
1	43504.896	43510.099	43504896 43510099	-4.8	-3.5987564321254	false positive	4	14
1	43503.596	43503.832	43503596 43503832	-4.8	-2.87110214393305	false positive	4	9
1	43503.85	43504.148	43503850 43504148	-4.8	-2.87110214393305	false positive	4	12
1	43504.896	43510.099	43504896 43510099	-4.8	-2.87110214393305	false positive	4	14
1	43503.596	43503.832	43503596 43503832	-4.8	-2.524465240576	false positive	4	9
1	43503.85	43504.148	43503850 43504148	-4.8	-2.524465240576	false positive	4	12
1	43504.896	43510.099	43504896 43510099	-4.8	-2.524465240576	false positive	4	14
1	43503.596	43503.832	43503596 43503832	-4.8	-1.7250450381836	false positive	4	9
1	43503.85	43504.148	43503850 43504148	-4.8	-1.7250450381836	false positive	4	12
1	43504.896	43510.099	43504896 43510099	-4.8	-1.7250450381836	false positive	4	14
1	43503.596	43503.832	43503596 43503832	-4.8	-0.112657524285237	false positive	4	9
1	43503.85	43504.148	43503850 43504148	-4.8	-0.112657524285237	false positive	4	12
1	43504.896	43510.099	43504896 43510099	-4.8	-0.112657524285237	false positive	4	14
0	43503.596	43503.832	43503596 43503832	-4.8	1.16988692973461	correct	4	7
1	43503.85	43504.148	43503850 43504148	-4.8	1.16988692973461	false positive	4	12
1	43504.896	43510.099	43504896 43510099	-4.8	1.16988692973461	false positive	4	14
0	43503.596	43503.832	43503596 43503832	-4.8	1.61885391825865	correct	4	7
1	43503.85	43504.148	43503850 43504148	-4.8	1.61885391825865	false positive	4	12
1	43504.896	43510.099	43504896 43510099	-4.8	1.61885391825865	false positive	4	14
0	43503.596	43503.832	43503596 43503832	-4.8	2.00830916989523	correct	4	7
0	43503.85	43504.148	43503850 43504148	-4.8	2.00830916989523	correct	4	10
1	43504.896	43510.099	43504896 43510099	-4.8	2.00830916989523	false positive	4	14
0	43503.596	43503.832	43503596 43503832	-4.8	2.72562278092917	correct	4	7
0	43503.85	43504.148	43503850 43504148	-4.8	2.72562278092917	correct	4	10
0	43504.896	43510.099	43504896 43510099	-4.8	2.72562278092917	correct	4	13
3	43503.596	43503.832	43503596 43503832	-4.8	3.75283511716953	false negative	4	8
0	43503.85	43504.148	43503850 43504148	-4.8	3.75283511716953	correct	4	10
0	43504.896	43510.099	43504896 43510099	-4.8	3.75283511716953	correct	4	13
3	43503.596	43503.832	43503596 43503832	-4.8	5.25202555736225	false negative	4	8
0	43503.85	43504.148	43503850 43504148	-4.8	5.25202555736225	correct	4	10
0	43504.896	43510.099	43504896 43510099	-4.8	5.25202555736225	correct	4	13
3	43503.596	43503.832	43503596 43503832	-4.8	Inf	false negative	4	8
3	43503.85	43504.148	43503850 43504148	-4.8	Inf	false negative	4	11
0	43504.896	43510.099	43504896 43510099	-4.8	Inf	correct	4	13
1	43503.596	43503.832	43503596 43503832	-4.6	-Inf	false positive	4	9
1	43503.85	43504.148	43503850 43504148	-4.6	-Inf	false positive	4	12
1	43504.896	43510.099	43504896 43510099	-4.6	-Inf	false positive	4	14
1	43503.596	43503.832	43503596 43503832	-4.6	-3.5987564321254	false positive	4	9
1	43503.85	43504.148	43503850 43504148	-4.6	-3.5987564321254	false positive	4	12
1	43504.896	43510.099	43504896 43510099	-4.6	-3.5987564321254	false positive	4	14
1	43503.596	43503.832	43503596 43503832	-4.6	-2.87110214393305	false positive	4	9
1	43503.85	43504.148	43503850 43504148	-4.6	-2.87110214393305	false positive	4	12
1	43504.896	43510.099	43504896 43510099	-4.6	-2.87110214393305	false positive	4	14
1	43503.596	43503.832	43503596 43503832	-4.6	-2.524465240576	false positive	4	9
1	43503.85	43504.148	43503850 43504148	-4.6	-2.524465240576	false positive	4	12
1	43504.896	43510.099	43504896 43510099	-4.6	-2.524465240576	false positive	4	14
1	43503.596	43503.832	43503596 43503832	-4.6	-1.7250450381836	false positive	4	9
1	43503.85	43504.148	43503850 43504148	-4.6	-1.7250450381836	false positive	4	12
1	43504.896	43510.099	43504896 43510099	-4.6	-1.7250450381836	false positive	4	14
1	43503.596	43503.832	43503596 43503832	-4.6	-0.212657524285237	false positive	4	9
1	43503.85	43504.148	43503850 43504148	-4.6	-0.212657524285237	false positive	4	12
1	43504.896	43510.099	43504896 43510099	-4.6	-0.212657524285237	false positive	4	14
0	43503.596	43503.832	43503596 43503832	-4.6	1.01295894632013	correct	4	7
1	43503.85	43504.148	43503850 43504148	-4.6	1.01295894632013	false positive	4	12
1	43504.896	43510.099	43504896 43510099	-4.6	1.01295894632013	false positive	4	14
0	43503.596	43503.832	43503596 43503832	-4.6	1.51885391825865	correct	4	7
0	43503.85	43504.148	43503850 43504148	-4.6	1.51885391825865	correct	4	10
1	43504.896	43510.099	43504896 43510099	-4.6	1.51885391825865	false positive	4	14
0	43503.596	43503.832	43503596 43503832	-4.6	1.86523715330971	correct	4	7
0	43503.85	43504.148	43503850 43504148	-4.6	1.86523715330971	correct	4	10
1	43504.896	43510.099	43504896 43510099	-4.6	1.86523715330971	false positive	4	14
0	43503.596	43503.832	43503596 43503832	-4.6	2.52562278092917	correct	4	7
0	43503.85	43504.148	43503850 43504148	-4.6	2.52562278092917	correct	4	10
0	43504.896	43510.099	43504896 43510099	-4.6	2.52562278092917	correct	4	13
3	43503.596	43503.832	43503596 43503832	-4.6	3.55283511716953	false negative	4	8
0	43503.85	43504.148	43503850 43504148	-4.6	3.55283511716953	correct	4	10
0	43504.896	43510.099	43504896 43510099	-4.6	3.55283511716953	correct	4	13
3	43503.596	43503.832	43503596 43503832	-4.6	5.05202555736225	false negative	4	8
0	43503.85	43504.148	43503850 43504148	-4.6	5.05202555736225	correct	4	10
0	43504.896	43510.099	43504896 43510099	-4.6	5.05202555736225	correct	4	13
3	43503.596	43503.832	43503596 43503832	-4.6	Inf	false negative	4	8
3	43503.85	43504.148	43503850 43504148	-4.6	Inf	false negative	4	11
0	43504.896	43510.099	43504896 43510099	-4.6	Inf	correct	4	13
1	43503.596	43503.832	43503596 43503832	-4.4	-Inf	false positive	4	9
1	43503.85	43504.148	43503850 43504148	-4.4	-Inf	false positive	4	12
1	43504.896	43510.099	43504896 43510099	-4.4	-Inf	false positive	4	14
1	43503.596	43503.832	43503596 43503832	-4.4	-3.5987564321254	false positive	4	9
1	43503.85	43504.148	43503850 43504148	-4.4	-3.5987564321254	false positive	4	12
1	43504.896	43510.099	43504896 43510099	-4.4	-3.5987564321254	false positive	4	14
1	43503.596	43503.832	43503596 43503832	-4.4	-2.87110214393305	false positive	4	9
1	43503.85	43504.148	43503850 43504148	-4.4	-2.87110214393305	false positive	4	12
1	43504.896	43510.099	43504896 43510099	-4.4	-2.87110214393305	false positive	4	14
1	43503.596	43503.832	43503596 43503832	-4.4	-2.524465240576	false positive	4	9
1	43503.85	43504.148	43503850 43504148	-4.4	-2.524465240576	false positive	4	12
1	43504.896	43510.099	43504896 43510099	-4.4	-2.524465240576	false positive	4	14
1	43503.596	43503.832	43503596 43503832	-4.4	-1.7250450381836	false positive	4	9
1	43503.85	43504.148	43503850 43504148	-4.4	-1.7250450381836	false positive	4	12
1	43504.896	43510.099	43504896 43510099	-4.4	-1.7250450381836	false positive	4	14
1	43503.596	43503.832	43503596 43503832	-4.4	-0.312657524285237	false positive	4	9
1	43503.85	43504.148	43503850 43504148	-4.4	-0.312657524285237	false positive	4	12
1	43504.896	43510.099	43504896 43510099	-4.4	-0.312657524285237	false positive	4	14
0	43503.596	43503.832	43503596 43503832	-4.4	0.812958946320131	correct	4	7
1	43503.85	43504.148	43503850 43504148	-4.4	0.812958946320131	false positive	4	12
1	43504.896	43510.099	43504896 43510099	-4.4	0.812958946320131	false positive	4	14
0	43503.596	43503.832	43503596 43503832	-4.4	1.41885391825865	correct	4	7
0	43503.85	43504.148	43503850 43504148	-4.4	1.41885391825865	correct	4	10
1	43504.896	43510.099	43504896 43510099	-4.4	1.41885391825865	false positive	4	14
0	43503.596	43503.832	43503596 43503832	-4.4	1.76523715330971	correct	4	7
0	43503.85	43504.148	43503850 43504148	-4.4	1.76523715330971	correct	4	10
1	43504.896	43510.099	43504896 43510099	-4.4	1.76523715330971	false positive	4	14
0	43503.596	43503.832	43503596 43503832	-4.4	2.32562278092917	correct	4	7
0	43503.85	43504.148	43503850 43504148	-4.4	2.32562278092917	correct	4	10
0	43504.896	43510.099	43504896 43510099	-4.4	2.32562278092917	correct	4	13
3	43503.596	43503.832	43503596 43503832	-4.4	3.35283511716953	false negative	4	8
0	43503.85	43504.148	43503850 43504148	-4.4	3.35283511716953	correct	4	10
0	43504.896	43510.099	43504896 43510099	-4.4	3.35283511716953	correct	4	13
3	43503.596	43503.832	43503596 43503832	-4.4	4.85202555736225	false negative	4	8
0	43503.85	43504.148	43503850 43504148	-4.4	4.85202555736225	correct	4	10
0	43504.896	43510.099	43504896 43510099	-4.4	4.85202555736225	correct	4	13
3	43503.596	43503.832	43503596 43503832	-4.4	Inf	false negative	4	8
3	43503.85	43504.148	43503850 43504148	-4.4	Inf	false negative	4	11
0	43504.896	43510.099	43504896 43510099	-4.4	Inf	correct	4	13
1	43503.596	43503.832	43503596 43503832	-4.2	-Inf	false positive	4	9
1	43503.85	43504.148	43503850 43504148	-4.2	-Inf	false positive	4	12
1	43504.896	43510.099	43504896 43510099	-4.2	-Inf	false positive	4	14
1	43503.596	43503.832	43503596 43503832	-4.2	-3.5987564321254	false positive	4	9
1	43503.85	43504.148	43503850 43504148	-4.2	-3.5987564321254	false positive	4	12
1	43504.896	43510.099	43504896 43510099	-4.2	-3.5987564321254	false positive	4	14
1	43503.596	43503.832	43503596 43503832	-4.2	-2.87110214393305	false positive	4	9
1	43503.85	43504.148	43503850 43504148	-4.2	-2.87110214393305	false positive	4	12
1	43504.896	43510.099	43504896 43510099	-4.2	-2.87110214393305	false positive	4	14
1	43503.596	43503.832	43503596 43503832	-4.2	-2.524465240576	false positive	4	9
1	43503.85	43504.148	43503850 43504148	-4.2	-2.524465240576	false positive	4	12
1	43504.896	43510.099	43504896 43510099	-4.2	-2.524465240576	false positive	4	14
1	43503.596	43503.832	43503596 43503832	-4.2	-1.7250450381836	false positive	4	9
1	43503.85	43504.148	43503850 43504148	-4.2	-1.7250450381836	false positive	4	12
1	43504.896	43510.099	43504896 43510099	-4.2	-1.7250450381836	false positive	4	14
1	43503.596	43503.832	43503596 43503832	-4.2	-0.412657524285237	false positive	4	9
1	43503.85	43504.148	43503850 43504148	-4.2	-0.412657524285237	false positive	4	12
1	43504.896	43510.099	43504896 43510099	-4.2	-0.412657524285237	false positive	4	14
0	43503.596	43503.832	43503596 43503832	-4.2	0.612958946320131	correct	4	7
1	43503.85	43504.148	43503850 43504148	-4.2	0.612958946320131	false positive	4	12
1	43504.896	43510.099	43504896 43510099	-4.2	0.612958946320131	false positive	4	14
0	43503.596	43503.832	43503596 43503832	-4.2	1.31885391825865	correct	4	7
0	43503.85	43504.148	43503850 43504148	-4.2	1.31885391825865	correct	4	10
1	43504.896	43510.099	43504896 43510099	-4.2	1.31885391825865	false positive	4	14
0	43503.596	43503.832	43503596 43503832	-4.2	1.66523715330971	correct	4	7
0	43503.85	43504.148	43503850 43504148	-4.2	1.66523715330971	correct	4	10
1	43504.896	43510.099	43504896 43510099	-4.2	1.66523715330971	false positive	4	14
0	43503.596	43503.832	43503596 43503832	-4.2	2.12562278092917	correct	4	7
0	43503.85	43504.148	43503850 43504148	-4.2	2.12562278092917	correct	4	10
0	43504.896	43510.099	43504896 43510099	-4.2	2.12562278092917	correct	4	13
3	43503.596	43503.832	43503596 43503832	-4.2	3.15283511716953	false negative	4	8
0	43503.85	43504.148	43503850 43504148	-4.2	3.15283511716953	correct	4	10
0	43504.896	43510.099	43504896 43510099	-4.2	3.15283511716953	correct	4	13
3	43503.596	43503.832	43503596 43503832	-4.2	4.65202555736225	false negative	4	8
0	43503.85	43504.148	43503850 43504148	-4.2	4.65202555736225	correct	4	10
0	43504.896	43510.099	43504896 43510099	-4.2	4.65202555736225	correct	4	13
3	43503.596	43503.832	43503596 43503832	-4.2	Inf	false negative	4	8
3	43503.85	43504.148	43503850 43504148	-4.2	Inf	false negative	4	11
0	43504.896	43510.099	43504896 43510099	-4.2	Inf	correct	4	13
1	43503.596	43503.832	43503596 43503832	-4	-Inf	false positive	4	9
1	43503.85	43504.148	43503850 43504148	-4	-Inf	false positive	4	12
1	43504.896	43510.099	43504896 43510099	-4	-Inf	false positive	4	14
1	43503.596	43503.832	43503596 43503832	-4	-3.5987564321254	false positive	4	9
1	43503.85	43504.148	43503850 43504148	-4	-3.5987564321254	false positive	4	12
1	43504.896	43510.099	43504896 43510099	-4	-3.5987564321254	false positive	4	14
1	43503.596	43503.832	43503596 43503832	-4	-2.87110214393305	false positive	4	9
1	43503.85	43504.148	43503850 43504148	-4	-2.87110214393305	false positive	4	12
1	43504.896	43510.099	43504896 43510099	-4	-2.87110214393305	false positive	4	14
1	43503.596	43503.832	43503596 43503832	-4	-2.524465240576	false positive	4	9
1	43503.85	43504.148	43503850 43504148	-4	-2.524465240576	false positive	4	12
1	43504.896	43510.099	43504896 43510099	-4	-2.524465240576	false positive	4	14
1	43503.596	43503.832	43503596 43503832	-4	-1.7250450381836	false positive	4	9
1	43503.85	43504.148	43503850 43504148	-4	-1.7250450381836	false positive	4	12
1	43504.896	43510.099	43504896 43510099	-4	-1.7250450381836	false positive	4	14
1	43503.596	43503.832	43503596 43503832	-4	-0.512657524285237	false positive	4	9
1	43503.85	43504.148	43503850 43504148	-4	-0.512657524285237	false positive	4	12
1	43504.896	43510.099	43504896 43510099	-4	-0.512657524285237	false positive	4	14
0	43503.596	43503.832	43503596 43503832	-4	0.412958946320131	correct	4	7
1	43503.85	43504.148	43503850 43504148	-4	0.412958946320131	false positive	4	12
1	43504.896	43510.099	43504896 43510099	-4	0.412958946320131	false positive	4	14
0	43503.596	43503.832	43503596 43503832	-4	1.20830916989523	correct	4	7
0	43503.85	43504.148	43503850 43504148	-4	1.20830916989523	correct	4	10
1	43504.896	43510.099	43504896 43510099	-4	1.20830916989523	false positive	4	14
0	43503.596	43503.832	43503596 43503832	-4	1.56523715330971	correct	4	7
0	43503.85	43504.148	43503850 43504148	-4	1.56523715330971	correct	4	10
0	43504.896	43510.099	43504896 43510099	-4	1.56523715330971	correct	4	13
0	43503.596	43503.832	43503596 43503832	-4	1.9361675292926	correct	4	7
0	43503.85	43504.148	43503850 43504148	-4	1.9361675292926	correct	4	10
0	43504.896	43510.099	43504896 43510099	-4	1.9361675292926	correct	4	13
3	43503.596	43503.832	43503596 43503832	-4	2.95283511716953	false negative	4	8
0	43503.85	43504.148	43503850 43504148	-4	2.95283511716953	correct	4	10
0	43504.896	43510.099	43504896 43510099	-4	2.95283511716953	correct	4	13
3	43503.596	43503.832	43503596 43503832	-4	4.45202555736225	false negative	4	8
0	43503.85	43504.148	43503850 43504148	-4	4.45202555736225	correct	4	10
0	43504.896	43510.099	43504896 43510099	-4	4.45202555736225	correct	4	13
3	43503.596	43503.832	43503596 43503832	-4	Inf	false negative	4	8
3	43503.85	43504.148	43503850 43504148	-4	Inf	false negative	4	11
0	43504.896	43510.099	43504896 43510099	-4	Inf	correct	4	13
1	43503.596	43503.832	43503596 43503832	-3.8	-Inf	false positive	4	9
1	43503.85	43504.148	43503850 43504148	-3.8	-Inf	false positive	4	12
1	43504.896	43510.099	43504896 43510099	-3.8	-Inf	false positive	4	14
1	43503.596	43503.832	43503596 43503832	-3.8	-3.5987564321254	false positive	4	9
1	43503.85	43504.148	43503850 43504148	-3.8	-3.5987564321254	false positive	4	12
1	43504.896	43510.099	43504896 43510099	-3.8	-3.5987564321254	false positive	4	14
1	43503.596	43503.832	43503596 43503832	-3.8	-2.87110214393305	false positive	4	9
1	43503.85	43504.148	43503850 43504148	-3.8	-2.87110214393305	false positive	4	12
1	43504.896	43510.099	43504896 43510099	-3.8	-2.87110214393305	false positive	4	14
1	43503.596	43503.832	43503596 43503832	-3.8	-2.524465240576	false positive	4	9
1	43503.85	43504.148	43503850 43504148	-3.8	-2.524465240576	false positive	4	12
1	43504.896	43510.099	43504896 43510099	-3.8	-2.524465240576	false positive	4	14
1	43503.596	43503.832	43503596 43503832	-3.8	-1.7250450381836	false positive	4	9
1	43503.85	43504.148	43503850 43504148	-3.8	-1.7250450381836	false positive	4	12
1	43504.896	43510.099	43504896 43510099	-3.8	-1.7250450381836	false positive	4	14
1	43503.596	43503.832	43503596 43503832	-3.8	-0.612657524285237	false positive	4	9
1	43503.85	43504.148	43503850 43504148	-3.8	-0.612657524285237	false positive	4	12
1	43504.896	43510.099	43504896 43510099	-3.8	-0.612657524285237	false positive	4	14
0	43503.596	43503.832	43503596 43503832	-3.8	0.212958946320131	correct	4	7
1	43503.85	43504.148	43503850 43504148	-3.8	0.212958946320131	false positive	4	12
1	43504.896	43510.099	43504896 43510099	-3.8	0.212958946320131	false positive	4	14
0	43503.596	43503.832	43503596 43503832	-3.8	1.00830916989523	correct	4	7
0	43503.85	43504.148	43503850 43504148	-3.8	1.00830916989523	correct	4	10
1	43504.896	43510.099	43504896 43510099	-3.8	1.00830916989523	false positive	4	14
0	43503.596	43503.832	43503596 43503832	-3.8	1.46523715330971	correct	4	7
0	43503.85	43504.148	43503850 43504148	-3.8	1.46523715330971	correct	4	10
0	43504.896	43510.099	43504896 43510099	-3.8	1.46523715330971	correct	4	13
0	43503.596	43503.832	43503596 43503832	-3.8	1.8361675292926	correct	4	7
0	43503.85	43504.148	43503850 43504148	-3.8	1.8361675292926	correct	4	10
0	43504.896	43510.099	43504896 43510099	-3.8	1.8361675292926	correct	4	13
3	43503.596	43503.832	43503596 43503832	-3.8	2.75283511716953	false negative	4	8
0	43503.85	43504.148	43503850 43504148	-3.8	2.75283511716953	correct	4	10
0	43504.896	43510.099	43504896 43510099	-3.8	2.75283511716953	correct	4	13
3	43503.596	43503.832	43503596 43503832	-3.8	4.25202555736225	false negative	4	8
0	43503.85	43504.148	43503850 43504148	-3.8	4.25202555736225	correct	4	10
0	43504.896	43510.099	43504896 43510099	-3.8	4.25202555736225	correct	4	13
3	43503.596	43503.832	43503596 43503832	-3.8	Inf	false negative	4	8
3	43503.85	43504.148	43503850 43504148	-3.8	Inf	false negative	4	11
0	43504.896	43510.099	43504896 43510099	-3.8	Inf	correct	4	13
1	43503.596	43503.832	43503596 43503832	-3.6	-Inf	false positive	4	9
1	43503.85	43504.148	43503850 43504148	-3.6	-Inf	false positive	4	12
1	43504.896	43510.099	43504896 43510099	-3.6	-Inf	false positive	4	14
1	43503.596	43503.832	43503596 43503832	-3.6	-3.5987564321254	false positive	4	9
1	43503.85	43504.148	43503850 43504148	-3.6	-3.5987564321254	false positive	4	12
1	43504.896	43510.099	43504896 43510099	-3.6	-3.5987564321254	false positive	4	14
1	43503.596	43503.832	43503596 43503832	-3.6	-2.87110214393305	false positive	4	9
1	43503.85	43504.148	43503850 43504148	-3.6	-2.87110214393305	false positive	4	12
1	43504.896	43510.099	43504896 43510099	-3.6	-2.87110214393305	false positive	4	14
1	43503.596	43503.832	43503596 43503832	-3.6	-2.524465240576	false positive	4	9
1	43503.85	43504.148	43503850 43504148	-3.6	-2.524465240576	false positive	4	12
1	43504.896	43510.099	43504896 43510099	-3.6	-2.524465240576	false positive	4	14
1	43503.596	43503.832	43503596 43503832	-3.6	-1.7250450381836	false positive	4	9
1	43503.85	43504.148	43503850 43504148	-3.6	-1.7250450381836	false positive	4	12
1	43504.896	43510.099	43504896 43510099	-3.6	-1.7250450381836	false positive	4	14
1	43503.596	43503.832	43503596 43503832	-3.6	-0.712657524285237	false positive	4	9
1	43503.85	43504.148	43503850 43504148	-3.6	-0.712657524285237	false positive	4	12
1	43504.896	43510.099	43504896 43510099	-3.6	-0.712657524285237	false positive	4	14
0	43503.596	43503.832	43503596 43503832	-3.6	0.0129589463201305	correct	4	7
1	43503.85	43504.148	43503850 43504148	-3.6	0.0129589463201305	false positive	4	12
1	43504.896	43510.099	43504896 43510099	-3.6	0.0129589463201305	false positive	4	14
0	43503.596	43503.832	43503596 43503832	-3.6	0.808309169895229	correct	4	7
0	43503.85	43504.148	43503850 43504148	-3.6	0.808309169895229	correct	4	10
1	43504.896	43510.099	43504896 43510099	-3.6	0.808309169895229	false positive	4	14
0	43503.596	43503.832	43503596 43503832	-3.6	1.36523715330971	correct	4	7
0	43503.85	43504.148	43503850 43504148	-3.6	1.36523715330971	correct	4	10
0	43504.896	43510.099	43504896 43510099	-3.6	1.36523715330971	correct	4	13
0	43503.596	43503.832	43503596 43503832	-3.6	1.7361675292926	correct	4	7
0	43503.85	43504.148	43503850 43504148	-3.6	1.7361675292926	correct	4	10
0	43504.896	43510.099	43504896 43510099	-3.6	1.7361675292926	correct	4	13
3	43503.596	43503.832	43503596 43503832	-3.6	2.55283511716953	false negative	4	8
0	43503.85	43504.148	43503850 43504148	-3.6	2.55283511716953	correct	4	10
0	43504.896	43510.099	43504896 43510099	-3.6	2.55283511716953	correct	4	13
3	43503.596	43503.832	43503596 43503832	-3.6	4.05202555736225	false negative	4	8
0	43503.85	43504.148	43503850 43504148	-3.6	4.05202555736225	correct	4	10
0	43504.896	43510.099	43504896 43510099	-3.6	4.05202555736225	correct	4	13
3	43503.596	43503.832	43503596 43503832	-3.6	Inf	false negative	4	8
3	43503.85	43504.148	43503850 43504148	-3.6	Inf	false negative	4	11
0	43504.896	43510.099	43504896 43510099	-3.6	Inf	correct	4	13
1	43503.596	43503.832	43503596 43503832	-3.4	-Inf	false positive	4	9
1	43503.85	43504.148	43503850 43504148	-3.4	-Inf	false positive	4	12
1	43504.896	43510.099	43504896 43510099	-3.4	-Inf	false positive	4	14
1	43503.596	43503.832	43503596 43503832	-3.4	-3.5987564321254	false positive	4	9
1	43503.85	43504.148	43503850 43504148	-3.4	-3.5987564321254	false positive	4	12
1	43504.896	43510.099	43504896 43510099	-3.4	-3.5987564321254	false positive	4	14
1	43503.596	43503.832	43503596 43503832	-3.4	-2.87110214393305	false positive	4	9
1	43503.85	43504.148	43503850 43504148	-3.4	-2.87110214393305	false positive	4	12
1	43504.896	43510.099	43504896 43510099	-3.4	-2.87110214393305	false positive	4	14
1	43503.596	43503.832	43503596 43503832	-3.4	-2.524465240576	false positive	4	9
1	43503.85	43504.148	43503850 43504148	-3.4	-2.524465240576	false positive	4	12
1	43504.896	43510.099	43504896 43510099	-3.4	-2.524465240576	false positive	4	14
1	43503.596	43503.832	43503596 43503832	-3.4	-1.7250450381836	false positive	4	9
1	43503.85	43504.148	43503850 43504148	-3.4	-1.7250450381836	false positive	4	12
1	43504.896	43510.099	43504896 43510099	-3.4	-1.7250450381836	false positive	4	14
1	43503.596	43503.832	43503596 43503832	-3.4	-0.812657524285237	false positive	4	9
1	43503.85	43504.148	43503850 43504148	-3.4	-0.812657524285237	false positive	4	12
1	43504.896	43510.099	43504896 43510099	-3.4	-0.812657524285237	false positive	4	14
0	43503.596	43503.832	43503596 43503832	-3.4	-0.187041053679869	correct	4	7
1	43503.85	43504.148	43503850 43504148	-3.4	-0.187041053679869	false positive	4	12
1	43504.896	43510.099	43504896 43510099	-3.4	-0.187041053679869	false positive	4	14
0	43503.596	43503.832	43503596 43503832	-3.4	0.60830916989523	correct	4	7
0	43503.85	43504.148	43503850 43504148	-3.4	0.60830916989523	correct	4	10
1	43504.896	43510.099	43504896 43510099	-3.4	0.60830916989523	false positive	4	14
0	43503.596	43503.832	43503596 43503832	-3.4	1.26523715330971	correct	4	7
0	43503.85	43504.148	43503850 43504148	-3.4	1.26523715330971	correct	4	10
0	43504.896	43510.099	43504896 43510099	-3.4	1.26523715330971	correct	4	13
0	43503.596	43503.832	43503596 43503832	-3.4	1.6361675292926	correct	4	7
0	43503.85	43504.148	43503850 43504148	-3.4	1.6361675292926	correct	4	10
0	43504.896	43510.099	43504896 43510099	-3.4	1.6361675292926	correct	4	13
3	43503.596	43503.832	43503596 43503832	-3.4	2.35283511716953	false negative	4	8
0	43503.85	43504.148	43503850 43504148	-3.4	2.35283511716953	correct	4	10
0	43504.896	43510.099	43504896 43510099	-3.4	2.35283511716953	correct	4	13
3	43503.596	43503.832	43503596 43503832	-3.4	3.85202555736225	false negative	4	8
0	43503.85	43504.148	43503850 43504148	-3.4	3.85202555736225	correct	4	10
0	43504.896	43510.099	43504896 43510099	-3.4	3.85202555736225	correct	4	13
3	43503.596	43503.832	43503596 43503832	-3.4	Inf	false negative	4	8
3	43503.85	43504.148	43503850 43504148	-3.4	Inf	false negative	4	11
0	43504.896	43510.099	43504896 43510099	-3.4	Inf	correct	4	13
1	43503.596	43503.832	43503596 43503832	-3.2	-Inf	false positive	4	9
1	43503.85	43504.148	43503850 43504148	-3.2	-Inf	false positive	4	12
1	43504.896	43510.099	43504896 43510099	-3.2	-Inf	false positive	4	14
1	43503.596	43503.832	43503596 43503832	-3.2	-3.5987564321254	false positive	4	9
1	43503.85	43504.148	43503850 43504148	-3.2	-3.5987564321254	false positive	4	12
1	43504.896	43510.099	43504896 43510099	-3.2	-3.5987564321254	false positive	4	14
1	43503.596	43503.832	43503596 43503832	-3.2	-2.87110214393305	false positive	4	9
1	43503.85	43504.148	43503850 43504148	-3.2	-2.87110214393305	false positive	4	12
1	43504.896	43510.099	43504896 43510099	-3.2	-2.87110214393305	false positive	4	14
1	43503.596	43503.832	43503596 43503832	-3.2	-2.524465240576	false positive	4	9
1	43503.85	43504.148	43503850 43504148	-3.2	-2.524465240576	false positive	4	12
1	43504.896	43510.099	43504896 43510099	-3.2	-2.524465240576	false positive	4	14
1	43503.596	43503.832	43503596 43503832	-3.2	-1.7250450381836	false positive	4	9
1	43503.85	43504.148	43503850 43504148	-3.2	-1.7250450381836	false positive	4	12
1	43504.896	43510.099	43504896 43510099	-3.2	-1.7250450381836	false positive	4	14
1	43503.596	43503.832	43503596 43503832	-3.2	-0.912657524285237	false positive	4	9
1	43503.85	43504.148	43503850 43504148	-3.2	-0.912657524285237	false positive	4	12
1	43504.896	43510.099	43504896 43510099	-3.2	-0.912657524285237	false positive	4	14
0	43503.596	43503.832	43503596 43503832	-3.2	-0.387041053679869	correct	4	7
1	43503.85	43504.148	43503850 43504148	-3.2	-0.387041053679869	false positive	4	12
1	43504.896	43510.099	43504896 43510099	-3.2	-0.387041053679869	false positive	4	14
0	43503.596	43503.832	43503596 43503832	-3.2	0.408309169895229	correct	4	7
0	43503.85	43504.148	43503850 43504148	-3.2	0.408309169895229	correct	4	10
1	43504.896	43510.099	43504896 43510099	-3.2	0.408309169895229	false positive	4	14
0	43503.596	43503.832	43503596 43503832	-3.2	1.12562278092917	correct	4	7
0	43503.85	43504.148	43503850 43504148	-3.2	1.12562278092917	correct	4	10
0	43504.896	43510.099	43504896 43510099	-3.2	1.12562278092917	correct	4	13
3	43503.596	43503.832	43503596 43503832	-3.2	1.5361675292926	false negative	4	8
0	43503.85	43504.148	43503850 43504148	-3.2	1.5361675292926	correct	4	10
0	43504.896	43510.099	43504896 43510099	-3.2	1.5361675292926	correct	4	13
3	43503.596	43503.832	43503596 43503832	-3.2	2.19244948955007	false negative	4	8
0	43503.85	43504.148	43503850 43504148	-3.2	2.19244948955007	correct	4	10
0	43504.896	43510.099	43504896 43510099	-3.2	2.19244948955007	correct	4	13
3	43503.596	43503.832	43503596 43503832	-3.2	3.65202555736225	false negative	4	8
0	43503.85	43504.148	43503850 43504148	-3.2	3.65202555736225	correct	4	10
0	43504.896	43510.099	43504896 43510099	-3.2	3.65202555736225	correct	4	13
3	43503.596	43503.832	43503596 43503832	-3.2	Inf	false negative	4	8
3	43503.85	43504.148	43503850 43504148	-3.2	Inf	false negative	4	11
0	43504.896	43510.099	43504896 43510099	-3.2	Inf	correct	4	13
1	43503.596	43503.832	43503596 43503832	-3	-Inf	false positive	4	9
1	43503.85	43504.148	43503850 43504148	-3	-Inf	false positive	4	12
1	43504.896	43510.099	43504896 43510099	-3	-Inf	false positive	4	14
1	43503.596	43503.832	43503596 43503832	-3	-3.5987564321254	false positive	4	9
1	43503.85	43504.148	43503850 43504148	-3	-3.5987564321254	false positive	4	12
1	43504.896	43510.099	43504896 43510099	-3	-3.5987564321254	false positive	4	14
1	43503.596	43503.832	43503596 43503832	-3	-2.87110214393305	false positive	4	9
1	43503.85	43504.148	43503850 43504148	-3	-2.87110214393305	false positive	4	12
1	43504.896	43510.099	43504896 43510099	-3	-2.87110214393305	false positive	4	14
1	43503.596	43503.832	43503596 43503832	-3	-2.524465240576	false positive	4	9
1	43503.85	43504.148	43503850 43504148	-3	-2.524465240576	false positive	4	12
1	43504.896	43510.099	43504896 43510099	-3	-2.524465240576	false positive	4	14
1	43503.596	43503.832	43503596 43503832	-3	-1.74839555610227	false positive	4	9
1	43503.85	43504.148	43503850 43504148	-3	-1.74839555610227	false positive	4	12
1	43504.896	43510.099	43504896 43510099	-3	-1.74839555610227	false positive	4	14
0	43503.596	43503.832	43503596 43503832	-3	-1.01265752428524	correct	4	7
1	43503.85	43504.148	43503850 43504148	-3	-1.01265752428524	false positive	4	12
1	43504.896	43510.099	43504896 43510099	-3	-1.01265752428524	false positive	4	14
0	43503.596	43503.832	43503596 43503832	-3	-0.563690535761193	correct	4	7
1	43503.85	43504.148	43503850 43504148	-3	-0.563690535761193	false positive	4	12
1	43504.896	43510.099	43504896 43510099	-3	-0.563690535761193	false positive	4	14
0	43503.596	43503.832	43503596 43503832	-3	0.208309169895229	correct	4	7
0	43503.85	43504.148	43503850 43504148	-3	0.208309169895229	correct	4	10
1	43504.896	43510.099	43504896 43510099	-3	0.208309169895229	false positive	4	14
0	43503.596	43503.832	43503596 43503832	-3	0.925622780929171	correct	4	7
0	43503.85	43504.148	43503850 43504148	-3	0.925622780929171	correct	4	10
0	43504.896	43510.099	43504896 43510099	-3	0.925622780929171	correct	4	13
3	43503.596	43503.832	43503596 43503832	-3	1.4361675292926	false negative	4	8
0	43503.85	43504.148	43503850 43504148	-3	1.4361675292926	correct	4	10
0	43504.896	43510.099	43504896 43510099	-3	1.4361675292926	correct	4	13
3	43503.596	43503.832	43503596 43503832	-3	2.09244948955007	false negative	4	8
0	43503.85	43504.148	43503850 43504148	-3	2.09244948955007	correct	4	10
0	43504.896	43510.099	43504896 43510099	-3	2.09244948955007	correct	4	13
3	43503.596	43503.832	43503596 43503832	-3	3.45202555736225	false negative	4	8
0	43503.85	43504.148	43503850 43504148	-3	3.45202555736225	correct	4	10
0	43504.896	43510.099	43504896 43510099	-3	3.45202555736225	correct	4	13
3	43503.596	43503.832	43503596 43503832	-3	Inf	false negative	4	8
3	43503.85	43504.148	43503850 43504148	-3	Inf	false negative	4	11
0	43504.896	43510.099	43504896 43510099	-3	Inf	correct	4	13
1	43503.596	43503.832	43503596 43503832	-2.8	-Inf	false positive	4	9
1	43503.85	43504.148	43503850 43504148	-2.8	-Inf	false positive	4	12
1	43504.896	43510.099	43504896 43510099	-2.8	-Inf	false positive	4	14
1	43503.596	43503.832	43503596 43503832	-2.8	-3.5987564321254	false positive	4	9
1	43503.85	43504.148	43503850 43504148	-2.8	-3.5987564321254	false positive	4	12
1	43504.896	43510.099	43504896 43510099	-2.8	-3.5987564321254	false positive	4	14
1	43503.596	43503.832	43503596 43503832	-2.8	-2.87110214393305	false positive	4	9
1	43503.85	43504.148	43503850 43504148	-2.8	-2.87110214393305	false positive	4	12
1	43504.896	43510.099	43504896 43510099	-2.8	-2.87110214393305	false positive	4	14
1	43503.596	43503.832	43503596 43503832	-2.8	-2.524465240576	false positive	4	9
1	43503.85	43504.148	43503850 43504148	-2.8	-2.524465240576	false positive	4	12
1	43504.896	43510.099	43504896 43510099	-2.8	-2.524465240576	false positive	4	14
1	43503.596	43503.832	43503596 43503832	-2.8	-1.84839555610227	false positive	4	9
1	43503.85	43504.148	43503850 43504148	-2.8	-1.84839555610227	false positive	4	12
1	43504.896	43510.099	43504896 43510099	-2.8	-1.84839555610227	false positive	4	14
0	43503.596	43503.832	43503596 43503832	-2.8	-1.11265752428524	correct	4	7
1	43503.85	43504.148	43503850 43504148	-2.8	-1.11265752428524	false positive	4	12
1	43504.896	43510.099	43504896 43510099	-2.8	-1.11265752428524	false positive	4	14
0	43503.596	43503.832	43503596 43503832	-2.8	-0.663690535761193	correct	4	7
1	43503.85	43504.148	43503850 43504148	-2.8	-0.663690535761193	false positive	4	12
1	43504.896	43510.099	43504896 43510099	-2.8	-0.663690535761193	false positive	4	14
0	43503.596	43503.832	43503596 43503832	-2.8	0.00830916989522912	correct	4	7
0	43503.85	43504.148	43503850 43504148	-2.8	0.00830916989522912	correct	4	10
1	43504.896	43510.099	43504896 43510099	-2.8	0.00830916989522912	false positive	4	14
0	43503.596	43503.832	43503596 43503832	-2.8	0.725622780929171	correct	4	7
0	43503.85	43504.148	43503850 43504148	-2.8	0.725622780929171	correct	4	10
0	43504.896	43510.099	43504896 43510099	-2.8	0.725622780929171	correct	4	13
3	43503.596	43503.832	43503596 43503832	-2.8	1.3361675292926	false negative	4	8
0	43503.85	43504.148	43503850 43504148	-2.8	1.3361675292926	correct	4	10
0	43504.896	43510.099	43504896 43510099	-2.8	1.3361675292926	correct	4	13
3	43503.596	43503.832	43503596 43503832	-2.8	1.99244948955007	false negative	4	8
0	43503.85	43504.148	43503850 43504148	-2.8	1.99244948955007	correct	4	10
0	43504.896	43510.099	43504896 43510099	-2.8	1.99244948955007	correct	4	13
3	43503.596	43503.832	43503596 43503832	-2.8	3.25202555736225	false negative	4	8
0	43503.85	43504.148	43503850 43504148	-2.8	3.25202555736225	correct	4	10
0	43504.896	43510.099	43504896 43510099	-2.8	3.25202555736225	correct	4	13
3	43503.596	43503.832	43503596 43503832	-2.8	Inf	false negative	4	8
3	43503.85	43504.148	43503850 43504148	-2.8	Inf	false negative	4	11
0	43504.896	43510.099	43504896 43510099	-2.8	Inf	correct	4	13
1	43503.596	43503.832	43503596 43503832	-2.6	-Inf	false positive	4	9
1	43503.85	43504.148	43503850 43504148	-2.6	-Inf	false positive	4	12
1	43504.896	43510.099	43504896 43510099	-2.6	-Inf	false positive	4	14
1	43503.596	43503.832	43503596 43503832	-2.6	-3.5987564321254	false positive	4	9
1	43503.85	43504.148	43503850 43504148	-2.6	-3.5987564321254	false positive	4	12
1	43504.896	43510.099	43504896 43510099	-2.6	-3.5987564321254	false positive	4	14
1	43503.596	43503.832	43503596 43503832	-2.6	-2.87110214393305	false positive	4	9
1	43503.85	43504.148	43503850 43504148	-2.6	-2.87110214393305	false positive	4	12
1	43504.896	43510.099	43504896 43510099	-2.6	-2.87110214393305	false positive	4	14
1	43503.596	43503.832	43503596 43503832	-2.6	-2.524465240576	false positive	4	9
1	43503.85	43504.148	43503850 43504148	-2.6	-2.524465240576	false positive	4	12
1	43504.896	43510.099	43504896 43510099	-2.6	-2.524465240576	false positive	4	14
1	43503.596	43503.832	43503596 43503832	-2.6	-1.94839555610227	false positive	4	9
1	43503.85	43504.148	43503850 43504148	-2.6	-1.94839555610227	false positive	4	12
1	43504.896	43510.099	43504896 43510099	-2.6	-1.94839555610227	false positive	4	14
0	43503.596	43503.832	43503596 43503832	-2.6	-1.21265752428524	correct	4	7
1	43503.85	43504.148	43503850 43504148	-2.6	-1.21265752428524	false positive	4	12
1	43504.896	43510.099	43504896 43510099	-2.6	-1.21265752428524	false positive	4	14
0	43503.596	43503.832	43503596 43503832	-2.6	-0.763690535761193	correct	4	7
1	43503.85	43504.148	43503850 43504148	-2.6	-0.763690535761193	false positive	4	12
1	43504.896	43510.099	43504896 43510099	-2.6	-0.763690535761193	false positive	4	14
0	43503.596	43503.832	43503596 43503832	-2.6	-0.191690830104771	correct	4	7
0	43503.85	43504.148	43503850 43504148	-2.6	-0.191690830104771	correct	4	10
1	43504.896	43510.099	43504896 43510099	-2.6	-0.191690830104771	false positive	4	14
0	43503.596	43503.832	43503596 43503832	-2.6	0.525622780929171	correct	4	7
0	43503.85	43504.148	43503850 43504148	-2.6	0.525622780929171	correct	4	10
0	43504.896	43510.099	43504896 43510099	-2.6	0.525622780929171	correct	4	13
3	43503.596	43503.832	43503596 43503832	-2.6	1.2361675292926	false negative	4	8
0	43503.85	43504.148	43503850 43504148	-2.6	1.2361675292926	correct	4	10
0	43504.896	43510.099	43504896 43510099	-2.6	1.2361675292926	correct	4	13
3	43503.596	43503.832	43503596 43503832	-2.6	1.89244948955007	false negative	4	8
0	43503.85	43504.148	43503850 43504148	-2.6	1.89244948955007	correct	4	10
0	43504.896	43510.099	43504896 43510099	-2.6	1.89244948955007	correct	4	13
3	43503.596	43503.832	43503596 43503832	-2.6	3.05202555736225	false negative	4	8
0	43503.85	43504.148	43503850 43504148	-2.6	3.05202555736225	correct	4	10
0	43504.896	43510.099	43504896 43510099	-2.6	3.05202555736225	correct	4	13
3	43503.596	43503.832	43503596 43503832	-2.6	Inf	false negative	4	8
3	43503.85	43504.148	43503850 43504148	-2.6	Inf	false negative	4	11
0	43504.896	43510.099	43504896 43510099	-2.6	Inf	correct	4	13
1	43503.596	43503.832	43503596 43503832	-2.4	-Inf	false positive	4	9
1	43503.85	43504.148	43503850 43504148	-2.4	-Inf	false positive	4	12
1	43504.896	43510.099	43504896 43510099	-2.4	-Inf	false positive	4	14
1	43503.596	43503.832	43503596 43503832	-2.4	-3.5987564321254	false positive	4	9
1	43503.85	43504.148	43503850 43504148	-2.4	-3.5987564321254	false positive	4	12
1	43504.896	43510.099	43504896 43510099	-2.4	-3.5987564321254	false positive	4	14
1	43503.596	43503.832	43503596 43503832	-2.4	-2.87110214393305	false positive	4	9
1	43503.85	43504.148	43503850 43504148	-2.4	-2.87110214393305	false positive	4	12
1	43504.896	43510.099	43504896 43510099	-2.4	-2.87110214393305	false positive	4	14
1	43503.596	43503.832	43503596 43503832	-2.4	-2.524465240576	false positive	4	9
1	43503.85	43504.148	43503850 43504148	-2.4	-2.524465240576	false positive	4	12
1	43504.896	43510.099	43504896 43510099	-2.4	-2.524465240576	false positive	4	14
1	43503.596	43503.832	43503596 43503832	-2.4	-2.04839555610227	false positive	4	9
1	43503.85	43504.148	43503850 43504148	-2.4	-2.04839555610227	false positive	4	12
1	43504.896	43510.099	43504896 43510099	-2.4	-2.04839555610227	false positive	4	14
0	43503.596	43503.832	43503596 43503832	-2.4	-1.31265752428524	correct	4	7
1	43503.85	43504.148	43503850 43504148	-2.4	-1.31265752428524	false positive	4	12
1	43504.896	43510.099	43504896 43510099	-2.4	-1.31265752428524	false positive	4	14
0	43503.596	43503.832	43503596 43503832	-2.4	-0.863690535761193	correct	4	7
1	43503.85	43504.148	43503850 43504148	-2.4	-0.863690535761193	false positive	4	12
1	43504.896	43510.099	43504896 43510099	-2.4	-0.863690535761193	false positive	4	14
0	43503.596	43503.832	43503596 43503832	-2.4	-0.39169083010477	correct	4	7
0	43503.85	43504.148	43503850 43504148	-2.4	-0.39169083010477	correct	4	10
1	43504.896	43510.099	43504896 43510099	-2.4	-0.39169083010477	false positive	4	14
0	43503.596	43503.832	43503596 43503832	-2.4	0.325622780929171	correct	4	7
0	43503.85	43504.148	43503850 43504148	-2.4	0.325622780929171	correct	4	10
0	43504.896	43510.099	43504896 43510099	-2.4	0.325622780929171	correct	4	13
3	43503.596	43503.832	43503596 43503832	-2.4	1.1361675292926	false negative	4	8
0	43503.85	43504.148	43503850 43504148	-2.4	1.1361675292926	correct	4	10
0	43504.896	43510.099	43504896 43510099	-2.4	1.1361675292926	correct	4	13
3	43503.596	43503.832	43503596 43503832	-2.4	1.79244948955007	false negative	4	8
0	43503.85	43504.148	43503850 43504148	-2.4	1.79244948955007	correct	4	10
0	43504.896	43510.099	43504896 43510099	-2.4	1.79244948955007	correct	4	13
3	43503.596	43503.832	43503596 43503832	-2.4	2.85202555736225	false negative	4	8
0	43503.85	43504.148	43503850 43504148	-2.4	2.85202555736225	correct	4	10
0	43504.896	43510.099	43504896 43510099	-2.4	2.85202555736225	correct	4	13
3	43503.596	43503.832	43503596 43503832	-2.4	Inf	false negative	4	8
3	43503.85	43504.148	43503850 43504148	-2.4	Inf	false negative	4	11
0	43504.896	43510.099	43504896 43510099	-2.4	Inf	correct	4	13
1	43503.596	43503.832	43503596 43503832	-2.2	-Inf	false positive	4	9
1	43503.85	43504.148	43503850 43504148	-2.2	-Inf	false positive	4	12
1	43504.896	43510.099	43504896 43510099	-2.2	-Inf	false positive	4	14
1	43503.596	43503.832	43503596 43503832	-2.2	-3.5987564321254	false positive	4	9
1	43503.85	43504.148	43503850 43504148	-2.2	-3.5987564321254	false positive	4	12
1	43504.896	43510.099	43504896 43510099	-2.2	-3.5987564321254	false positive	4	14
1	43503.596	43503.832	43503596 43503832	-2.2	-2.87110214393305	false positive	4	9
1	43503.85	43504.148	43503850 43504148	-2.2	-2.87110214393305	false positive	4	12
1	43504.896	43510.099	43504896 43510099	-2.2	-2.87110214393305	false positive	4	14
1	43503.596	43503.832	43503596 43503832	-2.2	-2.524465240576	false positive	4	9
1	43503.85	43504.148	43503850 43504148	-2.2	-2.524465240576	false positive	4	12
1	43504.896	43510.099	43504896 43510099	-2.2	-2.524465240576	false positive	4	14
1	43503.596	43503.832	43503596 43503832	-2.2	-2.14839555610227	false positive	4	9
1	43503.85	43504.148	43503850 43504148	-2.2	-2.14839555610227	false positive	4	12
1	43504.896	43510.099	43504896 43510099	-2.2	-2.14839555610227	false positive	4	14
0	43503.596	43503.832	43503596 43503832	-2.2	-1.41265752428524	correct	4	7
1	43503.85	43504.148	43503850 43504148	-2.2	-1.41265752428524	false positive	4	12
1	43504.896	43510.099	43504896 43510099	-2.2	-1.41265752428524	false positive	4	14
0	43503.596	43503.832	43503596 43503832	-2.2	-0.963690535761193	correct	4	7
1	43503.85	43504.148	43503850 43504148	-2.2	-0.963690535761193	false positive	4	12
1	43504.896	43510.099	43504896 43510099	-2.2	-0.963690535761193	false positive	4	14
0	43503.596	43503.832	43503596 43503832	-2.2	-0.591690830104771	correct	4	7
0	43503.85	43504.148	43503850 43504148	-2.2	-0.591690830104771	correct	4	10
1	43504.896	43510.099	43504896 43510099	-2.2	-0.591690830104771	false positive	4	14
0	43503.596	43503.832	43503596 43503832	-2.2	0.12562278092917	correct	4	7
0	43503.85	43504.148	43503850 43504148	-2.2	0.12562278092917	correct	4	10
0	43504.896	43510.099	43504896 43510099	-2.2	0.12562278092917	correct	4	13
3	43503.596	43503.832	43503596 43503832	-2.2	1.0361675292926	false negative	4	8
0	43503.85	43504.148	43503850 43504148	-2.2	1.0361675292926	correct	4	10
0	43504.896	43510.099	43504896 43510099	-2.2	1.0361675292926	correct	4	13
3	43503.596	43503.832	43503596 43503832	-2.2	1.69244948955007	false negative	4	8
0	43503.85	43504.148	43503850 43504148	-2.2	1.69244948955007	correct	4	10
0	43504.896	43510.099	43504896 43510099	-2.2	1.69244948955007	correct	4	13
3	43503.596	43503.832	43503596 43503832	-2.2	2.65202555736225	false negative	4	8
0	43503.85	43504.148	43503850 43504148	-2.2	2.65202555736225	correct	4	10
0	43504.896	43510.099	43504896 43510099	-2.2	2.65202555736225	correct	4	13
3	43503.596	43503.832	43503596 43503832	-2.2	Inf	false negative	4	8
3	43503.85	43504.148	43503850 43504148	-2.2	Inf	false negative	4	11
0	43504.896	43510.099	43504896 43510099	-2.2	Inf	correct	4	13
1	43503.596	43503.832	43503596 43503832	-2	-Inf	false positive	4	9
1	43503.85	43504.148	43503850 43504148	-2	-Inf	false positive	4	12
1	43504.896	43510.099	43504896 43510099	-2	-Inf	false positive	4	14
1	43503.596	43503.832	43503596 43503832	-2	-3.5987564321254	false positive	4	9
1	43503.85	43504.148	43503850 43504148	-2	-3.5987564321254	false positive	4	12
1	43504.896	43510.099	43504896 43510099	-2	-3.5987564321254	false positive	4	14
1	43503.596	43503.832	43503596 43503832	-2	-2.87110214393305	false positive	4	9
1	43503.85	43504.148	43503850 43504148	-2	-2.87110214393305	false positive	4	12
1	43504.896	43510.099	43504896 43510099	-2	-2.87110214393305	false positive	4	14
1	43503.596	43503.832	43503596 43503832	-2	-2.524465240576	false positive	4	9
1	43503.85	43504.148	43503850 43504148	-2	-2.524465240576	false positive	4	12
1	43504.896	43510.099	43504896 43510099	-2	-2.524465240576	false positive	4	14
1	43503.596	43503.832	43503596 43503832	-2	-2.24839555610227	false positive	4	9
1	43503.85	43504.148	43503850 43504148	-2	-2.24839555610227	false positive	4	12
1	43504.896	43510.099	43504896 43510099	-2	-2.24839555610227	false positive	4	14
0	43503.596	43503.832	43503596 43503832	-2	-1.58704105367987	correct	4	7
1	43503.85	43504.148	43503850 43504148	-2	-1.58704105367987	false positive	4	12
1	43504.896	43510.099	43504896 43510099	-2	-1.58704105367987	false positive	4	14
0	43503.596	43503.832	43503596 43503832	-2	-1.06369053576119	correct	4	7
0	43503.85	43504.148	43503850 43504148	-2	-1.06369053576119	correct	4	10
1	43504.896	43510.099	43504896 43510099	-2	-1.06369053576119	false positive	4	14
0	43503.596	43503.832	43503596 43503832	-2	-0.717307300710139	correct	4	7
0	43503.85	43504.148	43503850 43504148	-2	-0.717307300710139	correct	4	10
1	43504.896	43510.099	43504896 43510099	-2	-0.717307300710139	false positive	4	14
0	43503.596	43503.832	43503596 43503832	-2	-0.0743772190708292	correct	4	7
0	43503.85	43504.148	43503850 43504148	-2	-0.0743772190708292	correct	4	10
0	43504.896	43510.099	43504896 43510099	-2	-0.0743772190708292	correct	4	13
3	43503.596	43503.832	43503596 43503832	-2	0.936167529292596	false negative	4	8
0	43503.85	43504.148	43503850 43504148	-2	0.936167529292596	correct	4	10
0	43504.896	43510.099	43504896 43510099	-2	0.936167529292596	correct	4	13
3	43503.596	43503.832	43503596 43503832	-2	1.59244948955007	false negative	4	8
0	43503.85	43504.148	43503850 43504148	-2	1.59244948955007	correct	4	10
0	43504.896	43510.099	43504896 43510099	-2	1.59244948955007	correct	4	13
3	43503.596	43503.832	43503596 43503832	-2	2.45202555736225	false negative	4	8
0	43503.85	43504.148	43503850 43504148	-2	2.45202555736225	correct	4	10
0	43504.896	43510.099	43504896 43510099	-2	2.45202555736225	correct	4	13
3	43503.596	43503.832	43503596 43503832	-2	Inf	false negative	4	8
3	43503.85	43504.148	43503850 43504148	-2	Inf	false negative	4	11
0	43504.896	43510.099	43504896 43510099	-2	Inf	correct	4	13
1	43503.596	43503.832	43503596 43503832	-1.8	-Inf	false positive	4	9
1	43503.85	43504.148	43503850 43504148	-1.8	-Inf	false positive	4	12
1	43504.896	43510.099	43504896 43510099	-1.8	-Inf	false positive	4	14
1	43503.596	43503.832	43503596 43503832	-1.8	-3.5987564321254	false positive	4	9
1	43503.85	43504.148	43503850 43504148	-1.8	-3.5987564321254	false positive	4	12
1	43504.896	43510.099	43504896 43510099	-1.8	-3.5987564321254	false positive	4	14
1	43503.596	43503.832	43503596 43503832	-1.8	-2.87110214393305	false positive	4	9
1	43503.85	43504.148	43503850 43504148	-1.8	-2.87110214393305	false positive	4	12
1	43504.896	43510.099	43504896 43510099	-1.8	-2.87110214393305	false positive	4	14
1	43503.596	43503.832	43503596 43503832	-1.8	-2.524465240576	false positive	4	9
1	43503.85	43504.148	43503850 43504148	-1.8	-2.524465240576	false positive	4	12
1	43504.896	43510.099	43504896 43510099	-1.8	-2.524465240576	false positive	4	14
1	43503.596	43503.832	43503596 43503832	-1.8	-2.34839555610227	false positive	4	9
1	43503.85	43504.148	43503850 43504148	-1.8	-2.34839555610227	false positive	4	12
1	43504.896	43510.099	43504896 43510099	-1.8	-2.34839555610227	false positive	4	14
0	43503.596	43503.832	43503596 43503832	-1.8	-1.78704105367987	correct	4	7
1	43503.85	43504.148	43503850 43504148	-1.8	-1.78704105367987	false positive	4	12
1	43504.896	43510.099	43504896 43510099	-1.8	-1.78704105367987	false positive	4	14
0	43503.596	43503.832	43503596 43503832	-1.8	-1.16369053576119	correct	4	7
0	43503.85	43504.148	43503850 43504148	-1.8	-1.16369053576119	correct	4	10
1	43504.896	43510.099	43504896 43510099	-1.8	-1.16369053576119	false positive	4	14
0	43503.596	43503.832	43503596 43503832	-1.8	-0.817307300710138	correct	4	7
0	43503.85	43504.148	43503850 43504148	-1.8	-0.817307300710138	correct	4	10
1	43504.896	43510.099	43504896 43510099	-1.8	-0.817307300710138	false positive	4	14
0	43503.596	43503.832	43503596 43503832	-1.8	-0.274377219070828	correct	4	7
0	43503.85	43504.148	43503850 43504148	-1.8	-0.274377219070828	correct	4	10
0	43504.896	43510.099	43504896 43510099	-1.8	-0.274377219070828	correct	4	13
3	43503.596	43503.832	43503596 43503832	-1.8	0.752835117169532	false negative	4	8
0	43503.85	43504.148	43503850 43504148	-1.8	0.752835117169532	correct	4	10
0	43504.896	43510.099	43504896 43510099	-1.8	0.752835117169532	correct	4	13
3	43503.596	43503.832	43503596 43503832	-1.8	1.49244948955007	false negative	4	8
0	43503.85	43504.148	43503850 43504148	-1.8	1.49244948955007	correct	4	10
0	43504.896	43510.099	43504896 43510099	-1.8	1.49244948955007	correct	4	13
3	43503.596	43503.832	43503596 43503832	-1.8	2.33535796948531	false negative	4	8
0	43503.85	43504.148	43503850 43504148	-1.8	2.33535796948531	correct	4	10
0	43504.896	43510.099	43504896 43510099	-1.8	2.33535796948531	correct	4	13
3	43503.596	43503.832	43503596 43503832	-1.8	Inf	false negative	4	8
3	43503.85	43504.148	43503850 43504148	-1.8	Inf	false negative	4	11
0	43504.896	43510.099	43504896 43510099	-1.8	Inf	correct	4	13
1	43503.596	43503.832	43503596 43503832	-1.6	-Inf	false positive	4	9
1	43503.85	43504.148	43503850 43504148	-1.6	-Inf	false positive	4	12
1	43504.896	43510.099	43504896 43510099	-1.6	-Inf	false positive	4	14
1	43503.596	43503.832	43503596 43503832	-1.6	-3.5987564321254	false positive	4	9
1	43503.85	43504.148	43503850 43504148	-1.6	-3.5987564321254	false positive	4	12
1	43504.896	43510.099	43504896 43510099	-1.6	-3.5987564321254	false positive	4	14
1	43503.596	43503.832	43503596 43503832	-1.6	-2.87110214393305	false positive	4	9
1	43503.85	43504.148	43503850 43504148	-1.6	-2.87110214393305	false positive	4	12
1	43504.896	43510.099	43504896 43510099	-1.6	-2.87110214393305	false positive	4	14
1	43503.596	43503.832	43503596 43503832	-1.6	-2.524465240576	false positive	4	9
1	43503.85	43504.148	43503850 43504148	-1.6	-2.524465240576	false positive	4	12
1	43504.896	43510.099	43504896 43510099	-1.6	-2.524465240576	false positive	4	14
1	43503.596	43503.832	43503596 43503832	-1.6	-2.44839555610227	false positive	4	9
1	43503.85	43504.148	43503850 43504148	-1.6	-2.44839555610227	false positive	4	12
1	43504.896	43510.099	43504896 43510099	-1.6	-2.44839555610227	false positive	4	14
0	43503.596	43503.832	43503596 43503832	-1.6	-1.98704105367987	correct	4	7
1	43503.85	43504.148	43503850 43504148	-1.6	-1.98704105367987	false positive	4	12
1	43504.896	43510.099	43504896 43510099	-1.6	-1.98704105367987	false positive	4	14
0	43503.596	43503.832	43503596 43503832	-1.6	-1.26369053576119	correct	4	7
0	43503.85	43504.148	43503850 43504148	-1.6	-1.26369053576119	correct	4	10
1	43504.896	43510.099	43504896 43510099	-1.6	-1.26369053576119	false positive	4	14
0	43503.596	43503.832	43503596 43503832	-1.6	-0.917307300710139	correct	4	7
0	43503.85	43504.148	43503850 43504148	-1.6	-0.917307300710139	correct	4	10
1	43504.896	43510.099	43504896 43510099	-1.6	-0.917307300710139	false positive	4	14
0	43503.596	43503.832	43503596 43503832	-1.6	-0.47437721907083	correct	4	7
0	43503.85	43504.148	43503850 43504148	-1.6	-0.47437721907083	correct	4	10
0	43504.896	43510.099	43504896 43510099	-1.6	-0.47437721907083	correct	4	13
3	43503.596	43503.832	43503596 43503832	-1.6	0.552835117169531	false negative	4	8
0	43503.85	43504.148	43503850 43504148	-1.6	0.552835117169531	correct	4	10
0	43504.896	43510.099	43504896 43510099	-1.6	0.552835117169531	correct	4	13
3	43503.596	43503.832	43503596 43503832	-1.6	1.39244948955007	false negative	4	8
0	43503.85	43504.148	43503850 43504148	-1.6	1.39244948955007	correct	4	10
0	43504.896	43510.099	43504896 43510099	-1.6	1.39244948955007	correct	4	13
3	43503.596	43503.832	43503596 43503832	-1.6	2.23535796948531	false negative	4	8
0	43503.85	43504.148	43503850 43504148	-1.6	2.23535796948531	correct	4	10
0	43504.896	43510.099	43504896 43510099	-1.6	2.23535796948531	correct	4	13
3	43503.596	43503.832	43503596 43503832	-1.6	Inf	false negative	4	8
3	43503.85	43504.148	43503850 43504148	-1.6	Inf	false negative	4	11
0	43504.896	43510.099	43504896 43510099	-1.6	Inf	correct	4	13
1	43503.596	43503.832	43503596 43503832	-1.4	-Inf	false positive	4	9
1	43503.85	43504.148	43503850 43504148	-1.4	-Inf	false positive	4	12
1	43504.896	43510.099	43504896 43510099	-1.4	-Inf	false positive	4	14
1	43503.596	43503.832	43503596 43503832	-1.4	-3.5987564321254	false positive	4	9
1	43503.85	43504.148	43503850 43504148	-1.4	-3.5987564321254	false positive	4	12
1	43504.896	43510.099	43504896 43510099	-1.4	-3.5987564321254	false positive	4	14
1	43503.596	43503.832	43503596 43503832	-1.4	-2.89503245945932	false positive	4	9
1	43503.85	43504.148	43503850 43504148	-1.4	-2.89503245945932	false positive	4	12
1	43504.896	43510.099	43504896 43510099	-1.4	-2.89503245945932	false positive	4	14
0	43503.596	43503.832	43503596 43503832	-1.4	-2.61207772667764	correct	4	7
1	43503.85	43504.148	43503850 43504148	-1.4	-2.61207772667764	false positive	4	12
1	43504.896	43510.099	43504896 43510099	-1.4	-2.61207772667764	false positive	4	14
0	43503.596	43503.832	43503596 43503832	-1.4	-2.524465240576	correct	4	7
1	43503.85	43504.148	43503850 43504148	-1.4	-2.524465240576	false positive	4	12
1	43504.896	43510.099	43504896 43510099	-1.4	-2.524465240576	false positive	4	14
0	43503.596	43503.832	43503596 43503832	-1.4	-2.09942856757823	correct	4	7
1	43503.85	43504.148	43503850 43504148	-1.4	-2.09942856757823	false positive	4	12
1	43504.896	43510.099	43504896 43510099	-1.4	-2.09942856757823	false positive	4	14
0	43503.596	43503.832	43503596 43503832	-1.4	-1.39169083010477	correct	4	7
0	43503.85	43504.148	43503850 43504148	-1.4	-1.39169083010477	correct	4	10
1	43504.896	43510.099	43504896 43510099	-1.4	-1.39169083010477	false positive	4	14
0	43503.596	43503.832	43503596 43503832	-1.4	-1.01730730071014	correct	4	7
0	43503.85	43504.148	43503850 43504148	-1.4	-1.01730730071014	correct	4	10
0	43504.896	43510.099	43504896 43510099	-1.4	-1.01730730071014	correct	4	13
0	43503.596	43503.832	43503596 43503832	-1.4	-0.646376924727251	correct	4	7
0	43503.85	43504.148	43503850 43504148	-1.4	-0.646376924727251	correct	4	10
0	43504.896	43510.099	43504896 43510099	-1.4	-0.646376924727251	correct	4	13
3	43503.596	43503.832	43503596 43503832	-1.4	0.352835117169532	false negative	4	8
0	43503.85	43504.148	43503850 43504148	-1.4	0.352835117169532	correct	4	10
0	43504.896	43510.099	43504896 43510099	-1.4	0.352835117169532	correct	4	13
3	43503.596	43503.832	43503596 43503832	-1.4	1.29244948955007	false negative	4	8
0	43503.85	43504.148	43503850 43504148	-1.4	1.29244948955007	correct	4	10
0	43504.896	43510.099	43504896 43510099	-1.4	1.29244948955007	correct	4	13
3	43503.596	43503.832	43503596 43503832	-1.4	2.13535796948531	false negative	4	8
0	43503.85	43504.148	43503850 43504148	-1.4	2.13535796948531	correct	4	10
0	43504.896	43510.099	43504896 43510099	-1.4	2.13535796948531	correct	4	13
3	43503.596	43503.832	43503596 43503832	-1.4	Inf	false negative	4	8
3	43503.85	43504.148	43503850 43504148	-1.4	Inf	false negative	4	11
0	43504.896	43510.099	43504896 43510099	-1.4	Inf	correct	4	13
1	43503.596	43503.832	43503596 43503832	-1.2	-Inf	false positive	4	9
1	43503.85	43504.148	43503850 43504148	-1.2	-Inf	false positive	4	12
1	43504.896	43510.099	43504896 43510099	-1.2	-Inf	false positive	4	14
1	43503.596	43503.832	43503596 43503832	-1.2	-3.5987564321254	false positive	4	9
1	43503.85	43504.148	43503850 43504148	-1.2	-3.5987564321254	false positive	4	12
1	43504.896	43510.099	43504896 43510099	-1.2	-3.5987564321254	false positive	4	14
1	43503.596	43503.832	43503596 43503832	-1.2	-2.99503245945932	false positive	4	9
1	43503.85	43504.148	43503850 43504148	-1.2	-2.99503245945932	false positive	4	12
1	43504.896	43510.099	43504896 43510099	-1.2	-2.99503245945932	false positive	4	14
0	43503.596	43503.832	43503596 43503832	-1.2	-2.71207772667764	correct	4	7
1	43503.85	43504.148	43503850 43504148	-1.2	-2.71207772667764	false positive	4	12
1	43504.896	43510.099	43504896 43510099	-1.2	-2.71207772667764	false positive	4	14
0	43503.596	43503.832	43503596 43503832	-1.2	-2.524465240576	correct	4	7
1	43503.85	43504.148	43503850 43504148	-1.2	-2.524465240576	false positive	4	12
1	43504.896	43510.099	43504896 43510099	-1.2	-2.524465240576	false positive	4	14
0	43503.596	43503.832	43503596 43503832	-1.2	-2.19942856757823	correct	4	7
1	43503.85	43504.148	43503850 43504148	-1.2	-2.19942856757823	false positive	4	12
1	43504.896	43510.099	43504896 43510099	-1.2	-2.19942856757823	false positive	4	14
0	43503.596	43503.832	43503596 43503832	-1.2	-1.59169083010477	correct	4	7
0	43503.85	43504.148	43503850 43504148	-1.2	-1.59169083010477	correct	4	10
1	43504.896	43510.099	43504896 43510099	-1.2	-1.59169083010477	false positive	4	14
0	43503.596	43503.832	43503596 43503832	-1.2	-1.11730730071014	correct	4	7
0	43503.85	43504.148	43503850 43504148	-1.2	-1.11730730071014	correct	4	10
0	43504.896	43510.099	43504896 43510099	-1.2	-1.11730730071014	correct	4	13
0	43503.596	43503.832	43503596 43503832	-1.2	-0.746376924727252	correct	4	7
0	43503.85	43504.148	43503850 43504148	-1.2	-0.746376924727252	correct	4	10
0	43504.896	43510.099	43504896 43510099	-1.2	-0.746376924727252	correct	4	13
3	43503.596	43503.832	43503596 43503832	-1.2	0.152835117169531	false negative	4	8
0	43503.85	43504.148	43503850 43504148	-1.2	0.152835117169531	correct	4	10
0	43504.896	43510.099	43504896 43510099	-1.2	0.152835117169531	correct	4	13
3	43503.596	43503.832	43503596 43503832	-1.2	1.19244948955007	false negative	4	8
0	43503.85	43504.148	43503850 43504148	-1.2	1.19244948955007	correct	4	10
0	43504.896	43510.099	43504896 43510099	-1.2	1.19244948955007	correct	4	13
3	43503.596	43503.832	43503596 43503832	-1.2	2.03535796948531	false negative	4	8
0	43503.85	43504.148	43503850 43504148	-1.2	2.03535796948531	correct	4	10
0	43504.896	43510.099	43504896 43510099	-1.2	2.03535796948531	correct	4	13
3	43503.596	43503.832	43503596 43503832	-1.2	Inf	false negative	4	8
3	43503.85	43504.148	43503850 43504148	-1.2	Inf	false negative	4	11
0	43504.896	43510.099	43504896 43510099	-1.2	Inf	correct	4	13
1	43503.596	43503.832	43503596 43503832	-1	-Inf	false positive	4	9
1	43503.85	43504.148	43503850 43504148	-1	-Inf	false positive	4	12
1	43504.896	43510.099	43504896 43510099	-1	-Inf	false positive	4	14
1	43503.596	43503.832	43503596 43503832	-1	-3.5987564321254	false positive	4	9
1	43503.85	43504.148	43503850 43504148	-1	-3.5987564321254	false positive	4	12
1	43504.896	43510.099	43504896 43510099	-1	-3.5987564321254	false positive	4	14
1	43503.596	43503.832	43503596 43503832	-1	-3.09503245945932	false positive	4	9
1	43503.85	43504.148	43503850 43504148	-1	-3.09503245945932	false positive	4	12
1	43504.896	43510.099	43504896 43510099	-1	-3.09503245945932	false positive	4	14
0	43503.596	43503.832	43503596 43503832	-1	-2.81207772667764	correct	4	7
1	43503.85	43504.148	43503850 43504148	-1	-2.81207772667764	false positive	4	12
1	43504.896	43510.099	43504896 43510099	-1	-2.81207772667764	false positive	4	14
0	43503.596	43503.832	43503596 43503832	-1	-2.524465240576	correct	4	7
1	43503.85	43504.148	43503850 43504148	-1	-2.524465240576	false positive	4	12
1	43504.896	43510.099	43504896 43510099	-1	-2.524465240576	false positive	4	14
0	43503.596	43503.832	43503596 43503832	-1	-2.29942856757823	correct	4	7
1	43503.85	43504.148	43503850 43504148	-1	-2.29942856757823	false positive	4	12
1	43504.896	43510.099	43504896 43510099	-1	-2.29942856757823	false positive	4	14
0	43503.596	43503.832	43503596 43503832	-1	-1.79169083010477	correct	4	7
0	43503.85	43504.148	43503850 43504148	-1	-1.79169083010477	correct	4	10
1	43504.896	43510.099	43504896 43510099	-1	-1.79169083010477	false positive	4	14
0	43503.596	43503.832	43503596 43503832	-1	-1.21730730071014	correct	4	7
0	43503.85	43504.148	43503850 43504148	-1	-1.21730730071014	correct	4	10
0	43504.896	43510.099	43504896 43510099	-1	-1.21730730071014	correct	4	13
0	43503.596	43503.832	43503596 43503832	-1	-0.846376924727252	correct	4	7
0	43503.85	43504.148	43503850 43504148	-1	-0.846376924727252	correct	4	10
0	43504.896	43510.099	43504896 43510099	-1	-0.846376924727252	correct	4	13
3	43503.596	43503.832	43503596 43503832	-1	-0.0471648828304687	false negative	4	8
0	43503.85	43504.148	43503850 43504148	-1	-0.0471648828304687	correct	4	10
0	43504.896	43510.099	43504896 43510099	-1	-0.0471648828304687	correct	4	13
3	43503.596	43503.832	43503596 43503832	-1	1.09244948955007	false negative	4	8
0	43503.85	43504.148	43503850 43504148	-1	1.09244948955007	correct	4	10
0	43504.896	43510.099	43504896 43510099	-1	1.09244948955007	correct	4	13
3	43503.596	43503.832	43503596 43503832	-1	1.93535796948531	false negative	4	8
0	43503.85	43504.148	43503850 43504148	-1	1.93535796948531	correct	4	10
0	43504.896	43510.099	43504896 43510099	-1	1.93535796948531	correct	4	13
3	43503.596	43503.832	43503596 43503832	-1	Inf	false negative	4	8
3	43503.85	43504.148	43503850 43504148	-1	Inf	false negative	4	11
0	43504.896	43510.099	43504896 43510099	-1	Inf	correct	4	13
1	43503.596	43503.832	43503596 43503832	-0.8	-Inf	false positive	4	9
1	43503.85	43504.148	43503850 43504148	-0.8	-Inf	false positive	4	12
1	43504.896	43510.099	43504896 43510099	-0.8	-Inf	false positive	4	14
1	43503.596	43503.832	43503596 43503832	-0.8	-3.63973201486999	false positive	4	9
1	43503.85	43504.148	43503850 43504148	-0.8	-3.63973201486999	false positive	4	12
1	43504.896	43510.099	43504896 43510099	-0.8	-3.63973201486999	false positive	4	14
0	43503.596	43503.832	43503596 43503832	-0.8	-3.19503245945932	correct	4	7
1	43503.85	43504.148	43503850 43504148	-0.8	-3.19503245945932	false positive	4	12
1	43504.896	43510.099	43504896 43510099	-0.8	-3.19503245945932	false positive	4	14
0	43503.596	43503.832	43503596 43503832	-0.8	-2.87110214393305	correct	4	7
1	43503.85	43504.148	43503850 43504148	-0.8	-2.87110214393305	false positive	4	12
1	43504.896	43510.099	43504896 43510099	-0.8	-2.87110214393305	false positive	4	14
0	43503.596	43503.832	43503596 43503832	-0.8	-2.524465240576	correct	4	7
1	43503.85	43504.148	43503850 43504148	-0.8	-2.524465240576	false positive	4	12
1	43504.896	43510.099	43504896 43510099	-0.8	-2.524465240576	false positive	4	14
0	43503.596	43503.832	43503596 43503832	-0.8	-2.39942856757823	correct	4	7
1	43503.85	43504.148	43503850 43504148	-0.8	-2.39942856757823	false positive	4	12
1	43504.896	43510.099	43504896 43510099	-0.8	-2.39942856757823	false positive	4	14
0	43503.596	43503.832	43503596 43503832	-0.8	-1.99169083010477	correct	4	7
0	43503.85	43504.148	43503850 43504148	-0.8	-1.99169083010477	correct	4	10
1	43504.896	43510.099	43504896 43510099	-0.8	-1.99169083010477	false positive	4	14
0	43503.596	43503.832	43503596 43503832	-0.8	-1.31730730071014	correct	4	7
0	43503.85	43504.148	43503850 43504148	-0.8	-1.31730730071014	correct	4	10
0	43504.896	43510.099	43504896 43510099	-0.8	-1.31730730071014	correct	4	13
0	43503.596	43503.832	43503596 43503832	-0.8	-0.946376924727251	correct	4	7
0	43503.85	43504.148	43503850 43504148	-0.8	-0.946376924727251	correct	4	10
0	43504.896	43510.099	43504896 43510099	-0.8	-0.946376924727251	correct	4	13
3	43503.596	43503.832	43503596 43503832	-0.8	-0.247164882830468	false negative	4	8
0	43503.85	43504.148	43503850 43504148	-0.8	-0.247164882830468	correct	4	10
0	43504.896	43510.099	43504896 43510099	-0.8	-0.247164882830468	correct	4	13
3	43503.596	43503.832	43503596 43503832	-0.8	0.99244948955007	false negative	4	8
0	43503.85	43504.148	43503850 43504148	-0.8	0.99244948955007	correct	4	10
0	43504.896	43510.099	43504896 43510099	-0.8	0.99244948955007	correct	4	13
3	43503.596	43503.832	43503596 43503832	-0.8	1.83535796948531	false negative	4	8
0	43503.85	43504.148	43503850 43504148	-0.8	1.83535796948531	correct	4	10
0	43504.896	43510.099	43504896 43510099	-0.8	1.83535796948531	correct	4	13
3	43503.596	43503.832	43503596 43503832	-0.8	Inf	false negative	4	8
3	43503.85	43504.148	43503850 43504148	-0.8	Inf	false negative	4	11
0	43504.896	43510.099	43504896 43510099	-0.8	Inf	correct	4	13
1	43503.596	43503.832	43503596 43503832	-0.6	-Inf	false positive	4	9
1	43503.85	43504.148	43503850 43504148	-0.6	-Inf	false positive	4	12
1	43504.896	43510.099	43504896 43510099	-0.6	-Inf	false positive	4	14
1	43503.596	43503.832	43503596 43503832	-0.6	-3.73973201486999	false positive	4	9
1	43503.85	43504.148	43503850 43504148	-0.6	-3.73973201486999	false positive	4	12
1	43504.896	43510.099	43504896 43510099	-0.6	-3.73973201486999	false positive	4	14
0	43503.596	43503.832	43503596 43503832	-0.6	-3.29503245945932	correct	4	7
1	43503.85	43504.148	43503850 43504148	-0.6	-3.29503245945932	false positive	4	12
1	43504.896	43510.099	43504896 43510099	-0.6	-3.29503245945932	false positive	4	14
0	43503.596	43503.832	43503596 43503832	-0.6	-2.87110214393305	correct	4	7
1	43503.85	43504.148	43503850 43504148	-0.6	-2.87110214393305	false positive	4	12
1	43504.896	43510.099	43504896 43510099	-0.6	-2.87110214393305	false positive	4	14
0	43503.596	43503.832	43503596 43503832	-0.6	-2.5631107381536	correct	4	7
1	43503.85	43504.148	43503850 43504148	-0.6	-2.5631107381536	false positive	4	12
1	43504.896	43510.099	43504896 43510099	-0.6	-2.5631107381536	false positive	4	14
0	43503.596	43503.832	43503596 43503832	-0.6	-2.49942856757823	correct	4	7
0	43503.85	43504.148	43503850 43504148	-0.6	-2.49942856757823	correct	4	10
1	43504.896	43510.099	43504896 43510099	-0.6	-2.49942856757823	false positive	4	14
0	43503.596	43503.832	43503596 43503832	-0.6	-2.15304533252717	correct	4	7
0	43503.85	43504.148	43503850 43504148	-0.6	-2.15304533252717	correct	4	10
1	43504.896	43510.099	43504896 43510099	-0.6	-2.15304533252717	false positive	4	14
0	43503.596	43503.832	43503596 43503832	-0.6	-1.47437721907083	correct	4	7
0	43503.85	43504.148	43503850 43504148	-0.6	-1.47437721907083	correct	4	10
0	43504.896	43510.099	43504896 43510099	-0.6	-1.47437721907083	correct	4	13
3	43503.596	43503.832	43503596 43503832	-0.6	-1.04637692472725	false negative	4	8
0	43503.85	43504.148	43503850 43504148	-0.6	-1.04637692472725	correct	4	10
0	43504.896	43510.099	43504896 43510099	-0.6	-1.04637692472725	correct	4	13
3	43503.596	43503.832	43503596 43503832	-0.6	-0.390094964469778	false negative	4	8
0	43503.85	43504.148	43503850 43504148	-0.6	-0.390094964469778	correct	4	10
0	43504.896	43510.099	43504896 43510099	-0.6	-0.390094964469778	correct	4	13
3	43503.596	43503.832	43503596 43503832	-0.6	0.892449489550069	false negative	4	8
0	43503.85	43504.148	43503850 43504148	-0.6	0.892449489550069	correct	4	10
0	43504.896	43510.099	43504896 43510099	-0.6	0.892449489550069	correct	4	13
3	43503.596	43503.832	43503596 43503832	-0.6	1.73535796948531	false negative	4	8
0	43503.85	43504.148	43503850 43504148	-0.6	1.73535796948531	correct	4	10
0	43504.896	43510.099	43504896 43510099	-0.6	1.73535796948531	correct	4	13
3	43503.596	43503.832	43503596 43503832	-0.6	Inf	false negative	4	8
3	43503.85	43504.148	43503850 43504148	-0.6	Inf	false negative	4	11
0	43504.896	43510.099	43504896 43510099	-0.6	Inf	correct	4	13
1	43503.596	43503.832	43503596 43503832	-0.399999999999999	-Inf	false positive	4	9
1	43503.85	43504.148	43503850 43504148	-0.399999999999999	-Inf	false positive	4	12
1	43504.896	43510.099	43504896 43510099	-0.399999999999999	-Inf	false positive	4	14
1	43503.596	43503.832	43503596 43503832	-0.399999999999999	-3.83973201486999	false positive	4	9
1	43503.85	43504.148	43503850 43504148	-0.399999999999999	-3.83973201486999	false positive	4	12
1	43504.896	43510.099	43504896 43510099	-0.399999999999999	-3.83973201486999	false positive	4	14
0	43503.596	43503.832	43503596 43503832	-0.399999999999999	-3.39503245945932	correct	4	7
1	43503.85	43504.148	43503850 43504148	-0.399999999999999	-3.39503245945932	false positive	4	12
1	43504.896	43510.099	43504896 43510099	-0.399999999999999	-3.39503245945932	false positive	4	14
0	43503.596	43503.832	43503596 43503832	-0.399999999999999	-2.94606547093528	correct	4	7
1	43503.85	43504.148	43503850 43504148	-0.399999999999999	-2.94606547093528	false positive	4	12
1	43504.896	43510.099	43504896 43510099	-0.399999999999999	-2.94606547093528	false positive	4	14
0	43503.596	43503.832	43503596 43503832	-0.399999999999999	-2.6631107381536	correct	4	7
0	43503.85	43504.148	43503850 43504148	-0.399999999999999	-2.6631107381536	correct	4	10
1	43504.896	43510.099	43504896 43510099	-0.399999999999999	-2.6631107381536	false positive	4	14
0	43503.596	43503.832	43503596 43503832	-0.399999999999999	-2.524465240576	correct	4	7
0	43503.85	43504.148	43503850 43504148	-0.399999999999999	-2.524465240576	correct	4	10
1	43504.896	43510.099	43504896 43510099	-0.399999999999999	-2.524465240576	false positive	4	14
0	43503.596	43503.832	43503596 43503832	-0.399999999999999	-2.25304533252717	correct	4	7
0	43503.85	43504.148	43503850 43504148	-0.399999999999999	-2.25304533252717	correct	4	10
1	43504.896	43510.099	43504896 43510099	-0.399999999999999	-2.25304533252717	false positive	4	14
0	43503.596	43503.832	43503596 43503832	-0.399999999999999	-1.67437721907083	correct	4	7
0	43503.85	43504.148	43503850 43504148	-0.399999999999999	-1.67437721907083	correct	4	10
0	43504.896	43510.099	43504896 43510099	-0.399999999999999	-1.67437721907083	correct	4	13
3	43503.596	43503.832	43503596 43503832	-0.399999999999999	-1.14637692472725	false negative	4	8
0	43503.85	43504.148	43503850 43504148	-0.399999999999999	-1.14637692472725	correct	4	10
0	43504.896	43510.099	43504896 43510099	-0.399999999999999	-1.14637692472725	correct	4	13
3	43503.596	43503.832	43503596 43503832	-0.399999999999999	-0.490094964469779	false negative	4	8
0	43503.85	43504.148	43503850 43504148	-0.399999999999999	-0.490094964469779	correct	4	10
0	43504.896	43510.099	43504896 43510099	-0.399999999999999	-0.490094964469779	correct	4	13
3	43503.596	43503.832	43503596 43503832	-0.399999999999999	0.792449489550068	false negative	4	8
0	43503.85	43504.148	43503850 43504148	-0.399999999999999	0.792449489550068	correct	4	10
0	43504.896	43510.099	43504896 43510099	-0.399999999999999	0.792449489550068	correct	4	13
3	43503.596	43503.832	43503596 43503832	-0.399999999999999	1.63535796948531	false negative	4	8
0	43503.85	43504.148	43503850 43504148	-0.399999999999999	1.63535796948531	correct	4	10
0	43504.896	43510.099	43504896 43510099	-0.399999999999999	1.63535796948531	correct	4	13
3	43503.596	43503.832	43503596 43503832	-0.399999999999999	Inf	false negative	4	8
3	43503.85	43504.148	43503850 43504148	-0.399999999999999	Inf	false negative	4	11
0	43504.896	43510.099	43504896 43510099	-0.399999999999999	Inf	correct	4	13
1	43503.596	43503.832	43503596 43503832	-0.199999999999999	-Inf	false positive	4	9
1	43503.85	43504.148	43503850 43504148	-0.199999999999999	-Inf	false positive	4	12
1	43504.896	43510.099	43504896 43510099	-0.199999999999999	-Inf	false positive	4	14
1	43503.596	43503.832	43503596 43503832	-0.199999999999999	-3.93973201486999	false positive	4	9
1	43503.85	43504.148	43503850 43504148	-0.199999999999999	-3.93973201486999	false positive	4	12
1	43504.896	43510.099	43504896 43510099	-0.199999999999999	-3.93973201486999	false positive	4	14
0	43503.596	43503.832	43503596 43503832	-0.199999999999999	-3.49503245945932	correct	4	7
1	43503.85	43504.148	43503850 43504148	-0.199999999999999	-3.49503245945932	false positive	4	12
1	43504.896	43510.099	43504896 43510099	-0.199999999999999	-3.49503245945932	false positive	4	14
0	43503.596	43503.832	43503596 43503832	-0.199999999999999	-3.04606547093528	correct	4	7
1	43503.85	43504.148	43503850 43504148	-0.199999999999999	-3.04606547093528	false positive	4	12
1	43504.896	43510.099	43504896 43510099	-0.199999999999999	-3.04606547093528	false positive	4	14
0	43503.596	43503.832	43503596 43503832	-0.199999999999999	-2.7631107381536	correct	4	7
0	43503.85	43504.148	43503850 43504148	-0.199999999999999	-2.7631107381536	correct	4	10
1	43504.896	43510.099	43504896 43510099	-0.199999999999999	-2.7631107381536	false positive	4	14
0	43503.596	43503.832	43503596 43503832	-0.199999999999999	-2.524465240576	correct	4	7
0	43503.85	43504.148	43503850 43504148	-0.199999999999999	-2.524465240576	correct	4	10
1	43504.896	43510.099	43504896 43510099	-0.199999999999999	-2.524465240576	false positive	4	14
0	43503.596	43503.832	43503596 43503832	-0.199999999999999	-2.35304533252717	correct	4	7
0	43503.85	43504.148	43503850 43504148	-0.199999999999999	-2.35304533252717	correct	4	10
1	43504.896	43510.099	43504896 43510099	-0.199999999999999	-2.35304533252717	false positive	4	14
0	43503.596	43503.832	43503596 43503832	-0.199999999999999	-1.87437721907083	correct	4	7
0	43503.85	43504.148	43503850 43504148	-0.199999999999999	-1.87437721907083	correct	4	10
0	43504.896	43510.099	43504896 43510099	-0.199999999999999	-1.87437721907083	correct	4	13
3	43503.596	43503.832	43503596 43503832	-0.199999999999999	-1.24637692472725	false negative	4	8
0	43503.85	43504.148	43503850 43504148	-0.199999999999999	-1.24637692472725	correct	4	10
0	43504.896	43510.099	43504896 43510099	-0.199999999999999	-1.24637692472725	correct	4	13
3	43503.596	43503.832	43503596 43503832	-0.199999999999999	-0.590094964469778	false negative	4	8
0	43503.85	43504.148	43503850 43504148	-0.199999999999999	-0.590094964469778	correct	4	10
0	43504.896	43510.099	43504896 43510099	-0.199999999999999	-0.590094964469778	correct	4	13
3	43503.596	43503.832	43503596 43503832	-0.199999999999999	0.652025557362248	false negative	4	8
0	43503.85	43504.148	43503850 43504148	-0.199999999999999	0.652025557362248	correct	4	10
0	43504.896	43510.099	43504896 43510099	-0.199999999999999	0.652025557362248	correct	4	13
3	43503.596	43503.832	43503596 43503832	-0.199999999999999	1.53535796948531	false negative	4	8
3	43503.85	43504.148	43503850 43504148	-0.199999999999999	1.53535796948531	false negative	4	11
0	43504.896	43510.099	43504896 43510099	-0.199999999999999	1.53535796948531	correct	4	13
3	43503.596	43503.832	43503596 43503832	-0.199999999999999	Inf	false negative	4	8
3	43503.85	43504.148	43503850 43504148	-0.199999999999999	Inf	false negative	4	11
0	43504.896	43510.099	43504896 43510099	-0.199999999999999	Inf	correct	4	13
1	43503.596	43503.832	43503596 43503832	0	-Inf	false positive	4	9
1	43503.85	43504.148	43503850 43504148	0	-Inf	false positive	4	12
1	43504.896	43510.099	43504896 43510099	0	-Inf	false positive	4	14
1	43503.596	43503.832	43503596 43503832	0	-4.03973201486999	false positive	4	9
1	43503.85	43504.148	43503850 43504148	0	-4.03973201486999	false positive	4	12
1	43504.896	43510.099	43504896 43510099	0	-4.03973201486999	false positive	4	14
0	43503.596	43503.832	43503596 43503832	0	-3.59503245945932	correct	4	7
1	43503.85	43504.148	43503850 43504148	0	-3.59503245945932	false positive	4	12
1	43504.896	43510.099	43504896 43510099	0	-3.59503245945932	false positive	4	14
0	43503.596	43503.832	43503596 43503832	0	-3.14606547093528	correct	4	7
1	43503.85	43504.148	43503850 43504148	0	-3.14606547093528	false positive	4	12
1	43504.896	43510.099	43504896 43510099	0	-3.14606547093528	false positive	4	14
0	43503.596	43503.832	43503596 43503832	0	-2.8631107381536	correct	4	7
0	43503.85	43504.148	43503850 43504148	0	-2.8631107381536	correct	4	10
1	43504.896	43510.099	43504896 43510099	0	-2.8631107381536	false positive	4	14
0	43503.596	43503.832	43503596 43503832	0	-2.524465240576	correct	4	7
0	43503.85	43504.148	43503850 43504148	0	-2.524465240576	correct	4	10
1	43504.896	43510.099	43504896 43510099	0	-2.524465240576	false positive	4	14
0	43503.596	43503.832	43503596 43503832	0	-2.45304533252717	correct	4	7
0	43503.85	43504.148	43503850 43504148	0	-2.45304533252717	correct	4	10
1	43504.896	43510.099	43504896 43510099	0	-2.45304533252717	false positive	4	14
0	43503.596	43503.832	43503596 43503832	0	-2.07437721907083	correct	4	7
0	43503.85	43504.148	43503850 43504148	0	-2.07437721907083	correct	4	10
0	43504.896	43510.099	43504896 43510099	0	-2.07437721907083	correct	4	13
3	43503.596	43503.832	43503596 43503832	0	-1.34637692472725	false negative	4	8
0	43503.85	43504.148	43503850 43504148	0	-1.34637692472725	correct	4	10
0	43504.896	43510.099	43504896 43510099	0	-1.34637692472725	correct	4	13
3	43503.596	43503.832	43503596 43503832	0	-0.690094964469778	false negative	4	8
0	43503.85	43504.148	43503850 43504148	0	-0.690094964469778	correct	4	10
0	43504.896	43510.099	43504896 43510099	0	-0.690094964469778	correct	4	13
3	43503.596	43503.832	43503596 43503832	0	0.452025557362249	false negative	4	8
0	43503.85	43504.148	43503850 43504148	0	0.452025557362249	correct	4	10
0	43504.896	43510.099	43504896 43510099	0	0.452025557362249	correct	4	13
3	43503.596	43503.832	43503596 43503832	0	1.43535796948531	false negative	4	8
3	43503.85	43504.148	43503850 43504148	0	1.43535796948531	false negative	4	11
0	43504.896	43510.099	43504896 43510099	0	1.43535796948531	correct	4	13
3	43503.596	43503.832	43503596 43503832	0	Inf	false negative	4	8
3	43503.85	43504.148	43503850 43504148	0	Inf	false negative	4	11
0	43504.896	43510.099	43504896 43510099	0	Inf	correct	4	13
1	43503.596	43503.832	43503596 43503832	0.2	-Inf	false positive	4	9
1	43503.85	43504.148	43503850 43504148	0.2	-Inf	false positive	4	12
1	43504.896	43510.099	43504896 43510099	0.2	-Inf	false positive	4	14
0	43503.596	43503.832	43503596 43503832	0.2	-4.13973201486999	correct	4	7
1	43503.85	43504.148	43503850 43504148	0.2	-4.13973201486999	false positive	4	12
1	43504.896	43510.099	43504896 43510099	0.2	-4.13973201486999	false positive	4	14
0	43503.596	43503.832	43503596 43503832	0.2	-3.69076502634595	correct	4	7
1	43503.85	43504.148	43503850 43504148	0.2	-3.69076502634595	false positive	4	12
1	43504.896	43510.099	43504896 43510099	0.2	-3.69076502634595	false positive	4	14
0	43503.596	43503.832	43503596 43503832	0.2	-3.24606547093528	correct	4	7
0	43503.85	43504.148	43503850 43504148	0.2	-3.24606547093528	correct	4	10
1	43504.896	43510.099	43504896 43510099	0.2	-3.24606547093528	false positive	4	14
0	43503.596	43503.832	43503596 43503832	0.2	-2.89968223588422	correct	4	7
0	43503.85	43504.148	43503850 43504148	0.2	-2.89968223588422	correct	4	10
1	43504.896	43510.099	43504896 43510099	0.2	-2.89968223588422	false positive	4	14
0	43503.596	43503.832	43503596 43503832	0.2	-2.61672750310254	correct	4	7
0	43503.85	43504.148	43503850 43504148	0.2	-2.61672750310254	correct	4	10
0	43504.896	43510.099	43504896 43510099	0.2	-2.61672750310254	correct	4	13
0	43503.596	43503.832	43503596 43503832	0.2	-2.524465240576	correct	4	7
0	43503.85	43504.148	43503850 43504148	0.2	-2.524465240576	correct	4	10
0	43504.896	43510.099	43504896 43510099	0.2	-2.524465240576	correct	4	13
0	43503.596	43503.832	43503596 43503832	0.2	-2.18211495654429	correct	4	7
0	43503.85	43504.148	43503850 43504148	0.2	-2.18211495654429	correct	4	10
0	43504.896	43510.099	43504896 43510099	0.2	-2.18211495654429	correct	4	13
3	43503.596	43503.832	43503596 43503832	0.2	-1.44637692472725	false negative	4	8
0	43503.85	43504.148	43503850 43504148	0.2	-1.44637692472725	correct	4	10
0	43504.896	43510.099	43504896 43510099	0.2	-1.44637692472725	correct	4	13
3	43503.596	43503.832	43503596 43503832	0.2	-0.790094964469778	false negative	4	8
0	43503.85	43504.148	43503850 43504148	0.2	-0.790094964469778	correct	4	10
0	43504.896	43510.099	43504896 43510099	0.2	-0.790094964469778	correct	4	13
3	43503.596	43503.832	43503596 43503832	0.2	0.252025557362249	false negative	4	8
0	43503.85	43504.148	43503850 43504148	0.2	0.252025557362249	correct	4	10
0	43504.896	43510.099	43504896 43510099	0.2	0.252025557362249	correct	4	13
3	43503.596	43503.832	43503596 43503832	0.2	1.33535796948531	false negative	4	8
3	43503.85	43504.148	43503850 43504148	0.2	1.33535796948531	false negative	4	11
0	43504.896	43510.099	43504896 43510099	0.2	1.33535796948531	correct	4	13
3	43503.596	43503.832	43503596 43503832	0.2	Inf	false negative	4	8
3	43503.85	43504.148	43503850 43504148	0.2	Inf	false negative	4	11
0	43504.896	43510.099	43504896 43510099	0.2	Inf	correct	4	13
1	43503.596	43503.832	43503596 43503832	0.4	-Inf	false positive	4	9
1	43503.85	43504.148	43503850 43504148	0.4	-Inf	false positive	4	12
1	43504.896	43510.099	43504896 43510099	0.4	-Inf	false positive	4	14
0	43503.596	43503.832	43503596 43503832	0.4	-4.23973201486999	correct	4	7
1	43503.85	43504.148	43503850 43504148	0.4	-4.23973201486999	false positive	4	12
1	43504.896	43510.099	43504896 43510099	0.4	-4.23973201486999	false positive	4	14
0	43503.596	43503.832	43503596 43503832	0.4	-3.79076502634595	correct	4	7
1	43503.85	43504.148	43503850 43504148	0.4	-3.79076502634595	false positive	4	12
1	43504.896	43510.099	43504896 43510099	0.4	-3.79076502634595	false positive	4	14
0	43503.596	43503.832	43503596 43503832	0.4	-3.34606547093528	correct	4	7
0	43503.85	43504.148	43503850 43504148	0.4	-3.34606547093528	correct	4	10
1	43504.896	43510.099	43504896 43510099	0.4	-3.34606547093528	false positive	4	14
0	43503.596	43503.832	43503596 43503832	0.4	-2.99968223588422	correct	4	7
0	43503.85	43504.148	43503850 43504148	0.4	-2.99968223588422	correct	4	10
1	43504.896	43510.099	43504896 43510099	0.4	-2.99968223588422	false positive	4	14
0	43503.596	43503.832	43503596 43503832	0.4	-2.71672750310254	correct	4	7
0	43503.85	43504.148	43503850 43504148	0.4	-2.71672750310254	correct	4	10
0	43504.896	43510.099	43504896 43510099	0.4	-2.71672750310254	correct	4	13
0	43503.596	43503.832	43503596 43503832	0.4	-2.524465240576	correct	4	7
0	43503.85	43504.148	43503850 43504148	0.4	-2.524465240576	correct	4	10
0	43504.896	43510.099	43504896 43510099	0.4	-2.524465240576	correct	4	13
0	43503.596	43503.832	43503596 43503832	0.4	-2.28211495654429	correct	4	7
0	43503.85	43504.148	43503850 43504148	0.4	-2.28211495654429	correct	4	10
0	43504.896	43510.099	43504896 43510099	0.4	-2.28211495654429	correct	4	13
3	43503.596	43503.832	43503596 43503832	0.4	-1.54637692472725	false negative	4	8
0	43503.85	43504.148	43503850 43504148	0.4	-1.54637692472725	correct	4	10
0	43504.896	43510.099	43504896 43510099	0.4	-1.54637692472725	correct	4	13
3	43503.596	43503.832	43503596 43503832	0.4	-0.890094964469778	false negative	4	8
0	43503.85	43504.148	43503850 43504148	0.4	-0.890094964469778	correct	4	10
0	43504.896	43510.099	43504896 43510099	0.4	-0.890094964469778	correct	4	13
3	43503.596	43503.832	43503596 43503832	0.4	0.0520255573622483	false negative	4	8
0	43503.85	43504.148	43503850 43504148	0.4	0.0520255573622483	correct	4	10
0	43504.896	43510.099	43504896 43510099	0.4	0.0520255573622483	correct	4	13
3	43503.596	43503.832	43503596 43503832	0.4	1.23535796948531	false negative	4	8
3	43503.85	43504.148	43503850 43504148	0.4	1.23535796948531	false negative	4	11
0	43504.896	43510.099	43504896 43510099	0.4	1.23535796948531	correct	4	13
3	43503.596	43503.832	43503596 43503832	0.4	Inf	false negative	4	8
3	43503.85	43504.148	43503850 43504148	0.4	Inf	false negative	4	11
0	43504.896	43510.099	43504896 43510099	0.4	Inf	correct	4	13
1	43503.596	43503.832	43503596 43503832	0.600000000000001	-Inf	false positive	4	9
1	43503.85	43504.148	43503850 43504148	0.600000000000001	-Inf	false positive	4	12
1	43504.896	43510.099	43504896 43510099	0.600000000000001	-Inf	false positive	4	14
0	43503.596	43503.832	43503596 43503832	0.600000000000001	-4.33973201486999	correct	4	7
1	43503.85	43504.148	43503850 43504148	0.600000000000001	-4.33973201486999	false positive	4	12
1	43504.896	43510.099	43504896 43510099	0.600000000000001	-4.33973201486999	false positive	4	14
0	43503.596	43503.832	43503596 43503832	0.600000000000001	-3.89076502634595	correct	4	7
1	43503.85	43504.148	43503850 43504148	0.600000000000001	-3.89076502634595	false positive	4	12
1	43504.896	43510.099	43504896 43510099	0.600000000000001	-3.89076502634595	false positive	4	14
0	43503.596	43503.832	43503596 43503832	0.600000000000001	-3.44606547093528	correct	4	7
0	43503.85	43504.148	43503850 43504148	0.600000000000001	-3.44606547093528	correct	4	10
1	43504.896	43510.099	43504896 43510099	0.600000000000001	-3.44606547093528	false positive	4	14
0	43503.596	43503.832	43503596 43503832	0.600000000000001	-3.09968223588423	correct	4	7
0	43503.85	43504.148	43503850 43504148	0.600000000000001	-3.09968223588423	correct	4	10
1	43504.896	43510.099	43504896 43510099	0.600000000000001	-3.09968223588423	false positive	4	14
0	43503.596	43503.832	43503596 43503832	0.600000000000001	-2.81672750310254	correct	4	7
0	43503.85	43504.148	43503850 43504148	0.600000000000001	-2.81672750310254	correct	4	10
0	43504.896	43510.099	43504896 43510099	0.600000000000001	-2.81672750310254	correct	4	13
0	43503.596	43503.832	43503596 43503832	0.600000000000001	-2.524465240576	correct	4	7
0	43503.85	43504.148	43503850 43504148	0.600000000000001	-2.524465240576	correct	4	10
0	43504.896	43510.099	43504896 43510099	0.600000000000001	-2.524465240576	correct	4	13
0	43503.596	43503.832	43503596 43503832	0.600000000000001	-2.38211495654429	correct	4	7
0	43503.85	43504.148	43503850 43504148	0.600000000000001	-2.38211495654429	correct	4	10
0	43504.896	43510.099	43504896 43510099	0.600000000000001	-2.38211495654429	correct	4	13
3	43503.596	43503.832	43503596 43503832	0.600000000000001	-1.64716488283047	false negative	4	8
0	43503.85	43504.148	43503850 43504148	0.600000000000001	-1.64716488283047	correct	4	10
0	43504.896	43510.099	43504896 43510099	0.600000000000001	-1.64716488283047	correct	4	13
3	43503.596	43503.832	43503596 43503832	0.600000000000001	-0.990094964469779	false negative	4	8
0	43503.85	43504.148	43503850 43504148	0.600000000000001	-0.990094964469779	correct	4	10
0	43504.896	43510.099	43504896 43510099	0.600000000000001	-0.990094964469779	correct	4	13
3	43503.596	43503.832	43503596 43503832	0.600000000000001	-0.147186484534535	false negative	4	8
0	43503.85	43504.148	43503850 43504148	0.600000000000001	-0.147186484534535	correct	4	10
0	43504.896	43510.099	43504896 43510099	0.600000000000001	-0.147186484534535	correct	4	13
3	43503.596	43503.832	43503596 43503832	0.600000000000001	1.13535796948531	false negative	4	8
3	43503.85	43504.148	43503850 43504148	0.600000000000001	1.13535796948531	false negative	4	11
0	43504.896	43510.099	43504896 43510099	0.600000000000001	1.13535796948531	correct	4	13
3	43503.596	43503.832	43503596 43503832	0.600000000000001	Inf	false negative	4	8
3	43503.85	43504.148	43503850 43504148	0.600000000000001	Inf	false negative	4	11
0	43504.896	43510.099	43504896 43510099	0.600000000000001	Inf	correct	4	13
1	43503.596	43503.832	43503596 43503832	0.800000000000001	-Inf	false positive	4	9
1	43503.85	43504.148	43503850 43504148	0.800000000000001	-Inf	false positive	4	12
1	43504.896	43510.099	43504896 43510099	0.800000000000001	-Inf	false positive	4	14
0	43503.596	43503.832	43503596 43503832	0.800000000000001	-4.43973201486999	correct	4	7
1	43503.85	43504.148	43503850 43504148	0.800000000000001	-4.43973201486999	false positive	4	12
1	43504.896	43510.099	43504896 43510099	0.800000000000001	-4.43973201486999	false positive	4	14
0	43503.596	43503.832	43503596 43503832	0.800000000000001	-3.99076502634595	correct	4	7
1	43503.85	43504.148	43503850 43504148	0.800000000000001	-3.99076502634595	false positive	4	12
1	43504.896	43510.099	43504896 43510099	0.800000000000001	-3.99076502634595	false positive	4	14
0	43503.596	43503.832	43503596 43503832	0.800000000000001	-3.59169083010477	correct	4	7
0	43503.85	43504.148	43503850 43504148	0.800000000000001	-3.59169083010477	correct	4	10
1	43504.896	43510.099	43504896 43510099	0.800000000000001	-3.59169083010477	false positive	4	14
0	43503.596	43503.832	43503596 43503832	0.800000000000001	-3.19968223588422	correct	4	7
0	43503.85	43504.148	43503850 43504148	0.800000000000001	-3.19968223588422	correct	4	10
0	43504.896	43510.099	43504896 43510099	0.800000000000001	-3.19968223588422	correct	4	13
0	43503.596	43503.832	43503596 43503832	0.800000000000001	-2.87110214393305	correct	4	7
0	43503.85	43504.148	43503850 43504148	0.800000000000001	-2.87110214393305	correct	4	10
0	43504.896	43510.099	43504896 43510099	0.800000000000001	-2.87110214393305	correct	4	13
0	43503.596	43503.832	43503596 43503832	0.800000000000001	-2.54579712711966	correct	4	7
0	43503.85	43504.148	43503850 43504148	0.800000000000001	-2.54579712711966	correct	4	10
0	43504.896	43510.099	43504896 43510099	0.800000000000001	-2.54579712711966	correct	4	13
3	43503.596	43503.832	43503596 43503832	0.800000000000001	-2.48211495654429	false negative	4	8
0	43503.85	43504.148	43503850 43504148	0.800000000000001	-2.48211495654429	correct	4	10
0	43504.896	43510.099	43504896 43510099	0.800000000000001	-2.48211495654429	correct	4	13
3	43503.596	43503.832	43503596 43503832	0.800000000000001	-1.82583299628681	false negative	4	8
0	43503.85	43504.148	43503850 43504148	0.800000000000001	-1.82583299628681	correct	4	10
0	43504.896	43510.099	43504896 43510099	0.800000000000001	-1.82583299628681	correct	4	13
3	43503.596	43503.832	43503596 43503832	0.800000000000001	-1.09009496446978	false negative	4	8
0	43503.85	43504.148	43503850 43504148	0.800000000000001	-1.09009496446978	correct	4	10
0	43504.896	43510.099	43504896 43510099	0.800000000000001	-1.09009496446978	correct	4	13
3	43503.596	43503.832	43503596 43503832	0.800000000000001	-0.247186484534534	false negative	4	8
0	43503.85	43504.148	43503850 43504148	0.800000000000001	-0.247186484534534	correct	4	10
0	43504.896	43510.099	43504896 43510099	0.800000000000001	-0.247186484534534	correct	4	13
3	43503.596	43503.832	43503596 43503832	0.800000000000001	1.03535796948531	false negative	4	8
3	43503.85	43504.148	43503850 43504148	0.800000000000001	1.03535796948531	false negative	4	11
0	43504.896	43510.099	43504896 43510099	0.800000000000001	1.03535796948531	correct	4	13
3	43503.596	43503.832	43503596 43503832	0.800000000000001	Inf	false negative	4	8
3	43503.85	43504.148	43503850 43504148	0.800000000000001	Inf	false negative	4	11
0	43504.896	43510.099	43504896 43510099	0.800000000000001	Inf	correct	4	13
1	43503.596	43503.832	43503596 43503832	1	-Inf	false positive	4	9
1	43503.85	43504.148	43503850 43504148	1	-Inf	false positive	4	12
1	43504.896	43510.099	43504896 43510099	1	-Inf	false positive	4	14
0	43503.596	43503.832	43503596 43503832	1	-4.58704105367987	correct	4	7
1	43503.85	43504.148	43503850 43504148	1	-4.58704105367987	false positive	4	12
1	43504.896	43510.099	43504896 43510099	1	-4.58704105367987	false positive	4	14
0	43503.596	43503.832	43503596 43503832	1	-4.09076502634595	correct	4	7
0	43503.85	43504.148	43503850 43504148	1	-4.09076502634595	correct	4	10
1	43504.896	43510.099	43504896 43510099	1	-4.09076502634595	false positive	4	14
0	43503.596	43503.832	43503596 43503832	1	-3.74438179129489	correct	4	7
0	43503.85	43504.148	43503850 43504148	1	-3.74438179129489	correct	4	10
1	43504.896	43510.099	43504896 43510099	1	-3.74438179129489	false positive	4	14
0	43503.596	43503.832	43503596 43503832	1	-3.29968223588422	correct	4	7
0	43503.85	43504.148	43503850 43504148	1	-3.29968223588422	correct	4	10
0	43504.896	43510.099	43504896 43510099	1	-3.29968223588422	correct	4	13
0	43503.596	43503.832	43503596 43503832	1	-2.92875185990134	correct	4	7
0	43503.85	43504.148	43503850 43504148	1	-2.92875185990134	correct	4	10
0	43504.896	43510.099	43504896 43510099	1	-2.92875185990134	correct	4	13
3	43503.596	43503.832	43503596 43503832	1	-2.64579712711966	false negative	4	8
0	43503.85	43504.148	43503850 43504148	1	-2.64579712711966	correct	4	10
0	43504.896	43510.099	43504896 43510099	1	-2.64579712711966	correct	4	13
3	43503.596	43503.832	43503596 43503832	1	-2.524465240576	false negative	4	8
0	43503.85	43504.148	43503850 43504148	1	-2.524465240576	correct	4	10
0	43504.896	43510.099	43504896 43510099	1	-2.524465240576	correct	4	13
3	43503.596	43503.832	43503596 43503832	1	-1.92583299628681	false negative	4	8
0	43503.85	43504.148	43503850 43504148	1	-1.92583299628681	correct	4	10
0	43504.896	43510.099	43504896 43510099	1	-1.92583299628681	correct	4	13
3	43503.596	43503.832	43503596 43503832	1	-1.19009496446978	false negative	4	8
0	43503.85	43504.148	43503850 43504148	1	-1.19009496446978	correct	4	10
0	43504.896	43510.099	43504896 43510099	1	-1.19009496446978	correct	4	13
3	43503.596	43503.832	43503596 43503832	1	-0.347186484534534	false negative	4	8
0	43503.85	43504.148	43503850 43504148	1	-0.347186484534534	correct	4	10
0	43504.896	43510.099	43504896 43510099	1	-0.347186484534534	correct	4	13
3	43503.596	43503.832	43503596 43503832	1	0.935357969485313	false negative	4	8
3	43503.85	43504.148	43503850 43504148	1	0.935357969485313	false negative	4	11
0	43504.896	43510.099	43504896 43510099	1	0.935357969485313	correct	4	13
3	43503.596	43503.832	43503596 43503832	1	Inf	false negative	4	8
3	43503.85	43504.148	43503850 43504148	1	Inf	false negative	4	11
0	43504.896	43510.099	43504896 43510099	1	Inf	correct	4	13
1	43503.596	43503.832	43503596 43503832	1.2	-Inf	false positive	4	9
1	43503.85	43504.148	43503850 43504148	1.2	-Inf	false positive	4	12
1	43504.896	43510.099	43504896 43510099	1.2	-Inf	false positive	4	14
0	43503.596	43503.832	43503596 43503832	1.2	-4.78704105367987	correct	4	7
1	43503.85	43504.148	43503850 43504148	1.2	-4.78704105367987	false positive	4	12
1	43504.896	43510.099	43504896 43510099	1.2	-4.78704105367987	false positive	4	14
0	43503.596	43503.832	43503596 43503832	1.2	-4.19076502634595	correct	4	7
0	43503.85	43504.148	43503850 43504148	1.2	-4.19076502634595	correct	4	10
1	43504.896	43510.099	43504896 43510099	1.2	-4.19076502634595	false positive	4	14
0	43503.596	43503.832	43503596 43503832	1.2	-3.84438179129489	correct	4	7
0	43503.85	43504.148	43503850 43504148	1.2	-3.84438179129489	correct	4	10
1	43504.896	43510.099	43504896 43510099	1.2	-3.84438179129489	false positive	4	14
0	43503.596	43503.832	43503596 43503832	1.2	-3.39968223588422	correct	4	7
0	43503.85	43504.148	43503850 43504148	1.2	-3.39968223588422	correct	4	10
0	43504.896	43510.099	43504896 43510099	1.2	-3.39968223588422	correct	4	13
0	43503.596	43503.832	43503596 43503832	1.2	-3.02875185990134	correct	4	7
0	43503.85	43504.148	43503850 43504148	1.2	-3.02875185990134	correct	4	10
0	43504.896	43510.099	43504896 43510099	1.2	-3.02875185990134	correct	4	13
3	43503.596	43503.832	43503596 43503832	1.2	-2.74579712711966	false negative	4	8
0	43503.85	43504.148	43503850 43504148	1.2	-2.74579712711966	correct	4	10
0	43504.896	43510.099	43504896 43510099	1.2	-2.74579712711966	correct	4	13
3	43503.596	43503.832	43503596 43503832	1.2	-2.524465240576	false negative	4	8
0	43503.85	43504.148	43503850 43504148	1.2	-2.524465240576	correct	4	10
0	43504.896	43510.099	43504896 43510099	1.2	-2.524465240576	correct	4	13
3	43503.596	43503.832	43503596 43503832	1.2	-2.02583299628681	false negative	4	8
0	43503.85	43504.148	43503850 43504148	1.2	-2.02583299628681	correct	4	10
0	43504.896	43510.099	43504896 43510099	1.2	-2.02583299628681	correct	4	13
3	43503.596	43503.832	43503596 43503832	1.2	-1.29009496446978	false negative	4	8
0	43503.85	43504.148	43503850 43504148	1.2	-1.29009496446978	correct	4	10
0	43504.896	43510.099	43504896 43510099	1.2	-1.29009496446978	correct	4	13
3	43503.596	43503.832	43503596 43503832	1.2	-0.447186484534534	false negative	4	8
0	43503.85	43504.148	43503850 43504148	1.2	-0.447186484534534	correct	4	10
0	43504.896	43510.099	43504896 43510099	1.2	-0.447186484534534	correct	4	13
3	43503.596	43503.832	43503596 43503832	1.2	0.835357969485314	false negative	4	8
3	43503.85	43504.148	43503850 43504148	1.2	0.835357969485314	false negative	4	11
0	43504.896	43510.099	43504896 43510099	1.2	0.835357969485314	correct	4	13
3	43503.596	43503.832	43503596 43503832	1.2	Inf	false negative	4	8
3	43503.85	43504.148	43503850 43504148	1.2	Inf	false negative	4	11
0	43504.896	43510.099	43504896 43510099	1.2	Inf	correct	4	13
1	43503.596	43503.832	43503596 43503832	1.4	-Inf	false positive	4	9
1	43503.85	43504.148	43503850 43504148	1.4	-Inf	false positive	4	12
1	43504.896	43510.099	43504896 43510099	1.4	-Inf	false positive	4	14
0	43503.596	43503.832	43503596 43503832	1.4	-4.98704105367987	correct	4	7
1	43503.85	43504.148	43503850 43504148	1.4	-4.98704105367987	false positive	4	12
1	43504.896	43510.099	43504896 43510099	1.4	-4.98704105367987	false positive	4	14
0	43503.596	43503.832	43503596 43503832	1.4	-4.29076502634595	correct	4	7
0	43503.85	43504.148	43503850 43504148	1.4	-4.29076502634595	correct	4	10
1	43504.896	43510.099	43504896 43510099	1.4	-4.29076502634595	false positive	4	14
0	43503.596	43503.832	43503596 43503832	1.4	-3.94438179129489	correct	4	7
0	43503.85	43504.148	43503850 43504148	1.4	-3.94438179129489	correct	4	10
1	43504.896	43510.099	43504896 43510099	1.4	-3.94438179129489	false positive	4	14
0	43503.596	43503.832	43503596 43503832	1.4	-3.49968223588422	correct	4	7
0	43503.85	43504.148	43503850 43504148	1.4	-3.49968223588422	correct	4	10
0	43504.896	43510.099	43504896 43510099	1.4	-3.49968223588422	correct	4	13
0	43503.596	43503.832	43503596 43503832	1.4	-3.12875185990134	correct	4	7
0	43503.85	43504.148	43503850 43504148	1.4	-3.12875185990134	correct	4	10
0	43504.896	43510.099	43504896 43510099	1.4	-3.12875185990134	correct	4	13
3	43503.596	43503.832	43503596 43503832	1.4	-2.84579712711966	false negative	4	8
0	43503.85	43504.148	43503850 43504148	1.4	-2.84579712711966	correct	4	10
0	43504.896	43510.099	43504896 43510099	1.4	-2.84579712711966	correct	4	13
3	43503.596	43503.832	43503596 43503832	1.4	-2.524465240576	false negative	4	8
0	43503.85	43504.148	43503850 43504148	1.4	-2.524465240576	correct	4	10
0	43504.896	43510.099	43504896 43510099	1.4	-2.524465240576	correct	4	13
3	43503.596	43503.832	43503596 43503832	1.4	-2.12583299628681	false negative	4	8
0	43503.85	43504.148	43503850 43504148	1.4	-2.12583299628681	correct	4	10
0	43504.896	43510.099	43504896 43510099	1.4	-2.12583299628681	correct	4	13
3	43503.596	43503.832	43503596 43503832	1.4	-1.39009496446978	false negative	4	8
0	43503.85	43504.148	43503850 43504148	1.4	-1.39009496446978	correct	4	10
0	43504.896	43510.099	43504896 43510099	1.4	-1.39009496446978	correct	4	13
3	43503.596	43503.832	43503596 43503832	1.4	-0.547186484534534	false negative	4	8
0	43503.85	43504.148	43503850 43504148	1.4	-0.547186484534534	correct	4	10
0	43504.896	43510.099	43504896 43510099	1.4	-0.547186484534534	correct	4	13
3	43503.596	43503.832	43503596 43503832	1.4	0.735357969485313	false negative	4	8
3	43503.85	43504.148	43503850 43504148	1.4	0.735357969485313	false negative	4	11
0	43504.896	43510.099	43504896 43510099	1.4	0.735357969485313	correct	4	13
3	43503.596	43503.832	43503596 43503832	1.4	Inf	false negative	4	8
3	43503.85	43504.148	43503850 43504148	1.4	Inf	false negative	4	11
0	43504.896	43510.099	43504896 43510099	1.4	Inf	correct	4	13
1	43503.596	43503.832	43503596 43503832	1.6	-Inf	false positive	4	9
1	43503.85	43504.148	43503850 43504148	1.6	-Inf	false positive	4	12
1	43504.896	43510.099	43504896 43510099	1.6	-Inf	false positive	4	14
0	43503.596	43503.832	43503596 43503832	1.6	-5.18704105367987	correct	4	7
1	43503.85	43504.148	43503850 43504148	1.6	-5.18704105367987	false positive	4	12
1	43504.896	43510.099	43504896 43510099	1.6	-5.18704105367987	false positive	4	14
0	43503.596	43503.832	43503596 43503832	1.6	-4.39169083010477	correct	4	7
0	43503.85	43504.148	43503850 43504148	1.6	-4.39169083010477	correct	4	10
1	43504.896	43510.099	43504896 43510099	1.6	-4.39169083010477	false positive	4	14
0	43503.596	43503.832	43503596 43503832	1.6	-4.04438179129489	correct	4	7
0	43503.85	43504.148	43503850 43504148	1.6	-4.04438179129489	correct	4	10
0	43504.896	43510.099	43504896 43510099	1.6	-4.04438179129489	correct	4	13
0	43503.596	43503.832	43503596 43503832	1.6	-3.67345141531201	correct	4	7
0	43503.85	43504.148	43503850 43504148	1.6	-3.67345141531201	correct	4	10
0	43504.896	43510.099	43504896 43510099	1.6	-3.67345141531201	correct	4	13
3	43503.596	43503.832	43503596 43503832	1.6	-3.22875185990134	false negative	4	8
0	43503.85	43504.148	43503850 43504148	1.6	-3.22875185990134	correct	4	10
0	43504.896	43510.099	43504896 43510099	1.6	-3.22875185990134	correct	4	13
3	43503.596	43503.832	43503596 43503832	1.6	-2.87110214393305	false negative	4	8
0	43503.85	43504.148	43503850 43504148	1.6	-2.87110214393305	correct	4	10
0	43504.896	43510.099	43504896 43510099	1.6	-2.87110214393305	correct	4	13
3	43503.596	43503.832	43503596 43503832	1.6	-2.524465240576	false negative	4	8
0	43503.85	43504.148	43503850 43504148	1.6	-2.524465240576	correct	4	10
0	43504.896	43510.099	43504896 43510099	1.6	-2.524465240576	correct	4	13
3	43503.596	43503.832	43503596 43503832	1.6	-2.22583299628681	false negative	4	8
0	43503.85	43504.148	43503850 43504148	1.6	-2.22583299628681	correct	4	10
0	43504.896	43510.099	43504896 43510099	1.6	-2.22583299628681	correct	4	13
3	43503.596	43503.832	43503596 43503832	1.6	-1.49009496446978	false negative	4	8
0	43503.85	43504.148	43503850 43504148	1.6	-1.49009496446978	correct	4	10
0	43504.896	43510.099	43504896 43510099	1.6	-1.49009496446978	correct	4	13
3	43503.596	43503.832	43503596 43503832	1.6	-0.647186484534535	false negative	4	8
0	43503.85	43504.148	43503850 43504148	1.6	-0.647186484534535	correct	4	10
0	43504.896	43510.099	43504896 43510099	1.6	-0.647186484534535	correct	4	13
3	43503.596	43503.832	43503596 43503832	1.6	0.635357969485312	false negative	4	8
3	43503.85	43504.148	43503850 43504148	1.6	0.635357969485312	false negative	4	11
0	43504.896	43510.099	43504896 43510099	1.6	0.635357969485312	correct	4	13
3	43503.596	43503.832	43503596 43503832	1.6	Inf	false negative	4	8
3	43503.85	43504.148	43503850 43504148	1.6	Inf	false negative	4	11
0	43504.896	43510.099	43504896 43510099	1.6	Inf	correct	4	13
1	43503.596	43503.832	43503596 43503832	1.8	-Inf	false positive	4	9
1	43503.85	43504.148	43503850 43504148	1.8	-Inf	false positive	4	12
1	43504.896	43510.099	43504896 43510099	1.8	-Inf	false positive	4	14
0	43503.596	43503.832	43503596 43503832	1.8	-5.38704105367987	correct	4	7
1	43503.85	43504.148	43503850 43504148	1.8	-5.38704105367987	false positive	4	12
1	43504.896	43510.099	43504896 43510099	1.8	-5.38704105367987	false positive	4	14
0	43503.596	43503.832	43503596 43503832	1.8	-4.59169083010477	correct	4	7
0	43503.85	43504.148	43503850 43504148	1.8	-4.59169083010477	correct	4	10
1	43504.896	43510.099	43504896 43510099	1.8	-4.59169083010477	false positive	4	14
0	43503.596	43503.832	43503596 43503832	1.8	-4.14438179129489	correct	4	7
0	43503.85	43504.148	43503850 43504148	1.8	-4.14438179129489	correct	4	10
0	43504.896	43510.099	43504896 43510099	1.8	-4.14438179129489	correct	4	13
0	43503.596	43503.832	43503596 43503832	1.8	-3.77345141531201	correct	4	7
0	43503.85	43504.148	43503850 43504148	1.8	-3.77345141531201	correct	4	10
0	43504.896	43510.099	43504896 43510099	1.8	-3.77345141531201	correct	4	13
3	43503.596	43503.832	43503596 43503832	1.8	-3.32875185990134	false negative	4	8
0	43503.85	43504.148	43503850 43504148	1.8	-3.32875185990134	correct	4	10
0	43504.896	43510.099	43504896 43510099	1.8	-3.32875185990134	correct	4	13
3	43503.596	43503.832	43503596 43503832	1.8	-2.87110214393305	false negative	4	8
0	43503.85	43504.148	43503850 43504148	1.8	-2.87110214393305	correct	4	10
0	43504.896	43510.099	43504896 43510099	1.8	-2.87110214393305	correct	4	13
3	43503.596	43503.832	43503596 43503832	1.8	-2.524465240576	false negative	4	8
0	43503.85	43504.148	43503850 43504148	1.8	-2.524465240576	correct	4	10
0	43504.896	43510.099	43504896 43510099	1.8	-2.524465240576	correct	4	13
3	43503.596	43503.832	43503596 43503832	1.8	-2.32583299628681	false negative	4	8
0	43503.85	43504.148	43503850 43504148	1.8	-2.32583299628681	correct	4	10
0	43504.896	43510.099	43504896 43510099	1.8	-2.32583299628681	correct	4	13
3	43503.596	43503.832	43503596 43503832	1.8	-1.59009496446978	false negative	4	8
0	43503.85	43504.148	43503850 43504148	1.8	-1.59009496446978	correct	4	10
0	43504.896	43510.099	43504896 43510099	1.8	-1.59009496446978	correct	4	13
3	43503.596	43503.832	43503596 43503832	1.8	-0.747186484534534	false negative	4	8
0	43503.85	43504.148	43503850 43504148	1.8	-0.747186484534534	correct	4	10
0	43504.896	43510.099	43504896 43510099	1.8	-0.747186484534534	correct	4	13
3	43503.596	43503.832	43503596 43503832	1.8	0.535357969485313	false negative	4	8
3	43503.85	43504.148	43503850 43504148	1.8	0.535357969485313	false negative	4	11
0	43504.896	43510.099	43504896 43510099	1.8	0.535357969485313	correct	4	13
3	43503.596	43503.832	43503596 43503832	1.8	Inf	false negative	4	8
3	43503.85	43504.148	43503850 43504148	1.8	Inf	false negative	4	11
0	43504.896	43510.099	43504896 43510099	1.8	Inf	correct	4	13
1	43503.596	43503.832	43503596 43503832	2	-Inf	false positive	4	9
1	43503.85	43504.148	43503850 43504148	2	-Inf	false positive	4	12
1	43504.896	43510.099	43504896 43510099	2	-Inf	false positive	4	14
0	43503.596	43503.832	43503596 43503832	2	-5.58704105367987	correct	4	7
1	43503.85	43504.148	43503850 43504148	2	-5.58704105367987	false positive	4	12
1	43504.896	43510.099	43504896 43510099	2	-5.58704105367987	false positive	4	14
0	43503.596	43503.832	43503596 43503832	2	-4.79169083010477	correct	4	7
0	43503.85	43504.148	43503850 43504148	2	-4.79169083010477	correct	4	10
1	43504.896	43510.099	43504896 43510099	2	-4.79169083010477	false positive	4	14
0	43503.596	43503.832	43503596 43503832	2	-4.24438179129489	correct	4	7
0	43503.85	43504.148	43503850 43504148	2	-4.24438179129489	correct	4	10
0	43504.896	43510.099	43504896 43510099	2	-4.24438179129489	correct	4	13
0	43503.596	43503.832	43503596 43503832	2	-3.87345141531201	correct	4	7
0	43503.85	43504.148	43503850 43504148	2	-3.87345141531201	correct	4	10
0	43504.896	43510.099	43504896 43510099	2	-3.87345141531201	correct	4	13
3	43503.596	43503.832	43503596 43503832	2	-3.42875185990134	false negative	4	8
0	43503.85	43504.148	43503850 43504148	2	-3.42875185990134	correct	4	10
0	43504.896	43510.099	43504896 43510099	2	-3.42875185990134	correct	4	13
3	43503.596	43503.832	43503596 43503832	2	-2.87110214393305	false negative	4	8
0	43503.85	43504.148	43503850 43504148	2	-2.87110214393305	correct	4	10
0	43504.896	43510.099	43504896 43510099	2	-2.87110214393305	correct	4	13
3	43503.596	43503.832	43503596 43503832	2	-2.524465240576	false negative	4	8
0	43503.85	43504.148	43503850 43504148	2	-2.524465240576	correct	4	10
0	43504.896	43510.099	43504896 43510099	2	-2.524465240576	correct	4	13
3	43503.596	43503.832	43503596 43503832	2	-2.42583299628681	false negative	4	8
0	43503.85	43504.148	43503850 43504148	2	-2.42583299628681	correct	4	10
0	43504.896	43510.099	43504896 43510099	2	-2.42583299628681	correct	4	13
3	43503.596	43503.832	43503596 43503832	2	-1.69009496446978	false negative	4	8
0	43503.85	43504.148	43503850 43504148	2	-1.69009496446978	correct	4	10
0	43504.896	43510.099	43504896 43510099	2	-1.69009496446978	correct	4	13
3	43503.596	43503.832	43503596 43503832	2	-0.847186484534534	false negative	4	8
0	43503.85	43504.148	43503850 43504148	2	-0.847186484534534	correct	4	10
0	43504.896	43510.099	43504896 43510099	2	-0.847186484534534	correct	4	13
3	43503.596	43503.832	43503596 43503832	2	0.435357969485313	false negative	4	8
3	43503.85	43504.148	43503850 43504148	2	0.435357969485313	false negative	4	11
0	43504.896	43510.099	43504896 43510099	2	0.435357969485313	correct	4	13
3	43503.596	43503.832	43503596 43503832	2	Inf	false negative	4	8
3	43503.85	43504.148	43503850 43504148	2	Inf	false negative	4	11
0	43504.896	43510.099	43504896 43510099	2	Inf	correct	4	13
1	43503.596	43503.832	43503596 43503832	2.2	-Inf	false positive	4	9
1	43503.85	43504.148	43503850 43504148	2.2	-Inf	false positive	4	12
1	43504.896	43510.099	43504896 43510099	2.2	-Inf	false positive	4	14
0	43503.596	43503.832	43503596 43503832	2.2	-5.78704105367987	correct	4	7
1	43503.85	43504.148	43503850 43504148	2.2	-5.78704105367987	false positive	4	12
1	43504.896	43510.099	43504896 43510099	2.2	-5.78704105367987	false positive	4	14
0	43503.596	43503.832	43503596 43503832	2.2	-4.99169083010477	correct	4	7
0	43503.85	43504.148	43503850 43504148	2.2	-4.99169083010477	correct	4	10
1	43504.896	43510.099	43504896 43510099	2.2	-4.99169083010477	false positive	4	14
0	43503.596	43503.832	43503596 43503832	2.2	-4.34438179129489	correct	4	7
0	43503.85	43504.148	43503850 43504148	2.2	-4.34438179129489	correct	4	10
0	43504.896	43510.099	43504896 43510099	2.2	-4.34438179129489	correct	4	13
0	43503.596	43503.832	43503596 43503832	2.2	-3.97345141531201	correct	4	7
0	43503.85	43504.148	43503850 43504148	2.2	-3.97345141531201	correct	4	10
0	43504.896	43510.099	43504896 43510099	2.2	-3.97345141531201	correct	4	13
3	43503.596	43503.832	43503596 43503832	2.2	-3.52875185990134	false negative	4	8
0	43503.85	43504.148	43503850 43504148	2.2	-3.52875185990134	correct	4	10
0	43504.896	43510.099	43504896 43510099	2.2	-3.52875185990134	correct	4	13
3	43503.596	43503.832	43503596 43503832	2.2	-2.87246989964386	false negative	4	8
0	43503.85	43504.148	43503850 43504148	2.2	-2.87246989964386	correct	4	10
0	43504.896	43510.099	43504896 43510099	2.2	-2.87246989964386	correct	4	13
3	43503.596	43503.832	43503596 43503832	2.2	-2.58951516686218	false negative	4	8
0	43503.85	43504.148	43503850 43504148	2.2	-2.58951516686218	correct	4	10
0	43504.896	43510.099	43504896 43510099	2.2	-2.58951516686218	correct	4	13
3	43503.596	43503.832	43503596 43503832	2.2	-2.524465240576	false negative	4	8
0	43503.85	43504.148	43503850 43504148	2.2	-2.524465240576	correct	4	10
0	43504.896	43510.099	43504896 43510099	2.2	-2.524465240576	correct	4	13
3	43503.596	43503.832	43503596 43503832	2.2	-1.7250450381836	false negative	4	8
0	43503.85	43504.148	43503850 43504148	2.2	-1.7250450381836	correct	4	10
0	43504.896	43510.099	43504896 43510099	2.2	-1.7250450381836	correct	4	13
3	43503.596	43503.832	43503596 43503832	2.2	-0.947186484534534	false negative	4	8
0	43503.85	43504.148	43503850 43504148	2.2	-0.947186484534534	correct	4	10
0	43504.896	43510.099	43504896 43510099	2.2	-0.947186484534534	correct	4	13
3	43503.596	43503.832	43503596 43503832	2.2	0.335357969485314	false negative	4	8
3	43503.85	43504.148	43503850 43504148	2.2	0.335357969485314	false negative	4	11
0	43504.896	43510.099	43504896 43510099	2.2	0.335357969485314	correct	4	13
3	43503.596	43503.832	43503596 43503832	2.2	Inf	false negative	4	8
3	43503.85	43504.148	43503850 43504148	2.2	Inf	false negative	4	11
0	43504.896	43510.099	43504896 43510099	2.2	Inf	correct	4	13
1	43503.596	43503.832	43503596 43503832	2.4	-Inf	false positive	4	9
1	43503.85	43504.148	43503850 43504148	2.4	-Inf	false positive	4	12
1	43504.896	43510.099	43504896 43510099	2.4	-Inf	false positive	4	14
0	43503.596	43503.832	43503596 43503832	2.4	-5.98704105367987	correct	4	7
1	43503.85	43504.148	43503850 43504148	2.4	-5.98704105367987	false positive	4	12
1	43504.896	43510.099	43504896 43510099	2.4	-5.98704105367987	false positive	4	14
0	43503.596	43503.832	43503596 43503832	2.4	-5.19169083010477	correct	4	7
0	43503.85	43504.148	43503850 43504148	2.4	-5.19169083010477	correct	4	10
1	43504.896	43510.099	43504896 43510099	2.4	-5.19169083010477	false positive	4	14
0	43503.596	43503.832	43503596 43503832	2.4	-4.47437721907083	correct	4	7
0	43503.85	43504.148	43503850 43504148	2.4	-4.47437721907083	correct	4	10
0	43504.896	43510.099	43504896 43510099	2.4	-4.47437721907083	correct	4	13
3	43503.596	43503.832	43503596 43503832	2.4	-4.07345141531201	false negative	4	8
0	43503.85	43504.148	43503850 43504148	2.4	-4.07345141531201	correct	4	10
0	43504.896	43510.099	43504896 43510099	2.4	-4.07345141531201	correct	4	13
3	43503.596	43503.832	43503596 43503832	2.4	-3.5987564321254	false negative	4	8
0	43503.85	43504.148	43503850 43504148	2.4	-3.5987564321254	correct	4	10
0	43504.896	43510.099	43504896 43510099	2.4	-3.5987564321254	correct	4	13
3	43503.596	43503.832	43503596 43503832	2.4	-2.97246989964386	false negative	4	8
0	43503.85	43504.148	43503850 43504148	2.4	-2.97246989964386	correct	4	10
0	43504.896	43510.099	43504896 43510099	2.4	-2.97246989964386	correct	4	13
3	43503.596	43503.832	43503596 43503832	2.4	-2.68951516686218	false negative	4	8
0	43503.85	43504.148	43503850 43504148	2.4	-2.68951516686218	correct	4	10
0	43504.896	43510.099	43504896 43510099	2.4	-2.68951516686218	correct	4	13
3	43503.596	43503.832	43503596 43503832	2.4	-2.524465240576	false negative	4	8
0	43503.85	43504.148	43503850 43504148	2.4	-2.524465240576	correct	4	10
0	43504.896	43510.099	43504896 43510099	2.4	-2.524465240576	correct	4	13
3	43503.596	43503.832	43503596 43503832	2.4	-1.78292451635157	false negative	4	8
0	43503.85	43504.148	43503850 43504148	2.4	-1.78292451635157	correct	4	10
0	43504.896	43510.099	43504896 43510099	2.4	-1.78292451635157	correct	4	13
3	43503.596	43503.832	43503596 43503832	2.4	-1.04718648453453	false negative	4	8
3	43503.85	43504.148	43503850 43504148	2.4	-1.04718648453453	false negative	4	11
0	43504.896	43510.099	43504896 43510099	2.4	-1.04718648453453	correct	4	13
3	43503.596	43503.832	43503596 43503832	2.4	0.293237447653286	false negative	4	8
3	43503.85	43504.148	43503850 43504148	2.4	0.293237447653286	false negative	4	11
0	43504.896	43510.099	43504896 43510099	2.4	0.293237447653286	correct	4	13
3	43503.596	43503.832	43503596 43503832	2.4	Inf	false negative	4	8
3	43503.85	43504.148	43503850 43504148	2.4	Inf	false negative	4	11
0	43504.896	43510.099	43504896 43510099	2.4	Inf	correct	4	13
1	43503.596	43503.832	43503596 43503832	2.6	-Inf	false positive	4	9
1	43503.85	43504.148	43503850 43504148	2.6	-Inf	false positive	4	12
1	43504.896	43510.099	43504896 43510099	2.6	-Inf	false positive	4	14
0	43503.596	43503.832	43503596 43503832	2.6	-6.18704105367987	correct	4	7
1	43503.85	43504.148	43503850 43504148	2.6	-6.18704105367987	false positive	4	12
1	43504.896	43510.099	43504896 43510099	2.6	-6.18704105367987	false positive	4	14
0	43503.596	43503.832	43503596 43503832	2.6	-5.39169083010477	correct	4	7
0	43503.85	43504.148	43503850 43504148	2.6	-5.39169083010477	correct	4	10
1	43504.896	43510.099	43504896 43510099	2.6	-5.39169083010477	false positive	4	14
0	43503.596	43503.832	43503596 43503832	2.6	-4.67437721907083	correct	4	7
0	43503.85	43504.148	43503850 43504148	2.6	-4.67437721907083	correct	4	10
0	43504.896	43510.099	43504896 43510099	2.6	-4.67437721907083	correct	4	13
3	43503.596	43503.832	43503596 43503832	2.6	-4.17345141531201	false negative	4	8
0	43503.85	43504.148	43503850 43504148	2.6	-4.17345141531201	correct	4	10
0	43504.896	43510.099	43504896 43510099	2.6	-4.17345141531201	correct	4	13
3	43503.596	43503.832	43503596 43503832	2.6	-3.5987564321254	false negative	4	8
0	43503.85	43504.148	43503850 43504148	2.6	-3.5987564321254	correct	4	10
0	43504.896	43510.099	43504896 43510099	2.6	-3.5987564321254	correct	4	13
3	43503.596	43503.832	43503596 43503832	2.6	-3.07246989964386	false negative	4	8
0	43503.85	43504.148	43503850 43504148	2.6	-3.07246989964386	correct	4	10
0	43504.896	43510.099	43504896 43510099	2.6	-3.07246989964386	correct	4	13
3	43503.596	43503.832	43503596 43503832	2.6	-2.78951516686218	false negative	4	8
0	43503.85	43504.148	43503850 43504148	2.6	-2.78951516686218	correct	4	10
0	43504.896	43510.099	43504896 43510099	2.6	-2.78951516686218	correct	4	13
3	43503.596	43503.832	43503596 43503832	2.6	-2.524465240576	false negative	4	8
0	43503.85	43504.148	43503850 43504148	2.6	-2.524465240576	correct	4	10
0	43504.896	43510.099	43504896 43510099	2.6	-2.524465240576	correct	4	13
3	43503.596	43503.832	43503596 43503832	2.6	-1.88292451635157	false negative	4	8
0	43503.85	43504.148	43503850 43504148	2.6	-1.88292451635157	correct	4	10
0	43504.896	43510.099	43504896 43510099	2.6	-1.88292451635157	correct	4	13
3	43503.596	43503.832	43503596 43503832	2.6	-1.14718648453453	false negative	4	8
3	43503.85	43504.148	43503850 43504148	2.6	-1.14718648453453	false negative	4	11
0	43504.896	43510.099	43504896 43510099	2.6	-1.14718648453453	correct	4	13
3	43503.596	43503.832	43503596 43503832	2.6	0.293237447653286	false negative	4	8
3	43503.85	43504.148	43503850 43504148	2.6	0.293237447653286	false negative	4	11
0	43504.896	43510.099	43504896 43510099	2.6	0.293237447653286	correct	4	13
3	43503.596	43503.832	43503596 43503832	2.6	Inf	false negative	4	8
3	43503.85	43504.148	43503850 43504148	2.6	Inf	false negative	4	11
0	43504.896	43510.099	43504896 43510099	2.6	Inf	correct	4	13
1	43503.596	43503.832	43503596 43503832	2.8	-Inf	false positive	4	9
1	43503.85	43504.148	43503850 43504148	2.8	-Inf	false positive	4	12
1	43504.896	43510.099	43504896 43510099	2.8	-Inf	false positive	4	14
0	43503.596	43503.832	43503596 43503832	2.8	-6.38704105367987	correct	4	7
1	43503.85	43504.148	43503850 43504148	2.8	-6.38704105367987	false positive	4	12
1	43504.896	43510.099	43504896 43510099	2.8	-6.38704105367987	false positive	4	14
0	43503.596	43503.832	43503596 43503832	2.8	-5.59169083010477	correct	4	7
0	43503.85	43504.148	43503850 43504148	2.8	-5.59169083010477	correct	4	10
1	43504.896	43510.099	43504896 43510099	2.8	-5.59169083010477	false positive	4	14
0	43503.596	43503.832	43503596 43503832	2.8	-4.87437721907083	correct	4	7
0	43503.85	43504.148	43503850 43504148	2.8	-4.87437721907083	correct	4	10
0	43504.896	43510.099	43504896 43510099	2.8	-4.87437721907083	correct	4	13
3	43503.596	43503.832	43503596 43503832	2.8	-4.27345141531201	false negative	4	8
0	43503.85	43504.148	43503850 43504148	2.8	-4.27345141531201	correct	4	10
0	43504.896	43510.099	43504896 43510099	2.8	-4.27345141531201	correct	4	13
3	43503.596	43503.832	43503596 43503832	2.8	-3.61716945505453	false negative	4	8
0	43503.85	43504.148	43503850 43504148	2.8	-3.61716945505453	correct	4	10
0	43504.896	43510.099	43504896 43510099	2.8	-3.61716945505453	correct	4	13
3	43503.596	43503.832	43503596 43503832	2.8	-3.17246989964386	false negative	4	8
0	43503.85	43504.148	43503850 43504148	2.8	-3.17246989964386	correct	4	10
0	43504.896	43510.099	43504896 43510099	2.8	-3.17246989964386	correct	4	13
3	43503.596	43503.832	43503596 43503832	2.8	-2.87110214393305	false negative	4	8
0	43503.85	43504.148	43503850 43504148	2.8	-2.87110214393305	correct	4	10
0	43504.896	43510.099	43504896 43510099	2.8	-2.87110214393305	correct	4	13
3	43503.596	43503.832	43503596 43503832	2.8	-2.524465240576	false negative	4	8
0	43503.85	43504.148	43503850 43504148	2.8	-2.524465240576	correct	4	10
0	43504.896	43510.099	43504896 43510099	2.8	-2.524465240576	correct	4	13
3	43503.596	43503.832	43503596 43503832	2.8	-1.98292451635157	false negative	4	8
0	43503.85	43504.148	43503850 43504148	2.8	-1.98292451635157	correct	4	10
0	43504.896	43510.099	43504896 43510099	2.8	-1.98292451635157	correct	4	13
3	43503.596	43503.832	43503596 43503832	2.8	-1.24718648453453	false negative	4	8
3	43503.85	43504.148	43503850 43504148	2.8	-1.24718648453453	false negative	4	11
0	43504.896	43510.099	43504896 43510099	2.8	-1.24718648453453	correct	4	13
3	43503.596	43503.832	43503596 43503832	2.8	0.293237447653286	false negative	4	8
3	43503.85	43504.148	43503850 43504148	2.8	0.293237447653286	false negative	4	11
0	43504.896	43510.099	43504896 43510099	2.8	0.293237447653286	correct	4	13
3	43503.596	43503.832	43503596 43503832	2.8	Inf	false negative	4	8
3	43503.85	43504.148	43503850 43504148	2.8	Inf	false negative	4	11
0	43504.896	43510.099	43504896 43510099	2.8	Inf	correct	4	13
1	43503.596	43503.832	43503596 43503832	3	-Inf	false positive	4	9
1	43503.85	43504.148	43503850 43504148	3	-Inf	false positive	4	12
1	43504.896	43510.099	43504896 43510099	3	-Inf	false positive	4	14
0	43503.596	43503.832	43503596 43503832	3	-6.58704105367987	correct	4	7
1	43503.85	43504.148	43503850 43504148	3	-6.58704105367987	false positive	4	12
1	43504.896	43510.099	43504896 43510099	3	-6.58704105367987	false positive	4	14
0	43503.596	43503.832	43503596 43503832	3	-5.79169083010477	correct	4	7
0	43503.85	43504.148	43503850 43504148	3	-5.79169083010477	correct	4	10
1	43504.896	43510.099	43504896 43510099	3	-5.79169083010477	false positive	4	14
0	43503.596	43503.832	43503596 43503832	3	-5.07437721907083	correct	4	7
0	43503.85	43504.148	43503850 43504148	3	-5.07437721907083	correct	4	10
0	43504.896	43510.099	43504896 43510099	3	-5.07437721907083	correct	4	13
3	43503.596	43503.832	43503596 43503832	3	-4.37345141531201	false negative	4	8
0	43503.85	43504.148	43503850 43504148	3	-4.37345141531201	correct	4	10
0	43504.896	43510.099	43504896 43510099	3	-4.37345141531201	correct	4	13
3	43503.596	43503.832	43503596 43503832	3	-3.71716945505453	false negative	4	8
0	43503.85	43504.148	43503850 43504148	3	-3.71716945505453	correct	4	10
0	43504.896	43510.099	43504896 43510099	3	-3.71716945505453	correct	4	13
3	43503.596	43503.832	43503596 43503832	3	-3.27246989964386	false negative	4	8
0	43503.85	43504.148	43503850 43504148	3	-3.27246989964386	correct	4	10
0	43504.896	43510.099	43504896 43510099	3	-3.27246989964386	correct	4	13
3	43503.596	43503.832	43503596 43503832	3	-2.87110214393305	false negative	4	8
0	43503.85	43504.148	43503850 43504148	3	-2.87110214393305	correct	4	10
0	43504.896	43510.099	43504896 43510099	3	-2.87110214393305	correct	4	13
3	43503.596	43503.832	43503596 43503832	3	-2.524465240576	false negative	4	8
0	43503.85	43504.148	43503850 43504148	3	-2.524465240576	correct	4	10
0	43504.896	43510.099	43504896 43510099	3	-2.524465240576	correct	4	13
3	43503.596	43503.832	43503596 43503832	3	-2.08292451635157	false negative	4	8
0	43503.85	43504.148	43503850 43504148	3	-2.08292451635157	correct	4	10
0	43504.896	43510.099	43504896 43510099	3	-2.08292451635157	correct	4	13
3	43503.596	43503.832	43503596 43503832	3	-1.34718648453453	false negative	4	8
3	43503.85	43504.148	43503850 43504148	3	-1.34718648453453	false negative	4	11
0	43504.896	43510.099	43504896 43510099	3	-1.34718648453453	correct	4	13
3	43503.596	43503.832	43503596 43503832	3	0.293237447653286	false negative	4	8
3	43503.85	43504.148	43503850 43504148	3	0.293237447653286	false negative	4	11
0	43504.896	43510.099	43504896 43510099	3	0.293237447653286	correct	4	13
3	43503.596	43503.832	43503596 43503832	3	Inf	false negative	4	8
3	43503.85	43504.148	43503850 43504148	3	Inf	false negative	4	11
0	43504.896	43510.099	43504896 43510099	3	Inf	correct	4	13
1	43503.596	43503.832	43503596 43503832	3.2	-Inf	false positive	4	9
1	43503.85	43504.148	43503850 43504148	3.2	-Inf	false positive	4	12
1	43504.896	43510.099	43504896 43510099	3.2	-Inf	false positive	4	14
0	43503.596	43503.832	43503596 43503832	3.2	-6.78704105367987	correct	4	7
1	43503.85	43504.148	43503850 43504148	3.2	-6.78704105367987	false positive	4	12
1	43504.896	43510.099	43504896 43510099	3.2	-6.78704105367987	false positive	4	14
0	43503.596	43503.832	43503596 43503832	3.2	-5.99169083010477	correct	4	7
0	43503.85	43504.148	43503850 43504148	3.2	-5.99169083010477	correct	4	10
1	43504.896	43510.099	43504896 43510099	3.2	-5.99169083010477	false positive	4	14
0	43503.596	43503.832	43503596 43503832	3.2	-5.27437721907083	correct	4	7
0	43503.85	43504.148	43503850 43504148	3.2	-5.27437721907083	correct	4	10
0	43504.896	43510.099	43504896 43510099	3.2	-5.27437721907083	correct	4	13
3	43503.596	43503.832	43503596 43503832	3.2	-4.47345141531201	false negative	4	8
0	43503.85	43504.148	43503850 43504148	3.2	-4.47345141531201	correct	4	10
0	43504.896	43510.099	43504896 43510099	3.2	-4.47345141531201	correct	4	13
3	43503.596	43503.832	43503596 43503832	3.2	-3.81716945505453	false negative	4	8
0	43503.85	43504.148	43503850 43504148	3.2	-3.81716945505453	correct	4	10
0	43504.896	43510.099	43504896 43510099	3.2	-3.81716945505453	correct	4	13
3	43503.596	43503.832	43503596 43503832	3.2	-3.37246989964386	false negative	4	8
0	43503.85	43504.148	43503850 43504148	3.2	-3.37246989964386	correct	4	10
0	43504.896	43510.099	43504896 43510099	3.2	-3.37246989964386	correct	4	13
3	43503.596	43503.832	43503596 43503832	3.2	-2.87110214393305	false negative	4	8
0	43503.85	43504.148	43503850 43504148	3.2	-2.87110214393305	correct	4	10
0	43504.896	43510.099	43504896 43510099	3.2	-2.87110214393305	correct	4	13
3	43503.596	43503.832	43503596 43503832	3.2	-2.524465240576	false negative	4	8
0	43503.85	43504.148	43503850 43504148	3.2	-2.524465240576	correct	4	10
0	43504.896	43510.099	43504896 43510099	3.2	-2.524465240576	correct	4	13
3	43503.596	43503.832	43503596 43503832	3.2	-2.18292451635157	false negative	4	8
0	43503.85	43504.148	43503850 43504148	3.2	-2.18292451635157	correct	4	10
0	43504.896	43510.099	43504896 43510099	3.2	-2.18292451635157	correct	4	13
3	43503.596	43503.832	43503596 43503832	3.2	-1.44718648453453	false negative	4	8
3	43503.85	43504.148	43503850 43504148	3.2	-1.44718648453453	false negative	4	11
0	43504.896	43510.099	43504896 43510099	3.2	-1.44718648453453	correct	4	13
3	43503.596	43503.832	43503596 43503832	3.2	0.293237447653286	false negative	4	8
3	43503.85	43504.148	43503850 43504148	3.2	0.293237447653286	false negative	4	11
0	43504.896	43510.099	43504896 43510099	3.2	0.293237447653286	correct	4	13
3	43503.596	43503.832	43503596 43503832	3.2	Inf	false negative	4	8
3	43503.85	43504.148	43503850 43504148	3.2	Inf	false negative	4	11
0	43504.896	43510.099	43504896 43510099	3.2	Inf	correct	4	13
1	43503.596	43503.832	43503596 43503832	3.4	-Inf	false positive	4	9
1	43503.85	43504.148	43503850 43504148	3.4	-Inf	false positive	4	12
1	43504.896	43510.099	43504896 43510099	3.4	-Inf	false positive	4	14
0	43503.596	43503.832	43503596 43503832	3.4	-6.98704105367987	correct	4	7
1	43503.85	43504.148	43503850 43504148	3.4	-6.98704105367987	false positive	4	12
1	43504.896	43510.099	43504896 43510099	3.4	-6.98704105367987	false positive	4	14
0	43503.596	43503.832	43503596 43503832	3.4	-6.19169083010477	correct	4	7
0	43503.85	43504.148	43503850 43504148	3.4	-6.19169083010477	correct	4	10
1	43504.896	43510.099	43504896 43510099	3.4	-6.19169083010477	false positive	4	14
0	43503.596	43503.832	43503596 43503832	3.4	-5.47437721907083	correct	4	7
0	43503.85	43504.148	43503850 43504148	3.4	-5.47437721907083	correct	4	10
0	43504.896	43510.099	43504896 43510099	3.4	-5.47437721907083	correct	4	13
3	43503.596	43503.832	43503596 43503832	3.4	-4.57345141531201	false negative	4	8
0	43503.85	43504.148	43503850 43504148	3.4	-4.57345141531201	correct	4	10
0	43504.896	43510.099	43504896 43510099	3.4	-4.57345141531201	correct	4	13
3	43503.596	43503.832	43503596 43503832	3.4	-3.91716945505453	false negative	4	8
0	43503.85	43504.148	43503850 43504148	3.4	-3.91716945505453	correct	4	10
0	43504.896	43510.099	43504896 43510099	3.4	-3.91716945505453	correct	4	13
3	43503.596	43503.832	43503596 43503832	3.4	-3.47246989964386	false negative	4	8
0	43503.85	43504.148	43503850 43504148	3.4	-3.47246989964386	correct	4	10
0	43504.896	43510.099	43504896 43510099	3.4	-3.47246989964386	correct	4	13
3	43503.596	43503.832	43503596 43503832	3.4	-2.87110214393305	false negative	4	8
0	43503.85	43504.148	43503850 43504148	3.4	-2.87110214393305	correct	4	10
0	43504.896	43510.099	43504896 43510099	3.4	-2.87110214393305	correct	4	13
3	43503.596	43503.832	43503596 43503832	3.4	-2.524465240576	false negative	4	8
0	43503.85	43504.148	43503850 43504148	3.4	-2.524465240576	correct	4	10
0	43504.896	43510.099	43504896 43510099	3.4	-2.524465240576	correct	4	13
3	43503.596	43503.832	43503596 43503832	3.4	-2.28292451635157	false negative	4	8
0	43503.85	43504.148	43503850 43504148	3.4	-2.28292451635157	correct	4	10
0	43504.896	43510.099	43504896 43510099	3.4	-2.28292451635157	correct	4	13
3	43503.596	43503.832	43503596 43503832	3.4	-1.54718648453453	false negative	4	8
3	43503.85	43504.148	43503850 43504148	3.4	-1.54718648453453	false negative	4	11
0	43504.896	43510.099	43504896 43510099	3.4	-1.54718648453453	correct	4	13
3	43503.596	43503.832	43503596 43503832	3.4	0.293237447653286	false negative	4	8
3	43503.85	43504.148	43503850 43504148	3.4	0.293237447653286	false negative	4	11
0	43504.896	43510.099	43504896 43510099	3.4	0.293237447653286	correct	4	13
3	43503.596	43503.832	43503596 43503832	3.4	Inf	false negative	4	8
3	43503.85	43504.148	43503850 43504148	3.4	Inf	false negative	4	11
0	43504.896	43510.099	43504896 43510099	3.4	Inf	correct	4	13
1	43503.596	43503.832	43503596 43503832	3.6	-Inf	false positive	4	9
1	43503.85	43504.148	43503850 43504148	3.6	-Inf	false positive	4	12
1	43504.896	43510.099	43504896 43510099	3.6	-Inf	false positive	4	14
0	43503.596	43503.832	43503596 43503832	3.6	-7.18704105367987	correct	4	7
1	43503.85	43504.148	43503850 43504148	3.6	-7.18704105367987	false positive	4	12
1	43504.896	43510.099	43504896 43510099	3.6	-7.18704105367987	false positive	4	14
0	43503.596	43503.832	43503596 43503832	3.6	-6.39169083010477	correct	4	7
0	43503.85	43504.148	43503850 43504148	3.6	-6.39169083010477	correct	4	10
1	43504.896	43510.099	43504896 43510099	3.6	-6.39169083010477	false positive	4	14
0	43503.596	43503.832	43503596 43503832	3.6	-5.67437721907083	correct	4	7
0	43503.85	43504.148	43503850 43504148	3.6	-5.67437721907083	correct	4	10
0	43504.896	43510.099	43504896 43510099	3.6	-5.67437721907083	correct	4	13
3	43503.596	43503.832	43503596 43503832	3.6	-4.67345141531201	false negative	4	8
0	43503.85	43504.148	43503850 43504148	3.6	-4.67345141531201	correct	4	10
0	43504.896	43510.099	43504896 43510099	3.6	-4.67345141531201	correct	4	13
3	43503.596	43503.832	43503596 43503832	3.6	-4.01716945505453	false negative	4	8
0	43503.85	43504.148	43503850 43504148	3.6	-4.01716945505453	correct	4	10
0	43504.896	43510.099	43504896 43510099	3.6	-4.01716945505453	correct	4	13
3	43503.596	43503.832	43503596 43503832	3.6	-3.57246989964386	false negative	4	8
0	43503.85	43504.148	43503850 43504148	3.6	-3.57246989964386	correct	4	10
0	43504.896	43510.099	43504896 43510099	3.6	-3.57246989964386	correct	4	13
3	43503.596	43503.832	43503596 43503832	3.6	-2.87110214393305	false negative	4	8
0	43503.85	43504.148	43503850 43504148	3.6	-2.87110214393305	correct	4	10
0	43504.896	43510.099	43504896 43510099	3.6	-2.87110214393305	correct	4	13
3	43503.596	43503.832	43503596 43503832	3.6	-2.524465240576	false negative	4	8
0	43503.85	43504.148	43503850 43504148	3.6	-2.524465240576	correct	4	10
0	43504.896	43510.099	43504896 43510099	3.6	-2.524465240576	correct	4	13
3	43503.596	43503.832	43503596 43503832	3.6	-2.38292451635157	false negative	4	8
0	43503.85	43504.148	43503850 43504148	3.6	-2.38292451635157	correct	4	10
0	43504.896	43510.099	43504896 43510099	3.6	-2.38292451635157	correct	4	13
3	43503.596	43503.832	43503596 43503832	3.6	-1.64718648453453	false negative	4	8
3	43503.85	43504.148	43503850 43504148	3.6	-1.64718648453453	false negative	4	11
0	43504.896	43510.099	43504896 43510099	3.6	-1.64718648453453	correct	4	13
3	43503.596	43503.832	43503596 43503832	3.6	0.293237447653286	false negative	4	8
3	43503.85	43504.148	43503850 43504148	3.6	0.293237447653286	false negative	4	11
0	43504.896	43510.099	43504896 43510099	3.6	0.293237447653286	correct	4	13
3	43503.596	43503.832	43503596 43503832	3.6	Inf	false negative	4	8
3	43503.85	43504.148	43503850 43504148	3.6	Inf	false negative	4	11
0	43504.896	43510.099	43504896 43510099	3.6	Inf	correct	4	13
1	43503.596	43503.832	43503596 43503832	3.8	-Inf	false positive	4	9
1	43503.85	43504.148	43503850 43504148	3.8	-Inf	false positive	4	12
1	43504.896	43510.099	43504896 43510099	3.8	-Inf	false positive	4	14
0	43503.596	43503.832	43503596 43503832	3.8	-7.38704105367987	correct	4	7
1	43503.85	43504.148	43503850 43504148	3.8	-7.38704105367987	false positive	4	12
1	43504.896	43510.099	43504896 43510099	3.8	-7.38704105367987	false positive	4	14
0	43503.596	43503.832	43503596 43503832	3.8	-6.59169083010477	correct	4	7
0	43503.85	43504.148	43503850 43504148	3.8	-6.59169083010477	correct	4	10
1	43504.896	43510.099	43504896 43510099	3.8	-6.59169083010477	false positive	4	14
0	43503.596	43503.832	43503596 43503832	3.8	-5.87437721907083	correct	4	7
0	43503.85	43504.148	43503850 43504148	3.8	-5.87437721907083	correct	4	10
0	43504.896	43510.099	43504896 43510099	3.8	-5.87437721907083	correct	4	13
3	43503.596	43503.832	43503596 43503832	3.8	-4.84716488283047	false negative	4	8
0	43503.85	43504.148	43503850 43504148	3.8	-4.84716488283047	correct	4	10
0	43504.896	43510.099	43504896 43510099	3.8	-4.84716488283047	correct	4	13
3	43503.596	43503.832	43503596 43503832	3.8	-4.11716945505453	false negative	4	8
0	43503.85	43504.148	43503850 43504148	3.8	-4.11716945505453	correct	4	10
0	43504.896	43510.099	43504896 43510099	3.8	-4.11716945505453	correct	4	13
3	43503.596	43503.832	43503596 43503832	3.8	-3.5987564321254	false negative	4	8
0	43503.85	43504.148	43503850 43504148	3.8	-3.5987564321254	correct	4	10
0	43504.896	43510.099	43504896 43510099	3.8	-3.5987564321254	correct	4	13
3	43503.596	43503.832	43503596 43503832	3.8	-2.87110214393305	false negative	4	8
0	43503.85	43504.148	43503850 43504148	3.8	-2.87110214393305	correct	4	10
0	43504.896	43510.099	43504896 43510099	3.8	-2.87110214393305	correct	4	13
3	43503.596	43503.832	43503596 43503832	3.8	-2.54660668692694	false negative	4	8
0	43503.85	43504.148	43503850 43504148	3.8	-2.54660668692694	correct	4	10
0	43504.896	43510.099	43504896 43510099	3.8	-2.54660668692694	correct	4	13
3	43503.596	43503.832	43503596 43503832	3.8	-2.48292451635157	false negative	4	8
3	43503.85	43504.148	43503850 43504148	3.8	-2.48292451635157	false negative	4	11
0	43504.896	43510.099	43504896 43510099	3.8	-2.48292451635157	correct	4	13
3	43503.596	43503.832	43503596 43503832	3.8	-1.7250450381836	false negative	4	8
3	43503.85	43504.148	43503850 43504148	3.8	-1.7250450381836	false negative	4	11
0	43504.896	43510.099	43504896 43510099	3.8	-1.7250450381836	correct	4	13
3	43503.596	43503.832	43503596 43503832	3.8	0.293237447653286	false negative	4	8
3	43503.85	43504.148	43503850 43504148	3.8	0.293237447653286	false negative	4	11
0	43504.896	43510.099	43504896 43510099	3.8	0.293237447653286	correct	4	13
3	43503.596	43503.832	43503596 43503832	3.8	Inf	false negative	4	8
3	43503.85	43504.148	43503850 43504148	3.8	Inf	false negative	4	11
0	43504.896	43510.099	43504896 43510099	3.8	Inf	correct	4	13
1	43503.596	43503.832	43503596 43503832	4	-Inf	false positive	4	9
1	43503.85	43504.148	43503850 43504148	4	-Inf	false positive	4	12
1	43504.896	43510.099	43504896 43510099	4	-Inf	false positive	4	14
0	43503.596	43503.832	43503596 43503832	4	-7.58704105367987	correct	4	7
1	43503.85	43504.148	43503850 43504148	4	-7.58704105367987	false positive	4	12
1	43504.896	43510.099	43504896 43510099	4	-7.58704105367987	false positive	4	14
0	43503.596	43503.832	43503596 43503832	4	-6.79169083010477	correct	4	7
0	43503.85	43504.148	43503850 43504148	4	-6.79169083010477	correct	4	10
1	43504.896	43510.099	43504896 43510099	4	-6.79169083010477	false positive	4	14
0	43503.596	43503.832	43503596 43503832	4	-6.07437721907083	correct	4	7
0	43503.85	43504.148	43503850 43504148	4	-6.07437721907083	correct	4	10
0	43504.896	43510.099	43504896 43510099	4	-6.07437721907083	correct	4	13
3	43503.596	43503.832	43503596 43503832	4	-5.04716488283047	false negative	4	8
0	43503.85	43504.148	43503850 43504148	4	-5.04716488283047	correct	4	10
0	43504.896	43510.099	43504896 43510099	4	-5.04716488283047	correct	4	13
3	43503.596	43503.832	43503596 43503832	4	-4.21716945505453	false negative	4	8
0	43503.85	43504.148	43503850 43504148	4	-4.21716945505453	correct	4	10
0	43504.896	43510.099	43504896 43510099	4	-4.21716945505453	correct	4	13
3	43503.596	43503.832	43503596 43503832	4	-3.5987564321254	false negative	4	8
0	43503.85	43504.148	43503850 43504148	4	-3.5987564321254	correct	4	10
0	43504.896	43510.099	43504896 43510099	4	-3.5987564321254	correct	4	13
3	43503.596	43503.832	43503596 43503832	4	-2.92956141970862	false negative	4	8
0	43503.85	43504.148	43503850 43504148	4	-2.92956141970862	correct	4	10
0	43504.896	43510.099	43504896 43510099	4	-2.92956141970862	correct	4	13
3	43503.596	43503.832	43503596 43503832	4	-2.64660668692694	false negative	4	8
3	43503.85	43504.148	43503850 43504148	4	-2.64660668692694	false negative	4	11
0	43504.896	43510.099	43504896 43510099	4	-2.64660668692694	correct	4	13
3	43503.596	43503.832	43503596 43503832	4	-2.524465240576	false negative	4	8
3	43503.85	43504.148	43503850 43504148	4	-2.524465240576	false negative	4	11
0	43504.896	43510.099	43504896 43510099	4	-2.524465240576	correct	4	13
3	43503.596	43503.832	43503596 43503832	4	-1.7250450381836	false negative	4	8
3	43503.85	43504.148	43503850 43504148	4	-1.7250450381836	false negative	4	11
0	43504.896	43510.099	43504896 43510099	4	-1.7250450381836	correct	4	13
3	43503.596	43503.832	43503596 43503832	4	0.293237447653286	false negative	4	8
3	43503.85	43504.148	43503850 43504148	4	0.293237447653286	false negative	4	11
0	43504.896	43510.099	43504896 43510099	4	0.293237447653286	correct	4	13
3	43503.596	43503.832	43503596 43503832	4	Inf	false negative	4	8
3	43503.85	43504.148	43503850 43504148	4	Inf	false negative	4	11
0	43504.896	43510.099	43504896 43510099	4	Inf	correct	4	13
1	43503.596	43503.832	43503596 43503832	4.2	-Inf	false positive	4	9
1	43503.85	43504.148	43503850 43504148	4.2	-Inf	false positive	4	12
1	43504.896	43510.099	43504896 43510099	4.2	-Inf	false positive	4	14
0	43503.596	43503.832	43503596 43503832	4.2	-7.78704105367987	correct	4	7
1	43503.85	43504.148	43503850 43504148	4.2	-7.78704105367987	false positive	4	12
1	43504.896	43510.099	43504896 43510099	4.2	-7.78704105367987	false positive	4	14
0	43503.596	43503.832	43503596 43503832	4.2	-6.99169083010477	correct	4	7
0	43503.85	43504.148	43503850 43504148	4.2	-6.99169083010477	correct	4	10
1	43504.896	43510.099	43504896 43510099	4.2	-6.99169083010477	false positive	4	14
0	43503.596	43503.832	43503596 43503832	4.2	-6.27437721907083	correct	4	7
0	43503.85	43504.148	43503850 43504148	4.2	-6.27437721907083	correct	4	10
0	43504.896	43510.099	43504896 43510099	4.2	-6.27437721907083	correct	4	13
3	43503.596	43503.832	43503596 43503832	4.2	-5.24716488283047	false negative	4	8
0	43503.85	43504.148	43503850 43504148	4.2	-5.24716488283047	correct	4	10
0	43504.896	43510.099	43504896 43510099	4.2	-5.24716488283047	correct	4	13
3	43503.596	43503.832	43503596 43503832	4.2	-4.31716945505453	false negative	4	8
0	43503.85	43504.148	43503850 43504148	4.2	-4.31716945505453	correct	4	10
0	43504.896	43510.099	43504896 43510099	4.2	-4.31716945505453	correct	4	13
3	43503.596	43503.832	43503596 43503832	4.2	-3.5987564321254	false negative	4	8
0	43503.85	43504.148	43503850 43504148	4.2	-3.5987564321254	correct	4	10
0	43504.896	43510.099	43504896 43510099	4.2	-3.5987564321254	correct	4	13
3	43503.596	43503.832	43503596 43503832	4.2	-3.02956141970862	false negative	4	8
0	43503.85	43504.148	43503850 43504148	4.2	-3.02956141970862	correct	4	10
0	43504.896	43510.099	43504896 43510099	4.2	-3.02956141970862	correct	4	13
3	43503.596	43503.832	43503596 43503832	4.2	-2.74660668692694	false negative	4	8
3	43503.85	43504.148	43503850 43504148	4.2	-2.74660668692694	false negative	4	11
0	43504.896	43510.099	43504896 43510099	4.2	-2.74660668692694	correct	4	13
3	43503.596	43503.832	43503596 43503832	4.2	-2.524465240576	false negative	4	8
3	43503.85	43504.148	43503850 43504148	4.2	-2.524465240576	false negative	4	11
0	43504.896	43510.099	43504896 43510099	4.2	-2.524465240576	correct	4	13
3	43503.596	43503.832	43503596 43503832	4.2	-1.7250450381836	false negative	4	8
3	43503.85	43504.148	43503850 43504148	4.2	-1.7250450381836	false negative	4	11
0	43504.896	43510.099	43504896 43510099	4.2	-1.7250450381836	correct	4	13
3	43503.596	43503.832	43503596 43503832	4.2	0.293237447653286	false negative	4	8
3	43503.85	43504.148	43503850 43504148	4.2	0.293237447653286	false negative	4	11
0	43504.896	43510.099	43504896 43510099	4.2	0.293237447653286	correct	4	13
3	43503.596	43503.832	43503596 43503832	4.2	Inf	false negative	4	8
3	43503.85	43504.148	43503850 43504148	4.2	Inf	false negative	4	11
0	43504.896	43510.099	43504896 43510099	4.2	Inf	correct	4	13
1	43503.596	43503.832	43503596 43503832	4.4	-Inf	false positive	4	9
1	43503.85	43504.148	43503850 43504148	4.4	-Inf	false positive	4	12
1	43504.896	43510.099	43504896 43510099	4.4	-Inf	false positive	4	14
0	43503.596	43503.832	43503596 43503832	4.4	-7.98704105367987	correct	4	7
1	43503.85	43504.148	43503850 43504148	4.4	-7.98704105367987	false positive	4	12
1	43504.896	43510.099	43504896 43510099	4.4	-7.98704105367987	false positive	4	14
0	43503.596	43503.832	43503596 43503832	4.4	-7.19169083010477	correct	4	7
0	43503.85	43504.148	43503850 43504148	4.4	-7.19169083010477	correct	4	10
1	43504.896	43510.099	43504896 43510099	4.4	-7.19169083010477	false positive	4	14
0	43503.596	43503.832	43503596 43503832	4.4	-6.47437721907083	correct	4	7
0	43503.85	43504.148	43503850 43504148	4.4	-6.47437721907083	correct	4	10
0	43504.896	43510.099	43504896 43510099	4.4	-6.47437721907083	correct	4	13
3	43503.596	43503.832	43503596 43503832	4.4	-5.44716488283047	false negative	4	8
0	43503.85	43504.148	43503850 43504148	4.4	-5.44716488283047	correct	4	10
0	43504.896	43510.099	43504896 43510099	4.4	-5.44716488283047	correct	4	13
3	43503.596	43503.832	43503596 43503832	4.4	-4.41716945505453	false negative	4	8
0	43503.85	43504.148	43503850 43504148	4.4	-4.41716945505453	correct	4	10
0	43504.896	43510.099	43504896 43510099	4.4	-4.41716945505453	correct	4	13
3	43503.596	43503.832	43503596 43503832	4.4	-3.5987564321254	false negative	4	8
0	43503.85	43504.148	43503850 43504148	4.4	-3.5987564321254	correct	4	10
0	43504.896	43510.099	43504896 43510099	4.4	-3.5987564321254	correct	4	13
3	43503.596	43503.832	43503596 43503832	4.4	-3.12956141970862	false negative	4	8
0	43503.85	43504.148	43503850 43504148	4.4	-3.12956141970862	correct	4	10
0	43504.896	43510.099	43504896 43510099	4.4	-3.12956141970862	correct	4	13
3	43503.596	43503.832	43503596 43503832	4.4	-2.84660668692694	false negative	4	8
3	43503.85	43504.148	43503850 43504148	4.4	-2.84660668692694	false negative	4	11
0	43504.896	43510.099	43504896 43510099	4.4	-2.84660668692694	correct	4	13
3	43503.596	43503.832	43503596 43503832	4.4	-2.524465240576	false negative	4	8
3	43503.85	43504.148	43503850 43504148	4.4	-2.524465240576	false negative	4	11
0	43504.896	43510.099	43504896 43510099	4.4	-2.524465240576	correct	4	13
3	43503.596	43503.832	43503596 43503832	4.4	-1.7250450381836	false negative	4	8
3	43503.85	43504.148	43503850 43504148	4.4	-1.7250450381836	false negative	4	11
0	43504.896	43510.099	43504896 43510099	4.4	-1.7250450381836	correct	4	13
3	43503.596	43503.832	43503596 43503832	4.4	0.293237447653286	false negative	4	8
3	43503.85	43504.148	43503850 43504148	4.4	0.293237447653286	false negative	4	11
0	43504.896	43510.099	43504896 43510099	4.4	0.293237447653286	correct	4	13
3	43503.596	43503.832	43503596 43503832	4.4	Inf	false negative	4	8
3	43503.85	43504.148	43503850 43504148	4.4	Inf	false negative	4	11
0	43504.896	43510.099	43504896 43510099	4.4	Inf	correct	4	13
1	43503.596	43503.832	43503596 43503832	4.6	-Inf	false positive	4	9
1	43503.85	43504.148	43503850 43504148	4.6	-Inf	false positive	4	12
1	43504.896	43510.099	43504896 43510099	4.6	-Inf	false positive	4	14
0	43503.596	43503.832	43503596 43503832	4.6	-8.18704105367987	correct	4	7
1	43503.85	43504.148	43503850 43504148	4.6	-8.18704105367987	false positive	4	12
1	43504.896	43510.099	43504896 43510099	4.6	-8.18704105367987	false positive	4	14
0	43503.596	43503.832	43503596 43503832	4.6	-7.39169083010477	correct	4	7
0	43503.85	43504.148	43503850 43504148	4.6	-7.39169083010477	correct	4	10
1	43504.896	43510.099	43504896 43510099	4.6	-7.39169083010477	false positive	4	14
0	43503.596	43503.832	43503596 43503832	4.6	-6.67437721907083	correct	4	7
0	43503.85	43504.148	43503850 43504148	4.6	-6.67437721907083	correct	4	10
0	43504.896	43510.099	43504896 43510099	4.6	-6.67437721907083	correct	4	13
3	43503.596	43503.832	43503596 43503832	4.6	-5.64716488283047	false negative	4	8
0	43503.85	43504.148	43503850 43504148	4.6	-5.64716488283047	correct	4	10
0	43504.896	43510.099	43504896 43510099	4.6	-5.64716488283047	correct	4	13
3	43503.596	43503.832	43503596 43503832	4.6	-4.51716945505453	false negative	4	8
0	43503.85	43504.148	43503850 43504148	4.6	-4.51716945505453	correct	4	10
0	43504.896	43510.099	43504896 43510099	4.6	-4.51716945505453	correct	4	13
3	43503.596	43503.832	43503596 43503832	4.6	-3.67426097511929	false negative	4	8
0	43503.85	43504.148	43503850 43504148	4.6	-3.67426097511929	correct	4	10
0	43504.896	43510.099	43504896 43510099	4.6	-3.67426097511929	correct	4	13
3	43503.596	43503.832	43503596 43503832	4.6	-3.22956141970862	false negative	4	8
3	43503.85	43504.148	43503850 43504148	4.6	-3.22956141970862	false negative	4	11
0	43504.896	43510.099	43504896 43510099	4.6	-3.22956141970862	correct	4	13
3	43503.596	43503.832	43503596 43503832	4.6	-2.87110214393305	false negative	4	8
3	43503.85	43504.148	43503850 43504148	4.6	-2.87110214393305	false negative	4	11
0	43504.896	43510.099	43504896 43510099	4.6	-2.87110214393305	correct	4	13
3	43503.596	43503.832	43503596 43503832	4.6	-2.524465240576	false negative	4	8
3	43503.85	43504.148	43503850 43504148	4.6	-2.524465240576	false negative	4	11
0	43504.896	43510.099	43504896 43510099	4.6	-2.524465240576	correct	4	13
3	43503.596	43503.832	43503596 43503832	4.6	-1.7250450381836	false negative	4	8
3	43503.85	43504.148	43503850 43504148	4.6	-1.7250450381836	false negative	4	11
0	43504.896	43510.099	43504896 43510099	4.6	-1.7250450381836	correct	4	13
3	43503.596	43503.832	43503596 43503832	4.6	0.293237447653286	false negative	4	8
3	43503.85	43504.148	43503850 43504148	4.6	0.293237447653286	false negative	4	11
0	43504.896	43510.099	43504896 43510099	4.6	0.293237447653286	correct	4	13
3	43503.596	43503.832	43503596 43503832	4.6	Inf	false negative	4	8
3	43503.85	43504.148	43503850 43504148	4.6	Inf	false negative	4	11
0	43504.896	43510.099	43504896 43510099	4.6	Inf	correct	4	13
1	43503.596	43503.832	43503596 43503832	4.8	-Inf	false positive	4	9
1	43503.85	43504.148	43503850 43504148	4.8	-Inf	false positive	4	12
1	43504.896	43510.099	43504896 43510099	4.8	-Inf	false positive	4	14
0	43503.596	43503.832	43503596 43503832	4.8	-8.38704105367987	correct	4	7
1	43503.85	43504.148	43503850 43504148	4.8	-8.38704105367987	false positive	4	12
1	43504.896	43510.099	43504896 43510099	4.8	-8.38704105367987	false positive	4	14
0	43503.596	43503.832	43503596 43503832	4.8	-7.59169083010477	correct	4	7
0	43503.85	43504.148	43503850 43504148	4.8	-7.59169083010477	correct	4	10
1	43504.896	43510.099	43504896 43510099	4.8	-7.59169083010477	false positive	4	14
0	43503.596	43503.832	43503596 43503832	4.8	-6.87437721907083	correct	4	7
0	43503.85	43504.148	43503850 43504148	4.8	-6.87437721907083	correct	4	10
0	43504.896	43510.099	43504896 43510099	4.8	-6.87437721907083	correct	4	13
3	43503.596	43503.832	43503596 43503832	4.8	-5.84716488283047	false negative	4	8
0	43503.85	43504.148	43503850 43504148	4.8	-5.84716488283047	correct	4	10
0	43504.896	43510.099	43504896 43510099	4.8	-5.84716488283047	correct	4	13
3	43503.596	43503.832	43503596 43503832	4.8	-4.61716945505453	false negative	4	8
0	43503.85	43504.148	43503850 43504148	4.8	-4.61716945505453	correct	4	10
0	43504.896	43510.099	43504896 43510099	4.8	-4.61716945505453	correct	4	13
3	43503.596	43503.832	43503596 43503832	4.8	-3.77426097511929	false negative	4	8
0	43503.85	43504.148	43503850 43504148	4.8	-3.77426097511929	correct	4	10
0	43504.896	43510.099	43504896 43510099	4.8	-3.77426097511929	correct	4	13
3	43503.596	43503.832	43503596 43503832	4.8	-3.32956141970862	false negative	4	8
3	43503.85	43504.148	43503850 43504148	4.8	-3.32956141970862	false negative	4	11
0	43504.896	43510.099	43504896 43510099	4.8	-3.32956141970862	correct	4	13
3	43503.596	43503.832	43503596 43503832	4.8	-2.87110214393305	false negative	4	8
3	43503.85	43504.148	43503850 43504148	4.8	-2.87110214393305	false negative	4	11
0	43504.896	43510.099	43504896 43510099	4.8	-2.87110214393305	correct	4	13
3	43503.596	43503.832	43503596 43503832	4.8	-2.524465240576	false negative	4	8
3	43503.85	43504.148	43503850 43504148	4.8	-2.524465240576	false negative	4	11
0	43504.896	43510.099	43504896 43510099	4.8	-2.524465240576	correct	4	13
3	43503.596	43503.832	43503596 43503832	4.8	-1.7250450381836	false negative	4	8
3	43503.85	43504.148	43503850 43504148	4.8	-1.7250450381836	false negative	4	11
0	43504.896	43510.099	43504896 43510099	4.8	-1.7250450381836	correct	4	13
3	43503.596	43503.832	43503596 43503832	4.8	0.293237447653286	false negative	4	8
3	43503.85	43504.148	43503850 43504148	4.8	0.293237447653286	false negative	4	11
0	43504.896	43510.099	43504896 43510099	4.8	0.293237447653286	correct	4	13
3	43503.596	43503.832	43503596 43503832	4.8	Inf	false negative	4	8
3	43503.85	43504.148	43503850 43504148	4.8	Inf	false negative	4	11
0	43504.896	43510.099	43504896 43510099	4.8	Inf	correct	4	13
1	43503.596	43503.832	43503596 43503832	5	-Inf	false positive	4	9
1	43503.85	43504.148	43503850 43504148	5	-Inf	false positive	4	12
1	43504.896	43510.099	43504896 43510099	5	-Inf	false positive	4	14
0	43503.596	43503.832	43503596 43503832	5	-8.58704105367987	correct	4	7
1	43503.85	43504.148	43503850 43504148	5	-8.58704105367987	false positive	4	12
1	43504.896	43510.099	43504896 43510099	5	-8.58704105367987	false positive	4	14
0	43503.596	43503.832	43503596 43503832	5	-7.79169083010477	correct	4	7
0	43503.85	43504.148	43503850 43504148	5	-7.79169083010477	correct	4	10
1	43504.896	43510.099	43504896 43510099	5	-7.79169083010477	false positive	4	14
0	43503.596	43503.832	43503596 43503832	5	-7.07437721907083	correct	4	7
0	43503.85	43504.148	43503850 43504148	5	-7.07437721907083	correct	4	10
0	43504.896	43510.099	43504896 43510099	5	-7.07437721907083	correct	4	13
3	43503.596	43503.832	43503596 43503832	5	-6.04716488283047	false negative	4	8
0	43503.85	43504.148	43503850 43504148	5	-6.04716488283047	correct	4	10
0	43504.896	43510.099	43504896 43510099	5	-6.04716488283047	correct	4	13
3	43503.596	43503.832	43503596 43503832	5	-4.71716945505453	false negative	4	8
0	43503.85	43504.148	43503850 43504148	5	-4.71716945505453	correct	4	10
0	43504.896	43510.099	43504896 43510099	5	-4.71716945505453	correct	4	13
3	43503.596	43503.832	43503596 43503832	5	-3.87426097511929	false negative	4	8
0	43503.85	43504.148	43503850 43504148	5	-3.87426097511929	correct	4	10
0	43504.896	43510.099	43504896 43510099	5	-3.87426097511929	correct	4	13
3	43503.596	43503.832	43503596 43503832	5	-3.42956141970862	false negative	4	8
3	43503.85	43504.148	43503850 43504148	5	-3.42956141970862	false negative	4	11
0	43504.896	43510.099	43504896 43510099	5	-3.42956141970862	correct	4	13
3	43503.596	43503.832	43503596 43503832	5	-2.87110214393305	false negative	4	8
3	43503.85	43504.148	43503850 43504148	5	-2.87110214393305	false negative	4	11
0	43504.896	43510.099	43504896 43510099	5	-2.87110214393305	correct	4	13
3	43503.596	43503.832	43503596 43503832	5	-2.524465240576	false negative	4	8
3	43503.85	43504.148	43503850 43504148	5	-2.524465240576	false negative	4	11
0	43504.896	43510.099	43504896 43510099	5	-2.524465240576	correct	4	13
3	43503.596	43503.832	43503596 43503832	5	-1.7250450381836	false negative	4	8
3	43503.85	43504.148	43503850 43504148	5	-1.7250450381836	false negative	4	11
0	43504.896	43510.099	43504896 43510099	5	-1.7250450381836	correct	4	13
3	43503.596	43503.832	43503596 43503832	5	0.293237447653286	false negative	4	8
3	43503.85	43504.148	43503850 43504148	5	0.293237447653286	false negative	4	11
0	43504.896	43510.099	43504896 43510099	5	0.293237447653286	correct	4	13
3	43503.596	43503.832	43503596 43503832	5	Inf	false negative	4	8
3	43503.85	43504.148	43503850 43504148	5	Inf	false negative	4	11
0	43504.896	43510.099	43504896 43510099	5	Inf	correct	4	13
