x	y	key	label	showSelected1	showSelected2	PANEL	group
43447	200	-5 -Inf offset	offset=-5	-5	-Inf	1	1271
43447	200	-5 -3.5987564321254 offset	offset=-5	-5	-3.5987564321254	1	1267
43447	200	-5 -2.87110214393305 offset	offset=-5	-5	-2.87110214393305	1	1263
43447	200	-5 -2.524465240576 offset	offset=-5	-5	-2.524465240576	1	1259
43447	200	-5 -1.7250450381836 offset	offset=-5	-5	-1.7250450381836	1	1255
43447	200	-5 -0.0126575242852369 offset	offset=-5	-5	-0.0126575242852369	1	1251
43447	200	-5 1.26988692973461 offset	offset=-5	-5	1.26988692973461	1	1275
43447	200	-5 1.71885391825865 offset	offset=-5	-5	1.71885391825865	1	1279
43447	200	-5 2.20830916989523 offset	offset=-5	-5	2.20830916989523	1	1283
43447	200	-5 2.92562278092917 offset	offset=-5	-5	2.92562278092917	1	1287
43447	200	-5 3.95283511716953 offset	offset=-5	-5	3.95283511716953	1	1291
43447	200	-5 5.45202555736225 offset	offset=-5	-5	5.45202555736225	1	1295
43447	200	-5 Inf offset	offset=-5	-5	Inf	1	1299
43447	200	-4.8 -Inf offset	offset=-4.8	-4.8	-Inf	1	1219
43447	200	-4.8 -3.5987564321254 offset	offset=-4.8	-4.8	-3.5987564321254	1	1215
43447	200	-4.8 -2.87110214393305 offset	offset=-4.8	-4.8	-2.87110214393305	1	1211
43447	200	-4.8 -2.524465240576 offset	offset=-4.8	-4.8	-2.524465240576	1	1207
43447	200	-4.8 -1.7250450381836 offset	offset=-4.8	-4.8	-1.7250450381836	1	1203
43447	200	-4.8 -0.112657524285237 offset	offset=-4.8	-4.8	-0.112657524285237	1	1199
43447	200	-4.8 1.16988692973461 offset	offset=-4.8	-4.8	1.16988692973461	1	1223
43447	200	-4.8 1.61885391825865 offset	offset=-4.8	-4.8	1.61885391825865	1	1227
43447	200	-4.8 2.00830916989523 offset	offset=-4.8	-4.8	2.00830916989523	1	1231
43447	200	-4.8 2.72562278092917 offset	offset=-4.8	-4.8	2.72562278092917	1	1235
43447	200	-4.8 3.75283511716953 offset	offset=-4.8	-4.8	3.75283511716953	1	1239
43447	200	-4.8 5.25202555736225 offset	offset=-4.8	-4.8	5.25202555736225	1	1243
43447	200	-4.8 Inf offset	offset=-4.8	-4.8	Inf	1	1247
43447	200	-4.6 -Inf offset	offset=-4.6	-4.6	-Inf	1	1167
43447	200	-4.6 -3.5987564321254 offset	offset=-4.6	-4.6	-3.5987564321254	1	1163
43447	200	-4.6 -2.87110214393305 offset	offset=-4.6	-4.6	-2.87110214393305	1	1159
43447	200	-4.6 -2.524465240576 offset	offset=-4.6	-4.6	-2.524465240576	1	1155
43447	200	-4.6 -1.7250450381836 offset	offset=-4.6	-4.6	-1.7250450381836	1	1151
43447	200	-4.6 -0.212657524285237 offset	offset=-4.6	-4.6	-0.212657524285237	1	1147
43447	200	-4.6 1.01295894632013 offset	offset=-4.6	-4.6	1.01295894632013	1	1171
43447	200	-4.6 1.51885391825865 offset	offset=-4.6	-4.6	1.51885391825865	1	1175
43447	200	-4.6 1.86523715330971 offset	offset=-4.6	-4.6	1.86523715330971	1	1179
43447	200	-4.6 2.52562278092917 offset	offset=-4.6	-4.6	2.52562278092917	1	1183
43447	200	-4.6 3.55283511716953 offset	offset=-4.6	-4.6	3.55283511716953	1	1187
43447	200	-4.6 5.05202555736225 offset	offset=-4.6	-4.6	5.05202555736225	1	1191
43447	200	-4.6 Inf offset	offset=-4.6	-4.6	Inf	1	1195
43447	200	-4.4 -Inf offset	offset=-4.4	-4.4	-Inf	1	1115
43447	200	-4.4 -3.5987564321254 offset	offset=-4.4	-4.4	-3.5987564321254	1	1111
43447	200	-4.4 -2.87110214393305 offset	offset=-4.4	-4.4	-2.87110214393305	1	1107
43447	200	-4.4 -2.524465240576 offset	offset=-4.4	-4.4	-2.524465240576	1	1103
43447	200	-4.4 -1.7250450381836 offset	offset=-4.4	-4.4	-1.7250450381836	1	1099
43447	200	-4.4 -0.312657524285237 offset	offset=-4.4	-4.4	-0.312657524285237	1	1095
43447	200	-4.4 0.812958946320131 offset	offset=-4.4	-4.4	0.812958946320131	1	1119
43447	200	-4.4 1.41885391825865 offset	offset=-4.4	-4.4	1.41885391825865	1	1123
43447	200	-4.4 1.76523715330971 offset	offset=-4.4	-4.4	1.76523715330971	1	1127
43447	200	-4.4 2.32562278092917 offset	offset=-4.4	-4.4	2.32562278092917	1	1131
43447	200	-4.4 3.35283511716953 offset	offset=-4.4	-4.4	3.35283511716953	1	1135
43447	200	-4.4 4.85202555736225 offset	offset=-4.4	-4.4	4.85202555736225	1	1139
43447	200	-4.4 Inf offset	offset=-4.4	-4.4	Inf	1	1143
43447	200	-4.2 -Inf offset	offset=-4.2	-4.2	-Inf	1	1063
43447	200	-4.2 -3.5987564321254 offset	offset=-4.2	-4.2	-3.5987564321254	1	1059
43447	200	-4.2 -2.87110214393305 offset	offset=-4.2	-4.2	-2.87110214393305	1	1055
43447	200	-4.2 -2.524465240576 offset	offset=-4.2	-4.2	-2.524465240576	1	1051
43447	200	-4.2 -1.7250450381836 offset	offset=-4.2	-4.2	-1.7250450381836	1	1047
43447	200	-4.2 -0.412657524285237 offset	offset=-4.2	-4.2	-0.412657524285237	1	1043
43447	200	-4.2 0.612958946320131 offset	offset=-4.2	-4.2	0.612958946320131	1	1067
43447	200	-4.2 1.31885391825865 offset	offset=-4.2	-4.2	1.31885391825865	1	1071
43447	200	-4.2 1.66523715330971 offset	offset=-4.2	-4.2	1.66523715330971	1	1075
43447	200	-4.2 2.12562278092917 offset	offset=-4.2	-4.2	2.12562278092917	1	1079
43447	200	-4.2 3.15283511716953 offset	offset=-4.2	-4.2	3.15283511716953	1	1083
43447	200	-4.2 4.65202555736225 offset	offset=-4.2	-4.2	4.65202555736225	1	1087
43447	200	-4.2 Inf offset	offset=-4.2	-4.2	Inf	1	1091
43447	200	-4 -Inf offset	offset=-4	-4	-Inf	1	1011
43447	200	-4 -3.5987564321254 offset	offset=-4	-4	-3.5987564321254	1	1007
43447	200	-4 -2.87110214393305 offset	offset=-4	-4	-2.87110214393305	1	1003
43447	200	-4 -2.524465240576 offset	offset=-4	-4	-2.524465240576	1	999
43447	200	-4 -1.7250450381836 offset	offset=-4	-4	-1.7250450381836	1	995
43447	200	-4 -0.512657524285237 offset	offset=-4	-4	-0.512657524285237	1	991
43447	200	-4 0.412958946320131 offset	offset=-4	-4	0.412958946320131	1	1015
43447	200	-4 1.20830916989523 offset	offset=-4	-4	1.20830916989523	1	1019
43447	200	-4 1.56523715330971 offset	offset=-4	-4	1.56523715330971	1	1023
43447	200	-4 1.9361675292926 offset	offset=-4	-4	1.9361675292926	1	1027
43447	200	-4 2.95283511716953 offset	offset=-4	-4	2.95283511716953	1	1031
43447	200	-4 4.45202555736225 offset	offset=-4	-4	4.45202555736225	1	1035
43447	200	-4 Inf offset	offset=-4	-4	Inf	1	1039
43447	200	-3.8 -Inf offset	offset=-3.8	-3.8	-Inf	1	959
43447	200	-3.8 -3.5987564321254 offset	offset=-3.8	-3.8	-3.5987564321254	1	955
43447	200	-3.8 -2.87110214393305 offset	offset=-3.8	-3.8	-2.87110214393305	1	951
43447	200	-3.8 -2.524465240576 offset	offset=-3.8	-3.8	-2.524465240576	1	947
43447	200	-3.8 -1.7250450381836 offset	offset=-3.8	-3.8	-1.7250450381836	1	943
43447	200	-3.8 -0.612657524285237 offset	offset=-3.8	-3.8	-0.612657524285237	1	939
43447	200	-3.8 0.212958946320131 offset	offset=-3.8	-3.8	0.212958946320131	1	963
43447	200	-3.8 1.00830916989523 offset	offset=-3.8	-3.8	1.00830916989523	1	967
43447	200	-3.8 1.46523715330971 offset	offset=-3.8	-3.8	1.46523715330971	1	971
43447	200	-3.8 1.8361675292926 offset	offset=-3.8	-3.8	1.8361675292926	1	975
43447	200	-3.8 2.75283511716953 offset	offset=-3.8	-3.8	2.75283511716953	1	979
43447	200	-3.8 4.25202555736225 offset	offset=-3.8	-3.8	4.25202555736225	1	983
43447	200	-3.8 Inf offset	offset=-3.8	-3.8	Inf	1	987
43447	200	-3.6 -Inf offset	offset=-3.6	-3.6	-Inf	1	907
43447	200	-3.6 -3.5987564321254 offset	offset=-3.6	-3.6	-3.5987564321254	1	903
43447	200	-3.6 -2.87110214393305 offset	offset=-3.6	-3.6	-2.87110214393305	1	899
43447	200	-3.6 -2.524465240576 offset	offset=-3.6	-3.6	-2.524465240576	1	895
43447	200	-3.6 -1.7250450381836 offset	offset=-3.6	-3.6	-1.7250450381836	1	891
43447	200	-3.6 -0.712657524285237 offset	offset=-3.6	-3.6	-0.712657524285237	1	887
43447	200	-3.6 0.0129589463201305 offset	offset=-3.6	-3.6	0.0129589463201305	1	911
43447	200	-3.6 0.808309169895229 offset	offset=-3.6	-3.6	0.808309169895229	1	915
43447	200	-3.6 1.36523715330971 offset	offset=-3.6	-3.6	1.36523715330971	1	919
43447	200	-3.6 1.7361675292926 offset	offset=-3.6	-3.6	1.7361675292926	1	923
43447	200	-3.6 2.55283511716953 offset	offset=-3.6	-3.6	2.55283511716953	1	927
43447	200	-3.6 4.05202555736225 offset	offset=-3.6	-3.6	4.05202555736225	1	931
43447	200	-3.6 Inf offset	offset=-3.6	-3.6	Inf	1	935
43447	200	-3.4 -Inf offset	offset=-3.4	-3.4	-Inf	1	859
43447	200	-3.4 -3.5987564321254 offset	offset=-3.4	-3.4	-3.5987564321254	1	855
43447	200	-3.4 -2.87110214393305 offset	offset=-3.4	-3.4	-2.87110214393305	1	851
43447	200	-3.4 -2.524465240576 offset	offset=-3.4	-3.4	-2.524465240576	1	847
43447	200	-3.4 -1.7250450381836 offset	offset=-3.4	-3.4	-1.7250450381836	1	843
43447	200	-3.4 -0.812657524285237 offset	offset=-3.4	-3.4	-0.812657524285237	1	839
43447	200	-3.4 -0.187041053679869 offset	offset=-3.4	-3.4	-0.187041053679869	1	835
43447	200	-3.4 0.60830916989523 offset	offset=-3.4	-3.4	0.60830916989523	1	863
43447	200	-3.4 1.26523715330971 offset	offset=-3.4	-3.4	1.26523715330971	1	867
43447	200	-3.4 1.6361675292926 offset	offset=-3.4	-3.4	1.6361675292926	1	871
43447	200	-3.4 2.35283511716953 offset	offset=-3.4	-3.4	2.35283511716953	1	875
43447	200	-3.4 3.85202555736225 offset	offset=-3.4	-3.4	3.85202555736225	1	879
43447	200	-3.4 Inf offset	offset=-3.4	-3.4	Inf	1	883
43447	200	-3.2 -Inf offset	offset=-3.2	-3.2	-Inf	1	807
43447	200	-3.2 -3.5987564321254 offset	offset=-3.2	-3.2	-3.5987564321254	1	803
43447	200	-3.2 -2.87110214393305 offset	offset=-3.2	-3.2	-2.87110214393305	1	799
43447	200	-3.2 -2.524465240576 offset	offset=-3.2	-3.2	-2.524465240576	1	795
43447	200	-3.2 -1.7250450381836 offset	offset=-3.2	-3.2	-1.7250450381836	1	791
43447	200	-3.2 -0.912657524285237 offset	offset=-3.2	-3.2	-0.912657524285237	1	787
43447	200	-3.2 -0.387041053679869 offset	offset=-3.2	-3.2	-0.387041053679869	1	783
43447	200	-3.2 0.40830916989523 offset	offset=-3.2	-3.2	0.408309169895229	1	811
43447	200	-3.2 1.12562278092917 offset	offset=-3.2	-3.2	1.12562278092917	1	815
43447	200	-3.2 1.5361675292926 offset	offset=-3.2	-3.2	1.5361675292926	1	819
43447	200	-3.2 2.19244948955007 offset	offset=-3.2	-3.2	2.19244948955007	1	823
43447	200	-3.2 3.65202555736225 offset	offset=-3.2	-3.2	3.65202555736225	1	827
43447	200	-3.2 Inf offset	offset=-3.2	-3.2	Inf	1	831
43447	200	-3 -Inf offset	offset=-3	-3	-Inf	1	755
43447	200	-3 -3.5987564321254 offset	offset=-3	-3	-3.5987564321254	1	751
43447	200	-3 -2.87110214393305 offset	offset=-3	-3	-2.87110214393305	1	747
43447	200	-3 -2.524465240576 offset	offset=-3	-3	-2.524465240576	1	743
43447	200	-3 -1.74839555610227 offset	offset=-3	-3	-1.74839555610227	1	739
43447	200	-3 -1.01265752428524 offset	offset=-3	-3	-1.01265752428524	1	735
43447	200	-3 -0.563690535761193 offset	offset=-3	-3	-0.563690535761193	1	731
43447	200	-3 0.208309169895229 offset	offset=-3	-3	0.208309169895229	1	759
43447	200	-3 0.925622780929171 offset	offset=-3	-3	0.925622780929171	1	763
43447	200	-3 1.4361675292926 offset	offset=-3	-3	1.4361675292926	1	767
43447	200	-3 2.09244948955007 offset	offset=-3	-3	2.09244948955007	1	771
43447	200	-3 3.45202555736225 offset	offset=-3	-3	3.45202555736225	1	775
43447	200	-3 Inf offset	offset=-3	-3	Inf	1	779
43447	200	-2.8 -Inf offset	offset=-2.8	-2.8	-Inf	1	703
43447	200	-2.8 -3.5987564321254 offset	offset=-2.8	-2.8	-3.5987564321254	1	699
43447	200	-2.8 -2.87110214393305 offset	offset=-2.8	-2.8	-2.87110214393305	1	695
43447	200	-2.8 -2.524465240576 offset	offset=-2.8	-2.8	-2.524465240576	1	691
43447	200	-2.8 -1.84839555610227 offset	offset=-2.8	-2.8	-1.84839555610227	1	687
43447	200	-2.8 -1.11265752428524 offset	offset=-2.8	-2.8	-1.11265752428524	1	683
43447	200	-2.8 -0.663690535761193 offset	offset=-2.8	-2.8	-0.663690535761193	1	679
43447	200	-2.8 0.00830916989522912 offset	offset=-2.8	-2.8	0.00830916989522912	1	707
43447	200	-2.8 0.725622780929171 offset	offset=-2.8	-2.8	0.725622780929171	1	711
43447	200	-2.8 1.3361675292926 offset	offset=-2.8	-2.8	1.3361675292926	1	715
43447	200	-2.8 1.99244948955007 offset	offset=-2.8	-2.8	1.99244948955007	1	719
43447	200	-2.8 3.25202555736225 offset	offset=-2.8	-2.8	3.25202555736225	1	723
43447	200	-2.8 Inf offset	offset=-2.8	-2.8	Inf	1	727
43447	200	-2.6 -Inf offset	offset=-2.6	-2.6	-Inf	1	655
43447	200	-2.6 -3.5987564321254 offset	offset=-2.6	-2.6	-3.5987564321254	1	651
43447	200	-2.6 -2.87110214393305 offset	offset=-2.6	-2.6	-2.87110214393305	1	647
43447	200	-2.6 -2.524465240576 offset	offset=-2.6	-2.6	-2.524465240576	1	643
43447	200	-2.6 -1.94839555610227 offset	offset=-2.6	-2.6	-1.94839555610227	1	639
43447	200	-2.6 -1.21265752428524 offset	offset=-2.6	-2.6	-1.21265752428524	1	635
43447	200	-2.6 -0.763690535761193 offset	offset=-2.6	-2.6	-0.763690535761193	1	631
43447	200	-2.6 -0.191690830104771 offset	offset=-2.6	-2.6	-0.191690830104771	1	627
43447	200	-2.6 0.52562278092917 offset	offset=-2.6	-2.6	0.525622780929171	1	659
43447	200	-2.6 1.2361675292926 offset	offset=-2.6	-2.6	1.2361675292926	1	663
43447	200	-2.6 1.89244948955007 offset	offset=-2.6	-2.6	1.89244948955007	1	667
43447	200	-2.6 3.05202555736225 offset	offset=-2.6	-2.6	3.05202555736225	1	671
43447	200	-2.6 Inf offset	offset=-2.6	-2.6	Inf	1	675
43447	200	-2.4 -Inf offset	offset=-2.4	-2.4	-Inf	1	603
43447	200	-2.4 -3.5987564321254 offset	offset=-2.4	-2.4	-3.5987564321254	1	599
43447	200	-2.4 -2.87110214393305 offset	offset=-2.4	-2.4	-2.87110214393305	1	595
43447	200	-2.4 -2.524465240576 offset	offset=-2.4	-2.4	-2.524465240576	1	591
43447	200	-2.4 -2.04839555610227 offset	offset=-2.4	-2.4	-2.04839555610227	1	587
43447	200	-2.4 -1.31265752428524 offset	offset=-2.4	-2.4	-1.31265752428524	1	583
43447	200	-2.4 -0.863690535761193 offset	offset=-2.4	-2.4	-0.863690535761193	1	579
43447	200	-2.4 -0.39169083010477 offset	offset=-2.4	-2.4	-0.39169083010477	1	575
43447	200	-2.4 0.325622780929171 offset	offset=-2.4	-2.4	0.325622780929171	1	607
43447	200	-2.4 1.1361675292926 offset	offset=-2.4	-2.4	1.1361675292926	1	611
43447	200	-2.4 1.79244948955007 offset	offset=-2.4	-2.4	1.79244948955007	1	615
43447	200	-2.4 2.85202555736225 offset	offset=-2.4	-2.4	2.85202555736225	1	619
43447	200	-2.4 Inf offset	offset=-2.4	-2.4	Inf	1	623
43447	200	-2.2 -Inf offset	offset=-2.2	-2.2	-Inf	1	551
43447	200	-2.2 -3.5987564321254 offset	offset=-2.2	-2.2	-3.5987564321254	1	547
43447	200	-2.2 -2.87110214393305 offset	offset=-2.2	-2.2	-2.87110214393305	1	543
43447	200	-2.2 -2.524465240576 offset	offset=-2.2	-2.2	-2.524465240576	1	539
43447	200	-2.2 -2.14839555610227 offset	offset=-2.2	-2.2	-2.14839555610227	1	535
43447	200	-2.2 -1.41265752428524 offset	offset=-2.2	-2.2	-1.41265752428524	1	531
43447	200	-2.2 -0.963690535761193 offset	offset=-2.2	-2.2	-0.963690535761193	1	527
43447	200	-2.2 -0.591690830104771 offset	offset=-2.2	-2.2	-0.591690830104771	1	523
43447	200	-2.2 0.12562278092917 offset	offset=-2.2	-2.2	0.12562278092917	1	555
43447	200	-2.2 1.0361675292926 offset	offset=-2.2	-2.2	1.0361675292926	1	559
43447	200	-2.2 1.69244948955007 offset	offset=-2.2	-2.2	1.69244948955007	1	563
43447	200	-2.2 2.65202555736225 offset	offset=-2.2	-2.2	2.65202555736225	1	567
43447	200	-2.2 Inf offset	offset=-2.2	-2.2	Inf	1	571
43447	200	-2 -Inf offset	offset=-2	-2	-Inf	1	503
43447	200	-2 -3.5987564321254 offset	offset=-2	-2	-3.5987564321254	1	499
43447	200	-2 -2.87110214393305 offset	offset=-2	-2	-2.87110214393305	1	495
43447	200	-2 -2.524465240576 offset	offset=-2	-2	-2.524465240576	1	491
43447	200	-2 -2.24839555610227 offset	offset=-2	-2	-2.24839555610227	1	487
43447	200	-2 -1.58704105367987 offset	offset=-2	-2	-1.58704105367987	1	483
43447	200	-2 -1.06369053576119 offset	offset=-2	-2	-1.06369053576119	1	479
43447	200	-2 -0.717307300710138 offset	offset=-2	-2	-0.717307300710139	1	475
43447	200	-2 -0.0743772190708292 offset	offset=-2	-2	-0.0743772190708292	1	471
43447	200	-2 0.936167529292596 offset	offset=-2	-2	0.936167529292596	1	507
43447	200	-2 1.59244948955007 offset	offset=-2	-2	1.59244948955007	1	511
43447	200	-2 2.45202555736225 offset	offset=-2	-2	2.45202555736225	1	515
43447	200	-2 Inf offset	offset=-2	-2	Inf	1	519
43447	200	-1.8 -Inf offset	offset=-1.8	-1.8	-Inf	1	451
43447	200	-1.8 -3.5987564321254 offset	offset=-1.8	-1.8	-3.5987564321254	1	447
43447	200	-1.8 -2.87110214393305 offset	offset=-1.8	-1.8	-2.87110214393305	1	443
43447	200	-1.8 -2.524465240576 offset	offset=-1.8	-1.8	-2.524465240576	1	439
43447	200	-1.8 -2.34839555610227 offset	offset=-1.8	-1.8	-2.34839555610227	1	435
43447	200	-1.8 -1.78704105367987 offset	offset=-1.8	-1.8	-1.78704105367987	1	431
43447	200	-1.8 -1.16369053576119 offset	offset=-1.8	-1.8	-1.16369053576119	1	427
43447	200	-1.8 -0.817307300710138 offset	offset=-1.8	-1.8	-0.817307300710138	1	423
43447	200	-1.8 -0.274377219070828 offset	offset=-1.8	-1.8	-0.274377219070828	1	419
43447	200	-1.8 0.752835117169532 offset	offset=-1.8	-1.8	0.752835117169532	1	455
43447	200	-1.8 1.49244948955007 offset	offset=-1.8	-1.8	1.49244948955007	1	459
43447	200	-1.8 2.33535796948531 offset	offset=-1.8	-1.8	2.33535796948531	1	463
43447	200	-1.8 Inf offset	offset=-1.8	-1.8	Inf	1	467
43447	200	-1.6 -Inf offset	offset=-1.6	-1.6	-Inf	1	399
43447	200	-1.6 -3.5987564321254 offset	offset=-1.6	-1.6	-3.5987564321254	1	395
43447	200	-1.6 -2.87110214393305 offset	offset=-1.6	-1.6	-2.87110214393305	1	391
43447	200	-1.6 -2.524465240576 offset	offset=-1.6	-1.6	-2.524465240576	1	387
43447	200	-1.6 -2.44839555610227 offset	offset=-1.6	-1.6	-2.44839555610227	1	383
43447	200	-1.6 -1.98704105367987 offset	offset=-1.6	-1.6	-1.98704105367987	1	379
43447	200	-1.6 -1.26369053576119 offset	offset=-1.6	-1.6	-1.26369053576119	1	375
43447	200	-1.6 -0.917307300710139 offset	offset=-1.6	-1.6	-0.917307300710139	1	371
43447	200	-1.6 -0.47437721907083 offset	offset=-1.6	-1.6	-0.47437721907083	1	367
43447	200	-1.6 0.552835117169531 offset	offset=-1.6	-1.6	0.552835117169531	1	403
43447	200	-1.6 1.39244948955007 offset	offset=-1.6	-1.6	1.39244948955007	1	407
43447	200	-1.6 2.23535796948531 offset	offset=-1.6	-1.6	2.23535796948531	1	411
43447	200	-1.6 Inf offset	offset=-1.6	-1.6	Inf	1	415
43447	200	-1.4 -Inf offset	offset=-1.4	-1.4	-Inf	1	347
43447	200	-1.4 -3.5987564321254 offset	offset=-1.4	-1.4	-3.5987564321254	1	343
43447	200	-1.4 -2.89503245945932 offset	offset=-1.4	-1.4	-2.89503245945932	1	339
43447	200	-1.4 -2.61207772667764 offset	offset=-1.4	-1.4	-2.61207772667764	1	335
43447	200	-1.4 -2.524465240576 offset	offset=-1.4	-1.4	-2.524465240576	1	331
43447	200	-1.4 -2.09942856757823 offset	offset=-1.4	-1.4	-2.09942856757823	1	327
43447	200	-1.4 -1.39169083010477 offset	offset=-1.4	-1.4	-1.39169083010477	1	323
43447	200	-1.4 -1.01730730071014 offset	offset=-1.4	-1.4	-1.01730730071014	1	319
43447	200	-1.4 -0.646376924727251 offset	offset=-1.4	-1.4	-0.646376924727251	1	315
43447	200	-1.4 0.352835117169532 offset	offset=-1.4	-1.4	0.352835117169532	1	351
43447	200	-1.4 1.29244948955007 offset	offset=-1.4	-1.4	1.29244948955007	1	355
43447	200	-1.4 2.13535796948531 offset	offset=-1.4	-1.4	2.13535796948531	1	359
43447	200	-1.4 Inf offset	offset=-1.4	-1.4	Inf	1	363
43447	200	-1.2 -Inf offset	offset=-1.2	-1.2	-Inf	1	295
43447	200	-1.2 -3.5987564321254 offset	offset=-1.2	-1.2	-3.5987564321254	1	291
43447	200	-1.2 -2.99503245945932 offset	offset=-1.2	-1.2	-2.99503245945932	1	287
43447	200	-1.2 -2.71207772667764 offset	offset=-1.2	-1.2	-2.71207772667764	1	283
43447	200	-1.2 -2.524465240576 offset	offset=-1.2	-1.2	-2.524465240576	1	279
43447	200	-1.2 -2.19942856757823 offset	offset=-1.2	-1.2	-2.19942856757823	1	275
43447	200	-1.2 -1.59169083010477 offset	offset=-1.2	-1.2	-1.59169083010477	1	271
43447	200	-1.2 -1.11730730071014 offset	offset=-1.2	-1.2	-1.11730730071014	1	267
43447	200	-1.2 -0.746376924727252 offset	offset=-1.2	-1.2	-0.746376924727252	1	263
43447	200	-1.2 0.152835117169531 offset	offset=-1.2	-1.2	0.152835117169531	1	299
43447	200	-1.2 1.19244948955007 offset	offset=-1.2	-1.2	1.19244948955007	1	303
43447	200	-1.2 2.03535796948531 offset	offset=-1.2	-1.2	2.03535796948531	1	307
43447	200	-1.2 Inf offset	offset=-1.2	-1.2	Inf	1	311
43447	200	-1 -Inf offset	offset=-1	-1	-Inf	1	247
43447	200	-1 -3.5987564321254 offset	offset=-1	-1	-3.5987564321254	1	243
43447	200	-1 -3.09503245945932 offset	offset=-1	-1	-3.09503245945932	1	239
43447	200	-1 -2.81207772667764 offset	offset=-1	-1	-2.81207772667764	1	235
43447	200	-1 -2.524465240576 offset	offset=-1	-1	-2.524465240576	1	231
43447	200	-1 -2.29942856757823 offset	offset=-1	-1	-2.29942856757823	1	227
43447	200	-1 -1.79169083010477 offset	offset=-1	-1	-1.79169083010477	1	223
43447	200	-1 -1.21730730071014 offset	offset=-1	-1	-1.21730730071014	1	219
43447	200	-1 -0.846376924727251 offset	offset=-1	-1	-0.846376924727252	1	215
43447	200	-1 -0.0471648828304687 offset	offset=-1	-1	-0.0471648828304687	1	211
43447	200	-1 1.09244948955007 offset	offset=-1	-1	1.09244948955007	1	251
43447	200	-1 1.93535796948531 offset	offset=-1	-1	1.93535796948531	1	255
43447	200	-1 Inf offset	offset=-1	-1	Inf	1	259
43447	200	-0.8 -Inf offset	offset=-0.8	-0.8	-Inf	1	195
43447	200	-0.8 -3.63973201486999 offset	offset=-0.8	-0.8	-3.63973201486999	1	191
43447	200	-0.8 -3.19503245945932 offset	offset=-0.8	-0.8	-3.19503245945932	1	187
43447	200	-0.8 -2.87110214393305 offset	offset=-0.8	-0.8	-2.87110214393305	1	183
43447	200	-0.8 -2.524465240576 offset	offset=-0.8	-0.8	-2.524465240576	1	179
43447	200	-0.8 -2.39942856757823 offset	offset=-0.8	-0.8	-2.39942856757823	1	175
43447	200	-0.8 -1.99169083010477 offset	offset=-0.8	-0.8	-1.99169083010477	1	171
43447	200	-0.8 -1.31730730071014 offset	offset=-0.8	-0.8	-1.31730730071014	1	167
43447	200	-0.8 -0.946376924727251 offset	offset=-0.8	-0.8	-0.946376924727251	1	163
43447	200	-0.8 -0.247164882830468 offset	offset=-0.8	-0.8	-0.247164882830468	1	159
43447	200	-0.8 0.99244948955007 offset	offset=-0.8	-0.8	0.99244948955007	1	199
43447	200	-0.8 1.83535796948531 offset	offset=-0.8	-0.8	1.83535796948531	1	203
43447	200	-0.8 Inf offset	offset=-0.8	-0.8	Inf	1	207
43447	200	-0.6 -Inf offset	offset=-0.6	-0.6	-Inf	1	143
43447	200	-0.6 -3.73973201486999 offset	offset=-0.6	-0.6	-3.73973201486999	1	139
43447	200	-0.6 -3.29503245945932 offset	offset=-0.6	-0.6	-3.29503245945932	1	135
43447	200	-0.6 -2.87110214393305 offset	offset=-0.6	-0.6	-2.87110214393305	1	131
43447	200	-0.6 -2.5631107381536 offset	offset=-0.6	-0.6	-2.5631107381536	1	127
43447	200	-0.6 -2.49942856757823 offset	offset=-0.6	-0.6	-2.49942856757823	1	123
43447	200	-0.6 -2.15304533252717 offset	offset=-0.6	-0.6	-2.15304533252717	1	119
43447	200	-0.6 -1.47437721907083 offset	offset=-0.6	-0.6	-1.47437721907083	1	115
43447	200	-0.6 -1.04637692472725 offset	offset=-0.6	-0.6	-1.04637692472725	1	111
43447	200	-0.6 -0.390094964469778 offset	offset=-0.6	-0.6	-0.390094964469778	1	107
43447	200	-0.6 0.892449489550069 offset	offset=-0.6	-0.6	0.892449489550069	1	147
43447	200	-0.6 1.73535796948531 offset	offset=-0.6	-0.6	1.73535796948531	1	151
43447	200	-0.6 Inf offset	offset=-0.6	-0.6	Inf	1	155
43447	200	-0.399999999999999 -Inf offset	offset=-0.4	-0.399999999999999	-Inf	1	91
43447	200	-0.399999999999999 -3.83973201486999 offset	offset=-0.4	-0.399999999999999	-3.83973201486999	1	87
43447	200	-0.399999999999999 -3.39503245945932 offset	offset=-0.4	-0.399999999999999	-3.39503245945932	1	83
43447	200	-0.399999999999999 -2.94606547093528 offset	offset=-0.4	-0.399999999999999	-2.94606547093528	1	79
43447	200	-0.399999999999999 -2.6631107381536 offset	offset=-0.4	-0.399999999999999	-2.6631107381536	1	75
43447	200	-0.399999999999999 -2.524465240576 offset	offset=-0.4	-0.399999999999999	-2.524465240576	1	71
43447	200	-0.399999999999999 -2.25304533252717 offset	offset=-0.4	-0.399999999999999	-2.25304533252717	1	67
43447	200	-0.399999999999999 -1.67437721907083 offset	offset=-0.4	-0.399999999999999	-1.67437721907083	1	63
43447	200	-0.399999999999999 -1.14637692472725 offset	offset=-0.4	-0.399999999999999	-1.14637692472725	1	59
43447	200	-0.399999999999999 -0.490094964469779 offset	offset=-0.4	-0.399999999999999	-0.490094964469779	1	55
43447	200	-0.399999999999999 0.792449489550068 offset	offset=-0.4	-0.399999999999999	0.792449489550068	1	95
43447	200	-0.399999999999999 1.63535796948531 offset	offset=-0.4	-0.399999999999999	1.63535796948531	1	99
43447	200	-0.399999999999999 Inf offset	offset=-0.4	-0.399999999999999	Inf	1	103
43447	200	-0.199999999999999 -Inf offset	offset=-0.2	-0.199999999999999	-Inf	1	39
43447	200	-0.199999999999999 -3.93973201486999 offset	offset=-0.2	-0.199999999999999	-3.93973201486999	1	35
43447	200	-0.199999999999999 -3.49503245945932 offset	offset=-0.2	-0.199999999999999	-3.49503245945932	1	31
43447	200	-0.199999999999999 -3.04606547093528 offset	offset=-0.2	-0.199999999999999	-3.04606547093528	1	27
43447	200	-0.199999999999999 -2.7631107381536 offset	offset=-0.2	-0.199999999999999	-2.7631107381536	1	23
43447	200	-0.199999999999999 -2.524465240576 offset	offset=-0.2	-0.199999999999999	-2.524465240576	1	19
43447	200	-0.199999999999999 -2.35304533252717 offset	offset=-0.2	-0.199999999999999	-2.35304533252717	1	15
43447	200	-0.199999999999999 -1.87437721907083 offset	offset=-0.2	-0.199999999999999	-1.87437721907083	1	11
43447	200	-0.199999999999999 -1.24637692472725 offset	offset=-0.2	-0.199999999999999	-1.24637692472725	1	7
43447	200	-0.199999999999999 -0.590094964469778 offset	offset=-0.2	-0.199999999999999	-0.590094964469778	1	3
43447	200	-0.199999999999999 0.652025557362248 offset	offset=-0.2	-0.199999999999999	0.652025557362248	1	43
43447	200	-0.199999999999999 1.53535796948531 offset	offset=-0.2	-0.199999999999999	1.53535796948531	1	47
43447	200	-0.199999999999999 Inf offset	offset=-0.2	-0.199999999999999	Inf	1	51
43447	200	0 -Inf offset	offset=0	0	-Inf	1	1339
43447	200	0 -4.03973201486999 offset	offset=0	0	-4.03973201486999	1	1335
43447	200	0 -3.59503245945932 offset	offset=0	0	-3.59503245945932	1	1331
43447	200	0 -3.14606547093528 offset	offset=0	0	-3.14606547093528	1	1327
43447	200	0 -2.8631107381536 offset	offset=0	0	-2.8631107381536	1	1323
43447	200	0 -2.524465240576 offset	offset=0	0	-2.524465240576	1	1319
43447	200	0 -2.45304533252717 offset	offset=0	0	-2.45304533252717	1	1315
43447	200	0 -2.07437721907083 offset	offset=0	0	-2.07437721907083	1	1311
43447	200	0 -1.34637692472725 offset	offset=0	0	-1.34637692472725	1	1307
43447	200	0 -0.690094964469778 offset	offset=0	0	-0.690094964469778	1	1303
43447	200	0 0.452025557362249 offset	offset=0	0	0.452025557362249	1	1343
43447	200	0 1.43535796948531 offset	offset=0	0	1.43535796948531	1	1347
43447	200	0 Inf offset	offset=0	0	Inf	1	1351
43447	200	0.2 -Inf offset	offset=0.2	0.2	-Inf	1	1391
43447	200	0.2 -4.13973201486999 offset	offset=0.2	0.2	-4.13973201486999	1	1387
43447	200	0.2 -3.69076502634595 offset	offset=0.2	0.2	-3.69076502634595	1	1383
43447	200	0.2 -3.24606547093528 offset	offset=0.2	0.2	-3.24606547093528	1	1379
43447	200	0.2 -2.89968223588422 offset	offset=0.2	0.2	-2.89968223588422	1	1375
43447	200	0.2 -2.61672750310254 offset	offset=0.2	0.2	-2.61672750310254	1	1371
43447	200	0.2 -2.524465240576 offset	offset=0.2	0.2	-2.524465240576	1	1367
43447	200	0.2 -2.18211495654429 offset	offset=0.2	0.2	-2.18211495654429	1	1363
43447	200	0.2 -1.44637692472725 offset	offset=0.2	0.2	-1.44637692472725	1	1359
43447	200	0.2 -0.790094964469778 offset	offset=0.2	0.2	-0.790094964469778	1	1355
43447	200	0.2 0.252025557362249 offset	offset=0.2	0.2	0.252025557362249	1	1395
43447	200	0.2 1.33535796948531 offset	offset=0.2	0.2	1.33535796948531	1	1399
43447	200	0.2 Inf offset	offset=0.2	0.2	Inf	1	1403
43447	200	0.4 -Inf offset	offset=0.4	0.4	-Inf	1	1443
43447	200	0.4 -4.23973201486999 offset	offset=0.4	0.4	-4.23973201486999	1	1439
43447	200	0.4 -3.79076502634595 offset	offset=0.4	0.4	-3.79076502634595	1	1435
43447	200	0.4 -3.34606547093528 offset	offset=0.4	0.4	-3.34606547093528	1	1431
43447	200	0.4 -2.99968223588422 offset	offset=0.4	0.4	-2.99968223588422	1	1427
43447	200	0.4 -2.71672750310254 offset	offset=0.4	0.4	-2.71672750310254	1	1423
43447	200	0.4 -2.524465240576 offset	offset=0.4	0.4	-2.524465240576	1	1419
43447	200	0.4 -2.28211495654429 offset	offset=0.4	0.4	-2.28211495654429	1	1415
43447	200	0.4 -1.54637692472725 offset	offset=0.4	0.4	-1.54637692472725	1	1411
43447	200	0.4 -0.890094964469778 offset	offset=0.4	0.4	-0.890094964469778	1	1407
43447	200	0.4 0.0520255573622483 offset	offset=0.4	0.4	0.0520255573622483	1	1447
43447	200	0.4 1.23535796948531 offset	offset=0.4	0.4	1.23535796948531	1	1451
43447	200	0.4 Inf offset	offset=0.4	0.4	Inf	1	1455
43447	200	0.6 -Inf offset	offset=0.6	0.600000000000001	-Inf	1	1499
43447	200	0.6 -4.33973201486999 offset	offset=0.6	0.600000000000001	-4.33973201486999	1	1495
43447	200	0.6 -3.89076502634595 offset	offset=0.6	0.600000000000001	-3.89076502634595	1	1491
43447	200	0.6 -3.44606547093528 offset	offset=0.6	0.600000000000001	-3.44606547093528	1	1487
43447	200	0.6 -3.09968223588423 offset	offset=0.6	0.600000000000001	-3.09968223588423	1	1483
43447	200	0.6 -2.81672750310254 offset	offset=0.6	0.600000000000001	-2.81672750310254	1	1479
43447	200	0.6 -2.524465240576 offset	offset=0.6	0.600000000000001	-2.524465240576	1	1475
43447	200	0.6 -2.38211495654429 offset	offset=0.6	0.600000000000001	-2.38211495654429	1	1471
43447	200	0.6 -1.64716488283047 offset	offset=0.6	0.600000000000001	-1.64716488283047	1	1467
43447	200	0.6 -0.990094964469779 offset	offset=0.6	0.600000000000001	-0.990094964469779	1	1463
43447	200	0.6 -0.147186484534535 offset	offset=0.6	0.600000000000001	-0.147186484534535	1	1459
43447	200	0.6 1.13535796948531 offset	offset=0.6	0.600000000000001	1.13535796948531	1	1503
43447	200	0.6 Inf offset	offset=0.6	0.600000000000001	Inf	1	1507
43447	200	0.800000000000001 -Inf offset	offset=0.8	0.800000000000001	-Inf	1	1551
43447	200	0.800000000000001 -4.43973201486999 offset	offset=0.8	0.800000000000001	-4.43973201486999	1	1547
43447	200	0.800000000000001 -3.99076502634595 offset	offset=0.8	0.800000000000001	-3.99076502634595	1	1543
43447	200	0.800000000000001 -3.59169083010477 offset	offset=0.8	0.800000000000001	-3.59169083010477	1	1539
43447	200	0.800000000000001 -3.19968223588422 offset	offset=0.8	0.800000000000001	-3.19968223588422	1	1535
43447	200	0.800000000000001 -2.87110214393305 offset	offset=0.8	0.800000000000001	-2.87110214393305	1	1531
43447	200	0.800000000000001 -2.54579712711966 offset	offset=0.8	0.800000000000001	-2.54579712711966	1	1527
43447	200	0.800000000000001 -2.48211495654429 offset	offset=0.8	0.800000000000001	-2.48211495654429	1	1523
43447	200	0.800000000000001 -1.82583299628681 offset	offset=0.8	0.800000000000001	-1.82583299628681	1	1519
43447	200	0.800000000000001 -1.09009496446978 offset	offset=0.8	0.800000000000001	-1.09009496446978	1	1515
43447	200	0.800000000000001 -0.247186484534534 offset	offset=0.8	0.800000000000001	-0.247186484534534	1	1511
43447	200	0.800000000000001 1.03535796948531 offset	offset=0.8	0.800000000000001	1.03535796948531	1	1555
43447	200	0.800000000000001 Inf offset	offset=0.8	0.800000000000001	Inf	1	1559
43447	200	1 -Inf offset	offset=1	1	-Inf	1	1603
43447	200	1 -4.58704105367987 offset	offset=1	1	-4.58704105367987	1	1599
43447	200	1 -4.09076502634595 offset	offset=1	1	-4.09076502634595	1	1595
43447	200	1 -3.74438179129489 offset	offset=1	1	-3.74438179129489	1	1591
43447	200	1 -3.29968223588422 offset	offset=1	1	-3.29968223588422	1	1587
43447	200	1 -2.92875185990134 offset	offset=1	1	-2.92875185990134	1	1583
43447	200	1 -2.64579712711966 offset	offset=1	1	-2.64579712711966	1	1579
43447	200	1 -2.524465240576 offset	offset=1	1	-2.524465240576	1	1575
43447	200	1 -1.92583299628681 offset	offset=1	1	-1.92583299628681	1	1571
43447	200	1 -1.19009496446978 offset	offset=1	1	-1.19009496446978	1	1567
43447	200	1 -0.347186484534534 offset	offset=1	1	-0.347186484534534	1	1563
43447	200	1 0.935357969485313 offset	offset=1	1	0.935357969485313	1	1607
43447	200	1 Inf offset	offset=1	1	Inf	1	1611
43447	200	1.2 -Inf offset	offset=1.2	1.2	-Inf	1	1655
43447	200	1.2 -4.78704105367987 offset	offset=1.2	1.2	-4.78704105367987	1	1651
43447	200	1.2 -4.19076502634595 offset	offset=1.2	1.2	-4.19076502634595	1	1647
43447	200	1.2 -3.84438179129489 offset	offset=1.2	1.2	-3.84438179129489	1	1643
43447	200	1.2 -3.39968223588422 offset	offset=1.2	1.2	-3.39968223588422	1	1639
43447	200	1.2 -3.02875185990134 offset	offset=1.2	1.2	-3.02875185990134	1	1635
43447	200	1.2 -2.74579712711966 offset	offset=1.2	1.2	-2.74579712711966	1	1631
43447	200	1.2 -2.524465240576 offset	offset=1.2	1.2	-2.524465240576	1	1627
43447	200	1.2 -2.02583299628681 offset	offset=1.2	1.2	-2.02583299628681	1	1623
43447	200	1.2 -1.29009496446978 offset	offset=1.2	1.2	-1.29009496446978	1	1619
43447	200	1.2 -0.447186484534534 offset	offset=1.2	1.2	-0.447186484534534	1	1615
43447	200	1.2 0.835357969485313 offset	offset=1.2	1.2	0.835357969485314	1	1659
43447	200	1.2 Inf offset	offset=1.2	1.2	Inf	1	1663
43447	200	1.4 -Inf offset	offset=1.4	1.4	-Inf	1	1707
43447	200	1.4 -4.98704105367987 offset	offset=1.4	1.4	-4.98704105367987	1	1703
43447	200	1.4 -4.29076502634595 offset	offset=1.4	1.4	-4.29076502634595	1	1699
43447	200	1.4 -3.94438179129489 offset	offset=1.4	1.4	-3.94438179129489	1	1695
43447	200	1.4 -3.49968223588422 offset	offset=1.4	1.4	-3.49968223588422	1	1691
43447	200	1.4 -3.12875185990134 offset	offset=1.4	1.4	-3.12875185990134	1	1687
43447	200	1.4 -2.84579712711966 offset	offset=1.4	1.4	-2.84579712711966	1	1683
43447	200	1.4 -2.524465240576 offset	offset=1.4	1.4	-2.524465240576	1	1679
43447	200	1.4 -2.12583299628681 offset	offset=1.4	1.4	-2.12583299628681	1	1675
43447	200	1.4 -1.39009496446978 offset	offset=1.4	1.4	-1.39009496446978	1	1671
43447	200	1.4 -0.547186484534534 offset	offset=1.4	1.4	-0.547186484534534	1	1667
43447	200	1.4 0.735357969485313 offset	offset=1.4	1.4	0.735357969485313	1	1711
43447	200	1.4 Inf offset	offset=1.4	1.4	Inf	1	1715
43447	200	1.6 -Inf offset	offset=1.6	1.6	-Inf	1	1759
43447	200	1.6 -5.18704105367987 offset	offset=1.6	1.6	-5.18704105367987	1	1755
43447	200	1.6 -4.39169083010477 offset	offset=1.6	1.6	-4.39169083010477	1	1751
43447	200	1.6 -4.04438179129489 offset	offset=1.6	1.6	-4.04438179129489	1	1747
43447	200	1.6 -3.67345141531201 offset	offset=1.6	1.6	-3.67345141531201	1	1743
43447	200	1.6 -3.22875185990134 offset	offset=1.6	1.6	-3.22875185990134	1	1739
43447	200	1.6 -2.87110214393305 offset	offset=1.6	1.6	-2.87110214393305	1	1735
43447	200	1.6 -2.524465240576 offset	offset=1.6	1.6	-2.524465240576	1	1731
43447	200	1.6 -2.22583299628681 offset	offset=1.6	1.6	-2.22583299628681	1	1727
43447	200	1.6 -1.49009496446978 offset	offset=1.6	1.6	-1.49009496446978	1	1723
43447	200	1.6 -0.647186484534535 offset	offset=1.6	1.6	-0.647186484534535	1	1719
43447	200	1.6 0.635357969485312 offset	offset=1.6	1.6	0.635357969485312	1	1763
43447	200	1.6 Inf offset	offset=1.6	1.6	Inf	1	1767
43447	200	1.8 -Inf offset	offset=1.8	1.8	-Inf	1	1811
43447	200	1.8 -5.38704105367987 offset	offset=1.8	1.8	-5.38704105367987	1	1807
43447	200	1.8 -4.59169083010477 offset	offset=1.8	1.8	-4.59169083010477	1	1803
43447	200	1.8 -4.14438179129489 offset	offset=1.8	1.8	-4.14438179129489	1	1799
43447	200	1.8 -3.77345141531201 offset	offset=1.8	1.8	-3.77345141531201	1	1795
43447	200	1.8 -3.32875185990134 offset	offset=1.8	1.8	-3.32875185990134	1	1791
43447	200	1.8 -2.87110214393305 offset	offset=1.8	1.8	-2.87110214393305	1	1787
43447	200	1.8 -2.524465240576 offset	offset=1.8	1.8	-2.524465240576	1	1783
43447	200	1.8 -2.32583299628681 offset	offset=1.8	1.8	-2.32583299628681	1	1779
43447	200	1.8 -1.59009496446978 offset	offset=1.8	1.8	-1.59009496446978	1	1775
43447	200	1.8 -0.747186484534534 offset	offset=1.8	1.8	-0.747186484534534	1	1771
43447	200	1.8 0.535357969485313 offset	offset=1.8	1.8	0.535357969485313	1	1815
43447	200	1.8 Inf offset	offset=1.8	1.8	Inf	1	1819
43447	200	2 -Inf offset	offset=2	2	-Inf	1	1863
43447	200	2 -5.58704105367987 offset	offset=2	2	-5.58704105367987	1	1859
43447	200	2 -4.79169083010477 offset	offset=2	2	-4.79169083010477	1	1855
43447	200	2 -4.24438179129489 offset	offset=2	2	-4.24438179129489	1	1851
43447	200	2 -3.87345141531201 offset	offset=2	2	-3.87345141531201	1	1847
43447	200	2 -3.42875185990134 offset	offset=2	2	-3.42875185990134	1	1843
43447	200	2 -2.87110214393305 offset	offset=2	2	-2.87110214393305	1	1839
43447	200	2 -2.524465240576 offset	offset=2	2	-2.524465240576	1	1835
43447	200	2 -2.42583299628681 offset	offset=2	2	-2.42583299628681	1	1831
43447	200	2 -1.69009496446978 offset	offset=2	2	-1.69009496446978	1	1827
43447	200	2 -0.847186484534534 offset	offset=2	2	-0.847186484534534	1	1823
43447	200	2 0.435357969485313 offset	offset=2	2	0.435357969485313	1	1867
43447	200	2 Inf offset	offset=2	2	Inf	1	1871
43447	200	2.2 -Inf offset	offset=2.2	2.2	-Inf	1	1915
43447	200	2.2 -5.78704105367987 offset	offset=2.2	2.2	-5.78704105367987	1	1911
43447	200	2.2 -4.99169083010477 offset	offset=2.2	2.2	-4.99169083010477	1	1907
43447	200	2.2 -4.34438179129489 offset	offset=2.2	2.2	-4.34438179129489	1	1903
43447	200	2.2 -3.97345141531201 offset	offset=2.2	2.2	-3.97345141531201	1	1899
43447	200	2.2 -3.52875185990134 offset	offset=2.2	2.2	-3.52875185990134	1	1895
43447	200	2.2 -2.87246989964386 offset	offset=2.2	2.2	-2.87246989964386	1	1891
43447	200	2.2 -2.58951516686218 offset	offset=2.2	2.2	-2.58951516686218	1	1887
43447	200	2.2 -2.524465240576 offset	offset=2.2	2.2	-2.524465240576	1	1883
43447	200	2.2 -1.7250450381836 offset	offset=2.2	2.2	-1.7250450381836	1	1879
43447	200	2.2 -0.947186484534534 offset	offset=2.2	2.2	-0.947186484534534	1	1875
43447	200	2.2 0.335357969485313 offset	offset=2.2	2.2	0.335357969485314	1	1919
43447	200	2.2 Inf offset	offset=2.2	2.2	Inf	1	1923
43447	200	2.4 -Inf offset	offset=2.4	2.4	-Inf	1	1967
43447	200	2.4 -5.98704105367987 offset	offset=2.4	2.4	-5.98704105367987	1	1963
43447	200	2.4 -5.19169083010477 offset	offset=2.4	2.4	-5.19169083010477	1	1959
43447	200	2.4 -4.47437721907083 offset	offset=2.4	2.4	-4.47437721907083	1	1955
43447	200	2.4 -4.07345141531201 offset	offset=2.4	2.4	-4.07345141531201	1	1951
43447	200	2.4 -3.5987564321254 offset	offset=2.4	2.4	-3.5987564321254	1	1947
43447	200	2.4 -2.97246989964386 offset	offset=2.4	2.4	-2.97246989964386	1	1943
43447	200	2.4 -2.68951516686218 offset	offset=2.4	2.4	-2.68951516686218	1	1939
43447	200	2.4 -2.524465240576 offset	offset=2.4	2.4	-2.524465240576	1	1935
43447	200	2.4 -1.78292451635157 offset	offset=2.4	2.4	-1.78292451635157	1	1931
43447	200	2.4 -1.04718648453453 offset	offset=2.4	2.4	-1.04718648453453	1	1927
43447	200	2.4 0.293237447653286 offset	offset=2.4	2.4	0.293237447653286	1	1971
43447	200	2.4 Inf offset	offset=2.4	2.4	Inf	1	1975
43447	200	2.6 -Inf offset	offset=2.6	2.6	-Inf	1	2019
43447	200	2.6 -6.18704105367987 offset	offset=2.6	2.6	-6.18704105367987	1	2015
43447	200	2.6 -5.39169083010477 offset	offset=2.6	2.6	-5.39169083010477	1	2011
43447	200	2.6 -4.67437721907083 offset	offset=2.6	2.6	-4.67437721907083	1	2007
43447	200	2.6 -4.17345141531201 offset	offset=2.6	2.6	-4.17345141531201	1	2003
43447	200	2.6 -3.5987564321254 offset	offset=2.6	2.6	-3.5987564321254	1	1999
43447	200	2.6 -3.07246989964386 offset	offset=2.6	2.6	-3.07246989964386	1	1995
43447	200	2.6 -2.78951516686218 offset	offset=2.6	2.6	-2.78951516686218	1	1991
43447	200	2.6 -2.524465240576 offset	offset=2.6	2.6	-2.524465240576	1	1987
43447	200	2.6 -1.88292451635157 offset	offset=2.6	2.6	-1.88292451635157	1	1983
43447	200	2.6 -1.14718648453453 offset	offset=2.6	2.6	-1.14718648453453	1	1979
43447	200	2.6 0.293237447653286 offset	offset=2.6	2.6	0.293237447653286	1	2023
43447	200	2.6 Inf offset	offset=2.6	2.6	Inf	1	2027
43447	200	2.8 -Inf offset	offset=2.8	2.8	-Inf	1	2071
43447	200	2.8 -6.38704105367987 offset	offset=2.8	2.8	-6.38704105367987	1	2067
43447	200	2.8 -5.59169083010477 offset	offset=2.8	2.8	-5.59169083010477	1	2063
43447	200	2.8 -4.87437721907083 offset	offset=2.8	2.8	-4.87437721907083	1	2059
43447	200	2.8 -4.27345141531201 offset	offset=2.8	2.8	-4.27345141531201	1	2055
43447	200	2.8 -3.61716945505453 offset	offset=2.8	2.8	-3.61716945505453	1	2051
43447	200	2.8 -3.17246989964386 offset	offset=2.8	2.8	-3.17246989964386	1	2047
43447	200	2.8 -2.87110214393305 offset	offset=2.8	2.8	-2.87110214393305	1	2043
43447	200	2.8 -2.524465240576 offset	offset=2.8	2.8	-2.524465240576	1	2039
43447	200	2.8 -1.98292451635157 offset	offset=2.8	2.8	-1.98292451635157	1	2035
43447	200	2.8 -1.24718648453453 offset	offset=2.8	2.8	-1.24718648453453	1	2031
43447	200	2.8 0.293237447653286 offset	offset=2.8	2.8	0.293237447653286	1	2075
43447	200	2.8 Inf offset	offset=2.8	2.8	Inf	1	2079
43447	200	3 -Inf offset	offset=3	3	-Inf	1	2123
43447	200	3 -6.58704105367987 offset	offset=3	3	-6.58704105367987	1	2119
43447	200	3 -5.79169083010477 offset	offset=3	3	-5.79169083010477	1	2115
43447	200	3 -5.07437721907083 offset	offset=3	3	-5.07437721907083	1	2111
43447	200	3 -4.37345141531201 offset	offset=3	3	-4.37345141531201	1	2107
43447	200	3 -3.71716945505453 offset	offset=3	3	-3.71716945505453	1	2103
43447	200	3 -3.27246989964386 offset	offset=3	3	-3.27246989964386	1	2099
43447	200	3 -2.87110214393305 offset	offset=3	3	-2.87110214393305	1	2095
43447	200	3 -2.524465240576 offset	offset=3	3	-2.524465240576	1	2091
43447	200	3 -2.08292451635157 offset	offset=3	3	-2.08292451635157	1	2087
43447	200	3 -1.34718648453453 offset	offset=3	3	-1.34718648453453	1	2083
43447	200	3 0.293237447653286 offset	offset=3	3	0.293237447653286	1	2127
43447	200	3 Inf offset	offset=3	3	Inf	1	2131
43447	200	3.2 -Inf offset	offset=3.2	3.2	-Inf	1	2175
43447	200	3.2 -6.78704105367987 offset	offset=3.2	3.2	-6.78704105367987	1	2171
43447	200	3.2 -5.99169083010477 offset	offset=3.2	3.2	-5.99169083010477	1	2167
43447	200	3.2 -5.27437721907083 offset	offset=3.2	3.2	-5.27437721907083	1	2163
43447	200	3.2 -4.47345141531201 offset	offset=3.2	3.2	-4.47345141531201	1	2159
43447	200	3.2 -3.81716945505453 offset	offset=3.2	3.2	-3.81716945505453	1	2155
43447	200	3.2 -3.37246989964386 offset	offset=3.2	3.2	-3.37246989964386	1	2151
43447	200	3.2 -2.87110214393305 offset	offset=3.2	3.2	-2.87110214393305	1	2147
43447	200	3.2 -2.524465240576 offset	offset=3.2	3.2	-2.524465240576	1	2143
43447	200	3.2 -2.18292451635157 offset	offset=3.2	3.2	-2.18292451635157	1	2139
43447	200	3.2 -1.44718648453453 offset	offset=3.2	3.2	-1.44718648453453	1	2135
43447	200	3.2 0.293237447653286 offset	offset=3.2	3.2	0.293237447653286	1	2179
43447	200	3.2 Inf offset	offset=3.2	3.2	Inf	1	2183
43447	200	3.4 -Inf offset	offset=3.4	3.4	-Inf	1	2227
43447	200	3.4 -6.98704105367987 offset	offset=3.4	3.4	-6.98704105367987	1	2223
43447	200	3.4 -6.19169083010477 offset	offset=3.4	3.4	-6.19169083010477	1	2219
43447	200	3.4 -5.47437721907083 offset	offset=3.4	3.4	-5.47437721907083	1	2215
43447	200	3.4 -4.57345141531201 offset	offset=3.4	3.4	-4.57345141531201	1	2211
43447	200	3.4 -3.91716945505453 offset	offset=3.4	3.4	-3.91716945505453	1	2207
43447	200	3.4 -3.47246989964386 offset	offset=3.4	3.4	-3.47246989964386	1	2203
43447	200	3.4 -2.87110214393305 offset	offset=3.4	3.4	-2.87110214393305	1	2199
43447	200	3.4 -2.524465240576 offset	offset=3.4	3.4	-2.524465240576	1	2195
43447	200	3.4 -2.28292451635157 offset	offset=3.4	3.4	-2.28292451635157	1	2191
43447	200	3.4 -1.54718648453453 offset	offset=3.4	3.4	-1.54718648453453	1	2187
43447	200	3.4 0.293237447653286 offset	offset=3.4	3.4	0.293237447653286	1	2231
43447	200	3.4 Inf offset	offset=3.4	3.4	Inf	1	2235
43447	200	3.6 -Inf offset	offset=3.6	3.6	-Inf	1	2279
43447	200	3.6 -7.18704105367987 offset	offset=3.6	3.6	-7.18704105367987	1	2275
43447	200	3.6 -6.39169083010477 offset	offset=3.6	3.6	-6.39169083010477	1	2271
43447	200	3.6 -5.67437721907083 offset	offset=3.6	3.6	-5.67437721907083	1	2267
43447	200	3.6 -4.67345141531201 offset	offset=3.6	3.6	-4.67345141531201	1	2263
43447	200	3.6 -4.01716945505453 offset	offset=3.6	3.6	-4.01716945505453	1	2259
43447	200	3.6 -3.57246989964386 offset	offset=3.6	3.6	-3.57246989964386	1	2255
43447	200	3.6 -2.87110214393305 offset	offset=3.6	3.6	-2.87110214393305	1	2251
43447	200	3.6 -2.524465240576 offset	offset=3.6	3.6	-2.524465240576	1	2247
43447	200	3.6 -2.38292451635157 offset	offset=3.6	3.6	-2.38292451635157	1	2243
43447	200	3.6 -1.64718648453453 offset	offset=3.6	3.6	-1.64718648453453	1	2239
43447	200	3.6 0.293237447653286 offset	offset=3.6	3.6	0.293237447653286	1	2283
43447	200	3.6 Inf offset	offset=3.6	3.6	Inf	1	2287
43447	200	3.8 -Inf offset	offset=3.8	3.8	-Inf	1	2331
43447	200	3.8 -7.38704105367987 offset	offset=3.8	3.8	-7.38704105367987	1	2327
43447	200	3.8 -6.59169083010477 offset	offset=3.8	3.8	-6.59169083010477	1	2323
43447	200	3.8 -5.87437721907083 offset	offset=3.8	3.8	-5.87437721907083	1	2319
43447	200	3.8 -4.84716488283047 offset	offset=3.8	3.8	-4.84716488283047	1	2315
43447	200	3.8 -4.11716945505453 offset	offset=3.8	3.8	-4.11716945505453	1	2311
43447	200	3.8 -3.5987564321254 offset	offset=3.8	3.8	-3.5987564321254	1	2307
43447	200	3.8 -2.87110214393305 offset	offset=3.8	3.8	-2.87110214393305	1	2303
43447	200	3.8 -2.54660668692694 offset	offset=3.8	3.8	-2.54660668692694	1	2299
43447	200	3.8 -2.48292451635157 offset	offset=3.8	3.8	-2.48292451635157	1	2295
43447	200	3.8 -1.7250450381836 offset	offset=3.8	3.8	-1.7250450381836	1	2291
43447	200	3.8 0.293237447653286 offset	offset=3.8	3.8	0.293237447653286	1	2335
43447	200	3.8 Inf offset	offset=3.8	3.8	Inf	1	2339
43447	200	4 -Inf offset	offset=4	4	-Inf	1	2383
43447	200	4 -7.58704105367987 offset	offset=4	4	-7.58704105367987	1	2379
43447	200	4 -6.79169083010477 offset	offset=4	4	-6.79169083010477	1	2375
43447	200	4 -6.07437721907083 offset	offset=4	4	-6.07437721907083	1	2371
43447	200	4 -5.04716488283047 offset	offset=4	4	-5.04716488283047	1	2367
43447	200	4 -4.21716945505453 offset	offset=4	4	-4.21716945505453	1	2363
43447	200	4 -3.5987564321254 offset	offset=4	4	-3.5987564321254	1	2359
43447	200	4 -2.92956141970862 offset	offset=4	4	-2.92956141970862	1	2355
43447	200	4 -2.64660668692694 offset	offset=4	4	-2.64660668692694	1	2351
43447	200	4 -2.524465240576 offset	offset=4	4	-2.524465240576	1	2347
43447	200	4 -1.7250450381836 offset	offset=4	4	-1.7250450381836	1	2343
43447	200	4 0.293237447653286 offset	offset=4	4	0.293237447653286	1	2387
43447	200	4 Inf offset	offset=4	4	Inf	1	2391
43447	200	4.2 -Inf offset	offset=4.2	4.2	-Inf	1	2435
43447	200	4.2 -7.78704105367987 offset	offset=4.2	4.2	-7.78704105367987	1	2431
43447	200	4.2 -6.99169083010477 offset	offset=4.2	4.2	-6.99169083010477	1	2427
43447	200	4.2 -6.27437721907083 offset	offset=4.2	4.2	-6.27437721907083	1	2423
43447	200	4.2 -5.24716488283047 offset	offset=4.2	4.2	-5.24716488283047	1	2419
43447	200	4.2 -4.31716945505453 offset	offset=4.2	4.2	-4.31716945505453	1	2415
43447	200	4.2 -3.5987564321254 offset	offset=4.2	4.2	-3.5987564321254	1	2411
43447	200	4.2 -3.02956141970862 offset	offset=4.2	4.2	-3.02956141970862	1	2407
43447	200	4.2 -2.74660668692694 offset	offset=4.2	4.2	-2.74660668692694	1	2403
43447	200	4.2 -2.524465240576 offset	offset=4.2	4.2	-2.524465240576	1	2399
43447	200	4.2 -1.7250450381836 offset	offset=4.2	4.2	-1.7250450381836	1	2395
43447	200	4.2 0.293237447653286 offset	offset=4.2	4.2	0.293237447653286	1	2439
43447	200	4.2 Inf offset	offset=4.2	4.2	Inf	1	2443
43447	200	4.4 -Inf offset	offset=4.4	4.4	-Inf	1	2487
43447	200	4.4 -7.98704105367987 offset	offset=4.4	4.4	-7.98704105367987	1	2483
43447	200	4.4 -7.19169083010477 offset	offset=4.4	4.4	-7.19169083010477	1	2479
43447	200	4.4 -6.47437721907083 offset	offset=4.4	4.4	-6.47437721907083	1	2475
43447	200	4.4 -5.44716488283047 offset	offset=4.4	4.4	-5.44716488283047	1	2471
43447	200	4.4 -4.41716945505453 offset	offset=4.4	4.4	-4.41716945505453	1	2467
43447	200	4.4 -3.5987564321254 offset	offset=4.4	4.4	-3.5987564321254	1	2463
43447	200	4.4 -3.12956141970862 offset	offset=4.4	4.4	-3.12956141970862	1	2459
43447	200	4.4 -2.84660668692694 offset	offset=4.4	4.4	-2.84660668692694	1	2455
43447	200	4.4 -2.524465240576 offset	offset=4.4	4.4	-2.524465240576	1	2451
43447	200	4.4 -1.7250450381836 offset	offset=4.4	4.4	-1.7250450381836	1	2447
43447	200	4.4 0.293237447653286 offset	offset=4.4	4.4	0.293237447653286	1	2491
43447	200	4.4 Inf offset	offset=4.4	4.4	Inf	1	2495
43447	200	4.6 -Inf offset	offset=4.6	4.6	-Inf	1	2539
43447	200	4.6 -8.18704105367987 offset	offset=4.6	4.6	-8.18704105367987	1	2535
43447	200	4.6 -7.39169083010477 offset	offset=4.6	4.6	-7.39169083010477	1	2531
43447	200	4.6 -6.67437721907083 offset	offset=4.6	4.6	-6.67437721907083	1	2527
43447	200	4.6 -5.64716488283047 offset	offset=4.6	4.6	-5.64716488283047	1	2523
43447	200	4.6 -4.51716945505453 offset	offset=4.6	4.6	-4.51716945505453	1	2519
43447	200	4.6 -3.67426097511929 offset	offset=4.6	4.6	-3.67426097511929	1	2515
43447	200	4.6 -3.22956141970862 offset	offset=4.6	4.6	-3.22956141970862	1	2511
43447	200	4.6 -2.87110214393305 offset	offset=4.6	4.6	-2.87110214393305	1	2507
43447	200	4.6 -2.524465240576 offset	offset=4.6	4.6	-2.524465240576	1	2503
43447	200	4.6 -1.7250450381836 offset	offset=4.6	4.6	-1.7250450381836	1	2499
43447	200	4.6 0.293237447653286 offset	offset=4.6	4.6	0.293237447653286	1	2543
43447	200	4.6 Inf offset	offset=4.6	4.6	Inf	1	2547
43447	200	4.8 -Inf offset	offset=4.8	4.8	-Inf	1	2591
43447	200	4.8 -8.38704105367987 offset	offset=4.8	4.8	-8.38704105367987	1	2587
43447	200	4.8 -7.59169083010477 offset	offset=4.8	4.8	-7.59169083010477	1	2583
43447	200	4.8 -6.87437721907083 offset	offset=4.8	4.8	-6.87437721907083	1	2579
43447	200	4.8 -5.84716488283047 offset	offset=4.8	4.8	-5.84716488283047	1	2575
43447	200	4.8 -4.61716945505453 offset	offset=4.8	4.8	-4.61716945505453	1	2571
43447	200	4.8 -3.77426097511929 offset	offset=4.8	4.8	-3.77426097511929	1	2567
43447	200	4.8 -3.32956141970862 offset	offset=4.8	4.8	-3.32956141970862	1	2563
43447	200	4.8 -2.87110214393305 offset	offset=4.8	4.8	-2.87110214393305	1	2559
43447	200	4.8 -2.524465240576 offset	offset=4.8	4.8	-2.524465240576	1	2555
43447	200	4.8 -1.7250450381836 offset	offset=4.8	4.8	-1.7250450381836	1	2551
43447	200	4.8 0.293237447653286 offset	offset=4.8	4.8	0.293237447653286	1	2595
43447	200	4.8 Inf offset	offset=4.8	4.8	Inf	1	2599
43447	200	5 -Inf offset	offset=5	5	-Inf	1	2643
43447	200	5 -8.58704105367987 offset	offset=5	5	-8.58704105367987	1	2639
43447	200	5 -7.79169083010477 offset	offset=5	5	-7.79169083010477	1	2635
43447	200	5 -7.07437721907083 offset	offset=5	5	-7.07437721907083	1	2631
43447	200	5 -6.04716488283047 offset	offset=5	5	-6.04716488283047	1	2627
43447	200	5 -4.71716945505453 offset	offset=5	5	-4.71716945505453	1	2623
43447	200	5 -3.87426097511929 offset	offset=5	5	-3.87426097511929	1	2619
43447	200	5 -3.42956141970862 offset	offset=5	5	-3.42956141970862	1	2615
43447	200	5 -2.87110214393305 offset	offset=5	5	-2.87110214393305	1	2611
43447	200	5 -2.524465240576 offset	offset=5	5	-2.524465240576	1	2607
43447	200	5 -1.7250450381836 offset	offset=5	5	-1.7250450381836	1	2603
43447	200	5 0.293237447653286 offset	offset=5	5	0.293237447653286	1	2647
43447	200	5 Inf offset	offset=5	5	Inf	1	2651
43447	175	-5 -Inf thresh	thresh=-Inf	-5	-Inf	1	1272
43447	175	-5 -3.5987564321254 thresh	thresh=-3.6	-5	-3.5987564321254	1	1268
43447	175	-5 -2.87110214393305 thresh	thresh=-2.9	-5	-2.87110214393305	1	1264
43447	175	-5 -2.524465240576 thresh	thresh=-2.5	-5	-2.524465240576	1	1260
43447	175	-5 -1.7250450381836 thresh	thresh=-1.7	-5	-1.7250450381836	1	1256
43447	175	-5 -0.0126575242852369 thresh	thresh=0	-5	-0.0126575242852369	1	1252
43447	175	-5 1.26988692973461 thresh	thresh=1.3	-5	1.26988692973461	1	1276
43447	175	-5 1.71885391825865 thresh	thresh=1.7	-5	1.71885391825865	1	1280
43447	175	-5 2.20830916989523 thresh	thresh=2.2	-5	2.20830916989523	1	1284
43447	175	-5 2.92562278092917 thresh	thresh=2.9	-5	2.92562278092917	1	1288
43447	175	-5 3.95283511716953 thresh	thresh=4	-5	3.95283511716953	1	1292
43447	175	-5 5.45202555736225 thresh	thresh=5.5	-5	5.45202555736225	1	1296
43447	175	-5 Inf thresh	thresh=Inf	-5	Inf	1	1300
43447	175	-4.8 -Inf thresh	thresh=-Inf	-4.8	-Inf	1	1220
43447	175	-4.8 -3.5987564321254 thresh	thresh=-3.6	-4.8	-3.5987564321254	1	1216
43447	175	-4.8 -2.87110214393305 thresh	thresh=-2.9	-4.8	-2.87110214393305	1	1212
43447	175	-4.8 -2.524465240576 thresh	thresh=-2.5	-4.8	-2.524465240576	1	1208
43447	175	-4.8 -1.7250450381836 thresh	thresh=-1.7	-4.8	-1.7250450381836	1	1204
43447	175	-4.8 -0.112657524285237 thresh	thresh=-0.1	-4.8	-0.112657524285237	1	1200
43447	175	-4.8 1.16988692973461 thresh	thresh=1.2	-4.8	1.16988692973461	1	1224
43447	175	-4.8 1.61885391825865 thresh	thresh=1.6	-4.8	1.61885391825865	1	1228
43447	175	-4.8 2.00830916989523 thresh	thresh=2	-4.8	2.00830916989523	1	1232
43447	175	-4.8 2.72562278092917 thresh	thresh=2.7	-4.8	2.72562278092917	1	1236
43447	175	-4.8 3.75283511716953 thresh	thresh=3.8	-4.8	3.75283511716953	1	1240
43447	175	-4.8 5.25202555736225 thresh	thresh=5.3	-4.8	5.25202555736225	1	1244
43447	175	-4.8 Inf thresh	thresh=Inf	-4.8	Inf	1	1248
43447	175	-4.6 -Inf thresh	thresh=-Inf	-4.6	-Inf	1	1168
43447	175	-4.6 -3.5987564321254 thresh	thresh=-3.6	-4.6	-3.5987564321254	1	1164
43447	175	-4.6 -2.87110214393305 thresh	thresh=-2.9	-4.6	-2.87110214393305	1	1160
43447	175	-4.6 -2.524465240576 thresh	thresh=-2.5	-4.6	-2.524465240576	1	1156
43447	175	-4.6 -1.7250450381836 thresh	thresh=-1.7	-4.6	-1.7250450381836	1	1152
43447	175	-4.6 -0.212657524285237 thresh	thresh=-0.2	-4.6	-0.212657524285237	1	1148
43447	175	-4.6 1.01295894632013 thresh	thresh=1	-4.6	1.01295894632013	1	1172
43447	175	-4.6 1.51885391825865 thresh	thresh=1.5	-4.6	1.51885391825865	1	1176
43447	175	-4.6 1.86523715330971 thresh	thresh=1.9	-4.6	1.86523715330971	1	1180
43447	175	-4.6 2.52562278092917 thresh	thresh=2.5	-4.6	2.52562278092917	1	1184
43447	175	-4.6 3.55283511716953 thresh	thresh=3.6	-4.6	3.55283511716953	1	1188
43447	175	-4.6 5.05202555736225 thresh	thresh=5.1	-4.6	5.05202555736225	1	1192
43447	175	-4.6 Inf thresh	thresh=Inf	-4.6	Inf	1	1196
43447	175	-4.4 -Inf thresh	thresh=-Inf	-4.4	-Inf	1	1116
43447	175	-4.4 -3.5987564321254 thresh	thresh=-3.6	-4.4	-3.5987564321254	1	1112
43447	175	-4.4 -2.87110214393305 thresh	thresh=-2.9	-4.4	-2.87110214393305	1	1108
43447	175	-4.4 -2.524465240576 thresh	thresh=-2.5	-4.4	-2.524465240576	1	1104
43447	175	-4.4 -1.7250450381836 thresh	thresh=-1.7	-4.4	-1.7250450381836	1	1100
43447	175	-4.4 -0.312657524285237 thresh	thresh=-0.3	-4.4	-0.312657524285237	1	1096
43447	175	-4.4 0.812958946320131 thresh	thresh=0.8	-4.4	0.812958946320131	1	1120
43447	175	-4.4 1.41885391825865 thresh	thresh=1.4	-4.4	1.41885391825865	1	1124
43447	175	-4.4 1.76523715330971 thresh	thresh=1.8	-4.4	1.76523715330971	1	1128
43447	175	-4.4 2.32562278092917 thresh	thresh=2.3	-4.4	2.32562278092917	1	1132
43447	175	-4.4 3.35283511716953 thresh	thresh=3.4	-4.4	3.35283511716953	1	1136
43447	175	-4.4 4.85202555736225 thresh	thresh=4.9	-4.4	4.85202555736225	1	1140
43447	175	-4.4 Inf thresh	thresh=Inf	-4.4	Inf	1	1144
43447	175	-4.2 -Inf thresh	thresh=-Inf	-4.2	-Inf	1	1064
43447	175	-4.2 -3.5987564321254 thresh	thresh=-3.6	-4.2	-3.5987564321254	1	1060
43447	175	-4.2 -2.87110214393305 thresh	thresh=-2.9	-4.2	-2.87110214393305	1	1056
43447	175	-4.2 -2.524465240576 thresh	thresh=-2.5	-4.2	-2.524465240576	1	1052
43447	175	-4.2 -1.7250450381836 thresh	thresh=-1.7	-4.2	-1.7250450381836	1	1048
43447	175	-4.2 -0.412657524285237 thresh	thresh=-0.4	-4.2	-0.412657524285237	1	1044
43447	175	-4.2 0.612958946320131 thresh	thresh=0.6	-4.2	0.612958946320131	1	1068
43447	175	-4.2 1.31885391825865 thresh	thresh=1.3	-4.2	1.31885391825865	1	1072
43447	175	-4.2 1.66523715330971 thresh	thresh=1.7	-4.2	1.66523715330971	1	1076
43447	175	-4.2 2.12562278092917 thresh	thresh=2.1	-4.2	2.12562278092917	1	1080
43447	175	-4.2 3.15283511716953 thresh	thresh=3.2	-4.2	3.15283511716953	1	1084
43447	175	-4.2 4.65202555736225 thresh	thresh=4.7	-4.2	4.65202555736225	1	1088
43447	175	-4.2 Inf thresh	thresh=Inf	-4.2	Inf	1	1092
43447	175	-4 -Inf thresh	thresh=-Inf	-4	-Inf	1	1012
43447	175	-4 -3.5987564321254 thresh	thresh=-3.6	-4	-3.5987564321254	1	1008
43447	175	-4 -2.87110214393305 thresh	thresh=-2.9	-4	-2.87110214393305	1	1004
43447	175	-4 -2.524465240576 thresh	thresh=-2.5	-4	-2.524465240576	1	1000
43447	175	-4 -1.7250450381836 thresh	thresh=-1.7	-4	-1.7250450381836	1	996
43447	175	-4 -0.512657524285237 thresh	thresh=-0.5	-4	-0.512657524285237	1	992
43447	175	-4 0.412958946320131 thresh	thresh=0.4	-4	0.412958946320131	1	1016
43447	175	-4 1.20830916989523 thresh	thresh=1.2	-4	1.20830916989523	1	1020
43447	175	-4 1.56523715330971 thresh	thresh=1.6	-4	1.56523715330971	1	1024
43447	175	-4 1.9361675292926 thresh	thresh=1.9	-4	1.9361675292926	1	1028
43447	175	-4 2.95283511716953 thresh	thresh=3	-4	2.95283511716953	1	1032
43447	175	-4 4.45202555736225 thresh	thresh=4.5	-4	4.45202555736225	1	1036
43447	175	-4 Inf thresh	thresh=Inf	-4	Inf	1	1040
43447	175	-3.8 -Inf thresh	thresh=-Inf	-3.8	-Inf	1	960
43447	175	-3.8 -3.5987564321254 thresh	thresh=-3.6	-3.8	-3.5987564321254	1	956
43447	175	-3.8 -2.87110214393305 thresh	thresh=-2.9	-3.8	-2.87110214393305	1	952
43447	175	-3.8 -2.524465240576 thresh	thresh=-2.5	-3.8	-2.524465240576	1	948
43447	175	-3.8 -1.7250450381836 thresh	thresh=-1.7	-3.8	-1.7250450381836	1	944
43447	175	-3.8 -0.612657524285237 thresh	thresh=-0.6	-3.8	-0.612657524285237	1	940
43447	175	-3.8 0.212958946320131 thresh	thresh=0.2	-3.8	0.212958946320131	1	964
43447	175	-3.8 1.00830916989523 thresh	thresh=1	-3.8	1.00830916989523	1	968
43447	175	-3.8 1.46523715330971 thresh	thresh=1.5	-3.8	1.46523715330971	1	972
43447	175	-3.8 1.8361675292926 thresh	thresh=1.8	-3.8	1.8361675292926	1	976
43447	175	-3.8 2.75283511716953 thresh	thresh=2.8	-3.8	2.75283511716953	1	980
43447	175	-3.8 4.25202555736225 thresh	thresh=4.3	-3.8	4.25202555736225	1	984
43447	175	-3.8 Inf thresh	thresh=Inf	-3.8	Inf	1	988
43447	175	-3.6 -Inf thresh	thresh=-Inf	-3.6	-Inf	1	908
43447	175	-3.6 -3.5987564321254 thresh	thresh=-3.6	-3.6	-3.5987564321254	1	904
43447	175	-3.6 -2.87110214393305 thresh	thresh=-2.9	-3.6	-2.87110214393305	1	900
43447	175	-3.6 -2.524465240576 thresh	thresh=-2.5	-3.6	-2.524465240576	1	896
43447	175	-3.6 -1.7250450381836 thresh	thresh=-1.7	-3.6	-1.7250450381836	1	892
43447	175	-3.6 -0.712657524285237 thresh	thresh=-0.7	-3.6	-0.712657524285237	1	888
43447	175	-3.6 0.0129589463201305 thresh	thresh=0	-3.6	0.0129589463201305	1	912
43447	175	-3.6 0.808309169895229 thresh	thresh=0.8	-3.6	0.808309169895229	1	916
43447	175	-3.6 1.36523715330971 thresh	thresh=1.4	-3.6	1.36523715330971	1	920
43447	175	-3.6 1.7361675292926 thresh	thresh=1.7	-3.6	1.7361675292926	1	924
43447	175	-3.6 2.55283511716953 thresh	thresh=2.6	-3.6	2.55283511716953	1	928
43447	175	-3.6 4.05202555736225 thresh	thresh=4.1	-3.6	4.05202555736225	1	932
43447	175	-3.6 Inf thresh	thresh=Inf	-3.6	Inf	1	936
43447	175	-3.4 -Inf thresh	thresh=-Inf	-3.4	-Inf	1	860
43447	175	-3.4 -3.5987564321254 thresh	thresh=-3.6	-3.4	-3.5987564321254	1	856
43447	175	-3.4 -2.87110214393305 thresh	thresh=-2.9	-3.4	-2.87110214393305	1	852
43447	175	-3.4 -2.524465240576 thresh	thresh=-2.5	-3.4	-2.524465240576	1	848
43447	175	-3.4 -1.7250450381836 thresh	thresh=-1.7	-3.4	-1.7250450381836	1	844
43447	175	-3.4 -0.812657524285237 thresh	thresh=-0.8	-3.4	-0.812657524285237	1	840
43447	175	-3.4 -0.187041053679869 thresh	thresh=-0.2	-3.4	-0.187041053679869	1	836
43447	175	-3.4 0.60830916989523 thresh	thresh=0.6	-3.4	0.60830916989523	1	864
43447	175	-3.4 1.26523715330971 thresh	thresh=1.3	-3.4	1.26523715330971	1	868
43447	175	-3.4 1.6361675292926 thresh	thresh=1.6	-3.4	1.6361675292926	1	872
43447	175	-3.4 2.35283511716953 thresh	thresh=2.4	-3.4	2.35283511716953	1	876
43447	175	-3.4 3.85202555736225 thresh	thresh=3.9	-3.4	3.85202555736225	1	880
43447	175	-3.4 Inf thresh	thresh=Inf	-3.4	Inf	1	884
43447	175	-3.2 -Inf thresh	thresh=-Inf	-3.2	-Inf	1	808
43447	175	-3.2 -3.5987564321254 thresh	thresh=-3.6	-3.2	-3.5987564321254	1	804
43447	175	-3.2 -2.87110214393305 thresh	thresh=-2.9	-3.2	-2.87110214393305	1	800
43447	175	-3.2 -2.524465240576 thresh	thresh=-2.5	-3.2	-2.524465240576	1	796
43447	175	-3.2 -1.7250450381836 thresh	thresh=-1.7	-3.2	-1.7250450381836	1	792
43447	175	-3.2 -0.912657524285237 thresh	thresh=-0.9	-3.2	-0.912657524285237	1	788
43447	175	-3.2 -0.387041053679869 thresh	thresh=-0.4	-3.2	-0.387041053679869	1	784
43447	175	-3.2 0.40830916989523 thresh	thresh=0.4	-3.2	0.408309169895229	1	812
43447	175	-3.2 1.12562278092917 thresh	thresh=1.1	-3.2	1.12562278092917	1	816
43447	175	-3.2 1.5361675292926 thresh	thresh=1.5	-3.2	1.5361675292926	1	820
43447	175	-3.2 2.19244948955007 thresh	thresh=2.2	-3.2	2.19244948955007	1	824
43447	175	-3.2 3.65202555736225 thresh	thresh=3.7	-3.2	3.65202555736225	1	828
43447	175	-3.2 Inf thresh	thresh=Inf	-3.2	Inf	1	832
43447	175	-3 -Inf thresh	thresh=-Inf	-3	-Inf	1	756
43447	175	-3 -3.5987564321254 thresh	thresh=-3.6	-3	-3.5987564321254	1	752
43447	175	-3 -2.87110214393305 thresh	thresh=-2.9	-3	-2.87110214393305	1	748
43447	175	-3 -2.524465240576 thresh	thresh=-2.5	-3	-2.524465240576	1	744
43447	175	-3 -1.74839555610227 thresh	thresh=-1.7	-3	-1.74839555610227	1	740
43447	175	-3 -1.01265752428524 thresh	thresh=-1	-3	-1.01265752428524	1	736
43447	175	-3 -0.563690535761193 thresh	thresh=-0.6	-3	-0.563690535761193	1	732
43447	175	-3 0.208309169895229 thresh	thresh=0.2	-3	0.208309169895229	1	760
43447	175	-3 0.925622780929171 thresh	thresh=0.9	-3	0.925622780929171	1	764
43447	175	-3 1.4361675292926 thresh	thresh=1.4	-3	1.4361675292926	1	768
43447	175	-3 2.09244948955007 thresh	thresh=2.1	-3	2.09244948955007	1	772
43447	175	-3 3.45202555736225 thresh	thresh=3.5	-3	3.45202555736225	1	776
43447	175	-3 Inf thresh	thresh=Inf	-3	Inf	1	780
43447	175	-2.8 -Inf thresh	thresh=-Inf	-2.8	-Inf	1	704
43447	175	-2.8 -3.5987564321254 thresh	thresh=-3.6	-2.8	-3.5987564321254	1	700
43447	175	-2.8 -2.87110214393305 thresh	thresh=-2.9	-2.8	-2.87110214393305	1	696
43447	175	-2.8 -2.524465240576 thresh	thresh=-2.5	-2.8	-2.524465240576	1	692
43447	175	-2.8 -1.84839555610227 thresh	thresh=-1.8	-2.8	-1.84839555610227	1	688
43447	175	-2.8 -1.11265752428524 thresh	thresh=-1.1	-2.8	-1.11265752428524	1	684
43447	175	-2.8 -0.663690535761193 thresh	thresh=-0.7	-2.8	-0.663690535761193	1	680
43447	175	-2.8 0.00830916989522912 thresh	thresh=0	-2.8	0.00830916989522912	1	708
43447	175	-2.8 0.725622780929171 thresh	thresh=0.7	-2.8	0.725622780929171	1	712
43447	175	-2.8 1.3361675292926 thresh	thresh=1.3	-2.8	1.3361675292926	1	716
43447	175	-2.8 1.99244948955007 thresh	thresh=2	-2.8	1.99244948955007	1	720
43447	175	-2.8 3.25202555736225 thresh	thresh=3.3	-2.8	3.25202555736225	1	724
43447	175	-2.8 Inf thresh	thresh=Inf	-2.8	Inf	1	728
43447	175	-2.6 -Inf thresh	thresh=-Inf	-2.6	-Inf	1	656
43447	175	-2.6 -3.5987564321254 thresh	thresh=-3.6	-2.6	-3.5987564321254	1	652
43447	175	-2.6 -2.87110214393305 thresh	thresh=-2.9	-2.6	-2.87110214393305	1	648
43447	175	-2.6 -2.524465240576 thresh	thresh=-2.5	-2.6	-2.524465240576	1	644
43447	175	-2.6 -1.94839555610227 thresh	thresh=-1.9	-2.6	-1.94839555610227	1	640
43447	175	-2.6 -1.21265752428524 thresh	thresh=-1.2	-2.6	-1.21265752428524	1	636
43447	175	-2.6 -0.763690535761193 thresh	thresh=-0.8	-2.6	-0.763690535761193	1	632
43447	175	-2.6 -0.191690830104771 thresh	thresh=-0.2	-2.6	-0.191690830104771	1	628
43447	175	-2.6 0.52562278092917 thresh	thresh=0.5	-2.6	0.525622780929171	1	660
43447	175	-2.6 1.2361675292926 thresh	thresh=1.2	-2.6	1.2361675292926	1	664
43447	175	-2.6 1.89244948955007 thresh	thresh=1.9	-2.6	1.89244948955007	1	668
43447	175	-2.6 3.05202555736225 thresh	thresh=3.1	-2.6	3.05202555736225	1	672
43447	175	-2.6 Inf thresh	thresh=Inf	-2.6	Inf	1	676
43447	175	-2.4 -Inf thresh	thresh=-Inf	-2.4	-Inf	1	604
43447	175	-2.4 -3.5987564321254 thresh	thresh=-3.6	-2.4	-3.5987564321254	1	600
43447	175	-2.4 -2.87110214393305 thresh	thresh=-2.9	-2.4	-2.87110214393305	1	596
43447	175	-2.4 -2.524465240576 thresh	thresh=-2.5	-2.4	-2.524465240576	1	592
43447	175	-2.4 -2.04839555610227 thresh	thresh=-2	-2.4	-2.04839555610227	1	588
43447	175	-2.4 -1.31265752428524 thresh	thresh=-1.3	-2.4	-1.31265752428524	1	584
43447	175	-2.4 -0.863690535761193 thresh	thresh=-0.9	-2.4	-0.863690535761193	1	580
43447	175	-2.4 -0.39169083010477 thresh	thresh=-0.4	-2.4	-0.39169083010477	1	576
43447	175	-2.4 0.325622780929171 thresh	thresh=0.3	-2.4	0.325622780929171	1	608
43447	175	-2.4 1.1361675292926 thresh	thresh=1.1	-2.4	1.1361675292926	1	612
43447	175	-2.4 1.79244948955007 thresh	thresh=1.8	-2.4	1.79244948955007	1	616
43447	175	-2.4 2.85202555736225 thresh	thresh=2.9	-2.4	2.85202555736225	1	620
43447	175	-2.4 Inf thresh	thresh=Inf	-2.4	Inf	1	624
43447	175	-2.2 -Inf thresh	thresh=-Inf	-2.2	-Inf	1	552
43447	175	-2.2 -3.5987564321254 thresh	thresh=-3.6	-2.2	-3.5987564321254	1	548
43447	175	-2.2 -2.87110214393305 thresh	thresh=-2.9	-2.2	-2.87110214393305	1	544
43447	175	-2.2 -2.524465240576 thresh	thresh=-2.5	-2.2	-2.524465240576	1	540
43447	175	-2.2 -2.14839555610227 thresh	thresh=-2.1	-2.2	-2.14839555610227	1	536
43447	175	-2.2 -1.41265752428524 thresh	thresh=-1.4	-2.2	-1.41265752428524	1	532
43447	175	-2.2 -0.963690535761193 thresh	thresh=-1	-2.2	-0.963690535761193	1	528
43447	175	-2.2 -0.591690830104771 thresh	thresh=-0.6	-2.2	-0.591690830104771	1	524
43447	175	-2.2 0.12562278092917 thresh	thresh=0.1	-2.2	0.12562278092917	1	556
43447	175	-2.2 1.0361675292926 thresh	thresh=1	-2.2	1.0361675292926	1	560
43447	175	-2.2 1.69244948955007 thresh	thresh=1.7	-2.2	1.69244948955007	1	564
43447	175	-2.2 2.65202555736225 thresh	thresh=2.7	-2.2	2.65202555736225	1	568
43447	175	-2.2 Inf thresh	thresh=Inf	-2.2	Inf	1	572
43447	175	-2 -Inf thresh	thresh=-Inf	-2	-Inf	1	504
43447	175	-2 -3.5987564321254 thresh	thresh=-3.6	-2	-3.5987564321254	1	500
43447	175	-2 -2.87110214393305 thresh	thresh=-2.9	-2	-2.87110214393305	1	496
43447	175	-2 -2.524465240576 thresh	thresh=-2.5	-2	-2.524465240576	1	492
43447	175	-2 -2.24839555610227 thresh	thresh=-2.2	-2	-2.24839555610227	1	488
43447	175	-2 -1.58704105367987 thresh	thresh=-1.6	-2	-1.58704105367987	1	484
43447	175	-2 -1.06369053576119 thresh	thresh=-1.1	-2	-1.06369053576119	1	480
43447	175	-2 -0.717307300710138 thresh	thresh=-0.7	-2	-0.717307300710139	1	476
43447	175	-2 -0.0743772190708292 thresh	thresh=-0.1	-2	-0.0743772190708292	1	472
43447	175	-2 0.936167529292596 thresh	thresh=0.9	-2	0.936167529292596	1	508
43447	175	-2 1.59244948955007 thresh	thresh=1.6	-2	1.59244948955007	1	512
43447	175	-2 2.45202555736225 thresh	thresh=2.5	-2	2.45202555736225	1	516
43447	175	-2 Inf thresh	thresh=Inf	-2	Inf	1	520
43447	175	-1.8 -Inf thresh	thresh=-Inf	-1.8	-Inf	1	452
43447	175	-1.8 -3.5987564321254 thresh	thresh=-3.6	-1.8	-3.5987564321254	1	448
43447	175	-1.8 -2.87110214393305 thresh	thresh=-2.9	-1.8	-2.87110214393305	1	444
43447	175	-1.8 -2.524465240576 thresh	thresh=-2.5	-1.8	-2.524465240576	1	440
43447	175	-1.8 -2.34839555610227 thresh	thresh=-2.3	-1.8	-2.34839555610227	1	436
43447	175	-1.8 -1.78704105367987 thresh	thresh=-1.8	-1.8	-1.78704105367987	1	432
43447	175	-1.8 -1.16369053576119 thresh	thresh=-1.2	-1.8	-1.16369053576119	1	428
43447	175	-1.8 -0.817307300710138 thresh	thresh=-0.8	-1.8	-0.817307300710138	1	424
43447	175	-1.8 -0.274377219070828 thresh	thresh=-0.3	-1.8	-0.274377219070828	1	420
43447	175	-1.8 0.752835117169532 thresh	thresh=0.8	-1.8	0.752835117169532	1	456
43447	175	-1.8 1.49244948955007 thresh	thresh=1.5	-1.8	1.49244948955007	1	460
43447	175	-1.8 2.33535796948531 thresh	thresh=2.3	-1.8	2.33535796948531	1	464
43447	175	-1.8 Inf thresh	thresh=Inf	-1.8	Inf	1	468
43447	175	-1.6 -Inf thresh	thresh=-Inf	-1.6	-Inf	1	400
43447	175	-1.6 -3.5987564321254 thresh	thresh=-3.6	-1.6	-3.5987564321254	1	396
43447	175	-1.6 -2.87110214393305 thresh	thresh=-2.9	-1.6	-2.87110214393305	1	392
43447	175	-1.6 -2.524465240576 thresh	thresh=-2.5	-1.6	-2.524465240576	1	388
43447	175	-1.6 -2.44839555610227 thresh	thresh=-2.4	-1.6	-2.44839555610227	1	384
43447	175	-1.6 -1.98704105367987 thresh	thresh=-2	-1.6	-1.98704105367987	1	380
43447	175	-1.6 -1.26369053576119 thresh	thresh=-1.3	-1.6	-1.26369053576119	1	376
43447	175	-1.6 -0.917307300710139 thresh	thresh=-0.9	-1.6	-0.917307300710139	1	372
43447	175	-1.6 -0.47437721907083 thresh	thresh=-0.5	-1.6	-0.47437721907083	1	368
43447	175	-1.6 0.552835117169531 thresh	thresh=0.6	-1.6	0.552835117169531	1	404
43447	175	-1.6 1.39244948955007 thresh	thresh=1.4	-1.6	1.39244948955007	1	408
43447	175	-1.6 2.23535796948531 thresh	thresh=2.2	-1.6	2.23535796948531	1	412
43447	175	-1.6 Inf thresh	thresh=Inf	-1.6	Inf	1	416
43447	175	-1.4 -Inf thresh	thresh=-Inf	-1.4	-Inf	1	348
43447	175	-1.4 -3.5987564321254 thresh	thresh=-3.6	-1.4	-3.5987564321254	1	344
43447	175	-1.4 -2.89503245945932 thresh	thresh=-2.9	-1.4	-2.89503245945932	1	340
43447	175	-1.4 -2.61207772667764 thresh	thresh=-2.6	-1.4	-2.61207772667764	1	336
43447	175	-1.4 -2.524465240576 thresh	thresh=-2.5	-1.4	-2.524465240576	1	332
43447	175	-1.4 -2.09942856757823 thresh	thresh=-2.1	-1.4	-2.09942856757823	1	328
43447	175	-1.4 -1.39169083010477 thresh	thresh=-1.4	-1.4	-1.39169083010477	1	324
43447	175	-1.4 -1.01730730071014 thresh	thresh=-1	-1.4	-1.01730730071014	1	320
43447	175	-1.4 -0.646376924727251 thresh	thresh=-0.6	-1.4	-0.646376924727251	1	316
43447	175	-1.4 0.352835117169532 thresh	thresh=0.4	-1.4	0.352835117169532	1	352
43447	175	-1.4 1.29244948955007 thresh	thresh=1.3	-1.4	1.29244948955007	1	356
43447	175	-1.4 2.13535796948531 thresh	thresh=2.1	-1.4	2.13535796948531	1	360
43447	175	-1.4 Inf thresh	thresh=Inf	-1.4	Inf	1	364
43447	175	-1.2 -Inf thresh	thresh=-Inf	-1.2	-Inf	1	296
43447	175	-1.2 -3.5987564321254 thresh	thresh=-3.6	-1.2	-3.5987564321254	1	292
43447	175	-1.2 -2.99503245945932 thresh	thresh=-3	-1.2	-2.99503245945932	1	288
43447	175	-1.2 -2.71207772667764 thresh	thresh=-2.7	-1.2	-2.71207772667764	1	284
43447	175	-1.2 -2.524465240576 thresh	thresh=-2.5	-1.2	-2.524465240576	1	280
43447	175	-1.2 -2.19942856757823 thresh	thresh=-2.2	-1.2	-2.19942856757823	1	276
43447	175	-1.2 -1.59169083010477 thresh	thresh=-1.6	-1.2	-1.59169083010477	1	272
43447	175	-1.2 -1.11730730071014 thresh	thresh=-1.1	-1.2	-1.11730730071014	1	268
43447	175	-1.2 -0.746376924727252 thresh	thresh=-0.7	-1.2	-0.746376924727252	1	264
43447	175	-1.2 0.152835117169531 thresh	thresh=0.2	-1.2	0.152835117169531	1	300
43447	175	-1.2 1.19244948955007 thresh	thresh=1.2	-1.2	1.19244948955007	1	304
43447	175	-1.2 2.03535796948531 thresh	thresh=2	-1.2	2.03535796948531	1	308
43447	175	-1.2 Inf thresh	thresh=Inf	-1.2	Inf	1	312
43447	175	-1 -Inf thresh	thresh=-Inf	-1	-Inf	1	248
43447	175	-1 -3.5987564321254 thresh	thresh=-3.6	-1	-3.5987564321254	1	244
43447	175	-1 -3.09503245945932 thresh	thresh=-3.1	-1	-3.09503245945932	1	240
43447	175	-1 -2.81207772667764 thresh	thresh=-2.8	-1	-2.81207772667764	1	236
43447	175	-1 -2.524465240576 thresh	thresh=-2.5	-1	-2.524465240576	1	232
43447	175	-1 -2.29942856757823 thresh	thresh=-2.3	-1	-2.29942856757823	1	228
43447	175	-1 -1.79169083010477 thresh	thresh=-1.8	-1	-1.79169083010477	1	224
43447	175	-1 -1.21730730071014 thresh	thresh=-1.2	-1	-1.21730730071014	1	220
43447	175	-1 -0.846376924727251 thresh	thresh=-0.8	-1	-0.846376924727252	1	216
43447	175	-1 -0.0471648828304687 thresh	thresh=0	-1	-0.0471648828304687	1	212
43447	175	-1 1.09244948955007 thresh	thresh=1.1	-1	1.09244948955007	1	252
43447	175	-1 1.93535796948531 thresh	thresh=1.9	-1	1.93535796948531	1	256
43447	175	-1 Inf thresh	thresh=Inf	-1	Inf	1	260
43447	175	-0.8 -Inf thresh	thresh=-Inf	-0.8	-Inf	1	196
43447	175	-0.8 -3.63973201486999 thresh	thresh=-3.6	-0.8	-3.63973201486999	1	192
43447	175	-0.8 -3.19503245945932 thresh	thresh=-3.2	-0.8	-3.19503245945932	1	188
43447	175	-0.8 -2.87110214393305 thresh	thresh=-2.9	-0.8	-2.87110214393305	1	184
43447	175	-0.8 -2.524465240576 thresh	thresh=-2.5	-0.8	-2.524465240576	1	180
43447	175	-0.8 -2.39942856757823 thresh	thresh=-2.4	-0.8	-2.39942856757823	1	176
43447	175	-0.8 -1.99169083010477 thresh	thresh=-2	-0.8	-1.99169083010477	1	172
43447	175	-0.8 -1.31730730071014 thresh	thresh=-1.3	-0.8	-1.31730730071014	1	168
43447	175	-0.8 -0.946376924727251 thresh	thresh=-0.9	-0.8	-0.946376924727251	1	164
43447	175	-0.8 -0.247164882830468 thresh	thresh=-0.2	-0.8	-0.247164882830468	1	160
43447	175	-0.8 0.99244948955007 thresh	thresh=1	-0.8	0.99244948955007	1	200
43447	175	-0.8 1.83535796948531 thresh	thresh=1.8	-0.8	1.83535796948531	1	204
43447	175	-0.8 Inf thresh	thresh=Inf	-0.8	Inf	1	208
43447	175	-0.6 -Inf thresh	thresh=-Inf	-0.6	-Inf	1	144
43447	175	-0.6 -3.73973201486999 thresh	thresh=-3.7	-0.6	-3.73973201486999	1	140
43447	175	-0.6 -3.29503245945932 thresh	thresh=-3.3	-0.6	-3.29503245945932	1	136
43447	175	-0.6 -2.87110214393305 thresh	thresh=-2.9	-0.6	-2.87110214393305	1	132
43447	175	-0.6 -2.5631107381536 thresh	thresh=-2.6	-0.6	-2.5631107381536	1	128
43447	175	-0.6 -2.49942856757823 thresh	thresh=-2.5	-0.6	-2.49942856757823	1	124
43447	175	-0.6 -2.15304533252717 thresh	thresh=-2.2	-0.6	-2.15304533252717	1	120
43447	175	-0.6 -1.47437721907083 thresh	thresh=-1.5	-0.6	-1.47437721907083	1	116
43447	175	-0.6 -1.04637692472725 thresh	thresh=-1	-0.6	-1.04637692472725	1	112
43447	175	-0.6 -0.390094964469778 thresh	thresh=-0.4	-0.6	-0.390094964469778	1	108
43447	175	-0.6 0.892449489550069 thresh	thresh=0.9	-0.6	0.892449489550069	1	148
43447	175	-0.6 1.73535796948531 thresh	thresh=1.7	-0.6	1.73535796948531	1	152
43447	175	-0.6 Inf thresh	thresh=Inf	-0.6	Inf	1	156
43447	175	-0.399999999999999 -Inf thresh	thresh=-Inf	-0.399999999999999	-Inf	1	92
43447	175	-0.399999999999999 -3.83973201486999 thresh	thresh=-3.8	-0.399999999999999	-3.83973201486999	1	88
43447	175	-0.399999999999999 -3.39503245945932 thresh	thresh=-3.4	-0.399999999999999	-3.39503245945932	1	84
43447	175	-0.399999999999999 -2.94606547093528 thresh	thresh=-2.9	-0.399999999999999	-2.94606547093528	1	80
43447	175	-0.399999999999999 -2.6631107381536 thresh	thresh=-2.7	-0.399999999999999	-2.6631107381536	1	76
43447	175	-0.399999999999999 -2.524465240576 thresh	thresh=-2.5	-0.399999999999999	-2.524465240576	1	72
43447	175	-0.399999999999999 -2.25304533252717 thresh	thresh=-2.3	-0.399999999999999	-2.25304533252717	1	68
43447	175	-0.399999999999999 -1.67437721907083 thresh	thresh=-1.7	-0.399999999999999	-1.67437721907083	1	64
43447	175	-0.399999999999999 -1.14637692472725 thresh	thresh=-1.1	-0.399999999999999	-1.14637692472725	1	60
43447	175	-0.399999999999999 -0.490094964469779 thresh	thresh=-0.5	-0.399999999999999	-0.490094964469779	1	56
43447	175	-0.399999999999999 0.792449489550068 thresh	thresh=0.8	-0.399999999999999	0.792449489550068	1	96
43447	175	-0.399999999999999 1.63535796948531 thresh	thresh=1.6	-0.399999999999999	1.63535796948531	1	100
43447	175	-0.399999999999999 Inf thresh	thresh=Inf	-0.399999999999999	Inf	1	104
43447	175	-0.199999999999999 -Inf thresh	thresh=-Inf	-0.199999999999999	-Inf	1	40
43447	175	-0.199999999999999 -3.93973201486999 thresh	thresh=-3.9	-0.199999999999999	-3.93973201486999	1	36
43447	175	-0.199999999999999 -3.49503245945932 thresh	thresh=-3.5	-0.199999999999999	-3.49503245945932	1	32
43447	175	-0.199999999999999 -3.04606547093528 thresh	thresh=-3	-0.199999999999999	-3.04606547093528	1	28
43447	175	-0.199999999999999 -2.7631107381536 thresh	thresh=-2.8	-0.199999999999999	-2.7631107381536	1	24
43447	175	-0.199999999999999 -2.524465240576 thresh	thresh=-2.5	-0.199999999999999	-2.524465240576	1	20
43447	175	-0.199999999999999 -2.35304533252717 thresh	thresh=-2.4	-0.199999999999999	-2.35304533252717	1	16
43447	175	-0.199999999999999 -1.87437721907083 thresh	thresh=-1.9	-0.199999999999999	-1.87437721907083	1	12
43447	175	-0.199999999999999 -1.24637692472725 thresh	thresh=-1.2	-0.199999999999999	-1.24637692472725	1	8
43447	175	-0.199999999999999 -0.590094964469778 thresh	thresh=-0.6	-0.199999999999999	-0.590094964469778	1	4
43447	175	-0.199999999999999 0.652025557362248 thresh	thresh=0.7	-0.199999999999999	0.652025557362248	1	44
43447	175	-0.199999999999999 1.53535796948531 thresh	thresh=1.5	-0.199999999999999	1.53535796948531	1	48
43447	175	-0.199999999999999 Inf thresh	thresh=Inf	-0.199999999999999	Inf	1	52
43447	175	0 -Inf thresh	thresh=-Inf	0	-Inf	1	1340
43447	175	0 -4.03973201486999 thresh	thresh=-4	0	-4.03973201486999	1	1336
43447	175	0 -3.59503245945932 thresh	thresh=-3.6	0	-3.59503245945932	1	1332
43447	175	0 -3.14606547093528 thresh	thresh=-3.1	0	-3.14606547093528	1	1328
43447	175	0 -2.8631107381536 thresh	thresh=-2.9	0	-2.8631107381536	1	1324
43447	175	0 -2.524465240576 thresh	thresh=-2.5	0	-2.524465240576	1	1320
43447	175	0 -2.45304533252717 thresh	thresh=-2.5	0	-2.45304533252717	1	1316
43447	175	0 -2.07437721907083 thresh	thresh=-2.1	0	-2.07437721907083	1	1312
43447	175	0 -1.34637692472725 thresh	thresh=-1.3	0	-1.34637692472725	1	1308
43447	175	0 -0.690094964469778 thresh	thresh=-0.7	0	-0.690094964469778	1	1304
43447	175	0 0.452025557362249 thresh	thresh=0.5	0	0.452025557362249	1	1344
43447	175	0 1.43535796948531 thresh	thresh=1.4	0	1.43535796948531	1	1348
43447	175	0 Inf thresh	thresh=Inf	0	Inf	1	1352
43447	175	0.2 -Inf thresh	thresh=-Inf	0.2	-Inf	1	1392
43447	175	0.2 -4.13973201486999 thresh	thresh=-4.1	0.2	-4.13973201486999	1	1388
43447	175	0.2 -3.69076502634595 thresh	thresh=-3.7	0.2	-3.69076502634595	1	1384
43447	175	0.2 -3.24606547093528 thresh	thresh=-3.2	0.2	-3.24606547093528	1	1380
43447	175	0.2 -2.89968223588422 thresh	thresh=-2.9	0.2	-2.89968223588422	1	1376
43447	175	0.2 -2.61672750310254 thresh	thresh=-2.6	0.2	-2.61672750310254	1	1372
43447	175	0.2 -2.524465240576 thresh	thresh=-2.5	0.2	-2.524465240576	1	1368
43447	175	0.2 -2.18211495654429 thresh	thresh=-2.2	0.2	-2.18211495654429	1	1364
43447	175	0.2 -1.44637692472725 thresh	thresh=-1.4	0.2	-1.44637692472725	1	1360
43447	175	0.2 -0.790094964469778 thresh	thresh=-0.8	0.2	-0.790094964469778	1	1356
43447	175	0.2 0.252025557362249 thresh	thresh=0.3	0.2	0.252025557362249	1	1396
43447	175	0.2 1.33535796948531 thresh	thresh=1.3	0.2	1.33535796948531	1	1400
43447	175	0.2 Inf thresh	thresh=Inf	0.2	Inf	1	1404
43447	175	0.4 -Inf thresh	thresh=-Inf	0.4	-Inf	1	1444
43447	175	0.4 -4.23973201486999 thresh	thresh=-4.2	0.4	-4.23973201486999	1	1440
43447	175	0.4 -3.79076502634595 thresh	thresh=-3.8	0.4	-3.79076502634595	1	1436
43447	175	0.4 -3.34606547093528 thresh	thresh=-3.3	0.4	-3.34606547093528	1	1432
43447	175	0.4 -2.99968223588422 thresh	thresh=-3	0.4	-2.99968223588422	1	1428
43447	175	0.4 -2.71672750310254 thresh	thresh=-2.7	0.4	-2.71672750310254	1	1424
43447	175	0.4 -2.524465240576 thresh	thresh=-2.5	0.4	-2.524465240576	1	1420
43447	175	0.4 -2.28211495654429 thresh	thresh=-2.3	0.4	-2.28211495654429	1	1416
43447	175	0.4 -1.54637692472725 thresh	thresh=-1.5	0.4	-1.54637692472725	1	1412
43447	175	0.4 -0.890094964469778 thresh	thresh=-0.9	0.4	-0.890094964469778	1	1408
43447	175	0.4 0.0520255573622483 thresh	thresh=0.1	0.4	0.0520255573622483	1	1448
43447	175	0.4 1.23535796948531 thresh	thresh=1.2	0.4	1.23535796948531	1	1452
43447	175	0.4 Inf thresh	thresh=Inf	0.4	Inf	1	1456
43447	175	0.6 -Inf thresh	thresh=-Inf	0.600000000000001	-Inf	1	1500
43447	175	0.6 -4.33973201486999 thresh	thresh=-4.3	0.600000000000001	-4.33973201486999	1	1496
43447	175	0.6 -3.89076502634595 thresh	thresh=-3.9	0.600000000000001	-3.89076502634595	1	1492
43447	175	0.6 -3.44606547093528 thresh	thresh=-3.4	0.600000000000001	-3.44606547093528	1	1488
43447	175	0.6 -3.09968223588423 thresh	thresh=-3.1	0.600000000000001	-3.09968223588423	1	1484
43447	175	0.6 -2.81672750310254 thresh	thresh=-2.8	0.600000000000001	-2.81672750310254	1	1480
43447	175	0.6 -2.524465240576 thresh	thresh=-2.5	0.600000000000001	-2.524465240576	1	1476
43447	175	0.6 -2.38211495654429 thresh	thresh=-2.4	0.600000000000001	-2.38211495654429	1	1472
43447	175	0.6 -1.64716488283047 thresh	thresh=-1.6	0.600000000000001	-1.64716488283047	1	1468
43447	175	0.6 -0.990094964469779 thresh	thresh=-1	0.600000000000001	-0.990094964469779	1	1464
43447	175	0.6 -0.147186484534535 thresh	thresh=-0.1	0.600000000000001	-0.147186484534535	1	1460
43447	175	0.6 1.13535796948531 thresh	thresh=1.1	0.600000000000001	1.13535796948531	1	1504
43447	175	0.6 Inf thresh	thresh=Inf	0.600000000000001	Inf	1	1508
43447	175	0.800000000000001 -Inf thresh	thresh=-Inf	0.800000000000001	-Inf	1	1552
43447	175	0.800000000000001 -4.43973201486999 thresh	thresh=-4.4	0.800000000000001	-4.43973201486999	1	1548
43447	175	0.800000000000001 -3.99076502634595 thresh	thresh=-4	0.800000000000001	-3.99076502634595	1	1544
43447	175	0.800000000000001 -3.59169083010477 thresh	thresh=-3.6	0.800000000000001	-3.59169083010477	1	1540
43447	175	0.800000000000001 -3.19968223588422 thresh	thresh=-3.2	0.800000000000001	-3.19968223588422	1	1536
43447	175	0.800000000000001 -2.87110214393305 thresh	thresh=-2.9	0.800000000000001	-2.87110214393305	1	1532
43447	175	0.800000000000001 -2.54579712711966 thresh	thresh=-2.5	0.800000000000001	-2.54579712711966	1	1528
43447	175	0.800000000000001 -2.48211495654429 thresh	thresh=-2.5	0.800000000000001	-2.48211495654429	1	1524
43447	175	0.800000000000001 -1.82583299628681 thresh	thresh=-1.8	0.800000000000001	-1.82583299628681	1	1520
43447	175	0.800000000000001 -1.09009496446978 thresh	thresh=-1.1	0.800000000000001	-1.09009496446978	1	1516
43447	175	0.800000000000001 -0.247186484534534 thresh	thresh=-0.2	0.800000000000001	-0.247186484534534	1	1512
43447	175	0.800000000000001 1.03535796948531 thresh	thresh=1	0.800000000000001	1.03535796948531	1	1556
43447	175	0.800000000000001 Inf thresh	thresh=Inf	0.800000000000001	Inf	1	1560
43447	175	1 -Inf thresh	thresh=-Inf	1	-Inf	1	1604
43447	175	1 -4.58704105367987 thresh	thresh=-4.6	1	-4.58704105367987	1	1600
43447	175	1 -4.09076502634595 thresh	thresh=-4.1	1	-4.09076502634595	1	1596
43447	175	1 -3.74438179129489 thresh	thresh=-3.7	1	-3.74438179129489	1	1592
43447	175	1 -3.29968223588422 thresh	thresh=-3.3	1	-3.29968223588422	1	1588
43447	175	1 -2.92875185990134 thresh	thresh=-2.9	1	-2.92875185990134	1	1584
43447	175	1 -2.64579712711966 thresh	thresh=-2.6	1	-2.64579712711966	1	1580
43447	175	1 -2.524465240576 thresh	thresh=-2.5	1	-2.524465240576	1	1576
43447	175	1 -1.92583299628681 thresh	thresh=-1.9	1	-1.92583299628681	1	1572
43447	175	1 -1.19009496446978 thresh	thresh=-1.2	1	-1.19009496446978	1	1568
43447	175	1 -0.347186484534534 thresh	thresh=-0.3	1	-0.347186484534534	1	1564
43447	175	1 0.935357969485313 thresh	thresh=0.9	1	0.935357969485313	1	1608
43447	175	1 Inf thresh	thresh=Inf	1	Inf	1	1612
43447	175	1.2 -Inf thresh	thresh=-Inf	1.2	-Inf	1	1656
43447	175	1.2 -4.78704105367987 thresh	thresh=-4.8	1.2	-4.78704105367987	1	1652
43447	175	1.2 -4.19076502634595 thresh	thresh=-4.2	1.2	-4.19076502634595	1	1648
43447	175	1.2 -3.84438179129489 thresh	thresh=-3.8	1.2	-3.84438179129489	1	1644
43447	175	1.2 -3.39968223588422 thresh	thresh=-3.4	1.2	-3.39968223588422	1	1640
43447	175	1.2 -3.02875185990134 thresh	thresh=-3	1.2	-3.02875185990134	1	1636
43447	175	1.2 -2.74579712711966 thresh	thresh=-2.7	1.2	-2.74579712711966	1	1632
43447	175	1.2 -2.524465240576 thresh	thresh=-2.5	1.2	-2.524465240576	1	1628
43447	175	1.2 -2.02583299628681 thresh	thresh=-2	1.2	-2.02583299628681	1	1624
43447	175	1.2 -1.29009496446978 thresh	thresh=-1.3	1.2	-1.29009496446978	1	1620
43447	175	1.2 -0.447186484534534 thresh	thresh=-0.4	1.2	-0.447186484534534	1	1616
43447	175	1.2 0.835357969485313 thresh	thresh=0.8	1.2	0.835357969485314	1	1660
43447	175	1.2 Inf thresh	thresh=Inf	1.2	Inf	1	1664
43447	175	1.4 -Inf thresh	thresh=-Inf	1.4	-Inf	1	1708
43447	175	1.4 -4.98704105367987 thresh	thresh=-5	1.4	-4.98704105367987	1	1704
43447	175	1.4 -4.29076502634595 thresh	thresh=-4.3	1.4	-4.29076502634595	1	1700
43447	175	1.4 -3.94438179129489 thresh	thresh=-3.9	1.4	-3.94438179129489	1	1696
43447	175	1.4 -3.49968223588422 thresh	thresh=-3.5	1.4	-3.49968223588422	1	1692
43447	175	1.4 -3.12875185990134 thresh	thresh=-3.1	1.4	-3.12875185990134	1	1688
43447	175	1.4 -2.84579712711966 thresh	thresh=-2.8	1.4	-2.84579712711966	1	1684
43447	175	1.4 -2.524465240576 thresh	thresh=-2.5	1.4	-2.524465240576	1	1680
43447	175	1.4 -2.12583299628681 thresh	thresh=-2.1	1.4	-2.12583299628681	1	1676
43447	175	1.4 -1.39009496446978 thresh	thresh=-1.4	1.4	-1.39009496446978	1	1672
43447	175	1.4 -0.547186484534534 thresh	thresh=-0.5	1.4	-0.547186484534534	1	1668
43447	175	1.4 0.735357969485313 thresh	thresh=0.7	1.4	0.735357969485313	1	1712
43447	175	1.4 Inf thresh	thresh=Inf	1.4	Inf	1	1716
43447	175	1.6 -Inf thresh	thresh=-Inf	1.6	-Inf	1	1760
43447	175	1.6 -5.18704105367987 thresh	thresh=-5.2	1.6	-5.18704105367987	1	1756
43447	175	1.6 -4.39169083010477 thresh	thresh=-4.4	1.6	-4.39169083010477	1	1752
43447	175	1.6 -4.04438179129489 thresh	thresh=-4	1.6	-4.04438179129489	1	1748
43447	175	1.6 -3.67345141531201 thresh	thresh=-3.7	1.6	-3.67345141531201	1	1744
43447	175	1.6 -3.22875185990134 thresh	thresh=-3.2	1.6	-3.22875185990134	1	1740
43447	175	1.6 -2.87110214393305 thresh	thresh=-2.9	1.6	-2.87110214393305	1	1736
43447	175	1.6 -2.524465240576 thresh	thresh=-2.5	1.6	-2.524465240576	1	1732
43447	175	1.6 -2.22583299628681 thresh	thresh=-2.2	1.6	-2.22583299628681	1	1728
43447	175	1.6 -1.49009496446978 thresh	thresh=-1.5	1.6	-1.49009496446978	1	1724
43447	175	1.6 -0.647186484534535 thresh	thresh=-0.6	1.6	-0.647186484534535	1	1720
43447	175	1.6 0.635357969485312 thresh	thresh=0.6	1.6	0.635357969485312	1	1764
43447	175	1.6 Inf thresh	thresh=Inf	1.6	Inf	1	1768
43447	175	1.8 -Inf thresh	thresh=-Inf	1.8	-Inf	1	1812
43447	175	1.8 -5.38704105367987 thresh	thresh=-5.4	1.8	-5.38704105367987	1	1808
43447	175	1.8 -4.59169083010477 thresh	thresh=-4.6	1.8	-4.59169083010477	1	1804
43447	175	1.8 -4.14438179129489 thresh	thresh=-4.1	1.8	-4.14438179129489	1	1800
43447	175	1.8 -3.77345141531201 thresh	thresh=-3.8	1.8	-3.77345141531201	1	1796
43447	175	1.8 -3.32875185990134 thresh	thresh=-3.3	1.8	-3.32875185990134	1	1792
43447	175	1.8 -2.87110214393305 thresh	thresh=-2.9	1.8	-2.87110214393305	1	1788
43447	175	1.8 -2.524465240576 thresh	thresh=-2.5	1.8	-2.524465240576	1	1784
43447	175	1.8 -2.32583299628681 thresh	thresh=-2.3	1.8	-2.32583299628681	1	1780
43447	175	1.8 -1.59009496446978 thresh	thresh=-1.6	1.8	-1.59009496446978	1	1776
43447	175	1.8 -0.747186484534534 thresh	thresh=-0.7	1.8	-0.747186484534534	1	1772
43447	175	1.8 0.535357969485313 thresh	thresh=0.5	1.8	0.535357969485313	1	1816
43447	175	1.8 Inf thresh	thresh=Inf	1.8	Inf	1	1820
43447	175	2 -Inf thresh	thresh=-Inf	2	-Inf	1	1864
43447	175	2 -5.58704105367987 thresh	thresh=-5.6	2	-5.58704105367987	1	1860
43447	175	2 -4.79169083010477 thresh	thresh=-4.8	2	-4.79169083010477	1	1856
43447	175	2 -4.24438179129489 thresh	thresh=-4.2	2	-4.24438179129489	1	1852
43447	175	2 -3.87345141531201 thresh	thresh=-3.9	2	-3.87345141531201	1	1848
43447	175	2 -3.42875185990134 thresh	thresh=-3.4	2	-3.42875185990134	1	1844
43447	175	2 -2.87110214393305 thresh	thresh=-2.9	2	-2.87110214393305	1	1840
43447	175	2 -2.524465240576 thresh	thresh=-2.5	2	-2.524465240576	1	1836
43447	175	2 -2.42583299628681 thresh	thresh=-2.4	2	-2.42583299628681	1	1832
43447	175	2 -1.69009496446978 thresh	thresh=-1.7	2	-1.69009496446978	1	1828
43447	175	2 -0.847186484534534 thresh	thresh=-0.8	2	-0.847186484534534	1	1824
43447	175	2 0.435357969485313 thresh	thresh=0.4	2	0.435357969485313	1	1868
43447	175	2 Inf thresh	thresh=Inf	2	Inf	1	1872
43447	175	2.2 -Inf thresh	thresh=-Inf	2.2	-Inf	1	1916
43447	175	2.2 -5.78704105367987 thresh	thresh=-5.8	2.2	-5.78704105367987	1	1912
43447	175	2.2 -4.99169083010477 thresh	thresh=-5	2.2	-4.99169083010477	1	1908
43447	175	2.2 -4.34438179129489 thresh	thresh=-4.3	2.2	-4.34438179129489	1	1904
43447	175	2.2 -3.97345141531201 thresh	thresh=-4	2.2	-3.97345141531201	1	1900
43447	175	2.2 -3.52875185990134 thresh	thresh=-3.5	2.2	-3.52875185990134	1	1896
43447	175	2.2 -2.87246989964386 thresh	thresh=-2.9	2.2	-2.87246989964386	1	1892
43447	175	2.2 -2.58951516686218 thresh	thresh=-2.6	2.2	-2.58951516686218	1	1888
43447	175	2.2 -2.524465240576 thresh	thresh=-2.5	2.2	-2.524465240576	1	1884
43447	175	2.2 -1.7250450381836 thresh	thresh=-1.7	2.2	-1.7250450381836	1	1880
43447	175	2.2 -0.947186484534534 thresh	thresh=-0.9	2.2	-0.947186484534534	1	1876
43447	175	2.2 0.335357969485313 thresh	thresh=0.3	2.2	0.335357969485314	1	1920
43447	175	2.2 Inf thresh	thresh=Inf	2.2	Inf	1	1924
43447	175	2.4 -Inf thresh	thresh=-Inf	2.4	-Inf	1	1968
43447	175	2.4 -5.98704105367987 thresh	thresh=-6	2.4	-5.98704105367987	1	1964
43447	175	2.4 -5.19169083010477 thresh	thresh=-5.2	2.4	-5.19169083010477	1	1960
43447	175	2.4 -4.47437721907083 thresh	thresh=-4.5	2.4	-4.47437721907083	1	1956
43447	175	2.4 -4.07345141531201 thresh	thresh=-4.1	2.4	-4.07345141531201	1	1952
43447	175	2.4 -3.5987564321254 thresh	thresh=-3.6	2.4	-3.5987564321254	1	1948
43447	175	2.4 -2.97246989964386 thresh	thresh=-3	2.4	-2.97246989964386	1	1944
43447	175	2.4 -2.68951516686218 thresh	thresh=-2.7	2.4	-2.68951516686218	1	1940
43447	175	2.4 -2.524465240576 thresh	thresh=-2.5	2.4	-2.524465240576	1	1936
43447	175	2.4 -1.78292451635157 thresh	thresh=-1.8	2.4	-1.78292451635157	1	1932
43447	175	2.4 -1.04718648453453 thresh	thresh=-1	2.4	-1.04718648453453	1	1928
43447	175	2.4 0.293237447653286 thresh	thresh=0.3	2.4	0.293237447653286	1	1972
43447	175	2.4 Inf thresh	thresh=Inf	2.4	Inf	1	1976
43447	175	2.6 -Inf thresh	thresh=-Inf	2.6	-Inf	1	2020
43447	175	2.6 -6.18704105367987 thresh	thresh=-6.2	2.6	-6.18704105367987	1	2016
43447	175	2.6 -5.39169083010477 thresh	thresh=-5.4	2.6	-5.39169083010477	1	2012
43447	175	2.6 -4.67437721907083 thresh	thresh=-4.7	2.6	-4.67437721907083	1	2008
43447	175	2.6 -4.17345141531201 thresh	thresh=-4.2	2.6	-4.17345141531201	1	2004
43447	175	2.6 -3.5987564321254 thresh	thresh=-3.6	2.6	-3.5987564321254	1	2000
43447	175	2.6 -3.07246989964386 thresh	thresh=-3.1	2.6	-3.07246989964386	1	1996
43447	175	2.6 -2.78951516686218 thresh	thresh=-2.8	2.6	-2.78951516686218	1	1992
43447	175	2.6 -2.524465240576 thresh	thresh=-2.5	2.6	-2.524465240576	1	1988
43447	175	2.6 -1.88292451635157 thresh	thresh=-1.9	2.6	-1.88292451635157	1	1984
43447	175	2.6 -1.14718648453453 thresh	thresh=-1.1	2.6	-1.14718648453453	1	1980
43447	175	2.6 0.293237447653286 thresh	thresh=0.3	2.6	0.293237447653286	1	2024
43447	175	2.6 Inf thresh	thresh=Inf	2.6	Inf	1	2028
43447	175	2.8 -Inf thresh	thresh=-Inf	2.8	-Inf	1	2072
43447	175	2.8 -6.38704105367987 thresh	thresh=-6.4	2.8	-6.38704105367987	1	2068
43447	175	2.8 -5.59169083010477 thresh	thresh=-5.6	2.8	-5.59169083010477	1	2064
43447	175	2.8 -4.87437721907083 thresh	thresh=-4.9	2.8	-4.87437721907083	1	2060
43447	175	2.8 -4.27345141531201 thresh	thresh=-4.3	2.8	-4.27345141531201	1	2056
43447	175	2.8 -3.61716945505453 thresh	thresh=-3.6	2.8	-3.61716945505453	1	2052
43447	175	2.8 -3.17246989964386 thresh	thresh=-3.2	2.8	-3.17246989964386	1	2048
43447	175	2.8 -2.87110214393305 thresh	thresh=-2.9	2.8	-2.87110214393305	1	2044
43447	175	2.8 -2.524465240576 thresh	thresh=-2.5	2.8	-2.524465240576	1	2040
43447	175	2.8 -1.98292451635157 thresh	thresh=-2	2.8	-1.98292451635157	1	2036
43447	175	2.8 -1.24718648453453 thresh	thresh=-1.2	2.8	-1.24718648453453	1	2032
43447	175	2.8 0.293237447653286 thresh	thresh=0.3	2.8	0.293237447653286	1	2076
43447	175	2.8 Inf thresh	thresh=Inf	2.8	Inf	1	2080
43447	175	3 -Inf thresh	thresh=-Inf	3	-Inf	1	2124
43447	175	3 -6.58704105367987 thresh	thresh=-6.6	3	-6.58704105367987	1	2120
43447	175	3 -5.79169083010477 thresh	thresh=-5.8	3	-5.79169083010477	1	2116
43447	175	3 -5.07437721907083 thresh	thresh=-5.1	3	-5.07437721907083	1	2112
43447	175	3 -4.37345141531201 thresh	thresh=-4.4	3	-4.37345141531201	1	2108
43447	175	3 -3.71716945505453 thresh	thresh=-3.7	3	-3.71716945505453	1	2104
43447	175	3 -3.27246989964386 thresh	thresh=-3.3	3	-3.27246989964386	1	2100
43447	175	3 -2.87110214393305 thresh	thresh=-2.9	3	-2.87110214393305	1	2096
43447	175	3 -2.524465240576 thresh	thresh=-2.5	3	-2.524465240576	1	2092
43447	175	3 -2.08292451635157 thresh	thresh=-2.1	3	-2.08292451635157	1	2088
43447	175	3 -1.34718648453453 thresh	thresh=-1.3	3	-1.34718648453453	1	2084
43447	175	3 0.293237447653286 thresh	thresh=0.3	3	0.293237447653286	1	2128
43447	175	3 Inf thresh	thresh=Inf	3	Inf	1	2132
43447	175	3.2 -Inf thresh	thresh=-Inf	3.2	-Inf	1	2176
43447	175	3.2 -6.78704105367987 thresh	thresh=-6.8	3.2	-6.78704105367987	1	2172
43447	175	3.2 -5.99169083010477 thresh	thresh=-6	3.2	-5.99169083010477	1	2168
43447	175	3.2 -5.27437721907083 thresh	thresh=-5.3	3.2	-5.27437721907083	1	2164
43447	175	3.2 -4.47345141531201 thresh	thresh=-4.5	3.2	-4.47345141531201	1	2160
43447	175	3.2 -3.81716945505453 thresh	thresh=-3.8	3.2	-3.81716945505453	1	2156
43447	175	3.2 -3.37246989964386 thresh	thresh=-3.4	3.2	-3.37246989964386	1	2152
43447	175	3.2 -2.87110214393305 thresh	thresh=-2.9	3.2	-2.87110214393305	1	2148
43447	175	3.2 -2.524465240576 thresh	thresh=-2.5	3.2	-2.524465240576	1	2144
43447	175	3.2 -2.18292451635157 thresh	thresh=-2.2	3.2	-2.18292451635157	1	2140
43447	175	3.2 -1.44718648453453 thresh	thresh=-1.4	3.2	-1.44718648453453	1	2136
43447	175	3.2 0.293237447653286 thresh	thresh=0.3	3.2	0.293237447653286	1	2180
43447	175	3.2 Inf thresh	thresh=Inf	3.2	Inf	1	2184
43447	175	3.4 -Inf thresh	thresh=-Inf	3.4	-Inf	1	2228
43447	175	3.4 -6.98704105367987 thresh	thresh=-7	3.4	-6.98704105367987	1	2224
43447	175	3.4 -6.19169083010477 thresh	thresh=-6.2	3.4	-6.19169083010477	1	2220
43447	175	3.4 -5.47437721907083 thresh	thresh=-5.5	3.4	-5.47437721907083	1	2216
43447	175	3.4 -4.57345141531201 thresh	thresh=-4.6	3.4	-4.57345141531201	1	2212
43447	175	3.4 -3.91716945505453 thresh	thresh=-3.9	3.4	-3.91716945505453	1	2208
43447	175	3.4 -3.47246989964386 thresh	thresh=-3.5	3.4	-3.47246989964386	1	2204
43447	175	3.4 -2.87110214393305 thresh	thresh=-2.9	3.4	-2.87110214393305	1	2200
43447	175	3.4 -2.524465240576 thresh	thresh=-2.5	3.4	-2.524465240576	1	2196
43447	175	3.4 -2.28292451635157 thresh	thresh=-2.3	3.4	-2.28292451635157	1	2192
43447	175	3.4 -1.54718648453453 thresh	thresh=-1.5	3.4	-1.54718648453453	1	2188
43447	175	3.4 0.293237447653286 thresh	thresh=0.3	3.4	0.293237447653286	1	2232
43447	175	3.4 Inf thresh	thresh=Inf	3.4	Inf	1	2236
43447	175	3.6 -Inf thresh	thresh=-Inf	3.6	-Inf	1	2280
43447	175	3.6 -7.18704105367987 thresh	thresh=-7.2	3.6	-7.18704105367987	1	2276
43447	175	3.6 -6.39169083010477 thresh	thresh=-6.4	3.6	-6.39169083010477	1	2272
43447	175	3.6 -5.67437721907083 thresh	thresh=-5.7	3.6	-5.67437721907083	1	2268
43447	175	3.6 -4.67345141531201 thresh	thresh=-4.7	3.6	-4.67345141531201	1	2264
43447	175	3.6 -4.01716945505453 thresh	thresh=-4	3.6	-4.01716945505453	1	2260
43447	175	3.6 -3.57246989964386 thresh	thresh=-3.6	3.6	-3.57246989964386	1	2256
43447	175	3.6 -2.87110214393305 thresh	thresh=-2.9	3.6	-2.87110214393305	1	2252
43447	175	3.6 -2.524465240576 thresh	thresh=-2.5	3.6	-2.524465240576	1	2248
43447	175	3.6 -2.38292451635157 thresh	thresh=-2.4	3.6	-2.38292451635157	1	2244
43447	175	3.6 -1.64718648453453 thresh	thresh=-1.6	3.6	-1.64718648453453	1	2240
43447	175	3.6 0.293237447653286 thresh	thresh=0.3	3.6	0.293237447653286	1	2284
43447	175	3.6 Inf thresh	thresh=Inf	3.6	Inf	1	2288
43447	175	3.8 -Inf thresh	thresh=-Inf	3.8	-Inf	1	2332
43447	175	3.8 -7.38704105367987 thresh	thresh=-7.4	3.8	-7.38704105367987	1	2328
43447	175	3.8 -6.59169083010477 thresh	thresh=-6.6	3.8	-6.59169083010477	1	2324
43447	175	3.8 -5.87437721907083 thresh	thresh=-5.9	3.8	-5.87437721907083	1	2320
43447	175	3.8 -4.84716488283047 thresh	thresh=-4.8	3.8	-4.84716488283047	1	2316
43447	175	3.8 -4.11716945505453 thresh	thresh=-4.1	3.8	-4.11716945505453	1	2312
43447	175	3.8 -3.5987564321254 thresh	thresh=-3.6	3.8	-3.5987564321254	1	2308
43447	175	3.8 -2.87110214393305 thresh	thresh=-2.9	3.8	-2.87110214393305	1	2304
43447	175	3.8 -2.54660668692694 thresh	thresh=-2.5	3.8	-2.54660668692694	1	2300
43447	175	3.8 -2.48292451635157 thresh	thresh=-2.5	3.8	-2.48292451635157	1	2296
43447	175	3.8 -1.7250450381836 thresh	thresh=-1.7	3.8	-1.7250450381836	1	2292
43447	175	3.8 0.293237447653286 thresh	thresh=0.3	3.8	0.293237447653286	1	2336
43447	175	3.8 Inf thresh	thresh=Inf	3.8	Inf	1	2340
43447	175	4 -Inf thresh	thresh=-Inf	4	-Inf	1	2384
43447	175	4 -7.58704105367987 thresh	thresh=-7.6	4	-7.58704105367987	1	2380
43447	175	4 -6.79169083010477 thresh	thresh=-6.8	4	-6.79169083010477	1	2376
43447	175	4 -6.07437721907083 thresh	thresh=-6.1	4	-6.07437721907083	1	2372
43447	175	4 -5.04716488283047 thresh	thresh=-5	4	-5.04716488283047	1	2368
43447	175	4 -4.21716945505453 thresh	thresh=-4.2	4	-4.21716945505453	1	2364
43447	175	4 -3.5987564321254 thresh	thresh=-3.6	4	-3.5987564321254	1	2360
43447	175	4 -2.92956141970862 thresh	thresh=-2.9	4	-2.92956141970862	1	2356
43447	175	4 -2.64660668692694 thresh	thresh=-2.6	4	-2.64660668692694	1	2352
43447	175	4 -2.524465240576 thresh	thresh=-2.5	4	-2.524465240576	1	2348
43447	175	4 -1.7250450381836 thresh	thresh=-1.7	4	-1.7250450381836	1	2344
43447	175	4 0.293237447653286 thresh	thresh=0.3	4	0.293237447653286	1	2388
43447	175	4 Inf thresh	thresh=Inf	4	Inf	1	2392
43447	175	4.2 -Inf thresh	thresh=-Inf	4.2	-Inf	1	2436
43447	175	4.2 -7.78704105367987 thresh	thresh=-7.8	4.2	-7.78704105367987	1	2432
43447	175	4.2 -6.99169083010477 thresh	thresh=-7	4.2	-6.99169083010477	1	2428
43447	175	4.2 -6.27437721907083 thresh	thresh=-6.3	4.2	-6.27437721907083	1	2424
43447	175	4.2 -5.24716488283047 thresh	thresh=-5.2	4.2	-5.24716488283047	1	2420
43447	175	4.2 -4.31716945505453 thresh	thresh=-4.3	4.2	-4.31716945505453	1	2416
43447	175	4.2 -3.5987564321254 thresh	thresh=-3.6	4.2	-3.5987564321254	1	2412
43447	175	4.2 -3.02956141970862 thresh	thresh=-3	4.2	-3.02956141970862	1	2408
43447	175	4.2 -2.74660668692694 thresh	thresh=-2.7	4.2	-2.74660668692694	1	2404
43447	175	4.2 -2.524465240576 thresh	thresh=-2.5	4.2	-2.524465240576	1	2400
43447	175	4.2 -1.7250450381836 thresh	thresh=-1.7	4.2	-1.7250450381836	1	2396
43447	175	4.2 0.293237447653286 thresh	thresh=0.3	4.2	0.293237447653286	1	2440
43447	175	4.2 Inf thresh	thresh=Inf	4.2	Inf	1	2444
43447	175	4.4 -Inf thresh	thresh=-Inf	4.4	-Inf	1	2488
43447	175	4.4 -7.98704105367987 thresh	thresh=-8	4.4	-7.98704105367987	1	2484
43447	175	4.4 -7.19169083010477 thresh	thresh=-7.2	4.4	-7.19169083010477	1	2480
43447	175	4.4 -6.47437721907083 thresh	thresh=-6.5	4.4	-6.47437721907083	1	2476
43447	175	4.4 -5.44716488283047 thresh	thresh=-5.4	4.4	-5.44716488283047	1	2472
43447	175	4.4 -4.41716945505453 thresh	thresh=-4.4	4.4	-4.41716945505453	1	2468
43447	175	4.4 -3.5987564321254 thresh	thresh=-3.6	4.4	-3.5987564321254	1	2464
43447	175	4.4 -3.12956141970862 thresh	thresh=-3.1	4.4	-3.12956141970862	1	2460
43447	175	4.4 -2.84660668692694 thresh	thresh=-2.8	4.4	-2.84660668692694	1	2456
43447	175	4.4 -2.524465240576 thresh	thresh=-2.5	4.4	-2.524465240576	1	2452
43447	175	4.4 -1.7250450381836 thresh	thresh=-1.7	4.4	-1.7250450381836	1	2448
43447	175	4.4 0.293237447653286 thresh	thresh=0.3	4.4	0.293237447653286	1	2492
43447	175	4.4 Inf thresh	thresh=Inf	4.4	Inf	1	2496
43447	175	4.6 -Inf thresh	thresh=-Inf	4.6	-Inf	1	2540
43447	175	4.6 -8.18704105367987 thresh	thresh=-8.2	4.6	-8.18704105367987	1	2536
43447	175	4.6 -7.39169083010477 thresh	thresh=-7.4	4.6	-7.39169083010477	1	2532
43447	175	4.6 -6.67437721907083 thresh	thresh=-6.7	4.6	-6.67437721907083	1	2528
43447	175	4.6 -5.64716488283047 thresh	thresh=-5.6	4.6	-5.64716488283047	1	2524
43447	175	4.6 -4.51716945505453 thresh	thresh=-4.5	4.6	-4.51716945505453	1	2520
43447	175	4.6 -3.67426097511929 thresh	thresh=-3.7	4.6	-3.67426097511929	1	2516
43447	175	4.6 -3.22956141970862 thresh	thresh=-3.2	4.6	-3.22956141970862	1	2512
43447	175	4.6 -2.87110214393305 thresh	thresh=-2.9	4.6	-2.87110214393305	1	2508
43447	175	4.6 -2.524465240576 thresh	thresh=-2.5	4.6	-2.524465240576	1	2504
43447	175	4.6 -1.7250450381836 thresh	thresh=-1.7	4.6	-1.7250450381836	1	2500
43447	175	4.6 0.293237447653286 thresh	thresh=0.3	4.6	0.293237447653286	1	2544
43447	175	4.6 Inf thresh	thresh=Inf	4.6	Inf	1	2548
43447	175	4.8 -Inf thresh	thresh=-Inf	4.8	-Inf	1	2592
43447	175	4.8 -8.38704105367987 thresh	thresh=-8.4	4.8	-8.38704105367987	1	2588
43447	175	4.8 -7.59169083010477 thresh	thresh=-7.6	4.8	-7.59169083010477	1	2584
43447	175	4.8 -6.87437721907083 thresh	thresh=-6.9	4.8	-6.87437721907083	1	2580
43447	175	4.8 -5.84716488283047 thresh	thresh=-5.8	4.8	-5.84716488283047	1	2576
43447	175	4.8 -4.61716945505453 thresh	thresh=-4.6	4.8	-4.61716945505453	1	2572
43447	175	4.8 -3.77426097511929 thresh	thresh=-3.8	4.8	-3.77426097511929	1	2568
43447	175	4.8 -3.32956141970862 thresh	thresh=-3.3	4.8	-3.32956141970862	1	2564
43447	175	4.8 -2.87110214393305 thresh	thresh=-2.9	4.8	-2.87110214393305	1	2560
43447	175	4.8 -2.524465240576 thresh	thresh=-2.5	4.8	-2.524465240576	1	2556
43447	175	4.8 -1.7250450381836 thresh	thresh=-1.7	4.8	-1.7250450381836	1	2552
43447	175	4.8 0.293237447653286 thresh	thresh=0.3	4.8	0.293237447653286	1	2596
43447	175	4.8 Inf thresh	thresh=Inf	4.8	Inf	1	2600
43447	175	5 -Inf thresh	thresh=-Inf	5	-Inf	1	2644
43447	175	5 -8.58704105367987 thresh	thresh=-8.6	5	-8.58704105367987	1	2640
43447	175	5 -7.79169083010477 thresh	thresh=-7.8	5	-7.79169083010477	1	2636
43447	175	5 -7.07437721907083 thresh	thresh=-7.1	5	-7.07437721907083	1	2632
43447	175	5 -6.04716488283047 thresh	thresh=-6	5	-6.04716488283047	1	2628
43447	175	5 -4.71716945505453 thresh	thresh=-4.7	5	-4.71716945505453	1	2624
43447	175	5 -3.87426097511929 thresh	thresh=-3.9	5	-3.87426097511929	1	2620
43447	175	5 -3.42956141970862 thresh	thresh=-3.4	5	-3.42956141970862	1	2616
43447	175	5 -2.87110214393305 thresh	thresh=-2.9	5	-2.87110214393305	1	2612
43447	175	5 -2.524465240576 thresh	thresh=-2.5	5	-2.524465240576	1	2608
43447	175	5 -1.7250450381836 thresh	thresh=-1.7	5	-1.7250450381836	1	2604
43447	175	5 0.293237447653286 thresh	thresh=0.3	5	0.293237447653286	1	2648
43447	175	5 Inf thresh	thresh=Inf	5	Inf	1	2652
43447	150	-5 -Inf fp	fp=12	-5	-Inf	1	1270
43447	150	-5 -3.5987564321254 fp	fp=9	-5	-3.5987564321254	1	1266
43447	150	-5 -2.87110214393305 fp	fp=8	-5	-2.87110214393305	1	1262
43447	150	-5 -2.524465240576 fp	fp=7	-5	-2.524465240576	1	1258
43447	150	-5 -1.7250450381836 fp	fp=7	-5	-1.7250450381836	1	1254
43447	150	-5 -0.0126575242852369 fp	fp=6	-5	-0.0126575242852369	1	1250
43447	150	-5 1.26988692973461 fp	fp=5	-5	1.26988692973461	1	1274
43447	150	-5 1.71885391825865 fp	fp=5	-5	1.71885391825865	1	1278
43447	150	-5 2.20830916989523 fp	fp=2	-5	2.20830916989523	1	1282
43447	150	-5 2.92562278092917 fp	fp=1	-5	2.92562278092917	1	1286
43447	150	-5 3.95283511716953 fp	fp=1	-5	3.95283511716953	1	1290
43447	150	-5 5.45202555736225 fp	fp=0	-5	5.45202555736225	1	1294
43447	150	-5 Inf fp	fp=0	-5	Inf	1	1298
43447	150	-4.8 -Inf fp	fp=12	-4.8	-Inf	1	1218
43447	150	-4.8 -3.5987564321254 fp	fp=9	-4.8	-3.5987564321254	1	1214
43447	150	-4.8 -2.87110214393305 fp	fp=8	-4.8	-2.87110214393305	1	1210
43447	150	-4.8 -2.524465240576 fp	fp=7	-4.8	-2.524465240576	1	1206
43447	150	-4.8 -1.7250450381836 fp	fp=7	-4.8	-1.7250450381836	1	1202
43447	150	-4.8 -0.112657524285237 fp	fp=6	-4.8	-0.112657524285237	1	1198
43447	150	-4.8 1.16988692973461 fp	fp=5	-4.8	1.16988692973461	1	1222
43447	150	-4.8 1.61885391825865 fp	fp=5	-4.8	1.61885391825865	1	1226
43447	150	-4.8 2.00830916989523 fp	fp=2	-4.8	2.00830916989523	1	1230
43447	150	-4.8 2.72562278092917 fp	fp=1	-4.8	2.72562278092917	1	1234
43447	150	-4.8 3.75283511716953 fp	fp=1	-4.8	3.75283511716953	1	1238
43447	150	-4.8 5.25202555736225 fp	fp=0	-4.8	5.25202555736225	1	1242
43447	150	-4.8 Inf fp	fp=0	-4.8	Inf	1	1246
43447	150	-4.6 -Inf fp	fp=12	-4.6	-Inf	1	1166
43447	150	-4.6 -3.5987564321254 fp	fp=9	-4.6	-3.5987564321254	1	1162
43447	150	-4.6 -2.87110214393305 fp	fp=8	-4.6	-2.87110214393305	1	1158
43447	150	-4.6 -2.524465240576 fp	fp=7	-4.6	-2.524465240576	1	1154
43447	150	-4.6 -1.7250450381836 fp	fp=7	-4.6	-1.7250450381836	1	1150
43447	150	-4.6 -0.212657524285237 fp	fp=6	-4.6	-0.212657524285237	1	1146
43447	150	-4.6 1.01295894632013 fp	fp=5	-4.6	1.01295894632013	1	1170
43447	150	-4.6 1.51885391825865 fp	fp=2	-4.6	1.51885391825865	1	1174
43447	150	-4.6 1.86523715330971 fp	fp=2	-4.6	1.86523715330971	1	1178
43447	150	-4.6 2.52562278092917 fp	fp=1	-4.6	2.52562278092917	1	1182
43447	150	-4.6 3.55283511716953 fp	fp=1	-4.6	3.55283511716953	1	1186
43447	150	-4.6 5.05202555736225 fp	fp=0	-4.6	5.05202555736225	1	1190
43447	150	-4.6 Inf fp	fp=0	-4.6	Inf	1	1194
43447	150	-4.4 -Inf fp	fp=12	-4.4	-Inf	1	1114
43447	150	-4.4 -3.5987564321254 fp	fp=9	-4.4	-3.5987564321254	1	1110
43447	150	-4.4 -2.87110214393305 fp	fp=8	-4.4	-2.87110214393305	1	1106
43447	150	-4.4 -2.524465240576 fp	fp=7	-4.4	-2.524465240576	1	1102
43447	150	-4.4 -1.7250450381836 fp	fp=7	-4.4	-1.7250450381836	1	1098
43447	150	-4.4 -0.312657524285237 fp	fp=6	-4.4	-0.312657524285237	1	1094
43447	150	-4.4 0.812958946320131 fp	fp=5	-4.4	0.812958946320131	1	1118
43447	150	-4.4 1.41885391825865 fp	fp=2	-4.4	1.41885391825865	1	1122
43447	150	-4.4 1.76523715330971 fp	fp=2	-4.4	1.76523715330971	1	1126
43447	150	-4.4 2.32562278092917 fp	fp=1	-4.4	2.32562278092917	1	1130
43447	150	-4.4 3.35283511716953 fp	fp=1	-4.4	3.35283511716953	1	1134
43447	150	-4.4 4.85202555736225 fp	fp=0	-4.4	4.85202555736225	1	1138
43447	150	-4.4 Inf fp	fp=0	-4.4	Inf	1	1142
43447	150	-4.2 -Inf fp	fp=12	-4.2	-Inf	1	1062
43447	150	-4.2 -3.5987564321254 fp	fp=9	-4.2	-3.5987564321254	1	1058
43447	150	-4.2 -2.87110214393305 fp	fp=8	-4.2	-2.87110214393305	1	1054
43447	150	-4.2 -2.524465240576 fp	fp=7	-4.2	-2.524465240576	1	1050
43447	150	-4.2 -1.7250450381836 fp	fp=7	-4.2	-1.7250450381836	1	1046
43447	150	-4.2 -0.412657524285237 fp	fp=6	-4.2	-0.412657524285237	1	1042
43447	150	-4.2 0.612958946320131 fp	fp=5	-4.2	0.612958946320131	1	1066
43447	150	-4.2 1.31885391825865 fp	fp=2	-4.2	1.31885391825865	1	1070
43447	150	-4.2 1.66523715330971 fp	fp=2	-4.2	1.66523715330971	1	1074
43447	150	-4.2 2.12562278092917 fp	fp=1	-4.2	2.12562278092917	1	1078
43447	150	-4.2 3.15283511716953 fp	fp=1	-4.2	3.15283511716953	1	1082
43447	150	-4.2 4.65202555736225 fp	fp=0	-4.2	4.65202555736225	1	1086
43447	150	-4.2 Inf fp	fp=0	-4.2	Inf	1	1090
43447	150	-4 -Inf fp	fp=12	-4	-Inf	1	1010
43447	150	-4 -3.5987564321254 fp	fp=9	-4	-3.5987564321254	1	1006
43447	150	-4 -2.87110214393305 fp	fp=8	-4	-2.87110214393305	1	1002
43447	150	-4 -2.524465240576 fp	fp=7	-4	-2.524465240576	1	998
43447	150	-4 -1.7250450381836 fp	fp=7	-4	-1.7250450381836	1	994
43447	150	-4 -0.512657524285237 fp	fp=6	-4	-0.512657524285237	1	990
43447	150	-4 0.412958946320131 fp	fp=5	-4	0.412958946320131	1	1014
43447	150	-4 1.20830916989523 fp	fp=2	-4	1.20830916989523	1	1018
43447	150	-4 1.56523715330971 fp	fp=1	-4	1.56523715330971	1	1022
43447	150	-4 1.9361675292926 fp	fp=1	-4	1.9361675292926	1	1026
43447	150	-4 2.95283511716953 fp	fp=1	-4	2.95283511716953	1	1030
43447	150	-4 4.45202555736225 fp	fp=0	-4	4.45202555736225	1	1034
43447	150	-4 Inf fp	fp=0	-4	Inf	1	1038
43447	150	-3.8 -Inf fp	fp=12	-3.8	-Inf	1	958
43447	150	-3.8 -3.5987564321254 fp	fp=9	-3.8	-3.5987564321254	1	954
43447	150	-3.8 -2.87110214393305 fp	fp=8	-3.8	-2.87110214393305	1	950
43447	150	-3.8 -2.524465240576 fp	fp=7	-3.8	-2.524465240576	1	946
43447	150	-3.8 -1.7250450381836 fp	fp=7	-3.8	-1.7250450381836	1	942
43447	150	-3.8 -0.612657524285237 fp	fp=6	-3.8	-0.612657524285237	1	938
43447	150	-3.8 0.212958946320131 fp	fp=5	-3.8	0.212958946320131	1	962
43447	150	-3.8 1.00830916989523 fp	fp=2	-3.8	1.00830916989523	1	966
43447	150	-3.8 1.46523715330971 fp	fp=1	-3.8	1.46523715330971	1	970
43447	150	-3.8 1.8361675292926 fp	fp=1	-3.8	1.8361675292926	1	974
43447	150	-3.8 2.75283511716953 fp	fp=1	-3.8	2.75283511716953	1	978
43447	150	-3.8 4.25202555736225 fp	fp=0	-3.8	4.25202555736225	1	982
43447	150	-3.8 Inf fp	fp=0	-3.8	Inf	1	986
43447	150	-3.6 -Inf fp	fp=12	-3.6	-Inf	1	906
43447	150	-3.6 -3.5987564321254 fp	fp=9	-3.6	-3.5987564321254	1	902
43447	150	-3.6 -2.87110214393305 fp	fp=8	-3.6	-2.87110214393305	1	898
43447	150	-3.6 -2.524465240576 fp	fp=7	-3.6	-2.524465240576	1	894
43447	150	-3.6 -1.7250450381836 fp	fp=7	-3.6	-1.7250450381836	1	890
43447	150	-3.6 -0.712657524285237 fp	fp=6	-3.6	-0.712657524285237	1	886
43447	150	-3.6 0.0129589463201305 fp	fp=5	-3.6	0.0129589463201305	1	910
43447	150	-3.6 0.808309169895229 fp	fp=2	-3.6	0.808309169895229	1	914
43447	150	-3.6 1.36523715330971 fp	fp=1	-3.6	1.36523715330971	1	918
43447	150	-3.6 1.7361675292926 fp	fp=1	-3.6	1.7361675292926	1	922
43447	150	-3.6 2.55283511716953 fp	fp=1	-3.6	2.55283511716953	1	926
43447	150	-3.6 4.05202555736225 fp	fp=0	-3.6	4.05202555736225	1	930
43447	150	-3.6 Inf fp	fp=0	-3.6	Inf	1	934
43447	150	-3.4 -Inf fp	fp=12	-3.4	-Inf	1	858
43447	150	-3.4 -3.5987564321254 fp	fp=9	-3.4	-3.5987564321254	1	854
43447	150	-3.4 -2.87110214393305 fp	fp=8	-3.4	-2.87110214393305	1	850
43447	150	-3.4 -2.524465240576 fp	fp=7	-3.4	-2.524465240576	1	846
43447	150	-3.4 -1.7250450381836 fp	fp=7	-3.4	-1.7250450381836	1	842
43447	150	-3.4 -0.812657524285237 fp	fp=6	-3.4	-0.812657524285237	1	838
43447	150	-3.4 -0.187041053679869 fp	fp=5	-3.4	-0.187041053679869	1	834
43447	150	-3.4 0.60830916989523 fp	fp=2	-3.4	0.60830916989523	1	862
43447	150	-3.4 1.26523715330971 fp	fp=1	-3.4	1.26523715330971	1	866
43447	150	-3.4 1.6361675292926 fp	fp=1	-3.4	1.6361675292926	1	870
43447	150	-3.4 2.35283511716953 fp	fp=1	-3.4	2.35283511716953	1	874
43447	150	-3.4 3.85202555736225 fp	fp=0	-3.4	3.85202555736225	1	878
43447	150	-3.4 Inf fp	fp=0	-3.4	Inf	1	882
43447	150	-3.2 -Inf fp	fp=12	-3.2	-Inf	1	806
43447	150	-3.2 -3.5987564321254 fp	fp=9	-3.2	-3.5987564321254	1	802
43447	150	-3.2 -2.87110214393305 fp	fp=8	-3.2	-2.87110214393305	1	798
43447	150	-3.2 -2.524465240576 fp	fp=7	-3.2	-2.524465240576	1	794
43447	150	-3.2 -1.7250450381836 fp	fp=7	-3.2	-1.7250450381836	1	790
43447	150	-3.2 -0.912657524285237 fp	fp=6	-3.2	-0.912657524285237	1	786
43447	150	-3.2 -0.387041053679869 fp	fp=5	-3.2	-0.387041053679869	1	782
43447	150	-3.2 0.40830916989523 fp	fp=2	-3.2	0.408309169895229	1	810
43447	150	-3.2 1.12562278092917 fp	fp=1	-3.2	1.12562278092917	1	814
43447	150	-3.2 1.5361675292926 fp	fp=1	-3.2	1.5361675292926	1	818
43447	150	-3.2 2.19244948955007 fp	fp=1	-3.2	2.19244948955007	1	822
43447	150	-3.2 3.65202555736225 fp	fp=0	-3.2	3.65202555736225	1	826
43447	150	-3.2 Inf fp	fp=0	-3.2	Inf	1	830
43447	150	-3 -Inf fp	fp=12	-3	-Inf	1	754
43447	150	-3 -3.5987564321254 fp	fp=9	-3	-3.5987564321254	1	750
43447	150	-3 -2.87110214393305 fp	fp=8	-3	-2.87110214393305	1	746
43447	150	-3 -2.524465240576 fp	fp=7	-3	-2.524465240576	1	742
43447	150	-3 -1.74839555610227 fp	fp=7	-3	-1.74839555610227	1	738
43447	150	-3 -1.01265752428524 fp	fp=6	-3	-1.01265752428524	1	734
43447	150	-3 -0.563690535761193 fp	fp=5	-3	-0.563690535761193	1	730
43447	150	-3 0.208309169895229 fp	fp=2	-3	0.208309169895229	1	758
43447	150	-3 0.925622780929171 fp	fp=1	-3	0.925622780929171	1	762
43447	150	-3 1.4361675292926 fp	fp=1	-3	1.4361675292926	1	766
43447	150	-3 2.09244948955007 fp	fp=1	-3	2.09244948955007	1	770
43447	150	-3 3.45202555736225 fp	fp=0	-3	3.45202555736225	1	774
43447	150	-3 Inf fp	fp=0	-3	Inf	1	778
43447	150	-2.8 -Inf fp	fp=12	-2.8	-Inf	1	702
43447	150	-2.8 -3.5987564321254 fp	fp=9	-2.8	-3.5987564321254	1	698
43447	150	-2.8 -2.87110214393305 fp	fp=8	-2.8	-2.87110214393305	1	694
43447	150	-2.8 -2.524465240576 fp	fp=7	-2.8	-2.524465240576	1	690
43447	150	-2.8 -1.84839555610227 fp	fp=7	-2.8	-1.84839555610227	1	686
43447	150	-2.8 -1.11265752428524 fp	fp=6	-2.8	-1.11265752428524	1	682
43447	150	-2.8 -0.663690535761193 fp	fp=5	-2.8	-0.663690535761193	1	678
43447	150	-2.8 0.00830916989522912 fp	fp=2	-2.8	0.00830916989522912	1	706
43447	150	-2.8 0.725622780929171 fp	fp=1	-2.8	0.725622780929171	1	710
43447	150	-2.8 1.3361675292926 fp	fp=1	-2.8	1.3361675292926	1	714
43447	150	-2.8 1.99244948955007 fp	fp=1	-2.8	1.99244948955007	1	718
43447	150	-2.8 3.25202555736225 fp	fp=0	-2.8	3.25202555736225	1	722
43447	150	-2.8 Inf fp	fp=0	-2.8	Inf	1	726
43447	150	-2.6 -Inf fp	fp=12	-2.6	-Inf	1	654
43447	150	-2.6 -3.5987564321254 fp	fp=9	-2.6	-3.5987564321254	1	650
43447	150	-2.6 -2.87110214393305 fp	fp=8	-2.6	-2.87110214393305	1	646
43447	150	-2.6 -2.524465240576 fp	fp=7	-2.6	-2.524465240576	1	642
43447	150	-2.6 -1.94839555610227 fp	fp=7	-2.6	-1.94839555610227	1	638
43447	150	-2.6 -1.21265752428524 fp	fp=6	-2.6	-1.21265752428524	1	634
43447	150	-2.6 -0.763690535761193 fp	fp=5	-2.6	-0.763690535761193	1	630
43447	150	-2.6 -0.191690830104771 fp	fp=2	-2.6	-0.191690830104771	1	626
43447	150	-2.6 0.52562278092917 fp	fp=1	-2.6	0.525622780929171	1	658
43447	150	-2.6 1.2361675292926 fp	fp=1	-2.6	1.2361675292926	1	662
43447	150	-2.6 1.89244948955007 fp	fp=1	-2.6	1.89244948955007	1	666
43447	150	-2.6 3.05202555736225 fp	fp=0	-2.6	3.05202555736225	1	670
43447	150	-2.6 Inf fp	fp=0	-2.6	Inf	1	674
43447	150	-2.4 -Inf fp	fp=12	-2.4	-Inf	1	602
43447	150	-2.4 -3.5987564321254 fp	fp=9	-2.4	-3.5987564321254	1	598
43447	150	-2.4 -2.87110214393305 fp	fp=8	-2.4	-2.87110214393305	1	594
43447	150	-2.4 -2.524465240576 fp	fp=7	-2.4	-2.524465240576	1	590
43447	150	-2.4 -2.04839555610227 fp	fp=7	-2.4	-2.04839555610227	1	586
43447	150	-2.4 -1.31265752428524 fp	fp=6	-2.4	-1.31265752428524	1	582
43447	150	-2.4 -0.863690535761193 fp	fp=5	-2.4	-0.863690535761193	1	578
43447	150	-2.4 -0.39169083010477 fp	fp=2	-2.4	-0.39169083010477	1	574
43447	150	-2.4 0.325622780929171 fp	fp=1	-2.4	0.325622780929171	1	606
43447	150	-2.4 1.1361675292926 fp	fp=1	-2.4	1.1361675292926	1	610
43447	150	-2.4 1.79244948955007 fp	fp=1	-2.4	1.79244948955007	1	614
43447	150	-2.4 2.85202555736225 fp	fp=0	-2.4	2.85202555736225	1	618
43447	150	-2.4 Inf fp	fp=0	-2.4	Inf	1	622
43447	150	-2.2 -Inf fp	fp=12	-2.2	-Inf	1	550
43447	150	-2.2 -3.5987564321254 fp	fp=9	-2.2	-3.5987564321254	1	546
43447	150	-2.2 -2.87110214393305 fp	fp=8	-2.2	-2.87110214393305	1	542
43447	150	-2.2 -2.524465240576 fp	fp=7	-2.2	-2.524465240576	1	538
43447	150	-2.2 -2.14839555610227 fp	fp=7	-2.2	-2.14839555610227	1	534
43447	150	-2.2 -1.41265752428524 fp	fp=6	-2.2	-1.41265752428524	1	530
43447	150	-2.2 -0.963690535761193 fp	fp=5	-2.2	-0.963690535761193	1	526
43447	150	-2.2 -0.591690830104771 fp	fp=2	-2.2	-0.591690830104771	1	522
43447	150	-2.2 0.12562278092917 fp	fp=1	-2.2	0.12562278092917	1	554
43447	150	-2.2 1.0361675292926 fp	fp=1	-2.2	1.0361675292926	1	558
43447	150	-2.2 1.69244948955007 fp	fp=1	-2.2	1.69244948955007	1	562
43447	150	-2.2 2.65202555736225 fp	fp=0	-2.2	2.65202555736225	1	566
43447	150	-2.2 Inf fp	fp=0	-2.2	Inf	1	570
43447	150	-2 -Inf fp	fp=12	-2	-Inf	1	502
43447	150	-2 -3.5987564321254 fp	fp=9	-2	-3.5987564321254	1	498
43447	150	-2 -2.87110214393305 fp	fp=8	-2	-2.87110214393305	1	494
43447	150	-2 -2.524465240576 fp	fp=7	-2	-2.524465240576	1	490
43447	150	-2 -2.24839555610227 fp	fp=7	-2	-2.24839555610227	1	486
43447	150	-2 -1.58704105367987 fp	fp=6	-2	-1.58704105367987	1	482
43447	150	-2 -1.06369053576119 fp	fp=3	-2	-1.06369053576119	1	478
43447	150	-2 -0.717307300710138 fp	fp=2	-2	-0.717307300710139	1	474
43447	150	-2 -0.0743772190708292 fp	fp=1	-2	-0.0743772190708292	1	470
43447	150	-2 0.936167529292596 fp	fp=1	-2	0.936167529292596	1	506
43447	150	-2 1.59244948955007 fp	fp=1	-2	1.59244948955007	1	510
43447	150	-2 2.45202555736225 fp	fp=0	-2	2.45202555736225	1	514
43447	150	-2 Inf fp	fp=0	-2	Inf	1	518
43447	150	-1.8 -Inf fp	fp=12	-1.8	-Inf	1	450
43447	150	-1.8 -3.5987564321254 fp	fp=9	-1.8	-3.5987564321254	1	446
43447	150	-1.8 -2.87110214393305 fp	fp=8	-1.8	-2.87110214393305	1	442
43447	150	-1.8 -2.524465240576 fp	fp=7	-1.8	-2.524465240576	1	438
43447	150	-1.8 -2.34839555610227 fp	fp=7	-1.8	-2.34839555610227	1	434
43447	150	-1.8 -1.78704105367987 fp	fp=6	-1.8	-1.78704105367987	1	430
43447	150	-1.8 -1.16369053576119 fp	fp=3	-1.8	-1.16369053576119	1	426
43447	150	-1.8 -0.817307300710138 fp	fp=2	-1.8	-0.817307300710138	1	422
43447	150	-1.8 -0.274377219070828 fp	fp=1	-1.8	-0.274377219070828	1	418
43447	150	-1.8 0.752835117169532 fp	fp=1	-1.8	0.752835117169532	1	454
43447	150	-1.8 1.49244948955007 fp	fp=0	-1.8	1.49244948955007	1	458
43447	150	-1.8 2.33535796948531 fp	fp=0	-1.8	2.33535796948531	1	462
43447	150	-1.8 Inf fp	fp=0	-1.8	Inf	1	466
43447	150	-1.6 -Inf fp	fp=12	-1.6	-Inf	1	398
43447	150	-1.6 -3.5987564321254 fp	fp=9	-1.6	-3.5987564321254	1	394
43447	150	-1.6 -2.87110214393305 fp	fp=8	-1.6	-2.87110214393305	1	390
43447	150	-1.6 -2.524465240576 fp	fp=7	-1.6	-2.524465240576	1	386
43447	150	-1.6 -2.44839555610227 fp	fp=7	-1.6	-2.44839555610227	1	382
43447	150	-1.6 -1.98704105367987 fp	fp=6	-1.6	-1.98704105367987	1	378
43447	150	-1.6 -1.26369053576119 fp	fp=3	-1.6	-1.26369053576119	1	374
43447	150	-1.6 -0.917307300710139 fp	fp=2	-1.6	-0.917307300710139	1	370
43447	150	-1.6 -0.47437721907083 fp	fp=1	-1.6	-0.47437721907083	1	366
43447	150	-1.6 0.552835117169531 fp	fp=1	-1.6	0.552835117169531	1	402
43447	150	-1.6 1.39244948955007 fp	fp=0	-1.6	1.39244948955007	1	406
43447	150	-1.6 2.23535796948531 fp	fp=0	-1.6	2.23535796948531	1	410
43447	150	-1.6 Inf fp	fp=0	-1.6	Inf	1	414
43447	150	-1.4 -Inf fp	fp=12	-1.4	-Inf	1	346
43447	150	-1.4 -3.5987564321254 fp	fp=9	-1.4	-3.5987564321254	1	342
43447	150	-1.4 -2.89503245945932 fp	fp=8	-1.4	-2.89503245945932	1	338
43447	150	-1.4 -2.61207772667764 fp	fp=7	-1.4	-2.61207772667764	1	334
43447	150	-1.4 -2.524465240576 fp	fp=6	-1.4	-2.524465240576	1	330
43447	150	-1.4 -2.09942856757823 fp	fp=6	-1.4	-2.09942856757823	1	326
43447	150	-1.4 -1.39169083010477 fp	fp=3	-1.4	-1.39169083010477	1	322
43447	150	-1.4 -1.01730730071014 fp	fp=2	-1.4	-1.01730730071014	1	318
43447	150	-1.4 -0.646376924727251 fp	fp=1	-1.4	-0.646376924727251	1	314
43447	150	-1.4 0.352835117169532 fp	fp=1	-1.4	0.352835117169532	1	350
43447	150	-1.4 1.29244948955007 fp	fp=0	-1.4	1.29244948955007	1	354
43447	150	-1.4 2.13535796948531 fp	fp=0	-1.4	2.13535796948531	1	358
43447	150	-1.4 Inf fp	fp=0	-1.4	Inf	1	362
43447	150	-1.2 -Inf fp	fp=12	-1.2	-Inf	1	294
43447	150	-1.2 -3.5987564321254 fp	fp=9	-1.2	-3.5987564321254	1	290
43447	150	-1.2 -2.99503245945932 fp	fp=8	-1.2	-2.99503245945932	1	286
43447	150	-1.2 -2.71207772667764 fp	fp=7	-1.2	-2.71207772667764	1	282
43447	150	-1.2 -2.524465240576 fp	fp=6	-1.2	-2.524465240576	1	278
43447	150	-1.2 -2.19942856757823 fp	fp=6	-1.2	-2.19942856757823	1	274
43447	150	-1.2 -1.59169083010477 fp	fp=3	-1.2	-1.59169083010477	1	270
43447	150	-1.2 -1.11730730071014 fp	fp=2	-1.2	-1.11730730071014	1	266
43447	150	-1.2 -0.746376924727252 fp	fp=1	-1.2	-0.746376924727252	1	262
43447	150	-1.2 0.152835117169531 fp	fp=1	-1.2	0.152835117169531	1	298
43447	150	-1.2 1.19244948955007 fp	fp=0	-1.2	1.19244948955007	1	302
43447	150	-1.2 2.03535796948531 fp	fp=0	-1.2	2.03535796948531	1	306
43447	150	-1.2 Inf fp	fp=0	-1.2	Inf	1	310
43447	150	-1 -Inf fp	fp=12	-1	-Inf	1	246
43447	150	-1 -3.5987564321254 fp	fp=9	-1	-3.5987564321254	1	242
43447	150	-1 -3.09503245945932 fp	fp=8	-1	-3.09503245945932	1	238
43447	150	-1 -2.81207772667764 fp	fp=7	-1	-2.81207772667764	1	234
43447	150	-1 -2.524465240576 fp	fp=6	-1	-2.524465240576	1	230
43447	150	-1 -2.29942856757823 fp	fp=6	-1	-2.29942856757823	1	226
43447	150	-1 -1.79169083010477 fp	fp=3	-1	-1.79169083010477	1	222
43447	150	-1 -1.21730730071014 fp	fp=2	-1	-1.21730730071014	1	218
43447	150	-1 -0.846376924727251 fp	fp=1	-1	-0.846376924727252	1	214
43447	150	-1 -0.0471648828304687 fp	fp=1	-1	-0.0471648828304687	1	210
43447	150	-1 1.09244948955007 fp	fp=0	-1	1.09244948955007	1	250
43447	150	-1 1.93535796948531 fp	fp=0	-1	1.93535796948531	1	254
43447	150	-1 Inf fp	fp=0	-1	Inf	1	258
43447	150	-0.8 -Inf fp	fp=12	-0.8	-Inf	1	194
43447	150	-0.8 -3.63973201486999 fp	fp=9	-0.8	-3.63973201486999	1	190
43447	150	-0.8 -3.19503245945932 fp	fp=8	-0.8	-3.19503245945932	1	186
43447	150	-0.8 -2.87110214393305 fp	fp=7	-0.8	-2.87110214393305	1	182
43447	150	-0.8 -2.524465240576 fp	fp=6	-0.8	-2.524465240576	1	178
43447	150	-0.8 -2.39942856757823 fp	fp=6	-0.8	-2.39942856757823	1	174
43447	150	-0.8 -1.99169083010477 fp	fp=3	-0.8	-1.99169083010477	1	170
43447	150	-0.8 -1.31730730071014 fp	fp=2	-0.8	-1.31730730071014	1	166
43447	150	-0.8 -0.946376924727251 fp	fp=1	-0.8	-0.946376924727251	1	162
43447	150	-0.8 -0.247164882830468 fp	fp=1	-0.8	-0.247164882830468	1	158
43447	150	-0.8 0.99244948955007 fp	fp=0	-0.8	0.99244948955007	1	198
43447	150	-0.8 1.83535796948531 fp	fp=0	-0.8	1.83535796948531	1	202
43447	150	-0.8 Inf fp	fp=0	-0.8	Inf	1	206
43447	150	-0.6 -Inf fp	fp=12	-0.6	-Inf	1	142
43447	150	-0.6 -3.73973201486999 fp	fp=9	-0.6	-3.73973201486999	1	138
43447	150	-0.6 -3.29503245945932 fp	fp=8	-0.6	-3.29503245945932	1	134
43447	150	-0.6 -2.87110214393305 fp	fp=7	-0.6	-2.87110214393305	1	130
43447	150	-0.6 -2.5631107381536 fp	fp=6	-0.6	-2.5631107381536	1	126
43447	150	-0.6 -2.49942856757823 fp	fp=3	-0.6	-2.49942856757823	1	122
43447	150	-0.6 -2.15304533252717 fp	fp=3	-0.6	-2.15304533252717	1	118
43447	150	-0.6 -1.47437721907083 fp	fp=2	-0.6	-1.47437721907083	1	114
43447	150	-0.6 -1.04637692472725 fp	fp=2	-0.6	-1.04637692472725	1	110
43447	150	-0.6 -0.390094964469778 fp	fp=1	-0.6	-0.390094964469778	1	106
43447	150	-0.6 0.892449489550069 fp	fp=0	-0.6	0.892449489550069	1	146
43447	150	-0.6 1.73535796948531 fp	fp=0	-0.6	1.73535796948531	1	150
43447	150	-0.6 Inf fp	fp=0	-0.6	Inf	1	154
43447	150	-0.399999999999999 -Inf fp	fp=12	-0.399999999999999	-Inf	1	90
43447	150	-0.399999999999999 -3.83973201486999 fp	fp=9	-0.399999999999999	-3.83973201486999	1	86
43447	150	-0.399999999999999 -3.39503245945932 fp	fp=8	-0.399999999999999	-3.39503245945932	1	82
43447	150	-0.399999999999999 -2.94606547093528 fp	fp=7	-0.399999999999999	-2.94606547093528	1	78
43447	150	-0.399999999999999 -2.6631107381536 fp	fp=4	-0.399999999999999	-2.6631107381536	1	74
43447	150	-0.399999999999999 -2.524465240576 fp	fp=3	-0.399999999999999	-2.524465240576	1	70
43447	150	-0.399999999999999 -2.25304533252717 fp	fp=3	-0.399999999999999	-2.25304533252717	1	66
43447	150	-0.399999999999999 -1.67437721907083 fp	fp=2	-0.399999999999999	-1.67437721907083	1	62
43447	150	-0.399999999999999 -1.14637692472725 fp	fp=2	-0.399999999999999	-1.14637692472725	1	58
43447	150	-0.399999999999999 -0.490094964469779 fp	fp=1	-0.399999999999999	-0.490094964469779	1	54
43447	150	-0.399999999999999 0.792449489550068 fp	fp=0	-0.399999999999999	0.792449489550068	1	94
43447	150	-0.399999999999999 1.63535796948531 fp	fp=0	-0.399999999999999	1.63535796948531	1	98
43447	150	-0.399999999999999 Inf fp	fp=0	-0.399999999999999	Inf	1	102
43447	150	-0.199999999999999 -Inf fp	fp=12	-0.199999999999999	-Inf	1	38
43447	150	-0.199999999999999 -3.93973201486999 fp	fp=9	-0.199999999999999	-3.93973201486999	1	34
43447	150	-0.199999999999999 -3.49503245945932 fp	fp=8	-0.199999999999999	-3.49503245945932	1	30
43447	150	-0.199999999999999 -3.04606547093528 fp	fp=7	-0.199999999999999	-3.04606547093528	1	26
43447	150	-0.199999999999999 -2.7631107381536 fp	fp=4	-0.199999999999999	-2.7631107381536	1	22
43447	150	-0.199999999999999 -2.524465240576 fp	fp=3	-0.199999999999999	-2.524465240576	1	18
43447	150	-0.199999999999999 -2.35304533252717 fp	fp=3	-0.199999999999999	-2.35304533252717	1	14
43447	150	-0.199999999999999 -1.87437721907083 fp	fp=2	-0.199999999999999	-1.87437721907083	1	10
43447	150	-0.199999999999999 -1.24637692472725 fp	fp=2	-0.199999999999999	-1.24637692472725	1	6
43447	150	-0.199999999999999 -0.590094964469778 fp	fp=1	-0.199999999999999	-0.590094964469778	1	2
43447	150	-0.199999999999999 0.652025557362248 fp	fp=0	-0.199999999999999	0.652025557362248	1	42
43447	150	-0.199999999999999 1.53535796948531 fp	fp=0	-0.199999999999999	1.53535796948531	1	46
43447	150	-0.199999999999999 Inf fp	fp=0	-0.199999999999999	Inf	1	50
43447	150	0 -Inf fp	fp=12	0	-Inf	1	1338
43447	150	0 -4.03973201486999 fp	fp=9	0	-4.03973201486999	1	1334
43447	150	0 -3.59503245945932 fp	fp=8	0	-3.59503245945932	1	1330
43447	150	0 -3.14606547093528 fp	fp=7	0	-3.14606547093528	1	1326
43447	150	0 -2.8631107381536 fp	fp=4	0	-2.8631107381536	1	1322
43447	150	0 -2.524465240576 fp	fp=3	0	-2.524465240576	1	1318
43447	150	0 -2.45304533252717 fp	fp=3	0	-2.45304533252717	1	1314
43447	150	0 -2.07437721907083 fp	fp=2	0	-2.07437721907083	1	1310
43447	150	0 -1.34637692472725 fp	fp=2	0	-1.34637692472725	1	1306
43447	150	0 -0.690094964469778 fp	fp=1	0	-0.690094964469778	1	1302
43447	150	0 0.452025557362249 fp	fp=0	0	0.452025557362249	1	1342
43447	150	0 1.43535796948531 fp	fp=0	0	1.43535796948531	1	1346
43447	150	0 Inf fp	fp=0	0	Inf	1	1350
43447	150	0.2 -Inf fp	fp=12	0.2	-Inf	1	1390
43447	150	0.2 -4.13973201486999 fp	fp=11	0.2	-4.13973201486999	1	1386
43447	150	0.2 -3.69076502634595 fp	fp=8	0.2	-3.69076502634595	1	1382
43447	150	0.2 -3.24606547093528 fp	fp=5	0.2	-3.24606547093528	1	1378
43447	150	0.2 -2.89968223588422 fp	fp=4	0.2	-2.89968223588422	1	1374
43447	150	0.2 -2.61672750310254 fp	fp=3	0.2	-2.61672750310254	1	1370
43447	150	0.2 -2.524465240576 fp	fp=2	0.2	-2.524465240576	1	1366
43447	150	0.2 -2.18211495654429 fp	fp=2	0.2	-2.18211495654429	1	1362
43447	150	0.2 -1.44637692472725 fp	fp=2	0.2	-1.44637692472725	1	1358
43447	150	0.2 -0.790094964469778 fp	fp=1	0.2	-0.790094964469778	1	1354
43447	150	0.2 0.252025557362249 fp	fp=0	0.2	0.252025557362249	1	1394
43447	150	0.2 1.33535796948531 fp	fp=0	0.2	1.33535796948531	1	1398
43447	150	0.2 Inf fp	fp=0	0.2	Inf	1	1402
43447	150	0.4 -Inf fp	fp=12	0.4	-Inf	1	1442
43447	150	0.4 -4.23973201486999 fp	fp=11	0.4	-4.23973201486999	1	1438
43447	150	0.4 -3.79076502634595 fp	fp=8	0.4	-3.79076502634595	1	1434
43447	150	0.4 -3.34606547093528 fp	fp=5	0.4	-3.34606547093528	1	1430
43447	150	0.4 -2.99968223588422 fp	fp=4	0.4	-2.99968223588422	1	1426
43447	150	0.4 -2.71672750310254 fp	fp=3	0.4	-2.71672750310254	1	1422
43447	150	0.4 -2.524465240576 fp	fp=2	0.4	-2.524465240576	1	1418
43447	150	0.4 -2.28211495654429 fp	fp=2	0.4	-2.28211495654429	1	1414
43447	150	0.4 -1.54637692472725 fp	fp=2	0.4	-1.54637692472725	1	1410
43447	150	0.4 -0.890094964469778 fp	fp=1	0.4	-0.890094964469778	1	1406
43447	150	0.4 0.0520255573622483 fp	fp=0	0.4	0.0520255573622483	1	1446
43447	150	0.4 1.23535796948531 fp	fp=0	0.4	1.23535796948531	1	1450
43447	150	0.4 Inf fp	fp=0	0.4	Inf	1	1454
43447	150	0.6 -Inf fp	fp=12	0.600000000000001	-Inf	1	1498
43447	150	0.6 -4.33973201486999 fp	fp=11	0.600000000000001	-4.33973201486999	1	1494
43447	150	0.6 -3.89076502634595 fp	fp=8	0.600000000000001	-3.89076502634595	1	1490
43447	150	0.6 -3.44606547093528 fp	fp=5	0.600000000000001	-3.44606547093528	1	1486
43447	150	0.6 -3.09968223588423 fp	fp=4	0.600000000000001	-3.09968223588423	1	1482
43447	150	0.6 -2.81672750310254 fp	fp=3	0.600000000000001	-2.81672750310254	1	1478
43447	150	0.6 -2.524465240576 fp	fp=2	0.600000000000001	-2.524465240576	1	1474
43447	150	0.6 -2.38211495654429 fp	fp=2	0.600000000000001	-2.38211495654429	1	1470
43447	150	0.6 -1.64716488283047 fp	fp=2	0.600000000000001	-1.64716488283047	1	1466
43447	150	0.6 -0.990094964469779 fp	fp=1	0.600000000000001	-0.990094964469779	1	1462
43447	150	0.6 -0.147186484534535 fp	fp=0	0.600000000000001	-0.147186484534535	1	1458
43447	150	0.6 1.13535796948531 fp	fp=0	0.600000000000001	1.13535796948531	1	1502
43447	150	0.6 Inf fp	fp=0	0.600000000000001	Inf	1	1506
43447	150	0.800000000000001 -Inf fp	fp=12	0.800000000000001	-Inf	1	1550
43447	150	0.800000000000001 -4.43973201486999 fp	fp=11	0.800000000000001	-4.43973201486999	1	1546
43447	150	0.800000000000001 -3.99076502634595 fp	fp=8	0.800000000000001	-3.99076502634595	1	1542
43447	150	0.800000000000001 -3.59169083010477 fp	fp=5	0.800000000000001	-3.59169083010477	1	1538
43447	150	0.800000000000001 -3.19968223588422 fp	fp=4	0.800000000000001	-3.19968223588422	1	1534
43447	150	0.800000000000001 -2.87110214393305 fp	fp=3	0.800000000000001	-2.87110214393305	1	1530
43447	150	0.800000000000001 -2.54579712711966 fp	fp=2	0.800000000000001	-2.54579712711966	1	1526
43447	150	0.800000000000001 -2.48211495654429 fp	fp=2	0.800000000000001	-2.48211495654429	1	1522
43447	150	0.800000000000001 -1.82583299628681 fp	fp=2	0.800000000000001	-1.82583299628681	1	1518
43447	150	0.800000000000001 -1.09009496446978 fp	fp=1	0.800000000000001	-1.09009496446978	1	1514
43447	150	0.800000000000001 -0.247186484534534 fp	fp=0	0.800000000000001	-0.247186484534534	1	1510
43447	150	0.800000000000001 1.03535796948531 fp	fp=0	0.800000000000001	1.03535796948531	1	1554
43447	150	0.800000000000001 Inf fp	fp=0	0.800000000000001	Inf	1	1558
43447	150	1 -Inf fp	fp=12	1	-Inf	1	1602
43447	150	1 -4.58704105367987 fp	fp=11	1	-4.58704105367987	1	1598
43447	150	1 -4.09076502634595 fp	fp=8	1	-4.09076502634595	1	1594
43447	150	1 -3.74438179129489 fp	fp=5	1	-3.74438179129489	1	1590
43447	150	1 -3.29968223588422 fp	fp=4	1	-3.29968223588422	1	1586
43447	150	1 -2.92875185990134 fp	fp=3	1	-2.92875185990134	1	1582
43447	150	1 -2.64579712711966 fp	fp=3	1	-2.64579712711966	1	1578
43447	150	1 -2.524465240576 fp	fp=2	1	-2.524465240576	1	1574
43447	150	1 -1.92583299628681 fp	fp=2	1	-1.92583299628681	1	1570
43447	150	1 -1.19009496446978 fp	fp=1	1	-1.19009496446978	1	1566
43447	150	1 -0.347186484534534 fp	fp=0	1	-0.347186484534534	1	1562
43447	150	1 0.935357969485313 fp	fp=0	1	0.935357969485313	1	1606
43447	150	1 Inf fp	fp=0	1	Inf	1	1610
43447	150	1.2 -Inf fp	fp=12	1.2	-Inf	1	1654
43447	150	1.2 -4.78704105367987 fp	fp=11	1.2	-4.78704105367987	1	1650
43447	150	1.2 -4.19076502634595 fp	fp=8	1.2	-4.19076502634595	1	1646
43447	150	1.2 -3.84438179129489 fp	fp=5	1.2	-3.84438179129489	1	1642
43447	150	1.2 -3.39968223588422 fp	fp=4	1.2	-3.39968223588422	1	1638
43447	150	1.2 -3.02875185990134 fp	fp=3	1.2	-3.02875185990134	1	1634
43447	150	1.2 -2.74579712711966 fp	fp=3	1.2	-2.74579712711966	1	1630
43447	150	1.2 -2.524465240576 fp	fp=2	1.2	-2.524465240576	1	1626
43447	150	1.2 -2.02583299628681 fp	fp=2	1.2	-2.02583299628681	1	1622
43447	150	1.2 -1.29009496446978 fp	fp=1	1.2	-1.29009496446978	1	1618
43447	150	1.2 -0.447186484534534 fp	fp=0	1.2	-0.447186484534534	1	1614
43447	150	1.2 0.835357969485313 fp	fp=0	1.2	0.835357969485314	1	1658
43447	150	1.2 Inf fp	fp=0	1.2	Inf	1	1662
43447	150	1.4 -Inf fp	fp=12	1.4	-Inf	1	1706
43447	150	1.4 -4.98704105367987 fp	fp=11	1.4	-4.98704105367987	1	1702
43447	150	1.4 -4.29076502634595 fp	fp=8	1.4	-4.29076502634595	1	1698
43447	150	1.4 -3.94438179129489 fp	fp=5	1.4	-3.94438179129489	1	1694
43447	150	1.4 -3.49968223588422 fp	fp=4	1.4	-3.49968223588422	1	1690
43447	150	1.4 -3.12875185990134 fp	fp=3	1.4	-3.12875185990134	1	1686
43447	150	1.4 -2.84579712711966 fp	fp=3	1.4	-2.84579712711966	1	1682
43447	150	1.4 -2.524465240576 fp	fp=2	1.4	-2.524465240576	1	1678
43447	150	1.4 -2.12583299628681 fp	fp=2	1.4	-2.12583299628681	1	1674
43447	150	1.4 -1.39009496446978 fp	fp=1	1.4	-1.39009496446978	1	1670
43447	150	1.4 -0.547186484534534 fp	fp=0	1.4	-0.547186484534534	1	1666
43447	150	1.4 0.735357969485313 fp	fp=0	1.4	0.735357969485313	1	1710
43447	150	1.4 Inf fp	fp=0	1.4	Inf	1	1714
43447	150	1.6 -Inf fp	fp=12	1.6	-Inf	1	1758
43447	150	1.6 -5.18704105367987 fp	fp=11	1.6	-5.18704105367987	1	1754
43447	150	1.6 -4.39169083010477 fp	fp=8	1.6	-4.39169083010477	1	1750
43447	150	1.6 -4.04438179129489 fp	fp=7	1.6	-4.04438179129489	1	1746
43447	150	1.6 -3.67345141531201 fp	fp=4	1.6	-3.67345141531201	1	1742
43447	150	1.6 -3.22875185990134 fp	fp=4	1.6	-3.22875185990134	1	1738
43447	150	1.6 -2.87110214393305 fp	fp=3	1.6	-2.87110214393305	1	1734
43447	150	1.6 -2.524465240576 fp	fp=2	1.6	-2.524465240576	1	1730
43447	150	1.6 -2.22583299628681 fp	fp=2	1.6	-2.22583299628681	1	1726
43447	150	1.6 -1.49009496446978 fp	fp=1	1.6	-1.49009496446978	1	1722
43447	150	1.6 -0.647186484534535 fp	fp=0	1.6	-0.647186484534535	1	1718
43447	150	1.6 0.635357969485312 fp	fp=0	1.6	0.635357969485312	1	1762
43447	150	1.6 Inf fp	fp=0	1.6	Inf	1	1766
43447	150	1.8 -Inf fp	fp=12	1.8	-Inf	1	1810
43447	150	1.8 -5.38704105367987 fp	fp=11	1.8	-5.38704105367987	1	1806
43447	150	1.8 -4.59169083010477 fp	fp=8	1.8	-4.59169083010477	1	1802
43447	150	1.8 -4.14438179129489 fp	fp=7	1.8	-4.14438179129489	1	1798
43447	150	1.8 -3.77345141531201 fp	fp=4	1.8	-3.77345141531201	1	1794
43447	150	1.8 -3.32875185990134 fp	fp=4	1.8	-3.32875185990134	1	1790
43447	150	1.8 -2.87110214393305 fp	fp=3	1.8	-2.87110214393305	1	1786
43447	150	1.8 -2.524465240576 fp	fp=2	1.8	-2.524465240576	1	1782
43447	150	1.8 -2.32583299628681 fp	fp=2	1.8	-2.32583299628681	1	1778
43447	150	1.8 -1.59009496446978 fp	fp=1	1.8	-1.59009496446978	1	1774
43447	150	1.8 -0.747186484534534 fp	fp=0	1.8	-0.747186484534534	1	1770
43447	150	1.8 0.535357969485313 fp	fp=0	1.8	0.535357969485313	1	1814
43447	150	1.8 Inf fp	fp=0	1.8	Inf	1	1818
43447	150	2 -Inf fp	fp=12	2	-Inf	1	1862
43447	150	2 -5.58704105367987 fp	fp=11	2	-5.58704105367987	1	1858
43447	150	2 -4.79169083010477 fp	fp=8	2	-4.79169083010477	1	1854
43447	150	2 -4.24438179129489 fp	fp=7	2	-4.24438179129489	1	1850
43447	150	2 -3.87345141531201 fp	fp=4	2	-3.87345141531201	1	1846
43447	150	2 -3.42875185990134 fp	fp=4	2	-3.42875185990134	1	1842
43447	150	2 -2.87110214393305 fp	fp=3	2	-2.87110214393305	1	1838
43447	150	2 -2.524465240576 fp	fp=2	2	-2.524465240576	1	1834
43447	150	2 -2.42583299628681 fp	fp=2	2	-2.42583299628681	1	1830
43447	150	2 -1.69009496446978 fp	fp=1	2	-1.69009496446978	1	1826
43447	150	2 -0.847186484534534 fp	fp=0	2	-0.847186484534534	1	1822
43447	150	2 0.435357969485313 fp	fp=0	2	0.435357969485313	1	1866
43447	150	2 Inf fp	fp=0	2	Inf	1	1870
43447	150	2.2 -Inf fp	fp=12	2.2	-Inf	1	1914
43447	150	2.2 -5.78704105367987 fp	fp=11	2.2	-5.78704105367987	1	1910
43447	150	2.2 -4.99169083010477 fp	fp=8	2.2	-4.99169083010477	1	1906
43447	150	2.2 -4.34438179129489 fp	fp=7	2.2	-4.34438179129489	1	1902
43447	150	2.2 -3.97345141531201 fp	fp=4	2.2	-3.97345141531201	1	1898
43447	150	2.2 -3.52875185990134 fp	fp=4	2.2	-3.52875185990134	1	1894
43447	150	2.2 -2.87246989964386 fp	fp=3	2.2	-2.87246989964386	1	1890
43447	150	2.2 -2.58951516686218 fp	fp=2	2.2	-2.58951516686218	1	1886
43447	150	2.2 -2.524465240576 fp	fp=1	2.2	-2.524465240576	1	1882
43447	150	2.2 -1.7250450381836 fp	fp=1	2.2	-1.7250450381836	1	1878
43447	150	2.2 -0.947186484534534 fp	fp=0	2.2	-0.947186484534534	1	1874
43447	150	2.2 0.335357969485313 fp	fp=0	2.2	0.335357969485314	1	1918
43447	150	2.2 Inf fp	fp=0	2.2	Inf	1	1922
43447	150	2.4 -Inf fp	fp=12	2.4	-Inf	1	1966
43447	150	2.4 -5.98704105367987 fp	fp=11	2.4	-5.98704105367987	1	1962
43447	150	2.4 -5.19169083010477 fp	fp=8	2.4	-5.19169083010477	1	1958
43447	150	2.4 -4.47437721907083 fp	fp=7	2.4	-4.47437721907083	1	1954
43447	150	2.4 -4.07345141531201 fp	fp=7	2.4	-4.07345141531201	1	1950
43447	150	2.4 -3.5987564321254 fp	fp=4	2.4	-3.5987564321254	1	1946
43447	150	2.4 -2.97246989964386 fp	fp=3	2.4	-2.97246989964386	1	1942
43447	150	2.4 -2.68951516686218 fp	fp=2	2.4	-2.68951516686218	1	1938
43447	150	2.4 -2.524465240576 fp	fp=1	2.4	-2.524465240576	1	1934
43447	150	2.4 -1.78292451635157 fp	fp=1	2.4	-1.78292451635157	1	1930
43447	150	2.4 -1.04718648453453 fp	fp=1	2.4	-1.04718648453453	1	1926
43447	150	2.4 0.293237447653286 fp	fp=0	2.4	0.293237447653286	1	1970
43447	150	2.4 Inf fp	fp=0	2.4	Inf	1	1974
43447	150	2.6 -Inf fp	fp=12	2.6	-Inf	1	2018
43447	150	2.6 -6.18704105367987 fp	fp=11	2.6	-6.18704105367987	1	2014
43447	150	2.6 -5.39169083010477 fp	fp=8	2.6	-5.39169083010477	1	2010
43447	150	2.6 -4.67437721907083 fp	fp=7	2.6	-4.67437721907083	1	2006
43447	150	2.6 -4.17345141531201 fp	fp=7	2.6	-4.17345141531201	1	2002
43447	150	2.6 -3.5987564321254 fp	fp=4	2.6	-3.5987564321254	1	1998
43447	150	2.6 -3.07246989964386 fp	fp=3	2.6	-3.07246989964386	1	1994
43447	150	2.6 -2.78951516686218 fp	fp=2	2.6	-2.78951516686218	1	1990
43447	150	2.6 -2.524465240576 fp	fp=1	2.6	-2.524465240576	1	1986
43447	150	2.6 -1.88292451635157 fp	fp=1	2.6	-1.88292451635157	1	1982
43447	150	2.6 -1.14718648453453 fp	fp=1	2.6	-1.14718648453453	1	1978
43447	150	2.6 0.293237447653286 fp	fp=0	2.6	0.293237447653286	1	2022
43447	150	2.6 Inf fp	fp=0	2.6	Inf	1	2026
43447	150	2.8 -Inf fp	fp=12	2.8	-Inf	1	2070
43447	150	2.8 -6.38704105367987 fp	fp=11	2.8	-6.38704105367987	1	2066
43447	150	2.8 -5.59169083010477 fp	fp=8	2.8	-5.59169083010477	1	2062
43447	150	2.8 -4.87437721907083 fp	fp=7	2.8	-4.87437721907083	1	2058
43447	150	2.8 -4.27345141531201 fp	fp=7	2.8	-4.27345141531201	1	2054
43447	150	2.8 -3.61716945505453 fp	fp=4	2.8	-3.61716945505453	1	2050
43447	150	2.8 -3.17246989964386 fp	fp=3	2.8	-3.17246989964386	1	2046
43447	150	2.8 -2.87110214393305 fp	fp=2	2.8	-2.87110214393305	1	2042
43447	150	2.8 -2.524465240576 fp	fp=1	2.8	-2.524465240576	1	2038
43447	150	2.8 -1.98292451635157 fp	fp=1	2.8	-1.98292451635157	1	2034
43447	150	2.8 -1.24718648453453 fp	fp=1	2.8	-1.24718648453453	1	2030
43447	150	2.8 0.293237447653286 fp	fp=0	2.8	0.293237447653286	1	2074
43447	150	2.8 Inf fp	fp=0	2.8	Inf	1	2078
43447	150	3 -Inf fp	fp=12	3	-Inf	1	2122
43447	150	3 -6.58704105367987 fp	fp=11	3	-6.58704105367987	1	2118
43447	150	3 -5.79169083010477 fp	fp=8	3	-5.79169083010477	1	2114
43447	150	3 -5.07437721907083 fp	fp=7	3	-5.07437721907083	1	2110
43447	150	3 -4.37345141531201 fp	fp=7	3	-4.37345141531201	1	2106
43447	150	3 -3.71716945505453 fp	fp=4	3	-3.71716945505453	1	2102
43447	150	3 -3.27246989964386 fp	fp=3	3	-3.27246989964386	1	2098
43447	150	3 -2.87110214393305 fp	fp=2	3	-2.87110214393305	1	2094
43447	150	3 -2.524465240576 fp	fp=1	3	-2.524465240576	1	2090
43447	150	3 -2.08292451635157 fp	fp=1	3	-2.08292451635157	1	2086
43447	150	3 -1.34718648453453 fp	fp=1	3	-1.34718648453453	1	2082
43447	150	3 0.293237447653286 fp	fp=0	3	0.293237447653286	1	2126
43447	150	3 Inf fp	fp=0	3	Inf	1	2130
43447	150	3.2 -Inf fp	fp=12	3.2	-Inf	1	2174
43447	150	3.2 -6.78704105367987 fp	fp=11	3.2	-6.78704105367987	1	2170
43447	150	3.2 -5.99169083010477 fp	fp=8	3.2	-5.99169083010477	1	2166
43447	150	3.2 -5.27437721907083 fp	fp=7	3.2	-5.27437721907083	1	2162
43447	150	3.2 -4.47345141531201 fp	fp=7	3.2	-4.47345141531201	1	2158
43447	150	3.2 -3.81716945505453 fp	fp=4	3.2	-3.81716945505453	1	2154
43447	150	3.2 -3.37246989964386 fp	fp=3	3.2	-3.37246989964386	1	2150
43447	150	3.2 -2.87110214393305 fp	fp=2	3.2	-2.87110214393305	1	2146
43447	150	3.2 -2.524465240576 fp	fp=1	3.2	-2.524465240576	1	2142
43447	150	3.2 -2.18292451635157 fp	fp=1	3.2	-2.18292451635157	1	2138
43447	150	3.2 -1.44718648453453 fp	fp=1	3.2	-1.44718648453453	1	2134
43447	150	3.2 0.293237447653286 fp	fp=0	3.2	0.293237447653286	1	2178
43447	150	3.2 Inf fp	fp=0	3.2	Inf	1	2182
43447	150	3.4 -Inf fp	fp=12	3.4	-Inf	1	2226
43447	150	3.4 -6.98704105367987 fp	fp=11	3.4	-6.98704105367987	1	2222
43447	150	3.4 -6.19169083010477 fp	fp=8	3.4	-6.19169083010477	1	2218
43447	150	3.4 -5.47437721907083 fp	fp=7	3.4	-5.47437721907083	1	2214
43447	150	3.4 -4.57345141531201 fp	fp=7	3.4	-4.57345141531201	1	2210
43447	150	3.4 -3.91716945505453 fp	fp=4	3.4	-3.91716945505453	1	2206
43447	150	3.4 -3.47246989964386 fp	fp=3	3.4	-3.47246989964386	1	2202
43447	150	3.4 -2.87110214393305 fp	fp=2	3.4	-2.87110214393305	1	2198
43447	150	3.4 -2.524465240576 fp	fp=1	3.4	-2.524465240576	1	2194
43447	150	3.4 -2.28292451635157 fp	fp=1	3.4	-2.28292451635157	1	2190
43447	150	3.4 -1.54718648453453 fp	fp=1	3.4	-1.54718648453453	1	2186
43447	150	3.4 0.293237447653286 fp	fp=0	3.4	0.293237447653286	1	2230
43447	150	3.4 Inf fp	fp=0	3.4	Inf	1	2234
43447	150	3.6 -Inf fp	fp=12	3.6	-Inf	1	2278
43447	150	3.6 -7.18704105367987 fp	fp=11	3.6	-7.18704105367987	1	2274
43447	150	3.6 -6.39169083010477 fp	fp=8	3.6	-6.39169083010477	1	2270
43447	150	3.6 -5.67437721907083 fp	fp=7	3.6	-5.67437721907083	1	2266
43447	150	3.6 -4.67345141531201 fp	fp=7	3.6	-4.67345141531201	1	2262
43447	150	3.6 -4.01716945505453 fp	fp=4	3.6	-4.01716945505453	1	2258
43447	150	3.6 -3.57246989964386 fp	fp=3	3.6	-3.57246989964386	1	2254
43447	150	3.6 -2.87110214393305 fp	fp=2	3.6	-2.87110214393305	1	2250
43447	150	3.6 -2.524465240576 fp	fp=1	3.6	-2.524465240576	1	2246
43447	150	3.6 -2.38292451635157 fp	fp=1	3.6	-2.38292451635157	1	2242
43447	150	3.6 -1.64718648453453 fp	fp=1	3.6	-1.64718648453453	1	2238
43447	150	3.6 0.293237447653286 fp	fp=0	3.6	0.293237447653286	1	2282
43447	150	3.6 Inf fp	fp=0	3.6	Inf	1	2286
43447	150	3.8 -Inf fp	fp=12	3.8	-Inf	1	2330
43447	150	3.8 -7.38704105367987 fp	fp=11	3.8	-7.38704105367987	1	2326
43447	150	3.8 -6.59169083010477 fp	fp=8	3.8	-6.59169083010477	1	2322
43447	150	3.8 -5.87437721907083 fp	fp=7	3.8	-5.87437721907083	1	2318
43447	150	3.8 -4.84716488283047 fp	fp=7	3.8	-4.84716488283047	1	2314
43447	150	3.8 -4.11716945505453 fp	fp=6	3.8	-4.11716945505453	1	2310
43447	150	3.8 -3.5987564321254 fp	fp=3	3.8	-3.5987564321254	1	2306
43447	150	3.8 -2.87110214393305 fp	fp=2	3.8	-2.87110214393305	1	2302
43447	150	3.8 -2.54660668692694 fp	fp=1	3.8	-2.54660668692694	1	2298
43447	150	3.8 -2.48292451635157 fp	fp=1	3.8	-2.48292451635157	1	2294
43447	150	3.8 -1.7250450381836 fp	fp=1	3.8	-1.7250450381836	1	2290
43447	150	3.8 0.293237447653286 fp	fp=0	3.8	0.293237447653286	1	2334
43447	150	3.8 Inf fp	fp=0	3.8	Inf	1	2338
43447	150	4 -Inf fp	fp=12	4	-Inf	1	2382
43447	150	4 -7.58704105367987 fp	fp=11	4	-7.58704105367987	1	2378
43447	150	4 -6.79169083010477 fp	fp=8	4	-6.79169083010477	1	2374
43447	150	4 -6.07437721907083 fp	fp=7	4	-6.07437721907083	1	2370
43447	150	4 -5.04716488283047 fp	fp=7	4	-5.04716488283047	1	2366
43447	150	4 -4.21716945505453 fp	fp=6	4	-4.21716945505453	1	2362
43447	150	4 -3.5987564321254 fp	fp=3	4	-3.5987564321254	1	2358
43447	150	4 -2.92956141970862 fp	fp=2	4	-2.92956141970862	1	2354
43447	150	4 -2.64660668692694 fp	fp=2	4	-2.64660668692694	1	2350
43447	150	4 -2.524465240576 fp	fp=1	4	-2.524465240576	1	2346
43447	150	4 -1.7250450381836 fp	fp=1	4	-1.7250450381836	1	2342
43447	150	4 0.293237447653286 fp	fp=0	4	0.293237447653286	1	2386
43447	150	4 Inf fp	fp=0	4	Inf	1	2390
43447	150	4.2 -Inf fp	fp=12	4.2	-Inf	1	2434
43447	150	4.2 -7.78704105367987 fp	fp=11	4.2	-7.78704105367987	1	2430
43447	150	4.2 -6.99169083010477 fp	fp=8	4.2	-6.99169083010477	1	2426
43447	150	4.2 -6.27437721907083 fp	fp=7	4.2	-6.27437721907083	1	2422
43447	150	4.2 -5.24716488283047 fp	fp=7	4.2	-5.24716488283047	1	2418
43447	150	4.2 -4.31716945505453 fp	fp=6	4.2	-4.31716945505453	1	2414
43447	150	4.2 -3.5987564321254 fp	fp=3	4.2	-3.5987564321254	1	2410
43447	150	4.2 -3.02956141970862 fp	fp=2	4.2	-3.02956141970862	1	2406
43447	150	4.2 -2.74660668692694 fp	fp=2	4.2	-2.74660668692694	1	2402
43447	150	4.2 -2.524465240576 fp	fp=1	4.2	-2.524465240576	1	2398
43447	150	4.2 -1.7250450381836 fp	fp=1	4.2	-1.7250450381836	1	2394
43447	150	4.2 0.293237447653286 fp	fp=0	4.2	0.293237447653286	1	2438
43447	150	4.2 Inf fp	fp=0	4.2	Inf	1	2442
43447	150	4.4 -Inf fp	fp=12	4.4	-Inf	1	2486
43447	150	4.4 -7.98704105367987 fp	fp=11	4.4	-7.98704105367987	1	2482
43447	150	4.4 -7.19169083010477 fp	fp=8	4.4	-7.19169083010477	1	2478
43447	150	4.4 -6.47437721907083 fp	fp=7	4.4	-6.47437721907083	1	2474
43447	150	4.4 -5.44716488283047 fp	fp=7	4.4	-5.44716488283047	1	2470
43447	150	4.4 -4.41716945505453 fp	fp=6	4.4	-4.41716945505453	1	2466
43447	150	4.4 -3.5987564321254 fp	fp=3	4.4	-3.5987564321254	1	2462
43447	150	4.4 -3.12956141970862 fp	fp=2	4.4	-3.12956141970862	1	2458
43447	150	4.4 -2.84660668692694 fp	fp=2	4.4	-2.84660668692694	1	2454
43447	150	4.4 -2.524465240576 fp	fp=1	4.4	-2.524465240576	1	2450
43447	150	4.4 -1.7250450381836 fp	fp=1	4.4	-1.7250450381836	1	2446
43447	150	4.4 0.293237447653286 fp	fp=0	4.4	0.293237447653286	1	2490
43447	150	4.4 Inf fp	fp=0	4.4	Inf	1	2494
43447	150	4.6 -Inf fp	fp=12	4.6	-Inf	1	2538
43447	150	4.6 -8.18704105367987 fp	fp=11	4.6	-8.18704105367987	1	2534
43447	150	4.6 -7.39169083010477 fp	fp=8	4.6	-7.39169083010477	1	2530
43447	150	4.6 -6.67437721907083 fp	fp=7	4.6	-6.67437721907083	1	2526
43447	150	4.6 -5.64716488283047 fp	fp=7	4.6	-5.64716488283047	1	2522
43447	150	4.6 -4.51716945505453 fp	fp=6	4.6	-4.51716945505453	1	2518
43447	150	4.6 -3.67426097511929 fp	fp=3	4.6	-3.67426097511929	1	2514
43447	150	4.6 -3.22956141970862 fp	fp=3	4.6	-3.22956141970862	1	2510
43447	150	4.6 -2.87110214393305 fp	fp=2	4.6	-2.87110214393305	1	2506
43447	150	4.6 -2.524465240576 fp	fp=1	4.6	-2.524465240576	1	2502
43447	150	4.6 -1.7250450381836 fp	fp=1	4.6	-1.7250450381836	1	2498
43447	150	4.6 0.293237447653286 fp	fp=0	4.6	0.293237447653286	1	2542
43447	150	4.6 Inf fp	fp=0	4.6	Inf	1	2546
43447	150	4.8 -Inf fp	fp=12	4.8	-Inf	1	2590
43447	150	4.8 -8.38704105367987 fp	fp=11	4.8	-8.38704105367987	1	2586
43447	150	4.8 -7.59169083010477 fp	fp=8	4.8	-7.59169083010477	1	2582
43447	150	4.8 -6.87437721907083 fp	fp=7	4.8	-6.87437721907083	1	2578
43447	150	4.8 -5.84716488283047 fp	fp=7	4.8	-5.84716488283047	1	2574
43447	150	4.8 -4.61716945505453 fp	fp=6	4.8	-4.61716945505453	1	2570
43447	150	4.8 -3.77426097511929 fp	fp=3	4.8	-3.77426097511929	1	2566
43447	150	4.8 -3.32956141970862 fp	fp=3	4.8	-3.32956141970862	1	2562
43447	150	4.8 -2.87110214393305 fp	fp=2	4.8	-2.87110214393305	1	2558
43447	150	4.8 -2.524465240576 fp	fp=1	4.8	-2.524465240576	1	2554
43447	150	4.8 -1.7250450381836 fp	fp=1	4.8	-1.7250450381836	1	2550
43447	150	4.8 0.293237447653286 fp	fp=0	4.8	0.293237447653286	1	2594
43447	150	4.8 Inf fp	fp=0	4.8	Inf	1	2598
43447	150	5 -Inf fp	fp=12	5	-Inf	1	2642
43447	150	5 -8.58704105367987 fp	fp=11	5	-8.58704105367987	1	2638
43447	150	5 -7.79169083010477 fp	fp=8	5	-7.79169083010477	1	2634
43447	150	5 -7.07437721907083 fp	fp=7	5	-7.07437721907083	1	2630
43447	150	5 -6.04716488283047 fp	fp=7	5	-6.04716488283047	1	2626
43447	150	5 -4.71716945505453 fp	fp=6	5	-4.71716945505453	1	2622
43447	150	5 -3.87426097511929 fp	fp=3	5	-3.87426097511929	1	2618
43447	150	5 -3.42956141970862 fp	fp=3	5	-3.42956141970862	1	2614
43447	150	5 -2.87110214393305 fp	fp=2	5	-2.87110214393305	1	2610
43447	150	5 -2.524465240576 fp	fp=1	5	-2.524465240576	1	2606
43447	150	5 -1.7250450381836 fp	fp=1	5	-1.7250450381836	1	2602
43447	150	5 0.293237447653286 fp	fp=0	5	0.293237447653286	1	2646
43447	150	5 Inf fp	fp=0	5	Inf	1	2650
43447	125	-5 -Inf fn	fn=0	-5	-Inf	1	1269
43447	125	-5 -3.5987564321254 fn	fn=0	-5	-3.5987564321254	1	1265
43447	125	-5 -2.87110214393305 fn	fn=0	-5	-2.87110214393305	1	1261
43447	125	-5 -2.524465240576 fn	fn=0	-5	-2.524465240576	1	1257
43447	125	-5 -1.7250450381836 fn	fn=1	-5	-1.7250450381836	1	1253
43447	125	-5 -0.0126575242852369 fn	fn=1	-5	-0.0126575242852369	1	1249
43447	125	-5 1.26988692973461 fn	fn=1	-5	1.26988692973461	1	1273
43447	125	-5 1.71885391825865 fn	fn=2	-5	1.71885391825865	1	1277
43447	125	-5 2.20830916989523 fn	fn=2	-5	2.20830916989523	1	1281
43447	125	-5 2.92562278092917 fn	fn=2	-5	2.92562278092917	1	1285
43447	125	-5 3.95283511716953 fn	fn=3	-5	3.95283511716953	1	1289
43447	125	-5 5.45202555736225 fn	fn=3	-5	5.45202555736225	1	1293
43447	125	-5 Inf fn	fn=4	-5	Inf	1	1297
43447	125	-4.8 -Inf fn	fn=0	-4.8	-Inf	1	1217
43447	125	-4.8 -3.5987564321254 fn	fn=0	-4.8	-3.5987564321254	1	1213
43447	125	-4.8 -2.87110214393305 fn	fn=0	-4.8	-2.87110214393305	1	1209
43447	125	-4.8 -2.524465240576 fn	fn=0	-4.8	-2.524465240576	1	1205
43447	125	-4.8 -1.7250450381836 fn	fn=1	-4.8	-1.7250450381836	1	1201
43447	125	-4.8 -0.112657524285237 fn	fn=1	-4.8	-0.112657524285237	1	1197
43447	125	-4.8 1.16988692973461 fn	fn=1	-4.8	1.16988692973461	1	1221
43447	125	-4.8 1.61885391825865 fn	fn=2	-4.8	1.61885391825865	1	1225
43447	125	-4.8 2.00830916989523 fn	fn=2	-4.8	2.00830916989523	1	1229
43447	125	-4.8 2.72562278092917 fn	fn=2	-4.8	2.72562278092917	1	1233
43447	125	-4.8 3.75283511716953 fn	fn=3	-4.8	3.75283511716953	1	1237
43447	125	-4.8 5.25202555736225 fn	fn=3	-4.8	5.25202555736225	1	1241
43447	125	-4.8 Inf fn	fn=4	-4.8	Inf	1	1245
43447	125	-4.6 -Inf fn	fn=0	-4.6	-Inf	1	1165
43447	125	-4.6 -3.5987564321254 fn	fn=0	-4.6	-3.5987564321254	1	1161
43447	125	-4.6 -2.87110214393305 fn	fn=0	-4.6	-2.87110214393305	1	1157
43447	125	-4.6 -2.524465240576 fn	fn=0	-4.6	-2.524465240576	1	1153
43447	125	-4.6 -1.7250450381836 fn	fn=1	-4.6	-1.7250450381836	1	1149
43447	125	-4.6 -0.212657524285237 fn	fn=1	-4.6	-0.212657524285237	1	1145
43447	125	-4.6 1.01295894632013 fn	fn=1	-4.6	1.01295894632013	1	1169
43447	125	-4.6 1.51885391825865 fn	fn=1	-4.6	1.51885391825865	1	1173
43447	125	-4.6 1.86523715330971 fn	fn=2	-4.6	1.86523715330971	1	1177
43447	125	-4.6 2.52562278092917 fn	fn=2	-4.6	2.52562278092917	1	1181
43447	125	-4.6 3.55283511716953 fn	fn=3	-4.6	3.55283511716953	1	1185
43447	125	-4.6 5.05202555736225 fn	fn=3	-4.6	5.05202555736225	1	1189
43447	125	-4.6 Inf fn	fn=4	-4.6	Inf	1	1193
43447	125	-4.4 -Inf fn	fn=0	-4.4	-Inf	1	1113
43447	125	-4.4 -3.5987564321254 fn	fn=0	-4.4	-3.5987564321254	1	1109
43447	125	-4.4 -2.87110214393305 fn	fn=0	-4.4	-2.87110214393305	1	1105
43447	125	-4.4 -2.524465240576 fn	fn=0	-4.4	-2.524465240576	1	1101
43447	125	-4.4 -1.7250450381836 fn	fn=1	-4.4	-1.7250450381836	1	1097
43447	125	-4.4 -0.312657524285237 fn	fn=1	-4.4	-0.312657524285237	1	1093
43447	125	-4.4 0.812958946320131 fn	fn=1	-4.4	0.812958946320131	1	1117
43447	125	-4.4 1.41885391825865 fn	fn=1	-4.4	1.41885391825865	1	1121
43447	125	-4.4 1.76523715330971 fn	fn=2	-4.4	1.76523715330971	1	1125
43447	125	-4.4 2.32562278092917 fn	fn=2	-4.4	2.32562278092917	1	1129
43447	125	-4.4 3.35283511716953 fn	fn=3	-4.4	3.35283511716953	1	1133
43447	125	-4.4 4.85202555736225 fn	fn=3	-4.4	4.85202555736225	1	1137
43447	125	-4.4 Inf fn	fn=4	-4.4	Inf	1	1141
43447	125	-4.2 -Inf fn	fn=0	-4.2	-Inf	1	1061
43447	125	-4.2 -3.5987564321254 fn	fn=0	-4.2	-3.5987564321254	1	1057
43447	125	-4.2 -2.87110214393305 fn	fn=0	-4.2	-2.87110214393305	1	1053
43447	125	-4.2 -2.524465240576 fn	fn=0	-4.2	-2.524465240576	1	1049
43447	125	-4.2 -1.7250450381836 fn	fn=1	-4.2	-1.7250450381836	1	1045
43447	125	-4.2 -0.412657524285237 fn	fn=1	-4.2	-0.412657524285237	1	1041
43447	125	-4.2 0.612958946320131 fn	fn=1	-4.2	0.612958946320131	1	1065
43447	125	-4.2 1.31885391825865 fn	fn=1	-4.2	1.31885391825865	1	1069
43447	125	-4.2 1.66523715330971 fn	fn=2	-4.2	1.66523715330971	1	1073
43447	125	-4.2 2.12562278092917 fn	fn=2	-4.2	2.12562278092917	1	1077
43447	125	-4.2 3.15283511716953 fn	fn=3	-4.2	3.15283511716953	1	1081
43447	125	-4.2 4.65202555736225 fn	fn=3	-4.2	4.65202555736225	1	1085
43447	125	-4.2 Inf fn	fn=4	-4.2	Inf	1	1089
43447	125	-4 -Inf fn	fn=0	-4	-Inf	1	1009
43447	125	-4 -3.5987564321254 fn	fn=0	-4	-3.5987564321254	1	1005
43447	125	-4 -2.87110214393305 fn	fn=0	-4	-2.87110214393305	1	1001
43447	125	-4 -2.524465240576 fn	fn=0	-4	-2.524465240576	1	997
43447	125	-4 -1.7250450381836 fn	fn=1	-4	-1.7250450381836	1	993
43447	125	-4 -0.512657524285237 fn	fn=1	-4	-0.512657524285237	1	989
43447	125	-4 0.412958946320131 fn	fn=1	-4	0.412958946320131	1	1013
43447	125	-4 1.20830916989523 fn	fn=1	-4	1.20830916989523	1	1017
43447	125	-4 1.56523715330971 fn	fn=1	-4	1.56523715330971	1	1021
43447	125	-4 1.9361675292926 fn	fn=2	-4	1.9361675292926	1	1025
43447	125	-4 2.95283511716953 fn	fn=3	-4	2.95283511716953	1	1029
43447	125	-4 4.45202555736225 fn	fn=3	-4	4.45202555736225	1	1033
43447	125	-4 Inf fn	fn=4	-4	Inf	1	1037
43447	125	-3.8 -Inf fn	fn=0	-3.8	-Inf	1	957
43447	125	-3.8 -3.5987564321254 fn	fn=0	-3.8	-3.5987564321254	1	953
43447	125	-3.8 -2.87110214393305 fn	fn=0	-3.8	-2.87110214393305	1	949
43447	125	-3.8 -2.524465240576 fn	fn=0	-3.8	-2.524465240576	1	945
43447	125	-3.8 -1.7250450381836 fn	fn=1	-3.8	-1.7250450381836	1	941
43447	125	-3.8 -0.612657524285237 fn	fn=1	-3.8	-0.612657524285237	1	937
43447	125	-3.8 0.212958946320131 fn	fn=1	-3.8	0.212958946320131	1	961
43447	125	-3.8 1.00830916989523 fn	fn=1	-3.8	1.00830916989523	1	965
43447	125	-3.8 1.46523715330971 fn	fn=1	-3.8	1.46523715330971	1	969
43447	125	-3.8 1.8361675292926 fn	fn=2	-3.8	1.8361675292926	1	973
43447	125	-3.8 2.75283511716953 fn	fn=3	-3.8	2.75283511716953	1	977
43447	125	-3.8 4.25202555736225 fn	fn=3	-3.8	4.25202555736225	1	981
43447	125	-3.8 Inf fn	fn=4	-3.8	Inf	1	985
43447	125	-3.6 -Inf fn	fn=0	-3.6	-Inf	1	905
43447	125	-3.6 -3.5987564321254 fn	fn=0	-3.6	-3.5987564321254	1	901
43447	125	-3.6 -2.87110214393305 fn	fn=0	-3.6	-2.87110214393305	1	897
43447	125	-3.6 -2.524465240576 fn	fn=0	-3.6	-2.524465240576	1	893
43447	125	-3.6 -1.7250450381836 fn	fn=1	-3.6	-1.7250450381836	1	889
43447	125	-3.6 -0.712657524285237 fn	fn=1	-3.6	-0.712657524285237	1	885
43447	125	-3.6 0.0129589463201305 fn	fn=1	-3.6	0.0129589463201305	1	909
43447	125	-3.6 0.808309169895229 fn	fn=1	-3.6	0.808309169895229	1	913
43447	125	-3.6 1.36523715330971 fn	fn=1	-3.6	1.36523715330971	1	917
43447	125	-3.6 1.7361675292926 fn	fn=2	-3.6	1.7361675292926	1	921
43447	125	-3.6 2.55283511716953 fn	fn=3	-3.6	2.55283511716953	1	925
43447	125	-3.6 4.05202555736225 fn	fn=3	-3.6	4.05202555736225	1	929
43447	125	-3.6 Inf fn	fn=4	-3.6	Inf	1	933
43447	125	-3.4 -Inf fn	fn=0	-3.4	-Inf	1	857
43447	125	-3.4 -3.5987564321254 fn	fn=0	-3.4	-3.5987564321254	1	853
43447	125	-3.4 -2.87110214393305 fn	fn=0	-3.4	-2.87110214393305	1	849
43447	125	-3.4 -2.524465240576 fn	fn=0	-3.4	-2.524465240576	1	845
43447	125	-3.4 -1.7250450381836 fn	fn=1	-3.4	-1.7250450381836	1	841
43447	125	-3.4 -0.812657524285237 fn	fn=1	-3.4	-0.812657524285237	1	837
43447	125	-3.4 -0.187041053679869 fn	fn=1	-3.4	-0.187041053679869	1	833
43447	125	-3.4 0.60830916989523 fn	fn=1	-3.4	0.60830916989523	1	861
43447	125	-3.4 1.26523715330971 fn	fn=1	-3.4	1.26523715330971	1	865
43447	125	-3.4 1.6361675292926 fn	fn=2	-3.4	1.6361675292926	1	869
43447	125	-3.4 2.35283511716953 fn	fn=3	-3.4	2.35283511716953	1	873
43447	125	-3.4 3.85202555736225 fn	fn=3	-3.4	3.85202555736225	1	877
43447	125	-3.4 Inf fn	fn=4	-3.4	Inf	1	881
43447	125	-3.2 -Inf fn	fn=0	-3.2	-Inf	1	805
43447	125	-3.2 -3.5987564321254 fn	fn=0	-3.2	-3.5987564321254	1	801
43447	125	-3.2 -2.87110214393305 fn	fn=0	-3.2	-2.87110214393305	1	797
43447	125	-3.2 -2.524465240576 fn	fn=0	-3.2	-2.524465240576	1	793
43447	125	-3.2 -1.7250450381836 fn	fn=1	-3.2	-1.7250450381836	1	789
43447	125	-3.2 -0.912657524285237 fn	fn=1	-3.2	-0.912657524285237	1	785
43447	125	-3.2 -0.387041053679869 fn	fn=1	-3.2	-0.387041053679869	1	781
43447	125	-3.2 0.40830916989523 fn	fn=1	-3.2	0.408309169895229	1	809
43447	125	-3.2 1.12562278092917 fn	fn=1	-3.2	1.12562278092917	1	813
43447	125	-3.2 1.5361675292926 fn	fn=2	-3.2	1.5361675292926	1	817
43447	125	-3.2 2.19244948955007 fn	fn=3	-3.2	2.19244948955007	1	821
43447	125	-3.2 3.65202555736225 fn	fn=3	-3.2	3.65202555736225	1	825
43447	125	-3.2 Inf fn	fn=4	-3.2	Inf	1	829
43447	125	-3 -Inf fn	fn=0	-3	-Inf	1	753
43447	125	-3 -3.5987564321254 fn	fn=0	-3	-3.5987564321254	1	749
43447	125	-3 -2.87110214393305 fn	fn=0	-3	-2.87110214393305	1	745
43447	125	-3 -2.524465240576 fn	fn=0	-3	-2.524465240576	1	741
43447	125	-3 -1.74839555610227 fn	fn=1	-3	-1.74839555610227	1	737
43447	125	-3 -1.01265752428524 fn	fn=1	-3	-1.01265752428524	1	733
43447	125	-3 -0.563690535761193 fn	fn=1	-3	-0.563690535761193	1	729
43447	125	-3 0.208309169895229 fn	fn=1	-3	0.208309169895229	1	757
43447	125	-3 0.925622780929171 fn	fn=1	-3	0.925622780929171	1	761
43447	125	-3 1.4361675292926 fn	fn=2	-3	1.4361675292926	1	765
43447	125	-3 2.09244948955007 fn	fn=3	-3	2.09244948955007	1	769
43447	125	-3 3.45202555736225 fn	fn=3	-3	3.45202555736225	1	773
43447	125	-3 Inf fn	fn=4	-3	Inf	1	777
43447	125	-2.8 -Inf fn	fn=0	-2.8	-Inf	1	701
43447	125	-2.8 -3.5987564321254 fn	fn=0	-2.8	-3.5987564321254	1	697
43447	125	-2.8 -2.87110214393305 fn	fn=0	-2.8	-2.87110214393305	1	693
43447	125	-2.8 -2.524465240576 fn	fn=0	-2.8	-2.524465240576	1	689
43447	125	-2.8 -1.84839555610227 fn	fn=1	-2.8	-1.84839555610227	1	685
43447	125	-2.8 -1.11265752428524 fn	fn=1	-2.8	-1.11265752428524	1	681
43447	125	-2.8 -0.663690535761193 fn	fn=1	-2.8	-0.663690535761193	1	677
43447	125	-2.8 0.00830916989522912 fn	fn=1	-2.8	0.00830916989522912	1	705
43447	125	-2.8 0.725622780929171 fn	fn=1	-2.8	0.725622780929171	1	709
43447	125	-2.8 1.3361675292926 fn	fn=2	-2.8	1.3361675292926	1	713
43447	125	-2.8 1.99244948955007 fn	fn=3	-2.8	1.99244948955007	1	717
43447	125	-2.8 3.25202555736225 fn	fn=3	-2.8	3.25202555736225	1	721
43447	125	-2.8 Inf fn	fn=4	-2.8	Inf	1	725
43447	125	-2.6 -Inf fn	fn=0	-2.6	-Inf	1	653
43447	125	-2.6 -3.5987564321254 fn	fn=0	-2.6	-3.5987564321254	1	649
43447	125	-2.6 -2.87110214393305 fn	fn=0	-2.6	-2.87110214393305	1	645
43447	125	-2.6 -2.524465240576 fn	fn=0	-2.6	-2.524465240576	1	641
43447	125	-2.6 -1.94839555610227 fn	fn=1	-2.6	-1.94839555610227	1	637
43447	125	-2.6 -1.21265752428524 fn	fn=1	-2.6	-1.21265752428524	1	633
43447	125	-2.6 -0.763690535761193 fn	fn=1	-2.6	-0.763690535761193	1	629
43447	125	-2.6 -0.191690830104771 fn	fn=1	-2.6	-0.191690830104771	1	625
43447	125	-2.6 0.52562278092917 fn	fn=1	-2.6	0.525622780929171	1	657
43447	125	-2.6 1.2361675292926 fn	fn=2	-2.6	1.2361675292926	1	661
43447	125	-2.6 1.89244948955007 fn	fn=3	-2.6	1.89244948955007	1	665
43447	125	-2.6 3.05202555736225 fn	fn=3	-2.6	3.05202555736225	1	669
43447	125	-2.6 Inf fn	fn=4	-2.6	Inf	1	673
43447	125	-2.4 -Inf fn	fn=0	-2.4	-Inf	1	601
43447	125	-2.4 -3.5987564321254 fn	fn=0	-2.4	-3.5987564321254	1	597
43447	125	-2.4 -2.87110214393305 fn	fn=0	-2.4	-2.87110214393305	1	593
43447	125	-2.4 -2.524465240576 fn	fn=0	-2.4	-2.524465240576	1	589
43447	125	-2.4 -2.04839555610227 fn	fn=1	-2.4	-2.04839555610227	1	585
43447	125	-2.4 -1.31265752428524 fn	fn=1	-2.4	-1.31265752428524	1	581
43447	125	-2.4 -0.863690535761193 fn	fn=1	-2.4	-0.863690535761193	1	577
43447	125	-2.4 -0.39169083010477 fn	fn=1	-2.4	-0.39169083010477	1	573
43447	125	-2.4 0.325622780929171 fn	fn=1	-2.4	0.325622780929171	1	605
43447	125	-2.4 1.1361675292926 fn	fn=2	-2.4	1.1361675292926	1	609
43447	125	-2.4 1.79244948955007 fn	fn=3	-2.4	1.79244948955007	1	613
43447	125	-2.4 2.85202555736225 fn	fn=3	-2.4	2.85202555736225	1	617
43447	125	-2.4 Inf fn	fn=4	-2.4	Inf	1	621
43447	125	-2.2 -Inf fn	fn=0	-2.2	-Inf	1	549
43447	125	-2.2 -3.5987564321254 fn	fn=0	-2.2	-3.5987564321254	1	545
43447	125	-2.2 -2.87110214393305 fn	fn=0	-2.2	-2.87110214393305	1	541
43447	125	-2.2 -2.524465240576 fn	fn=0	-2.2	-2.524465240576	1	537
43447	125	-2.2 -2.14839555610227 fn	fn=1	-2.2	-2.14839555610227	1	533
43447	125	-2.2 -1.41265752428524 fn	fn=1	-2.2	-1.41265752428524	1	529
43447	125	-2.2 -0.963690535761193 fn	fn=1	-2.2	-0.963690535761193	1	525
43447	125	-2.2 -0.591690830104771 fn	fn=1	-2.2	-0.591690830104771	1	521
43447	125	-2.2 0.12562278092917 fn	fn=1	-2.2	0.12562278092917	1	553
43447	125	-2.2 1.0361675292926 fn	fn=2	-2.2	1.0361675292926	1	557
43447	125	-2.2 1.69244948955007 fn	fn=3	-2.2	1.69244948955007	1	561
43447	125	-2.2 2.65202555736225 fn	fn=3	-2.2	2.65202555736225	1	565
43447	125	-2.2 Inf fn	fn=4	-2.2	Inf	1	569
43447	125	-2 -Inf fn	fn=0	-2	-Inf	1	501
43447	125	-2 -3.5987564321254 fn	fn=0	-2	-3.5987564321254	1	497
43447	125	-2 -2.87110214393305 fn	fn=0	-2	-2.87110214393305	1	493
43447	125	-2 -2.524465240576 fn	fn=0	-2	-2.524465240576	1	489
43447	125	-2 -2.24839555610227 fn	fn=1	-2	-2.24839555610227	1	485
43447	125	-2 -1.58704105367987 fn	fn=1	-2	-1.58704105367987	1	481
43447	125	-2 -1.06369053576119 fn	fn=1	-2	-1.06369053576119	1	477
43447	125	-2 -0.717307300710138 fn	fn=1	-2	-0.717307300710139	1	473
43447	125	-2 -0.0743772190708292 fn	fn=1	-2	-0.0743772190708292	1	469
43447	125	-2 0.936167529292596 fn	fn=2	-2	0.936167529292596	1	505
43447	125	-2 1.59244948955007 fn	fn=3	-2	1.59244948955007	1	509
43447	125	-2 2.45202555736225 fn	fn=3	-2	2.45202555736225	1	513
43447	125	-2 Inf fn	fn=4	-2	Inf	1	517
43447	125	-1.8 -Inf fn	fn=0	-1.8	-Inf	1	449
43447	125	-1.8 -3.5987564321254 fn	fn=0	-1.8	-3.5987564321254	1	445
43447	125	-1.8 -2.87110214393305 fn	fn=0	-1.8	-2.87110214393305	1	441
43447	125	-1.8 -2.524465240576 fn	fn=0	-1.8	-2.524465240576	1	437
43447	125	-1.8 -2.34839555610227 fn	fn=1	-1.8	-2.34839555610227	1	433
43447	125	-1.8 -1.78704105367987 fn	fn=1	-1.8	-1.78704105367987	1	429
43447	125	-1.8 -1.16369053576119 fn	fn=1	-1.8	-1.16369053576119	1	425
43447	125	-1.8 -0.817307300710138 fn	fn=1	-1.8	-0.817307300710138	1	421
43447	125	-1.8 -0.274377219070828 fn	fn=1	-1.8	-0.274377219070828	1	417
43447	125	-1.8 0.752835117169532 fn	fn=2	-1.8	0.752835117169532	1	453
43447	125	-1.8 1.49244948955007 fn	fn=2	-1.8	1.49244948955007	1	457
43447	125	-1.8 2.33535796948531 fn	fn=3	-1.8	2.33535796948531	1	461
43447	125	-1.8 Inf fn	fn=4	-1.8	Inf	1	465
43447	125	-1.6 -Inf fn	fn=0	-1.6	-Inf	1	397
43447	125	-1.6 -3.5987564321254 fn	fn=0	-1.6	-3.5987564321254	1	393
43447	125	-1.6 -2.87110214393305 fn	fn=0	-1.6	-2.87110214393305	1	389
43447	125	-1.6 -2.524465240576 fn	fn=0	-1.6	-2.524465240576	1	385
43447	125	-1.6 -2.44839555610227 fn	fn=1	-1.6	-2.44839555610227	1	381
43447	125	-1.6 -1.98704105367987 fn	fn=1	-1.6	-1.98704105367987	1	377
43447	125	-1.6 -1.26369053576119 fn	fn=1	-1.6	-1.26369053576119	1	373
43447	125	-1.6 -0.917307300710139 fn	fn=1	-1.6	-0.917307300710139	1	369
43447	125	-1.6 -0.47437721907083 fn	fn=1	-1.6	-0.47437721907083	1	365
43447	125	-1.6 0.552835117169531 fn	fn=2	-1.6	0.552835117169531	1	401
43447	125	-1.6 1.39244948955007 fn	fn=2	-1.6	1.39244948955007	1	405
43447	125	-1.6 2.23535796948531 fn	fn=3	-1.6	2.23535796948531	1	409
43447	125	-1.6 Inf fn	fn=4	-1.6	Inf	1	413
43447	125	-1.4 -Inf fn	fn=0	-1.4	-Inf	1	345
43447	125	-1.4 -3.5987564321254 fn	fn=0	-1.4	-3.5987564321254	1	341
43447	125	-1.4 -2.89503245945932 fn	fn=0	-1.4	-2.89503245945932	1	337
43447	125	-1.4 -2.61207772667764 fn	fn=0	-1.4	-2.61207772667764	1	333
43447	125	-1.4 -2.524465240576 fn	fn=0	-1.4	-2.524465240576	1	329
43447	125	-1.4 -2.09942856757823 fn	fn=1	-1.4	-2.09942856757823	1	325
43447	125	-1.4 -1.39169083010477 fn	fn=1	-1.4	-1.39169083010477	1	321
43447	125	-1.4 -1.01730730071014 fn	fn=1	-1.4	-1.01730730071014	1	317
43447	125	-1.4 -0.646376924727251 fn	fn=1	-1.4	-0.646376924727251	1	313
43447	125	-1.4 0.352835117169532 fn	fn=2	-1.4	0.352835117169532	1	349
43447	125	-1.4 1.29244948955007 fn	fn=2	-1.4	1.29244948955007	1	353
43447	125	-1.4 2.13535796948531 fn	fn=3	-1.4	2.13535796948531	1	357
43447	125	-1.4 Inf fn	fn=4	-1.4	Inf	1	361
43447	125	-1.2 -Inf fn	fn=0	-1.2	-Inf	1	293
43447	125	-1.2 -3.5987564321254 fn	fn=0	-1.2	-3.5987564321254	1	289
43447	125	-1.2 -2.99503245945932 fn	fn=0	-1.2	-2.99503245945932	1	285
43447	125	-1.2 -2.71207772667764 fn	fn=0	-1.2	-2.71207772667764	1	281
43447	125	-1.2 -2.524465240576 fn	fn=0	-1.2	-2.524465240576	1	277
43447	125	-1.2 -2.19942856757823 fn	fn=1	-1.2	-2.19942856757823	1	273
43447	125	-1.2 -1.59169083010477 fn	fn=1	-1.2	-1.59169083010477	1	269
43447	125	-1.2 -1.11730730071014 fn	fn=1	-1.2	-1.11730730071014	1	265
43447	125	-1.2 -0.746376924727252 fn	fn=1	-1.2	-0.746376924727252	1	261
43447	125	-1.2 0.152835117169531 fn	fn=2	-1.2	0.152835117169531	1	297
43447	125	-1.2 1.19244948955007 fn	fn=2	-1.2	1.19244948955007	1	301
43447	125	-1.2 2.03535796948531 fn	fn=3	-1.2	2.03535796948531	1	305
43447	125	-1.2 Inf fn	fn=4	-1.2	Inf	1	309
43447	125	-1 -Inf fn	fn=0	-1	-Inf	1	245
43447	125	-1 -3.5987564321254 fn	fn=0	-1	-3.5987564321254	1	241
43447	125	-1 -3.09503245945932 fn	fn=0	-1	-3.09503245945932	1	237
43447	125	-1 -2.81207772667764 fn	fn=0	-1	-2.81207772667764	1	233
43447	125	-1 -2.524465240576 fn	fn=0	-1	-2.524465240576	1	229
43447	125	-1 -2.29942856757823 fn	fn=1	-1	-2.29942856757823	1	225
43447	125	-1 -1.79169083010477 fn	fn=1	-1	-1.79169083010477	1	221
43447	125	-1 -1.21730730071014 fn	fn=1	-1	-1.21730730071014	1	217
43447	125	-1 -0.846376924727251 fn	fn=1	-1	-0.846376924727252	1	213
43447	125	-1 -0.0471648828304687 fn	fn=2	-1	-0.0471648828304687	1	209
43447	125	-1 1.09244948955007 fn	fn=2	-1	1.09244948955007	1	249
43447	125	-1 1.93535796948531 fn	fn=3	-1	1.93535796948531	1	253
43447	125	-1 Inf fn	fn=4	-1	Inf	1	257
43447	125	-0.8 -Inf fn	fn=0	-0.8	-Inf	1	193
43447	125	-0.8 -3.63973201486999 fn	fn=0	-0.8	-3.63973201486999	1	189
43447	125	-0.8 -3.19503245945932 fn	fn=0	-0.8	-3.19503245945932	1	185
43447	125	-0.8 -2.87110214393305 fn	fn=0	-0.8	-2.87110214393305	1	181
43447	125	-0.8 -2.524465240576 fn	fn=0	-0.8	-2.524465240576	1	177
43447	125	-0.8 -2.39942856757823 fn	fn=1	-0.8	-2.39942856757823	1	173
43447	125	-0.8 -1.99169083010477 fn	fn=1	-0.8	-1.99169083010477	1	169
43447	125	-0.8 -1.31730730071014 fn	fn=1	-0.8	-1.31730730071014	1	165
43447	125	-0.8 -0.946376924727251 fn	fn=1	-0.8	-0.946376924727251	1	161
43447	125	-0.8 -0.247164882830468 fn	fn=2	-0.8	-0.247164882830468	1	157
43447	125	-0.8 0.99244948955007 fn	fn=2	-0.8	0.99244948955007	1	197
43447	125	-0.8 1.83535796948531 fn	fn=3	-0.8	1.83535796948531	1	201
43447	125	-0.8 Inf fn	fn=4	-0.8	Inf	1	205
43447	125	-0.6 -Inf fn	fn=0	-0.6	-Inf	1	141
43447	125	-0.6 -3.73973201486999 fn	fn=0	-0.6	-3.73973201486999	1	137
43447	125	-0.6 -3.29503245945932 fn	fn=0	-0.6	-3.29503245945932	1	133
43447	125	-0.6 -2.87110214393305 fn	fn=0	-0.6	-2.87110214393305	1	129
43447	125	-0.6 -2.5631107381536 fn	fn=0	-0.6	-2.5631107381536	1	125
43447	125	-0.6 -2.49942856757823 fn	fn=0	-0.6	-2.49942856757823	1	121
43447	125	-0.6 -2.15304533252717 fn	fn=1	-0.6	-2.15304533252717	1	117
43447	125	-0.6 -1.47437721907083 fn	fn=1	-0.6	-1.47437721907083	1	113
43447	125	-0.6 -1.04637692472725 fn	fn=2	-0.6	-1.04637692472725	1	109
43447	125	-0.6 -0.390094964469778 fn	fn=2	-0.6	-0.390094964469778	1	105
43447	125	-0.6 0.892449489550069 fn	fn=2	-0.6	0.892449489550069	1	145
43447	125	-0.6 1.73535796948531 fn	fn=3	-0.6	1.73535796948531	1	149
43447	125	-0.6 Inf fn	fn=4	-0.6	Inf	1	153
43447	125	-0.399999999999999 -Inf fn	fn=0	-0.399999999999999	-Inf	1	89
43447	125	-0.399999999999999 -3.83973201486999 fn	fn=0	-0.399999999999999	-3.83973201486999	1	85
43447	125	-0.399999999999999 -3.39503245945932 fn	fn=0	-0.399999999999999	-3.39503245945932	1	81
43447	125	-0.399999999999999 -2.94606547093528 fn	fn=0	-0.399999999999999	-2.94606547093528	1	77
43447	125	-0.399999999999999 -2.6631107381536 fn	fn=0	-0.399999999999999	-2.6631107381536	1	73
43447	125	-0.399999999999999 -2.524465240576 fn	fn=0	-0.399999999999999	-2.524465240576	1	69
43447	125	-0.399999999999999 -2.25304533252717 fn	fn=1	-0.399999999999999	-2.25304533252717	1	65
43447	125	-0.399999999999999 -1.67437721907083 fn	fn=1	-0.399999999999999	-1.67437721907083	1	61
43447	125	-0.399999999999999 -1.14637692472725 fn	fn=2	-0.399999999999999	-1.14637692472725	1	57
43447	125	-0.399999999999999 -0.490094964469779 fn	fn=2	-0.399999999999999	-0.490094964469779	1	53
43447	125	-0.399999999999999 0.792449489550068 fn	fn=2	-0.399999999999999	0.792449489550068	1	93
43447	125	-0.399999999999999 1.63535796948531 fn	fn=3	-0.399999999999999	1.63535796948531	1	97
43447	125	-0.399999999999999 Inf fn	fn=4	-0.399999999999999	Inf	1	101
43447	125	-0.199999999999999 -Inf fn	fn=0	-0.199999999999999	-Inf	1	37
43447	125	-0.199999999999999 -3.93973201486999 fn	fn=0	-0.199999999999999	-3.93973201486999	1	33
43447	125	-0.199999999999999 -3.49503245945932 fn	fn=0	-0.199999999999999	-3.49503245945932	1	29
43447	125	-0.199999999999999 -3.04606547093528 fn	fn=0	-0.199999999999999	-3.04606547093528	1	25
43447	125	-0.199999999999999 -2.7631107381536 fn	fn=0	-0.199999999999999	-2.7631107381536	1	21
43447	125	-0.199999999999999 -2.524465240576 fn	fn=0	-0.199999999999999	-2.524465240576	1	17
43447	125	-0.199999999999999 -2.35304533252717 fn	fn=1	-0.199999999999999	-2.35304533252717	1	13
43447	125	-0.199999999999999 -1.87437721907083 fn	fn=1	-0.199999999999999	-1.87437721907083	1	9
43447	125	-0.199999999999999 -1.24637692472725 fn	fn=2	-0.199999999999999	-1.24637692472725	1	5
43447	125	-0.199999999999999 -0.590094964469778 fn	fn=2	-0.199999999999999	-0.590094964469778	1	1
43447	125	-0.199999999999999 0.652025557362248 fn	fn=2	-0.199999999999999	0.652025557362248	1	41
43447	125	-0.199999999999999 1.53535796948531 fn	fn=3	-0.199999999999999	1.53535796948531	1	45
43447	125	-0.199999999999999 Inf fn	fn=4	-0.199999999999999	Inf	1	49
43447	125	0 -Inf fn	fn=0	0	-Inf	1	1337
43447	125	0 -4.03973201486999 fn	fn=0	0	-4.03973201486999	1	1333
43447	125	0 -3.59503245945932 fn	fn=0	0	-3.59503245945932	1	1329
43447	125	0 -3.14606547093528 fn	fn=0	0	-3.14606547093528	1	1325
43447	125	0 -2.8631107381536 fn	fn=0	0	-2.8631107381536	1	1321
43447	125	0 -2.524465240576 fn	fn=0	0	-2.524465240576	1	1317
43447	125	0 -2.45304533252717 fn	fn=1	0	-2.45304533252717	1	1313
43447	125	0 -2.07437721907083 fn	fn=1	0	-2.07437721907083	1	1309
43447	125	0 -1.34637692472725 fn	fn=2	0	-1.34637692472725	1	1305
43447	125	0 -0.690094964469778 fn	fn=2	0	-0.690094964469778	1	1301
43447	125	0 0.452025557362249 fn	fn=2	0	0.452025557362249	1	1341
43447	125	0 1.43535796948531 fn	fn=3	0	1.43535796948531	1	1345
43447	125	0 Inf fn	fn=4	0	Inf	1	1349
43447	125	0.2 -Inf fn	fn=0	0.2	-Inf	1	1389
43447	125	0.2 -4.13973201486999 fn	fn=0	0.2	-4.13973201486999	1	1385
43447	125	0.2 -3.69076502634595 fn	fn=0	0.2	-3.69076502634595	1	1381
43447	125	0.2 -3.24606547093528 fn	fn=0	0.2	-3.24606547093528	1	1377
43447	125	0.2 -2.89968223588422 fn	fn=0	0.2	-2.89968223588422	1	1373
43447	125	0.2 -2.61672750310254 fn	fn=0	0.2	-2.61672750310254	1	1369
43447	125	0.2 -2.524465240576 fn	fn=0	0.2	-2.524465240576	1	1365
43447	125	0.2 -2.18211495654429 fn	fn=1	0.2	-2.18211495654429	1	1361
43447	125	0.2 -1.44637692472725 fn	fn=2	0.2	-1.44637692472725	1	1357
43447	125	0.2 -0.790094964469778 fn	fn=2	0.2	-0.790094964469778	1	1353
43447	125	0.2 0.252025557362249 fn	fn=2	0.2	0.252025557362249	1	1393
43447	125	0.2 1.33535796948531 fn	fn=3	0.2	1.33535796948531	1	1397
43447	125	0.2 Inf fn	fn=4	0.2	Inf	1	1401
43447	125	0.4 -Inf fn	fn=0	0.4	-Inf	1	1441
43447	125	0.4 -4.23973201486999 fn	fn=0	0.4	-4.23973201486999	1	1437
43447	125	0.4 -3.79076502634595 fn	fn=0	0.4	-3.79076502634595	1	1433
43447	125	0.4 -3.34606547093528 fn	fn=0	0.4	-3.34606547093528	1	1429
43447	125	0.4 -2.99968223588422 fn	fn=0	0.4	-2.99968223588422	1	1425
43447	125	0.4 -2.71672750310254 fn	fn=0	0.4	-2.71672750310254	1	1421
43447	125	0.4 -2.524465240576 fn	fn=0	0.4	-2.524465240576	1	1417
43447	125	0.4 -2.28211495654429 fn	fn=1	0.4	-2.28211495654429	1	1413
43447	125	0.4 -1.54637692472725 fn	fn=2	0.4	-1.54637692472725	1	1409
43447	125	0.4 -0.890094964469778 fn	fn=2	0.4	-0.890094964469778	1	1405
43447	125	0.4 0.0520255573622483 fn	fn=2	0.4	0.0520255573622483	1	1445
43447	125	0.4 1.23535796948531 fn	fn=3	0.4	1.23535796948531	1	1449
43447	125	0.4 Inf fn	fn=4	0.4	Inf	1	1453
43447	125	0.6 -Inf fn	fn=0	0.600000000000001	-Inf	1	1497
43447	125	0.6 -4.33973201486999 fn	fn=0	0.600000000000001	-4.33973201486999	1	1493
43447	125	0.6 -3.89076502634595 fn	fn=0	0.600000000000001	-3.89076502634595	1	1489
43447	125	0.6 -3.44606547093528 fn	fn=0	0.600000000000001	-3.44606547093528	1	1485
43447	125	0.6 -3.09968223588423 fn	fn=0	0.600000000000001	-3.09968223588423	1	1481
43447	125	0.6 -2.81672750310254 fn	fn=0	0.600000000000001	-2.81672750310254	1	1477
43447	125	0.6 -2.524465240576 fn	fn=0	0.600000000000001	-2.524465240576	1	1473
43447	125	0.6 -2.38211495654429 fn	fn=1	0.600000000000001	-2.38211495654429	1	1469
43447	125	0.6 -1.64716488283047 fn	fn=2	0.600000000000001	-1.64716488283047	1	1465
43447	125	0.6 -0.990094964469779 fn	fn=2	0.600000000000001	-0.990094964469779	1	1461
43447	125	0.6 -0.147186484534535 fn	fn=2	0.600000000000001	-0.147186484534535	1	1457
43447	125	0.6 1.13535796948531 fn	fn=3	0.600000000000001	1.13535796948531	1	1501
43447	125	0.6 Inf fn	fn=4	0.600000000000001	Inf	1	1505
43447	125	0.800000000000001 -Inf fn	fn=0	0.800000000000001	-Inf	1	1549
43447	125	0.800000000000001 -4.43973201486999 fn	fn=0	0.800000000000001	-4.43973201486999	1	1545
43447	125	0.800000000000001 -3.99076502634595 fn	fn=0	0.800000000000001	-3.99076502634595	1	1541
43447	125	0.800000000000001 -3.59169083010477 fn	fn=0	0.800000000000001	-3.59169083010477	1	1537
43447	125	0.800000000000001 -3.19968223588422 fn	fn=0	0.800000000000001	-3.19968223588422	1	1533
43447	125	0.800000000000001 -2.87110214393305 fn	fn=0	0.800000000000001	-2.87110214393305	1	1529
43447	125	0.800000000000001 -2.54579712711966 fn	fn=0	0.800000000000001	-2.54579712711966	1	1525
43447	125	0.800000000000001 -2.48211495654429 fn	fn=1	0.800000000000001	-2.48211495654429	1	1521
43447	125	0.800000000000001 -1.82583299628681 fn	fn=2	0.800000000000001	-1.82583299628681	1	1517
43447	125	0.800000000000001 -1.09009496446978 fn	fn=2	0.800000000000001	-1.09009496446978	1	1513
43447	125	0.800000000000001 -0.247186484534534 fn	fn=2	0.800000000000001	-0.247186484534534	1	1509
43447	125	0.800000000000001 1.03535796948531 fn	fn=3	0.800000000000001	1.03535796948531	1	1553
43447	125	0.800000000000001 Inf fn	fn=4	0.800000000000001	Inf	1	1557
43447	125	1 -Inf fn	fn=0	1	-Inf	1	1601
43447	125	1 -4.58704105367987 fn	fn=0	1	-4.58704105367987	1	1597
43447	125	1 -4.09076502634595 fn	fn=0	1	-4.09076502634595	1	1593
43447	125	1 -3.74438179129489 fn	fn=0	1	-3.74438179129489	1	1589
43447	125	1 -3.29968223588422 fn	fn=0	1	-3.29968223588422	1	1585
43447	125	1 -2.92875185990134 fn	fn=0	1	-2.92875185990134	1	1581
43447	125	1 -2.64579712711966 fn	fn=1	1	-2.64579712711966	1	1577
43447	125	1 -2.524465240576 fn	fn=1	1	-2.524465240576	1	1573
43447	125	1 -1.92583299628681 fn	fn=2	1	-1.92583299628681	1	1569
43447	125	1 -1.19009496446978 fn	fn=2	1	-1.19009496446978	1	1565
43447	125	1 -0.347186484534534 fn	fn=2	1	-0.347186484534534	1	1561
43447	125	1 0.935357969485313 fn	fn=3	1	0.935357969485313	1	1605
43447	125	1 Inf fn	fn=4	1	Inf	1	1609
43447	125	1.2 -Inf fn	fn=0	1.2	-Inf	1	1653
43447	125	1.2 -4.78704105367987 fn	fn=0	1.2	-4.78704105367987	1	1649
43447	125	1.2 -4.19076502634595 fn	fn=0	1.2	-4.19076502634595	1	1645
43447	125	1.2 -3.84438179129489 fn	fn=0	1.2	-3.84438179129489	1	1641
43447	125	1.2 -3.39968223588422 fn	fn=0	1.2	-3.39968223588422	1	1637
43447	125	1.2 -3.02875185990134 fn	fn=0	1.2	-3.02875185990134	1	1633
43447	125	1.2 -2.74579712711966 fn	fn=1	1.2	-2.74579712711966	1	1629
43447	125	1.2 -2.524465240576 fn	fn=1	1.2	-2.524465240576	1	1625
43447	125	1.2 -2.02583299628681 fn	fn=2	1.2	-2.02583299628681	1	1621
43447	125	1.2 -1.29009496446978 fn	fn=2	1.2	-1.29009496446978	1	1617
43447	125	1.2 -0.447186484534534 fn	fn=2	1.2	-0.447186484534534	1	1613
43447	125	1.2 0.835357969485313 fn	fn=3	1.2	0.835357969485314	1	1657
43447	125	1.2 Inf fn	fn=4	1.2	Inf	1	1661
43447	125	1.4 -Inf fn	fn=0	1.4	-Inf	1	1705
43447	125	1.4 -4.98704105367987 fn	fn=0	1.4	-4.98704105367987	1	1701
43447	125	1.4 -4.29076502634595 fn	fn=0	1.4	-4.29076502634595	1	1697
43447	125	1.4 -3.94438179129489 fn	fn=0	1.4	-3.94438179129489	1	1693
43447	125	1.4 -3.49968223588422 fn	fn=0	1.4	-3.49968223588422	1	1689
43447	125	1.4 -3.12875185990134 fn	fn=0	1.4	-3.12875185990134	1	1685
43447	125	1.4 -2.84579712711966 fn	fn=1	1.4	-2.84579712711966	1	1681
43447	125	1.4 -2.524465240576 fn	fn=1	1.4	-2.524465240576	1	1677
43447	125	1.4 -2.12583299628681 fn	fn=2	1.4	-2.12583299628681	1	1673
43447	125	1.4 -1.39009496446978 fn	fn=2	1.4	-1.39009496446978	1	1669
43447	125	1.4 -0.547186484534534 fn	fn=2	1.4	-0.547186484534534	1	1665
43447	125	1.4 0.735357969485313 fn	fn=3	1.4	0.735357969485313	1	1709
43447	125	1.4 Inf fn	fn=4	1.4	Inf	1	1713
43447	125	1.6 -Inf fn	fn=0	1.6	-Inf	1	1757
43447	125	1.6 -5.18704105367987 fn	fn=0	1.6	-5.18704105367987	1	1753
43447	125	1.6 -4.39169083010477 fn	fn=0	1.6	-4.39169083010477	1	1749
43447	125	1.6 -4.04438179129489 fn	fn=0	1.6	-4.04438179129489	1	1745
43447	125	1.6 -3.67345141531201 fn	fn=0	1.6	-3.67345141531201	1	1741
43447	125	1.6 -3.22875185990134 fn	fn=1	1.6	-3.22875185990134	1	1737
43447	125	1.6 -2.87110214393305 fn	fn=1	1.6	-2.87110214393305	1	1733
43447	125	1.6 -2.524465240576 fn	fn=1	1.6	-2.524465240576	1	1729
43447	125	1.6 -2.22583299628681 fn	fn=2	1.6	-2.22583299628681	1	1725
43447	125	1.6 -1.49009496446978 fn	fn=2	1.6	-1.49009496446978	1	1721
43447	125	1.6 -0.647186484534535 fn	fn=2	1.6	-0.647186484534535	1	1717
43447	125	1.6 0.635357969485312 fn	fn=3	1.6	0.635357969485312	1	1761
43447	125	1.6 Inf fn	fn=4	1.6	Inf	1	1765
43447	125	1.8 -Inf fn	fn=0	1.8	-Inf	1	1809
43447	125	1.8 -5.38704105367987 fn	fn=0	1.8	-5.38704105367987	1	1805
43447	125	1.8 -4.59169083010477 fn	fn=0	1.8	-4.59169083010477	1	1801
43447	125	1.8 -4.14438179129489 fn	fn=0	1.8	-4.14438179129489	1	1797
43447	125	1.8 -3.77345141531201 fn	fn=0	1.8	-3.77345141531201	1	1793
43447	125	1.8 -3.32875185990134 fn	fn=1	1.8	-3.32875185990134	1	1789
43447	125	1.8 -2.87110214393305 fn	fn=1	1.8	-2.87110214393305	1	1785
43447	125	1.8 -2.524465240576 fn	fn=1	1.8	-2.524465240576	1	1781
43447	125	1.8 -2.32583299628681 fn	fn=2	1.8	-2.32583299628681	1	1777
43447	125	1.8 -1.59009496446978 fn	fn=2	1.8	-1.59009496446978	1	1773
43447	125	1.8 -0.747186484534534 fn	fn=2	1.8	-0.747186484534534	1	1769
43447	125	1.8 0.535357969485313 fn	fn=3	1.8	0.535357969485313	1	1813
43447	125	1.8 Inf fn	fn=4	1.8	Inf	1	1817
43447	125	2 -Inf fn	fn=0	2	-Inf	1	1861
43447	125	2 -5.58704105367987 fn	fn=0	2	-5.58704105367987	1	1857
43447	125	2 -4.79169083010477 fn	fn=0	2	-4.79169083010477	1	1853
43447	125	2 -4.24438179129489 fn	fn=0	2	-4.24438179129489	1	1849
43447	125	2 -3.87345141531201 fn	fn=0	2	-3.87345141531201	1	1845
43447	125	2 -3.42875185990134 fn	fn=1	2	-3.42875185990134	1	1841
43447	125	2 -2.87110214393305 fn	fn=1	2	-2.87110214393305	1	1837
43447	125	2 -2.524465240576 fn	fn=1	2	-2.524465240576	1	1833
43447	125	2 -2.42583299628681 fn	fn=2	2	-2.42583299628681	1	1829
43447	125	2 -1.69009496446978 fn	fn=2	2	-1.69009496446978	1	1825
43447	125	2 -0.847186484534534 fn	fn=2	2	-0.847186484534534	1	1821
43447	125	2 0.435357969485313 fn	fn=3	2	0.435357969485313	1	1865
43447	125	2 Inf fn	fn=4	2	Inf	1	1869
43447	125	2.2 -Inf fn	fn=0	2.2	-Inf	1	1913
43447	125	2.2 -5.78704105367987 fn	fn=0	2.2	-5.78704105367987	1	1909
43447	125	2.2 -4.99169083010477 fn	fn=0	2.2	-4.99169083010477	1	1905
43447	125	2.2 -4.34438179129489 fn	fn=0	2.2	-4.34438179129489	1	1901
43447	125	2.2 -3.97345141531201 fn	fn=0	2.2	-3.97345141531201	1	1897
43447	125	2.2 -3.52875185990134 fn	fn=1	2.2	-3.52875185990134	1	1893
43447	125	2.2 -2.87246989964386 fn	fn=1	2.2	-2.87246989964386	1	1889
43447	125	2.2 -2.58951516686218 fn	fn=1	2.2	-2.58951516686218	1	1885
43447	125	2.2 -2.524465240576 fn	fn=1	2.2	-2.524465240576	1	1881
43447	125	2.2 -1.7250450381836 fn	fn=2	2.2	-1.7250450381836	1	1877
43447	125	2.2 -0.947186484534534 fn	fn=2	2.2	-0.947186484534534	1	1873
43447	125	2.2 0.335357969485313 fn	fn=3	2.2	0.335357969485314	1	1917
43447	125	2.2 Inf fn	fn=4	2.2	Inf	1	1921
43447	125	2.4 -Inf fn	fn=0	2.4	-Inf	1	1965
43447	125	2.4 -5.98704105367987 fn	fn=0	2.4	-5.98704105367987	1	1961
43447	125	2.4 -5.19169083010477 fn	fn=0	2.4	-5.19169083010477	1	1957
43447	125	2.4 -4.47437721907083 fn	fn=0	2.4	-4.47437721907083	1	1953
43447	125	2.4 -4.07345141531201 fn	fn=1	2.4	-4.07345141531201	1	1949
43447	125	2.4 -3.5987564321254 fn	fn=1	2.4	-3.5987564321254	1	1945
43447	125	2.4 -2.97246989964386 fn	fn=1	2.4	-2.97246989964386	1	1941
43447	125	2.4 -2.68951516686218 fn	fn=1	2.4	-2.68951516686218	1	1937
43447	125	2.4 -2.524465240576 fn	fn=1	2.4	-2.524465240576	1	1933
43447	125	2.4 -1.78292451635157 fn	fn=2	2.4	-1.78292451635157	1	1929
43447	125	2.4 -1.04718648453453 fn	fn=3	2.4	-1.04718648453453	1	1925
43447	125	2.4 0.293237447653286 fn	fn=3	2.4	0.293237447653286	1	1969
43447	125	2.4 Inf fn	fn=4	2.4	Inf	1	1973
43447	125	2.6 -Inf fn	fn=0	2.6	-Inf	1	2017
43447	125	2.6 -6.18704105367987 fn	fn=0	2.6	-6.18704105367987	1	2013
43447	125	2.6 -5.39169083010477 fn	fn=0	2.6	-5.39169083010477	1	2009
43447	125	2.6 -4.67437721907083 fn	fn=0	2.6	-4.67437721907083	1	2005
43447	125	2.6 -4.17345141531201 fn	fn=1	2.6	-4.17345141531201	1	2001
43447	125	2.6 -3.5987564321254 fn	fn=1	2.6	-3.5987564321254	1	1997
43447	125	2.6 -3.07246989964386 fn	fn=1	2.6	-3.07246989964386	1	1993
43447	125	2.6 -2.78951516686218 fn	fn=1	2.6	-2.78951516686218	1	1989
43447	125	2.6 -2.524465240576 fn	fn=1	2.6	-2.524465240576	1	1985
43447	125	2.6 -1.88292451635157 fn	fn=2	2.6	-1.88292451635157	1	1981
43447	125	2.6 -1.14718648453453 fn	fn=3	2.6	-1.14718648453453	1	1977
43447	125	2.6 0.293237447653286 fn	fn=3	2.6	0.293237447653286	1	2021
43447	125	2.6 Inf fn	fn=4	2.6	Inf	1	2025
43447	125	2.8 -Inf fn	fn=0	2.8	-Inf	1	2069
43447	125	2.8 -6.38704105367987 fn	fn=0	2.8	-6.38704105367987	1	2065
43447	125	2.8 -5.59169083010477 fn	fn=0	2.8	-5.59169083010477	1	2061
43447	125	2.8 -4.87437721907083 fn	fn=0	2.8	-4.87437721907083	1	2057
43447	125	2.8 -4.27345141531201 fn	fn=1	2.8	-4.27345141531201	1	2053
43447	125	2.8 -3.61716945505453 fn	fn=1	2.8	-3.61716945505453	1	2049
43447	125	2.8 -3.17246989964386 fn	fn=1	2.8	-3.17246989964386	1	2045
43447	125	2.8 -2.87110214393305 fn	fn=1	2.8	-2.87110214393305	1	2041
43447	125	2.8 -2.524465240576 fn	fn=1	2.8	-2.524465240576	1	2037
43447	125	2.8 -1.98292451635157 fn	fn=2	2.8	-1.98292451635157	1	2033
43447	125	2.8 -1.24718648453453 fn	fn=3	2.8	-1.24718648453453	1	2029
43447	125	2.8 0.293237447653286 fn	fn=3	2.8	0.293237447653286	1	2073
43447	125	2.8 Inf fn	fn=4	2.8	Inf	1	2077
43447	125	3 -Inf fn	fn=0	3	-Inf	1	2121
43447	125	3 -6.58704105367987 fn	fn=0	3	-6.58704105367987	1	2117
43447	125	3 -5.79169083010477 fn	fn=0	3	-5.79169083010477	1	2113
43447	125	3 -5.07437721907083 fn	fn=0	3	-5.07437721907083	1	2109
43447	125	3 -4.37345141531201 fn	fn=1	3	-4.37345141531201	1	2105
43447	125	3 -3.71716945505453 fn	fn=1	3	-3.71716945505453	1	2101
43447	125	3 -3.27246989964386 fn	fn=1	3	-3.27246989964386	1	2097
43447	125	3 -2.87110214393305 fn	fn=1	3	-2.87110214393305	1	2093
43447	125	3 -2.524465240576 fn	fn=1	3	-2.524465240576	1	2089
43447	125	3 -2.08292451635157 fn	fn=2	3	-2.08292451635157	1	2085
43447	125	3 -1.34718648453453 fn	fn=3	3	-1.34718648453453	1	2081
43447	125	3 0.293237447653286 fn	fn=3	3	0.293237447653286	1	2125
43447	125	3 Inf fn	fn=4	3	Inf	1	2129
43447	125	3.2 -Inf fn	fn=0	3.2	-Inf	1	2173
43447	125	3.2 -6.78704105367987 fn	fn=0	3.2	-6.78704105367987	1	2169
43447	125	3.2 -5.99169083010477 fn	fn=0	3.2	-5.99169083010477	1	2165
43447	125	3.2 -5.27437721907083 fn	fn=0	3.2	-5.27437721907083	1	2161
43447	125	3.2 -4.47345141531201 fn	fn=1	3.2	-4.47345141531201	1	2157
43447	125	3.2 -3.81716945505453 fn	fn=1	3.2	-3.81716945505453	1	2153
43447	125	3.2 -3.37246989964386 fn	fn=1	3.2	-3.37246989964386	1	2149
43447	125	3.2 -2.87110214393305 fn	fn=1	3.2	-2.87110214393305	1	2145
43447	125	3.2 -2.524465240576 fn	fn=1	3.2	-2.524465240576	1	2141
43447	125	3.2 -2.18292451635157 fn	fn=2	3.2	-2.18292451635157	1	2137
43447	125	3.2 -1.44718648453453 fn	fn=3	3.2	-1.44718648453453	1	2133
43447	125	3.2 0.293237447653286 fn	fn=3	3.2	0.293237447653286	1	2177
43447	125	3.2 Inf fn	fn=4	3.2	Inf	1	2181
43447	125	3.4 -Inf fn	fn=0	3.4	-Inf	1	2225
43447	125	3.4 -6.98704105367987 fn	fn=0	3.4	-6.98704105367987	1	2221
43447	125	3.4 -6.19169083010477 fn	fn=0	3.4	-6.19169083010477	1	2217
43447	125	3.4 -5.47437721907083 fn	fn=0	3.4	-5.47437721907083	1	2213
43447	125	3.4 -4.57345141531201 fn	fn=1	3.4	-4.57345141531201	1	2209
43447	125	3.4 -3.91716945505453 fn	fn=1	3.4	-3.91716945505453	1	2205
43447	125	3.4 -3.47246989964386 fn	fn=1	3.4	-3.47246989964386	1	2201
43447	125	3.4 -2.87110214393305 fn	fn=1	3.4	-2.87110214393305	1	2197
43447	125	3.4 -2.524465240576 fn	fn=1	3.4	-2.524465240576	1	2193
43447	125	3.4 -2.28292451635157 fn	fn=2	3.4	-2.28292451635157	1	2189
43447	125	3.4 -1.54718648453453 fn	fn=3	3.4	-1.54718648453453	1	2185
43447	125	3.4 0.293237447653286 fn	fn=3	3.4	0.293237447653286	1	2229
43447	125	3.4 Inf fn	fn=4	3.4	Inf	1	2233
43447	125	3.6 -Inf fn	fn=0	3.6	-Inf	1	2277
43447	125	3.6 -7.18704105367987 fn	fn=0	3.6	-7.18704105367987	1	2273
43447	125	3.6 -6.39169083010477 fn	fn=0	3.6	-6.39169083010477	1	2269
43447	125	3.6 -5.67437721907083 fn	fn=0	3.6	-5.67437721907083	1	2265
43447	125	3.6 -4.67345141531201 fn	fn=1	3.6	-4.67345141531201	1	2261
43447	125	3.6 -4.01716945505453 fn	fn=1	3.6	-4.01716945505453	1	2257
43447	125	3.6 -3.57246989964386 fn	fn=1	3.6	-3.57246989964386	1	2253
43447	125	3.6 -2.87110214393305 fn	fn=1	3.6	-2.87110214393305	1	2249
43447	125	3.6 -2.524465240576 fn	fn=1	3.6	-2.524465240576	1	2245
43447	125	3.6 -2.38292451635157 fn	fn=2	3.6	-2.38292451635157	1	2241
43447	125	3.6 -1.64718648453453 fn	fn=3	3.6	-1.64718648453453	1	2237
43447	125	3.6 0.293237447653286 fn	fn=3	3.6	0.293237447653286	1	2281
43447	125	3.6 Inf fn	fn=4	3.6	Inf	1	2285
43447	125	3.8 -Inf fn	fn=0	3.8	-Inf	1	2329
43447	125	3.8 -7.38704105367987 fn	fn=0	3.8	-7.38704105367987	1	2325
43447	125	3.8 -6.59169083010477 fn	fn=0	3.8	-6.59169083010477	1	2321
43447	125	3.8 -5.87437721907083 fn	fn=0	3.8	-5.87437721907083	1	2317
43447	125	3.8 -4.84716488283047 fn	fn=1	3.8	-4.84716488283047	1	2313
43447	125	3.8 -4.11716945505453 fn	fn=1	3.8	-4.11716945505453	1	2309
43447	125	3.8 -3.5987564321254 fn	fn=1	3.8	-3.5987564321254	1	2305
43447	125	3.8 -2.87110214393305 fn	fn=1	3.8	-2.87110214393305	1	2301
43447	125	3.8 -2.54660668692694 fn	fn=1	3.8	-2.54660668692694	1	2297
43447	125	3.8 -2.48292451635157 fn	fn=2	3.8	-2.48292451635157	1	2293
43447	125	3.8 -1.7250450381836 fn	fn=3	3.8	-1.7250450381836	1	2289
43447	125	3.8 0.293237447653286 fn	fn=3	3.8	0.293237447653286	1	2333
43447	125	3.8 Inf fn	fn=4	3.8	Inf	1	2337
43447	125	4 -Inf fn	fn=0	4	-Inf	1	2381
43447	125	4 -7.58704105367987 fn	fn=0	4	-7.58704105367987	1	2377
43447	125	4 -6.79169083010477 fn	fn=0	4	-6.79169083010477	1	2373
43447	125	4 -6.07437721907083 fn	fn=0	4	-6.07437721907083	1	2369
43447	125	4 -5.04716488283047 fn	fn=1	4	-5.04716488283047	1	2365
43447	125	4 -4.21716945505453 fn	fn=1	4	-4.21716945505453	1	2361
43447	125	4 -3.5987564321254 fn	fn=1	4	-3.5987564321254	1	2357
43447	125	4 -2.92956141970862 fn	fn=1	4	-2.92956141970862	1	2353
43447	125	4 -2.64660668692694 fn	fn=2	4	-2.64660668692694	1	2349
43447	125	4 -2.524465240576 fn	fn=2	4	-2.524465240576	1	2345
43447	125	4 -1.7250450381836 fn	fn=3	4	-1.7250450381836	1	2341
43447	125	4 0.293237447653286 fn	fn=3	4	0.293237447653286	1	2385
43447	125	4 Inf fn	fn=4	4	Inf	1	2389
43447	125	4.2 -Inf fn	fn=0	4.2	-Inf	1	2433
43447	125	4.2 -7.78704105367987 fn	fn=0	4.2	-7.78704105367987	1	2429
43447	125	4.2 -6.99169083010477 fn	fn=0	4.2	-6.99169083010477	1	2425
43447	125	4.2 -6.27437721907083 fn	fn=0	4.2	-6.27437721907083	1	2421
43447	125	4.2 -5.24716488283047 fn	fn=1	4.2	-5.24716488283047	1	2417
43447	125	4.2 -4.31716945505453 fn	fn=1	4.2	-4.31716945505453	1	2413
43447	125	4.2 -3.5987564321254 fn	fn=1	4.2	-3.5987564321254	1	2409
43447	125	4.2 -3.02956141970862 fn	fn=1	4.2	-3.02956141970862	1	2405
43447	125	4.2 -2.74660668692694 fn	fn=2	4.2	-2.74660668692694	1	2401
43447	125	4.2 -2.524465240576 fn	fn=2	4.2	-2.524465240576	1	2397
43447	125	4.2 -1.7250450381836 fn	fn=3	4.2	-1.7250450381836	1	2393
43447	125	4.2 0.293237447653286 fn	fn=3	4.2	0.293237447653286	1	2437
43447	125	4.2 Inf fn	fn=4	4.2	Inf	1	2441
43447	125	4.4 -Inf fn	fn=0	4.4	-Inf	1	2485
43447	125	4.4 -7.98704105367987 fn	fn=0	4.4	-7.98704105367987	1	2481
43447	125	4.4 -7.19169083010477 fn	fn=0	4.4	-7.19169083010477	1	2477
43447	125	4.4 -6.47437721907083 fn	fn=0	4.4	-6.47437721907083	1	2473
43447	125	4.4 -5.44716488283047 fn	fn=1	4.4	-5.44716488283047	1	2469
43447	125	4.4 -4.41716945505453 fn	fn=1	4.4	-4.41716945505453	1	2465
43447	125	4.4 -3.5987564321254 fn	fn=1	4.4	-3.5987564321254	1	2461
43447	125	4.4 -3.12956141970862 fn	fn=1	4.4	-3.12956141970862	1	2457
43447	125	4.4 -2.84660668692694 fn	fn=2	4.4	-2.84660668692694	1	2453
43447	125	4.4 -2.524465240576 fn	fn=2	4.4	-2.524465240576	1	2449
43447	125	4.4 -1.7250450381836 fn	fn=3	4.4	-1.7250450381836	1	2445
43447	125	4.4 0.293237447653286 fn	fn=3	4.4	0.293237447653286	1	2489
43447	125	4.4 Inf fn	fn=4	4.4	Inf	1	2493
43447	125	4.6 -Inf fn	fn=0	4.6	-Inf	1	2537
43447	125	4.6 -8.18704105367987 fn	fn=0	4.6	-8.18704105367987	1	2533
43447	125	4.6 -7.39169083010477 fn	fn=0	4.6	-7.39169083010477	1	2529
43447	125	4.6 -6.67437721907083 fn	fn=0	4.6	-6.67437721907083	1	2525
43447	125	4.6 -5.64716488283047 fn	fn=1	4.6	-5.64716488283047	1	2521
43447	125	4.6 -4.51716945505453 fn	fn=1	4.6	-4.51716945505453	1	2517
43447	125	4.6 -3.67426097511929 fn	fn=1	4.6	-3.67426097511929	1	2513
43447	125	4.6 -3.22956141970862 fn	fn=2	4.6	-3.22956141970862	1	2509
43447	125	4.6 -2.87110214393305 fn	fn=2	4.6	-2.87110214393305	1	2505
43447	125	4.6 -2.524465240576 fn	fn=2	4.6	-2.524465240576	1	2501
43447	125	4.6 -1.7250450381836 fn	fn=3	4.6	-1.7250450381836	1	2497
43447	125	4.6 0.293237447653286 fn	fn=3	4.6	0.293237447653286	1	2541
43447	125	4.6 Inf fn	fn=4	4.6	Inf	1	2545
43447	125	4.8 -Inf fn	fn=0	4.8	-Inf	1	2589
43447	125	4.8 -8.38704105367987 fn	fn=0	4.8	-8.38704105367987	1	2585
43447	125	4.8 -7.59169083010477 fn	fn=0	4.8	-7.59169083010477	1	2581
43447	125	4.8 -6.87437721907083 fn	fn=0	4.8	-6.87437721907083	1	2577
43447	125	4.8 -5.84716488283047 fn	fn=1	4.8	-5.84716488283047	1	2573
43447	125	4.8 -4.61716945505453 fn	fn=1	4.8	-4.61716945505453	1	2569
43447	125	4.8 -3.77426097511929 fn	fn=1	4.8	-3.77426097511929	1	2565
43447	125	4.8 -3.32956141970862 fn	fn=2	4.8	-3.32956141970862	1	2561
43447	125	4.8 -2.87110214393305 fn	fn=2	4.8	-2.87110214393305	1	2557
43447	125	4.8 -2.524465240576 fn	fn=2	4.8	-2.524465240576	1	2553
43447	125	4.8 -1.7250450381836 fn	fn=3	4.8	-1.7250450381836	1	2549
43447	125	4.8 0.293237447653286 fn	fn=3	4.8	0.293237447653286	1	2593
43447	125	4.8 Inf fn	fn=4	4.8	Inf	1	2597
43447	125	5 -Inf fn	fn=0	5	-Inf	1	2641
43447	125	5 -8.58704105367987 fn	fn=0	5	-8.58704105367987	1	2637
43447	125	5 -7.79169083010477 fn	fn=0	5	-7.79169083010477	1	2633
43447	125	5 -7.07437721907083 fn	fn=0	5	-7.07437721907083	1	2629
43447	125	5 -6.04716488283047 fn	fn=1	5	-6.04716488283047	1	2625
43447	125	5 -4.71716945505453 fn	fn=1	5	-4.71716945505453	1	2621
43447	125	5 -3.87426097511929 fn	fn=1	5	-3.87426097511929	1	2617
43447	125	5 -3.42956141970862 fn	fn=2	5	-3.42956141970862	1	2613
43447	125	5 -2.87110214393305 fn	fn=2	5	-2.87110214393305	1	2609
43447	125	5 -2.524465240576 fn	fn=2	5	-2.524465240576	1	2605
43447	125	5 -1.7250450381836 fn	fn=3	5	-1.7250450381836	1	2601
43447	125	5 0.293237447653286 fn	fn=3	5	0.293237447653286	1	2645
43447	125	5 Inf fn	fn=4	5	Inf	1	2649
