xmin	xmax	tooltip	key	clickSelects	showSelected1	PANEL	group
-13.3670578848165	-4.04345598753607	-Inf<thresh<-4.0 FP=12 FN=0	-5 -Inf	-Inf	-5	1	485
-4.04345598753607	-3.15405687671473	-4.0<thresh<-3.2 FP=9 FN=0	-5 -3.5987564321254	-3.5987564321254	-5	1	353
-3.15405687671473	-2.58814741115137	-3.2<thresh<-2.6 FP=8 FN=0	-5 -2.87110214393305	-2.87110214393305	-5	1	284
-2.58814741115137	-2.46078307000063	-2.6<thresh<-2.5 FP=7 FN=0	-5 -2.524465240576	-2.524465240576	-5	1	230
-2.46078307000063	-0.989307006366561	-2.5<thresh<-1.0 FP=7 FN=1	-5 -1.7250450381836	-1.7250450381836	-5	1	144
-0.989307006366561	0.963991957796087	-1.0<thresh<1.0 FP=6 FN=1	-5 -0.0126575242852369	-0.0126575242852369	-5	1	69
0.963991957796087	1.57578190167313	1.0<thresh<1.6 FP=5 FN=1	-5 1.26988692973461	1.26988692973461	-5	1	542
1.57578190167313	1.86192593484417	1.6<thresh<1.9 FP=5 FN=2	-5 1.71885391825865	1.71885391825865	-5	1	565
1.86192593484417	2.55469240494628	1.9<thresh<2.6 FP=2 FN=2	-5 2.20830916989523	2.20830916989523	-5	1	614
2.55469240494628	3.29655315691206	2.6<thresh<3.3 FP=1 FN=2	-5 2.92562278092917	2.92562278092917	-5	1	629
3.29655315691206	4.60911707742701	3.3<thresh<4.6 FP=1 FN=3	-5 3.95283511716953	3.95283511716953	-5	1	640
4.60911707742701	6.29493403729749	4.6<thresh<6.3 FP=0 FN=3	-5 5.45202555736225	5.45202555736225	-5	1	654
6.29493403729749	9.08500842897606	6.3<thresh<Inf FP=0 FN=4	-5 Inf	Inf	-5	1	663
-13.3670578848165	-4.04345598753607	-Inf<thresh<-4.0 FP=12 FN=0	-4.8 -Inf	-Inf	-4.8	1	484
-4.04345598753607	-3.15405687671473	-4.0<thresh<-3.2 FP=9 FN=0	-4.8 -3.5987564321254	-3.5987564321254	-4.8	1	352
-3.15405687671473	-2.58814741115137	-3.2<thresh<-2.6 FP=8 FN=0	-4.8 -2.87110214393305	-2.87110214393305	-4.8	1	283
-2.58814741115137	-2.46078307000063	-2.6<thresh<-2.5 FP=7 FN=0	-4.8 -2.524465240576	-2.524465240576	-4.8	1	229
-2.46078307000063	-0.989307006366561	-2.5<thresh<-1.0 FP=7 FN=1	-4.8 -1.7250450381836	-1.7250450381836	-4.8	1	143
-0.989307006366561	0.763991957796087	-1.0<thresh<0.8 FP=6 FN=1	-4.8 -0.112657524285237	-0.112657524285237	-4.8	1	68
0.763991957796087	1.57578190167313	0.8<thresh<1.6 FP=5 FN=1	-4.8 1.16988692973461	1.16988692973461	-4.8	1	536
1.57578190167313	1.66192593484417	1.6<thresh<1.7 FP=5 FN=2	-4.8 1.61885391825865	1.61885391825865	-4.8	1	560
1.66192593484417	2.35469240494628	1.7<thresh<2.4 FP=2 FN=2	-4.8 2.00830916989523	2.00830916989523	-4.8	1	609
2.35469240494628	3.09655315691206	2.4<thresh<3.1 FP=1 FN=2	-4.8 2.72562278092917	2.72562278092917	-4.8	1	625
3.09655315691206	4.409117077427	3.1<thresh<4.4 FP=1 FN=3	-4.8 3.75283511716953	3.75283511716953	-4.8	1	637
4.409117077427	6.09493403729749	4.4<thresh<6.1 FP=0 FN=3	-4.8 5.25202555736225	5.25202555736225	-4.8	1	652
6.09493403729749	9.08500842897606	6.1<thresh<Inf FP=0 FN=4	-4.8 Inf	Inf	-4.8	1	662
-13.3670578848165	-4.04345598753607	-Inf<thresh<-4.0 FP=12 FN=0	-4.6 -Inf	-Inf	-4.6	1	483
-4.04345598753607	-3.15405687671473	-4.0<thresh<-3.2 FP=9 FN=0	-4.6 -3.5987564321254	-3.5987564321254	-4.6	1	351
-3.15405687671473	-2.58814741115137	-3.2<thresh<-2.6 FP=8 FN=0	-4.6 -2.87110214393305	-2.87110214393305	-4.6	1	282
-2.58814741115137	-2.46078307000063	-2.6<thresh<-2.5 FP=7 FN=0	-4.6 -2.524465240576	-2.524465240576	-4.6	1	228
-2.46078307000063	-0.989307006366561	-2.5<thresh<-1.0 FP=7 FN=1	-4.6 -1.7250450381836	-1.7250450381836	-4.6	1	142
-0.989307006366561	0.563991957796087	-1.0<thresh<0.6 FP=6 FN=1	-4.6 -0.212657524285237	-0.212657524285237	-4.6	1	66
0.563991957796087	1.46192593484417	0.6<thresh<1.5 FP=5 FN=1	-4.6 1.01295894632013	1.01295894632013	-4.6	1	529
1.46192593484417	1.57578190167313	1.5<thresh<1.6 FP=2 FN=1	-4.6 1.51885391825865	1.51885391825865	-4.6	1	555
1.57578190167313	2.15469240494628	1.6<thresh<2.2 FP=2 FN=2	-4.6 1.86523715330971	1.86523715330971	-4.6	1	571
2.15469240494628	2.89655315691206	2.2<thresh<2.9 FP=1 FN=2	-4.6 2.52562278092917	2.52562278092917	-4.6	1	621
2.89655315691206	4.209117077427	2.9<thresh<4.2 FP=1 FN=3	-4.6 3.55283511716953	3.55283511716953	-4.6	1	634
4.209117077427	5.89493403729749	4.2<thresh<5.9 FP=0 FN=3	-4.6 5.05202555736225	5.05202555736225	-4.6	1	650
5.89493403729749	9.08500842897606	5.9<thresh<Inf FP=0 FN=4	-4.6 Inf	Inf	-4.6	1	661
-13.3670578848165	-4.04345598753607	-Inf<thresh<-4.0 FP=12 FN=0	-4.4 -Inf	-Inf	-4.4	1	482
-4.04345598753607	-3.15405687671473	-4.0<thresh<-3.2 FP=9 FN=0	-4.4 -3.5987564321254	-3.5987564321254	-4.4	1	350
-3.15405687671473	-2.58814741115137	-3.2<thresh<-2.6 FP=8 FN=0	-4.4 -2.87110214393305	-2.87110214393305	-4.4	1	281
-2.58814741115137	-2.46078307000063	-2.6<thresh<-2.5 FP=7 FN=0	-4.4 -2.524465240576	-2.524465240576	-4.4	1	227
-2.46078307000063	-0.989307006366561	-2.5<thresh<-1.0 FP=7 FN=1	-4.4 -1.7250450381836	-1.7250450381836	-4.4	1	141
-0.989307006366561	0.363991957796087	-1.0<thresh<0.4 FP=6 FN=1	-4.4 -0.312657524285237	-0.312657524285237	-4.4	1	64
0.363991957796087	1.26192593484418	0.4<thresh<1.3 FP=5 FN=1	-4.4 0.812958946320131	0.812958946320131	-4.4	1	523
1.26192593484418	1.57578190167313	1.3<thresh<1.6 FP=2 FN=1	-4.4 1.41885391825865	1.41885391825865	-4.4	1	550
1.57578190167313	1.95469240494628	1.6<thresh<2.0 FP=2 FN=2	-4.4 1.76523715330971	1.76523715330971	-4.4	1	567
1.95469240494628	2.69655315691206	2.0<thresh<2.7 FP=1 FN=2	-4.4 2.32562278092917	2.32562278092917	-4.4	1	617
2.69655315691206	4.00911707742701	2.7<thresh<4.0 FP=1 FN=3	-4.4 3.35283511716953	3.35283511716953	-4.4	1	631
4.00911707742701	5.69493403729749	4.0<thresh<5.7 FP=0 FN=3	-4.4 4.85202555736225	4.85202555736225	-4.4	1	648
5.69493403729749	9.08500842897606	5.7<thresh<Inf FP=0 FN=4	-4.4 Inf	Inf	-4.4	1	660
-13.3670578848165	-4.04345598753607	-Inf<thresh<-4.0 FP=12 FN=0	-4.2 -Inf	-Inf	-4.2	1	481
-4.04345598753607	-3.15405687671473	-4.0<thresh<-3.2 FP=9 FN=0	-4.2 -3.5987564321254	-3.5987564321254	-4.2	1	349
-3.15405687671473	-2.58814741115137	-3.2<thresh<-2.6 FP=8 FN=0	-4.2 -2.87110214393305	-2.87110214393305	-4.2	1	280
-2.58814741115137	-2.46078307000063	-2.6<thresh<-2.5 FP=7 FN=0	-4.2 -2.524465240576	-2.524465240576	-4.2	1	226
-2.46078307000063	-0.989307006366561	-2.5<thresh<-1.0 FP=7 FN=1	-4.2 -1.7250450381836	-1.7250450381836	-4.2	1	140
-0.989307006366561	0.163991957796087	-1.0<thresh<0.2 FP=6 FN=1	-4.2 -0.412657524285237	-0.412657524285237	-4.2	1	62
0.163991957796087	1.06192593484418	0.2<thresh<1.1 FP=5 FN=1	-4.2 0.612958946320131	0.612958946320131	-4.2	1	517
1.06192593484418	1.57578190167313	1.1<thresh<1.6 FP=2 FN=1	-4.2 1.31885391825865	1.31885391825865	-4.2	1	545
1.57578190167313	1.75469240494628	1.6<thresh<1.8 FP=2 FN=2	-4.2 1.66523715330971	1.66523715330971	-4.2	1	562
1.75469240494628	2.49655315691206	1.8<thresh<2.5 FP=1 FN=2	-4.2 2.12562278092917	2.12562278092917	-4.2	1	612
2.49655315691206	3.80911707742701	2.5<thresh<3.8 FP=1 FN=3	-4.2 3.15283511716953	3.15283511716953	-4.2	1	627
3.80911707742701	5.49493403729749	3.8<thresh<5.5 FP=0 FN=3	-4.2 4.65202555736225	4.65202555736225	-4.2	1	646
5.49493403729749	9.08500842897606	5.5<thresh<Inf FP=0 FN=4	-4.2 Inf	Inf	-4.2	1	659
-13.3670578848165	-4.04345598753607	-Inf<thresh<-4.0 FP=12 FN=0	-4 -Inf	-Inf	-4	1	480
-4.04345598753607	-3.15405687671473	-4.0<thresh<-3.2 FP=9 FN=0	-4 -3.5987564321254	-3.5987564321254	-4	1	348
-3.15405687671473	-2.58814741115137	-3.2<thresh<-2.6 FP=8 FN=0	-4 -2.87110214393305	-2.87110214393305	-4	1	279
-2.58814741115137	-2.46078307000063	-2.6<thresh<-2.5 FP=7 FN=0	-4 -2.524465240576	-2.524465240576	-4	1	225
-2.46078307000063	-0.989307006366561	-2.5<thresh<-1.0 FP=7 FN=1	-4 -1.7250450381836	-1.7250450381836	-4	1	139
-0.989307006366561	-0.0360080422039131	-1.0<thresh<-0.0 FP=6 FN=1	-4 -0.512657524285237	-0.512657524285237	-4	1	30
-0.0360080422039131	0.861925934844175	-0.0<thresh<0.9 FP=5 FN=1	-4 0.412958946320131	0.412958946320131	-4	1	2
0.861925934844175	1.55469240494628	0.9<thresh<1.6 FP=2 FN=1	-4 1.20830916989523	1.20830916989523	-4	1	539
1.55469240494628	1.57578190167313	1.6<thresh<1.6 FP=1 FN=1	-4 1.56523715330971	1.56523715330971	-4	1	556
1.57578190167313	2.29655315691206	1.6<thresh<2.3 FP=1 FN=2	-4 1.9361675292926	1.9361675292926	-4	1	573
2.29655315691206	3.609117077427	2.3<thresh<3.6 FP=1 FN=3	-4 2.95283511716953	2.95283511716953	-4	1	623
3.609117077427	5.29493403729749	3.6<thresh<5.3 FP=0 FN=3	-4 4.45202555736225	4.45202555736225	-4	1	644
5.29493403729749	9.08500842897606	5.3<thresh<Inf FP=0 FN=4	-4 Inf	Inf	-4	1	658
-13.3670578848165	-4.04345598753607	-Inf<thresh<-4.0 FP=12 FN=0	-3.8 -Inf	-Inf	-3.8	1	479
-4.04345598753607	-3.15405687671473	-4.0<thresh<-3.2 FP=9 FN=0	-3.8 -3.5987564321254	-3.5987564321254	-3.8	1	347
-3.15405687671473	-2.58814741115137	-3.2<thresh<-2.6 FP=8 FN=0	-3.8 -2.87110214393305	-2.87110214393305	-3.8	1	278
-2.58814741115137	-2.46078307000063	-2.6<thresh<-2.5 FP=7 FN=0	-3.8 -2.524465240576	-2.524465240576	-3.8	1	224
-2.46078307000063	-0.989307006366561	-2.5<thresh<-1.0 FP=7 FN=1	-3.8 -1.7250450381836	-1.7250450381836	-3.8	1	138
-0.989307006366561	-0.236008042203913	-1.0<thresh<-0.2 FP=6 FN=1	-3.8 -0.612657524285237	-0.612657524285237	-3.8	1	34
-0.236008042203913	0.661925934844175	-0.2<thresh<0.7 FP=5 FN=1	-3.8 0.212958946320131	0.212958946320131	-3.8	1	7
0.661925934844175	1.35469240494628	0.7<thresh<1.4 FP=2 FN=1	-3.8 1.00830916989523	1.00830916989523	-3.8	1	531
1.35469240494628	1.57578190167313	1.4<thresh<1.6 FP=1 FN=1	-3.8 1.46523715330971	1.46523715330971	-3.8	1	552
1.57578190167313	2.09655315691206	1.6<thresh<2.1 FP=1 FN=2	-3.8 1.8361675292926	1.8361675292926	-3.8	1	569
2.09655315691206	3.409117077427	2.1<thresh<3.4 FP=1 FN=3	-3.8 2.75283511716953	2.75283511716953	-3.8	1	619
3.409117077427	5.09493403729749	3.4<thresh<5.1 FP=0 FN=3	-3.8 4.25202555736225	4.25202555736225	-3.8	1	642
5.09493403729749	9.08500842897606	5.1<thresh<Inf FP=0 FN=4	-3.8 Inf	Inf	-3.8	1	657
-13.3670578848165	-4.04345598753607	-Inf<thresh<-4.0 FP=12 FN=0	-3.6 -Inf	-Inf	-3.6	1	478
-4.04345598753607	-3.15405687671473	-4.0<thresh<-3.2 FP=9 FN=0	-3.6 -3.5987564321254	-3.5987564321254	-3.6	1	346
-3.15405687671473	-2.58814741115137	-3.2<thresh<-2.6 FP=8 FN=0	-3.6 -2.87110214393305	-2.87110214393305	-3.6	1	277
-2.58814741115137	-2.46078307000063	-2.6<thresh<-2.5 FP=7 FN=0	-3.6 -2.524465240576	-2.524465240576	-3.6	1	223
-2.46078307000063	-0.989307006366561	-2.5<thresh<-1.0 FP=7 FN=1	-3.6 -1.7250450381836	-1.7250450381836	-3.6	1	137
-0.989307006366561	-0.436008042203913	-1.0<thresh<-0.4 FP=6 FN=1	-3.6 -0.712657524285237	-0.712657524285237	-3.6	1	40
-0.436008042203913	0.461925934844174	-0.4<thresh<0.5 FP=5 FN=1	-3.6 0.0129589463201305	0.0129589463201305	-3.6	1	13
0.461925934844174	1.15469240494628	0.5<thresh<1.2 FP=2 FN=1	-3.6 0.808309169895229	0.808309169895229	-3.6	1	525
1.15469240494628	1.57578190167313	1.2<thresh<1.6 FP=1 FN=1	-3.6 1.36523715330971	1.36523715330971	-3.6	1	547
1.57578190167313	1.89655315691206	1.6<thresh<1.9 FP=1 FN=2	-3.6 1.7361675292926	1.7361675292926	-3.6	1	564
1.89655315691206	3.209117077427	1.9<thresh<3.2 FP=1 FN=3	-3.6 2.55283511716953	2.55283511716953	-3.6	1	615
3.209117077427	4.89493403729749	3.2<thresh<4.9 FP=0 FN=3	-3.6 4.05202555736225	4.05202555736225	-3.6	1	639
4.89493403729749	9.08500842897606	4.9<thresh<Inf FP=0 FN=4	-3.6 Inf	Inf	-3.6	1	656
-13.3670578848165	-4.04345598753607	-Inf<thresh<-4.0 FP=12 FN=0	-3.4 -Inf	-Inf	-3.4	1	477
-4.04345598753607	-3.15405687671473	-4.0<thresh<-3.2 FP=9 FN=0	-3.4 -3.5987564321254	-3.5987564321254	-3.4	1	345
-3.15405687671473	-2.58814741115137	-3.2<thresh<-2.6 FP=8 FN=0	-3.4 -2.87110214393305	-2.87110214393305	-3.4	1	276
-2.58814741115137	-2.46078307000063	-2.6<thresh<-2.5 FP=7 FN=0	-3.4 -2.524465240576	-2.524465240576	-3.4	1	222
-2.46078307000063	-0.989307006366561	-2.5<thresh<-1.0 FP=7 FN=1	-3.4 -1.7250450381836	-1.7250450381836	-3.4	1	136
-0.989307006366561	-0.636008042203913	-1.0<thresh<-0.6 FP=6 FN=1	-3.4 -0.812657524285237	-0.812657524285237	-3.4	1	46
-0.636008042203913	0.261925934844175	-0.6<thresh<0.3 FP=5 FN=1	-3.4 -0.187041053679869	-0.187041053679869	-3.4	1	19
0.261925934844175	0.954692404946284	0.3<thresh<1.0 FP=2 FN=1	-3.4 0.60830916989523	0.60830916989523	-3.4	1	519
0.954692404946284	1.57578190167313	1.0<thresh<1.6 FP=1 FN=1	-3.4 1.26523715330971	1.26523715330971	-3.4	1	541
1.57578190167313	1.69655315691206	1.6<thresh<1.7 FP=1 FN=2	-3.4 1.6361675292926	1.6361675292926	-3.4	1	559
1.69655315691206	3.00911707742701	1.7<thresh<3.0 FP=1 FN=3	-3.4 2.35283511716953	2.35283511716953	-3.4	1	610
3.00911707742701	4.69493403729749	3.0<thresh<4.7 FP=0 FN=3	-3.4 3.85202555736225	3.85202555736225	-3.4	1	636
4.69493403729749	9.08500842897606	4.7<thresh<Inf FP=0 FN=4	-3.4 Inf	Inf	-3.4	1	655
-13.3670578848165	-4.04345598753607	-Inf<thresh<-4.0 FP=12 FN=0	-3.2 -Inf	-Inf	-3.2	1	476
-4.04345598753607	-3.15405687671473	-4.0<thresh<-3.2 FP=9 FN=0	-3.2 -3.5987564321254	-3.5987564321254	-3.2	1	344
-3.15405687671473	-2.58814741115137	-3.2<thresh<-2.6 FP=8 FN=0	-3.2 -2.87110214393305	-2.87110214393305	-3.2	1	275
-2.58814741115137	-2.46078307000063	-2.6<thresh<-2.5 FP=7 FN=0	-3.2 -2.524465240576	-2.524465240576	-3.2	1	221
-2.46078307000063	-0.989307006366561	-2.5<thresh<-1.0 FP=7 FN=1	-3.2 -1.7250450381836	-1.7250450381836	-3.2	1	135
-0.989307006366561	-0.836008042203913	-1.0<thresh<-0.8 FP=6 FN=1	-3.2 -0.912657524285237	-0.912657524285237	-3.2	1	52
-0.836008042203913	0.061925934844175	-0.8<thresh<0.1 FP=5 FN=1	-3.2 -0.387041053679869	-0.387041053679869	-3.2	1	25
0.061925934844175	0.754692404946284	0.1<thresh<0.8 FP=2 FN=1	-3.2 0.40830916989523	0.408309169895229	-3.2	1	513
0.754692404946284	1.49655315691206	0.8<thresh<1.5 FP=1 FN=1	-3.2 1.12562278092917	1.12562278092917	-3.2	1	534
1.49655315691206	1.57578190167313	1.5<thresh<1.6 FP=1 FN=2	-3.2 1.5361675292926	1.5361675292926	-3.2	1	554
1.57578190167313	2.80911707742701	1.6<thresh<2.8 FP=1 FN=3	-3.2 2.19244948955007	2.19244948955007	-3.2	1	578
2.80911707742701	4.49493403729749	2.8<thresh<4.5 FP=0 FN=3	-3.2 3.65202555736225	3.65202555736225	-3.2	1	633
4.49493403729749	9.08500842897606	4.5<thresh<Inf FP=0 FN=4	-3.2 Inf	Inf	-3.2	1	653
-13.3670578848165	-4.04345598753607	-Inf<thresh<-4.0 FP=12 FN=0	-3 -Inf	-Inf	-3	1	475
-4.04345598753607	-3.15405687671473	-4.0<thresh<-3.2 FP=9 FN=0	-3 -3.5987564321254	-3.5987564321254	-3	1	343
-3.15405687671473	-2.58814741115137	-3.2<thresh<-2.6 FP=8 FN=0	-3 -2.87110214393305	-2.87110214393305	-3	1	274
-2.58814741115137	-2.46078307000063	-2.6<thresh<-2.5 FP=7 FN=0	-3 -2.524465240576	-2.524465240576	-3	1	220
-2.46078307000063	-1.03600804220391	-2.5<thresh<-1.0 FP=7 FN=1	-3 -1.74839555610227	-1.74839555610227	-3	1	134
-1.03600804220391	-0.989307006366561	-1.0<thresh<-1.0 FP=6 FN=1	-3 -1.01265752428524	-1.01265752428524	-3	1	58
-0.989307006366561	-0.138074065155825	-1.0<thresh<-0.1 FP=5 FN=1	-3 -0.563690535761193	-0.563690535761193	-3	1	32
-0.138074065155825	0.554692404946284	-0.1<thresh<0.6 FP=2 FN=1	-3 0.208309169895229	0.208309169895229	-3	1	3
0.554692404946284	1.29655315691206	0.6<thresh<1.3 FP=1 FN=1	-3 0.925622780929171	0.925622780929171	-3	1	528
1.29655315691206	1.57578190167313	1.3<thresh<1.6 FP=1 FN=2	-3 1.4361675292926	1.4361675292926	-3	1	549
1.57578190167313	2.609117077427	1.6<thresh<2.6 FP=1 FN=3	-3 2.09244948955007	2.09244948955007	-3	1	576
2.609117077427	4.29493403729749	2.6<thresh<4.3 FP=0 FN=3	-3 3.45202555736225	3.45202555736225	-3	1	630
4.29493403729749	9.08500842897606	4.3<thresh<Inf FP=0 FN=4	-3 Inf	Inf	-3	1	651
-13.3670578848165	-4.04345598753607	-Inf<thresh<-4.0 FP=12 FN=0	-2.8 -Inf	-Inf	-2.8	1	474
-4.04345598753607	-3.15405687671473	-4.0<thresh<-3.2 FP=9 FN=0	-2.8 -3.5987564321254	-3.5987564321254	-2.8	1	342
-3.15405687671473	-2.58814741115137	-3.2<thresh<-2.6 FP=8 FN=0	-2.8 -2.87110214393305	-2.87110214393305	-2.8	1	273
-2.58814741115137	-2.46078307000063	-2.6<thresh<-2.5 FP=7 FN=0	-2.8 -2.524465240576	-2.524465240576	-2.8	1	219
-2.46078307000063	-1.23600804220391	-2.5<thresh<-1.2 FP=7 FN=1	-2.8 -1.84839555610227	-1.84839555610227	-2.8	1	147
-1.23600804220391	-0.989307006366561	-1.2<thresh<-1.0 FP=6 FN=1	-2.8 -1.11265752428524	-1.11265752428524	-2.8	1	89
-0.989307006366561	-0.338074065155825	-1.0<thresh<-0.3 FP=5 FN=1	-2.8 -0.663690535761193	-0.663690535761193	-2.8	1	37
-0.338074065155825	0.354692404946284	-0.3<thresh<0.4 FP=2 FN=1	-2.8 0.00830916989522912	0.00830916989522912	-2.8	1	9
0.354692404946284	1.09655315691206	0.4<thresh<1.1 FP=1 FN=1	-2.8 0.725622780929171	0.725622780929171	-2.8	1	522
1.09655315691206	1.57578190167313	1.1<thresh<1.6 FP=1 FN=2	-2.8 1.3361675292926	1.3361675292926	-2.8	1	544
1.57578190167313	2.409117077427	1.6<thresh<2.4 FP=1 FN=3	-2.8 1.99244948955007	1.99244948955007	-2.8	1	574
2.409117077427	4.09493403729749	2.4<thresh<4.1 FP=0 FN=3	-2.8 3.25202555736225	3.25202555736225	-2.8	1	626
4.09493403729749	9.08500842897606	4.1<thresh<Inf FP=0 FN=4	-2.8 Inf	Inf	-2.8	1	649
-13.3670578848165	-4.04345598753607	-Inf<thresh<-4.0 FP=12 FN=0	-2.6 -Inf	-Inf	-2.6	1	473
-4.04345598753607	-3.15405687671473	-4.0<thresh<-3.2 FP=9 FN=0	-2.6 -3.5987564321254	-3.5987564321254	-2.6	1	341
-3.15405687671473	-2.58814741115137	-3.2<thresh<-2.6 FP=8 FN=0	-2.6 -2.87110214393305	-2.87110214393305	-2.6	1	272
-2.58814741115137	-2.46078307000063	-2.6<thresh<-2.5 FP=7 FN=0	-2.6 -2.524465240576	-2.524465240576	-2.6	1	218
-2.46078307000063	-1.43600804220391	-2.5<thresh<-1.4 FP=7 FN=1	-2.6 -1.94839555610227	-1.94839555610227	-2.6	1	150
-1.43600804220391	-0.989307006366561	-1.4<thresh<-1.0 FP=6 FN=1	-2.6 -1.21265752428524	-1.21265752428524	-2.6	1	95
-0.989307006366561	-0.538074065155826	-1.0<thresh<-0.5 FP=5 FN=1	-2.6 -0.763690535761193	-0.763690535761193	-2.6	1	43
-0.538074065155826	0.154692404946283	-0.5<thresh<0.2 FP=2 FN=1	-2.6 -0.191690830104771	-0.191690830104771	-2.6	1	15
0.154692404946283	0.896553156912058	0.2<thresh<0.9 FP=1 FN=1	-2.6 0.52562278092917	0.525622780929171	-2.6	1	516
0.896553156912058	1.57578190167313	0.9<thresh<1.6 FP=1 FN=2	-2.6 1.2361675292926	1.2361675292926	-2.6	1	538
1.57578190167313	2.209117077427	1.6<thresh<2.2 FP=1 FN=3	-2.6 1.89244948955007	1.89244948955007	-2.6	1	570
2.209117077427	3.89493403729749	2.2<thresh<3.9 FP=0 FN=3	-2.6 3.05202555736225	3.05202555736225	-2.6	1	622
3.89493403729749	9.08500842897606	3.9<thresh<Inf FP=0 FN=4	-2.6 Inf	Inf	-2.6	1	647
-13.3670578848165	-4.04345598753607	-Inf<thresh<-4.0 FP=12 FN=0	-2.4 -Inf	-Inf	-2.4	1	472
-4.04345598753607	-3.15405687671473	-4.0<thresh<-3.2 FP=9 FN=0	-2.4 -3.5987564321254	-3.5987564321254	-2.4	1	340
-3.15405687671473	-2.58814741115137	-3.2<thresh<-2.6 FP=8 FN=0	-2.4 -2.87110214393305	-2.87110214393305	-2.4	1	271
-2.58814741115137	-2.46078307000063	-2.6<thresh<-2.5 FP=7 FN=0	-2.4 -2.524465240576	-2.524465240576	-2.4	1	217
-2.46078307000063	-1.63600804220391	-2.5<thresh<-1.6 FP=7 FN=1	-2.4 -2.04839555610227	-2.04839555610227	-2.4	1	153
-1.63600804220391	-0.989307006366561	-1.6<thresh<-1.0 FP=6 FN=1	-2.4 -1.31265752428524	-1.31265752428524	-2.4	1	101
-0.989307006366561	-0.738074065155825	-1.0<thresh<-0.7 FP=5 FN=1	-2.4 -0.863690535761193	-0.863690535761193	-2.4	1	49
-0.738074065155825	-0.0453075950537158	-0.7<thresh<-0.0 FP=2 FN=1	-2.4 -0.39169083010477	-0.39169083010477	-2.4	1	21
-0.0453075950537158	0.696553156912058	-0.0<thresh<0.7 FP=1 FN=1	-2.4 0.325622780929171	0.325622780929171	-2.4	1	1
0.696553156912058	1.57578190167313	0.7<thresh<1.6 FP=1 FN=2	-2.4 1.1361675292926	1.1361675292926	-2.4	1	533
1.57578190167313	2.00911707742701	1.6<thresh<2.0 FP=1 FN=3	-2.4 1.79244948955007	1.79244948955007	-2.4	1	566
2.00911707742701	3.69493403729749	2.0<thresh<3.7 FP=0 FN=3	-2.4 2.85202555736225	2.85202555736225	-2.4	1	618
3.69493403729749	9.08500842897606	3.7<thresh<Inf FP=0 FN=4	-2.4 Inf	Inf	-2.4	1	645
-13.3670578848165	-4.04345598753607	-Inf<thresh<-4.0 FP=12 FN=0	-2.2 -Inf	-Inf	-2.2	1	471
-4.04345598753607	-3.15405687671473	-4.0<thresh<-3.2 FP=9 FN=0	-2.2 -3.5987564321254	-3.5987564321254	-2.2	1	339
-3.15405687671473	-2.58814741115137	-3.2<thresh<-2.6 FP=8 FN=0	-2.2 -2.87110214393305	-2.87110214393305	-2.2	1	270
-2.58814741115137	-2.46078307000063	-2.6<thresh<-2.5 FP=7 FN=0	-2.2 -2.524465240576	-2.524465240576	-2.2	1	216
-2.46078307000063	-1.83600804220391	-2.5<thresh<-1.8 FP=7 FN=1	-2.2 -2.14839555610227	-2.14839555610227	-2.2	1	158
-1.83600804220391	-0.989307006366561	-1.8<thresh<-1.0 FP=6 FN=1	-2.2 -1.41265752428524	-1.41265752428524	-2.2	1	106
-0.989307006366561	-0.938074065155826	-1.0<thresh<-0.9 FP=5 FN=1	-2.2 -0.963690535761193	-0.963690535761193	-2.2	1	55
-0.938074065155826	-0.245307595053717	-0.9<thresh<-0.2 FP=2 FN=1	-2.2 -0.591690830104771	-0.591690830104771	-2.2	1	27
-0.245307595053717	0.496553156912057	-0.2<thresh<0.5 FP=1 FN=1	-2.2 0.12562278092917	0.12562278092917	-2.2	1	6
0.496553156912057	1.57578190167313	0.5<thresh<1.6 FP=1 FN=2	-2.2 1.0361675292926	1.0361675292926	-2.2	1	527
1.57578190167313	1.809117077427	1.6<thresh<1.8 FP=1 FN=3	-2.2 1.69244948955007	1.69244948955007	-2.2	1	561
1.809117077427	3.49493403729749	1.8<thresh<3.5 FP=0 FN=3	-2.2 2.65202555736225	2.65202555736225	-2.2	1	613
3.49493403729749	9.08500842897606	3.5<thresh<Inf FP=0 FN=4	-2.2 Inf	Inf	-2.2	1	643
-13.3670578848165	-4.04345598753607	-Inf<thresh<-4.0 FP=12 FN=0	-2 -Inf	-Inf	-2	1	470
-4.04345598753607	-3.15405687671473	-4.0<thresh<-3.2 FP=9 FN=0	-2 -3.5987564321254	-3.5987564321254	-2	1	338
-3.15405687671473	-2.58814741115137	-3.2<thresh<-2.6 FP=8 FN=0	-2 -2.87110214393305	-2.87110214393305	-2	1	269
-2.58814741115137	-2.46078307000063	-2.6<thresh<-2.5 FP=7 FN=0	-2 -2.524465240576	-2.524465240576	-2	1	215
-2.46078307000063	-2.03600804220391	-2.5<thresh<-2.0 FP=7 FN=1	-2 -2.24839555610227	-2.24839555610227	-2	1	164
-2.03600804220391	-1.13807406515583	-2.0<thresh<-1.1 FP=6 FN=1	-2 -1.58704105367987	-1.58704105367987	-2	1	112
-1.13807406515583	-0.989307006366561	-1.1<thresh<-1.0 FP=3 FN=1	-2 -1.06369053576119	-1.06369053576119	-2	1	86
-0.989307006366561	-0.445307595053716	-1.0<thresh<-0.4 FP=2 FN=1	-2 -0.717307300710138	-0.717307300710139	-2	1	39
-0.445307595053716	0.296553156912058	-0.4<thresh<0.3 FP=1 FN=1	-2 -0.0743772190708292	-0.0743772190708292	-2	1	12
0.296553156912058	1.57578190167313	0.3<thresh<1.6 FP=1 FN=2	-2 0.936167529292596	0.936167529292596	-2	1	521
1.57578190167313	1.609117077427	1.6<thresh<1.6 FP=1 FN=3	-2 1.59244948955007	1.59244948955007	-2	1	557
1.609117077427	3.29493403729749	1.6<thresh<3.3 FP=0 FN=3	-2 2.45202555736225	2.45202555736225	-2	1	581
3.29493403729749	9.08500842897606	3.3<thresh<Inf FP=0 FN=4	-2 Inf	Inf	-2	1	641
-13.3670578848165	-4.04345598753607	-Inf<thresh<-4.0 FP=12 FN=0	-1.8 -Inf	-Inf	-1.8	1	469
-4.04345598753607	-3.15405687671473	-4.0<thresh<-3.2 FP=9 FN=0	-1.8 -3.5987564321254	-3.5987564321254	-1.8	1	337
-3.15405687671473	-2.58814741115137	-3.2<thresh<-2.6 FP=8 FN=0	-1.8 -2.87110214393305	-2.87110214393305	-1.8	1	268
-2.58814741115137	-2.46078307000063	-2.6<thresh<-2.5 FP=7 FN=0	-1.8 -2.524465240576	-2.524465240576	-1.8	1	214
-2.46078307000063	-2.23600804220391	-2.5<thresh<-2.2 FP=7 FN=1	-1.8 -2.34839555610227	-2.34839555610227	-1.8	1	170
-2.23600804220391	-1.33807406515582	-2.2<thresh<-1.3 FP=6 FN=1	-1.8 -1.78704105367987	-1.78704105367987	-1.8	1	118
-1.33807406515582	-0.989307006366561	-1.3<thresh<-1.0 FP=3 FN=1	-1.8 -1.16369053576119	-1.16369053576119	-1.8	1	92
-0.989307006366561	-0.645307595053716	-1.0<thresh<-0.6 FP=2 FN=1	-1.8 -0.817307300710138	-0.817307300710138	-1.8	1	45
-0.645307595053716	0.0965531569120586	-0.6<thresh<0.1 FP=1 FN=1	-1.8 -0.274377219070828	-0.274377219070828	-1.8	1	18
0.0965531569120586	1.40911707742701	0.1<thresh<1.4 FP=1 FN=2	-1.8 0.752835117169532	0.752835117169532	-1.8	1	514
1.40911707742701	1.57578190167313	1.4<thresh<1.6 FP=0 FN=2	-1.8 1.49244948955007	1.49244948955007	-1.8	1	551
1.57578190167313	3.09493403729749	1.6<thresh<3.1 FP=0 FN=3	-1.8 2.33535796948531	2.33535796948531	-1.8	1	580
3.09493403729749	9.08500842897606	3.1<thresh<Inf FP=0 FN=4	-1.8 Inf	Inf	-1.8	1	638
-13.3670578848165	-4.04345598753607	-Inf<thresh<-4.0 FP=12 FN=0	-1.6 -Inf	-Inf	-1.6	1	468
-4.04345598753607	-3.15405687671473	-4.0<thresh<-3.2 FP=9 FN=0	-1.6 -3.5987564321254	-3.5987564321254	-1.6	1	336
-3.15405687671473	-2.58814741115137	-3.2<thresh<-2.6 FP=8 FN=0	-1.6 -2.87110214393305	-2.87110214393305	-1.6	1	267
-2.58814741115137	-2.46078307000063	-2.6<thresh<-2.5 FP=7 FN=0	-1.6 -2.524465240576	-2.524465240576	-1.6	1	213
-2.46078307000063	-2.43600804220391	-2.5<thresh<-2.4 FP=7 FN=1	-1.6 -2.44839555610227	-2.44839555610227	-1.6	1	176
-2.43600804220391	-1.53807406515583	-2.4<thresh<-1.5 FP=6 FN=1	-1.6 -1.98704105367987	-1.98704105367987	-1.6	1	124
-1.53807406515583	-0.989307006366561	-1.5<thresh<-1.0 FP=3 FN=1	-1.6 -1.26369053576119	-1.26369053576119	-1.6	1	98
-0.989307006366561	-0.845307595053717	-1.0<thresh<-0.8 FP=2 FN=1	-1.6 -0.917307300710139	-0.917307300710139	-1.6	1	51
-0.845307595053717	-0.103446843087943	-0.8<thresh<-0.1 FP=1 FN=1	-1.6 -0.47437721907083	-0.47437721907083	-1.6	1	24
-0.103446843087943	1.209117077427	-0.1<thresh<1.2 FP=1 FN=2	-1.6 0.552835117169531	0.552835117169531	-1.6	1	4
1.209117077427	1.57578190167313	1.2<thresh<1.6 FP=0 FN=2	-1.6 1.39244948955007	1.39244948955007	-1.6	1	546
1.57578190167313	2.89493403729749	1.6<thresh<2.9 FP=0 FN=3	-1.6 2.23535796948531	2.23535796948531	-1.6	1	579
2.89493403729749	9.08500842897606	2.9<thresh<Inf FP=0 FN=4	-1.6 Inf	Inf	-1.6	1	635
-13.3670578848165	-4.04345598753607	-Inf<thresh<-4.0 FP=12 FN=0	-1.4 -Inf	-Inf	-1.4	1	467
-4.04345598753607	-3.15405687671473	-4.0<thresh<-3.2 FP=9 FN=0	-1.4 -3.5987564321254	-3.5987564321254	-1.4	1	335
-3.15405687671473	-2.63600804220391	-3.2<thresh<-2.6 FP=8 FN=0	-1.4 -2.89503245945932	-2.89503245945932	-1.4	1	266
-2.63600804220391	-2.58814741115137	-2.6<thresh<-2.6 FP=7 FN=0	-1.4 -2.61207772667764	-2.61207772667764	-1.4	1	233
-2.58814741115137	-2.46078307000063	-2.6<thresh<-2.5 FP=6 FN=0	-1.4 -2.524465240576	-2.524465240576	-1.4	1	212
-2.46078307000063	-1.73807406515582	-2.5<thresh<-1.7 FP=6 FN=1	-1.4 -2.09942856757823	-2.09942856757823	-1.4	1	155
-1.73807406515582	-1.04530759505372	-1.7<thresh<-1.0 FP=3 FN=1	-1.4 -1.39169083010477	-1.39169083010477	-1.4	1	104
-1.04530759505372	-0.989307006366561	-1.0<thresh<-1.0 FP=2 FN=1	-1.4 -1.01730730071014	-1.01730730071014	-1.4	1	57
-0.989307006366561	-0.303446843087942	-1.0<thresh<-0.3 FP=1 FN=1	-1.4 -0.646376924727251	-0.646376924727251	-1.4	1	36
-0.303446843087942	1.00911707742701	-0.3<thresh<1.0 FP=1 FN=2	-1.4 0.352835117169532	0.352835117169532	-1.4	1	10
1.00911707742701	1.57578190167313	1.0<thresh<1.6 FP=0 FN=2	-1.4 1.29244948955007	1.29244948955007	-1.4	1	540
1.57578190167313	2.69493403729749	1.6<thresh<2.7 FP=0 FN=3	-1.4 2.13535796948531	2.13535796948531	-1.4	1	577
2.69493403729749	9.08500842897606	2.7<thresh<Inf FP=0 FN=4	-1.4 Inf	Inf	-1.4	1	632
-13.3670578848165	-4.04345598753607	-Inf<thresh<-4.0 FP=12 FN=0	-1.2 -Inf	-Inf	-1.2	1	466
-4.04345598753607	-3.15405687671473	-4.0<thresh<-3.2 FP=9 FN=0	-1.2 -3.5987564321254	-3.5987564321254	-1.2	1	334
-3.15405687671473	-2.83600804220391	-3.2<thresh<-2.8 FP=8 FN=0	-1.2 -2.99503245945932	-2.99503245945932	-1.2	1	290
-2.83600804220391	-2.58814741115137	-2.8<thresh<-2.6 FP=7 FN=0	-1.2 -2.71207772667764	-2.71207772667764	-1.2	1	239
-2.58814741115137	-2.46078307000063	-2.6<thresh<-2.5 FP=6 FN=0	-1.2 -2.524465240576	-2.524465240576	-1.2	1	211
-2.46078307000063	-1.93807406515583	-2.5<thresh<-1.9 FP=6 FN=1	-1.2 -2.19942856757823	-2.19942856757823	-1.2	1	161
-1.93807406515583	-1.24530759505372	-1.9<thresh<-1.2 FP=3 FN=1	-1.2 -1.59169083010477	-1.59169083010477	-1.2	1	110
-1.24530759505372	-0.989307006366561	-1.2<thresh<-1.0 FP=2 FN=1	-1.2 -1.11730730071014	-1.11730730071014	-1.2	1	88
-0.989307006366561	-0.503446843087943	-1.0<thresh<-0.5 FP=1 FN=1	-1.2 -0.746376924727252	-0.746376924727252	-1.2	1	42
-0.503446843087943	0.809117077427004	-0.5<thresh<0.8 FP=1 FN=2	-1.2 0.152835117169531	0.152835117169531	-1.2	1	16
0.809117077427004	1.57578190167313	0.8<thresh<1.6 FP=0 FN=2	-1.2 1.19244948955007	1.19244948955007	-1.2	1	535
1.57578190167313	2.49493403729749	1.6<thresh<2.5 FP=0 FN=3	-1.2 2.03535796948531	2.03535796948531	-1.2	1	575
2.49493403729749	9.08500842897606	2.5<thresh<Inf FP=0 FN=4	-1.2 Inf	Inf	-1.2	1	628
-13.3670578848165	-4.04345598753607	-Inf<thresh<-4.0 FP=12 FN=0	-1 -Inf	-Inf	-1	1	465
-4.04345598753607	-3.15405687671473	-4.0<thresh<-3.2 FP=9 FN=0	-1 -3.5987564321254	-3.5987564321254	-1	1	333
-3.15405687671473	-3.03600804220391	-3.2<thresh<-3.0 FP=8 FN=0	-1 -3.09503245945932	-3.09503245945932	-1	1	296
-3.03600804220391	-2.58814741115137	-3.0<thresh<-2.6 FP=7 FN=0	-1 -2.81207772667764	-2.81207772667764	-1	1	245
-2.58814741115137	-2.46078307000063	-2.6<thresh<-2.5 FP=6 FN=0	-1 -2.524465240576	-2.524465240576	-1	1	210
-2.46078307000063	-2.13807406515583	-2.5<thresh<-2.1 FP=6 FN=1	-1 -2.29942856757823	-2.29942856757823	-1	1	167
-2.13807406515583	-1.44530759505372	-2.1<thresh<-1.4 FP=3 FN=1	-1 -1.79169083010477	-1.79169083010477	-1	1	116
-1.44530759505372	-0.989307006366561	-1.4<thresh<-1.0 FP=2 FN=1	-1 -1.21730730071014	-1.21730730071014	-1	1	94
-0.989307006366561	-0.703446843087942	-1.0<thresh<-0.7 FP=1 FN=1	-1 -0.846376924727251	-0.846376924727252	-1	1	48
-0.703446843087942	0.609117077427005	-0.7<thresh<0.6 FP=1 FN=2	-1 -0.0471648828304687	-0.0471648828304687	-1	1	22
0.609117077427005	1.57578190167313	0.6<thresh<1.6 FP=0 FN=2	-1 1.09244948955007	1.09244948955007	-1	1	530
1.57578190167313	2.29493403729749	1.6<thresh<2.3 FP=0 FN=3	-1 1.93535796948531	1.93535796948531	-1	1	572
2.29493403729749	9.08500842897606	2.3<thresh<Inf FP=0 FN=4	-1 Inf	Inf	-1	1	624
-13.3670578848165	-4.04345598753607	-Inf<thresh<-4.0 FP=12 FN=0	-0.8 -Inf	-Inf	-0.8	1	464
-4.04345598753607	-3.23600804220391	-4.0<thresh<-3.2 FP=9 FN=0	-0.8 -3.63973201486999	-3.63973201486999	-0.8	1	332
-3.23600804220391	-3.15405687671473	-3.2<thresh<-3.2 FP=8 FN=0	-0.8 -3.19503245945932	-3.19503245945932	-0.8	1	302
-3.15405687671473	-2.58814741115137	-3.2<thresh<-2.6 FP=7 FN=0	-0.8 -2.87110214393305	-2.87110214393305	-0.8	1	265
-2.58814741115137	-2.46078307000063	-2.6<thresh<-2.5 FP=6 FN=0	-0.8 -2.524465240576	-2.524465240576	-0.8	1	209
-2.46078307000063	-2.33807406515582	-2.5<thresh<-2.3 FP=6 FN=1	-0.8 -2.39942856757823	-2.39942856757823	-0.8	1	173
-2.33807406515582	-1.64530759505372	-2.3<thresh<-1.6 FP=3 FN=1	-0.8 -1.99169083010477	-1.99169083010477	-0.8	1	122
-1.64530759505372	-0.989307006366561	-1.6<thresh<-1.0 FP=2 FN=1	-0.8 -1.31730730071014	-1.31730730071014	-0.8	1	100
-0.989307006366561	-0.903446843087941	-1.0<thresh<-0.9 FP=1 FN=1	-0.8 -0.946376924727251	-0.946376924727251	-0.8	1	54
-0.903446843087941	0.409117077427005	-0.9<thresh<0.4 FP=1 FN=2	-0.8 -0.247164882830468	-0.247164882830468	-0.8	1	28
0.409117077427005	1.57578190167313	0.4<thresh<1.6 FP=0 FN=2	-0.8 0.99244948955007	0.99244948955007	-0.8	1	524
1.57578190167313	2.09493403729749	1.6<thresh<2.1 FP=0 FN=3	-0.8 1.83535796948531	1.83535796948531	-0.8	1	568
2.09493403729749	9.08500842897606	2.1<thresh<Inf FP=0 FN=4	-0.8 Inf	Inf	-0.8	1	620
-13.3670578848165	-4.04345598753607	-Inf<thresh<-4.0 FP=12 FN=0	-0.6 -Inf	-Inf	-0.6	1	463
-4.04345598753607	-3.43600804220391	-4.0<thresh<-3.4 FP=9 FN=0	-0.6 -3.73973201486999	-3.73973201486999	-0.6	1	359
-3.43600804220391	-3.15405687671473	-3.4<thresh<-3.2 FP=8 FN=0	-0.6 -3.29503245945932	-3.29503245945932	-0.6	1	308
-3.15405687671473	-2.58814741115137	-3.2<thresh<-2.6 FP=7 FN=0	-0.6 -2.87110214393305	-2.87110214393305	-0.6	1	264
-2.58814741115137	-2.53807406515583	-2.6<thresh<-2.5 FP=6 FN=0	-0.6 -2.5631107381536	-2.5631107381536	-0.6	1	208
-2.53807406515583	-2.46078307000063	-2.5<thresh<-2.5 FP=3 FN=0	-0.6 -2.49942856757823	-2.49942856757823	-0.6	1	179
-2.46078307000063	-1.84530759505372	-2.5<thresh<-1.8 FP=3 FN=1	-0.6 -2.15304533252717	-2.15304533252717	-0.6	1	157
-1.84530759505372	-1.10344684308794	-1.8<thresh<-1.1 FP=2 FN=1	-0.6 -1.47437721907083	-1.47437721907083	-0.6	1	107
-1.10344684308794	-0.989307006366561	-1.1<thresh<-1.0 FP=2 FN=2	-0.6 -1.04637692472725	-1.04637692472725	-0.6	1	85
-0.989307006366561	0.209117077427004	-1.0<thresh<0.2 FP=1 FN=2	-0.6 -0.390094964469778	-0.390094964469778	-0.6	1	61
0.209117077427004	1.57578190167313	0.2<thresh<1.6 FP=0 FN=2	-0.6 0.892449489550069	0.892449489550069	-0.6	1	518
1.57578190167313	1.89493403729749	1.6<thresh<1.9 FP=0 FN=3	-0.6 1.73535796948531	1.73535796948531	-0.6	1	563
1.89493403729749	9.08500842897606	1.9<thresh<Inf FP=0 FN=4	-0.6 Inf	Inf	-0.6	1	616
-13.3670578848165	-4.04345598753607	-Inf<thresh<-4.0 FP=12 FN=0	-0.399999999999999 -Inf	-Inf	-0.399999999999999	1	462
-4.04345598753607	-3.63600804220391	-4.0<thresh<-3.6 FP=9 FN=0	-0.399999999999999 -3.83973201486999	-3.83973201486999	-0.399999999999999	1	365
-3.63600804220391	-3.15405687671473	-3.6<thresh<-3.2 FP=8 FN=0	-0.399999999999999 -3.39503245945932	-3.39503245945932	-0.399999999999999	1	314
-3.15405687671473	-2.73807406515583	-3.2<thresh<-2.7 FP=7 FN=0	-0.399999999999999 -2.94606547093528	-2.94606547093528	-0.399999999999999	1	287
-2.73807406515583	-2.58814741115137	-2.7<thresh<-2.6 FP=4 FN=0	-0.399999999999999 -2.6631107381536	-2.6631107381536	-0.399999999999999	1	236
-2.58814741115137	-2.46078307000063	-2.6<thresh<-2.5 FP=3 FN=0	-0.399999999999999 -2.524465240576	-2.524465240576	-0.399999999999999	1	206
-2.46078307000063	-2.04530759505372	-2.5<thresh<-2.0 FP=3 FN=1	-0.399999999999999 -2.25304533252717	-2.25304533252717	-0.399999999999999	1	163
-2.04530759505372	-1.30344684308794	-2.0<thresh<-1.3 FP=2 FN=1	-0.399999999999999 -1.67437721907083	-1.67437721907083	-0.399999999999999	1	113
-1.30344684308794	-0.989307006366561	-1.3<thresh<-1.0 FP=2 FN=2	-0.399999999999999 -1.14637692472725	-1.14637692472725	-0.399999999999999	1	91
-0.989307006366561	0.0091170774270033	-1.0<thresh<0.0 FP=1 FN=2	-0.399999999999999 -0.490094964469779	-0.490094964469779	-0.399999999999999	1	59
0.0091170774270033	1.57578190167313	0.0<thresh<1.6 FP=0 FN=2	-0.399999999999999 0.792449489550068	0.792449489550068	-0.399999999999999	1	512
1.57578190167313	1.69493403729749	1.6<thresh<1.7 FP=0 FN=3	-0.399999999999999 1.63535796948531	1.63535796948531	-0.399999999999999	1	558
1.69493403729749	9.08500842897606	1.7<thresh<Inf FP=0 FN=4	-0.399999999999999 Inf	Inf	-0.399999999999999	1	611
-13.3670578848165	-4.04345598753607	-Inf<thresh<-4.0 FP=12 FN=0	-0.199999999999999 -Inf	-Inf	-0.199999999999999	1	461
-4.04345598753607	-3.83600804220391	-4.0<thresh<-3.8 FP=9 FN=0	-0.199999999999999 -3.93973201486999	-3.93973201486999	-0.199999999999999	1	371
-3.83600804220391	-3.15405687671473	-3.8<thresh<-3.2 FP=8 FN=0	-0.199999999999999 -3.49503245945932	-3.49503245945932	-0.199999999999999	1	320
-3.15405687671473	-2.93807406515583	-3.2<thresh<-2.9 FP=7 FN=0	-0.199999999999999 -3.04606547093528	-3.04606547093528	-0.199999999999999	1	293
-2.93807406515583	-2.58814741115137	-2.9<thresh<-2.6 FP=4 FN=0	-0.199999999999999 -2.7631107381536	-2.7631107381536	-0.199999999999999	1	242
-2.58814741115137	-2.46078307000063	-2.6<thresh<-2.5 FP=3 FN=0	-0.199999999999999 -2.524465240576	-2.524465240576	-0.199999999999999	1	205
-2.46078307000063	-2.24530759505372	-2.5<thresh<-2.2 FP=3 FN=1	-0.199999999999999 -2.35304533252717	-2.35304533252717	-0.199999999999999	1	169
-2.24530759505372	-1.50344684308794	-2.2<thresh<-1.5 FP=2 FN=1	-0.199999999999999 -1.87437721907083	-1.87437721907083	-0.199999999999999	1	119
-1.50344684308794	-0.989307006366561	-1.5<thresh<-1.0 FP=2 FN=2	-0.199999999999999 -1.24637692472725	-1.24637692472725	-0.199999999999999	1	97
-0.989307006366561	-0.190882922572996	-1.0<thresh<-0.2 FP=1 FN=2	-0.199999999999999 -0.590094964469778	-0.590094964469778	-0.199999999999999	1	33
-0.190882922572996	1.49493403729749	-0.2<thresh<1.5 FP=0 FN=2	-0.199999999999999 0.652025557362248	0.652025557362248	-0.199999999999999	1	8
1.49493403729749	1.57578190167313	1.5<thresh<1.6 FP=0 FN=3	-0.199999999999999 1.53535796948531	1.53535796948531	-0.199999999999999	1	553
1.57578190167313	9.08500842897606	1.6<thresh<Inf FP=0 FN=4	-0.199999999999999 Inf	Inf	-0.199999999999999	1	582
-13.3670578848165	-4.04345598753607	-Inf<thresh<-4.0 FP=12 FN=0	0 -Inf	-Inf	0	1	486
-4.04345598753607	-4.03600804220391	-4.0<thresh<-4.0 FP=9 FN=0	0 -4.03973201486999	-4.03973201486999	0	1	376
-4.03600804220391	-3.15405687671473	-4.0<thresh<-3.2 FP=8 FN=0	0 -3.59503245945932	-3.59503245945932	0	1	331
-3.15405687671473	-3.13807406515583	-3.2<thresh<-3.1 FP=7 FN=0	0 -3.14606547093528	-3.14606547093528	0	1	299
-3.13807406515583	-2.58814741115137	-3.1<thresh<-2.6 FP=4 FN=0	0 -2.8631107381536	-2.8631107381536	0	1	248
-2.58814741115137	-2.46078307000063	-2.6<thresh<-2.5 FP=3 FN=0	0 -2.524465240576	-2.524465240576	0	1	207
-2.46078307000063	-2.44530759505372	-2.5<thresh<-2.4 FP=3 FN=1	0 -2.45304533252717	-2.45304533252717	0	1	175
-2.44530759505372	-1.70344684308794	-2.4<thresh<-1.7 FP=2 FN=1	0 -2.07437721907083	-2.07437721907083	0	1	125
-1.70344684308794	-0.989307006366561	-1.7<thresh<-1.0 FP=2 FN=2	0 -1.34637692472725	-1.34637692472725	0	1	103
-0.989307006366561	-0.390882922572995	-1.0<thresh<-0.4 FP=1 FN=2	0 -0.690094964469778	-0.690094964469778	0	1	38
-0.390882922572995	1.29493403729749	-0.4<thresh<1.3 FP=0 FN=2	0 0.452025557362249	0.452025557362249	0	1	14
1.29493403729749	1.57578190167313	1.3<thresh<1.6 FP=0 FN=3	0 1.43535796948531	1.43535796948531	0	1	548
1.57578190167313	9.08500842897606	1.6<thresh<Inf FP=0 FN=4	0 Inf	Inf	0	1	583
-13.3670578848165	-4.23600804220391	-Inf<thresh<-4.2 FP=12 FN=0	0.2 -Inf	-Inf	0.2	1	487
-4.23600804220391	-4.04345598753607	-4.2<thresh<-4.0 FP=11 FN=0	0.2 -4.13973201486999	-4.13973201486999	0.2	1	379
-4.04345598753607	-3.33807406515582	-4.0<thresh<-3.3 FP=8 FN=0	0.2 -3.69076502634595	-3.69076502634595	0.2	1	356
-3.33807406515582	-3.15405687671473	-3.3<thresh<-3.2 FP=5 FN=0	0.2 -3.24606547093528	-3.24606547093528	0.2	1	305
-3.15405687671473	-2.64530759505372	-3.2<thresh<-2.6 FP=4 FN=0	0.2 -2.89968223588422	-2.89968223588422	0.2	1	263
-2.64530759505372	-2.58814741115137	-2.6<thresh<-2.6 FP=3 FN=0	0.2 -2.61672750310254	-2.61672750310254	0.2	1	232
-2.58814741115137	-2.46078307000063	-2.6<thresh<-2.5 FP=2 FN=0	0.2 -2.524465240576	-2.524465240576	0.2	1	195
-2.46078307000063	-1.90344684308794	-2.5<thresh<-1.9 FP=2 FN=1	0.2 -2.18211495654429	-2.18211495654429	0.2	1	160
-1.90344684308794	-0.989307006366561	-1.9<thresh<-1.0 FP=2 FN=2	0.2 -1.44637692472725	-1.44637692472725	0.2	1	109
-0.989307006366561	-0.590882922572995	-1.0<thresh<-0.6 FP=1 FN=2	0.2 -0.790094964469778	-0.790094964469778	0.2	1	44
-0.590882922572995	1.09493403729749	-0.6<thresh<1.1 FP=0 FN=2	0.2 0.252025557362249	0.252025557362249	0.2	1	20
1.09493403729749	1.57578190167313	1.1<thresh<1.6 FP=0 FN=3	0.2 1.33535796948531	1.33535796948531	0.2	1	543
1.57578190167313	9.08500842897606	1.6<thresh<Inf FP=0 FN=4	0.2 Inf	Inf	0.2	1	584
-13.3670578848165	-4.43600804220391	-Inf<thresh<-4.4 FP=12 FN=0	0.4 -Inf	-Inf	0.4	1	488
-4.43600804220391	-4.04345598753607	-4.4<thresh<-4.0 FP=11 FN=0	0.4 -4.23973201486999	-4.23973201486999	0.4	1	384
-4.04345598753607	-3.53807406515583	-4.0<thresh<-3.5 FP=8 FN=0	0.4 -3.79076502634595	-3.79076502634595	0.4	1	362
-3.53807406515583	-3.15405687671473	-3.5<thresh<-3.2 FP=5 FN=0	0.4 -3.34606547093528	-3.34606547093528	0.4	1	311
-3.15405687671473	-2.84530759505372	-3.2<thresh<-2.8 FP=4 FN=0	0.4 -2.99968223588422	-2.99968223588422	0.4	1	289
-2.84530759505372	-2.58814741115137	-2.8<thresh<-2.6 FP=3 FN=0	0.4 -2.71672750310254	-2.71672750310254	0.4	1	238
-2.58814741115137	-2.46078307000063	-2.6<thresh<-2.5 FP=2 FN=0	0.4 -2.524465240576	-2.524465240576	0.4	1	196
-2.46078307000063	-2.10344684308794	-2.5<thresh<-2.1 FP=2 FN=1	0.4 -2.28211495654429	-2.28211495654429	0.4	1	166
-2.10344684308794	-0.989307006366561	-2.1<thresh<-1.0 FP=2 FN=2	0.4 -1.54637692472725	-1.54637692472725	0.4	1	115
-0.989307006366561	-0.790882922572996	-1.0<thresh<-0.8 FP=1 FN=2	0.4 -0.890094964469778	-0.890094964469778	0.4	1	50
-0.790882922572996	0.894934037297492	-0.8<thresh<0.9 FP=0 FN=2	0.4 0.0520255573622483	0.0520255573622483	0.4	1	26
0.894934037297492	1.57578190167313	0.9<thresh<1.6 FP=0 FN=3	0.4 1.23535796948531	1.23535796948531	0.4	1	537
1.57578190167313	9.08500842897606	1.6<thresh<Inf FP=0 FN=4	0.4 Inf	Inf	0.4	1	585
-13.3670578848165	-4.63600804220391	-Inf<thresh<-4.6 FP=12 FN=0	0.6 -Inf	-Inf	0.600000000000001	1	489
-4.63600804220391	-4.04345598753607	-4.6<thresh<-4.0 FP=11 FN=0	0.6 -4.33973201486999	-4.33973201486999	0.600000000000001	1	389
-4.04345598753607	-3.73807406515583	-4.0<thresh<-3.7 FP=8 FN=0	0.6 -3.89076502634595	-3.89076502634595	0.600000000000001	1	368
-3.73807406515583	-3.15405687671473	-3.7<thresh<-3.2 FP=5 FN=0	0.6 -3.44606547093528	-3.44606547093528	0.600000000000001	1	317
-3.15405687671473	-3.04530759505372	-3.2<thresh<-3.0 FP=4 FN=0	0.6 -3.09968223588423	-3.09968223588423	0.600000000000001	1	295
-3.04530759505372	-2.58814741115137	-3.0<thresh<-2.6 FP=3 FN=0	0.6 -2.81672750310254	-2.81672750310254	0.600000000000001	1	244
-2.58814741115137	-2.46078307000063	-2.6<thresh<-2.5 FP=2 FN=0	0.6 -2.524465240576	-2.524465240576	0.600000000000001	1	197
-2.46078307000063	-2.30344684308794	-2.5<thresh<-2.3 FP=2 FN=1	0.6 -2.38211495654429	-2.38211495654429	0.600000000000001	1	172
-2.30344684308794	-0.990882922572997	-2.3<thresh<-1.0 FP=2 FN=2	0.6 -1.64716488283047	-1.64716488283047	0.600000000000001	1	121
-0.990882922572997	-0.989307006366561	-1.0<thresh<-1.0 FP=1 FN=2	0.6 -0.990094964469779	-0.990094964469779	0.600000000000001	1	56
-0.989307006366561	0.694934037297491	-1.0<thresh<0.7 FP=0 FN=2	0.6 -0.147186484534535	-0.147186484534535	0.600000000000001	1	67
0.694934037297491	1.57578190167313	0.7<thresh<1.6 FP=0 FN=3	0.6 1.13535796948531	1.13535796948531	0.600000000000001	1	532
1.57578190167313	9.08500842897606	1.6<thresh<Inf FP=0 FN=4	0.6 Inf	Inf	0.600000000000001	1	586
-13.3670578848165	-4.83600804220391	-Inf<thresh<-4.8 FP=12 FN=0	0.800000000000001 -Inf	-Inf	0.800000000000001	1	490
-4.83600804220391	-4.04345598753607	-4.8<thresh<-4.0 FP=11 FN=0	0.800000000000001 -4.43973201486999	-4.43973201486999	0.800000000000001	1	394
-4.04345598753607	-3.93807406515583	-4.0<thresh<-3.9 FP=8 FN=0	0.800000000000001 -3.99076502634595	-3.99076502634595	0.800000000000001	1	373
-3.93807406515583	-3.24530759505372	-3.9<thresh<-3.2 FP=5 FN=0	0.800000000000001 -3.59169083010477	-3.59169083010477	0.800000000000001	1	322
-3.24530759505372	-3.15405687671473	-3.2<thresh<-3.2 FP=4 FN=0	0.800000000000001 -3.19968223588422	-3.19968223588422	0.800000000000001	1	301
-3.15405687671473	-2.58814741115137	-3.2<thresh<-2.6 FP=3 FN=0	0.800000000000001 -2.87110214393305	-2.87110214393305	0.800000000000001	1	258
-2.58814741115137	-2.50344684308794	-2.6<thresh<-2.5 FP=2 FN=0	0.800000000000001 -2.54579712711966	-2.54579712711966	0.800000000000001	1	198
-2.50344684308794	-2.46078307000063	-2.5<thresh<-2.5 FP=2 FN=1	0.800000000000001 -2.48211495654429	-2.48211495654429	0.800000000000001	1	178
-2.46078307000063	-1.190882922573	-2.5<thresh<-1.2 FP=2 FN=2	0.800000000000001 -1.82583299628681	-1.82583299628681	0.800000000000001	1	146
-1.190882922573	-0.989307006366561	-1.2<thresh<-1.0 FP=1 FN=2	0.800000000000001 -1.09009496446978	-1.09009496446978	0.800000000000001	1	87
-0.989307006366561	0.494934037297492	-1.0<thresh<0.5 FP=0 FN=2	0.800000000000001 -0.247186484534534	-0.247186484534534	0.800000000000001	1	65
0.494934037297492	1.57578190167313	0.5<thresh<1.6 FP=0 FN=3	0.800000000000001 1.03535796948531	1.03535796948531	0.800000000000001	1	526
1.57578190167313	9.08500842897606	1.6<thresh<Inf FP=0 FN=4	0.800000000000001 Inf	Inf	0.800000000000001	1	587
-13.3670578848165	-5.03600804220391	-Inf<thresh<-5.0 FP=12 FN=0	1 -Inf	-Inf	1	1	491
-5.03600804220391	-4.13807406515583	-5.0<thresh<-4.1 FP=11 FN=0	1 -4.58704105367987	-4.58704105367987	1	1	400
-4.13807406515583	-4.04345598753607	-4.1<thresh<-4.0 FP=8 FN=0	1 -4.09076502634595	-4.09076502634595	1	1	378
-4.04345598753607	-3.44530759505372	-4.0<thresh<-3.4 FP=5 FN=0	1 -3.74438179129489	-3.74438179129489	1	1	358
-3.44530759505372	-3.15405687671473	-3.4<thresh<-3.2 FP=4 FN=0	1 -3.29968223588422	-3.29968223588422	1	1	307
-3.15405687671473	-2.70344684308794	-3.2<thresh<-2.7 FP=3 FN=0	1 -2.92875185990134	-2.92875185990134	1	1	286
-2.70344684308794	-2.58814741115137	-2.7<thresh<-2.6 FP=3 FN=1	1 -2.64579712711966	-2.64579712711966	1	1	235
-2.58814741115137	-2.46078307000063	-2.6<thresh<-2.5 FP=2 FN=1	1 -2.524465240576	-2.524465240576	1	1	199
-2.46078307000063	-1.390882922573	-2.5<thresh<-1.4 FP=2 FN=2	1 -1.92583299628681	-1.92583299628681	1	1	149
-1.390882922573	-0.989307006366561	-1.4<thresh<-1.0 FP=1 FN=2	1 -1.19009496446978	-1.19009496446978	1	1	93
-0.989307006366561	0.294934037297493	-1.0<thresh<0.3 FP=0 FN=2	1 -0.347186484534534	-0.347186484534534	1	1	63
0.294934037297493	1.57578190167313	0.3<thresh<1.6 FP=0 FN=3	1 0.935357969485313	0.935357969485313	1	1	520
1.57578190167313	9.08500842897606	1.6<thresh<Inf FP=0 FN=4	1 Inf	Inf	1	1	588
-13.3670578848165	-5.23600804220391	-Inf<thresh<-5.2 FP=12 FN=0	1.2 -Inf	-Inf	1.2	1	492
-5.23600804220391	-4.33807406515582	-5.2<thresh<-4.3 FP=11 FN=0	1.2 -4.78704105367987	-4.78704105367987	1.2	1	405
-4.33807406515582	-4.04345598753607	-4.3<thresh<-4.0 FP=8 FN=0	1.2 -4.19076502634595	-4.19076502634595	1.2	1	383
-4.04345598753607	-3.64530759505372	-4.0<thresh<-3.6 FP=5 FN=0	1.2 -3.84438179129489	-3.84438179129489	1.2	1	364
-3.64530759505372	-3.15405687671473	-3.6<thresh<-3.2 FP=4 FN=0	1.2 -3.39968223588422	-3.39968223588422	1.2	1	313
-3.15405687671473	-2.90344684308794	-3.2<thresh<-2.9 FP=3 FN=0	1.2 -3.02875185990134	-3.02875185990134	1.2	1	292
-2.90344684308794	-2.58814741115137	-2.9<thresh<-2.6 FP=3 FN=1	1.2 -2.74579712711966	-2.74579712711966	1.2	1	241
-2.58814741115137	-2.46078307000063	-2.6<thresh<-2.5 FP=2 FN=1	1.2 -2.524465240576	-2.524465240576	1.2	1	200
-2.46078307000063	-1.59088292257299	-2.5<thresh<-1.6 FP=2 FN=2	1.2 -2.02583299628681	-2.02583299628681	1.2	1	152
-1.59088292257299	-0.989307006366561	-1.6<thresh<-1.0 FP=1 FN=2	1.2 -1.29009496446978	-1.29009496446978	1.2	1	99
-0.989307006366561	0.0949340372974934	-1.0<thresh<0.1 FP=0 FN=2	1.2 -0.447186484534534	-0.447186484534534	1.2	1	60
0.0949340372974934	1.57578190167313	0.1<thresh<1.6 FP=0 FN=3	1.2 0.835357969485313	0.835357969485314	1.2	1	515
1.57578190167313	9.08500842897606	1.6<thresh<Inf FP=0 FN=4	1.2 Inf	Inf	1.2	1	589
-13.3670578848165	-5.43600804220391	-Inf<thresh<-5.4 FP=12 FN=0	1.4 -Inf	-Inf	1.4	1	493
-5.43600804220391	-4.53807406515583	-5.4<thresh<-4.5 FP=11 FN=0	1.4 -4.98704105367987	-4.98704105367987	1.4	1	410
-4.53807406515583	-4.04345598753607	-4.5<thresh<-4.0 FP=8 FN=0	1.4 -4.29076502634595	-4.29076502634595	1.4	1	388
-4.04345598753607	-3.84530759505372	-4.0<thresh<-3.8 FP=5 FN=0	1.4 -3.94438179129489	-3.94438179129489	1.4	1	370
-3.84530759505372	-3.15405687671473	-3.8<thresh<-3.2 FP=4 FN=0	1.4 -3.49968223588422	-3.49968223588422	1.4	1	319
-3.15405687671473	-3.10344684308794	-3.2<thresh<-3.1 FP=3 FN=0	1.4 -3.12875185990134	-3.12875185990134	1.4	1	298
-3.10344684308794	-2.58814741115137	-3.1<thresh<-2.6 FP=3 FN=1	1.4 -2.84579712711966	-2.84579712711966	1.4	1	247
-2.58814741115137	-2.46078307000063	-2.6<thresh<-2.5 FP=2 FN=1	1.4 -2.524465240576	-2.524465240576	1.4	1	201
-2.46078307000063	-1.790882922573	-2.5<thresh<-1.8 FP=2 FN=2	1.4 -2.12583299628681	-2.12583299628681	1.4	1	156
-1.790882922573	-0.989307006366561	-1.8<thresh<-1.0 FP=1 FN=2	1.4 -1.39009496446978	-1.39009496446978	1.4	1	105
-0.989307006366561	-0.105065962702508	-1.0<thresh<-0.1 FP=0 FN=2	1.4 -0.547186484534534	-0.547186484534534	1.4	1	31
-0.105065962702508	1.57578190167313	-0.1<thresh<1.6 FP=0 FN=3	1.4 0.735357969485313	0.735357969485313	1.4	1	5
1.57578190167313	9.08500842897606	1.6<thresh<Inf FP=0 FN=4	1.4 Inf	Inf	1.4	1	590
-13.3670578848165	-5.63600804220391	-Inf<thresh<-5.6 FP=12 FN=0	1.6 -Inf	-Inf	1.6	1	494
-5.63600804220391	-4.73807406515583	-5.6<thresh<-4.7 FP=11 FN=0	1.6 -5.18704105367987	-5.18704105367987	1.6	1	414
-4.73807406515583	-4.04530759505372	-4.7<thresh<-4.0 FP=8 FN=0	1.6 -4.39169083010477	-4.39169083010477	1.6	1	393
-4.04530759505372	-4.04345598753607	-4.0<thresh<-4.0 FP=7 FN=0	1.6 -4.04438179129489	-4.04438179129489	1.6	1	375
-4.04345598753607	-3.30344684308794	-4.0<thresh<-3.3 FP=4 FN=0	1.6 -3.67345141531201	-3.67345141531201	1.6	1	355
-3.30344684308794	-3.15405687671473	-3.3<thresh<-3.2 FP=4 FN=1	1.6 -3.22875185990134	-3.22875185990134	1.6	1	304
-3.15405687671473	-2.58814741115137	-3.2<thresh<-2.6 FP=3 FN=1	1.6 -2.87110214393305	-2.87110214393305	1.6	1	259
-2.58814741115137	-2.46078307000063	-2.6<thresh<-2.5 FP=2 FN=1	1.6 -2.524465240576	-2.524465240576	1.6	1	202
-2.46078307000063	-1.990882922573	-2.5<thresh<-2.0 FP=2 FN=2	1.6 -2.22583299628681	-2.22583299628681	1.6	1	162
-1.990882922573	-0.989307006366561	-2.0<thresh<-1.0 FP=1 FN=2	1.6 -1.49009496446978	-1.49009496446978	1.6	1	111
-0.989307006366561	-0.305065962702509	-1.0<thresh<-0.3 FP=0 FN=2	1.6 -0.647186484534535	-0.647186484534535	1.6	1	35
-0.305065962702509	1.57578190167313	-0.3<thresh<1.6 FP=0 FN=3	1.6 0.635357969485312	0.635357969485312	1.6	1	11
1.57578190167313	9.08500842897606	1.6<thresh<Inf FP=0 FN=4	1.6 Inf	Inf	1.6	1	591
-13.3670578848165	-5.83600804220391	-Inf<thresh<-5.8 FP=12 FN=0	1.8 -Inf	-Inf	1.8	1	495
-5.83600804220391	-4.93807406515583	-5.8<thresh<-4.9 FP=11 FN=0	1.8 -5.38704105367987	-5.38704105367987	1.8	1	418
-4.93807406515583	-4.24530759505372	-4.9<thresh<-4.2 FP=8 FN=0	1.8 -4.59169083010477	-4.59169083010477	1.8	1	398
-4.24530759505372	-4.04345598753607	-4.2<thresh<-4.0 FP=7 FN=0	1.8 -4.14438179129489	-4.14438179129489	1.8	1	381
-4.04345598753607	-3.50344684308794	-4.0<thresh<-3.5 FP=4 FN=0	1.8 -3.77345141531201	-3.77345141531201	1.8	1	361
-3.50344684308794	-3.15405687671473	-3.5<thresh<-3.2 FP=4 FN=1	1.8 -3.32875185990134	-3.32875185990134	1.8	1	310
-3.15405687671473	-2.58814741115137	-3.2<thresh<-2.6 FP=3 FN=1	1.8 -2.87110214393305	-2.87110214393305	1.8	1	260
-2.58814741115137	-2.46078307000063	-2.6<thresh<-2.5 FP=2 FN=1	1.8 -2.524465240576	-2.524465240576	1.8	1	203
-2.46078307000063	-2.190882922573	-2.5<thresh<-2.2 FP=2 FN=2	1.8 -2.32583299628681	-2.32583299628681	1.8	1	168
-2.190882922573	-0.989307006366561	-2.2<thresh<-1.0 FP=1 FN=2	1.8 -1.59009496446978	-1.59009496446978	1.8	1	117
-0.989307006366561	-0.505065962702508	-1.0<thresh<-0.5 FP=0 FN=2	1.8 -0.747186484534534	-0.747186484534534	1.8	1	41
-0.505065962702508	1.57578190167313	-0.5<thresh<1.6 FP=0 FN=3	1.8 0.535357969485313	0.535357969485313	1.8	1	17
1.57578190167313	9.08500842897606	1.6<thresh<Inf FP=0 FN=4	1.8 Inf	Inf	1.8	1	592
-13.3670578848165	-6.03600804220391	-Inf<thresh<-6.0 FP=12 FN=0	2 -Inf	-Inf	2	1	496
-6.03600804220391	-5.13807406515583	-6.0<thresh<-5.1 FP=11 FN=0	2 -5.58704105367987	-5.58704105367987	2	1	422
-5.13807406515583	-4.44530759505372	-5.1<thresh<-4.4 FP=8 FN=0	2 -4.79169083010477	-4.79169083010477	2	1	403
-4.44530759505372	-4.04345598753607	-4.4<thresh<-4.0 FP=7 FN=0	2 -4.24438179129489	-4.24438179129489	2	1	386
-4.04345598753607	-3.70344684308794	-4.0<thresh<-3.7 FP=4 FN=0	2 -3.87345141531201	-3.87345141531201	2	1	367
-3.70344684308794	-3.15405687671473	-3.7<thresh<-3.2 FP=4 FN=1	2 -3.42875185990134	-3.42875185990134	2	1	316
-3.15405687671473	-2.58814741115137	-3.2<thresh<-2.6 FP=3 FN=1	2 -2.87110214393305	-2.87110214393305	2	1	261
-2.58814741115137	-2.46078307000063	-2.6<thresh<-2.5 FP=2 FN=1	2 -2.524465240576	-2.524465240576	2	1	204
-2.46078307000063	-2.390882922573	-2.5<thresh<-2.4 FP=2 FN=2	2 -2.42583299628681	-2.42583299628681	2	1	174
-2.390882922573	-0.989307006366561	-2.4<thresh<-1.0 FP=1 FN=2	2 -1.69009496446978	-1.69009496446978	2	1	123
-0.989307006366561	-0.705065962702507	-1.0<thresh<-0.7 FP=0 FN=2	2 -0.847186484534534	-0.847186484534534	2	1	47
-0.705065962702507	1.57578190167313	-0.7<thresh<1.6 FP=0 FN=3	2 0.435357969485313	0.435357969485313	2	1	23
1.57578190167313	9.08500842897606	1.6<thresh<Inf FP=0 FN=4	2 Inf	Inf	2	1	593
-13.3670578848165	-6.23600804220391	-Inf<thresh<-6.2 FP=12 FN=0	2.2 -Inf	-Inf	2.2	1	497
-6.23600804220391	-5.33807406515582	-6.2<thresh<-5.3 FP=11 FN=0	2.2 -5.78704105367987	-5.78704105367987	2.2	1	426
-5.33807406515582	-4.64530759505372	-5.3<thresh<-4.6 FP=8 FN=0	2.2 -4.99169083010477	-4.99169083010477	2.2	1	408
-4.64530759505372	-4.04345598753607	-4.6<thresh<-4.0 FP=7 FN=0	2.2 -4.34438179129489	-4.34438179129489	2.2	1	391
-4.04345598753607	-3.90344684308794	-4.0<thresh<-3.9 FP=4 FN=0	2.2 -3.97345141531201	-3.97345141531201	2.2	1	372
-3.90344684308794	-3.15405687671473	-3.9<thresh<-3.2 FP=4 FN=1	2.2 -3.52875185990134	-3.52875185990134	2.2	1	321
-3.15405687671473	-2.59088292257299	-3.2<thresh<-2.6 FP=3 FN=1	2.2 -2.87246989964386	-2.87246989964386	2.2	1	262
-2.59088292257299	-2.58814741115137	-2.6<thresh<-2.6 FP=2 FN=1	2.2 -2.58951516686218	-2.58951516686218	2.2	1	231
-2.58814741115137	-2.46078307000063	-2.6<thresh<-2.5 FP=1 FN=1	2.2 -2.524465240576	-2.524465240576	2.2	1	180
-2.46078307000063	-0.989307006366561	-2.5<thresh<-1.0 FP=1 FN=2	2.2 -1.7250450381836	-1.7250450381836	2.2	1	126
-0.989307006366561	-0.905065962702507	-1.0<thresh<-0.9 FP=0 FN=2	2.2 -0.947186484534534	-0.947186484534534	2.2	1	53
-0.905065962702507	1.57578190167313	-0.9<thresh<1.6 FP=0 FN=3	2.2 0.335357969485313	0.335357969485314	2.2	1	29
1.57578190167313	9.08500842897606	1.6<thresh<Inf FP=0 FN=4	2.2 Inf	Inf	2.2	1	594
-13.3670578848165	-6.43600804220391	-Inf<thresh<-6.4 FP=12 FN=0	2.4 -Inf	-Inf	2.4	1	498
-6.43600804220391	-5.53807406515583	-6.4<thresh<-5.5 FP=11 FN=0	2.4 -5.98704105367987	-5.98704105367987	2.4	1	430
-5.53807406515583	-4.84530759505372	-5.5<thresh<-4.8 FP=8 FN=0	2.4 -5.19169083010477	-5.19169083010477	2.4	1	413
-4.84530759505372	-4.10344684308794	-4.8<thresh<-4.1 FP=7 FN=0	2.4 -4.47437721907083	-4.47437721907083	2.4	1	396
-4.10344684308794	-4.04345598753607	-4.1<thresh<-4.0 FP=7 FN=1	2.4 -4.07345141531201	-4.07345141531201	2.4	1	377
-4.04345598753607	-3.15405687671473	-4.0<thresh<-3.2 FP=4 FN=1	2.4 -3.5987564321254	-3.5987564321254	2.4	1	328
-3.15405687671473	-2.790882922573	-3.2<thresh<-2.8 FP=3 FN=1	2.4 -2.97246989964386	-2.97246989964386	2.4	1	288
-2.790882922573	-2.58814741115137	-2.8<thresh<-2.6 FP=2 FN=1	2.4 -2.68951516686218	-2.68951516686218	2.4	1	237
-2.58814741115137	-2.46078307000063	-2.6<thresh<-2.5 FP=1 FN=1	2.4 -2.524465240576	-2.524465240576	2.4	1	181
-2.46078307000063	-1.10506596270251	-2.5<thresh<-1.1 FP=1 FN=2	2.4 -1.78292451635157	-1.78292451635157	2.4	1	145
-1.10506596270251	-0.989307006366561	-1.1<thresh<-1.0 FP=1 FN=3	2.4 -1.04718648453453	-1.04718648453453	2.4	1	84
-0.989307006366561	1.57578190167313	-1.0<thresh<1.6 FP=0 FN=3	2.4 0.293237447653286	0.293237447653286	2.4	1	70
1.57578190167313	9.08500842897606	1.6<thresh<Inf FP=0 FN=4	2.4 Inf	Inf	2.4	1	595
-13.3670578848165	-6.63600804220391	-Inf<thresh<-6.6 FP=12 FN=0	2.6 -Inf	-Inf	2.6	1	499
-6.63600804220391	-5.73807406515583	-6.6<thresh<-5.7 FP=11 FN=0	2.6 -6.18704105367987	-6.18704105367987	2.6	1	434
-5.73807406515583	-5.04530759505372	-5.7<thresh<-5.0 FP=8 FN=0	2.6 -5.39169083010477	-5.39169083010477	2.6	1	417
-5.04530759505372	-4.30344684308794	-5.0<thresh<-4.3 FP=7 FN=0	2.6 -4.67437721907083	-4.67437721907083	2.6	1	401
-4.30344684308794	-4.04345598753607	-4.3<thresh<-4.0 FP=7 FN=1	2.6 -4.17345141531201	-4.17345141531201	2.6	1	382
-4.04345598753607	-3.15405687671473	-4.0<thresh<-3.2 FP=4 FN=1	2.6 -3.5987564321254	-3.5987564321254	2.6	1	329
-3.15405687671473	-2.990882922573	-3.2<thresh<-3.0 FP=3 FN=1	2.6 -3.07246989964386	-3.07246989964386	2.6	1	294
-2.990882922573	-2.58814741115137	-3.0<thresh<-2.6 FP=2 FN=1	2.6 -2.78951516686218	-2.78951516686218	2.6	1	243
-2.58814741115137	-2.46078307000063	-2.6<thresh<-2.5 FP=1 FN=1	2.6 -2.524465240576	-2.524465240576	2.6	1	182
-2.46078307000063	-1.30506596270251	-2.5<thresh<-1.3 FP=1 FN=2	2.6 -1.88292451635157	-1.88292451635157	2.6	1	148
-1.30506596270251	-0.989307006366561	-1.3<thresh<-1.0 FP=1 FN=3	2.6 -1.14718648453453	-1.14718648453453	2.6	1	90
-0.989307006366561	1.57578190167313	-1.0<thresh<1.6 FP=0 FN=3	2.6 0.293237447653286	0.293237447653286	2.6	1	71
1.57578190167313	9.08500842897606	1.6<thresh<Inf FP=0 FN=4	2.6 Inf	Inf	2.6	1	596
-13.3670578848165	-6.83600804220391	-Inf<thresh<-6.8 FP=12 FN=0	2.8 -Inf	-Inf	2.8	1	500
-6.83600804220391	-5.93807406515583	-6.8<thresh<-5.9 FP=11 FN=0	2.8 -6.38704105367987	-6.38704105367987	2.8	1	438
-5.93807406515583	-5.24530759505372	-5.9<thresh<-5.2 FP=8 FN=0	2.8 -5.59169083010477	-5.59169083010477	2.8	1	421
-5.24530759505372	-4.50344684308794	-5.2<thresh<-4.5 FP=7 FN=0	2.8 -4.87437721907083	-4.87437721907083	2.8	1	406
-4.50344684308794	-4.04345598753607	-4.5<thresh<-4.0 FP=7 FN=1	2.8 -4.27345141531201	-4.27345141531201	2.8	1	387
-4.04345598753607	-3.190882922573	-4.0<thresh<-3.2 FP=4 FN=1	2.8 -3.61716945505453	-3.61716945505453	2.8	1	330
-3.190882922573	-3.15405687671473	-3.2<thresh<-3.2 FP=3 FN=1	2.8 -3.17246989964386	-3.17246989964386	2.8	1	300
-3.15405687671473	-2.58814741115137	-3.2<thresh<-2.6 FP=2 FN=1	2.8 -2.87110214393305	-2.87110214393305	2.8	1	249
-2.58814741115137	-2.46078307000063	-2.6<thresh<-2.5 FP=1 FN=1	2.8 -2.524465240576	-2.524465240576	2.8	1	183
-2.46078307000063	-1.50506596270251	-2.5<thresh<-1.5 FP=1 FN=2	2.8 -1.98292451635157	-1.98292451635157	2.8	1	151
-1.50506596270251	-0.989307006366561	-1.5<thresh<-1.0 FP=1 FN=3	2.8 -1.24718648453453	-1.24718648453453	2.8	1	96
-0.989307006366561	1.57578190167313	-1.0<thresh<1.6 FP=0 FN=3	2.8 0.293237447653286	0.293237447653286	2.8	1	72
1.57578190167313	9.08500842897606	1.6<thresh<Inf FP=0 FN=4	2.8 Inf	Inf	2.8	1	597
-13.3670578848165	-7.03600804220391	-Inf<thresh<-7.0 FP=12 FN=0	3 -Inf	-Inf	3	1	501
-7.03600804220391	-6.13807406515583	-7.0<thresh<-6.1 FP=11 FN=0	3 -6.58704105367987	-6.58704105367987	3	1	441
-6.13807406515583	-5.44530759505372	-6.1<thresh<-5.4 FP=8 FN=0	3 -5.79169083010477	-5.79169083010477	3	1	425
-5.44530759505372	-4.70344684308794	-5.4<thresh<-4.7 FP=7 FN=0	3 -5.07437721907083	-5.07437721907083	3	1	411
-4.70344684308794	-4.04345598753607	-4.7<thresh<-4.0 FP=7 FN=1	3 -4.37345141531201	-4.37345141531201	3	1	392
-4.04345598753607	-3.390882922573	-4.0<thresh<-3.4 FP=4 FN=1	3 -3.71716945505453	-3.71716945505453	3	1	357
-3.390882922573	-3.15405687671473	-3.4<thresh<-3.2 FP=3 FN=1	3 -3.27246989964386	-3.27246989964386	3	1	306
-3.15405687671473	-2.58814741115137	-3.2<thresh<-2.6 FP=2 FN=1	3 -2.87110214393305	-2.87110214393305	3	1	250
-2.58814741115137	-2.46078307000063	-2.6<thresh<-2.5 FP=1 FN=1	3 -2.524465240576	-2.524465240576	3	1	184
-2.46078307000063	-1.70506596270251	-2.5<thresh<-1.7 FP=1 FN=2	3 -2.08292451635157	-2.08292451635157	3	1	154
-1.70506596270251	-0.989307006366561	-1.7<thresh<-1.0 FP=1 FN=3	3 -1.34718648453453	-1.34718648453453	3	1	102
-0.989307006366561	1.57578190167313	-1.0<thresh<1.6 FP=0 FN=3	3 0.293237447653286	0.293237447653286	3	1	73
1.57578190167313	9.08500842897606	1.6<thresh<Inf FP=0 FN=4	3 Inf	Inf	3	1	598
-13.3670578848165	-7.23600804220391	-Inf<thresh<-7.2 FP=12 FN=0	3.2 -Inf	-Inf	3.2	1	502
-7.23600804220391	-6.33807406515583	-7.2<thresh<-6.3 FP=11 FN=0	3.2 -6.78704105367987	-6.78704105367987	3.2	1	444
-6.33807406515583	-5.64530759505372	-6.3<thresh<-5.6 FP=8 FN=0	3.2 -5.99169083010477	-5.99169083010477	3.2	1	429
-5.64530759505372	-4.90344684308794	-5.6<thresh<-4.9 FP=7 FN=0	3.2 -5.27437721907083	-5.27437721907083	3.2	1	415
-4.90344684308794	-4.04345598753607	-4.9<thresh<-4.0 FP=7 FN=1	3.2 -4.47345141531201	-4.47345141531201	3.2	1	397
-4.04345598753607	-3.590882922573	-4.0<thresh<-3.6 FP=4 FN=1	3.2 -3.81716945505453	-3.81716945505453	3.2	1	363
-3.590882922573	-3.15405687671473	-3.6<thresh<-3.2 FP=3 FN=1	3.2 -3.37246989964386	-3.37246989964386	3.2	1	312
-3.15405687671473	-2.58814741115137	-3.2<thresh<-2.6 FP=2 FN=1	3.2 -2.87110214393305	-2.87110214393305	3.2	1	251
-2.58814741115137	-2.46078307000063	-2.6<thresh<-2.5 FP=1 FN=1	3.2 -2.524465240576	-2.524465240576	3.2	1	185
-2.46078307000063	-1.90506596270251	-2.5<thresh<-1.9 FP=1 FN=2	3.2 -2.18292451635157	-2.18292451635157	3.2	1	159
-1.90506596270251	-0.989307006366561	-1.9<thresh<-1.0 FP=1 FN=3	3.2 -1.44718648453453	-1.44718648453453	3.2	1	108
-0.989307006366561	1.57578190167313	-1.0<thresh<1.6 FP=0 FN=3	3.2 0.293237447653286	0.293237447653286	3.2	1	74
1.57578190167313	9.08500842897606	1.6<thresh<Inf FP=0 FN=4	3.2 Inf	Inf	3.2	1	599
-13.3670578848165	-7.43600804220391	-Inf<thresh<-7.4 FP=12 FN=0	3.4 -Inf	-Inf	3.4	1	503
-7.43600804220391	-6.53807406515583	-7.4<thresh<-6.5 FP=11 FN=0	3.4 -6.98704105367987	-6.98704105367987	3.4	1	447
-6.53807406515583	-5.84530759505372	-6.5<thresh<-5.8 FP=8 FN=0	3.4 -6.19169083010477	-6.19169083010477	3.4	1	433
-5.84530759505372	-5.10344684308794	-5.8<thresh<-5.1 FP=7 FN=0	3.4 -5.47437721907083	-5.47437721907083	3.4	1	419
-5.10344684308794	-4.04345598753607	-5.1<thresh<-4.0 FP=7 FN=1	3.4 -4.57345141531201	-4.57345141531201	3.4	1	402
-4.04345598753607	-3.790882922573	-4.0<thresh<-3.8 FP=4 FN=1	3.4 -3.91716945505453	-3.91716945505453	3.4	1	369
-3.790882922573	-3.15405687671473	-3.8<thresh<-3.2 FP=3 FN=1	3.4 -3.47246989964386	-3.47246989964386	3.4	1	318
-3.15405687671473	-2.58814741115137	-3.2<thresh<-2.6 FP=2 FN=1	3.4 -2.87110214393305	-2.87110214393305	3.4	1	252
-2.58814741115137	-2.46078307000063	-2.6<thresh<-2.5 FP=1 FN=1	3.4 -2.524465240576	-2.524465240576	3.4	1	186
-2.46078307000063	-2.10506596270251	-2.5<thresh<-2.1 FP=1 FN=2	3.4 -2.28292451635157	-2.28292451635157	3.4	1	165
-2.10506596270251	-0.989307006366561	-2.1<thresh<-1.0 FP=1 FN=3	3.4 -1.54718648453453	-1.54718648453453	3.4	1	114
-0.989307006366561	1.57578190167313	-1.0<thresh<1.6 FP=0 FN=3	3.4 0.293237447653286	0.293237447653286	3.4	1	75
1.57578190167313	9.08500842897606	1.6<thresh<Inf FP=0 FN=4	3.4 Inf	Inf	3.4	1	600
-13.3670578848165	-7.63600804220391	-Inf<thresh<-7.6 FP=12 FN=0	3.6 -Inf	-Inf	3.6	1	504
-7.63600804220391	-6.73807406515583	-7.6<thresh<-6.7 FP=11 FN=0	3.6 -7.18704105367987	-7.18704105367987	3.6	1	450
-6.73807406515583	-6.04530759505372	-6.7<thresh<-6.0 FP=8 FN=0	3.6 -6.39169083010477	-6.39169083010477	3.6	1	437
-6.04530759505372	-5.30344684308794	-6.0<thresh<-5.3 FP=7 FN=0	3.6 -5.67437721907083	-5.67437721907083	3.6	1	423
-5.30344684308794	-4.04345598753607	-5.3<thresh<-4.0 FP=7 FN=1	3.6 -4.67345141531201	-4.67345141531201	3.6	1	407
-4.04345598753607	-3.990882922573	-4.0<thresh<-4.0 FP=4 FN=1	3.6 -4.01716945505453	-4.01716945505453	3.6	1	374
-3.990882922573	-3.15405687671473	-4.0<thresh<-3.2 FP=3 FN=1	3.6 -3.57246989964386	-3.57246989964386	3.6	1	323
-3.15405687671473	-2.58814741115137	-3.2<thresh<-2.6 FP=2 FN=1	3.6 -2.87110214393305	-2.87110214393305	3.6	1	253
-2.58814741115137	-2.46078307000063	-2.6<thresh<-2.5 FP=1 FN=1	3.6 -2.524465240576	-2.524465240576	3.6	1	187
-2.46078307000063	-2.30506596270251	-2.5<thresh<-2.3 FP=1 FN=2	3.6 -2.38292451635157	-2.38292451635157	3.6	1	171
-2.30506596270251	-0.989307006366561	-2.3<thresh<-1.0 FP=1 FN=3	3.6 -1.64718648453453	-1.64718648453453	3.6	1	120
-0.989307006366561	1.57578190167313	-1.0<thresh<1.6 FP=0 FN=3	3.6 0.293237447653286	0.293237447653286	3.6	1	76
1.57578190167313	9.08500842897606	1.6<thresh<Inf FP=0 FN=4	3.6 Inf	Inf	3.6	1	601
-13.3670578848165	-7.83600804220391	-Inf<thresh<-7.8 FP=12 FN=0	3.8 -Inf	-Inf	3.8	1	505
-7.83600804220391	-6.93807406515583	-7.8<thresh<-6.9 FP=11 FN=0	3.8 -7.38704105367987	-7.38704105367987	3.8	1	452
-6.93807406515583	-6.24530759505372	-6.9<thresh<-6.2 FP=8 FN=0	3.8 -6.59169083010477	-6.59169083010477	3.8	1	440
-6.24530759505372	-5.50344684308794	-6.2<thresh<-5.5 FP=7 FN=0	3.8 -5.87437721907083	-5.87437721907083	3.8	1	427
-5.50344684308794	-4.190882922573	-5.5<thresh<-4.2 FP=7 FN=1	3.8 -4.84716488283047	-4.84716488283047	3.8	1	412
-4.190882922573	-4.04345598753607	-4.2<thresh<-4.0 FP=6 FN=1	3.8 -4.11716945505453	-4.11716945505453	3.8	1	380
-4.04345598753607	-3.15405687671473	-4.0<thresh<-3.2 FP=3 FN=1	3.8 -3.5987564321254	-3.5987564321254	3.8	1	324
-3.15405687671473	-2.58814741115137	-3.2<thresh<-2.6 FP=2 FN=1	3.8 -2.87110214393305	-2.87110214393305	3.8	1	254
-2.58814741115137	-2.50506596270251	-2.6<thresh<-2.5 FP=1 FN=1	3.8 -2.54660668692694	-2.54660668692694	3.8	1	188
-2.50506596270251	-2.46078307000063	-2.5<thresh<-2.5 FP=1 FN=2	3.8 -2.48292451635157	-2.48292451635157	3.8	1	177
-2.46078307000063	-0.989307006366561	-2.5<thresh<-1.0 FP=1 FN=3	3.8 -1.7250450381836	-1.7250450381836	3.8	1	127
-0.989307006366561	1.57578190167313	-1.0<thresh<1.6 FP=0 FN=3	3.8 0.293237447653286	0.293237447653286	3.8	1	77
1.57578190167313	9.08500842897606	1.6<thresh<Inf FP=0 FN=4	3.8 Inf	Inf	3.8	1	602
-13.3670578848165	-8.03600804220391	-Inf<thresh<-8.0 FP=12 FN=0	4 -Inf	-Inf	4	1	506
-8.03600804220391	-7.13807406515583	-8.0<thresh<-7.1 FP=11 FN=0	4 -7.58704105367987	-7.58704105367987	4	1	454
-7.13807406515583	-6.44530759505372	-7.1<thresh<-6.4 FP=8 FN=0	4 -6.79169083010477	-6.79169083010477	4	1	443
-6.44530759505372	-5.70344684308794	-6.4<thresh<-5.7 FP=7 FN=0	4 -6.07437721907083	-6.07437721907083	4	1	431
-5.70344684308794	-4.390882922573	-5.7<thresh<-4.4 FP=7 FN=1	4 -5.04716488283047	-5.04716488283047	4	1	416
-4.390882922573	-4.04345598753607	-4.4<thresh<-4.0 FP=6 FN=1	4 -4.21716945505453	-4.21716945505453	4	1	385
-4.04345598753607	-3.15405687671473	-4.0<thresh<-3.2 FP=3 FN=1	4 -3.5987564321254	-3.5987564321254	4	1	325
-3.15405687671473	-2.70506596270251	-3.2<thresh<-2.7 FP=2 FN=1	4 -2.92956141970862	-2.92956141970862	4	1	285
-2.70506596270251	-2.58814741115137	-2.7<thresh<-2.6 FP=2 FN=2	4 -2.64660668692694	-2.64660668692694	4	1	234
-2.58814741115137	-2.46078307000063	-2.6<thresh<-2.5 FP=1 FN=2	4 -2.524465240576	-2.524465240576	4	1	189
-2.46078307000063	-0.989307006366561	-2.5<thresh<-1.0 FP=1 FN=3	4 -1.7250450381836	-1.7250450381836	4	1	128
-0.989307006366561	1.57578190167313	-1.0<thresh<1.6 FP=0 FN=3	4 0.293237447653286	0.293237447653286	4	1	78
1.57578190167313	9.08500842897606	1.6<thresh<Inf FP=0 FN=4	4 Inf	Inf	4	1	603
-13.3670578848165	-8.23600804220391	-Inf<thresh<-8.2 FP=12 FN=0	4.2 -Inf	-Inf	4.2	1	507
-8.23600804220391	-7.33807406515583	-8.2<thresh<-7.3 FP=11 FN=0	4.2 -7.78704105367987	-7.78704105367987	4.2	1	456
-7.33807406515583	-6.64530759505372	-7.3<thresh<-6.6 FP=8 FN=0	4.2 -6.99169083010477	-6.99169083010477	4.2	1	446
-6.64530759505372	-5.90344684308794	-6.6<thresh<-5.9 FP=7 FN=0	4.2 -6.27437721907083	-6.27437721907083	4.2	1	435
-5.90344684308794	-4.590882922573	-5.9<thresh<-4.6 FP=7 FN=1	4.2 -5.24716488283047	-5.24716488283047	4.2	1	420
-4.590882922573	-4.04345598753607	-4.6<thresh<-4.0 FP=6 FN=1	4.2 -4.31716945505453	-4.31716945505453	4.2	1	390
-4.04345598753607	-3.15405687671473	-4.0<thresh<-3.2 FP=3 FN=1	4.2 -3.5987564321254	-3.5987564321254	4.2	1	326
-3.15405687671473	-2.90506596270251	-3.2<thresh<-2.9 FP=2 FN=1	4.2 -3.02956141970862	-3.02956141970862	4.2	1	291
-2.90506596270251	-2.58814741115137	-2.9<thresh<-2.6 FP=2 FN=2	4.2 -2.74660668692694	-2.74660668692694	4.2	1	240
-2.58814741115137	-2.46078307000063	-2.6<thresh<-2.5 FP=1 FN=2	4.2 -2.524465240576	-2.524465240576	4.2	1	190
-2.46078307000063	-0.989307006366561	-2.5<thresh<-1.0 FP=1 FN=3	4.2 -1.7250450381836	-1.7250450381836	4.2	1	129
-0.989307006366561	1.57578190167313	-1.0<thresh<1.6 FP=0 FN=3	4.2 0.293237447653286	0.293237447653286	4.2	1	79
1.57578190167313	9.08500842897606	1.6<thresh<Inf FP=0 FN=4	4.2 Inf	Inf	4.2	1	604
-13.3670578848165	-8.43600804220391	-Inf<thresh<-8.4 FP=12 FN=0	4.4 -Inf	-Inf	4.4	1	508
-8.43600804220391	-7.53807406515583	-8.4<thresh<-7.5 FP=11 FN=0	4.4 -7.98704105367987	-7.98704105367987	4.4	1	457
-7.53807406515583	-6.84530759505372	-7.5<thresh<-6.8 FP=8 FN=0	4.4 -7.19169083010477	-7.19169083010477	4.4	1	449
-6.84530759505372	-6.10344684308794	-6.8<thresh<-6.1 FP=7 FN=0	4.4 -6.47437721907083	-6.47437721907083	4.4	1	439
-6.10344684308794	-4.790882922573	-6.1<thresh<-4.8 FP=7 FN=1	4.4 -5.44716488283047	-5.44716488283047	4.4	1	424
-4.790882922573	-4.04345598753607	-4.8<thresh<-4.0 FP=6 FN=1	4.4 -4.41716945505453	-4.41716945505453	4.4	1	395
-4.04345598753607	-3.15405687671473	-4.0<thresh<-3.2 FP=3 FN=1	4.4 -3.5987564321254	-3.5987564321254	4.4	1	327
-3.15405687671473	-3.10506596270251	-3.2<thresh<-3.1 FP=2 FN=1	4.4 -3.12956141970862	-3.12956141970862	4.4	1	297
-3.10506596270251	-2.58814741115137	-3.1<thresh<-2.6 FP=2 FN=2	4.4 -2.84660668692694	-2.84660668692694	4.4	1	246
-2.58814741115137	-2.46078307000063	-2.6<thresh<-2.5 FP=1 FN=2	4.4 -2.524465240576	-2.524465240576	4.4	1	191
-2.46078307000063	-0.989307006366561	-2.5<thresh<-1.0 FP=1 FN=3	4.4 -1.7250450381836	-1.7250450381836	4.4	1	130
-0.989307006366561	1.57578190167313	-1.0<thresh<1.6 FP=0 FN=3	4.4 0.293237447653286	0.293237447653286	4.4	1	80
1.57578190167313	9.08500842897606	1.6<thresh<Inf FP=0 FN=4	4.4 Inf	Inf	4.4	1	605
-13.3670578848165	-8.63600804220392	-Inf<thresh<-8.6 FP=12 FN=0	4.6 -Inf	-Inf	4.6	1	509
-8.63600804220392	-7.73807406515583	-8.6<thresh<-7.7 FP=11 FN=0	4.6 -8.18704105367987	-8.18704105367987	4.6	1	458
-7.73807406515583	-7.04530759505372	-7.7<thresh<-7.0 FP=8 FN=0	4.6 -7.39169083010477	-7.39169083010477	4.6	1	451
-7.04530759505372	-6.30344684308794	-7.0<thresh<-6.3 FP=7 FN=0	4.6 -6.67437721907083	-6.67437721907083	4.6	1	442
-6.30344684308794	-4.990882922573	-6.3<thresh<-5.0 FP=7 FN=1	4.6 -5.64716488283047	-5.64716488283047	4.6	1	428
-4.990882922573	-4.04345598753607	-5.0<thresh<-4.0 FP=6 FN=1	4.6 -4.51716945505453	-4.51716945505453	4.6	1	399
-4.04345598753607	-3.30506596270251	-4.0<thresh<-3.3 FP=3 FN=1	4.6 -3.67426097511929	-3.67426097511929	4.6	1	354
-3.30506596270251	-3.15405687671473	-3.3<thresh<-3.2 FP=3 FN=2	4.6 -3.22956141970862	-3.22956141970862	4.6	1	303
-3.15405687671473	-2.58814741115137	-3.2<thresh<-2.6 FP=2 FN=2	4.6 -2.87110214393305	-2.87110214393305	4.6	1	255
-2.58814741115137	-2.46078307000063	-2.6<thresh<-2.5 FP=1 FN=2	4.6 -2.524465240576	-2.524465240576	4.6	1	192
-2.46078307000063	-0.989307006366561	-2.5<thresh<-1.0 FP=1 FN=3	4.6 -1.7250450381836	-1.7250450381836	4.6	1	131
-0.989307006366561	1.57578190167313	-1.0<thresh<1.6 FP=0 FN=3	4.6 0.293237447653286	0.293237447653286	4.6	1	81
1.57578190167313	9.08500842897606	1.6<thresh<Inf FP=0 FN=4	4.6 Inf	Inf	4.6	1	606
-13.3670578848165	-8.83600804220392	-Inf<thresh<-8.8 FP=12 FN=0	4.8 -Inf	-Inf	4.8	1	510
-8.83600804220392	-7.93807406515583	-8.8<thresh<-7.9 FP=11 FN=0	4.8 -8.38704105367987	-8.38704105367987	4.8	1	459
-7.93807406515583	-7.24530759505372	-7.9<thresh<-7.2 FP=8 FN=0	4.8 -7.59169083010477	-7.59169083010477	4.8	1	453
-7.24530759505372	-6.50344684308794	-7.2<thresh<-6.5 FP=7 FN=0	4.8 -6.87437721907083	-6.87437721907083	4.8	1	445
-6.50344684308794	-5.190882922573	-6.5<thresh<-5.2 FP=7 FN=1	4.8 -5.84716488283047	-5.84716488283047	4.8	1	432
-5.190882922573	-4.04345598753607	-5.2<thresh<-4.0 FP=6 FN=1	4.8 -4.61716945505453	-4.61716945505453	4.8	1	404
-4.04345598753607	-3.50506596270251	-4.0<thresh<-3.5 FP=3 FN=1	4.8 -3.77426097511929	-3.77426097511929	4.8	1	360
-3.50506596270251	-3.15405687671473	-3.5<thresh<-3.2 FP=3 FN=2	4.8 -3.32956141970862	-3.32956141970862	4.8	1	309
-3.15405687671473	-2.58814741115137	-3.2<thresh<-2.6 FP=2 FN=2	4.8 -2.87110214393305	-2.87110214393305	4.8	1	256
-2.58814741115137	-2.46078307000063	-2.6<thresh<-2.5 FP=1 FN=2	4.8 -2.524465240576	-2.524465240576	4.8	1	193
-2.46078307000063	-0.989307006366561	-2.5<thresh<-1.0 FP=1 FN=3	4.8 -1.7250450381836	-1.7250450381836	4.8	1	132
-0.989307006366561	1.57578190167313	-1.0<thresh<1.6 FP=0 FN=3	4.8 0.293237447653286	0.293237447653286	4.8	1	82
1.57578190167313	9.08500842897606	1.6<thresh<Inf FP=0 FN=4	4.8 Inf	Inf	4.8	1	607
-13.3670578848165	-9.03600804220391	-Inf<thresh<-9.0 FP=12 FN=0	5 -Inf	-Inf	5	1	511
-9.03600804220391	-8.13807406515583	-9.0<thresh<-8.1 FP=11 FN=0	5 -8.58704105367987	-8.58704105367987	5	1	460
-8.13807406515583	-7.44530759505372	-8.1<thresh<-7.4 FP=8 FN=0	5 -7.79169083010477	-7.79169083010477	5	1	455
-7.44530759505372	-6.70344684308794	-7.4<thresh<-6.7 FP=7 FN=0	5 -7.07437721907083	-7.07437721907083	5	1	448
-6.70344684308794	-5.390882922573	-6.7<thresh<-5.4 FP=7 FN=1	5 -6.04716488283047	-6.04716488283047	5	1	436
-5.390882922573	-4.04345598753607	-5.4<thresh<-4.0 FP=6 FN=1	5 -4.71716945505453	-4.71716945505453	5	1	409
-4.04345598753607	-3.70506596270251	-4.0<thresh<-3.7 FP=3 FN=1	5 -3.87426097511929	-3.87426097511929	5	1	366
-3.70506596270251	-3.15405687671473	-3.7<thresh<-3.2 FP=3 FN=2	5 -3.42956141970862	-3.42956141970862	5	1	315
-3.15405687671473	-2.58814741115137	-3.2<thresh<-2.6 FP=2 FN=2	5 -2.87110214393305	-2.87110214393305	5	1	257
-2.58814741115137	-2.46078307000063	-2.6<thresh<-2.5 FP=1 FN=2	5 -2.524465240576	-2.524465240576	5	1	194
-2.46078307000063	-0.989307006366561	-2.5<thresh<-1.0 FP=1 FN=3	5 -1.7250450381836	-1.7250450381836	5	1	133
-0.989307006366561	1.57578190167313	-1.0<thresh<1.6 FP=0 FN=3	5 0.293237447653286	0.293237447653286	5	1	83
1.57578190167313	9.08500842897606	1.6<thresh<Inf FP=0 FN=4	5 Inf	Inf	5	1	608
-13.3670578848165	-4.04345598753607	-Inf<thresh<-4.0 FP=12 FN=0	-5 -Inf	-Inf	-5	2	485
-4.04345598753607	-3.15405687671473	-4.0<thresh<-3.2 FP=9 FN=0	-5 -3.5987564321254	-3.5987564321254	-5	2	353
-3.15405687671473	-2.58814741115137	-3.2<thresh<-2.6 FP=8 FN=0	-5 -2.87110214393305	-2.87110214393305	-5	2	284
-2.58814741115137	-2.46078307000063	-2.6<thresh<-2.5 FP=7 FN=0	-5 -2.524465240576	-2.524465240576	-5	2	230
-2.46078307000063	-0.989307006366561	-2.5<thresh<-1.0 FP=7 FN=1	-5 -1.7250450381836	-1.7250450381836	-5	2	144
-0.989307006366561	0.963991957796087	-1.0<thresh<1.0 FP=6 FN=1	-5 -0.0126575242852369	-0.0126575242852369	-5	2	69
0.963991957796087	1.57578190167313	1.0<thresh<1.6 FP=5 FN=1	-5 1.26988692973461	1.26988692973461	-5	2	542
1.57578190167313	1.86192593484417	1.6<thresh<1.9 FP=5 FN=2	-5 1.71885391825865	1.71885391825865	-5	2	565
1.86192593484417	2.55469240494628	1.9<thresh<2.6 FP=2 FN=2	-5 2.20830916989523	2.20830916989523	-5	2	614
2.55469240494628	3.29655315691206	2.6<thresh<3.3 FP=1 FN=2	-5 2.92562278092917	2.92562278092917	-5	2	629
3.29655315691206	4.60911707742701	3.3<thresh<4.6 FP=1 FN=3	-5 3.95283511716953	3.95283511716953	-5	2	640
4.60911707742701	6.29493403729749	4.6<thresh<6.3 FP=0 FN=3	-5 5.45202555736225	5.45202555736225	-5	2	654
6.29493403729749	9.08500842897606	6.3<thresh<Inf FP=0 FN=4	-5 Inf	Inf	-5	2	663
-13.3670578848165	-4.04345598753607	-Inf<thresh<-4.0 FP=12 FN=0	-4.8 -Inf	-Inf	-4.8	2	484
-4.04345598753607	-3.15405687671473	-4.0<thresh<-3.2 FP=9 FN=0	-4.8 -3.5987564321254	-3.5987564321254	-4.8	2	352
-3.15405687671473	-2.58814741115137	-3.2<thresh<-2.6 FP=8 FN=0	-4.8 -2.87110214393305	-2.87110214393305	-4.8	2	283
-2.58814741115137	-2.46078307000063	-2.6<thresh<-2.5 FP=7 FN=0	-4.8 -2.524465240576	-2.524465240576	-4.8	2	229
-2.46078307000063	-0.989307006366561	-2.5<thresh<-1.0 FP=7 FN=1	-4.8 -1.7250450381836	-1.7250450381836	-4.8	2	143
-0.989307006366561	0.763991957796087	-1.0<thresh<0.8 FP=6 FN=1	-4.8 -0.112657524285237	-0.112657524285237	-4.8	2	68
0.763991957796087	1.57578190167313	0.8<thresh<1.6 FP=5 FN=1	-4.8 1.16988692973461	1.16988692973461	-4.8	2	536
1.57578190167313	1.66192593484417	1.6<thresh<1.7 FP=5 FN=2	-4.8 1.61885391825865	1.61885391825865	-4.8	2	560
1.66192593484417	2.35469240494628	1.7<thresh<2.4 FP=2 FN=2	-4.8 2.00830916989523	2.00830916989523	-4.8	2	609
2.35469240494628	3.09655315691206	2.4<thresh<3.1 FP=1 FN=2	-4.8 2.72562278092917	2.72562278092917	-4.8	2	625
3.09655315691206	4.409117077427	3.1<thresh<4.4 FP=1 FN=3	-4.8 3.75283511716953	3.75283511716953	-4.8	2	637
4.409117077427	6.09493403729749	4.4<thresh<6.1 FP=0 FN=3	-4.8 5.25202555736225	5.25202555736225	-4.8	2	652
6.09493403729749	9.08500842897606	6.1<thresh<Inf FP=0 FN=4	-4.8 Inf	Inf	-4.8	2	662
-13.3670578848165	-4.04345598753607	-Inf<thresh<-4.0 FP=12 FN=0	-4.6 -Inf	-Inf	-4.6	2	483
-4.04345598753607	-3.15405687671473	-4.0<thresh<-3.2 FP=9 FN=0	-4.6 -3.5987564321254	-3.5987564321254	-4.6	2	351
-3.15405687671473	-2.58814741115137	-3.2<thresh<-2.6 FP=8 FN=0	-4.6 -2.87110214393305	-2.87110214393305	-4.6	2	282
-2.58814741115137	-2.46078307000063	-2.6<thresh<-2.5 FP=7 FN=0	-4.6 -2.524465240576	-2.524465240576	-4.6	2	228
-2.46078307000063	-0.989307006366561	-2.5<thresh<-1.0 FP=7 FN=1	-4.6 -1.7250450381836	-1.7250450381836	-4.6	2	142
-0.989307006366561	0.563991957796087	-1.0<thresh<0.6 FP=6 FN=1	-4.6 -0.212657524285237	-0.212657524285237	-4.6	2	66
0.563991957796087	1.46192593484417	0.6<thresh<1.5 FP=5 FN=1	-4.6 1.01295894632013	1.01295894632013	-4.6	2	529
1.46192593484417	1.57578190167313	1.5<thresh<1.6 FP=2 FN=1	-4.6 1.51885391825865	1.51885391825865	-4.6	2	555
1.57578190167313	2.15469240494628	1.6<thresh<2.2 FP=2 FN=2	-4.6 1.86523715330971	1.86523715330971	-4.6	2	571
2.15469240494628	2.89655315691206	2.2<thresh<2.9 FP=1 FN=2	-4.6 2.52562278092917	2.52562278092917	-4.6	2	621
2.89655315691206	4.209117077427	2.9<thresh<4.2 FP=1 FN=3	-4.6 3.55283511716953	3.55283511716953	-4.6	2	634
4.209117077427	5.89493403729749	4.2<thresh<5.9 FP=0 FN=3	-4.6 5.05202555736225	5.05202555736225	-4.6	2	650
5.89493403729749	9.08500842897606	5.9<thresh<Inf FP=0 FN=4	-4.6 Inf	Inf	-4.6	2	661
-13.3670578848165	-4.04345598753607	-Inf<thresh<-4.0 FP=12 FN=0	-4.4 -Inf	-Inf	-4.4	2	482
-4.04345598753607	-3.15405687671473	-4.0<thresh<-3.2 FP=9 FN=0	-4.4 -3.5987564321254	-3.5987564321254	-4.4	2	350
-3.15405687671473	-2.58814741115137	-3.2<thresh<-2.6 FP=8 FN=0	-4.4 -2.87110214393305	-2.87110214393305	-4.4	2	281
-2.58814741115137	-2.46078307000063	-2.6<thresh<-2.5 FP=7 FN=0	-4.4 -2.524465240576	-2.524465240576	-4.4	2	227
-2.46078307000063	-0.989307006366561	-2.5<thresh<-1.0 FP=7 FN=1	-4.4 -1.7250450381836	-1.7250450381836	-4.4	2	141
-0.989307006366561	0.363991957796087	-1.0<thresh<0.4 FP=6 FN=1	-4.4 -0.312657524285237	-0.312657524285237	-4.4	2	64
0.363991957796087	1.26192593484418	0.4<thresh<1.3 FP=5 FN=1	-4.4 0.812958946320131	0.812958946320131	-4.4	2	523
1.26192593484418	1.57578190167313	1.3<thresh<1.6 FP=2 FN=1	-4.4 1.41885391825865	1.41885391825865	-4.4	2	550
1.57578190167313	1.95469240494628	1.6<thresh<2.0 FP=2 FN=2	-4.4 1.76523715330971	1.76523715330971	-4.4	2	567
1.95469240494628	2.69655315691206	2.0<thresh<2.7 FP=1 FN=2	-4.4 2.32562278092917	2.32562278092917	-4.4	2	617
2.69655315691206	4.00911707742701	2.7<thresh<4.0 FP=1 FN=3	-4.4 3.35283511716953	3.35283511716953	-4.4	2	631
4.00911707742701	5.69493403729749	4.0<thresh<5.7 FP=0 FN=3	-4.4 4.85202555736225	4.85202555736225	-4.4	2	648
5.69493403729749	9.08500842897606	5.7<thresh<Inf FP=0 FN=4	-4.4 Inf	Inf	-4.4	2	660
-13.3670578848165	-4.04345598753607	-Inf<thresh<-4.0 FP=12 FN=0	-4.2 -Inf	-Inf	-4.2	2	481
-4.04345598753607	-3.15405687671473	-4.0<thresh<-3.2 FP=9 FN=0	-4.2 -3.5987564321254	-3.5987564321254	-4.2	2	349
-3.15405687671473	-2.58814741115137	-3.2<thresh<-2.6 FP=8 FN=0	-4.2 -2.87110214393305	-2.87110214393305	-4.2	2	280
-2.58814741115137	-2.46078307000063	-2.6<thresh<-2.5 FP=7 FN=0	-4.2 -2.524465240576	-2.524465240576	-4.2	2	226
-2.46078307000063	-0.989307006366561	-2.5<thresh<-1.0 FP=7 FN=1	-4.2 -1.7250450381836	-1.7250450381836	-4.2	2	140
-0.989307006366561	0.163991957796087	-1.0<thresh<0.2 FP=6 FN=1	-4.2 -0.412657524285237	-0.412657524285237	-4.2	2	62
0.163991957796087	1.06192593484418	0.2<thresh<1.1 FP=5 FN=1	-4.2 0.612958946320131	0.612958946320131	-4.2	2	517
1.06192593484418	1.57578190167313	1.1<thresh<1.6 FP=2 FN=1	-4.2 1.31885391825865	1.31885391825865	-4.2	2	545
1.57578190167313	1.75469240494628	1.6<thresh<1.8 FP=2 FN=2	-4.2 1.66523715330971	1.66523715330971	-4.2	2	562
1.75469240494628	2.49655315691206	1.8<thresh<2.5 FP=1 FN=2	-4.2 2.12562278092917	2.12562278092917	-4.2	2	612
2.49655315691206	3.80911707742701	2.5<thresh<3.8 FP=1 FN=3	-4.2 3.15283511716953	3.15283511716953	-4.2	2	627
3.80911707742701	5.49493403729749	3.8<thresh<5.5 FP=0 FN=3	-4.2 4.65202555736225	4.65202555736225	-4.2	2	646
5.49493403729749	9.08500842897606	5.5<thresh<Inf FP=0 FN=4	-4.2 Inf	Inf	-4.2	2	659
-13.3670578848165	-4.04345598753607	-Inf<thresh<-4.0 FP=12 FN=0	-4 -Inf	-Inf	-4	2	480
-4.04345598753607	-3.15405687671473	-4.0<thresh<-3.2 FP=9 FN=0	-4 -3.5987564321254	-3.5987564321254	-4	2	348
-3.15405687671473	-2.58814741115137	-3.2<thresh<-2.6 FP=8 FN=0	-4 -2.87110214393305	-2.87110214393305	-4	2	279
-2.58814741115137	-2.46078307000063	-2.6<thresh<-2.5 FP=7 FN=0	-4 -2.524465240576	-2.524465240576	-4	2	225
-2.46078307000063	-0.989307006366561	-2.5<thresh<-1.0 FP=7 FN=1	-4 -1.7250450381836	-1.7250450381836	-4	2	139
-0.989307006366561	-0.0360080422039131	-1.0<thresh<-0.0 FP=6 FN=1	-4 -0.512657524285237	-0.512657524285237	-4	2	30
-0.0360080422039131	0.861925934844175	-0.0<thresh<0.9 FP=5 FN=1	-4 0.412958946320131	0.412958946320131	-4	2	2
0.861925934844175	1.55469240494628	0.9<thresh<1.6 FP=2 FN=1	-4 1.20830916989523	1.20830916989523	-4	2	539
1.55469240494628	1.57578190167313	1.6<thresh<1.6 FP=1 FN=1	-4 1.56523715330971	1.56523715330971	-4	2	556
1.57578190167313	2.29655315691206	1.6<thresh<2.3 FP=1 FN=2	-4 1.9361675292926	1.9361675292926	-4	2	573
2.29655315691206	3.609117077427	2.3<thresh<3.6 FP=1 FN=3	-4 2.95283511716953	2.95283511716953	-4	2	623
3.609117077427	5.29493403729749	3.6<thresh<5.3 FP=0 FN=3	-4 4.45202555736225	4.45202555736225	-4	2	644
5.29493403729749	9.08500842897606	5.3<thresh<Inf FP=0 FN=4	-4 Inf	Inf	-4	2	658
-13.3670578848165	-4.04345598753607	-Inf<thresh<-4.0 FP=12 FN=0	-3.8 -Inf	-Inf	-3.8	2	479
-4.04345598753607	-3.15405687671473	-4.0<thresh<-3.2 FP=9 FN=0	-3.8 -3.5987564321254	-3.5987564321254	-3.8	2	347
-3.15405687671473	-2.58814741115137	-3.2<thresh<-2.6 FP=8 FN=0	-3.8 -2.87110214393305	-2.87110214393305	-3.8	2	278
-2.58814741115137	-2.46078307000063	-2.6<thresh<-2.5 FP=7 FN=0	-3.8 -2.524465240576	-2.524465240576	-3.8	2	224
-2.46078307000063	-0.989307006366561	-2.5<thresh<-1.0 FP=7 FN=1	-3.8 -1.7250450381836	-1.7250450381836	-3.8	2	138
-0.989307006366561	-0.236008042203913	-1.0<thresh<-0.2 FP=6 FN=1	-3.8 -0.612657524285237	-0.612657524285237	-3.8	2	34
-0.236008042203913	0.661925934844175	-0.2<thresh<0.7 FP=5 FN=1	-3.8 0.212958946320131	0.212958946320131	-3.8	2	7
0.661925934844175	1.35469240494628	0.7<thresh<1.4 FP=2 FN=1	-3.8 1.00830916989523	1.00830916989523	-3.8	2	531
1.35469240494628	1.57578190167313	1.4<thresh<1.6 FP=1 FN=1	-3.8 1.46523715330971	1.46523715330971	-3.8	2	552
1.57578190167313	2.09655315691206	1.6<thresh<2.1 FP=1 FN=2	-3.8 1.8361675292926	1.8361675292926	-3.8	2	569
2.09655315691206	3.409117077427	2.1<thresh<3.4 FP=1 FN=3	-3.8 2.75283511716953	2.75283511716953	-3.8	2	619
3.409117077427	5.09493403729749	3.4<thresh<5.1 FP=0 FN=3	-3.8 4.25202555736225	4.25202555736225	-3.8	2	642
5.09493403729749	9.08500842897606	5.1<thresh<Inf FP=0 FN=4	-3.8 Inf	Inf	-3.8	2	657
-13.3670578848165	-4.04345598753607	-Inf<thresh<-4.0 FP=12 FN=0	-3.6 -Inf	-Inf	-3.6	2	478
-4.04345598753607	-3.15405687671473	-4.0<thresh<-3.2 FP=9 FN=0	-3.6 -3.5987564321254	-3.5987564321254	-3.6	2	346
-3.15405687671473	-2.58814741115137	-3.2<thresh<-2.6 FP=8 FN=0	-3.6 -2.87110214393305	-2.87110214393305	-3.6	2	277
-2.58814741115137	-2.46078307000063	-2.6<thresh<-2.5 FP=7 FN=0	-3.6 -2.524465240576	-2.524465240576	-3.6	2	223
-2.46078307000063	-0.989307006366561	-2.5<thresh<-1.0 FP=7 FN=1	-3.6 -1.7250450381836	-1.7250450381836	-3.6	2	137
-0.989307006366561	-0.436008042203913	-1.0<thresh<-0.4 FP=6 FN=1	-3.6 -0.712657524285237	-0.712657524285237	-3.6	2	40
-0.436008042203913	0.461925934844174	-0.4<thresh<0.5 FP=5 FN=1	-3.6 0.0129589463201305	0.0129589463201305	-3.6	2	13
0.461925934844174	1.15469240494628	0.5<thresh<1.2 FP=2 FN=1	-3.6 0.808309169895229	0.808309169895229	-3.6	2	525
1.15469240494628	1.57578190167313	1.2<thresh<1.6 FP=1 FN=1	-3.6 1.36523715330971	1.36523715330971	-3.6	2	547
1.57578190167313	1.89655315691206	1.6<thresh<1.9 FP=1 FN=2	-3.6 1.7361675292926	1.7361675292926	-3.6	2	564
1.89655315691206	3.209117077427	1.9<thresh<3.2 FP=1 FN=3	-3.6 2.55283511716953	2.55283511716953	-3.6	2	615
3.209117077427	4.89493403729749	3.2<thresh<4.9 FP=0 FN=3	-3.6 4.05202555736225	4.05202555736225	-3.6	2	639
4.89493403729749	9.08500842897606	4.9<thresh<Inf FP=0 FN=4	-3.6 Inf	Inf	-3.6	2	656
-13.3670578848165	-4.04345598753607	-Inf<thresh<-4.0 FP=12 FN=0	-3.4 -Inf	-Inf	-3.4	2	477
-4.04345598753607	-3.15405687671473	-4.0<thresh<-3.2 FP=9 FN=0	-3.4 -3.5987564321254	-3.5987564321254	-3.4	2	345
-3.15405687671473	-2.58814741115137	-3.2<thresh<-2.6 FP=8 FN=0	-3.4 -2.87110214393305	-2.87110214393305	-3.4	2	276
-2.58814741115137	-2.46078307000063	-2.6<thresh<-2.5 FP=7 FN=0	-3.4 -2.524465240576	-2.524465240576	-3.4	2	222
-2.46078307000063	-0.989307006366561	-2.5<thresh<-1.0 FP=7 FN=1	-3.4 -1.7250450381836	-1.7250450381836	-3.4	2	136
-0.989307006366561	-0.636008042203913	-1.0<thresh<-0.6 FP=6 FN=1	-3.4 -0.812657524285237	-0.812657524285237	-3.4	2	46
-0.636008042203913	0.261925934844175	-0.6<thresh<0.3 FP=5 FN=1	-3.4 -0.187041053679869	-0.187041053679869	-3.4	2	19
0.261925934844175	0.954692404946284	0.3<thresh<1.0 FP=2 FN=1	-3.4 0.60830916989523	0.60830916989523	-3.4	2	519
0.954692404946284	1.57578190167313	1.0<thresh<1.6 FP=1 FN=1	-3.4 1.26523715330971	1.26523715330971	-3.4	2	541
1.57578190167313	1.69655315691206	1.6<thresh<1.7 FP=1 FN=2	-3.4 1.6361675292926	1.6361675292926	-3.4	2	559
1.69655315691206	3.00911707742701	1.7<thresh<3.0 FP=1 FN=3	-3.4 2.35283511716953	2.35283511716953	-3.4	2	610
3.00911707742701	4.69493403729749	3.0<thresh<4.7 FP=0 FN=3	-3.4 3.85202555736225	3.85202555736225	-3.4	2	636
4.69493403729749	9.08500842897606	4.7<thresh<Inf FP=0 FN=4	-3.4 Inf	Inf	-3.4	2	655
-13.3670578848165	-4.04345598753607	-Inf<thresh<-4.0 FP=12 FN=0	-3.2 -Inf	-Inf	-3.2	2	476
-4.04345598753607	-3.15405687671473	-4.0<thresh<-3.2 FP=9 FN=0	-3.2 -3.5987564321254	-3.5987564321254	-3.2	2	344
-3.15405687671473	-2.58814741115137	-3.2<thresh<-2.6 FP=8 FN=0	-3.2 -2.87110214393305	-2.87110214393305	-3.2	2	275
-2.58814741115137	-2.46078307000063	-2.6<thresh<-2.5 FP=7 FN=0	-3.2 -2.524465240576	-2.524465240576	-3.2	2	221
-2.46078307000063	-0.989307006366561	-2.5<thresh<-1.0 FP=7 FN=1	-3.2 -1.7250450381836	-1.7250450381836	-3.2	2	135
-0.989307006366561	-0.836008042203913	-1.0<thresh<-0.8 FP=6 FN=1	-3.2 -0.912657524285237	-0.912657524285237	-3.2	2	52
-0.836008042203913	0.061925934844175	-0.8<thresh<0.1 FP=5 FN=1	-3.2 -0.387041053679869	-0.387041053679869	-3.2	2	25
0.061925934844175	0.754692404946284	0.1<thresh<0.8 FP=2 FN=1	-3.2 0.40830916989523	0.408309169895229	-3.2	2	513
0.754692404946284	1.49655315691206	0.8<thresh<1.5 FP=1 FN=1	-3.2 1.12562278092917	1.12562278092917	-3.2	2	534
1.49655315691206	1.57578190167313	1.5<thresh<1.6 FP=1 FN=2	-3.2 1.5361675292926	1.5361675292926	-3.2	2	554
1.57578190167313	2.80911707742701	1.6<thresh<2.8 FP=1 FN=3	-3.2 2.19244948955007	2.19244948955007	-3.2	2	578
2.80911707742701	4.49493403729749	2.8<thresh<4.5 FP=0 FN=3	-3.2 3.65202555736225	3.65202555736225	-3.2	2	633
4.49493403729749	9.08500842897606	4.5<thresh<Inf FP=0 FN=4	-3.2 Inf	Inf	-3.2	2	653
-13.3670578848165	-4.04345598753607	-Inf<thresh<-4.0 FP=12 FN=0	-3 -Inf	-Inf	-3	2	475
-4.04345598753607	-3.15405687671473	-4.0<thresh<-3.2 FP=9 FN=0	-3 -3.5987564321254	-3.5987564321254	-3	2	343
-3.15405687671473	-2.58814741115137	-3.2<thresh<-2.6 FP=8 FN=0	-3 -2.87110214393305	-2.87110214393305	-3	2	274
-2.58814741115137	-2.46078307000063	-2.6<thresh<-2.5 FP=7 FN=0	-3 -2.524465240576	-2.524465240576	-3	2	220
-2.46078307000063	-1.03600804220391	-2.5<thresh<-1.0 FP=7 FN=1	-3 -1.74839555610227	-1.74839555610227	-3	2	134
-1.03600804220391	-0.989307006366561	-1.0<thresh<-1.0 FP=6 FN=1	-3 -1.01265752428524	-1.01265752428524	-3	2	58
-0.989307006366561	-0.138074065155825	-1.0<thresh<-0.1 FP=5 FN=1	-3 -0.563690535761193	-0.563690535761193	-3	2	32
-0.138074065155825	0.554692404946284	-0.1<thresh<0.6 FP=2 FN=1	-3 0.208309169895229	0.208309169895229	-3	2	3
0.554692404946284	1.29655315691206	0.6<thresh<1.3 FP=1 FN=1	-3 0.925622780929171	0.925622780929171	-3	2	528
1.29655315691206	1.57578190167313	1.3<thresh<1.6 FP=1 FN=2	-3 1.4361675292926	1.4361675292926	-3	2	549
1.57578190167313	2.609117077427	1.6<thresh<2.6 FP=1 FN=3	-3 2.09244948955007	2.09244948955007	-3	2	576
2.609117077427	4.29493403729749	2.6<thresh<4.3 FP=0 FN=3	-3 3.45202555736225	3.45202555736225	-3	2	630
4.29493403729749	9.08500842897606	4.3<thresh<Inf FP=0 FN=4	-3 Inf	Inf	-3	2	651
-13.3670578848165	-4.04345598753607	-Inf<thresh<-4.0 FP=12 FN=0	-2.8 -Inf	-Inf	-2.8	2	474
-4.04345598753607	-3.15405687671473	-4.0<thresh<-3.2 FP=9 FN=0	-2.8 -3.5987564321254	-3.5987564321254	-2.8	2	342
-3.15405687671473	-2.58814741115137	-3.2<thresh<-2.6 FP=8 FN=0	-2.8 -2.87110214393305	-2.87110214393305	-2.8	2	273
-2.58814741115137	-2.46078307000063	-2.6<thresh<-2.5 FP=7 FN=0	-2.8 -2.524465240576	-2.524465240576	-2.8	2	219
-2.46078307000063	-1.23600804220391	-2.5<thresh<-1.2 FP=7 FN=1	-2.8 -1.84839555610227	-1.84839555610227	-2.8	2	147
-1.23600804220391	-0.989307006366561	-1.2<thresh<-1.0 FP=6 FN=1	-2.8 -1.11265752428524	-1.11265752428524	-2.8	2	89
-0.989307006366561	-0.338074065155825	-1.0<thresh<-0.3 FP=5 FN=1	-2.8 -0.663690535761193	-0.663690535761193	-2.8	2	37
-0.338074065155825	0.354692404946284	-0.3<thresh<0.4 FP=2 FN=1	-2.8 0.00830916989522912	0.00830916989522912	-2.8	2	9
0.354692404946284	1.09655315691206	0.4<thresh<1.1 FP=1 FN=1	-2.8 0.725622780929171	0.725622780929171	-2.8	2	522
1.09655315691206	1.57578190167313	1.1<thresh<1.6 FP=1 FN=2	-2.8 1.3361675292926	1.3361675292926	-2.8	2	544
1.57578190167313	2.409117077427	1.6<thresh<2.4 FP=1 FN=3	-2.8 1.99244948955007	1.99244948955007	-2.8	2	574
2.409117077427	4.09493403729749	2.4<thresh<4.1 FP=0 FN=3	-2.8 3.25202555736225	3.25202555736225	-2.8	2	626
4.09493403729749	9.08500842897606	4.1<thresh<Inf FP=0 FN=4	-2.8 Inf	Inf	-2.8	2	649
-13.3670578848165	-4.04345598753607	-Inf<thresh<-4.0 FP=12 FN=0	-2.6 -Inf	-Inf	-2.6	2	473
-4.04345598753607	-3.15405687671473	-4.0<thresh<-3.2 FP=9 FN=0	-2.6 -3.5987564321254	-3.5987564321254	-2.6	2	341
-3.15405687671473	-2.58814741115137	-3.2<thresh<-2.6 FP=8 FN=0	-2.6 -2.87110214393305	-2.87110214393305	-2.6	2	272
-2.58814741115137	-2.46078307000063	-2.6<thresh<-2.5 FP=7 FN=0	-2.6 -2.524465240576	-2.524465240576	-2.6	2	218
-2.46078307000063	-1.43600804220391	-2.5<thresh<-1.4 FP=7 FN=1	-2.6 -1.94839555610227	-1.94839555610227	-2.6	2	150
-1.43600804220391	-0.989307006366561	-1.4<thresh<-1.0 FP=6 FN=1	-2.6 -1.21265752428524	-1.21265752428524	-2.6	2	95
-0.989307006366561	-0.538074065155826	-1.0<thresh<-0.5 FP=5 FN=1	-2.6 -0.763690535761193	-0.763690535761193	-2.6	2	43
-0.538074065155826	0.154692404946283	-0.5<thresh<0.2 FP=2 FN=1	-2.6 -0.191690830104771	-0.191690830104771	-2.6	2	15
0.154692404946283	0.896553156912058	0.2<thresh<0.9 FP=1 FN=1	-2.6 0.52562278092917	0.525622780929171	-2.6	2	516
0.896553156912058	1.57578190167313	0.9<thresh<1.6 FP=1 FN=2	-2.6 1.2361675292926	1.2361675292926	-2.6	2	538
1.57578190167313	2.209117077427	1.6<thresh<2.2 FP=1 FN=3	-2.6 1.89244948955007	1.89244948955007	-2.6	2	570
2.209117077427	3.89493403729749	2.2<thresh<3.9 FP=0 FN=3	-2.6 3.05202555736225	3.05202555736225	-2.6	2	622
3.89493403729749	9.08500842897606	3.9<thresh<Inf FP=0 FN=4	-2.6 Inf	Inf	-2.6	2	647
-13.3670578848165	-4.04345598753607	-Inf<thresh<-4.0 FP=12 FN=0	-2.4 -Inf	-Inf	-2.4	2	472
-4.04345598753607	-3.15405687671473	-4.0<thresh<-3.2 FP=9 FN=0	-2.4 -3.5987564321254	-3.5987564321254	-2.4	2	340
-3.15405687671473	-2.58814741115137	-3.2<thresh<-2.6 FP=8 FN=0	-2.4 -2.87110214393305	-2.87110214393305	-2.4	2	271
-2.58814741115137	-2.46078307000063	-2.6<thresh<-2.5 FP=7 FN=0	-2.4 -2.524465240576	-2.524465240576	-2.4	2	217
-2.46078307000063	-1.63600804220391	-2.5<thresh<-1.6 FP=7 FN=1	-2.4 -2.04839555610227	-2.04839555610227	-2.4	2	153
-1.63600804220391	-0.989307006366561	-1.6<thresh<-1.0 FP=6 FN=1	-2.4 -1.31265752428524	-1.31265752428524	-2.4	2	101
-0.989307006366561	-0.738074065155825	-1.0<thresh<-0.7 FP=5 FN=1	-2.4 -0.863690535761193	-0.863690535761193	-2.4	2	49
-0.738074065155825	-0.0453075950537158	-0.7<thresh<-0.0 FP=2 FN=1	-2.4 -0.39169083010477	-0.39169083010477	-2.4	2	21
-0.0453075950537158	0.696553156912058	-0.0<thresh<0.7 FP=1 FN=1	-2.4 0.325622780929171	0.325622780929171	-2.4	2	1
0.696553156912058	1.57578190167313	0.7<thresh<1.6 FP=1 FN=2	-2.4 1.1361675292926	1.1361675292926	-2.4	2	533
1.57578190167313	2.00911707742701	1.6<thresh<2.0 FP=1 FN=3	-2.4 1.79244948955007	1.79244948955007	-2.4	2	566
2.00911707742701	3.69493403729749	2.0<thresh<3.7 FP=0 FN=3	-2.4 2.85202555736225	2.85202555736225	-2.4	2	618
3.69493403729749	9.08500842897606	3.7<thresh<Inf FP=0 FN=4	-2.4 Inf	Inf	-2.4	2	645
-13.3670578848165	-4.04345598753607	-Inf<thresh<-4.0 FP=12 FN=0	-2.2 -Inf	-Inf	-2.2	2	471
-4.04345598753607	-3.15405687671473	-4.0<thresh<-3.2 FP=9 FN=0	-2.2 -3.5987564321254	-3.5987564321254	-2.2	2	339
-3.15405687671473	-2.58814741115137	-3.2<thresh<-2.6 FP=8 FN=0	-2.2 -2.87110214393305	-2.87110214393305	-2.2	2	270
-2.58814741115137	-2.46078307000063	-2.6<thresh<-2.5 FP=7 FN=0	-2.2 -2.524465240576	-2.524465240576	-2.2	2	216
-2.46078307000063	-1.83600804220391	-2.5<thresh<-1.8 FP=7 FN=1	-2.2 -2.14839555610227	-2.14839555610227	-2.2	2	158
-1.83600804220391	-0.989307006366561	-1.8<thresh<-1.0 FP=6 FN=1	-2.2 -1.41265752428524	-1.41265752428524	-2.2	2	106
-0.989307006366561	-0.938074065155826	-1.0<thresh<-0.9 FP=5 FN=1	-2.2 -0.963690535761193	-0.963690535761193	-2.2	2	55
-0.938074065155826	-0.245307595053717	-0.9<thresh<-0.2 FP=2 FN=1	-2.2 -0.591690830104771	-0.591690830104771	-2.2	2	27
-0.245307595053717	0.496553156912057	-0.2<thresh<0.5 FP=1 FN=1	-2.2 0.12562278092917	0.12562278092917	-2.2	2	6
0.496553156912057	1.57578190167313	0.5<thresh<1.6 FP=1 FN=2	-2.2 1.0361675292926	1.0361675292926	-2.2	2	527
1.57578190167313	1.809117077427	1.6<thresh<1.8 FP=1 FN=3	-2.2 1.69244948955007	1.69244948955007	-2.2	2	561
1.809117077427	3.49493403729749	1.8<thresh<3.5 FP=0 FN=3	-2.2 2.65202555736225	2.65202555736225	-2.2	2	613
3.49493403729749	9.08500842897606	3.5<thresh<Inf FP=0 FN=4	-2.2 Inf	Inf	-2.2	2	643
-13.3670578848165	-4.04345598753607	-Inf<thresh<-4.0 FP=12 FN=0	-2 -Inf	-Inf	-2	2	470
-4.04345598753607	-3.15405687671473	-4.0<thresh<-3.2 FP=9 FN=0	-2 -3.5987564321254	-3.5987564321254	-2	2	338
-3.15405687671473	-2.58814741115137	-3.2<thresh<-2.6 FP=8 FN=0	-2 -2.87110214393305	-2.87110214393305	-2	2	269
-2.58814741115137	-2.46078307000063	-2.6<thresh<-2.5 FP=7 FN=0	-2 -2.524465240576	-2.524465240576	-2	2	215
-2.46078307000063	-2.03600804220391	-2.5<thresh<-2.0 FP=7 FN=1	-2 -2.24839555610227	-2.24839555610227	-2	2	164
-2.03600804220391	-1.13807406515583	-2.0<thresh<-1.1 FP=6 FN=1	-2 -1.58704105367987	-1.58704105367987	-2	2	112
-1.13807406515583	-0.989307006366561	-1.1<thresh<-1.0 FP=3 FN=1	-2 -1.06369053576119	-1.06369053576119	-2	2	86
-0.989307006366561	-0.445307595053716	-1.0<thresh<-0.4 FP=2 FN=1	-2 -0.717307300710138	-0.717307300710139	-2	2	39
-0.445307595053716	0.296553156912058	-0.4<thresh<0.3 FP=1 FN=1	-2 -0.0743772190708292	-0.0743772190708292	-2	2	12
0.296553156912058	1.57578190167313	0.3<thresh<1.6 FP=1 FN=2	-2 0.936167529292596	0.936167529292596	-2	2	521
1.57578190167313	1.609117077427	1.6<thresh<1.6 FP=1 FN=3	-2 1.59244948955007	1.59244948955007	-2	2	557
1.609117077427	3.29493403729749	1.6<thresh<3.3 FP=0 FN=3	-2 2.45202555736225	2.45202555736225	-2	2	581
3.29493403729749	9.08500842897606	3.3<thresh<Inf FP=0 FN=4	-2 Inf	Inf	-2	2	641
-13.3670578848165	-4.04345598753607	-Inf<thresh<-4.0 FP=12 FN=0	-1.8 -Inf	-Inf	-1.8	2	469
-4.04345598753607	-3.15405687671473	-4.0<thresh<-3.2 FP=9 FN=0	-1.8 -3.5987564321254	-3.5987564321254	-1.8	2	337
-3.15405687671473	-2.58814741115137	-3.2<thresh<-2.6 FP=8 FN=0	-1.8 -2.87110214393305	-2.87110214393305	-1.8	2	268
-2.58814741115137	-2.46078307000063	-2.6<thresh<-2.5 FP=7 FN=0	-1.8 -2.524465240576	-2.524465240576	-1.8	2	214
-2.46078307000063	-2.23600804220391	-2.5<thresh<-2.2 FP=7 FN=1	-1.8 -2.34839555610227	-2.34839555610227	-1.8	2	170
-2.23600804220391	-1.33807406515582	-2.2<thresh<-1.3 FP=6 FN=1	-1.8 -1.78704105367987	-1.78704105367987	-1.8	2	118
-1.33807406515582	-0.989307006366561	-1.3<thresh<-1.0 FP=3 FN=1	-1.8 -1.16369053576119	-1.16369053576119	-1.8	2	92
-0.989307006366561	-0.645307595053716	-1.0<thresh<-0.6 FP=2 FN=1	-1.8 -0.817307300710138	-0.817307300710138	-1.8	2	45
-0.645307595053716	0.0965531569120586	-0.6<thresh<0.1 FP=1 FN=1	-1.8 -0.274377219070828	-0.274377219070828	-1.8	2	18
0.0965531569120586	1.40911707742701	0.1<thresh<1.4 FP=1 FN=2	-1.8 0.752835117169532	0.752835117169532	-1.8	2	514
1.40911707742701	1.57578190167313	1.4<thresh<1.6 FP=0 FN=2	-1.8 1.49244948955007	1.49244948955007	-1.8	2	551
1.57578190167313	3.09493403729749	1.6<thresh<3.1 FP=0 FN=3	-1.8 2.33535796948531	2.33535796948531	-1.8	2	580
3.09493403729749	9.08500842897606	3.1<thresh<Inf FP=0 FN=4	-1.8 Inf	Inf	-1.8	2	638
-13.3670578848165	-4.04345598753607	-Inf<thresh<-4.0 FP=12 FN=0	-1.6 -Inf	-Inf	-1.6	2	468
-4.04345598753607	-3.15405687671473	-4.0<thresh<-3.2 FP=9 FN=0	-1.6 -3.5987564321254	-3.5987564321254	-1.6	2	336
-3.15405687671473	-2.58814741115137	-3.2<thresh<-2.6 FP=8 FN=0	-1.6 -2.87110214393305	-2.87110214393305	-1.6	2	267
-2.58814741115137	-2.46078307000063	-2.6<thresh<-2.5 FP=7 FN=0	-1.6 -2.524465240576	-2.524465240576	-1.6	2	213
-2.46078307000063	-2.43600804220391	-2.5<thresh<-2.4 FP=7 FN=1	-1.6 -2.44839555610227	-2.44839555610227	-1.6	2	176
-2.43600804220391	-1.53807406515583	-2.4<thresh<-1.5 FP=6 FN=1	-1.6 -1.98704105367987	-1.98704105367987	-1.6	2	124
-1.53807406515583	-0.989307006366561	-1.5<thresh<-1.0 FP=3 FN=1	-1.6 -1.26369053576119	-1.26369053576119	-1.6	2	98
-0.989307006366561	-0.845307595053717	-1.0<thresh<-0.8 FP=2 FN=1	-1.6 -0.917307300710139	-0.917307300710139	-1.6	2	51
-0.845307595053717	-0.103446843087943	-0.8<thresh<-0.1 FP=1 FN=1	-1.6 -0.47437721907083	-0.47437721907083	-1.6	2	24
-0.103446843087943	1.209117077427	-0.1<thresh<1.2 FP=1 FN=2	-1.6 0.552835117169531	0.552835117169531	-1.6	2	4
1.209117077427	1.57578190167313	1.2<thresh<1.6 FP=0 FN=2	-1.6 1.39244948955007	1.39244948955007	-1.6	2	546
1.57578190167313	2.89493403729749	1.6<thresh<2.9 FP=0 FN=3	-1.6 2.23535796948531	2.23535796948531	-1.6	2	579
2.89493403729749	9.08500842897606	2.9<thresh<Inf FP=0 FN=4	-1.6 Inf	Inf	-1.6	2	635
-13.3670578848165	-4.04345598753607	-Inf<thresh<-4.0 FP=12 FN=0	-1.4 -Inf	-Inf	-1.4	2	467
-4.04345598753607	-3.15405687671473	-4.0<thresh<-3.2 FP=9 FN=0	-1.4 -3.5987564321254	-3.5987564321254	-1.4	2	335
-3.15405687671473	-2.63600804220391	-3.2<thresh<-2.6 FP=8 FN=0	-1.4 -2.89503245945932	-2.89503245945932	-1.4	2	266
-2.63600804220391	-2.58814741115137	-2.6<thresh<-2.6 FP=7 FN=0	-1.4 -2.61207772667764	-2.61207772667764	-1.4	2	233
-2.58814741115137	-2.46078307000063	-2.6<thresh<-2.5 FP=6 FN=0	-1.4 -2.524465240576	-2.524465240576	-1.4	2	212
-2.46078307000063	-1.73807406515582	-2.5<thresh<-1.7 FP=6 FN=1	-1.4 -2.09942856757823	-2.09942856757823	-1.4	2	155
-1.73807406515582	-1.04530759505372	-1.7<thresh<-1.0 FP=3 FN=1	-1.4 -1.39169083010477	-1.39169083010477	-1.4	2	104
-1.04530759505372	-0.989307006366561	-1.0<thresh<-1.0 FP=2 FN=1	-1.4 -1.01730730071014	-1.01730730071014	-1.4	2	57
-0.989307006366561	-0.303446843087942	-1.0<thresh<-0.3 FP=1 FN=1	-1.4 -0.646376924727251	-0.646376924727251	-1.4	2	36
-0.303446843087942	1.00911707742701	-0.3<thresh<1.0 FP=1 FN=2	-1.4 0.352835117169532	0.352835117169532	-1.4	2	10
1.00911707742701	1.57578190167313	1.0<thresh<1.6 FP=0 FN=2	-1.4 1.29244948955007	1.29244948955007	-1.4	2	540
1.57578190167313	2.69493403729749	1.6<thresh<2.7 FP=0 FN=3	-1.4 2.13535796948531	2.13535796948531	-1.4	2	577
2.69493403729749	9.08500842897606	2.7<thresh<Inf FP=0 FN=4	-1.4 Inf	Inf	-1.4	2	632
-13.3670578848165	-4.04345598753607	-Inf<thresh<-4.0 FP=12 FN=0	-1.2 -Inf	-Inf	-1.2	2	466
-4.04345598753607	-3.15405687671473	-4.0<thresh<-3.2 FP=9 FN=0	-1.2 -3.5987564321254	-3.5987564321254	-1.2	2	334
-3.15405687671473	-2.83600804220391	-3.2<thresh<-2.8 FP=8 FN=0	-1.2 -2.99503245945932	-2.99503245945932	-1.2	2	290
-2.83600804220391	-2.58814741115137	-2.8<thresh<-2.6 FP=7 FN=0	-1.2 -2.71207772667764	-2.71207772667764	-1.2	2	239
-2.58814741115137	-2.46078307000063	-2.6<thresh<-2.5 FP=6 FN=0	-1.2 -2.524465240576	-2.524465240576	-1.2	2	211
-2.46078307000063	-1.93807406515583	-2.5<thresh<-1.9 FP=6 FN=1	-1.2 -2.19942856757823	-2.19942856757823	-1.2	2	161
-1.93807406515583	-1.24530759505372	-1.9<thresh<-1.2 FP=3 FN=1	-1.2 -1.59169083010477	-1.59169083010477	-1.2	2	110
-1.24530759505372	-0.989307006366561	-1.2<thresh<-1.0 FP=2 FN=1	-1.2 -1.11730730071014	-1.11730730071014	-1.2	2	88
-0.989307006366561	-0.503446843087943	-1.0<thresh<-0.5 FP=1 FN=1	-1.2 -0.746376924727252	-0.746376924727252	-1.2	2	42
-0.503446843087943	0.809117077427004	-0.5<thresh<0.8 FP=1 FN=2	-1.2 0.152835117169531	0.152835117169531	-1.2	2	16
0.809117077427004	1.57578190167313	0.8<thresh<1.6 FP=0 FN=2	-1.2 1.19244948955007	1.19244948955007	-1.2	2	535
1.57578190167313	2.49493403729749	1.6<thresh<2.5 FP=0 FN=3	-1.2 2.03535796948531	2.03535796948531	-1.2	2	575
2.49493403729749	9.08500842897606	2.5<thresh<Inf FP=0 FN=4	-1.2 Inf	Inf	-1.2	2	628
-13.3670578848165	-4.04345598753607	-Inf<thresh<-4.0 FP=12 FN=0	-1 -Inf	-Inf	-1	2	465
-4.04345598753607	-3.15405687671473	-4.0<thresh<-3.2 FP=9 FN=0	-1 -3.5987564321254	-3.5987564321254	-1	2	333
-3.15405687671473	-3.03600804220391	-3.2<thresh<-3.0 FP=8 FN=0	-1 -3.09503245945932	-3.09503245945932	-1	2	296
-3.03600804220391	-2.58814741115137	-3.0<thresh<-2.6 FP=7 FN=0	-1 -2.81207772667764	-2.81207772667764	-1	2	245
-2.58814741115137	-2.46078307000063	-2.6<thresh<-2.5 FP=6 FN=0	-1 -2.524465240576	-2.524465240576	-1	2	210
-2.46078307000063	-2.13807406515583	-2.5<thresh<-2.1 FP=6 FN=1	-1 -2.29942856757823	-2.29942856757823	-1	2	167
-2.13807406515583	-1.44530759505372	-2.1<thresh<-1.4 FP=3 FN=1	-1 -1.79169083010477	-1.79169083010477	-1	2	116
-1.44530759505372	-0.989307006366561	-1.4<thresh<-1.0 FP=2 FN=1	-1 -1.21730730071014	-1.21730730071014	-1	2	94
-0.989307006366561	-0.703446843087942	-1.0<thresh<-0.7 FP=1 FN=1	-1 -0.846376924727251	-0.846376924727252	-1	2	48
-0.703446843087942	0.609117077427005	-0.7<thresh<0.6 FP=1 FN=2	-1 -0.0471648828304687	-0.0471648828304687	-1	2	22
0.609117077427005	1.57578190167313	0.6<thresh<1.6 FP=0 FN=2	-1 1.09244948955007	1.09244948955007	-1	2	530
1.57578190167313	2.29493403729749	1.6<thresh<2.3 FP=0 FN=3	-1 1.93535796948531	1.93535796948531	-1	2	572
2.29493403729749	9.08500842897606	2.3<thresh<Inf FP=0 FN=4	-1 Inf	Inf	-1	2	624
-13.3670578848165	-4.04345598753607	-Inf<thresh<-4.0 FP=12 FN=0	-0.8 -Inf	-Inf	-0.8	2	464
-4.04345598753607	-3.23600804220391	-4.0<thresh<-3.2 FP=9 FN=0	-0.8 -3.63973201486999	-3.63973201486999	-0.8	2	332
-3.23600804220391	-3.15405687671473	-3.2<thresh<-3.2 FP=8 FN=0	-0.8 -3.19503245945932	-3.19503245945932	-0.8	2	302
-3.15405687671473	-2.58814741115137	-3.2<thresh<-2.6 FP=7 FN=0	-0.8 -2.87110214393305	-2.87110214393305	-0.8	2	265
-2.58814741115137	-2.46078307000063	-2.6<thresh<-2.5 FP=6 FN=0	-0.8 -2.524465240576	-2.524465240576	-0.8	2	209
-2.46078307000063	-2.33807406515582	-2.5<thresh<-2.3 FP=6 FN=1	-0.8 -2.39942856757823	-2.39942856757823	-0.8	2	173
-2.33807406515582	-1.64530759505372	-2.3<thresh<-1.6 FP=3 FN=1	-0.8 -1.99169083010477	-1.99169083010477	-0.8	2	122
-1.64530759505372	-0.989307006366561	-1.6<thresh<-1.0 FP=2 FN=1	-0.8 -1.31730730071014	-1.31730730071014	-0.8	2	100
-0.989307006366561	-0.903446843087941	-1.0<thresh<-0.9 FP=1 FN=1	-0.8 -0.946376924727251	-0.946376924727251	-0.8	2	54
-0.903446843087941	0.409117077427005	-0.9<thresh<0.4 FP=1 FN=2	-0.8 -0.247164882830468	-0.247164882830468	-0.8	2	28
0.409117077427005	1.57578190167313	0.4<thresh<1.6 FP=0 FN=2	-0.8 0.99244948955007	0.99244948955007	-0.8	2	524
1.57578190167313	2.09493403729749	1.6<thresh<2.1 FP=0 FN=3	-0.8 1.83535796948531	1.83535796948531	-0.8	2	568
2.09493403729749	9.08500842897606	2.1<thresh<Inf FP=0 FN=4	-0.8 Inf	Inf	-0.8	2	620
-13.3670578848165	-4.04345598753607	-Inf<thresh<-4.0 FP=12 FN=0	-0.6 -Inf	-Inf	-0.6	2	463
-4.04345598753607	-3.43600804220391	-4.0<thresh<-3.4 FP=9 FN=0	-0.6 -3.73973201486999	-3.73973201486999	-0.6	2	359
-3.43600804220391	-3.15405687671473	-3.4<thresh<-3.2 FP=8 FN=0	-0.6 -3.29503245945932	-3.29503245945932	-0.6	2	308
-3.15405687671473	-2.58814741115137	-3.2<thresh<-2.6 FP=7 FN=0	-0.6 -2.87110214393305	-2.87110214393305	-0.6	2	264
-2.58814741115137	-2.53807406515583	-2.6<thresh<-2.5 FP=6 FN=0	-0.6 -2.5631107381536	-2.5631107381536	-0.6	2	208
-2.53807406515583	-2.46078307000063	-2.5<thresh<-2.5 FP=3 FN=0	-0.6 -2.49942856757823	-2.49942856757823	-0.6	2	179
-2.46078307000063	-1.84530759505372	-2.5<thresh<-1.8 FP=3 FN=1	-0.6 -2.15304533252717	-2.15304533252717	-0.6	2	157
-1.84530759505372	-1.10344684308794	-1.8<thresh<-1.1 FP=2 FN=1	-0.6 -1.47437721907083	-1.47437721907083	-0.6	2	107
-1.10344684308794	-0.989307006366561	-1.1<thresh<-1.0 FP=2 FN=2	-0.6 -1.04637692472725	-1.04637692472725	-0.6	2	85
-0.989307006366561	0.209117077427004	-1.0<thresh<0.2 FP=1 FN=2	-0.6 -0.390094964469778	-0.390094964469778	-0.6	2	61
0.209117077427004	1.57578190167313	0.2<thresh<1.6 FP=0 FN=2	-0.6 0.892449489550069	0.892449489550069	-0.6	2	518
1.57578190167313	1.89493403729749	1.6<thresh<1.9 FP=0 FN=3	-0.6 1.73535796948531	1.73535796948531	-0.6	2	563
1.89493403729749	9.08500842897606	1.9<thresh<Inf FP=0 FN=4	-0.6 Inf	Inf	-0.6	2	616
-13.3670578848165	-4.04345598753607	-Inf<thresh<-4.0 FP=12 FN=0	-0.399999999999999 -Inf	-Inf	-0.399999999999999	2	462
-4.04345598753607	-3.63600804220391	-4.0<thresh<-3.6 FP=9 FN=0	-0.399999999999999 -3.83973201486999	-3.83973201486999	-0.399999999999999	2	365
-3.63600804220391	-3.15405687671473	-3.6<thresh<-3.2 FP=8 FN=0	-0.399999999999999 -3.39503245945932	-3.39503245945932	-0.399999999999999	2	314
-3.15405687671473	-2.73807406515583	-3.2<thresh<-2.7 FP=7 FN=0	-0.399999999999999 -2.94606547093528	-2.94606547093528	-0.399999999999999	2	287
-2.73807406515583	-2.58814741115137	-2.7<thresh<-2.6 FP=4 FN=0	-0.399999999999999 -2.6631107381536	-2.6631107381536	-0.399999999999999	2	236
-2.58814741115137	-2.46078307000063	-2.6<thresh<-2.5 FP=3 FN=0	-0.399999999999999 -2.524465240576	-2.524465240576	-0.399999999999999	2	206
-2.46078307000063	-2.04530759505372	-2.5<thresh<-2.0 FP=3 FN=1	-0.399999999999999 -2.25304533252717	-2.25304533252717	-0.399999999999999	2	163
-2.04530759505372	-1.30344684308794	-2.0<thresh<-1.3 FP=2 FN=1	-0.399999999999999 -1.67437721907083	-1.67437721907083	-0.399999999999999	2	113
-1.30344684308794	-0.989307006366561	-1.3<thresh<-1.0 FP=2 FN=2	-0.399999999999999 -1.14637692472725	-1.14637692472725	-0.399999999999999	2	91
-0.989307006366561	0.0091170774270033	-1.0<thresh<0.0 FP=1 FN=2	-0.399999999999999 -0.490094964469779	-0.490094964469779	-0.399999999999999	2	59
0.0091170774270033	1.57578190167313	0.0<thresh<1.6 FP=0 FN=2	-0.399999999999999 0.792449489550068	0.792449489550068	-0.399999999999999	2	512
1.57578190167313	1.69493403729749	1.6<thresh<1.7 FP=0 FN=3	-0.399999999999999 1.63535796948531	1.63535796948531	-0.399999999999999	2	558
1.69493403729749	9.08500842897606	1.7<thresh<Inf FP=0 FN=4	-0.399999999999999 Inf	Inf	-0.399999999999999	2	611
-13.3670578848165	-4.04345598753607	-Inf<thresh<-4.0 FP=12 FN=0	-0.199999999999999 -Inf	-Inf	-0.199999999999999	2	461
-4.04345598753607	-3.83600804220391	-4.0<thresh<-3.8 FP=9 FN=0	-0.199999999999999 -3.93973201486999	-3.93973201486999	-0.199999999999999	2	371
-3.83600804220391	-3.15405687671473	-3.8<thresh<-3.2 FP=8 FN=0	-0.199999999999999 -3.49503245945932	-3.49503245945932	-0.199999999999999	2	320
-3.15405687671473	-2.93807406515583	-3.2<thresh<-2.9 FP=7 FN=0	-0.199999999999999 -3.04606547093528	-3.04606547093528	-0.199999999999999	2	293
-2.93807406515583	-2.58814741115137	-2.9<thresh<-2.6 FP=4 FN=0	-0.199999999999999 -2.7631107381536	-2.7631107381536	-0.199999999999999	2	242
-2.58814741115137	-2.46078307000063	-2.6<thresh<-2.5 FP=3 FN=0	-0.199999999999999 -2.524465240576	-2.524465240576	-0.199999999999999	2	205
-2.46078307000063	-2.24530759505372	-2.5<thresh<-2.2 FP=3 FN=1	-0.199999999999999 -2.35304533252717	-2.35304533252717	-0.199999999999999	2	169
-2.24530759505372	-1.50344684308794	-2.2<thresh<-1.5 FP=2 FN=1	-0.199999999999999 -1.87437721907083	-1.87437721907083	-0.199999999999999	2	119
-1.50344684308794	-0.989307006366561	-1.5<thresh<-1.0 FP=2 FN=2	-0.199999999999999 -1.24637692472725	-1.24637692472725	-0.199999999999999	2	97
-0.989307006366561	-0.190882922572996	-1.0<thresh<-0.2 FP=1 FN=2	-0.199999999999999 -0.590094964469778	-0.590094964469778	-0.199999999999999	2	33
-0.190882922572996	1.49493403729749	-0.2<thresh<1.5 FP=0 FN=2	-0.199999999999999 0.652025557362248	0.652025557362248	-0.199999999999999	2	8
1.49493403729749	1.57578190167313	1.5<thresh<1.6 FP=0 FN=3	-0.199999999999999 1.53535796948531	1.53535796948531	-0.199999999999999	2	553
1.57578190167313	9.08500842897606	1.6<thresh<Inf FP=0 FN=4	-0.199999999999999 Inf	Inf	-0.199999999999999	2	582
-13.3670578848165	-4.04345598753607	-Inf<thresh<-4.0 FP=12 FN=0	0 -Inf	-Inf	0	2	486
-4.04345598753607	-4.03600804220391	-4.0<thresh<-4.0 FP=9 FN=0	0 -4.03973201486999	-4.03973201486999	0	2	376
-4.03600804220391	-3.15405687671473	-4.0<thresh<-3.2 FP=8 FN=0	0 -3.59503245945932	-3.59503245945932	0	2	331
-3.15405687671473	-3.13807406515583	-3.2<thresh<-3.1 FP=7 FN=0	0 -3.14606547093528	-3.14606547093528	0	2	299
-3.13807406515583	-2.58814741115137	-3.1<thresh<-2.6 FP=4 FN=0	0 -2.8631107381536	-2.8631107381536	0	2	248
-2.58814741115137	-2.46078307000063	-2.6<thresh<-2.5 FP=3 FN=0	0 -2.524465240576	-2.524465240576	0	2	207
-2.46078307000063	-2.44530759505372	-2.5<thresh<-2.4 FP=3 FN=1	0 -2.45304533252717	-2.45304533252717	0	2	175
-2.44530759505372	-1.70344684308794	-2.4<thresh<-1.7 FP=2 FN=1	0 -2.07437721907083	-2.07437721907083	0	2	125
-1.70344684308794	-0.989307006366561	-1.7<thresh<-1.0 FP=2 FN=2	0 -1.34637692472725	-1.34637692472725	0	2	103
-0.989307006366561	-0.390882922572995	-1.0<thresh<-0.4 FP=1 FN=2	0 -0.690094964469778	-0.690094964469778	0	2	38
-0.390882922572995	1.29493403729749	-0.4<thresh<1.3 FP=0 FN=2	0 0.452025557362249	0.452025557362249	0	2	14
1.29493403729749	1.57578190167313	1.3<thresh<1.6 FP=0 FN=3	0 1.43535796948531	1.43535796948531	0	2	548
1.57578190167313	9.08500842897606	1.6<thresh<Inf FP=0 FN=4	0 Inf	Inf	0	2	583
-13.3670578848165	-4.23600804220391	-Inf<thresh<-4.2 FP=12 FN=0	0.2 -Inf	-Inf	0.2	2	487
-4.23600804220391	-4.04345598753607	-4.2<thresh<-4.0 FP=11 FN=0	0.2 -4.13973201486999	-4.13973201486999	0.2	2	379
-4.04345598753607	-3.33807406515582	-4.0<thresh<-3.3 FP=8 FN=0	0.2 -3.69076502634595	-3.69076502634595	0.2	2	356
-3.33807406515582	-3.15405687671473	-3.3<thresh<-3.2 FP=5 FN=0	0.2 -3.24606547093528	-3.24606547093528	0.2	2	305
-3.15405687671473	-2.64530759505372	-3.2<thresh<-2.6 FP=4 FN=0	0.2 -2.89968223588422	-2.89968223588422	0.2	2	263
-2.64530759505372	-2.58814741115137	-2.6<thresh<-2.6 FP=3 FN=0	0.2 -2.61672750310254	-2.61672750310254	0.2	2	232
-2.58814741115137	-2.46078307000063	-2.6<thresh<-2.5 FP=2 FN=0	0.2 -2.524465240576	-2.524465240576	0.2	2	195
-2.46078307000063	-1.90344684308794	-2.5<thresh<-1.9 FP=2 FN=1	0.2 -2.18211495654429	-2.18211495654429	0.2	2	160
-1.90344684308794	-0.989307006366561	-1.9<thresh<-1.0 FP=2 FN=2	0.2 -1.44637692472725	-1.44637692472725	0.2	2	109
-0.989307006366561	-0.590882922572995	-1.0<thresh<-0.6 FP=1 FN=2	0.2 -0.790094964469778	-0.790094964469778	0.2	2	44
-0.590882922572995	1.09493403729749	-0.6<thresh<1.1 FP=0 FN=2	0.2 0.252025557362249	0.252025557362249	0.2	2	20
1.09493403729749	1.57578190167313	1.1<thresh<1.6 FP=0 FN=3	0.2 1.33535796948531	1.33535796948531	0.2	2	543
1.57578190167313	9.08500842897606	1.6<thresh<Inf FP=0 FN=4	0.2 Inf	Inf	0.2	2	584
-13.3670578848165	-4.43600804220391	-Inf<thresh<-4.4 FP=12 FN=0	0.4 -Inf	-Inf	0.4	2	488
-4.43600804220391	-4.04345598753607	-4.4<thresh<-4.0 FP=11 FN=0	0.4 -4.23973201486999	-4.23973201486999	0.4	2	384
-4.04345598753607	-3.53807406515583	-4.0<thresh<-3.5 FP=8 FN=0	0.4 -3.79076502634595	-3.79076502634595	0.4	2	362
-3.53807406515583	-3.15405687671473	-3.5<thresh<-3.2 FP=5 FN=0	0.4 -3.34606547093528	-3.34606547093528	0.4	2	311
-3.15405687671473	-2.84530759505372	-3.2<thresh<-2.8 FP=4 FN=0	0.4 -2.99968223588422	-2.99968223588422	0.4	2	289
-2.84530759505372	-2.58814741115137	-2.8<thresh<-2.6 FP=3 FN=0	0.4 -2.71672750310254	-2.71672750310254	0.4	2	238
-2.58814741115137	-2.46078307000063	-2.6<thresh<-2.5 FP=2 FN=0	0.4 -2.524465240576	-2.524465240576	0.4	2	196
-2.46078307000063	-2.10344684308794	-2.5<thresh<-2.1 FP=2 FN=1	0.4 -2.28211495654429	-2.28211495654429	0.4	2	166
-2.10344684308794	-0.989307006366561	-2.1<thresh<-1.0 FP=2 FN=2	0.4 -1.54637692472725	-1.54637692472725	0.4	2	115
-0.989307006366561	-0.790882922572996	-1.0<thresh<-0.8 FP=1 FN=2	0.4 -0.890094964469778	-0.890094964469778	0.4	2	50
-0.790882922572996	0.894934037297492	-0.8<thresh<0.9 FP=0 FN=2	0.4 0.0520255573622483	0.0520255573622483	0.4	2	26
0.894934037297492	1.57578190167313	0.9<thresh<1.6 FP=0 FN=3	0.4 1.23535796948531	1.23535796948531	0.4	2	537
1.57578190167313	9.08500842897606	1.6<thresh<Inf FP=0 FN=4	0.4 Inf	Inf	0.4	2	585
-13.3670578848165	-4.63600804220391	-Inf<thresh<-4.6 FP=12 FN=0	0.6 -Inf	-Inf	0.600000000000001	2	489
-4.63600804220391	-4.04345598753607	-4.6<thresh<-4.0 FP=11 FN=0	0.6 -4.33973201486999	-4.33973201486999	0.600000000000001	2	389
-4.04345598753607	-3.73807406515583	-4.0<thresh<-3.7 FP=8 FN=0	0.6 -3.89076502634595	-3.89076502634595	0.600000000000001	2	368
-3.73807406515583	-3.15405687671473	-3.7<thresh<-3.2 FP=5 FN=0	0.6 -3.44606547093528	-3.44606547093528	0.600000000000001	2	317
-3.15405687671473	-3.04530759505372	-3.2<thresh<-3.0 FP=4 FN=0	0.6 -3.09968223588423	-3.09968223588423	0.600000000000001	2	295
-3.04530759505372	-2.58814741115137	-3.0<thresh<-2.6 FP=3 FN=0	0.6 -2.81672750310254	-2.81672750310254	0.600000000000001	2	244
-2.58814741115137	-2.46078307000063	-2.6<thresh<-2.5 FP=2 FN=0	0.6 -2.524465240576	-2.524465240576	0.600000000000001	2	197
-2.46078307000063	-2.30344684308794	-2.5<thresh<-2.3 FP=2 FN=1	0.6 -2.38211495654429	-2.38211495654429	0.600000000000001	2	172
-2.30344684308794	-0.990882922572997	-2.3<thresh<-1.0 FP=2 FN=2	0.6 -1.64716488283047	-1.64716488283047	0.600000000000001	2	121
-0.990882922572997	-0.989307006366561	-1.0<thresh<-1.0 FP=1 FN=2	0.6 -0.990094964469779	-0.990094964469779	0.600000000000001	2	56
-0.989307006366561	0.694934037297491	-1.0<thresh<0.7 FP=0 FN=2	0.6 -0.147186484534535	-0.147186484534535	0.600000000000001	2	67
0.694934037297491	1.57578190167313	0.7<thresh<1.6 FP=0 FN=3	0.6 1.13535796948531	1.13535796948531	0.600000000000001	2	532
1.57578190167313	9.08500842897606	1.6<thresh<Inf FP=0 FN=4	0.6 Inf	Inf	0.600000000000001	2	586
-13.3670578848165	-4.83600804220391	-Inf<thresh<-4.8 FP=12 FN=0	0.800000000000001 -Inf	-Inf	0.800000000000001	2	490
-4.83600804220391	-4.04345598753607	-4.8<thresh<-4.0 FP=11 FN=0	0.800000000000001 -4.43973201486999	-4.43973201486999	0.800000000000001	2	394
-4.04345598753607	-3.93807406515583	-4.0<thresh<-3.9 FP=8 FN=0	0.800000000000001 -3.99076502634595	-3.99076502634595	0.800000000000001	2	373
-3.93807406515583	-3.24530759505372	-3.9<thresh<-3.2 FP=5 FN=0	0.800000000000001 -3.59169083010477	-3.59169083010477	0.800000000000001	2	322
-3.24530759505372	-3.15405687671473	-3.2<thresh<-3.2 FP=4 FN=0	0.800000000000001 -3.19968223588422	-3.19968223588422	0.800000000000001	2	301
-3.15405687671473	-2.58814741115137	-3.2<thresh<-2.6 FP=3 FN=0	0.800000000000001 -2.87110214393305	-2.87110214393305	0.800000000000001	2	258
-2.58814741115137	-2.50344684308794	-2.6<thresh<-2.5 FP=2 FN=0	0.800000000000001 -2.54579712711966	-2.54579712711966	0.800000000000001	2	198
-2.50344684308794	-2.46078307000063	-2.5<thresh<-2.5 FP=2 FN=1	0.800000000000001 -2.48211495654429	-2.48211495654429	0.800000000000001	2	178
-2.46078307000063	-1.190882922573	-2.5<thresh<-1.2 FP=2 FN=2	0.800000000000001 -1.82583299628681	-1.82583299628681	0.800000000000001	2	146
-1.190882922573	-0.989307006366561	-1.2<thresh<-1.0 FP=1 FN=2	0.800000000000001 -1.09009496446978	-1.09009496446978	0.800000000000001	2	87
-0.989307006366561	0.494934037297492	-1.0<thresh<0.5 FP=0 FN=2	0.800000000000001 -0.247186484534534	-0.247186484534534	0.800000000000001	2	65
0.494934037297492	1.57578190167313	0.5<thresh<1.6 FP=0 FN=3	0.800000000000001 1.03535796948531	1.03535796948531	0.800000000000001	2	526
1.57578190167313	9.08500842897606	1.6<thresh<Inf FP=0 FN=4	0.800000000000001 Inf	Inf	0.800000000000001	2	587
-13.3670578848165	-5.03600804220391	-Inf<thresh<-5.0 FP=12 FN=0	1 -Inf	-Inf	1	2	491
-5.03600804220391	-4.13807406515583	-5.0<thresh<-4.1 FP=11 FN=0	1 -4.58704105367987	-4.58704105367987	1	2	400
-4.13807406515583	-4.04345598753607	-4.1<thresh<-4.0 FP=8 FN=0	1 -4.09076502634595	-4.09076502634595	1	2	378
-4.04345598753607	-3.44530759505372	-4.0<thresh<-3.4 FP=5 FN=0	1 -3.74438179129489	-3.74438179129489	1	2	358
-3.44530759505372	-3.15405687671473	-3.4<thresh<-3.2 FP=4 FN=0	1 -3.29968223588422	-3.29968223588422	1	2	307
-3.15405687671473	-2.70344684308794	-3.2<thresh<-2.7 FP=3 FN=0	1 -2.92875185990134	-2.92875185990134	1	2	286
-2.70344684308794	-2.58814741115137	-2.7<thresh<-2.6 FP=3 FN=1	1 -2.64579712711966	-2.64579712711966	1	2	235
-2.58814741115137	-2.46078307000063	-2.6<thresh<-2.5 FP=2 FN=1	1 -2.524465240576	-2.524465240576	1	2	199
-2.46078307000063	-1.390882922573	-2.5<thresh<-1.4 FP=2 FN=2	1 -1.92583299628681	-1.92583299628681	1	2	149
-1.390882922573	-0.989307006366561	-1.4<thresh<-1.0 FP=1 FN=2	1 -1.19009496446978	-1.19009496446978	1	2	93
-0.989307006366561	0.294934037297493	-1.0<thresh<0.3 FP=0 FN=2	1 -0.347186484534534	-0.347186484534534	1	2	63
0.294934037297493	1.57578190167313	0.3<thresh<1.6 FP=0 FN=3	1 0.935357969485313	0.935357969485313	1	2	520
1.57578190167313	9.08500842897606	1.6<thresh<Inf FP=0 FN=4	1 Inf	Inf	1	2	588
-13.3670578848165	-5.23600804220391	-Inf<thresh<-5.2 FP=12 FN=0	1.2 -Inf	-Inf	1.2	2	492
-5.23600804220391	-4.33807406515582	-5.2<thresh<-4.3 FP=11 FN=0	1.2 -4.78704105367987	-4.78704105367987	1.2	2	405
-4.33807406515582	-4.04345598753607	-4.3<thresh<-4.0 FP=8 FN=0	1.2 -4.19076502634595	-4.19076502634595	1.2	2	383
-4.04345598753607	-3.64530759505372	-4.0<thresh<-3.6 FP=5 FN=0	1.2 -3.84438179129489	-3.84438179129489	1.2	2	364
-3.64530759505372	-3.15405687671473	-3.6<thresh<-3.2 FP=4 FN=0	1.2 -3.39968223588422	-3.39968223588422	1.2	2	313
-3.15405687671473	-2.90344684308794	-3.2<thresh<-2.9 FP=3 FN=0	1.2 -3.02875185990134	-3.02875185990134	1.2	2	292
-2.90344684308794	-2.58814741115137	-2.9<thresh<-2.6 FP=3 FN=1	1.2 -2.74579712711966	-2.74579712711966	1.2	2	241
-2.58814741115137	-2.46078307000063	-2.6<thresh<-2.5 FP=2 FN=1	1.2 -2.524465240576	-2.524465240576	1.2	2	200
-2.46078307000063	-1.59088292257299	-2.5<thresh<-1.6 FP=2 FN=2	1.2 -2.02583299628681	-2.02583299628681	1.2	2	152
-1.59088292257299	-0.989307006366561	-1.6<thresh<-1.0 FP=1 FN=2	1.2 -1.29009496446978	-1.29009496446978	1.2	2	99
-0.989307006366561	0.0949340372974934	-1.0<thresh<0.1 FP=0 FN=2	1.2 -0.447186484534534	-0.447186484534534	1.2	2	60
0.0949340372974934	1.57578190167313	0.1<thresh<1.6 FP=0 FN=3	1.2 0.835357969485313	0.835357969485314	1.2	2	515
1.57578190167313	9.08500842897606	1.6<thresh<Inf FP=0 FN=4	1.2 Inf	Inf	1.2	2	589
-13.3670578848165	-5.43600804220391	-Inf<thresh<-5.4 FP=12 FN=0	1.4 -Inf	-Inf	1.4	2	493
-5.43600804220391	-4.53807406515583	-5.4<thresh<-4.5 FP=11 FN=0	1.4 -4.98704105367987	-4.98704105367987	1.4	2	410
-4.53807406515583	-4.04345598753607	-4.5<thresh<-4.0 FP=8 FN=0	1.4 -4.29076502634595	-4.29076502634595	1.4	2	388
-4.04345598753607	-3.84530759505372	-4.0<thresh<-3.8 FP=5 FN=0	1.4 -3.94438179129489	-3.94438179129489	1.4	2	370
-3.84530759505372	-3.15405687671473	-3.8<thresh<-3.2 FP=4 FN=0	1.4 -3.49968223588422	-3.49968223588422	1.4	2	319
-3.15405687671473	-3.10344684308794	-3.2<thresh<-3.1 FP=3 FN=0	1.4 -3.12875185990134	-3.12875185990134	1.4	2	298
-3.10344684308794	-2.58814741115137	-3.1<thresh<-2.6 FP=3 FN=1	1.4 -2.84579712711966	-2.84579712711966	1.4	2	247
-2.58814741115137	-2.46078307000063	-2.6<thresh<-2.5 FP=2 FN=1	1.4 -2.524465240576	-2.524465240576	1.4	2	201
-2.46078307000063	-1.790882922573	-2.5<thresh<-1.8 FP=2 FN=2	1.4 -2.12583299628681	-2.12583299628681	1.4	2	156
-1.790882922573	-0.989307006366561	-1.8<thresh<-1.0 FP=1 FN=2	1.4 -1.39009496446978	-1.39009496446978	1.4	2	105
-0.989307006366561	-0.105065962702508	-1.0<thresh<-0.1 FP=0 FN=2	1.4 -0.547186484534534	-0.547186484534534	1.4	2	31
-0.105065962702508	1.57578190167313	-0.1<thresh<1.6 FP=0 FN=3	1.4 0.735357969485313	0.735357969485313	1.4	2	5
1.57578190167313	9.08500842897606	1.6<thresh<Inf FP=0 FN=4	1.4 Inf	Inf	1.4	2	590
-13.3670578848165	-5.63600804220391	-Inf<thresh<-5.6 FP=12 FN=0	1.6 -Inf	-Inf	1.6	2	494
-5.63600804220391	-4.73807406515583	-5.6<thresh<-4.7 FP=11 FN=0	1.6 -5.18704105367987	-5.18704105367987	1.6	2	414
-4.73807406515583	-4.04530759505372	-4.7<thresh<-4.0 FP=8 FN=0	1.6 -4.39169083010477	-4.39169083010477	1.6	2	393
-4.04530759505372	-4.04345598753607	-4.0<thresh<-4.0 FP=7 FN=0	1.6 -4.04438179129489	-4.04438179129489	1.6	2	375
-4.04345598753607	-3.30344684308794	-4.0<thresh<-3.3 FP=4 FN=0	1.6 -3.67345141531201	-3.67345141531201	1.6	2	355
-3.30344684308794	-3.15405687671473	-3.3<thresh<-3.2 FP=4 FN=1	1.6 -3.22875185990134	-3.22875185990134	1.6	2	304
-3.15405687671473	-2.58814741115137	-3.2<thresh<-2.6 FP=3 FN=1	1.6 -2.87110214393305	-2.87110214393305	1.6	2	259
-2.58814741115137	-2.46078307000063	-2.6<thresh<-2.5 FP=2 FN=1	1.6 -2.524465240576	-2.524465240576	1.6	2	202
-2.46078307000063	-1.990882922573	-2.5<thresh<-2.0 FP=2 FN=2	1.6 -2.22583299628681	-2.22583299628681	1.6	2	162
-1.990882922573	-0.989307006366561	-2.0<thresh<-1.0 FP=1 FN=2	1.6 -1.49009496446978	-1.49009496446978	1.6	2	111
-0.989307006366561	-0.305065962702509	-1.0<thresh<-0.3 FP=0 FN=2	1.6 -0.647186484534535	-0.647186484534535	1.6	2	35
-0.305065962702509	1.57578190167313	-0.3<thresh<1.6 FP=0 FN=3	1.6 0.635357969485312	0.635357969485312	1.6	2	11
1.57578190167313	9.08500842897606	1.6<thresh<Inf FP=0 FN=4	1.6 Inf	Inf	1.6	2	591
-13.3670578848165	-5.83600804220391	-Inf<thresh<-5.8 FP=12 FN=0	1.8 -Inf	-Inf	1.8	2	495
-5.83600804220391	-4.93807406515583	-5.8<thresh<-4.9 FP=11 FN=0	1.8 -5.38704105367987	-5.38704105367987	1.8	2	418
-4.93807406515583	-4.24530759505372	-4.9<thresh<-4.2 FP=8 FN=0	1.8 -4.59169083010477	-4.59169083010477	1.8	2	398
-4.24530759505372	-4.04345598753607	-4.2<thresh<-4.0 FP=7 FN=0	1.8 -4.14438179129489	-4.14438179129489	1.8	2	381
-4.04345598753607	-3.50344684308794	-4.0<thresh<-3.5 FP=4 FN=0	1.8 -3.77345141531201	-3.77345141531201	1.8	2	361
-3.50344684308794	-3.15405687671473	-3.5<thresh<-3.2 FP=4 FN=1	1.8 -3.32875185990134	-3.32875185990134	1.8	2	310
-3.15405687671473	-2.58814741115137	-3.2<thresh<-2.6 FP=3 FN=1	1.8 -2.87110214393305	-2.87110214393305	1.8	2	260
-2.58814741115137	-2.46078307000063	-2.6<thresh<-2.5 FP=2 FN=1	1.8 -2.524465240576	-2.524465240576	1.8	2	203
-2.46078307000063	-2.190882922573	-2.5<thresh<-2.2 FP=2 FN=2	1.8 -2.32583299628681	-2.32583299628681	1.8	2	168
-2.190882922573	-0.989307006366561	-2.2<thresh<-1.0 FP=1 FN=2	1.8 -1.59009496446978	-1.59009496446978	1.8	2	117
-0.989307006366561	-0.505065962702508	-1.0<thresh<-0.5 FP=0 FN=2	1.8 -0.747186484534534	-0.747186484534534	1.8	2	41
-0.505065962702508	1.57578190167313	-0.5<thresh<1.6 FP=0 FN=3	1.8 0.535357969485313	0.535357969485313	1.8	2	17
1.57578190167313	9.08500842897606	1.6<thresh<Inf FP=0 FN=4	1.8 Inf	Inf	1.8	2	592
-13.3670578848165	-6.03600804220391	-Inf<thresh<-6.0 FP=12 FN=0	2 -Inf	-Inf	2	2	496
-6.03600804220391	-5.13807406515583	-6.0<thresh<-5.1 FP=11 FN=0	2 -5.58704105367987	-5.58704105367987	2	2	422
-5.13807406515583	-4.44530759505372	-5.1<thresh<-4.4 FP=8 FN=0	2 -4.79169083010477	-4.79169083010477	2	2	403
-4.44530759505372	-4.04345598753607	-4.4<thresh<-4.0 FP=7 FN=0	2 -4.24438179129489	-4.24438179129489	2	2	386
-4.04345598753607	-3.70344684308794	-4.0<thresh<-3.7 FP=4 FN=0	2 -3.87345141531201	-3.87345141531201	2	2	367
-3.70344684308794	-3.15405687671473	-3.7<thresh<-3.2 FP=4 FN=1	2 -3.42875185990134	-3.42875185990134	2	2	316
-3.15405687671473	-2.58814741115137	-3.2<thresh<-2.6 FP=3 FN=1	2 -2.87110214393305	-2.87110214393305	2	2	261
-2.58814741115137	-2.46078307000063	-2.6<thresh<-2.5 FP=2 FN=1	2 -2.524465240576	-2.524465240576	2	2	204
-2.46078307000063	-2.390882922573	-2.5<thresh<-2.4 FP=2 FN=2	2 -2.42583299628681	-2.42583299628681	2	2	174
-2.390882922573	-0.989307006366561	-2.4<thresh<-1.0 FP=1 FN=2	2 -1.69009496446978	-1.69009496446978	2	2	123
-0.989307006366561	-0.705065962702507	-1.0<thresh<-0.7 FP=0 FN=2	2 -0.847186484534534	-0.847186484534534	2	2	47
-0.705065962702507	1.57578190167313	-0.7<thresh<1.6 FP=0 FN=3	2 0.435357969485313	0.435357969485313	2	2	23
1.57578190167313	9.08500842897606	1.6<thresh<Inf FP=0 FN=4	2 Inf	Inf	2	2	593
-13.3670578848165	-6.23600804220391	-Inf<thresh<-6.2 FP=12 FN=0	2.2 -Inf	-Inf	2.2	2	497
-6.23600804220391	-5.33807406515582	-6.2<thresh<-5.3 FP=11 FN=0	2.2 -5.78704105367987	-5.78704105367987	2.2	2	426
-5.33807406515582	-4.64530759505372	-5.3<thresh<-4.6 FP=8 FN=0	2.2 -4.99169083010477	-4.99169083010477	2.2	2	408
-4.64530759505372	-4.04345598753607	-4.6<thresh<-4.0 FP=7 FN=0	2.2 -4.34438179129489	-4.34438179129489	2.2	2	391
-4.04345598753607	-3.90344684308794	-4.0<thresh<-3.9 FP=4 FN=0	2.2 -3.97345141531201	-3.97345141531201	2.2	2	372
-3.90344684308794	-3.15405687671473	-3.9<thresh<-3.2 FP=4 FN=1	2.2 -3.52875185990134	-3.52875185990134	2.2	2	321
-3.15405687671473	-2.59088292257299	-3.2<thresh<-2.6 FP=3 FN=1	2.2 -2.87246989964386	-2.87246989964386	2.2	2	262
-2.59088292257299	-2.58814741115137	-2.6<thresh<-2.6 FP=2 FN=1	2.2 -2.58951516686218	-2.58951516686218	2.2	2	231
-2.58814741115137	-2.46078307000063	-2.6<thresh<-2.5 FP=1 FN=1	2.2 -2.524465240576	-2.524465240576	2.2	2	180
-2.46078307000063	-0.989307006366561	-2.5<thresh<-1.0 FP=1 FN=2	2.2 -1.7250450381836	-1.7250450381836	2.2	2	126
-0.989307006366561	-0.905065962702507	-1.0<thresh<-0.9 FP=0 FN=2	2.2 -0.947186484534534	-0.947186484534534	2.2	2	53
-0.905065962702507	1.57578190167313	-0.9<thresh<1.6 FP=0 FN=3	2.2 0.335357969485313	0.335357969485314	2.2	2	29
1.57578190167313	9.08500842897606	1.6<thresh<Inf FP=0 FN=4	2.2 Inf	Inf	2.2	2	594
-13.3670578848165	-6.43600804220391	-Inf<thresh<-6.4 FP=12 FN=0	2.4 -Inf	-Inf	2.4	2	498
-6.43600804220391	-5.53807406515583	-6.4<thresh<-5.5 FP=11 FN=0	2.4 -5.98704105367987	-5.98704105367987	2.4	2	430
-5.53807406515583	-4.84530759505372	-5.5<thresh<-4.8 FP=8 FN=0	2.4 -5.19169083010477	-5.19169083010477	2.4	2	413
-4.84530759505372	-4.10344684308794	-4.8<thresh<-4.1 FP=7 FN=0	2.4 -4.47437721907083	-4.47437721907083	2.4	2	396
-4.10344684308794	-4.04345598753607	-4.1<thresh<-4.0 FP=7 FN=1	2.4 -4.07345141531201	-4.07345141531201	2.4	2	377
-4.04345598753607	-3.15405687671473	-4.0<thresh<-3.2 FP=4 FN=1	2.4 -3.5987564321254	-3.5987564321254	2.4	2	328
-3.15405687671473	-2.790882922573	-3.2<thresh<-2.8 FP=3 FN=1	2.4 -2.97246989964386	-2.97246989964386	2.4	2	288
-2.790882922573	-2.58814741115137	-2.8<thresh<-2.6 FP=2 FN=1	2.4 -2.68951516686218	-2.68951516686218	2.4	2	237
-2.58814741115137	-2.46078307000063	-2.6<thresh<-2.5 FP=1 FN=1	2.4 -2.524465240576	-2.524465240576	2.4	2	181
-2.46078307000063	-1.10506596270251	-2.5<thresh<-1.1 FP=1 FN=2	2.4 -1.78292451635157	-1.78292451635157	2.4	2	145
-1.10506596270251	-0.989307006366561	-1.1<thresh<-1.0 FP=1 FN=3	2.4 -1.04718648453453	-1.04718648453453	2.4	2	84
-0.989307006366561	1.57578190167313	-1.0<thresh<1.6 FP=0 FN=3	2.4 0.293237447653286	0.293237447653286	2.4	2	70
1.57578190167313	9.08500842897606	1.6<thresh<Inf FP=0 FN=4	2.4 Inf	Inf	2.4	2	595
-13.3670578848165	-6.63600804220391	-Inf<thresh<-6.6 FP=12 FN=0	2.6 -Inf	-Inf	2.6	2	499
-6.63600804220391	-5.73807406515583	-6.6<thresh<-5.7 FP=11 FN=0	2.6 -6.18704105367987	-6.18704105367987	2.6	2	434
-5.73807406515583	-5.04530759505372	-5.7<thresh<-5.0 FP=8 FN=0	2.6 -5.39169083010477	-5.39169083010477	2.6	2	417
-5.04530759505372	-4.30344684308794	-5.0<thresh<-4.3 FP=7 FN=0	2.6 -4.67437721907083	-4.67437721907083	2.6	2	401
-4.30344684308794	-4.04345598753607	-4.3<thresh<-4.0 FP=7 FN=1	2.6 -4.17345141531201	-4.17345141531201	2.6	2	382
-4.04345598753607	-3.15405687671473	-4.0<thresh<-3.2 FP=4 FN=1	2.6 -3.5987564321254	-3.5987564321254	2.6	2	329
-3.15405687671473	-2.990882922573	-3.2<thresh<-3.0 FP=3 FN=1	2.6 -3.07246989964386	-3.07246989964386	2.6	2	294
-2.990882922573	-2.58814741115137	-3.0<thresh<-2.6 FP=2 FN=1	2.6 -2.78951516686218	-2.78951516686218	2.6	2	243
-2.58814741115137	-2.46078307000063	-2.6<thresh<-2.5 FP=1 FN=1	2.6 -2.524465240576	-2.524465240576	2.6	2	182
-2.46078307000063	-1.30506596270251	-2.5<thresh<-1.3 FP=1 FN=2	2.6 -1.88292451635157	-1.88292451635157	2.6	2	148
-1.30506596270251	-0.989307006366561	-1.3<thresh<-1.0 FP=1 FN=3	2.6 -1.14718648453453	-1.14718648453453	2.6	2	90
-0.989307006366561	1.57578190167313	-1.0<thresh<1.6 FP=0 FN=3	2.6 0.293237447653286	0.293237447653286	2.6	2	71
1.57578190167313	9.08500842897606	1.6<thresh<Inf FP=0 FN=4	2.6 Inf	Inf	2.6	2	596
-13.3670578848165	-6.83600804220391	-Inf<thresh<-6.8 FP=12 FN=0	2.8 -Inf	-Inf	2.8	2	500
-6.83600804220391	-5.93807406515583	-6.8<thresh<-5.9 FP=11 FN=0	2.8 -6.38704105367987	-6.38704105367987	2.8	2	438
-5.93807406515583	-5.24530759505372	-5.9<thresh<-5.2 FP=8 FN=0	2.8 -5.59169083010477	-5.59169083010477	2.8	2	421
-5.24530759505372	-4.50344684308794	-5.2<thresh<-4.5 FP=7 FN=0	2.8 -4.87437721907083	-4.87437721907083	2.8	2	406
-4.50344684308794	-4.04345598753607	-4.5<thresh<-4.0 FP=7 FN=1	2.8 -4.27345141531201	-4.27345141531201	2.8	2	387
-4.04345598753607	-3.190882922573	-4.0<thresh<-3.2 FP=4 FN=1	2.8 -3.61716945505453	-3.61716945505453	2.8	2	330
-3.190882922573	-3.15405687671473	-3.2<thresh<-3.2 FP=3 FN=1	2.8 -3.17246989964386	-3.17246989964386	2.8	2	300
-3.15405687671473	-2.58814741115137	-3.2<thresh<-2.6 FP=2 FN=1	2.8 -2.87110214393305	-2.87110214393305	2.8	2	249
-2.58814741115137	-2.46078307000063	-2.6<thresh<-2.5 FP=1 FN=1	2.8 -2.524465240576	-2.524465240576	2.8	2	183
-2.46078307000063	-1.50506596270251	-2.5<thresh<-1.5 FP=1 FN=2	2.8 -1.98292451635157	-1.98292451635157	2.8	2	151
-1.50506596270251	-0.989307006366561	-1.5<thresh<-1.0 FP=1 FN=3	2.8 -1.24718648453453	-1.24718648453453	2.8	2	96
-0.989307006366561	1.57578190167313	-1.0<thresh<1.6 FP=0 FN=3	2.8 0.293237447653286	0.293237447653286	2.8	2	72
1.57578190167313	9.08500842897606	1.6<thresh<Inf FP=0 FN=4	2.8 Inf	Inf	2.8	2	597
-13.3670578848165	-7.03600804220391	-Inf<thresh<-7.0 FP=12 FN=0	3 -Inf	-Inf	3	2	501
-7.03600804220391	-6.13807406515583	-7.0<thresh<-6.1 FP=11 FN=0	3 -6.58704105367987	-6.58704105367987	3	2	441
-6.13807406515583	-5.44530759505372	-6.1<thresh<-5.4 FP=8 FN=0	3 -5.79169083010477	-5.79169083010477	3	2	425
-5.44530759505372	-4.70344684308794	-5.4<thresh<-4.7 FP=7 FN=0	3 -5.07437721907083	-5.07437721907083	3	2	411
-4.70344684308794	-4.04345598753607	-4.7<thresh<-4.0 FP=7 FN=1	3 -4.37345141531201	-4.37345141531201	3	2	392
-4.04345598753607	-3.390882922573	-4.0<thresh<-3.4 FP=4 FN=1	3 -3.71716945505453	-3.71716945505453	3	2	357
-3.390882922573	-3.15405687671473	-3.4<thresh<-3.2 FP=3 FN=1	3 -3.27246989964386	-3.27246989964386	3	2	306
-3.15405687671473	-2.58814741115137	-3.2<thresh<-2.6 FP=2 FN=1	3 -2.87110214393305	-2.87110214393305	3	2	250
-2.58814741115137	-2.46078307000063	-2.6<thresh<-2.5 FP=1 FN=1	3 -2.524465240576	-2.524465240576	3	2	184
-2.46078307000063	-1.70506596270251	-2.5<thresh<-1.7 FP=1 FN=2	3 -2.08292451635157	-2.08292451635157	3	2	154
-1.70506596270251	-0.989307006366561	-1.7<thresh<-1.0 FP=1 FN=3	3 -1.34718648453453	-1.34718648453453	3	2	102
-0.989307006366561	1.57578190167313	-1.0<thresh<1.6 FP=0 FN=3	3 0.293237447653286	0.293237447653286	3	2	73
1.57578190167313	9.08500842897606	1.6<thresh<Inf FP=0 FN=4	3 Inf	Inf	3	2	598
-13.3670578848165	-7.23600804220391	-Inf<thresh<-7.2 FP=12 FN=0	3.2 -Inf	-Inf	3.2	2	502
-7.23600804220391	-6.33807406515583	-7.2<thresh<-6.3 FP=11 FN=0	3.2 -6.78704105367987	-6.78704105367987	3.2	2	444
-6.33807406515583	-5.64530759505372	-6.3<thresh<-5.6 FP=8 FN=0	3.2 -5.99169083010477	-5.99169083010477	3.2	2	429
-5.64530759505372	-4.90344684308794	-5.6<thresh<-4.9 FP=7 FN=0	3.2 -5.27437721907083	-5.27437721907083	3.2	2	415
-4.90344684308794	-4.04345598753607	-4.9<thresh<-4.0 FP=7 FN=1	3.2 -4.47345141531201	-4.47345141531201	3.2	2	397
-4.04345598753607	-3.590882922573	-4.0<thresh<-3.6 FP=4 FN=1	3.2 -3.81716945505453	-3.81716945505453	3.2	2	363
-3.590882922573	-3.15405687671473	-3.6<thresh<-3.2 FP=3 FN=1	3.2 -3.37246989964386	-3.37246989964386	3.2	2	312
-3.15405687671473	-2.58814741115137	-3.2<thresh<-2.6 FP=2 FN=1	3.2 -2.87110214393305	-2.87110214393305	3.2	2	251
-2.58814741115137	-2.46078307000063	-2.6<thresh<-2.5 FP=1 FN=1	3.2 -2.524465240576	-2.524465240576	3.2	2	185
-2.46078307000063	-1.90506596270251	-2.5<thresh<-1.9 FP=1 FN=2	3.2 -2.18292451635157	-2.18292451635157	3.2	2	159
-1.90506596270251	-0.989307006366561	-1.9<thresh<-1.0 FP=1 FN=3	3.2 -1.44718648453453	-1.44718648453453	3.2	2	108
-0.989307006366561	1.57578190167313	-1.0<thresh<1.6 FP=0 FN=3	3.2 0.293237447653286	0.293237447653286	3.2	2	74
1.57578190167313	9.08500842897606	1.6<thresh<Inf FP=0 FN=4	3.2 Inf	Inf	3.2	2	599
-13.3670578848165	-7.43600804220391	-Inf<thresh<-7.4 FP=12 FN=0	3.4 -Inf	-Inf	3.4	2	503
-7.43600804220391	-6.53807406515583	-7.4<thresh<-6.5 FP=11 FN=0	3.4 -6.98704105367987	-6.98704105367987	3.4	2	447
-6.53807406515583	-5.84530759505372	-6.5<thresh<-5.8 FP=8 FN=0	3.4 -6.19169083010477	-6.19169083010477	3.4	2	433
-5.84530759505372	-5.10344684308794	-5.8<thresh<-5.1 FP=7 FN=0	3.4 -5.47437721907083	-5.47437721907083	3.4	2	419
-5.10344684308794	-4.04345598753607	-5.1<thresh<-4.0 FP=7 FN=1	3.4 -4.57345141531201	-4.57345141531201	3.4	2	402
-4.04345598753607	-3.790882922573	-4.0<thresh<-3.8 FP=4 FN=1	3.4 -3.91716945505453	-3.91716945505453	3.4	2	369
-3.790882922573	-3.15405687671473	-3.8<thresh<-3.2 FP=3 FN=1	3.4 -3.47246989964386	-3.47246989964386	3.4	2	318
-3.15405687671473	-2.58814741115137	-3.2<thresh<-2.6 FP=2 FN=1	3.4 -2.87110214393305	-2.87110214393305	3.4	2	252
-2.58814741115137	-2.46078307000063	-2.6<thresh<-2.5 FP=1 FN=1	3.4 -2.524465240576	-2.524465240576	3.4	2	186
-2.46078307000063	-2.10506596270251	-2.5<thresh<-2.1 FP=1 FN=2	3.4 -2.28292451635157	-2.28292451635157	3.4	2	165
-2.10506596270251	-0.989307006366561	-2.1<thresh<-1.0 FP=1 FN=3	3.4 -1.54718648453453	-1.54718648453453	3.4	2	114
-0.989307006366561	1.57578190167313	-1.0<thresh<1.6 FP=0 FN=3	3.4 0.293237447653286	0.293237447653286	3.4	2	75
1.57578190167313	9.08500842897606	1.6<thresh<Inf FP=0 FN=4	3.4 Inf	Inf	3.4	2	600
-13.3670578848165	-7.63600804220391	-Inf<thresh<-7.6 FP=12 FN=0	3.6 -Inf	-Inf	3.6	2	504
-7.63600804220391	-6.73807406515583	-7.6<thresh<-6.7 FP=11 FN=0	3.6 -7.18704105367987	-7.18704105367987	3.6	2	450
-6.73807406515583	-6.04530759505372	-6.7<thresh<-6.0 FP=8 FN=0	3.6 -6.39169083010477	-6.39169083010477	3.6	2	437
-6.04530759505372	-5.30344684308794	-6.0<thresh<-5.3 FP=7 FN=0	3.6 -5.67437721907083	-5.67437721907083	3.6	2	423
-5.30344684308794	-4.04345598753607	-5.3<thresh<-4.0 FP=7 FN=1	3.6 -4.67345141531201	-4.67345141531201	3.6	2	407
-4.04345598753607	-3.990882922573	-4.0<thresh<-4.0 FP=4 FN=1	3.6 -4.01716945505453	-4.01716945505453	3.6	2	374
-3.990882922573	-3.15405687671473	-4.0<thresh<-3.2 FP=3 FN=1	3.6 -3.57246989964386	-3.57246989964386	3.6	2	323
-3.15405687671473	-2.58814741115137	-3.2<thresh<-2.6 FP=2 FN=1	3.6 -2.87110214393305	-2.87110214393305	3.6	2	253
-2.58814741115137	-2.46078307000063	-2.6<thresh<-2.5 FP=1 FN=1	3.6 -2.524465240576	-2.524465240576	3.6	2	187
-2.46078307000063	-2.30506596270251	-2.5<thresh<-2.3 FP=1 FN=2	3.6 -2.38292451635157	-2.38292451635157	3.6	2	171
-2.30506596270251	-0.989307006366561	-2.3<thresh<-1.0 FP=1 FN=3	3.6 -1.64718648453453	-1.64718648453453	3.6	2	120
-0.989307006366561	1.57578190167313	-1.0<thresh<1.6 FP=0 FN=3	3.6 0.293237447653286	0.293237447653286	3.6	2	76
1.57578190167313	9.08500842897606	1.6<thresh<Inf FP=0 FN=4	3.6 Inf	Inf	3.6	2	601
-13.3670578848165	-7.83600804220391	-Inf<thresh<-7.8 FP=12 FN=0	3.8 -Inf	-Inf	3.8	2	505
-7.83600804220391	-6.93807406515583	-7.8<thresh<-6.9 FP=11 FN=0	3.8 -7.38704105367987	-7.38704105367987	3.8	2	452
-6.93807406515583	-6.24530759505372	-6.9<thresh<-6.2 FP=8 FN=0	3.8 -6.59169083010477	-6.59169083010477	3.8	2	440
-6.24530759505372	-5.50344684308794	-6.2<thresh<-5.5 FP=7 FN=0	3.8 -5.87437721907083	-5.87437721907083	3.8	2	427
-5.50344684308794	-4.190882922573	-5.5<thresh<-4.2 FP=7 FN=1	3.8 -4.84716488283047	-4.84716488283047	3.8	2	412
-4.190882922573	-4.04345598753607	-4.2<thresh<-4.0 FP=6 FN=1	3.8 -4.11716945505453	-4.11716945505453	3.8	2	380
-4.04345598753607	-3.15405687671473	-4.0<thresh<-3.2 FP=3 FN=1	3.8 -3.5987564321254	-3.5987564321254	3.8	2	324
-3.15405687671473	-2.58814741115137	-3.2<thresh<-2.6 FP=2 FN=1	3.8 -2.87110214393305	-2.87110214393305	3.8	2	254
-2.58814741115137	-2.50506596270251	-2.6<thresh<-2.5 FP=1 FN=1	3.8 -2.54660668692694	-2.54660668692694	3.8	2	188
-2.50506596270251	-2.46078307000063	-2.5<thresh<-2.5 FP=1 FN=2	3.8 -2.48292451635157	-2.48292451635157	3.8	2	177
-2.46078307000063	-0.989307006366561	-2.5<thresh<-1.0 FP=1 FN=3	3.8 -1.7250450381836	-1.7250450381836	3.8	2	127
-0.989307006366561	1.57578190167313	-1.0<thresh<1.6 FP=0 FN=3	3.8 0.293237447653286	0.293237447653286	3.8	2	77
1.57578190167313	9.08500842897606	1.6<thresh<Inf FP=0 FN=4	3.8 Inf	Inf	3.8	2	602
-13.3670578848165	-8.03600804220391	-Inf<thresh<-8.0 FP=12 FN=0	4 -Inf	-Inf	4	2	506
-8.03600804220391	-7.13807406515583	-8.0<thresh<-7.1 FP=11 FN=0	4 -7.58704105367987	-7.58704105367987	4	2	454
-7.13807406515583	-6.44530759505372	-7.1<thresh<-6.4 FP=8 FN=0	4 -6.79169083010477	-6.79169083010477	4	2	443
-6.44530759505372	-5.70344684308794	-6.4<thresh<-5.7 FP=7 FN=0	4 -6.07437721907083	-6.07437721907083	4	2	431
-5.70344684308794	-4.390882922573	-5.7<thresh<-4.4 FP=7 FN=1	4 -5.04716488283047	-5.04716488283047	4	2	416
-4.390882922573	-4.04345598753607	-4.4<thresh<-4.0 FP=6 FN=1	4 -4.21716945505453	-4.21716945505453	4	2	385
-4.04345598753607	-3.15405687671473	-4.0<thresh<-3.2 FP=3 FN=1	4 -3.5987564321254	-3.5987564321254	4	2	325
-3.15405687671473	-2.70506596270251	-3.2<thresh<-2.7 FP=2 FN=1	4 -2.92956141970862	-2.92956141970862	4	2	285
-2.70506596270251	-2.58814741115137	-2.7<thresh<-2.6 FP=2 FN=2	4 -2.64660668692694	-2.64660668692694	4	2	234
-2.58814741115137	-2.46078307000063	-2.6<thresh<-2.5 FP=1 FN=2	4 -2.524465240576	-2.524465240576	4	2	189
-2.46078307000063	-0.989307006366561	-2.5<thresh<-1.0 FP=1 FN=3	4 -1.7250450381836	-1.7250450381836	4	2	128
-0.989307006366561	1.57578190167313	-1.0<thresh<1.6 FP=0 FN=3	4 0.293237447653286	0.293237447653286	4	2	78
1.57578190167313	9.08500842897606	1.6<thresh<Inf FP=0 FN=4	4 Inf	Inf	4	2	603
-13.3670578848165	-8.23600804220391	-Inf<thresh<-8.2 FP=12 FN=0	4.2 -Inf	-Inf	4.2	2	507
-8.23600804220391	-7.33807406515583	-8.2<thresh<-7.3 FP=11 FN=0	4.2 -7.78704105367987	-7.78704105367987	4.2	2	456
-7.33807406515583	-6.64530759505372	-7.3<thresh<-6.6 FP=8 FN=0	4.2 -6.99169083010477	-6.99169083010477	4.2	2	446
-6.64530759505372	-5.90344684308794	-6.6<thresh<-5.9 FP=7 FN=0	4.2 -6.27437721907083	-6.27437721907083	4.2	2	435
-5.90344684308794	-4.590882922573	-5.9<thresh<-4.6 FP=7 FN=1	4.2 -5.24716488283047	-5.24716488283047	4.2	2	420
-4.590882922573	-4.04345598753607	-4.6<thresh<-4.0 FP=6 FN=1	4.2 -4.31716945505453	-4.31716945505453	4.2	2	390
-4.04345598753607	-3.15405687671473	-4.0<thresh<-3.2 FP=3 FN=1	4.2 -3.5987564321254	-3.5987564321254	4.2	2	326
-3.15405687671473	-2.90506596270251	-3.2<thresh<-2.9 FP=2 FN=1	4.2 -3.02956141970862	-3.02956141970862	4.2	2	291
-2.90506596270251	-2.58814741115137	-2.9<thresh<-2.6 FP=2 FN=2	4.2 -2.74660668692694	-2.74660668692694	4.2	2	240
-2.58814741115137	-2.46078307000063	-2.6<thresh<-2.5 FP=1 FN=2	4.2 -2.524465240576	-2.524465240576	4.2	2	190
-2.46078307000063	-0.989307006366561	-2.5<thresh<-1.0 FP=1 FN=3	4.2 -1.7250450381836	-1.7250450381836	4.2	2	129
-0.989307006366561	1.57578190167313	-1.0<thresh<1.6 FP=0 FN=3	4.2 0.293237447653286	0.293237447653286	4.2	2	79
1.57578190167313	9.08500842897606	1.6<thresh<Inf FP=0 FN=4	4.2 Inf	Inf	4.2	2	604
-13.3670578848165	-8.43600804220391	-Inf<thresh<-8.4 FP=12 FN=0	4.4 -Inf	-Inf	4.4	2	508
-8.43600804220391	-7.53807406515583	-8.4<thresh<-7.5 FP=11 FN=0	4.4 -7.98704105367987	-7.98704105367987	4.4	2	457
-7.53807406515583	-6.84530759505372	-7.5<thresh<-6.8 FP=8 FN=0	4.4 -7.19169083010477	-7.19169083010477	4.4	2	449
-6.84530759505372	-6.10344684308794	-6.8<thresh<-6.1 FP=7 FN=0	4.4 -6.47437721907083	-6.47437721907083	4.4	2	439
-6.10344684308794	-4.790882922573	-6.1<thresh<-4.8 FP=7 FN=1	4.4 -5.44716488283047	-5.44716488283047	4.4	2	424
-4.790882922573	-4.04345598753607	-4.8<thresh<-4.0 FP=6 FN=1	4.4 -4.41716945505453	-4.41716945505453	4.4	2	395
-4.04345598753607	-3.15405687671473	-4.0<thresh<-3.2 FP=3 FN=1	4.4 -3.5987564321254	-3.5987564321254	4.4	2	327
-3.15405687671473	-3.10506596270251	-3.2<thresh<-3.1 FP=2 FN=1	4.4 -3.12956141970862	-3.12956141970862	4.4	2	297
-3.10506596270251	-2.58814741115137	-3.1<thresh<-2.6 FP=2 FN=2	4.4 -2.84660668692694	-2.84660668692694	4.4	2	246
-2.58814741115137	-2.46078307000063	-2.6<thresh<-2.5 FP=1 FN=2	4.4 -2.524465240576	-2.524465240576	4.4	2	191
-2.46078307000063	-0.989307006366561	-2.5<thresh<-1.0 FP=1 FN=3	4.4 -1.7250450381836	-1.7250450381836	4.4	2	130
-0.989307006366561	1.57578190167313	-1.0<thresh<1.6 FP=0 FN=3	4.4 0.293237447653286	0.293237447653286	4.4	2	80
1.57578190167313	9.08500842897606	1.6<thresh<Inf FP=0 FN=4	4.4 Inf	Inf	4.4	2	605
-13.3670578848165	-8.63600804220392	-Inf<thresh<-8.6 FP=12 FN=0	4.6 -Inf	-Inf	4.6	2	509
-8.63600804220392	-7.73807406515583	-8.6<thresh<-7.7 FP=11 FN=0	4.6 -8.18704105367987	-8.18704105367987	4.6	2	458
-7.73807406515583	-7.04530759505372	-7.7<thresh<-7.0 FP=8 FN=0	4.6 -7.39169083010477	-7.39169083010477	4.6	2	451
-7.04530759505372	-6.30344684308794	-7.0<thresh<-6.3 FP=7 FN=0	4.6 -6.67437721907083	-6.67437721907083	4.6	2	442
-6.30344684308794	-4.990882922573	-6.3<thresh<-5.0 FP=7 FN=1	4.6 -5.64716488283047	-5.64716488283047	4.6	2	428
-4.990882922573	-4.04345598753607	-5.0<thresh<-4.0 FP=6 FN=1	4.6 -4.51716945505453	-4.51716945505453	4.6	2	399
-4.04345598753607	-3.30506596270251	-4.0<thresh<-3.3 FP=3 FN=1	4.6 -3.67426097511929	-3.67426097511929	4.6	2	354
-3.30506596270251	-3.15405687671473	-3.3<thresh<-3.2 FP=3 FN=2	4.6 -3.22956141970862	-3.22956141970862	4.6	2	303
-3.15405687671473	-2.58814741115137	-3.2<thresh<-2.6 FP=2 FN=2	4.6 -2.87110214393305	-2.87110214393305	4.6	2	255
-2.58814741115137	-2.46078307000063	-2.6<thresh<-2.5 FP=1 FN=2	4.6 -2.524465240576	-2.524465240576	4.6	2	192
-2.46078307000063	-0.989307006366561	-2.5<thresh<-1.0 FP=1 FN=3	4.6 -1.7250450381836	-1.7250450381836	4.6	2	131
-0.989307006366561	1.57578190167313	-1.0<thresh<1.6 FP=0 FN=3	4.6 0.293237447653286	0.293237447653286	4.6	2	81
1.57578190167313	9.08500842897606	1.6<thresh<Inf FP=0 FN=4	4.6 Inf	Inf	4.6	2	606
-13.3670578848165	-8.83600804220392	-Inf<thresh<-8.8 FP=12 FN=0	4.8 -Inf	-Inf	4.8	2	510
-8.83600804220392	-7.93807406515583	-8.8<thresh<-7.9 FP=11 FN=0	4.8 -8.38704105367987	-8.38704105367987	4.8	2	459
-7.93807406515583	-7.24530759505372	-7.9<thresh<-7.2 FP=8 FN=0	4.8 -7.59169083010477	-7.59169083010477	4.8	2	453
-7.24530759505372	-6.50344684308794	-7.2<thresh<-6.5 FP=7 FN=0	4.8 -6.87437721907083	-6.87437721907083	4.8	2	445
-6.50344684308794	-5.190882922573	-6.5<thresh<-5.2 FP=7 FN=1	4.8 -5.84716488283047	-5.84716488283047	4.8	2	432
-5.190882922573	-4.04345598753607	-5.2<thresh<-4.0 FP=6 FN=1	4.8 -4.61716945505453	-4.61716945505453	4.8	2	404
-4.04345598753607	-3.50506596270251	-4.0<thresh<-3.5 FP=3 FN=1	4.8 -3.77426097511929	-3.77426097511929	4.8	2	360
-3.50506596270251	-3.15405687671473	-3.5<thresh<-3.2 FP=3 FN=2	4.8 -3.32956141970862	-3.32956141970862	4.8	2	309
-3.15405687671473	-2.58814741115137	-3.2<thresh<-2.6 FP=2 FN=2	4.8 -2.87110214393305	-2.87110214393305	4.8	2	256
-2.58814741115137	-2.46078307000063	-2.6<thresh<-2.5 FP=1 FN=2	4.8 -2.524465240576	-2.524465240576	4.8	2	193
-2.46078307000063	-0.989307006366561	-2.5<thresh<-1.0 FP=1 FN=3	4.8 -1.7250450381836	-1.7250450381836	4.8	2	132
-0.989307006366561	1.57578190167313	-1.0<thresh<1.6 FP=0 FN=3	4.8 0.293237447653286	0.293237447653286	4.8	2	82
1.57578190167313	9.08500842897606	1.6<thresh<Inf FP=0 FN=4	4.8 Inf	Inf	4.8	2	607
-13.3670578848165	-9.03600804220391	-Inf<thresh<-9.0 FP=12 FN=0	5 -Inf	-Inf	5	2	511
-9.03600804220391	-8.13807406515583	-9.0<thresh<-8.1 FP=11 FN=0	5 -8.58704105367987	-8.58704105367987	5	2	460
-8.13807406515583	-7.44530759505372	-8.1<thresh<-7.4 FP=8 FN=0	5 -7.79169083010477	-7.79169083010477	5	2	455
-7.44530759505372	-6.70344684308794	-7.4<thresh<-6.7 FP=7 FN=0	5 -7.07437721907083	-7.07437721907083	5	2	448
-6.70344684308794	-5.390882922573	-6.7<thresh<-5.4 FP=7 FN=1	5 -6.04716488283047	-6.04716488283047	5	2	436
-5.390882922573	-4.04345598753607	-5.4<thresh<-4.0 FP=6 FN=1	5 -4.71716945505453	-4.71716945505453	5	2	409
-4.04345598753607	-3.70506596270251	-4.0<thresh<-3.7 FP=3 FN=1	5 -3.87426097511929	-3.87426097511929	5	2	366
-3.70506596270251	-3.15405687671473	-3.7<thresh<-3.2 FP=3 FN=2	5 -3.42956141970862	-3.42956141970862	5	2	315
-3.15405687671473	-2.58814741115137	-3.2<thresh<-2.6 FP=2 FN=2	5 -2.87110214393305	-2.87110214393305	5	2	257
-2.58814741115137	-2.46078307000063	-2.6<thresh<-2.5 FP=1 FN=2	5 -2.524465240576	-2.524465240576	5	2	194
-2.46078307000063	-0.989307006366561	-2.5<thresh<-1.0 FP=1 FN=3	5 -1.7250450381836	-1.7250450381836	5	2	133
-0.989307006366561	1.57578190167313	-1.0<thresh<1.6 FP=0 FN=3	5 0.293237447653286	0.293237447653286	5	2	83
1.57578190167313	9.08500842897606	1.6<thresh<Inf FP=0 FN=4	5 Inf	Inf	5	2	608
-13.3670578848165	-4.04345598753607	-Inf<thresh<-4.0 FP=12 FN=0	-5 -Inf	-Inf	-5	3	485
-4.04345598753607	-3.15405687671473	-4.0<thresh<-3.2 FP=9 FN=0	-5 -3.5987564321254	-3.5987564321254	-5	3	353
-3.15405687671473	-2.58814741115137	-3.2<thresh<-2.6 FP=8 FN=0	-5 -2.87110214393305	-2.87110214393305	-5	3	284
-2.58814741115137	-2.46078307000063	-2.6<thresh<-2.5 FP=7 FN=0	-5 -2.524465240576	-2.524465240576	-5	3	230
-2.46078307000063	-0.989307006366561	-2.5<thresh<-1.0 FP=7 FN=1	-5 -1.7250450381836	-1.7250450381836	-5	3	144
-0.989307006366561	0.963991957796087	-1.0<thresh<1.0 FP=6 FN=1	-5 -0.0126575242852369	-0.0126575242852369	-5	3	69
0.963991957796087	1.57578190167313	1.0<thresh<1.6 FP=5 FN=1	-5 1.26988692973461	1.26988692973461	-5	3	542
1.57578190167313	1.86192593484417	1.6<thresh<1.9 FP=5 FN=2	-5 1.71885391825865	1.71885391825865	-5	3	565
1.86192593484417	2.55469240494628	1.9<thresh<2.6 FP=2 FN=2	-5 2.20830916989523	2.20830916989523	-5	3	614
2.55469240494628	3.29655315691206	2.6<thresh<3.3 FP=1 FN=2	-5 2.92562278092917	2.92562278092917	-5	3	629
3.29655315691206	4.60911707742701	3.3<thresh<4.6 FP=1 FN=3	-5 3.95283511716953	3.95283511716953	-5	3	640
4.60911707742701	6.29493403729749	4.6<thresh<6.3 FP=0 FN=3	-5 5.45202555736225	5.45202555736225	-5	3	654
6.29493403729749	9.08500842897606	6.3<thresh<Inf FP=0 FN=4	-5 Inf	Inf	-5	3	663
-13.3670578848165	-4.04345598753607	-Inf<thresh<-4.0 FP=12 FN=0	-4.8 -Inf	-Inf	-4.8	3	484
-4.04345598753607	-3.15405687671473	-4.0<thresh<-3.2 FP=9 FN=0	-4.8 -3.5987564321254	-3.5987564321254	-4.8	3	352
-3.15405687671473	-2.58814741115137	-3.2<thresh<-2.6 FP=8 FN=0	-4.8 -2.87110214393305	-2.87110214393305	-4.8	3	283
-2.58814741115137	-2.46078307000063	-2.6<thresh<-2.5 FP=7 FN=0	-4.8 -2.524465240576	-2.524465240576	-4.8	3	229
-2.46078307000063	-0.989307006366561	-2.5<thresh<-1.0 FP=7 FN=1	-4.8 -1.7250450381836	-1.7250450381836	-4.8	3	143
-0.989307006366561	0.763991957796087	-1.0<thresh<0.8 FP=6 FN=1	-4.8 -0.112657524285237	-0.112657524285237	-4.8	3	68
0.763991957796087	1.57578190167313	0.8<thresh<1.6 FP=5 FN=1	-4.8 1.16988692973461	1.16988692973461	-4.8	3	536
1.57578190167313	1.66192593484417	1.6<thresh<1.7 FP=5 FN=2	-4.8 1.61885391825865	1.61885391825865	-4.8	3	560
1.66192593484417	2.35469240494628	1.7<thresh<2.4 FP=2 FN=2	-4.8 2.00830916989523	2.00830916989523	-4.8	3	609
2.35469240494628	3.09655315691206	2.4<thresh<3.1 FP=1 FN=2	-4.8 2.72562278092917	2.72562278092917	-4.8	3	625
3.09655315691206	4.409117077427	3.1<thresh<4.4 FP=1 FN=3	-4.8 3.75283511716953	3.75283511716953	-4.8	3	637
4.409117077427	6.09493403729749	4.4<thresh<6.1 FP=0 FN=3	-4.8 5.25202555736225	5.25202555736225	-4.8	3	652
6.09493403729749	9.08500842897606	6.1<thresh<Inf FP=0 FN=4	-4.8 Inf	Inf	-4.8	3	662
-13.3670578848165	-4.04345598753607	-Inf<thresh<-4.0 FP=12 FN=0	-4.6 -Inf	-Inf	-4.6	3	483
-4.04345598753607	-3.15405687671473	-4.0<thresh<-3.2 FP=9 FN=0	-4.6 -3.5987564321254	-3.5987564321254	-4.6	3	351
-3.15405687671473	-2.58814741115137	-3.2<thresh<-2.6 FP=8 FN=0	-4.6 -2.87110214393305	-2.87110214393305	-4.6	3	282
-2.58814741115137	-2.46078307000063	-2.6<thresh<-2.5 FP=7 FN=0	-4.6 -2.524465240576	-2.524465240576	-4.6	3	228
-2.46078307000063	-0.989307006366561	-2.5<thresh<-1.0 FP=7 FN=1	-4.6 -1.7250450381836	-1.7250450381836	-4.6	3	142
-0.989307006366561	0.563991957796087	-1.0<thresh<0.6 FP=6 FN=1	-4.6 -0.212657524285237	-0.212657524285237	-4.6	3	66
0.563991957796087	1.46192593484417	0.6<thresh<1.5 FP=5 FN=1	-4.6 1.01295894632013	1.01295894632013	-4.6	3	529
1.46192593484417	1.57578190167313	1.5<thresh<1.6 FP=2 FN=1	-4.6 1.51885391825865	1.51885391825865	-4.6	3	555
1.57578190167313	2.15469240494628	1.6<thresh<2.2 FP=2 FN=2	-4.6 1.86523715330971	1.86523715330971	-4.6	3	571
2.15469240494628	2.89655315691206	2.2<thresh<2.9 FP=1 FN=2	-4.6 2.52562278092917	2.52562278092917	-4.6	3	621
2.89655315691206	4.209117077427	2.9<thresh<4.2 FP=1 FN=3	-4.6 3.55283511716953	3.55283511716953	-4.6	3	634
4.209117077427	5.89493403729749	4.2<thresh<5.9 FP=0 FN=3	-4.6 5.05202555736225	5.05202555736225	-4.6	3	650
5.89493403729749	9.08500842897606	5.9<thresh<Inf FP=0 FN=4	-4.6 Inf	Inf	-4.6	3	661
-13.3670578848165	-4.04345598753607	-Inf<thresh<-4.0 FP=12 FN=0	-4.4 -Inf	-Inf	-4.4	3	482
-4.04345598753607	-3.15405687671473	-4.0<thresh<-3.2 FP=9 FN=0	-4.4 -3.5987564321254	-3.5987564321254	-4.4	3	350
-3.15405687671473	-2.58814741115137	-3.2<thresh<-2.6 FP=8 FN=0	-4.4 -2.87110214393305	-2.87110214393305	-4.4	3	281
-2.58814741115137	-2.46078307000063	-2.6<thresh<-2.5 FP=7 FN=0	-4.4 -2.524465240576	-2.524465240576	-4.4	3	227
-2.46078307000063	-0.989307006366561	-2.5<thresh<-1.0 FP=7 FN=1	-4.4 -1.7250450381836	-1.7250450381836	-4.4	3	141
-0.989307006366561	0.363991957796087	-1.0<thresh<0.4 FP=6 FN=1	-4.4 -0.312657524285237	-0.312657524285237	-4.4	3	64
0.363991957796087	1.26192593484418	0.4<thresh<1.3 FP=5 FN=1	-4.4 0.812958946320131	0.812958946320131	-4.4	3	523
1.26192593484418	1.57578190167313	1.3<thresh<1.6 FP=2 FN=1	-4.4 1.41885391825865	1.41885391825865	-4.4	3	550
1.57578190167313	1.95469240494628	1.6<thresh<2.0 FP=2 FN=2	-4.4 1.76523715330971	1.76523715330971	-4.4	3	567
1.95469240494628	2.69655315691206	2.0<thresh<2.7 FP=1 FN=2	-4.4 2.32562278092917	2.32562278092917	-4.4	3	617
2.69655315691206	4.00911707742701	2.7<thresh<4.0 FP=1 FN=3	-4.4 3.35283511716953	3.35283511716953	-4.4	3	631
4.00911707742701	5.69493403729749	4.0<thresh<5.7 FP=0 FN=3	-4.4 4.85202555736225	4.85202555736225	-4.4	3	648
5.69493403729749	9.08500842897606	5.7<thresh<Inf FP=0 FN=4	-4.4 Inf	Inf	-4.4	3	660
-13.3670578848165	-4.04345598753607	-Inf<thresh<-4.0 FP=12 FN=0	-4.2 -Inf	-Inf	-4.2	3	481
-4.04345598753607	-3.15405687671473	-4.0<thresh<-3.2 FP=9 FN=0	-4.2 -3.5987564321254	-3.5987564321254	-4.2	3	349
-3.15405687671473	-2.58814741115137	-3.2<thresh<-2.6 FP=8 FN=0	-4.2 -2.87110214393305	-2.87110214393305	-4.2	3	280
-2.58814741115137	-2.46078307000063	-2.6<thresh<-2.5 FP=7 FN=0	-4.2 -2.524465240576	-2.524465240576	-4.2	3	226
-2.46078307000063	-0.989307006366561	-2.5<thresh<-1.0 FP=7 FN=1	-4.2 -1.7250450381836	-1.7250450381836	-4.2	3	140
-0.989307006366561	0.163991957796087	-1.0<thresh<0.2 FP=6 FN=1	-4.2 -0.412657524285237	-0.412657524285237	-4.2	3	62
0.163991957796087	1.06192593484418	0.2<thresh<1.1 FP=5 FN=1	-4.2 0.612958946320131	0.612958946320131	-4.2	3	517
1.06192593484418	1.57578190167313	1.1<thresh<1.6 FP=2 FN=1	-4.2 1.31885391825865	1.31885391825865	-4.2	3	545
1.57578190167313	1.75469240494628	1.6<thresh<1.8 FP=2 FN=2	-4.2 1.66523715330971	1.66523715330971	-4.2	3	562
1.75469240494628	2.49655315691206	1.8<thresh<2.5 FP=1 FN=2	-4.2 2.12562278092917	2.12562278092917	-4.2	3	612
2.49655315691206	3.80911707742701	2.5<thresh<3.8 FP=1 FN=3	-4.2 3.15283511716953	3.15283511716953	-4.2	3	627
3.80911707742701	5.49493403729749	3.8<thresh<5.5 FP=0 FN=3	-4.2 4.65202555736225	4.65202555736225	-4.2	3	646
5.49493403729749	9.08500842897606	5.5<thresh<Inf FP=0 FN=4	-4.2 Inf	Inf	-4.2	3	659
-13.3670578848165	-4.04345598753607	-Inf<thresh<-4.0 FP=12 FN=0	-4 -Inf	-Inf	-4	3	480
-4.04345598753607	-3.15405687671473	-4.0<thresh<-3.2 FP=9 FN=0	-4 -3.5987564321254	-3.5987564321254	-4	3	348
-3.15405687671473	-2.58814741115137	-3.2<thresh<-2.6 FP=8 FN=0	-4 -2.87110214393305	-2.87110214393305	-4	3	279
-2.58814741115137	-2.46078307000063	-2.6<thresh<-2.5 FP=7 FN=0	-4 -2.524465240576	-2.524465240576	-4	3	225
-2.46078307000063	-0.989307006366561	-2.5<thresh<-1.0 FP=7 FN=1	-4 -1.7250450381836	-1.7250450381836	-4	3	139
-0.989307006366561	-0.0360080422039131	-1.0<thresh<-0.0 FP=6 FN=1	-4 -0.512657524285237	-0.512657524285237	-4	3	30
-0.0360080422039131	0.861925934844175	-0.0<thresh<0.9 FP=5 FN=1	-4 0.412958946320131	0.412958946320131	-4	3	2
0.861925934844175	1.55469240494628	0.9<thresh<1.6 FP=2 FN=1	-4 1.20830916989523	1.20830916989523	-4	3	539
1.55469240494628	1.57578190167313	1.6<thresh<1.6 FP=1 FN=1	-4 1.56523715330971	1.56523715330971	-4	3	556
1.57578190167313	2.29655315691206	1.6<thresh<2.3 FP=1 FN=2	-4 1.9361675292926	1.9361675292926	-4	3	573
2.29655315691206	3.609117077427	2.3<thresh<3.6 FP=1 FN=3	-4 2.95283511716953	2.95283511716953	-4	3	623
3.609117077427	5.29493403729749	3.6<thresh<5.3 FP=0 FN=3	-4 4.45202555736225	4.45202555736225	-4	3	644
5.29493403729749	9.08500842897606	5.3<thresh<Inf FP=0 FN=4	-4 Inf	Inf	-4	3	658
-13.3670578848165	-4.04345598753607	-Inf<thresh<-4.0 FP=12 FN=0	-3.8 -Inf	-Inf	-3.8	3	479
-4.04345598753607	-3.15405687671473	-4.0<thresh<-3.2 FP=9 FN=0	-3.8 -3.5987564321254	-3.5987564321254	-3.8	3	347
-3.15405687671473	-2.58814741115137	-3.2<thresh<-2.6 FP=8 FN=0	-3.8 -2.87110214393305	-2.87110214393305	-3.8	3	278
-2.58814741115137	-2.46078307000063	-2.6<thresh<-2.5 FP=7 FN=0	-3.8 -2.524465240576	-2.524465240576	-3.8	3	224
-2.46078307000063	-0.989307006366561	-2.5<thresh<-1.0 FP=7 FN=1	-3.8 -1.7250450381836	-1.7250450381836	-3.8	3	138
-0.989307006366561	-0.236008042203913	-1.0<thresh<-0.2 FP=6 FN=1	-3.8 -0.612657524285237	-0.612657524285237	-3.8	3	34
-0.236008042203913	0.661925934844175	-0.2<thresh<0.7 FP=5 FN=1	-3.8 0.212958946320131	0.212958946320131	-3.8	3	7
0.661925934844175	1.35469240494628	0.7<thresh<1.4 FP=2 FN=1	-3.8 1.00830916989523	1.00830916989523	-3.8	3	531
1.35469240494628	1.57578190167313	1.4<thresh<1.6 FP=1 FN=1	-3.8 1.46523715330971	1.46523715330971	-3.8	3	552
1.57578190167313	2.09655315691206	1.6<thresh<2.1 FP=1 FN=2	-3.8 1.8361675292926	1.8361675292926	-3.8	3	569
2.09655315691206	3.409117077427	2.1<thresh<3.4 FP=1 FN=3	-3.8 2.75283511716953	2.75283511716953	-3.8	3	619
3.409117077427	5.09493403729749	3.4<thresh<5.1 FP=0 FN=3	-3.8 4.25202555736225	4.25202555736225	-3.8	3	642
5.09493403729749	9.08500842897606	5.1<thresh<Inf FP=0 FN=4	-3.8 Inf	Inf	-3.8	3	657
-13.3670578848165	-4.04345598753607	-Inf<thresh<-4.0 FP=12 FN=0	-3.6 -Inf	-Inf	-3.6	3	478
-4.04345598753607	-3.15405687671473	-4.0<thresh<-3.2 FP=9 FN=0	-3.6 -3.5987564321254	-3.5987564321254	-3.6	3	346
-3.15405687671473	-2.58814741115137	-3.2<thresh<-2.6 FP=8 FN=0	-3.6 -2.87110214393305	-2.87110214393305	-3.6	3	277
-2.58814741115137	-2.46078307000063	-2.6<thresh<-2.5 FP=7 FN=0	-3.6 -2.524465240576	-2.524465240576	-3.6	3	223
-2.46078307000063	-0.989307006366561	-2.5<thresh<-1.0 FP=7 FN=1	-3.6 -1.7250450381836	-1.7250450381836	-3.6	3	137
-0.989307006366561	-0.436008042203913	-1.0<thresh<-0.4 FP=6 FN=1	-3.6 -0.712657524285237	-0.712657524285237	-3.6	3	40
-0.436008042203913	0.461925934844174	-0.4<thresh<0.5 FP=5 FN=1	-3.6 0.0129589463201305	0.0129589463201305	-3.6	3	13
0.461925934844174	1.15469240494628	0.5<thresh<1.2 FP=2 FN=1	-3.6 0.808309169895229	0.808309169895229	-3.6	3	525
1.15469240494628	1.57578190167313	1.2<thresh<1.6 FP=1 FN=1	-3.6 1.36523715330971	1.36523715330971	-3.6	3	547
1.57578190167313	1.89655315691206	1.6<thresh<1.9 FP=1 FN=2	-3.6 1.7361675292926	1.7361675292926	-3.6	3	564
1.89655315691206	3.209117077427	1.9<thresh<3.2 FP=1 FN=3	-3.6 2.55283511716953	2.55283511716953	-3.6	3	615
3.209117077427	4.89493403729749	3.2<thresh<4.9 FP=0 FN=3	-3.6 4.05202555736225	4.05202555736225	-3.6	3	639
4.89493403729749	9.08500842897606	4.9<thresh<Inf FP=0 FN=4	-3.6 Inf	Inf	-3.6	3	656
-13.3670578848165	-4.04345598753607	-Inf<thresh<-4.0 FP=12 FN=0	-3.4 -Inf	-Inf	-3.4	3	477
-4.04345598753607	-3.15405687671473	-4.0<thresh<-3.2 FP=9 FN=0	-3.4 -3.5987564321254	-3.5987564321254	-3.4	3	345
-3.15405687671473	-2.58814741115137	-3.2<thresh<-2.6 FP=8 FN=0	-3.4 -2.87110214393305	-2.87110214393305	-3.4	3	276
-2.58814741115137	-2.46078307000063	-2.6<thresh<-2.5 FP=7 FN=0	-3.4 -2.524465240576	-2.524465240576	-3.4	3	222
-2.46078307000063	-0.989307006366561	-2.5<thresh<-1.0 FP=7 FN=1	-3.4 -1.7250450381836	-1.7250450381836	-3.4	3	136
-0.989307006366561	-0.636008042203913	-1.0<thresh<-0.6 FP=6 FN=1	-3.4 -0.812657524285237	-0.812657524285237	-3.4	3	46
-0.636008042203913	0.261925934844175	-0.6<thresh<0.3 FP=5 FN=1	-3.4 -0.187041053679869	-0.187041053679869	-3.4	3	19
0.261925934844175	0.954692404946284	0.3<thresh<1.0 FP=2 FN=1	-3.4 0.60830916989523	0.60830916989523	-3.4	3	519
0.954692404946284	1.57578190167313	1.0<thresh<1.6 FP=1 FN=1	-3.4 1.26523715330971	1.26523715330971	-3.4	3	541
1.57578190167313	1.69655315691206	1.6<thresh<1.7 FP=1 FN=2	-3.4 1.6361675292926	1.6361675292926	-3.4	3	559
1.69655315691206	3.00911707742701	1.7<thresh<3.0 FP=1 FN=3	-3.4 2.35283511716953	2.35283511716953	-3.4	3	610
3.00911707742701	4.69493403729749	3.0<thresh<4.7 FP=0 FN=3	-3.4 3.85202555736225	3.85202555736225	-3.4	3	636
4.69493403729749	9.08500842897606	4.7<thresh<Inf FP=0 FN=4	-3.4 Inf	Inf	-3.4	3	655
-13.3670578848165	-4.04345598753607	-Inf<thresh<-4.0 FP=12 FN=0	-3.2 -Inf	-Inf	-3.2	3	476
-4.04345598753607	-3.15405687671473	-4.0<thresh<-3.2 FP=9 FN=0	-3.2 -3.5987564321254	-3.5987564321254	-3.2	3	344
-3.15405687671473	-2.58814741115137	-3.2<thresh<-2.6 FP=8 FN=0	-3.2 -2.87110214393305	-2.87110214393305	-3.2	3	275
-2.58814741115137	-2.46078307000063	-2.6<thresh<-2.5 FP=7 FN=0	-3.2 -2.524465240576	-2.524465240576	-3.2	3	221
-2.46078307000063	-0.989307006366561	-2.5<thresh<-1.0 FP=7 FN=1	-3.2 -1.7250450381836	-1.7250450381836	-3.2	3	135
-0.989307006366561	-0.836008042203913	-1.0<thresh<-0.8 FP=6 FN=1	-3.2 -0.912657524285237	-0.912657524285237	-3.2	3	52
-0.836008042203913	0.061925934844175	-0.8<thresh<0.1 FP=5 FN=1	-3.2 -0.387041053679869	-0.387041053679869	-3.2	3	25
0.061925934844175	0.754692404946284	0.1<thresh<0.8 FP=2 FN=1	-3.2 0.40830916989523	0.408309169895229	-3.2	3	513
0.754692404946284	1.49655315691206	0.8<thresh<1.5 FP=1 FN=1	-3.2 1.12562278092917	1.12562278092917	-3.2	3	534
1.49655315691206	1.57578190167313	1.5<thresh<1.6 FP=1 FN=2	-3.2 1.5361675292926	1.5361675292926	-3.2	3	554
1.57578190167313	2.80911707742701	1.6<thresh<2.8 FP=1 FN=3	-3.2 2.19244948955007	2.19244948955007	-3.2	3	578
2.80911707742701	4.49493403729749	2.8<thresh<4.5 FP=0 FN=3	-3.2 3.65202555736225	3.65202555736225	-3.2	3	633
4.49493403729749	9.08500842897606	4.5<thresh<Inf FP=0 FN=4	-3.2 Inf	Inf	-3.2	3	653
-13.3670578848165	-4.04345598753607	-Inf<thresh<-4.0 FP=12 FN=0	-3 -Inf	-Inf	-3	3	475
-4.04345598753607	-3.15405687671473	-4.0<thresh<-3.2 FP=9 FN=0	-3 -3.5987564321254	-3.5987564321254	-3	3	343
-3.15405687671473	-2.58814741115137	-3.2<thresh<-2.6 FP=8 FN=0	-3 -2.87110214393305	-2.87110214393305	-3	3	274
-2.58814741115137	-2.46078307000063	-2.6<thresh<-2.5 FP=7 FN=0	-3 -2.524465240576	-2.524465240576	-3	3	220
-2.46078307000063	-1.03600804220391	-2.5<thresh<-1.0 FP=7 FN=1	-3 -1.74839555610227	-1.74839555610227	-3	3	134
-1.03600804220391	-0.989307006366561	-1.0<thresh<-1.0 FP=6 FN=1	-3 -1.01265752428524	-1.01265752428524	-3	3	58
-0.989307006366561	-0.138074065155825	-1.0<thresh<-0.1 FP=5 FN=1	-3 -0.563690535761193	-0.563690535761193	-3	3	32
-0.138074065155825	0.554692404946284	-0.1<thresh<0.6 FP=2 FN=1	-3 0.208309169895229	0.208309169895229	-3	3	3
0.554692404946284	1.29655315691206	0.6<thresh<1.3 FP=1 FN=1	-3 0.925622780929171	0.925622780929171	-3	3	528
1.29655315691206	1.57578190167313	1.3<thresh<1.6 FP=1 FN=2	-3 1.4361675292926	1.4361675292926	-3	3	549
1.57578190167313	2.609117077427	1.6<thresh<2.6 FP=1 FN=3	-3 2.09244948955007	2.09244948955007	-3	3	576
2.609117077427	4.29493403729749	2.6<thresh<4.3 FP=0 FN=3	-3 3.45202555736225	3.45202555736225	-3	3	630
4.29493403729749	9.08500842897606	4.3<thresh<Inf FP=0 FN=4	-3 Inf	Inf	-3	3	651
-13.3670578848165	-4.04345598753607	-Inf<thresh<-4.0 FP=12 FN=0	-2.8 -Inf	-Inf	-2.8	3	474
-4.04345598753607	-3.15405687671473	-4.0<thresh<-3.2 FP=9 FN=0	-2.8 -3.5987564321254	-3.5987564321254	-2.8	3	342
-3.15405687671473	-2.58814741115137	-3.2<thresh<-2.6 FP=8 FN=0	-2.8 -2.87110214393305	-2.87110214393305	-2.8	3	273
-2.58814741115137	-2.46078307000063	-2.6<thresh<-2.5 FP=7 FN=0	-2.8 -2.524465240576	-2.524465240576	-2.8	3	219
-2.46078307000063	-1.23600804220391	-2.5<thresh<-1.2 FP=7 FN=1	-2.8 -1.84839555610227	-1.84839555610227	-2.8	3	147
-1.23600804220391	-0.989307006366561	-1.2<thresh<-1.0 FP=6 FN=1	-2.8 -1.11265752428524	-1.11265752428524	-2.8	3	89
-0.989307006366561	-0.338074065155825	-1.0<thresh<-0.3 FP=5 FN=1	-2.8 -0.663690535761193	-0.663690535761193	-2.8	3	37
-0.338074065155825	0.354692404946284	-0.3<thresh<0.4 FP=2 FN=1	-2.8 0.00830916989522912	0.00830916989522912	-2.8	3	9
0.354692404946284	1.09655315691206	0.4<thresh<1.1 FP=1 FN=1	-2.8 0.725622780929171	0.725622780929171	-2.8	3	522
1.09655315691206	1.57578190167313	1.1<thresh<1.6 FP=1 FN=2	-2.8 1.3361675292926	1.3361675292926	-2.8	3	544
1.57578190167313	2.409117077427	1.6<thresh<2.4 FP=1 FN=3	-2.8 1.99244948955007	1.99244948955007	-2.8	3	574
2.409117077427	4.09493403729749	2.4<thresh<4.1 FP=0 FN=3	-2.8 3.25202555736225	3.25202555736225	-2.8	3	626
4.09493403729749	9.08500842897606	4.1<thresh<Inf FP=0 FN=4	-2.8 Inf	Inf	-2.8	3	649
-13.3670578848165	-4.04345598753607	-Inf<thresh<-4.0 FP=12 FN=0	-2.6 -Inf	-Inf	-2.6	3	473
-4.04345598753607	-3.15405687671473	-4.0<thresh<-3.2 FP=9 FN=0	-2.6 -3.5987564321254	-3.5987564321254	-2.6	3	341
-3.15405687671473	-2.58814741115137	-3.2<thresh<-2.6 FP=8 FN=0	-2.6 -2.87110214393305	-2.87110214393305	-2.6	3	272
-2.58814741115137	-2.46078307000063	-2.6<thresh<-2.5 FP=7 FN=0	-2.6 -2.524465240576	-2.524465240576	-2.6	3	218
-2.46078307000063	-1.43600804220391	-2.5<thresh<-1.4 FP=7 FN=1	-2.6 -1.94839555610227	-1.94839555610227	-2.6	3	150
-1.43600804220391	-0.989307006366561	-1.4<thresh<-1.0 FP=6 FN=1	-2.6 -1.21265752428524	-1.21265752428524	-2.6	3	95
-0.989307006366561	-0.538074065155826	-1.0<thresh<-0.5 FP=5 FN=1	-2.6 -0.763690535761193	-0.763690535761193	-2.6	3	43
-0.538074065155826	0.154692404946283	-0.5<thresh<0.2 FP=2 FN=1	-2.6 -0.191690830104771	-0.191690830104771	-2.6	3	15
0.154692404946283	0.896553156912058	0.2<thresh<0.9 FP=1 FN=1	-2.6 0.52562278092917	0.525622780929171	-2.6	3	516
0.896553156912058	1.57578190167313	0.9<thresh<1.6 FP=1 FN=2	-2.6 1.2361675292926	1.2361675292926	-2.6	3	538
1.57578190167313	2.209117077427	1.6<thresh<2.2 FP=1 FN=3	-2.6 1.89244948955007	1.89244948955007	-2.6	3	570
2.209117077427	3.89493403729749	2.2<thresh<3.9 FP=0 FN=3	-2.6 3.05202555736225	3.05202555736225	-2.6	3	622
3.89493403729749	9.08500842897606	3.9<thresh<Inf FP=0 FN=4	-2.6 Inf	Inf	-2.6	3	647
-13.3670578848165	-4.04345598753607	-Inf<thresh<-4.0 FP=12 FN=0	-2.4 -Inf	-Inf	-2.4	3	472
-4.04345598753607	-3.15405687671473	-4.0<thresh<-3.2 FP=9 FN=0	-2.4 -3.5987564321254	-3.5987564321254	-2.4	3	340
-3.15405687671473	-2.58814741115137	-3.2<thresh<-2.6 FP=8 FN=0	-2.4 -2.87110214393305	-2.87110214393305	-2.4	3	271
-2.58814741115137	-2.46078307000063	-2.6<thresh<-2.5 FP=7 FN=0	-2.4 -2.524465240576	-2.524465240576	-2.4	3	217
-2.46078307000063	-1.63600804220391	-2.5<thresh<-1.6 FP=7 FN=1	-2.4 -2.04839555610227	-2.04839555610227	-2.4	3	153
-1.63600804220391	-0.989307006366561	-1.6<thresh<-1.0 FP=6 FN=1	-2.4 -1.31265752428524	-1.31265752428524	-2.4	3	101
-0.989307006366561	-0.738074065155825	-1.0<thresh<-0.7 FP=5 FN=1	-2.4 -0.863690535761193	-0.863690535761193	-2.4	3	49
-0.738074065155825	-0.0453075950537158	-0.7<thresh<-0.0 FP=2 FN=1	-2.4 -0.39169083010477	-0.39169083010477	-2.4	3	21
-0.0453075950537158	0.696553156912058	-0.0<thresh<0.7 FP=1 FN=1	-2.4 0.325622780929171	0.325622780929171	-2.4	3	1
0.696553156912058	1.57578190167313	0.7<thresh<1.6 FP=1 FN=2	-2.4 1.1361675292926	1.1361675292926	-2.4	3	533
1.57578190167313	2.00911707742701	1.6<thresh<2.0 FP=1 FN=3	-2.4 1.79244948955007	1.79244948955007	-2.4	3	566
2.00911707742701	3.69493403729749	2.0<thresh<3.7 FP=0 FN=3	-2.4 2.85202555736225	2.85202555736225	-2.4	3	618
3.69493403729749	9.08500842897606	3.7<thresh<Inf FP=0 FN=4	-2.4 Inf	Inf	-2.4	3	645
-13.3670578848165	-4.04345598753607	-Inf<thresh<-4.0 FP=12 FN=0	-2.2 -Inf	-Inf	-2.2	3	471
-4.04345598753607	-3.15405687671473	-4.0<thresh<-3.2 FP=9 FN=0	-2.2 -3.5987564321254	-3.5987564321254	-2.2	3	339
-3.15405687671473	-2.58814741115137	-3.2<thresh<-2.6 FP=8 FN=0	-2.2 -2.87110214393305	-2.87110214393305	-2.2	3	270
-2.58814741115137	-2.46078307000063	-2.6<thresh<-2.5 FP=7 FN=0	-2.2 -2.524465240576	-2.524465240576	-2.2	3	216
-2.46078307000063	-1.83600804220391	-2.5<thresh<-1.8 FP=7 FN=1	-2.2 -2.14839555610227	-2.14839555610227	-2.2	3	158
-1.83600804220391	-0.989307006366561	-1.8<thresh<-1.0 FP=6 FN=1	-2.2 -1.41265752428524	-1.41265752428524	-2.2	3	106
-0.989307006366561	-0.938074065155826	-1.0<thresh<-0.9 FP=5 FN=1	-2.2 -0.963690535761193	-0.963690535761193	-2.2	3	55
-0.938074065155826	-0.245307595053717	-0.9<thresh<-0.2 FP=2 FN=1	-2.2 -0.591690830104771	-0.591690830104771	-2.2	3	27
-0.245307595053717	0.496553156912057	-0.2<thresh<0.5 FP=1 FN=1	-2.2 0.12562278092917	0.12562278092917	-2.2	3	6
0.496553156912057	1.57578190167313	0.5<thresh<1.6 FP=1 FN=2	-2.2 1.0361675292926	1.0361675292926	-2.2	3	527
1.57578190167313	1.809117077427	1.6<thresh<1.8 FP=1 FN=3	-2.2 1.69244948955007	1.69244948955007	-2.2	3	561
1.809117077427	3.49493403729749	1.8<thresh<3.5 FP=0 FN=3	-2.2 2.65202555736225	2.65202555736225	-2.2	3	613
3.49493403729749	9.08500842897606	3.5<thresh<Inf FP=0 FN=4	-2.2 Inf	Inf	-2.2	3	643
-13.3670578848165	-4.04345598753607	-Inf<thresh<-4.0 FP=12 FN=0	-2 -Inf	-Inf	-2	3	470
-4.04345598753607	-3.15405687671473	-4.0<thresh<-3.2 FP=9 FN=0	-2 -3.5987564321254	-3.5987564321254	-2	3	338
-3.15405687671473	-2.58814741115137	-3.2<thresh<-2.6 FP=8 FN=0	-2 -2.87110214393305	-2.87110214393305	-2	3	269
-2.58814741115137	-2.46078307000063	-2.6<thresh<-2.5 FP=7 FN=0	-2 -2.524465240576	-2.524465240576	-2	3	215
-2.46078307000063	-2.03600804220391	-2.5<thresh<-2.0 FP=7 FN=1	-2 -2.24839555610227	-2.24839555610227	-2	3	164
-2.03600804220391	-1.13807406515583	-2.0<thresh<-1.1 FP=6 FN=1	-2 -1.58704105367987	-1.58704105367987	-2	3	112
-1.13807406515583	-0.989307006366561	-1.1<thresh<-1.0 FP=3 FN=1	-2 -1.06369053576119	-1.06369053576119	-2	3	86
-0.989307006366561	-0.445307595053716	-1.0<thresh<-0.4 FP=2 FN=1	-2 -0.717307300710138	-0.717307300710139	-2	3	39
-0.445307595053716	0.296553156912058	-0.4<thresh<0.3 FP=1 FN=1	-2 -0.0743772190708292	-0.0743772190708292	-2	3	12
0.296553156912058	1.57578190167313	0.3<thresh<1.6 FP=1 FN=2	-2 0.936167529292596	0.936167529292596	-2	3	521
1.57578190167313	1.609117077427	1.6<thresh<1.6 FP=1 FN=3	-2 1.59244948955007	1.59244948955007	-2	3	557
1.609117077427	3.29493403729749	1.6<thresh<3.3 FP=0 FN=3	-2 2.45202555736225	2.45202555736225	-2	3	581
3.29493403729749	9.08500842897606	3.3<thresh<Inf FP=0 FN=4	-2 Inf	Inf	-2	3	641
-13.3670578848165	-4.04345598753607	-Inf<thresh<-4.0 FP=12 FN=0	-1.8 -Inf	-Inf	-1.8	3	469
-4.04345598753607	-3.15405687671473	-4.0<thresh<-3.2 FP=9 FN=0	-1.8 -3.5987564321254	-3.5987564321254	-1.8	3	337
-3.15405687671473	-2.58814741115137	-3.2<thresh<-2.6 FP=8 FN=0	-1.8 -2.87110214393305	-2.87110214393305	-1.8	3	268
-2.58814741115137	-2.46078307000063	-2.6<thresh<-2.5 FP=7 FN=0	-1.8 -2.524465240576	-2.524465240576	-1.8	3	214
-2.46078307000063	-2.23600804220391	-2.5<thresh<-2.2 FP=7 FN=1	-1.8 -2.34839555610227	-2.34839555610227	-1.8	3	170
-2.23600804220391	-1.33807406515582	-2.2<thresh<-1.3 FP=6 FN=1	-1.8 -1.78704105367987	-1.78704105367987	-1.8	3	118
-1.33807406515582	-0.989307006366561	-1.3<thresh<-1.0 FP=3 FN=1	-1.8 -1.16369053576119	-1.16369053576119	-1.8	3	92
-0.989307006366561	-0.645307595053716	-1.0<thresh<-0.6 FP=2 FN=1	-1.8 -0.817307300710138	-0.817307300710138	-1.8	3	45
-0.645307595053716	0.0965531569120586	-0.6<thresh<0.1 FP=1 FN=1	-1.8 -0.274377219070828	-0.274377219070828	-1.8	3	18
0.0965531569120586	1.40911707742701	0.1<thresh<1.4 FP=1 FN=2	-1.8 0.752835117169532	0.752835117169532	-1.8	3	514
1.40911707742701	1.57578190167313	1.4<thresh<1.6 FP=0 FN=2	-1.8 1.49244948955007	1.49244948955007	-1.8	3	551
1.57578190167313	3.09493403729749	1.6<thresh<3.1 FP=0 FN=3	-1.8 2.33535796948531	2.33535796948531	-1.8	3	580
3.09493403729749	9.08500842897606	3.1<thresh<Inf FP=0 FN=4	-1.8 Inf	Inf	-1.8	3	638
-13.3670578848165	-4.04345598753607	-Inf<thresh<-4.0 FP=12 FN=0	-1.6 -Inf	-Inf	-1.6	3	468
-4.04345598753607	-3.15405687671473	-4.0<thresh<-3.2 FP=9 FN=0	-1.6 -3.5987564321254	-3.5987564321254	-1.6	3	336
-3.15405687671473	-2.58814741115137	-3.2<thresh<-2.6 FP=8 FN=0	-1.6 -2.87110214393305	-2.87110214393305	-1.6	3	267
-2.58814741115137	-2.46078307000063	-2.6<thresh<-2.5 FP=7 FN=0	-1.6 -2.524465240576	-2.524465240576	-1.6	3	213
-2.46078307000063	-2.43600804220391	-2.5<thresh<-2.4 FP=7 FN=1	-1.6 -2.44839555610227	-2.44839555610227	-1.6	3	176
-2.43600804220391	-1.53807406515583	-2.4<thresh<-1.5 FP=6 FN=1	-1.6 -1.98704105367987	-1.98704105367987	-1.6	3	124
-1.53807406515583	-0.989307006366561	-1.5<thresh<-1.0 FP=3 FN=1	-1.6 -1.26369053576119	-1.26369053576119	-1.6	3	98
-0.989307006366561	-0.845307595053717	-1.0<thresh<-0.8 FP=2 FN=1	-1.6 -0.917307300710139	-0.917307300710139	-1.6	3	51
-0.845307595053717	-0.103446843087943	-0.8<thresh<-0.1 FP=1 FN=1	-1.6 -0.47437721907083	-0.47437721907083	-1.6	3	24
-0.103446843087943	1.209117077427	-0.1<thresh<1.2 FP=1 FN=2	-1.6 0.552835117169531	0.552835117169531	-1.6	3	4
1.209117077427	1.57578190167313	1.2<thresh<1.6 FP=0 FN=2	-1.6 1.39244948955007	1.39244948955007	-1.6	3	546
1.57578190167313	2.89493403729749	1.6<thresh<2.9 FP=0 FN=3	-1.6 2.23535796948531	2.23535796948531	-1.6	3	579
2.89493403729749	9.08500842897606	2.9<thresh<Inf FP=0 FN=4	-1.6 Inf	Inf	-1.6	3	635
-13.3670578848165	-4.04345598753607	-Inf<thresh<-4.0 FP=12 FN=0	-1.4 -Inf	-Inf	-1.4	3	467
-4.04345598753607	-3.15405687671473	-4.0<thresh<-3.2 FP=9 FN=0	-1.4 -3.5987564321254	-3.5987564321254	-1.4	3	335
-3.15405687671473	-2.63600804220391	-3.2<thresh<-2.6 FP=8 FN=0	-1.4 -2.89503245945932	-2.89503245945932	-1.4	3	266
-2.63600804220391	-2.58814741115137	-2.6<thresh<-2.6 FP=7 FN=0	-1.4 -2.61207772667764	-2.61207772667764	-1.4	3	233
-2.58814741115137	-2.46078307000063	-2.6<thresh<-2.5 FP=6 FN=0	-1.4 -2.524465240576	-2.524465240576	-1.4	3	212
-2.46078307000063	-1.73807406515582	-2.5<thresh<-1.7 FP=6 FN=1	-1.4 -2.09942856757823	-2.09942856757823	-1.4	3	155
-1.73807406515582	-1.04530759505372	-1.7<thresh<-1.0 FP=3 FN=1	-1.4 -1.39169083010477	-1.39169083010477	-1.4	3	104
-1.04530759505372	-0.989307006366561	-1.0<thresh<-1.0 FP=2 FN=1	-1.4 -1.01730730071014	-1.01730730071014	-1.4	3	57
-0.989307006366561	-0.303446843087942	-1.0<thresh<-0.3 FP=1 FN=1	-1.4 -0.646376924727251	-0.646376924727251	-1.4	3	36
-0.303446843087942	1.00911707742701	-0.3<thresh<1.0 FP=1 FN=2	-1.4 0.352835117169532	0.352835117169532	-1.4	3	10
1.00911707742701	1.57578190167313	1.0<thresh<1.6 FP=0 FN=2	-1.4 1.29244948955007	1.29244948955007	-1.4	3	540
1.57578190167313	2.69493403729749	1.6<thresh<2.7 FP=0 FN=3	-1.4 2.13535796948531	2.13535796948531	-1.4	3	577
2.69493403729749	9.08500842897606	2.7<thresh<Inf FP=0 FN=4	-1.4 Inf	Inf	-1.4	3	632
-13.3670578848165	-4.04345598753607	-Inf<thresh<-4.0 FP=12 FN=0	-1.2 -Inf	-Inf	-1.2	3	466
-4.04345598753607	-3.15405687671473	-4.0<thresh<-3.2 FP=9 FN=0	-1.2 -3.5987564321254	-3.5987564321254	-1.2	3	334
-3.15405687671473	-2.83600804220391	-3.2<thresh<-2.8 FP=8 FN=0	-1.2 -2.99503245945932	-2.99503245945932	-1.2	3	290
-2.83600804220391	-2.58814741115137	-2.8<thresh<-2.6 FP=7 FN=0	-1.2 -2.71207772667764	-2.71207772667764	-1.2	3	239
-2.58814741115137	-2.46078307000063	-2.6<thresh<-2.5 FP=6 FN=0	-1.2 -2.524465240576	-2.524465240576	-1.2	3	211
-2.46078307000063	-1.93807406515583	-2.5<thresh<-1.9 FP=6 FN=1	-1.2 -2.19942856757823	-2.19942856757823	-1.2	3	161
-1.93807406515583	-1.24530759505372	-1.9<thresh<-1.2 FP=3 FN=1	-1.2 -1.59169083010477	-1.59169083010477	-1.2	3	110
-1.24530759505372	-0.989307006366561	-1.2<thresh<-1.0 FP=2 FN=1	-1.2 -1.11730730071014	-1.11730730071014	-1.2	3	88
-0.989307006366561	-0.503446843087943	-1.0<thresh<-0.5 FP=1 FN=1	-1.2 -0.746376924727252	-0.746376924727252	-1.2	3	42
-0.503446843087943	0.809117077427004	-0.5<thresh<0.8 FP=1 FN=2	-1.2 0.152835117169531	0.152835117169531	-1.2	3	16
0.809117077427004	1.57578190167313	0.8<thresh<1.6 FP=0 FN=2	-1.2 1.19244948955007	1.19244948955007	-1.2	3	535
1.57578190167313	2.49493403729749	1.6<thresh<2.5 FP=0 FN=3	-1.2 2.03535796948531	2.03535796948531	-1.2	3	575
2.49493403729749	9.08500842897606	2.5<thresh<Inf FP=0 FN=4	-1.2 Inf	Inf	-1.2	3	628
-13.3670578848165	-4.04345598753607	-Inf<thresh<-4.0 FP=12 FN=0	-1 -Inf	-Inf	-1	3	465
-4.04345598753607	-3.15405687671473	-4.0<thresh<-3.2 FP=9 FN=0	-1 -3.5987564321254	-3.5987564321254	-1	3	333
-3.15405687671473	-3.03600804220391	-3.2<thresh<-3.0 FP=8 FN=0	-1 -3.09503245945932	-3.09503245945932	-1	3	296
-3.03600804220391	-2.58814741115137	-3.0<thresh<-2.6 FP=7 FN=0	-1 -2.81207772667764	-2.81207772667764	-1	3	245
-2.58814741115137	-2.46078307000063	-2.6<thresh<-2.5 FP=6 FN=0	-1 -2.524465240576	-2.524465240576	-1	3	210
-2.46078307000063	-2.13807406515583	-2.5<thresh<-2.1 FP=6 FN=1	-1 -2.29942856757823	-2.29942856757823	-1	3	167
-2.13807406515583	-1.44530759505372	-2.1<thresh<-1.4 FP=3 FN=1	-1 -1.79169083010477	-1.79169083010477	-1	3	116
-1.44530759505372	-0.989307006366561	-1.4<thresh<-1.0 FP=2 FN=1	-1 -1.21730730071014	-1.21730730071014	-1	3	94
-0.989307006366561	-0.703446843087942	-1.0<thresh<-0.7 FP=1 FN=1	-1 -0.846376924727251	-0.846376924727252	-1	3	48
-0.703446843087942	0.609117077427005	-0.7<thresh<0.6 FP=1 FN=2	-1 -0.0471648828304687	-0.0471648828304687	-1	3	22
0.609117077427005	1.57578190167313	0.6<thresh<1.6 FP=0 FN=2	-1 1.09244948955007	1.09244948955007	-1	3	530
1.57578190167313	2.29493403729749	1.6<thresh<2.3 FP=0 FN=3	-1 1.93535796948531	1.93535796948531	-1	3	572
2.29493403729749	9.08500842897606	2.3<thresh<Inf FP=0 FN=4	-1 Inf	Inf	-1	3	624
-13.3670578848165	-4.04345598753607	-Inf<thresh<-4.0 FP=12 FN=0	-0.8 -Inf	-Inf	-0.8	3	464
-4.04345598753607	-3.23600804220391	-4.0<thresh<-3.2 FP=9 FN=0	-0.8 -3.63973201486999	-3.63973201486999	-0.8	3	332
-3.23600804220391	-3.15405687671473	-3.2<thresh<-3.2 FP=8 FN=0	-0.8 -3.19503245945932	-3.19503245945932	-0.8	3	302
-3.15405687671473	-2.58814741115137	-3.2<thresh<-2.6 FP=7 FN=0	-0.8 -2.87110214393305	-2.87110214393305	-0.8	3	265
-2.58814741115137	-2.46078307000063	-2.6<thresh<-2.5 FP=6 FN=0	-0.8 -2.524465240576	-2.524465240576	-0.8	3	209
-2.46078307000063	-2.33807406515582	-2.5<thresh<-2.3 FP=6 FN=1	-0.8 -2.39942856757823	-2.39942856757823	-0.8	3	173
-2.33807406515582	-1.64530759505372	-2.3<thresh<-1.6 FP=3 FN=1	-0.8 -1.99169083010477	-1.99169083010477	-0.8	3	122
-1.64530759505372	-0.989307006366561	-1.6<thresh<-1.0 FP=2 FN=1	-0.8 -1.31730730071014	-1.31730730071014	-0.8	3	100
-0.989307006366561	-0.903446843087941	-1.0<thresh<-0.9 FP=1 FN=1	-0.8 -0.946376924727251	-0.946376924727251	-0.8	3	54
-0.903446843087941	0.409117077427005	-0.9<thresh<0.4 FP=1 FN=2	-0.8 -0.247164882830468	-0.247164882830468	-0.8	3	28
0.409117077427005	1.57578190167313	0.4<thresh<1.6 FP=0 FN=2	-0.8 0.99244948955007	0.99244948955007	-0.8	3	524
1.57578190167313	2.09493403729749	1.6<thresh<2.1 FP=0 FN=3	-0.8 1.83535796948531	1.83535796948531	-0.8	3	568
2.09493403729749	9.08500842897606	2.1<thresh<Inf FP=0 FN=4	-0.8 Inf	Inf	-0.8	3	620
-13.3670578848165	-4.04345598753607	-Inf<thresh<-4.0 FP=12 FN=0	-0.6 -Inf	-Inf	-0.6	3	463
-4.04345598753607	-3.43600804220391	-4.0<thresh<-3.4 FP=9 FN=0	-0.6 -3.73973201486999	-3.73973201486999	-0.6	3	359
-3.43600804220391	-3.15405687671473	-3.4<thresh<-3.2 FP=8 FN=0	-0.6 -3.29503245945932	-3.29503245945932	-0.6	3	308
-3.15405687671473	-2.58814741115137	-3.2<thresh<-2.6 FP=7 FN=0	-0.6 -2.87110214393305	-2.87110214393305	-0.6	3	264
-2.58814741115137	-2.53807406515583	-2.6<thresh<-2.5 FP=6 FN=0	-0.6 -2.5631107381536	-2.5631107381536	-0.6	3	208
-2.53807406515583	-2.46078307000063	-2.5<thresh<-2.5 FP=3 FN=0	-0.6 -2.49942856757823	-2.49942856757823	-0.6	3	179
-2.46078307000063	-1.84530759505372	-2.5<thresh<-1.8 FP=3 FN=1	-0.6 -2.15304533252717	-2.15304533252717	-0.6	3	157
-1.84530759505372	-1.10344684308794	-1.8<thresh<-1.1 FP=2 FN=1	-0.6 -1.47437721907083	-1.47437721907083	-0.6	3	107
-1.10344684308794	-0.989307006366561	-1.1<thresh<-1.0 FP=2 FN=2	-0.6 -1.04637692472725	-1.04637692472725	-0.6	3	85
-0.989307006366561	0.209117077427004	-1.0<thresh<0.2 FP=1 FN=2	-0.6 -0.390094964469778	-0.390094964469778	-0.6	3	61
0.209117077427004	1.57578190167313	0.2<thresh<1.6 FP=0 FN=2	-0.6 0.892449489550069	0.892449489550069	-0.6	3	518
1.57578190167313	1.89493403729749	1.6<thresh<1.9 FP=0 FN=3	-0.6 1.73535796948531	1.73535796948531	-0.6	3	563
1.89493403729749	9.08500842897606	1.9<thresh<Inf FP=0 FN=4	-0.6 Inf	Inf	-0.6	3	616
-13.3670578848165	-4.04345598753607	-Inf<thresh<-4.0 FP=12 FN=0	-0.399999999999999 -Inf	-Inf	-0.399999999999999	3	462
-4.04345598753607	-3.63600804220391	-4.0<thresh<-3.6 FP=9 FN=0	-0.399999999999999 -3.83973201486999	-3.83973201486999	-0.399999999999999	3	365
-3.63600804220391	-3.15405687671473	-3.6<thresh<-3.2 FP=8 FN=0	-0.399999999999999 -3.39503245945932	-3.39503245945932	-0.399999999999999	3	314
-3.15405687671473	-2.73807406515583	-3.2<thresh<-2.7 FP=7 FN=0	-0.399999999999999 -2.94606547093528	-2.94606547093528	-0.399999999999999	3	287
-2.73807406515583	-2.58814741115137	-2.7<thresh<-2.6 FP=4 FN=0	-0.399999999999999 -2.6631107381536	-2.6631107381536	-0.399999999999999	3	236
-2.58814741115137	-2.46078307000063	-2.6<thresh<-2.5 FP=3 FN=0	-0.399999999999999 -2.524465240576	-2.524465240576	-0.399999999999999	3	206
-2.46078307000063	-2.04530759505372	-2.5<thresh<-2.0 FP=3 FN=1	-0.399999999999999 -2.25304533252717	-2.25304533252717	-0.399999999999999	3	163
-2.04530759505372	-1.30344684308794	-2.0<thresh<-1.3 FP=2 FN=1	-0.399999999999999 -1.67437721907083	-1.67437721907083	-0.399999999999999	3	113
-1.30344684308794	-0.989307006366561	-1.3<thresh<-1.0 FP=2 FN=2	-0.399999999999999 -1.14637692472725	-1.14637692472725	-0.399999999999999	3	91
-0.989307006366561	0.0091170774270033	-1.0<thresh<0.0 FP=1 FN=2	-0.399999999999999 -0.490094964469779	-0.490094964469779	-0.399999999999999	3	59
0.0091170774270033	1.57578190167313	0.0<thresh<1.6 FP=0 FN=2	-0.399999999999999 0.792449489550068	0.792449489550068	-0.399999999999999	3	512
1.57578190167313	1.69493403729749	1.6<thresh<1.7 FP=0 FN=3	-0.399999999999999 1.63535796948531	1.63535796948531	-0.399999999999999	3	558
1.69493403729749	9.08500842897606	1.7<thresh<Inf FP=0 FN=4	-0.399999999999999 Inf	Inf	-0.399999999999999	3	611
-13.3670578848165	-4.04345598753607	-Inf<thresh<-4.0 FP=12 FN=0	-0.199999999999999 -Inf	-Inf	-0.199999999999999	3	461
-4.04345598753607	-3.83600804220391	-4.0<thresh<-3.8 FP=9 FN=0	-0.199999999999999 -3.93973201486999	-3.93973201486999	-0.199999999999999	3	371
-3.83600804220391	-3.15405687671473	-3.8<thresh<-3.2 FP=8 FN=0	-0.199999999999999 -3.49503245945932	-3.49503245945932	-0.199999999999999	3	320
-3.15405687671473	-2.93807406515583	-3.2<thresh<-2.9 FP=7 FN=0	-0.199999999999999 -3.04606547093528	-3.04606547093528	-0.199999999999999	3	293
-2.93807406515583	-2.58814741115137	-2.9<thresh<-2.6 FP=4 FN=0	-0.199999999999999 -2.7631107381536	-2.7631107381536	-0.199999999999999	3	242
-2.58814741115137	-2.46078307000063	-2.6<thresh<-2.5 FP=3 FN=0	-0.199999999999999 -2.524465240576	-2.524465240576	-0.199999999999999	3	205
-2.46078307000063	-2.24530759505372	-2.5<thresh<-2.2 FP=3 FN=1	-0.199999999999999 -2.35304533252717	-2.35304533252717	-0.199999999999999	3	169
-2.24530759505372	-1.50344684308794	-2.2<thresh<-1.5 FP=2 FN=1	-0.199999999999999 -1.87437721907083	-1.87437721907083	-0.199999999999999	3	119
-1.50344684308794	-0.989307006366561	-1.5<thresh<-1.0 FP=2 FN=2	-0.199999999999999 -1.24637692472725	-1.24637692472725	-0.199999999999999	3	97
-0.989307006366561	-0.190882922572996	-1.0<thresh<-0.2 FP=1 FN=2	-0.199999999999999 -0.590094964469778	-0.590094964469778	-0.199999999999999	3	33
-0.190882922572996	1.49493403729749	-0.2<thresh<1.5 FP=0 FN=2	-0.199999999999999 0.652025557362248	0.652025557362248	-0.199999999999999	3	8
1.49493403729749	1.57578190167313	1.5<thresh<1.6 FP=0 FN=3	-0.199999999999999 1.53535796948531	1.53535796948531	-0.199999999999999	3	553
1.57578190167313	9.08500842897606	1.6<thresh<Inf FP=0 FN=4	-0.199999999999999 Inf	Inf	-0.199999999999999	3	582
-13.3670578848165	-4.04345598753607	-Inf<thresh<-4.0 FP=12 FN=0	0 -Inf	-Inf	0	3	486
-4.04345598753607	-4.03600804220391	-4.0<thresh<-4.0 FP=9 FN=0	0 -4.03973201486999	-4.03973201486999	0	3	376
-4.03600804220391	-3.15405687671473	-4.0<thresh<-3.2 FP=8 FN=0	0 -3.59503245945932	-3.59503245945932	0	3	331
-3.15405687671473	-3.13807406515583	-3.2<thresh<-3.1 FP=7 FN=0	0 -3.14606547093528	-3.14606547093528	0	3	299
-3.13807406515583	-2.58814741115137	-3.1<thresh<-2.6 FP=4 FN=0	0 -2.8631107381536	-2.8631107381536	0	3	248
-2.58814741115137	-2.46078307000063	-2.6<thresh<-2.5 FP=3 FN=0	0 -2.524465240576	-2.524465240576	0	3	207
-2.46078307000063	-2.44530759505372	-2.5<thresh<-2.4 FP=3 FN=1	0 -2.45304533252717	-2.45304533252717	0	3	175
-2.44530759505372	-1.70344684308794	-2.4<thresh<-1.7 FP=2 FN=1	0 -2.07437721907083	-2.07437721907083	0	3	125
-1.70344684308794	-0.989307006366561	-1.7<thresh<-1.0 FP=2 FN=2	0 -1.34637692472725	-1.34637692472725	0	3	103
-0.989307006366561	-0.390882922572995	-1.0<thresh<-0.4 FP=1 FN=2	0 -0.690094964469778	-0.690094964469778	0	3	38
-0.390882922572995	1.29493403729749	-0.4<thresh<1.3 FP=0 FN=2	0 0.452025557362249	0.452025557362249	0	3	14
1.29493403729749	1.57578190167313	1.3<thresh<1.6 FP=0 FN=3	0 1.43535796948531	1.43535796948531	0	3	548
1.57578190167313	9.08500842897606	1.6<thresh<Inf FP=0 FN=4	0 Inf	Inf	0	3	583
-13.3670578848165	-4.23600804220391	-Inf<thresh<-4.2 FP=12 FN=0	0.2 -Inf	-Inf	0.2	3	487
-4.23600804220391	-4.04345598753607	-4.2<thresh<-4.0 FP=11 FN=0	0.2 -4.13973201486999	-4.13973201486999	0.2	3	379
-4.04345598753607	-3.33807406515582	-4.0<thresh<-3.3 FP=8 FN=0	0.2 -3.69076502634595	-3.69076502634595	0.2	3	356
-3.33807406515582	-3.15405687671473	-3.3<thresh<-3.2 FP=5 FN=0	0.2 -3.24606547093528	-3.24606547093528	0.2	3	305
-3.15405687671473	-2.64530759505372	-3.2<thresh<-2.6 FP=4 FN=0	0.2 -2.89968223588422	-2.89968223588422	0.2	3	263
-2.64530759505372	-2.58814741115137	-2.6<thresh<-2.6 FP=3 FN=0	0.2 -2.61672750310254	-2.61672750310254	0.2	3	232
-2.58814741115137	-2.46078307000063	-2.6<thresh<-2.5 FP=2 FN=0	0.2 -2.524465240576	-2.524465240576	0.2	3	195
-2.46078307000063	-1.90344684308794	-2.5<thresh<-1.9 FP=2 FN=1	0.2 -2.18211495654429	-2.18211495654429	0.2	3	160
-1.90344684308794	-0.989307006366561	-1.9<thresh<-1.0 FP=2 FN=2	0.2 -1.44637692472725	-1.44637692472725	0.2	3	109
-0.989307006366561	-0.590882922572995	-1.0<thresh<-0.6 FP=1 FN=2	0.2 -0.790094964469778	-0.790094964469778	0.2	3	44
-0.590882922572995	1.09493403729749	-0.6<thresh<1.1 FP=0 FN=2	0.2 0.252025557362249	0.252025557362249	0.2	3	20
1.09493403729749	1.57578190167313	1.1<thresh<1.6 FP=0 FN=3	0.2 1.33535796948531	1.33535796948531	0.2	3	543
1.57578190167313	9.08500842897606	1.6<thresh<Inf FP=0 FN=4	0.2 Inf	Inf	0.2	3	584
-13.3670578848165	-4.43600804220391	-Inf<thresh<-4.4 FP=12 FN=0	0.4 -Inf	-Inf	0.4	3	488
-4.43600804220391	-4.04345598753607	-4.4<thresh<-4.0 FP=11 FN=0	0.4 -4.23973201486999	-4.23973201486999	0.4	3	384
-4.04345598753607	-3.53807406515583	-4.0<thresh<-3.5 FP=8 FN=0	0.4 -3.79076502634595	-3.79076502634595	0.4	3	362
-3.53807406515583	-3.15405687671473	-3.5<thresh<-3.2 FP=5 FN=0	0.4 -3.34606547093528	-3.34606547093528	0.4	3	311
-3.15405687671473	-2.84530759505372	-3.2<thresh<-2.8 FP=4 FN=0	0.4 -2.99968223588422	-2.99968223588422	0.4	3	289
-2.84530759505372	-2.58814741115137	-2.8<thresh<-2.6 FP=3 FN=0	0.4 -2.71672750310254	-2.71672750310254	0.4	3	238
-2.58814741115137	-2.46078307000063	-2.6<thresh<-2.5 FP=2 FN=0	0.4 -2.524465240576	-2.524465240576	0.4	3	196
-2.46078307000063	-2.10344684308794	-2.5<thresh<-2.1 FP=2 FN=1	0.4 -2.28211495654429	-2.28211495654429	0.4	3	166
-2.10344684308794	-0.989307006366561	-2.1<thresh<-1.0 FP=2 FN=2	0.4 -1.54637692472725	-1.54637692472725	0.4	3	115
-0.989307006366561	-0.790882922572996	-1.0<thresh<-0.8 FP=1 FN=2	0.4 -0.890094964469778	-0.890094964469778	0.4	3	50
-0.790882922572996	0.894934037297492	-0.8<thresh<0.9 FP=0 FN=2	0.4 0.0520255573622483	0.0520255573622483	0.4	3	26
0.894934037297492	1.57578190167313	0.9<thresh<1.6 FP=0 FN=3	0.4 1.23535796948531	1.23535796948531	0.4	3	537
1.57578190167313	9.08500842897606	1.6<thresh<Inf FP=0 FN=4	0.4 Inf	Inf	0.4	3	585
-13.3670578848165	-4.63600804220391	-Inf<thresh<-4.6 FP=12 FN=0	0.6 -Inf	-Inf	0.600000000000001	3	489
-4.63600804220391	-4.04345598753607	-4.6<thresh<-4.0 FP=11 FN=0	0.6 -4.33973201486999	-4.33973201486999	0.600000000000001	3	389
-4.04345598753607	-3.73807406515583	-4.0<thresh<-3.7 FP=8 FN=0	0.6 -3.89076502634595	-3.89076502634595	0.600000000000001	3	368
-3.73807406515583	-3.15405687671473	-3.7<thresh<-3.2 FP=5 FN=0	0.6 -3.44606547093528	-3.44606547093528	0.600000000000001	3	317
-3.15405687671473	-3.04530759505372	-3.2<thresh<-3.0 FP=4 FN=0	0.6 -3.09968223588423	-3.09968223588423	0.600000000000001	3	295
-3.04530759505372	-2.58814741115137	-3.0<thresh<-2.6 FP=3 FN=0	0.6 -2.81672750310254	-2.81672750310254	0.600000000000001	3	244
-2.58814741115137	-2.46078307000063	-2.6<thresh<-2.5 FP=2 FN=0	0.6 -2.524465240576	-2.524465240576	0.600000000000001	3	197
-2.46078307000063	-2.30344684308794	-2.5<thresh<-2.3 FP=2 FN=1	0.6 -2.38211495654429	-2.38211495654429	0.600000000000001	3	172
-2.30344684308794	-0.990882922572997	-2.3<thresh<-1.0 FP=2 FN=2	0.6 -1.64716488283047	-1.64716488283047	0.600000000000001	3	121
-0.990882922572997	-0.989307006366561	-1.0<thresh<-1.0 FP=1 FN=2	0.6 -0.990094964469779	-0.990094964469779	0.600000000000001	3	56
-0.989307006366561	0.694934037297491	-1.0<thresh<0.7 FP=0 FN=2	0.6 -0.147186484534535	-0.147186484534535	0.600000000000001	3	67
0.694934037297491	1.57578190167313	0.7<thresh<1.6 FP=0 FN=3	0.6 1.13535796948531	1.13535796948531	0.600000000000001	3	532
1.57578190167313	9.08500842897606	1.6<thresh<Inf FP=0 FN=4	0.6 Inf	Inf	0.600000000000001	3	586
-13.3670578848165	-4.83600804220391	-Inf<thresh<-4.8 FP=12 FN=0	0.800000000000001 -Inf	-Inf	0.800000000000001	3	490
-4.83600804220391	-4.04345598753607	-4.8<thresh<-4.0 FP=11 FN=0	0.800000000000001 -4.43973201486999	-4.43973201486999	0.800000000000001	3	394
-4.04345598753607	-3.93807406515583	-4.0<thresh<-3.9 FP=8 FN=0	0.800000000000001 -3.99076502634595	-3.99076502634595	0.800000000000001	3	373
-3.93807406515583	-3.24530759505372	-3.9<thresh<-3.2 FP=5 FN=0	0.800000000000001 -3.59169083010477	-3.59169083010477	0.800000000000001	3	322
-3.24530759505372	-3.15405687671473	-3.2<thresh<-3.2 FP=4 FN=0	0.800000000000001 -3.19968223588422	-3.19968223588422	0.800000000000001	3	301
-3.15405687671473	-2.58814741115137	-3.2<thresh<-2.6 FP=3 FN=0	0.800000000000001 -2.87110214393305	-2.87110214393305	0.800000000000001	3	258
-2.58814741115137	-2.50344684308794	-2.6<thresh<-2.5 FP=2 FN=0	0.800000000000001 -2.54579712711966	-2.54579712711966	0.800000000000001	3	198
-2.50344684308794	-2.46078307000063	-2.5<thresh<-2.5 FP=2 FN=1	0.800000000000001 -2.48211495654429	-2.48211495654429	0.800000000000001	3	178
-2.46078307000063	-1.190882922573	-2.5<thresh<-1.2 FP=2 FN=2	0.800000000000001 -1.82583299628681	-1.82583299628681	0.800000000000001	3	146
-1.190882922573	-0.989307006366561	-1.2<thresh<-1.0 FP=1 FN=2	0.800000000000001 -1.09009496446978	-1.09009496446978	0.800000000000001	3	87
-0.989307006366561	0.494934037297492	-1.0<thresh<0.5 FP=0 FN=2	0.800000000000001 -0.247186484534534	-0.247186484534534	0.800000000000001	3	65
0.494934037297492	1.57578190167313	0.5<thresh<1.6 FP=0 FN=3	0.800000000000001 1.03535796948531	1.03535796948531	0.800000000000001	3	526
1.57578190167313	9.08500842897606	1.6<thresh<Inf FP=0 FN=4	0.800000000000001 Inf	Inf	0.800000000000001	3	587
-13.3670578848165	-5.03600804220391	-Inf<thresh<-5.0 FP=12 FN=0	1 -Inf	-Inf	1	3	491
-5.03600804220391	-4.13807406515583	-5.0<thresh<-4.1 FP=11 FN=0	1 -4.58704105367987	-4.58704105367987	1	3	400
-4.13807406515583	-4.04345598753607	-4.1<thresh<-4.0 FP=8 FN=0	1 -4.09076502634595	-4.09076502634595	1	3	378
-4.04345598753607	-3.44530759505372	-4.0<thresh<-3.4 FP=5 FN=0	1 -3.74438179129489	-3.74438179129489	1	3	358
-3.44530759505372	-3.15405687671473	-3.4<thresh<-3.2 FP=4 FN=0	1 -3.29968223588422	-3.29968223588422	1	3	307
-3.15405687671473	-2.70344684308794	-3.2<thresh<-2.7 FP=3 FN=0	1 -2.92875185990134	-2.92875185990134	1	3	286
-2.70344684308794	-2.58814741115137	-2.7<thresh<-2.6 FP=3 FN=1	1 -2.64579712711966	-2.64579712711966	1	3	235
-2.58814741115137	-2.46078307000063	-2.6<thresh<-2.5 FP=2 FN=1	1 -2.524465240576	-2.524465240576	1	3	199
-2.46078307000063	-1.390882922573	-2.5<thresh<-1.4 FP=2 FN=2	1 -1.92583299628681	-1.92583299628681	1	3	149
-1.390882922573	-0.989307006366561	-1.4<thresh<-1.0 FP=1 FN=2	1 -1.19009496446978	-1.19009496446978	1	3	93
-0.989307006366561	0.294934037297493	-1.0<thresh<0.3 FP=0 FN=2	1 -0.347186484534534	-0.347186484534534	1	3	63
0.294934037297493	1.57578190167313	0.3<thresh<1.6 FP=0 FN=3	1 0.935357969485313	0.935357969485313	1	3	520
1.57578190167313	9.08500842897606	1.6<thresh<Inf FP=0 FN=4	1 Inf	Inf	1	3	588
-13.3670578848165	-5.23600804220391	-Inf<thresh<-5.2 FP=12 FN=0	1.2 -Inf	-Inf	1.2	3	492
-5.23600804220391	-4.33807406515582	-5.2<thresh<-4.3 FP=11 FN=0	1.2 -4.78704105367987	-4.78704105367987	1.2	3	405
-4.33807406515582	-4.04345598753607	-4.3<thresh<-4.0 FP=8 FN=0	1.2 -4.19076502634595	-4.19076502634595	1.2	3	383
-4.04345598753607	-3.64530759505372	-4.0<thresh<-3.6 FP=5 FN=0	1.2 -3.84438179129489	-3.84438179129489	1.2	3	364
-3.64530759505372	-3.15405687671473	-3.6<thresh<-3.2 FP=4 FN=0	1.2 -3.39968223588422	-3.39968223588422	1.2	3	313
-3.15405687671473	-2.90344684308794	-3.2<thresh<-2.9 FP=3 FN=0	1.2 -3.02875185990134	-3.02875185990134	1.2	3	292
-2.90344684308794	-2.58814741115137	-2.9<thresh<-2.6 FP=3 FN=1	1.2 -2.74579712711966	-2.74579712711966	1.2	3	241
-2.58814741115137	-2.46078307000063	-2.6<thresh<-2.5 FP=2 FN=1	1.2 -2.524465240576	-2.524465240576	1.2	3	200
-2.46078307000063	-1.59088292257299	-2.5<thresh<-1.6 FP=2 FN=2	1.2 -2.02583299628681	-2.02583299628681	1.2	3	152
-1.59088292257299	-0.989307006366561	-1.6<thresh<-1.0 FP=1 FN=2	1.2 -1.29009496446978	-1.29009496446978	1.2	3	99
-0.989307006366561	0.0949340372974934	-1.0<thresh<0.1 FP=0 FN=2	1.2 -0.447186484534534	-0.447186484534534	1.2	3	60
0.0949340372974934	1.57578190167313	0.1<thresh<1.6 FP=0 FN=3	1.2 0.835357969485313	0.835357969485314	1.2	3	515
1.57578190167313	9.08500842897606	1.6<thresh<Inf FP=0 FN=4	1.2 Inf	Inf	1.2	3	589
-13.3670578848165	-5.43600804220391	-Inf<thresh<-5.4 FP=12 FN=0	1.4 -Inf	-Inf	1.4	3	493
-5.43600804220391	-4.53807406515583	-5.4<thresh<-4.5 FP=11 FN=0	1.4 -4.98704105367987	-4.98704105367987	1.4	3	410
-4.53807406515583	-4.04345598753607	-4.5<thresh<-4.0 FP=8 FN=0	1.4 -4.29076502634595	-4.29076502634595	1.4	3	388
-4.04345598753607	-3.84530759505372	-4.0<thresh<-3.8 FP=5 FN=0	1.4 -3.94438179129489	-3.94438179129489	1.4	3	370
-3.84530759505372	-3.15405687671473	-3.8<thresh<-3.2 FP=4 FN=0	1.4 -3.49968223588422	-3.49968223588422	1.4	3	319
-3.15405687671473	-3.10344684308794	-3.2<thresh<-3.1 FP=3 FN=0	1.4 -3.12875185990134	-3.12875185990134	1.4	3	298
-3.10344684308794	-2.58814741115137	-3.1<thresh<-2.6 FP=3 FN=1	1.4 -2.84579712711966	-2.84579712711966	1.4	3	247
-2.58814741115137	-2.46078307000063	-2.6<thresh<-2.5 FP=2 FN=1	1.4 -2.524465240576	-2.524465240576	1.4	3	201
-2.46078307000063	-1.790882922573	-2.5<thresh<-1.8 FP=2 FN=2	1.4 -2.12583299628681	-2.12583299628681	1.4	3	156
-1.790882922573	-0.989307006366561	-1.8<thresh<-1.0 FP=1 FN=2	1.4 -1.39009496446978	-1.39009496446978	1.4	3	105
-0.989307006366561	-0.105065962702508	-1.0<thresh<-0.1 FP=0 FN=2	1.4 -0.547186484534534	-0.547186484534534	1.4	3	31
-0.105065962702508	1.57578190167313	-0.1<thresh<1.6 FP=0 FN=3	1.4 0.735357969485313	0.735357969485313	1.4	3	5
1.57578190167313	9.08500842897606	1.6<thresh<Inf FP=0 FN=4	1.4 Inf	Inf	1.4	3	590
-13.3670578848165	-5.63600804220391	-Inf<thresh<-5.6 FP=12 FN=0	1.6 -Inf	-Inf	1.6	3	494
-5.63600804220391	-4.73807406515583	-5.6<thresh<-4.7 FP=11 FN=0	1.6 -5.18704105367987	-5.18704105367987	1.6	3	414
-4.73807406515583	-4.04530759505372	-4.7<thresh<-4.0 FP=8 FN=0	1.6 -4.39169083010477	-4.39169083010477	1.6	3	393
-4.04530759505372	-4.04345598753607	-4.0<thresh<-4.0 FP=7 FN=0	1.6 -4.04438179129489	-4.04438179129489	1.6	3	375
-4.04345598753607	-3.30344684308794	-4.0<thresh<-3.3 FP=4 FN=0	1.6 -3.67345141531201	-3.67345141531201	1.6	3	355
-3.30344684308794	-3.15405687671473	-3.3<thresh<-3.2 FP=4 FN=1	1.6 -3.22875185990134	-3.22875185990134	1.6	3	304
-3.15405687671473	-2.58814741115137	-3.2<thresh<-2.6 FP=3 FN=1	1.6 -2.87110214393305	-2.87110214393305	1.6	3	259
-2.58814741115137	-2.46078307000063	-2.6<thresh<-2.5 FP=2 FN=1	1.6 -2.524465240576	-2.524465240576	1.6	3	202
-2.46078307000063	-1.990882922573	-2.5<thresh<-2.0 FP=2 FN=2	1.6 -2.22583299628681	-2.22583299628681	1.6	3	162
-1.990882922573	-0.989307006366561	-2.0<thresh<-1.0 FP=1 FN=2	1.6 -1.49009496446978	-1.49009496446978	1.6	3	111
-0.989307006366561	-0.305065962702509	-1.0<thresh<-0.3 FP=0 FN=2	1.6 -0.647186484534535	-0.647186484534535	1.6	3	35
-0.305065962702509	1.57578190167313	-0.3<thresh<1.6 FP=0 FN=3	1.6 0.635357969485312	0.635357969485312	1.6	3	11
1.57578190167313	9.08500842897606	1.6<thresh<Inf FP=0 FN=4	1.6 Inf	Inf	1.6	3	591
-13.3670578848165	-5.83600804220391	-Inf<thresh<-5.8 FP=12 FN=0	1.8 -Inf	-Inf	1.8	3	495
-5.83600804220391	-4.93807406515583	-5.8<thresh<-4.9 FP=11 FN=0	1.8 -5.38704105367987	-5.38704105367987	1.8	3	418
-4.93807406515583	-4.24530759505372	-4.9<thresh<-4.2 FP=8 FN=0	1.8 -4.59169083010477	-4.59169083010477	1.8	3	398
-4.24530759505372	-4.04345598753607	-4.2<thresh<-4.0 FP=7 FN=0	1.8 -4.14438179129489	-4.14438179129489	1.8	3	381
-4.04345598753607	-3.50344684308794	-4.0<thresh<-3.5 FP=4 FN=0	1.8 -3.77345141531201	-3.77345141531201	1.8	3	361
-3.50344684308794	-3.15405687671473	-3.5<thresh<-3.2 FP=4 FN=1	1.8 -3.32875185990134	-3.32875185990134	1.8	3	310
-3.15405687671473	-2.58814741115137	-3.2<thresh<-2.6 FP=3 FN=1	1.8 -2.87110214393305	-2.87110214393305	1.8	3	260
-2.58814741115137	-2.46078307000063	-2.6<thresh<-2.5 FP=2 FN=1	1.8 -2.524465240576	-2.524465240576	1.8	3	203
-2.46078307000063	-2.190882922573	-2.5<thresh<-2.2 FP=2 FN=2	1.8 -2.32583299628681	-2.32583299628681	1.8	3	168
-2.190882922573	-0.989307006366561	-2.2<thresh<-1.0 FP=1 FN=2	1.8 -1.59009496446978	-1.59009496446978	1.8	3	117
-0.989307006366561	-0.505065962702508	-1.0<thresh<-0.5 FP=0 FN=2	1.8 -0.747186484534534	-0.747186484534534	1.8	3	41
-0.505065962702508	1.57578190167313	-0.5<thresh<1.6 FP=0 FN=3	1.8 0.535357969485313	0.535357969485313	1.8	3	17
1.57578190167313	9.08500842897606	1.6<thresh<Inf FP=0 FN=4	1.8 Inf	Inf	1.8	3	592
-13.3670578848165	-6.03600804220391	-Inf<thresh<-6.0 FP=12 FN=0	2 -Inf	-Inf	2	3	496
-6.03600804220391	-5.13807406515583	-6.0<thresh<-5.1 FP=11 FN=0	2 -5.58704105367987	-5.58704105367987	2	3	422
-5.13807406515583	-4.44530759505372	-5.1<thresh<-4.4 FP=8 FN=0	2 -4.79169083010477	-4.79169083010477	2	3	403
-4.44530759505372	-4.04345598753607	-4.4<thresh<-4.0 FP=7 FN=0	2 -4.24438179129489	-4.24438179129489	2	3	386
-4.04345598753607	-3.70344684308794	-4.0<thresh<-3.7 FP=4 FN=0	2 -3.87345141531201	-3.87345141531201	2	3	367
-3.70344684308794	-3.15405687671473	-3.7<thresh<-3.2 FP=4 FN=1	2 -3.42875185990134	-3.42875185990134	2	3	316
-3.15405687671473	-2.58814741115137	-3.2<thresh<-2.6 FP=3 FN=1	2 -2.87110214393305	-2.87110214393305	2	3	261
-2.58814741115137	-2.46078307000063	-2.6<thresh<-2.5 FP=2 FN=1	2 -2.524465240576	-2.524465240576	2	3	204
-2.46078307000063	-2.390882922573	-2.5<thresh<-2.4 FP=2 FN=2	2 -2.42583299628681	-2.42583299628681	2	3	174
-2.390882922573	-0.989307006366561	-2.4<thresh<-1.0 FP=1 FN=2	2 -1.69009496446978	-1.69009496446978	2	3	123
-0.989307006366561	-0.705065962702507	-1.0<thresh<-0.7 FP=0 FN=2	2 -0.847186484534534	-0.847186484534534	2	3	47
-0.705065962702507	1.57578190167313	-0.7<thresh<1.6 FP=0 FN=3	2 0.435357969485313	0.435357969485313	2	3	23
1.57578190167313	9.08500842897606	1.6<thresh<Inf FP=0 FN=4	2 Inf	Inf	2	3	593
-13.3670578848165	-6.23600804220391	-Inf<thresh<-6.2 FP=12 FN=0	2.2 -Inf	-Inf	2.2	3	497
-6.23600804220391	-5.33807406515582	-6.2<thresh<-5.3 FP=11 FN=0	2.2 -5.78704105367987	-5.78704105367987	2.2	3	426
-5.33807406515582	-4.64530759505372	-5.3<thresh<-4.6 FP=8 FN=0	2.2 -4.99169083010477	-4.99169083010477	2.2	3	408
-4.64530759505372	-4.04345598753607	-4.6<thresh<-4.0 FP=7 FN=0	2.2 -4.34438179129489	-4.34438179129489	2.2	3	391
-4.04345598753607	-3.90344684308794	-4.0<thresh<-3.9 FP=4 FN=0	2.2 -3.97345141531201	-3.97345141531201	2.2	3	372
-3.90344684308794	-3.15405687671473	-3.9<thresh<-3.2 FP=4 FN=1	2.2 -3.52875185990134	-3.52875185990134	2.2	3	321
-3.15405687671473	-2.59088292257299	-3.2<thresh<-2.6 FP=3 FN=1	2.2 -2.87246989964386	-2.87246989964386	2.2	3	262
-2.59088292257299	-2.58814741115137	-2.6<thresh<-2.6 FP=2 FN=1	2.2 -2.58951516686218	-2.58951516686218	2.2	3	231
-2.58814741115137	-2.46078307000063	-2.6<thresh<-2.5 FP=1 FN=1	2.2 -2.524465240576	-2.524465240576	2.2	3	180
-2.46078307000063	-0.989307006366561	-2.5<thresh<-1.0 FP=1 FN=2	2.2 -1.7250450381836	-1.7250450381836	2.2	3	126
-0.989307006366561	-0.905065962702507	-1.0<thresh<-0.9 FP=0 FN=2	2.2 -0.947186484534534	-0.947186484534534	2.2	3	53
-0.905065962702507	1.57578190167313	-0.9<thresh<1.6 FP=0 FN=3	2.2 0.335357969485313	0.335357969485314	2.2	3	29
1.57578190167313	9.08500842897606	1.6<thresh<Inf FP=0 FN=4	2.2 Inf	Inf	2.2	3	594
-13.3670578848165	-6.43600804220391	-Inf<thresh<-6.4 FP=12 FN=0	2.4 -Inf	-Inf	2.4	3	498
-6.43600804220391	-5.53807406515583	-6.4<thresh<-5.5 FP=11 FN=0	2.4 -5.98704105367987	-5.98704105367987	2.4	3	430
-5.53807406515583	-4.84530759505372	-5.5<thresh<-4.8 FP=8 FN=0	2.4 -5.19169083010477	-5.19169083010477	2.4	3	413
-4.84530759505372	-4.10344684308794	-4.8<thresh<-4.1 FP=7 FN=0	2.4 -4.47437721907083	-4.47437721907083	2.4	3	396
-4.10344684308794	-4.04345598753607	-4.1<thresh<-4.0 FP=7 FN=1	2.4 -4.07345141531201	-4.07345141531201	2.4	3	377
-4.04345598753607	-3.15405687671473	-4.0<thresh<-3.2 FP=4 FN=1	2.4 -3.5987564321254	-3.5987564321254	2.4	3	328
-3.15405687671473	-2.790882922573	-3.2<thresh<-2.8 FP=3 FN=1	2.4 -2.97246989964386	-2.97246989964386	2.4	3	288
-2.790882922573	-2.58814741115137	-2.8<thresh<-2.6 FP=2 FN=1	2.4 -2.68951516686218	-2.68951516686218	2.4	3	237
-2.58814741115137	-2.46078307000063	-2.6<thresh<-2.5 FP=1 FN=1	2.4 -2.524465240576	-2.524465240576	2.4	3	181
-2.46078307000063	-1.10506596270251	-2.5<thresh<-1.1 FP=1 FN=2	2.4 -1.78292451635157	-1.78292451635157	2.4	3	145
-1.10506596270251	-0.989307006366561	-1.1<thresh<-1.0 FP=1 FN=3	2.4 -1.04718648453453	-1.04718648453453	2.4	3	84
-0.989307006366561	1.57578190167313	-1.0<thresh<1.6 FP=0 FN=3	2.4 0.293237447653286	0.293237447653286	2.4	3	70
1.57578190167313	9.08500842897606	1.6<thresh<Inf FP=0 FN=4	2.4 Inf	Inf	2.4	3	595
-13.3670578848165	-6.63600804220391	-Inf<thresh<-6.6 FP=12 FN=0	2.6 -Inf	-Inf	2.6	3	499
-6.63600804220391	-5.73807406515583	-6.6<thresh<-5.7 FP=11 FN=0	2.6 -6.18704105367987	-6.18704105367987	2.6	3	434
-5.73807406515583	-5.04530759505372	-5.7<thresh<-5.0 FP=8 FN=0	2.6 -5.39169083010477	-5.39169083010477	2.6	3	417
-5.04530759505372	-4.30344684308794	-5.0<thresh<-4.3 FP=7 FN=0	2.6 -4.67437721907083	-4.67437721907083	2.6	3	401
-4.30344684308794	-4.04345598753607	-4.3<thresh<-4.0 FP=7 FN=1	2.6 -4.17345141531201	-4.17345141531201	2.6	3	382
-4.04345598753607	-3.15405687671473	-4.0<thresh<-3.2 FP=4 FN=1	2.6 -3.5987564321254	-3.5987564321254	2.6	3	329
-3.15405687671473	-2.990882922573	-3.2<thresh<-3.0 FP=3 FN=1	2.6 -3.07246989964386	-3.07246989964386	2.6	3	294
-2.990882922573	-2.58814741115137	-3.0<thresh<-2.6 FP=2 FN=1	2.6 -2.78951516686218	-2.78951516686218	2.6	3	243
-2.58814741115137	-2.46078307000063	-2.6<thresh<-2.5 FP=1 FN=1	2.6 -2.524465240576	-2.524465240576	2.6	3	182
-2.46078307000063	-1.30506596270251	-2.5<thresh<-1.3 FP=1 FN=2	2.6 -1.88292451635157	-1.88292451635157	2.6	3	148
-1.30506596270251	-0.989307006366561	-1.3<thresh<-1.0 FP=1 FN=3	2.6 -1.14718648453453	-1.14718648453453	2.6	3	90
-0.989307006366561	1.57578190167313	-1.0<thresh<1.6 FP=0 FN=3	2.6 0.293237447653286	0.293237447653286	2.6	3	71
1.57578190167313	9.08500842897606	1.6<thresh<Inf FP=0 FN=4	2.6 Inf	Inf	2.6	3	596
-13.3670578848165	-6.83600804220391	-Inf<thresh<-6.8 FP=12 FN=0	2.8 -Inf	-Inf	2.8	3	500
-6.83600804220391	-5.93807406515583	-6.8<thresh<-5.9 FP=11 FN=0	2.8 -6.38704105367987	-6.38704105367987	2.8	3	438
-5.93807406515583	-5.24530759505372	-5.9<thresh<-5.2 FP=8 FN=0	2.8 -5.59169083010477	-5.59169083010477	2.8	3	421
-5.24530759505372	-4.50344684308794	-5.2<thresh<-4.5 FP=7 FN=0	2.8 -4.87437721907083	-4.87437721907083	2.8	3	406
-4.50344684308794	-4.04345598753607	-4.5<thresh<-4.0 FP=7 FN=1	2.8 -4.27345141531201	-4.27345141531201	2.8	3	387
-4.04345598753607	-3.190882922573	-4.0<thresh<-3.2 FP=4 FN=1	2.8 -3.61716945505453	-3.61716945505453	2.8	3	330
-3.190882922573	-3.15405687671473	-3.2<thresh<-3.2 FP=3 FN=1	2.8 -3.17246989964386	-3.17246989964386	2.8	3	300
-3.15405687671473	-2.58814741115137	-3.2<thresh<-2.6 FP=2 FN=1	2.8 -2.87110214393305	-2.87110214393305	2.8	3	249
-2.58814741115137	-2.46078307000063	-2.6<thresh<-2.5 FP=1 FN=1	2.8 -2.524465240576	-2.524465240576	2.8	3	183
-2.46078307000063	-1.50506596270251	-2.5<thresh<-1.5 FP=1 FN=2	2.8 -1.98292451635157	-1.98292451635157	2.8	3	151
-1.50506596270251	-0.989307006366561	-1.5<thresh<-1.0 FP=1 FN=3	2.8 -1.24718648453453	-1.24718648453453	2.8	3	96
-0.989307006366561	1.57578190167313	-1.0<thresh<1.6 FP=0 FN=3	2.8 0.293237447653286	0.293237447653286	2.8	3	72
1.57578190167313	9.08500842897606	1.6<thresh<Inf FP=0 FN=4	2.8 Inf	Inf	2.8	3	597
-13.3670578848165	-7.03600804220391	-Inf<thresh<-7.0 FP=12 FN=0	3 -Inf	-Inf	3	3	501
-7.03600804220391	-6.13807406515583	-7.0<thresh<-6.1 FP=11 FN=0	3 -6.58704105367987	-6.58704105367987	3	3	441
-6.13807406515583	-5.44530759505372	-6.1<thresh<-5.4 FP=8 FN=0	3 -5.79169083010477	-5.79169083010477	3	3	425
-5.44530759505372	-4.70344684308794	-5.4<thresh<-4.7 FP=7 FN=0	3 -5.07437721907083	-5.07437721907083	3	3	411
-4.70344684308794	-4.04345598753607	-4.7<thresh<-4.0 FP=7 FN=1	3 -4.37345141531201	-4.37345141531201	3	3	392
-4.04345598753607	-3.390882922573	-4.0<thresh<-3.4 FP=4 FN=1	3 -3.71716945505453	-3.71716945505453	3	3	357
-3.390882922573	-3.15405687671473	-3.4<thresh<-3.2 FP=3 FN=1	3 -3.27246989964386	-3.27246989964386	3	3	306
-3.15405687671473	-2.58814741115137	-3.2<thresh<-2.6 FP=2 FN=1	3 -2.87110214393305	-2.87110214393305	3	3	250
-2.58814741115137	-2.46078307000063	-2.6<thresh<-2.5 FP=1 FN=1	3 -2.524465240576	-2.524465240576	3	3	184
-2.46078307000063	-1.70506596270251	-2.5<thresh<-1.7 FP=1 FN=2	3 -2.08292451635157	-2.08292451635157	3	3	154
-1.70506596270251	-0.989307006366561	-1.7<thresh<-1.0 FP=1 FN=3	3 -1.34718648453453	-1.34718648453453	3	3	102
-0.989307006366561	1.57578190167313	-1.0<thresh<1.6 FP=0 FN=3	3 0.293237447653286	0.293237447653286	3	3	73
1.57578190167313	9.08500842897606	1.6<thresh<Inf FP=0 FN=4	3 Inf	Inf	3	3	598
-13.3670578848165	-7.23600804220391	-Inf<thresh<-7.2 FP=12 FN=0	3.2 -Inf	-Inf	3.2	3	502
-7.23600804220391	-6.33807406515583	-7.2<thresh<-6.3 FP=11 FN=0	3.2 -6.78704105367987	-6.78704105367987	3.2	3	444
-6.33807406515583	-5.64530759505372	-6.3<thresh<-5.6 FP=8 FN=0	3.2 -5.99169083010477	-5.99169083010477	3.2	3	429
-5.64530759505372	-4.90344684308794	-5.6<thresh<-4.9 FP=7 FN=0	3.2 -5.27437721907083	-5.27437721907083	3.2	3	415
-4.90344684308794	-4.04345598753607	-4.9<thresh<-4.0 FP=7 FN=1	3.2 -4.47345141531201	-4.47345141531201	3.2	3	397
-4.04345598753607	-3.590882922573	-4.0<thresh<-3.6 FP=4 FN=1	3.2 -3.81716945505453	-3.81716945505453	3.2	3	363
-3.590882922573	-3.15405687671473	-3.6<thresh<-3.2 FP=3 FN=1	3.2 -3.37246989964386	-3.37246989964386	3.2	3	312
-3.15405687671473	-2.58814741115137	-3.2<thresh<-2.6 FP=2 FN=1	3.2 -2.87110214393305	-2.87110214393305	3.2	3	251
-2.58814741115137	-2.46078307000063	-2.6<thresh<-2.5 FP=1 FN=1	3.2 -2.524465240576	-2.524465240576	3.2	3	185
-2.46078307000063	-1.90506596270251	-2.5<thresh<-1.9 FP=1 FN=2	3.2 -2.18292451635157	-2.18292451635157	3.2	3	159
-1.90506596270251	-0.989307006366561	-1.9<thresh<-1.0 FP=1 FN=3	3.2 -1.44718648453453	-1.44718648453453	3.2	3	108
-0.989307006366561	1.57578190167313	-1.0<thresh<1.6 FP=0 FN=3	3.2 0.293237447653286	0.293237447653286	3.2	3	74
1.57578190167313	9.08500842897606	1.6<thresh<Inf FP=0 FN=4	3.2 Inf	Inf	3.2	3	599
-13.3670578848165	-7.43600804220391	-Inf<thresh<-7.4 FP=12 FN=0	3.4 -Inf	-Inf	3.4	3	503
-7.43600804220391	-6.53807406515583	-7.4<thresh<-6.5 FP=11 FN=0	3.4 -6.98704105367987	-6.98704105367987	3.4	3	447
-6.53807406515583	-5.84530759505372	-6.5<thresh<-5.8 FP=8 FN=0	3.4 -6.19169083010477	-6.19169083010477	3.4	3	433
-5.84530759505372	-5.10344684308794	-5.8<thresh<-5.1 FP=7 FN=0	3.4 -5.47437721907083	-5.47437721907083	3.4	3	419
-5.10344684308794	-4.04345598753607	-5.1<thresh<-4.0 FP=7 FN=1	3.4 -4.57345141531201	-4.57345141531201	3.4	3	402
-4.04345598753607	-3.790882922573	-4.0<thresh<-3.8 FP=4 FN=1	3.4 -3.91716945505453	-3.91716945505453	3.4	3	369
-3.790882922573	-3.15405687671473	-3.8<thresh<-3.2 FP=3 FN=1	3.4 -3.47246989964386	-3.47246989964386	3.4	3	318
-3.15405687671473	-2.58814741115137	-3.2<thresh<-2.6 FP=2 FN=1	3.4 -2.87110214393305	-2.87110214393305	3.4	3	252
-2.58814741115137	-2.46078307000063	-2.6<thresh<-2.5 FP=1 FN=1	3.4 -2.524465240576	-2.524465240576	3.4	3	186
-2.46078307000063	-2.10506596270251	-2.5<thresh<-2.1 FP=1 FN=2	3.4 -2.28292451635157	-2.28292451635157	3.4	3	165
-2.10506596270251	-0.989307006366561	-2.1<thresh<-1.0 FP=1 FN=3	3.4 -1.54718648453453	-1.54718648453453	3.4	3	114
-0.989307006366561	1.57578190167313	-1.0<thresh<1.6 FP=0 FN=3	3.4 0.293237447653286	0.293237447653286	3.4	3	75
1.57578190167313	9.08500842897606	1.6<thresh<Inf FP=0 FN=4	3.4 Inf	Inf	3.4	3	600
-13.3670578848165	-7.63600804220391	-Inf<thresh<-7.6 FP=12 FN=0	3.6 -Inf	-Inf	3.6	3	504
-7.63600804220391	-6.73807406515583	-7.6<thresh<-6.7 FP=11 FN=0	3.6 -7.18704105367987	-7.18704105367987	3.6	3	450
-6.73807406515583	-6.04530759505372	-6.7<thresh<-6.0 FP=8 FN=0	3.6 -6.39169083010477	-6.39169083010477	3.6	3	437
-6.04530759505372	-5.30344684308794	-6.0<thresh<-5.3 FP=7 FN=0	3.6 -5.67437721907083	-5.67437721907083	3.6	3	423
-5.30344684308794	-4.04345598753607	-5.3<thresh<-4.0 FP=7 FN=1	3.6 -4.67345141531201	-4.67345141531201	3.6	3	407
-4.04345598753607	-3.990882922573	-4.0<thresh<-4.0 FP=4 FN=1	3.6 -4.01716945505453	-4.01716945505453	3.6	3	374
-3.990882922573	-3.15405687671473	-4.0<thresh<-3.2 FP=3 FN=1	3.6 -3.57246989964386	-3.57246989964386	3.6	3	323
-3.15405687671473	-2.58814741115137	-3.2<thresh<-2.6 FP=2 FN=1	3.6 -2.87110214393305	-2.87110214393305	3.6	3	253
-2.58814741115137	-2.46078307000063	-2.6<thresh<-2.5 FP=1 FN=1	3.6 -2.524465240576	-2.524465240576	3.6	3	187
-2.46078307000063	-2.30506596270251	-2.5<thresh<-2.3 FP=1 FN=2	3.6 -2.38292451635157	-2.38292451635157	3.6	3	171
-2.30506596270251	-0.989307006366561	-2.3<thresh<-1.0 FP=1 FN=3	3.6 -1.64718648453453	-1.64718648453453	3.6	3	120
-0.989307006366561	1.57578190167313	-1.0<thresh<1.6 FP=0 FN=3	3.6 0.293237447653286	0.293237447653286	3.6	3	76
1.57578190167313	9.08500842897606	1.6<thresh<Inf FP=0 FN=4	3.6 Inf	Inf	3.6	3	601
-13.3670578848165	-7.83600804220391	-Inf<thresh<-7.8 FP=12 FN=0	3.8 -Inf	-Inf	3.8	3	505
-7.83600804220391	-6.93807406515583	-7.8<thresh<-6.9 FP=11 FN=0	3.8 -7.38704105367987	-7.38704105367987	3.8	3	452
-6.93807406515583	-6.24530759505372	-6.9<thresh<-6.2 FP=8 FN=0	3.8 -6.59169083010477	-6.59169083010477	3.8	3	440
-6.24530759505372	-5.50344684308794	-6.2<thresh<-5.5 FP=7 FN=0	3.8 -5.87437721907083	-5.87437721907083	3.8	3	427
-5.50344684308794	-4.190882922573	-5.5<thresh<-4.2 FP=7 FN=1	3.8 -4.84716488283047	-4.84716488283047	3.8	3	412
-4.190882922573	-4.04345598753607	-4.2<thresh<-4.0 FP=6 FN=1	3.8 -4.11716945505453	-4.11716945505453	3.8	3	380
-4.04345598753607	-3.15405687671473	-4.0<thresh<-3.2 FP=3 FN=1	3.8 -3.5987564321254	-3.5987564321254	3.8	3	324
-3.15405687671473	-2.58814741115137	-3.2<thresh<-2.6 FP=2 FN=1	3.8 -2.87110214393305	-2.87110214393305	3.8	3	254
-2.58814741115137	-2.50506596270251	-2.6<thresh<-2.5 FP=1 FN=1	3.8 -2.54660668692694	-2.54660668692694	3.8	3	188
-2.50506596270251	-2.46078307000063	-2.5<thresh<-2.5 FP=1 FN=2	3.8 -2.48292451635157	-2.48292451635157	3.8	3	177
-2.46078307000063	-0.989307006366561	-2.5<thresh<-1.0 FP=1 FN=3	3.8 -1.7250450381836	-1.7250450381836	3.8	3	127
-0.989307006366561	1.57578190167313	-1.0<thresh<1.6 FP=0 FN=3	3.8 0.293237447653286	0.293237447653286	3.8	3	77
1.57578190167313	9.08500842897606	1.6<thresh<Inf FP=0 FN=4	3.8 Inf	Inf	3.8	3	602
-13.3670578848165	-8.03600804220391	-Inf<thresh<-8.0 FP=12 FN=0	4 -Inf	-Inf	4	3	506
-8.03600804220391	-7.13807406515583	-8.0<thresh<-7.1 FP=11 FN=0	4 -7.58704105367987	-7.58704105367987	4	3	454
-7.13807406515583	-6.44530759505372	-7.1<thresh<-6.4 FP=8 FN=0	4 -6.79169083010477	-6.79169083010477	4	3	443
-6.44530759505372	-5.70344684308794	-6.4<thresh<-5.7 FP=7 FN=0	4 -6.07437721907083	-6.07437721907083	4	3	431
-5.70344684308794	-4.390882922573	-5.7<thresh<-4.4 FP=7 FN=1	4 -5.04716488283047	-5.04716488283047	4	3	416
-4.390882922573	-4.04345598753607	-4.4<thresh<-4.0 FP=6 FN=1	4 -4.21716945505453	-4.21716945505453	4	3	385
-4.04345598753607	-3.15405687671473	-4.0<thresh<-3.2 FP=3 FN=1	4 -3.5987564321254	-3.5987564321254	4	3	325
-3.15405687671473	-2.70506596270251	-3.2<thresh<-2.7 FP=2 FN=1	4 -2.92956141970862	-2.92956141970862	4	3	285
-2.70506596270251	-2.58814741115137	-2.7<thresh<-2.6 FP=2 FN=2	4 -2.64660668692694	-2.64660668692694	4	3	234
-2.58814741115137	-2.46078307000063	-2.6<thresh<-2.5 FP=1 FN=2	4 -2.524465240576	-2.524465240576	4	3	189
-2.46078307000063	-0.989307006366561	-2.5<thresh<-1.0 FP=1 FN=3	4 -1.7250450381836	-1.7250450381836	4	3	128
-0.989307006366561	1.57578190167313	-1.0<thresh<1.6 FP=0 FN=3	4 0.293237447653286	0.293237447653286	4	3	78
1.57578190167313	9.08500842897606	1.6<thresh<Inf FP=0 FN=4	4 Inf	Inf	4	3	603
-13.3670578848165	-8.23600804220391	-Inf<thresh<-8.2 FP=12 FN=0	4.2 -Inf	-Inf	4.2	3	507
-8.23600804220391	-7.33807406515583	-8.2<thresh<-7.3 FP=11 FN=0	4.2 -7.78704105367987	-7.78704105367987	4.2	3	456
-7.33807406515583	-6.64530759505372	-7.3<thresh<-6.6 FP=8 FN=0	4.2 -6.99169083010477	-6.99169083010477	4.2	3	446
-6.64530759505372	-5.90344684308794	-6.6<thresh<-5.9 FP=7 FN=0	4.2 -6.27437721907083	-6.27437721907083	4.2	3	435
-5.90344684308794	-4.590882922573	-5.9<thresh<-4.6 FP=7 FN=1	4.2 -5.24716488283047	-5.24716488283047	4.2	3	420
-4.590882922573	-4.04345598753607	-4.6<thresh<-4.0 FP=6 FN=1	4.2 -4.31716945505453	-4.31716945505453	4.2	3	390
-4.04345598753607	-3.15405687671473	-4.0<thresh<-3.2 FP=3 FN=1	4.2 -3.5987564321254	-3.5987564321254	4.2	3	326
-3.15405687671473	-2.90506596270251	-3.2<thresh<-2.9 FP=2 FN=1	4.2 -3.02956141970862	-3.02956141970862	4.2	3	291
-2.90506596270251	-2.58814741115137	-2.9<thresh<-2.6 FP=2 FN=2	4.2 -2.74660668692694	-2.74660668692694	4.2	3	240
-2.58814741115137	-2.46078307000063	-2.6<thresh<-2.5 FP=1 FN=2	4.2 -2.524465240576	-2.524465240576	4.2	3	190
-2.46078307000063	-0.989307006366561	-2.5<thresh<-1.0 FP=1 FN=3	4.2 -1.7250450381836	-1.7250450381836	4.2	3	129
-0.989307006366561	1.57578190167313	-1.0<thresh<1.6 FP=0 FN=3	4.2 0.293237447653286	0.293237447653286	4.2	3	79
1.57578190167313	9.08500842897606	1.6<thresh<Inf FP=0 FN=4	4.2 Inf	Inf	4.2	3	604
-13.3670578848165	-8.43600804220391	-Inf<thresh<-8.4 FP=12 FN=0	4.4 -Inf	-Inf	4.4	3	508
-8.43600804220391	-7.53807406515583	-8.4<thresh<-7.5 FP=11 FN=0	4.4 -7.98704105367987	-7.98704105367987	4.4	3	457
-7.53807406515583	-6.84530759505372	-7.5<thresh<-6.8 FP=8 FN=0	4.4 -7.19169083010477	-7.19169083010477	4.4	3	449
-6.84530759505372	-6.10344684308794	-6.8<thresh<-6.1 FP=7 FN=0	4.4 -6.47437721907083	-6.47437721907083	4.4	3	439
-6.10344684308794	-4.790882922573	-6.1<thresh<-4.8 FP=7 FN=1	4.4 -5.44716488283047	-5.44716488283047	4.4	3	424
-4.790882922573	-4.04345598753607	-4.8<thresh<-4.0 FP=6 FN=1	4.4 -4.41716945505453	-4.41716945505453	4.4	3	395
-4.04345598753607	-3.15405687671473	-4.0<thresh<-3.2 FP=3 FN=1	4.4 -3.5987564321254	-3.5987564321254	4.4	3	327
-3.15405687671473	-3.10506596270251	-3.2<thresh<-3.1 FP=2 FN=1	4.4 -3.12956141970862	-3.12956141970862	4.4	3	297
-3.10506596270251	-2.58814741115137	-3.1<thresh<-2.6 FP=2 FN=2	4.4 -2.84660668692694	-2.84660668692694	4.4	3	246
-2.58814741115137	-2.46078307000063	-2.6<thresh<-2.5 FP=1 FN=2	4.4 -2.524465240576	-2.524465240576	4.4	3	191
-2.46078307000063	-0.989307006366561	-2.5<thresh<-1.0 FP=1 FN=3	4.4 -1.7250450381836	-1.7250450381836	4.4	3	130
-0.989307006366561	1.57578190167313	-1.0<thresh<1.6 FP=0 FN=3	4.4 0.293237447653286	0.293237447653286	4.4	3	80
1.57578190167313	9.08500842897606	1.6<thresh<Inf FP=0 FN=4	4.4 Inf	Inf	4.4	3	605
-13.3670578848165	-8.63600804220392	-Inf<thresh<-8.6 FP=12 FN=0	4.6 -Inf	-Inf	4.6	3	509
-8.63600804220392	-7.73807406515583	-8.6<thresh<-7.7 FP=11 FN=0	4.6 -8.18704105367987	-8.18704105367987	4.6	3	458
-7.73807406515583	-7.04530759505372	-7.7<thresh<-7.0 FP=8 FN=0	4.6 -7.39169083010477	-7.39169083010477	4.6	3	451
-7.04530759505372	-6.30344684308794	-7.0<thresh<-6.3 FP=7 FN=0	4.6 -6.67437721907083	-6.67437721907083	4.6	3	442
-6.30344684308794	-4.990882922573	-6.3<thresh<-5.0 FP=7 FN=1	4.6 -5.64716488283047	-5.64716488283047	4.6	3	428
-4.990882922573	-4.04345598753607	-5.0<thresh<-4.0 FP=6 FN=1	4.6 -4.51716945505453	-4.51716945505453	4.6	3	399
-4.04345598753607	-3.30506596270251	-4.0<thresh<-3.3 FP=3 FN=1	4.6 -3.67426097511929	-3.67426097511929	4.6	3	354
-3.30506596270251	-3.15405687671473	-3.3<thresh<-3.2 FP=3 FN=2	4.6 -3.22956141970862	-3.22956141970862	4.6	3	303
-3.15405687671473	-2.58814741115137	-3.2<thresh<-2.6 FP=2 FN=2	4.6 -2.87110214393305	-2.87110214393305	4.6	3	255
-2.58814741115137	-2.46078307000063	-2.6<thresh<-2.5 FP=1 FN=2	4.6 -2.524465240576	-2.524465240576	4.6	3	192
-2.46078307000063	-0.989307006366561	-2.5<thresh<-1.0 FP=1 FN=3	4.6 -1.7250450381836	-1.7250450381836	4.6	3	131
-0.989307006366561	1.57578190167313	-1.0<thresh<1.6 FP=0 FN=3	4.6 0.293237447653286	0.293237447653286	4.6	3	81
1.57578190167313	9.08500842897606	1.6<thresh<Inf FP=0 FN=4	4.6 Inf	Inf	4.6	3	606
-13.3670578848165	-8.83600804220392	-Inf<thresh<-8.8 FP=12 FN=0	4.8 -Inf	-Inf	4.8	3	510
-8.83600804220392	-7.93807406515583	-8.8<thresh<-7.9 FP=11 FN=0	4.8 -8.38704105367987	-8.38704105367987	4.8	3	459
-7.93807406515583	-7.24530759505372	-7.9<thresh<-7.2 FP=8 FN=0	4.8 -7.59169083010477	-7.59169083010477	4.8	3	453
-7.24530759505372	-6.50344684308794	-7.2<thresh<-6.5 FP=7 FN=0	4.8 -6.87437721907083	-6.87437721907083	4.8	3	445
-6.50344684308794	-5.190882922573	-6.5<thresh<-5.2 FP=7 FN=1	4.8 -5.84716488283047	-5.84716488283047	4.8	3	432
-5.190882922573	-4.04345598753607	-5.2<thresh<-4.0 FP=6 FN=1	4.8 -4.61716945505453	-4.61716945505453	4.8	3	404
-4.04345598753607	-3.50506596270251	-4.0<thresh<-3.5 FP=3 FN=1	4.8 -3.77426097511929	-3.77426097511929	4.8	3	360
-3.50506596270251	-3.15405687671473	-3.5<thresh<-3.2 FP=3 FN=2	4.8 -3.32956141970862	-3.32956141970862	4.8	3	309
-3.15405687671473	-2.58814741115137	-3.2<thresh<-2.6 FP=2 FN=2	4.8 -2.87110214393305	-2.87110214393305	4.8	3	256
-2.58814741115137	-2.46078307000063	-2.6<thresh<-2.5 FP=1 FN=2	4.8 -2.524465240576	-2.524465240576	4.8	3	193
-2.46078307000063	-0.989307006366561	-2.5<thresh<-1.0 FP=1 FN=3	4.8 -1.7250450381836	-1.7250450381836	4.8	3	132
-0.989307006366561	1.57578190167313	-1.0<thresh<1.6 FP=0 FN=3	4.8 0.293237447653286	0.293237447653286	4.8	3	82
1.57578190167313	9.08500842897606	1.6<thresh<Inf FP=0 FN=4	4.8 Inf	Inf	4.8	3	607
-13.3670578848165	-9.03600804220391	-Inf<thresh<-9.0 FP=12 FN=0	5 -Inf	-Inf	5	3	511
-9.03600804220391	-8.13807406515583	-9.0<thresh<-8.1 FP=11 FN=0	5 -8.58704105367987	-8.58704105367987	5	3	460
-8.13807406515583	-7.44530759505372	-8.1<thresh<-7.4 FP=8 FN=0	5 -7.79169083010477	-7.79169083010477	5	3	455
-7.44530759505372	-6.70344684308794	-7.4<thresh<-6.7 FP=7 FN=0	5 -7.07437721907083	-7.07437721907083	5	3	448
-6.70344684308794	-5.390882922573	-6.7<thresh<-5.4 FP=7 FN=1	5 -6.04716488283047	-6.04716488283047	5	3	436
-5.390882922573	-4.04345598753607	-5.4<thresh<-4.0 FP=6 FN=1	5 -4.71716945505453	-4.71716945505453	5	3	409
-4.04345598753607	-3.70506596270251	-4.0<thresh<-3.7 FP=3 FN=1	5 -3.87426097511929	-3.87426097511929	5	3	366
-3.70506596270251	-3.15405687671473	-3.7<thresh<-3.2 FP=3 FN=2	5 -3.42956141970862	-3.42956141970862	5	3	315
-3.15405687671473	-2.58814741115137	-3.2<thresh<-2.6 FP=2 FN=2	5 -2.87110214393305	-2.87110214393305	5	3	257
-2.58814741115137	-2.46078307000063	-2.6<thresh<-2.5 FP=1 FN=2	5 -2.524465240576	-2.524465240576	5	3	194
-2.46078307000063	-0.989307006366561	-2.5<thresh<-1.0 FP=1 FN=3	5 -1.7250450381836	-1.7250450381836	5	3	133
-0.989307006366561	1.57578190167313	-1.0<thresh<1.6 FP=0 FN=3	5 0.293237447653286	0.293237447653286	5	3	83
1.57578190167313	9.08500842897606	1.6<thresh<Inf FP=0 FN=4	5 Inf	Inf	5	3	608
