xmin	xmax	key	clickSelects.variable	clickSelects.value	showSelected.variable	showSelected.value	PANEL	group
-5.1	-4.9	1	offset	-5	offset	-5	1	1501
-4.9	-4.7	-4.8 -5	offset	-4.8	offset	-5	1	1174
-4.7	-4.5	-4.6 -5	offset	-4.6	offset	-5	1	1124
-4.5	-4.3	-4.4 -5	offset	-4.4	offset	-5	1	1074
-4.3	-4.1	-4.2 -5	offset	-4.2	offset	-5	1	1024
-4.1	-3.9	-4 -5	offset	-4	offset	-5	1	974
-3.9	-3.7	-3.8 -5	offset	-3.8	offset	-5	1	924
-3.7	-3.5	-3.6 -5	offset	-3.6	offset	-5	1	874
-3.5	-3.3	-3.4 -5	offset	-3.4	offset	-5	1	824
-3.3	-3.1	-3.2 -5	offset	-3.2	offset	-5	1	774
-3.1	-2.9	-3 -5	offset	-3	offset	-5	1	724
-2.9	-2.7	-2.8 -5	offset	-2.8	offset	-5	1	674
-2.7	-2.5	-2.6 -5	offset	-2.6	offset	-5	1	624
-2.5	-2.3	-2.4 -5	offset	-2.4	offset	-5	1	574
-2.3	-2.1	-2.2 -5	offset	-2.2	offset	-5	1	524
-2.1	-1.9	-2 -5	offset	-2	offset	-5	1	474
-1.9	-1.7	-1.8 -5	offset	-1.8	offset	-5	1	424
-1.7	-1.5	-1.6 -5	offset	-1.6	offset	-5	1	374
-1.5	-1.3	-1.4 -5	offset	-1.4	offset	-5	1	324
-1.3	-1.1	-1.2 -5	offset	-1.2	offset	-5	1	274
-1.1	-0.9	-1 -5	offset	-1	offset	-5	1	224
-0.9	-0.7	-0.8 -5	offset	-0.8	offset	-5	1	174
-0.7	-0.5	-0.6 -5	offset	-0.6	offset	-5	1	124
-0.5	-0.299999999999999	-0.399999999999999 -5	offset	-0.399999999999999	offset	-5	1	74
-0.299999999999999	-0.0999999999999996	-0.199999999999999 -5	offset	-0.199999999999999	offset	-5	1	24
-0.0999999999999996	0.1	0 -5	offset	0	offset	-5	1	1275
0.1	0.3	0.2 -5	offset	0.2	offset	-5	1	1325
0.3	0.5	0.4 -5	offset	0.4	offset	-5	1	1375
0.5	0.700000000000001	0.6 -5	offset	0.600000000000001	offset	-5	1	1425
0.700000000000001	0.9	0.800000000000001 -5	offset	0.800000000000001	offset	-5	1	1475
0.9	1.1	1 -5	offset	1	offset	-5	1	1526
1.1	1.3	1.2 -5	offset	1.2	offset	-5	1	1576
1.3	1.5	1.4 -5	offset	1.4	offset	-5	1	1626
1.5	1.7	1.6 -5	offset	1.6	offset	-5	1	1676
1.7	1.9	1.8 -5	offset	1.8	offset	-5	1	1726
1.9	2.1	2 -5	offset	2	offset	-5	1	1776
2.1	2.3	2.2 -5	offset	2.2	offset	-5	1	1826
2.3	2.5	2.4 -5	offset	2.4	offset	-5	1	1876
2.5	2.7	2.6 -5	offset	2.6	offset	-5	1	1926
2.7	2.9	2.8 -5	offset	2.8	offset	-5	1	1976
2.9	3.1	3 -5	offset	3	offset	-5	1	2026
3.1	3.3	3.2 -5	offset	3.2	offset	-5	1	2076
3.3	3.5	3.4 -5	offset	3.4	offset	-5	1	2126
3.5	3.7	3.6 -5	offset	3.6	offset	-5	1	2176
3.7	3.9	3.8 -5	offset	3.8	offset	-5	1	2226
3.9	4.1	4 -5	offset	4	offset	-5	1	2276
4.1	4.3	4.2 -5	offset	4.2	offset	-5	1	2326
4.3	4.5	4.4 -5	offset	4.4	offset	-5	1	2376
4.5	4.7	4.6 -5	offset	4.6	offset	-5	1	2426
4.7	4.9	4.8 -5	offset	4.8	offset	-5	1	2476
4.9	5.1	5 -5	offset	5	offset	-5	1	2526
-5.1	-4.9	-5 -4.8	offset	-5	offset	-4.8	1	1224
-4.9	-4.7	1	offset	-4.8	offset	-4.8	1	1501
-4.7	-4.5	-4.6 -4.8	offset	-4.6	offset	-4.8	1	1123
-4.5	-4.3	-4.4 -4.8	offset	-4.4	offset	-4.8	1	1073
-4.3	-4.1	-4.2 -4.8	offset	-4.2	offset	-4.8	1	1023
-4.1	-3.9	-4 -4.8	offset	-4	offset	-4.8	1	973
-3.9	-3.7	-3.8 -4.8	offset	-3.8	offset	-4.8	1	923
-3.7	-3.5	-3.6 -4.8	offset	-3.6	offset	-4.8	1	873
-3.5	-3.3	-3.4 -4.8	offset	-3.4	offset	-4.8	1	823
-3.3	-3.1	-3.2 -4.8	offset	-3.2	offset	-4.8	1	773
-3.1	-2.9	-3 -4.8	offset	-3	offset	-4.8	1	723
-2.9	-2.7	-2.8 -4.8	offset	-2.8	offset	-4.8	1	673
-2.7	-2.5	-2.6 -4.8	offset	-2.6	offset	-4.8	1	623
-2.5	-2.3	-2.4 -4.8	offset	-2.4	offset	-4.8	1	573
-2.3	-2.1	-2.2 -4.8	offset	-2.2	offset	-4.8	1	523
-2.1	-1.9	-2 -4.8	offset	-2	offset	-4.8	1	473
-1.9	-1.7	-1.8 -4.8	offset	-1.8	offset	-4.8	1	423
-1.7	-1.5	-1.6 -4.8	offset	-1.6	offset	-4.8	1	373
-1.5	-1.3	-1.4 -4.8	offset	-1.4	offset	-4.8	1	323
-1.3	-1.1	-1.2 -4.8	offset	-1.2	offset	-4.8	1	273
-1.1	-0.9	-1 -4.8	offset	-1	offset	-4.8	1	223
-0.9	-0.7	-0.8 -4.8	offset	-0.8	offset	-4.8	1	173
-0.7	-0.5	-0.6 -4.8	offset	-0.6	offset	-4.8	1	123
-0.5	-0.299999999999999	-0.399999999999999 -4.8	offset	-0.399999999999999	offset	-4.8	1	73
-0.299999999999999	-0.0999999999999996	-0.199999999999999 -4.8	offset	-0.199999999999999	offset	-4.8	1	23
-0.0999999999999996	0.1	0 -4.8	offset	0	offset	-4.8	1	1274
0.1	0.3	0.2 -4.8	offset	0.2	offset	-4.8	1	1324
0.3	0.5	0.4 -4.8	offset	0.4	offset	-4.8	1	1374
0.5	0.700000000000001	0.6 -4.8	offset	0.600000000000001	offset	-4.8	1	1424
0.700000000000001	0.9	0.800000000000001 -4.8	offset	0.800000000000001	offset	-4.8	1	1474
0.9	1.1	1 -4.8	offset	1	offset	-4.8	1	1525
1.1	1.3	1.2 -4.8	offset	1.2	offset	-4.8	1	1575
1.3	1.5	1.4 -4.8	offset	1.4	offset	-4.8	1	1625
1.5	1.7	1.6 -4.8	offset	1.6	offset	-4.8	1	1675
1.7	1.9	1.8 -4.8	offset	1.8	offset	-4.8	1	1725
1.9	2.1	2 -4.8	offset	2	offset	-4.8	1	1775
2.1	2.3	2.2 -4.8	offset	2.2	offset	-4.8	1	1825
2.3	2.5	2.4 -4.8	offset	2.4	offset	-4.8	1	1875
2.5	2.7	2.6 -4.8	offset	2.6	offset	-4.8	1	1925
2.7	2.9	2.8 -4.8	offset	2.8	offset	-4.8	1	1975
2.9	3.1	3 -4.8	offset	3	offset	-4.8	1	2025
3.1	3.3	3.2 -4.8	offset	3.2	offset	-4.8	1	2075
3.3	3.5	3.4 -4.8	offset	3.4	offset	-4.8	1	2125
3.5	3.7	3.6 -4.8	offset	3.6	offset	-4.8	1	2175
3.7	3.9	3.8 -4.8	offset	3.8	offset	-4.8	1	2225
3.9	4.1	4 -4.8	offset	4	offset	-4.8	1	2275
4.1	4.3	4.2 -4.8	offset	4.2	offset	-4.8	1	2325
4.3	4.5	4.4 -4.8	offset	4.4	offset	-4.8	1	2375
4.5	4.7	4.6 -4.8	offset	4.6	offset	-4.8	1	2425
4.7	4.9	4.8 -4.8	offset	4.8	offset	-4.8	1	2475
4.9	5.1	5 -4.8	offset	5	offset	-4.8	1	2525
-5.1	-4.9	-5 -4.6	offset	-5	offset	-4.6	1	1223
-4.9	-4.7	-4.8 -4.6	offset	-4.8	offset	-4.6	1	1173
-4.7	-4.5	1	offset	-4.6	offset	-4.6	1	1501
-4.5	-4.3	-4.4 -4.6	offset	-4.4	offset	-4.6	1	1072
-4.3	-4.1	-4.2 -4.6	offset	-4.2	offset	-4.6	1	1022
-4.1	-3.9	-4 -4.6	offset	-4	offset	-4.6	1	972
-3.9	-3.7	-3.8 -4.6	offset	-3.8	offset	-4.6	1	922
-3.7	-3.5	-3.6 -4.6	offset	-3.6	offset	-4.6	1	872
-3.5	-3.3	-3.4 -4.6	offset	-3.4	offset	-4.6	1	822
-3.3	-3.1	-3.2 -4.6	offset	-3.2	offset	-4.6	1	772
-3.1	-2.9	-3 -4.6	offset	-3	offset	-4.6	1	722
-2.9	-2.7	-2.8 -4.6	offset	-2.8	offset	-4.6	1	672
-2.7	-2.5	-2.6 -4.6	offset	-2.6	offset	-4.6	1	622
-2.5	-2.3	-2.4 -4.6	offset	-2.4	offset	-4.6	1	572
-2.3	-2.1	-2.2 -4.6	offset	-2.2	offset	-4.6	1	522
-2.1	-1.9	-2 -4.6	offset	-2	offset	-4.6	1	472
-1.9	-1.7	-1.8 -4.6	offset	-1.8	offset	-4.6	1	422
-1.7	-1.5	-1.6 -4.6	offset	-1.6	offset	-4.6	1	372
-1.5	-1.3	-1.4 -4.6	offset	-1.4	offset	-4.6	1	322
-1.3	-1.1	-1.2 -4.6	offset	-1.2	offset	-4.6	1	272
-1.1	-0.9	-1 -4.6	offset	-1	offset	-4.6	1	222
-0.9	-0.7	-0.8 -4.6	offset	-0.8	offset	-4.6	1	172
-0.7	-0.5	-0.6 -4.6	offset	-0.6	offset	-4.6	1	122
-0.5	-0.299999999999999	-0.399999999999999 -4.6	offset	-0.399999999999999	offset	-4.6	1	72
-0.299999999999999	-0.0999999999999996	-0.199999999999999 -4.6	offset	-0.199999999999999	offset	-4.6	1	22
-0.0999999999999996	0.1	0 -4.6	offset	0	offset	-4.6	1	1273
0.1	0.3	0.2 -4.6	offset	0.2	offset	-4.6	1	1323
0.3	0.5	0.4 -4.6	offset	0.4	offset	-4.6	1	1373
0.5	0.700000000000001	0.6 -4.6	offset	0.600000000000001	offset	-4.6	1	1423
0.700000000000001	0.9	0.800000000000001 -4.6	offset	0.800000000000001	offset	-4.6	1	1473
0.9	1.1	1 -4.6	offset	1	offset	-4.6	1	1524
1.1	1.3	1.2 -4.6	offset	1.2	offset	-4.6	1	1574
1.3	1.5	1.4 -4.6	offset	1.4	offset	-4.6	1	1624
1.5	1.7	1.6 -4.6	offset	1.6	offset	-4.6	1	1674
1.7	1.9	1.8 -4.6	offset	1.8	offset	-4.6	1	1724
1.9	2.1	2 -4.6	offset	2	offset	-4.6	1	1774
2.1	2.3	2.2 -4.6	offset	2.2	offset	-4.6	1	1824
2.3	2.5	2.4 -4.6	offset	2.4	offset	-4.6	1	1874
2.5	2.7	2.6 -4.6	offset	2.6	offset	-4.6	1	1924
2.7	2.9	2.8 -4.6	offset	2.8	offset	-4.6	1	1974
2.9	3.1	3 -4.6	offset	3	offset	-4.6	1	2024
3.1	3.3	3.2 -4.6	offset	3.2	offset	-4.6	1	2074
3.3	3.5	3.4 -4.6	offset	3.4	offset	-4.6	1	2124
3.5	3.7	3.6 -4.6	offset	3.6	offset	-4.6	1	2174
3.7	3.9	3.8 -4.6	offset	3.8	offset	-4.6	1	2224
3.9	4.1	4 -4.6	offset	4	offset	-4.6	1	2274
4.1	4.3	4.2 -4.6	offset	4.2	offset	-4.6	1	2324
4.3	4.5	4.4 -4.6	offset	4.4	offset	-4.6	1	2374
4.5	4.7	4.6 -4.6	offset	4.6	offset	-4.6	1	2424
4.7	4.9	4.8 -4.6	offset	4.8	offset	-4.6	1	2474
4.9	5.1	5 -4.6	offset	5	offset	-4.6	1	2524
-5.1	-4.9	-5 -4.4	offset	-5	offset	-4.4	1	1222
-4.9	-4.7	-4.8 -4.4	offset	-4.8	offset	-4.4	1	1172
-4.7	-4.5	-4.6 -4.4	offset	-4.6	offset	-4.4	1	1122
-4.5	-4.3	1	offset	-4.4	offset	-4.4	1	1501
-4.3	-4.1	-4.2 -4.4	offset	-4.2	offset	-4.4	1	1021
-4.1	-3.9	-4 -4.4	offset	-4	offset	-4.4	1	971
-3.9	-3.7	-3.8 -4.4	offset	-3.8	offset	-4.4	1	921
-3.7	-3.5	-3.6 -4.4	offset	-3.6	offset	-4.4	1	871
-3.5	-3.3	-3.4 -4.4	offset	-3.4	offset	-4.4	1	821
-3.3	-3.1	-3.2 -4.4	offset	-3.2	offset	-4.4	1	771
-3.1	-2.9	-3 -4.4	offset	-3	offset	-4.4	1	721
-2.9	-2.7	-2.8 -4.4	offset	-2.8	offset	-4.4	1	671
-2.7	-2.5	-2.6 -4.4	offset	-2.6	offset	-4.4	1	621
-2.5	-2.3	-2.4 -4.4	offset	-2.4	offset	-4.4	1	571
-2.3	-2.1	-2.2 -4.4	offset	-2.2	offset	-4.4	1	521
-2.1	-1.9	-2 -4.4	offset	-2	offset	-4.4	1	471
-1.9	-1.7	-1.8 -4.4	offset	-1.8	offset	-4.4	1	421
-1.7	-1.5	-1.6 -4.4	offset	-1.6	offset	-4.4	1	371
-1.5	-1.3	-1.4 -4.4	offset	-1.4	offset	-4.4	1	321
-1.3	-1.1	-1.2 -4.4	offset	-1.2	offset	-4.4	1	271
-1.1	-0.9	-1 -4.4	offset	-1	offset	-4.4	1	221
-0.9	-0.7	-0.8 -4.4	offset	-0.8	offset	-4.4	1	171
-0.7	-0.5	-0.6 -4.4	offset	-0.6	offset	-4.4	1	121
-0.5	-0.299999999999999	-0.399999999999999 -4.4	offset	-0.399999999999999	offset	-4.4	1	71
-0.299999999999999	-0.0999999999999996	-0.199999999999999 -4.4	offset	-0.199999999999999	offset	-4.4	1	21
-0.0999999999999996	0.1	0 -4.4	offset	0	offset	-4.4	1	1272
0.1	0.3	0.2 -4.4	offset	0.2	offset	-4.4	1	1322
0.3	0.5	0.4 -4.4	offset	0.4	offset	-4.4	1	1372
0.5	0.700000000000001	0.6 -4.4	offset	0.600000000000001	offset	-4.4	1	1422
0.700000000000001	0.9	0.800000000000001 -4.4	offset	0.800000000000001	offset	-4.4	1	1472
0.9	1.1	1 -4.4	offset	1	offset	-4.4	1	1523
1.1	1.3	1.2 -4.4	offset	1.2	offset	-4.4	1	1573
1.3	1.5	1.4 -4.4	offset	1.4	offset	-4.4	1	1623
1.5	1.7	1.6 -4.4	offset	1.6	offset	-4.4	1	1673
1.7	1.9	1.8 -4.4	offset	1.8	offset	-4.4	1	1723
1.9	2.1	2 -4.4	offset	2	offset	-4.4	1	1773
2.1	2.3	2.2 -4.4	offset	2.2	offset	-4.4	1	1823
2.3	2.5	2.4 -4.4	offset	2.4	offset	-4.4	1	1873
2.5	2.7	2.6 -4.4	offset	2.6	offset	-4.4	1	1923
2.7	2.9	2.8 -4.4	offset	2.8	offset	-4.4	1	1973
2.9	3.1	3 -4.4	offset	3	offset	-4.4	1	2023
3.1	3.3	3.2 -4.4	offset	3.2	offset	-4.4	1	2073
3.3	3.5	3.4 -4.4	offset	3.4	offset	-4.4	1	2123
3.5	3.7	3.6 -4.4	offset	3.6	offset	-4.4	1	2173
3.7	3.9	3.8 -4.4	offset	3.8	offset	-4.4	1	2223
3.9	4.1	4 -4.4	offset	4	offset	-4.4	1	2273
4.1	4.3	4.2 -4.4	offset	4.2	offset	-4.4	1	2323
4.3	4.5	4.4 -4.4	offset	4.4	offset	-4.4	1	2373
4.5	4.7	4.6 -4.4	offset	4.6	offset	-4.4	1	2423
4.7	4.9	4.8 -4.4	offset	4.8	offset	-4.4	1	2473
4.9	5.1	5 -4.4	offset	5	offset	-4.4	1	2523
-5.1	-4.9	-5 -4.2	offset	-5	offset	-4.2	1	1221
-4.9	-4.7	-4.8 -4.2	offset	-4.8	offset	-4.2	1	1171
-4.7	-4.5	-4.6 -4.2	offset	-4.6	offset	-4.2	1	1121
-4.5	-4.3	-4.4 -4.2	offset	-4.4	offset	-4.2	1	1071
-4.3	-4.1	1	offset	-4.2	offset	-4.2	1	1501
-4.1	-3.9	-4 -4.2	offset	-4	offset	-4.2	1	970
-3.9	-3.7	-3.8 -4.2	offset	-3.8	offset	-4.2	1	920
-3.7	-3.5	-3.6 -4.2	offset	-3.6	offset	-4.2	1	870
-3.5	-3.3	-3.4 -4.2	offset	-3.4	offset	-4.2	1	820
-3.3	-3.1	-3.2 -4.2	offset	-3.2	offset	-4.2	1	770
-3.1	-2.9	-3 -4.2	offset	-3	offset	-4.2	1	720
-2.9	-2.7	-2.8 -4.2	offset	-2.8	offset	-4.2	1	670
-2.7	-2.5	-2.6 -4.2	offset	-2.6	offset	-4.2	1	620
-2.5	-2.3	-2.4 -4.2	offset	-2.4	offset	-4.2	1	570
-2.3	-2.1	-2.2 -4.2	offset	-2.2	offset	-4.2	1	520
-2.1	-1.9	-2 -4.2	offset	-2	offset	-4.2	1	470
-1.9	-1.7	-1.8 -4.2	offset	-1.8	offset	-4.2	1	420
-1.7	-1.5	-1.6 -4.2	offset	-1.6	offset	-4.2	1	370
-1.5	-1.3	-1.4 -4.2	offset	-1.4	offset	-4.2	1	320
-1.3	-1.1	-1.2 -4.2	offset	-1.2	offset	-4.2	1	270
-1.1	-0.9	-1 -4.2	offset	-1	offset	-4.2	1	220
-0.9	-0.7	-0.8 -4.2	offset	-0.8	offset	-4.2	1	170
-0.7	-0.5	-0.6 -4.2	offset	-0.6	offset	-4.2	1	120
-0.5	-0.299999999999999	-0.399999999999999 -4.2	offset	-0.399999999999999	offset	-4.2	1	70
-0.299999999999999	-0.0999999999999996	-0.199999999999999 -4.2	offset	-0.199999999999999	offset	-4.2	1	20
-0.0999999999999996	0.1	0 -4.2	offset	0	offset	-4.2	1	1271
0.1	0.3	0.2 -4.2	offset	0.2	offset	-4.2	1	1321
0.3	0.5	0.4 -4.2	offset	0.4	offset	-4.2	1	1371
0.5	0.700000000000001	0.6 -4.2	offset	0.600000000000001	offset	-4.2	1	1421
0.700000000000001	0.9	0.800000000000001 -4.2	offset	0.800000000000001	offset	-4.2	1	1471
0.9	1.1	1 -4.2	offset	1	offset	-4.2	1	1522
1.1	1.3	1.2 -4.2	offset	1.2	offset	-4.2	1	1572
1.3	1.5	1.4 -4.2	offset	1.4	offset	-4.2	1	1622
1.5	1.7	1.6 -4.2	offset	1.6	offset	-4.2	1	1672
1.7	1.9	1.8 -4.2	offset	1.8	offset	-4.2	1	1722
1.9	2.1	2 -4.2	offset	2	offset	-4.2	1	1772
2.1	2.3	2.2 -4.2	offset	2.2	offset	-4.2	1	1822
2.3	2.5	2.4 -4.2	offset	2.4	offset	-4.2	1	1872
2.5	2.7	2.6 -4.2	offset	2.6	offset	-4.2	1	1922
2.7	2.9	2.8 -4.2	offset	2.8	offset	-4.2	1	1972
2.9	3.1	3 -4.2	offset	3	offset	-4.2	1	2022
3.1	3.3	3.2 -4.2	offset	3.2	offset	-4.2	1	2072
3.3	3.5	3.4 -4.2	offset	3.4	offset	-4.2	1	2122
3.5	3.7	3.6 -4.2	offset	3.6	offset	-4.2	1	2172
3.7	3.9	3.8 -4.2	offset	3.8	offset	-4.2	1	2222
3.9	4.1	4 -4.2	offset	4	offset	-4.2	1	2272
4.1	4.3	4.2 -4.2	offset	4.2	offset	-4.2	1	2322
4.3	4.5	4.4 -4.2	offset	4.4	offset	-4.2	1	2372
4.5	4.7	4.6 -4.2	offset	4.6	offset	-4.2	1	2422
4.7	4.9	4.8 -4.2	offset	4.8	offset	-4.2	1	2472
4.9	5.1	5 -4.2	offset	5	offset	-4.2	1	2522
-5.1	-4.9	-5 -4	offset	-5	offset	-4	1	1220
-4.9	-4.7	-4.8 -4	offset	-4.8	offset	-4	1	1170
-4.7	-4.5	-4.6 -4	offset	-4.6	offset	-4	1	1120
-4.5	-4.3	-4.4 -4	offset	-4.4	offset	-4	1	1070
-4.3	-4.1	-4.2 -4	offset	-4.2	offset	-4	1	1020
-4.1	-3.9	1	offset	-4	offset	-4	1	1501
-3.9	-3.7	-3.8 -4	offset	-3.8	offset	-4	1	919
-3.7	-3.5	-3.6 -4	offset	-3.6	offset	-4	1	869
-3.5	-3.3	-3.4 -4	offset	-3.4	offset	-4	1	819
-3.3	-3.1	-3.2 -4	offset	-3.2	offset	-4	1	769
-3.1	-2.9	-3 -4	offset	-3	offset	-4	1	719
-2.9	-2.7	-2.8 -4	offset	-2.8	offset	-4	1	669
-2.7	-2.5	-2.6 -4	offset	-2.6	offset	-4	1	619
-2.5	-2.3	-2.4 -4	offset	-2.4	offset	-4	1	569
-2.3	-2.1	-2.2 -4	offset	-2.2	offset	-4	1	519
-2.1	-1.9	-2 -4	offset	-2	offset	-4	1	469
-1.9	-1.7	-1.8 -4	offset	-1.8	offset	-4	1	419
-1.7	-1.5	-1.6 -4	offset	-1.6	offset	-4	1	369
-1.5	-1.3	-1.4 -4	offset	-1.4	offset	-4	1	319
-1.3	-1.1	-1.2 -4	offset	-1.2	offset	-4	1	269
-1.1	-0.9	-1 -4	offset	-1	offset	-4	1	219
-0.9	-0.7	-0.8 -4	offset	-0.8	offset	-4	1	169
-0.7	-0.5	-0.6 -4	offset	-0.6	offset	-4	1	119
-0.5	-0.299999999999999	-0.399999999999999 -4	offset	-0.399999999999999	offset	-4	1	69
-0.299999999999999	-0.0999999999999996	-0.199999999999999 -4	offset	-0.199999999999999	offset	-4	1	19
-0.0999999999999996	0.1	0 -4	offset	0	offset	-4	1	1270
0.1	0.3	0.2 -4	offset	0.2	offset	-4	1	1320
0.3	0.5	0.4 -4	offset	0.4	offset	-4	1	1370
0.5	0.700000000000001	0.6 -4	offset	0.600000000000001	offset	-4	1	1420
0.700000000000001	0.9	0.800000000000001 -4	offset	0.800000000000001	offset	-4	1	1470
0.9	1.1	1 -4	offset	1	offset	-4	1	1521
1.1	1.3	1.2 -4	offset	1.2	offset	-4	1	1571
1.3	1.5	1.4 -4	offset	1.4	offset	-4	1	1621
1.5	1.7	1.6 -4	offset	1.6	offset	-4	1	1671
1.7	1.9	1.8 -4	offset	1.8	offset	-4	1	1721
1.9	2.1	2 -4	offset	2	offset	-4	1	1771
2.1	2.3	2.2 -4	offset	2.2	offset	-4	1	1821
2.3	2.5	2.4 -4	offset	2.4	offset	-4	1	1871
2.5	2.7	2.6 -4	offset	2.6	offset	-4	1	1921
2.7	2.9	2.8 -4	offset	2.8	offset	-4	1	1971
2.9	3.1	3 -4	offset	3	offset	-4	1	2021
3.1	3.3	3.2 -4	offset	3.2	offset	-4	1	2071
3.3	3.5	3.4 -4	offset	3.4	offset	-4	1	2121
3.5	3.7	3.6 -4	offset	3.6	offset	-4	1	2171
3.7	3.9	3.8 -4	offset	3.8	offset	-4	1	2221
3.9	4.1	4 -4	offset	4	offset	-4	1	2271
4.1	4.3	4.2 -4	offset	4.2	offset	-4	1	2321
4.3	4.5	4.4 -4	offset	4.4	offset	-4	1	2371
4.5	4.7	4.6 -4	offset	4.6	offset	-4	1	2421
4.7	4.9	4.8 -4	offset	4.8	offset	-4	1	2471
4.9	5.1	5 -4	offset	5	offset	-4	1	2521
-5.1	-4.9	-5 -3.8	offset	-5	offset	-3.8	1	1219
-4.9	-4.7	-4.8 -3.8	offset	-4.8	offset	-3.8	1	1169
-4.7	-4.5	-4.6 -3.8	offset	-4.6	offset	-3.8	1	1119
-4.5	-4.3	-4.4 -3.8	offset	-4.4	offset	-3.8	1	1069
-4.3	-4.1	-4.2 -3.8	offset	-4.2	offset	-3.8	1	1019
-4.1	-3.9	-4 -3.8	offset	-4	offset	-3.8	1	969
-3.9	-3.7	1	offset	-3.8	offset	-3.8	1	1501
-3.7	-3.5	-3.6 -3.8	offset	-3.6	offset	-3.8	1	868
-3.5	-3.3	-3.4 -3.8	offset	-3.4	offset	-3.8	1	818
-3.3	-3.1	-3.2 -3.8	offset	-3.2	offset	-3.8	1	768
-3.1	-2.9	-3 -3.8	offset	-3	offset	-3.8	1	718
-2.9	-2.7	-2.8 -3.8	offset	-2.8	offset	-3.8	1	668
-2.7	-2.5	-2.6 -3.8	offset	-2.6	offset	-3.8	1	618
-2.5	-2.3	-2.4 -3.8	offset	-2.4	offset	-3.8	1	568
-2.3	-2.1	-2.2 -3.8	offset	-2.2	offset	-3.8	1	518
-2.1	-1.9	-2 -3.8	offset	-2	offset	-3.8	1	468
-1.9	-1.7	-1.8 -3.8	offset	-1.8	offset	-3.8	1	418
-1.7	-1.5	-1.6 -3.8	offset	-1.6	offset	-3.8	1	368
-1.5	-1.3	-1.4 -3.8	offset	-1.4	offset	-3.8	1	318
-1.3	-1.1	-1.2 -3.8	offset	-1.2	offset	-3.8	1	268
-1.1	-0.9	-1 -3.8	offset	-1	offset	-3.8	1	218
-0.9	-0.7	-0.8 -3.8	offset	-0.8	offset	-3.8	1	168
-0.7	-0.5	-0.6 -3.8	offset	-0.6	offset	-3.8	1	118
-0.5	-0.299999999999999	-0.399999999999999 -3.8	offset	-0.399999999999999	offset	-3.8	1	68
-0.299999999999999	-0.0999999999999996	-0.199999999999999 -3.8	offset	-0.199999999999999	offset	-3.8	1	18
-0.0999999999999996	0.1	0 -3.8	offset	0	offset	-3.8	1	1269
0.1	0.3	0.2 -3.8	offset	0.2	offset	-3.8	1	1319
0.3	0.5	0.4 -3.8	offset	0.4	offset	-3.8	1	1369
0.5	0.700000000000001	0.6 -3.8	offset	0.600000000000001	offset	-3.8	1	1419
0.700000000000001	0.9	0.800000000000001 -3.8	offset	0.800000000000001	offset	-3.8	1	1469
0.9	1.1	1 -3.8	offset	1	offset	-3.8	1	1520
1.1	1.3	1.2 -3.8	offset	1.2	offset	-3.8	1	1570
1.3	1.5	1.4 -3.8	offset	1.4	offset	-3.8	1	1620
1.5	1.7	1.6 -3.8	offset	1.6	offset	-3.8	1	1670
1.7	1.9	1.8 -3.8	offset	1.8	offset	-3.8	1	1720
1.9	2.1	2 -3.8	offset	2	offset	-3.8	1	1770
2.1	2.3	2.2 -3.8	offset	2.2	offset	-3.8	1	1820
2.3	2.5	2.4 -3.8	offset	2.4	offset	-3.8	1	1870
2.5	2.7	2.6 -3.8	offset	2.6	offset	-3.8	1	1920
2.7	2.9	2.8 -3.8	offset	2.8	offset	-3.8	1	1970
2.9	3.1	3 -3.8	offset	3	offset	-3.8	1	2020
3.1	3.3	3.2 -3.8	offset	3.2	offset	-3.8	1	2070
3.3	3.5	3.4 -3.8	offset	3.4	offset	-3.8	1	2120
3.5	3.7	3.6 -3.8	offset	3.6	offset	-3.8	1	2170
3.7	3.9	3.8 -3.8	offset	3.8	offset	-3.8	1	2220
3.9	4.1	4 -3.8	offset	4	offset	-3.8	1	2270
4.1	4.3	4.2 -3.8	offset	4.2	offset	-3.8	1	2320
4.3	4.5	4.4 -3.8	offset	4.4	offset	-3.8	1	2370
4.5	4.7	4.6 -3.8	offset	4.6	offset	-3.8	1	2420
4.7	4.9	4.8 -3.8	offset	4.8	offset	-3.8	1	2470
4.9	5.1	5 -3.8	offset	5	offset	-3.8	1	2520
-5.1	-4.9	-5 -3.6	offset	-5	offset	-3.6	1	1218
-4.9	-4.7	-4.8 -3.6	offset	-4.8	offset	-3.6	1	1168
-4.7	-4.5	-4.6 -3.6	offset	-4.6	offset	-3.6	1	1118
-4.5	-4.3	-4.4 -3.6	offset	-4.4	offset	-3.6	1	1068
-4.3	-4.1	-4.2 -3.6	offset	-4.2	offset	-3.6	1	1018
-4.1	-3.9	-4 -3.6	offset	-4	offset	-3.6	1	968
-3.9	-3.7	-3.8 -3.6	offset	-3.8	offset	-3.6	1	918
-3.7	-3.5	1	offset	-3.6	offset	-3.6	1	1501
-3.5	-3.3	-3.4 -3.6	offset	-3.4	offset	-3.6	1	817
-3.3	-3.1	-3.2 -3.6	offset	-3.2	offset	-3.6	1	767
-3.1	-2.9	-3 -3.6	offset	-3	offset	-3.6	1	717
-2.9	-2.7	-2.8 -3.6	offset	-2.8	offset	-3.6	1	667
-2.7	-2.5	-2.6 -3.6	offset	-2.6	offset	-3.6	1	617
-2.5	-2.3	-2.4 -3.6	offset	-2.4	offset	-3.6	1	567
-2.3	-2.1	-2.2 -3.6	offset	-2.2	offset	-3.6	1	517
-2.1	-1.9	-2 -3.6	offset	-2	offset	-3.6	1	467
-1.9	-1.7	-1.8 -3.6	offset	-1.8	offset	-3.6	1	417
-1.7	-1.5	-1.6 -3.6	offset	-1.6	offset	-3.6	1	367
-1.5	-1.3	-1.4 -3.6	offset	-1.4	offset	-3.6	1	317
-1.3	-1.1	-1.2 -3.6	offset	-1.2	offset	-3.6	1	267
-1.1	-0.9	-1 -3.6	offset	-1	offset	-3.6	1	217
-0.9	-0.7	-0.8 -3.6	offset	-0.8	offset	-3.6	1	167
-0.7	-0.5	-0.6 -3.6	offset	-0.6	offset	-3.6	1	117
-0.5	-0.299999999999999	-0.399999999999999 -3.6	offset	-0.399999999999999	offset	-3.6	1	67
-0.299999999999999	-0.0999999999999996	-0.199999999999999 -3.6	offset	-0.199999999999999	offset	-3.6	1	17
-0.0999999999999996	0.1	0 -3.6	offset	0	offset	-3.6	1	1268
0.1	0.3	0.2 -3.6	offset	0.2	offset	-3.6	1	1318
0.3	0.5	0.4 -3.6	offset	0.4	offset	-3.6	1	1368
0.5	0.700000000000001	0.6 -3.6	offset	0.600000000000001	offset	-3.6	1	1418
0.700000000000001	0.9	0.800000000000001 -3.6	offset	0.800000000000001	offset	-3.6	1	1468
0.9	1.1	1 -3.6	offset	1	offset	-3.6	1	1519
1.1	1.3	1.2 -3.6	offset	1.2	offset	-3.6	1	1569
1.3	1.5	1.4 -3.6	offset	1.4	offset	-3.6	1	1619
1.5	1.7	1.6 -3.6	offset	1.6	offset	-3.6	1	1669
1.7	1.9	1.8 -3.6	offset	1.8	offset	-3.6	1	1719
1.9	2.1	2 -3.6	offset	2	offset	-3.6	1	1769
2.1	2.3	2.2 -3.6	offset	2.2	offset	-3.6	1	1819
2.3	2.5	2.4 -3.6	offset	2.4	offset	-3.6	1	1869
2.5	2.7	2.6 -3.6	offset	2.6	offset	-3.6	1	1919
2.7	2.9	2.8 -3.6	offset	2.8	offset	-3.6	1	1969
2.9	3.1	3 -3.6	offset	3	offset	-3.6	1	2019
3.1	3.3	3.2 -3.6	offset	3.2	offset	-3.6	1	2069
3.3	3.5	3.4 -3.6	offset	3.4	offset	-3.6	1	2119
3.5	3.7	3.6 -3.6	offset	3.6	offset	-3.6	1	2169
3.7	3.9	3.8 -3.6	offset	3.8	offset	-3.6	1	2219
3.9	4.1	4 -3.6	offset	4	offset	-3.6	1	2269
4.1	4.3	4.2 -3.6	offset	4.2	offset	-3.6	1	2319
4.3	4.5	4.4 -3.6	offset	4.4	offset	-3.6	1	2369
4.5	4.7	4.6 -3.6	offset	4.6	offset	-3.6	1	2419
4.7	4.9	4.8 -3.6	offset	4.8	offset	-3.6	1	2469
4.9	5.1	5 -3.6	offset	5	offset	-3.6	1	2519
-5.1	-4.9	-5 -3.4	offset	-5	offset	-3.4	1	1217
-4.9	-4.7	-4.8 -3.4	offset	-4.8	offset	-3.4	1	1167
-4.7	-4.5	-4.6 -3.4	offset	-4.6	offset	-3.4	1	1117
-4.5	-4.3	-4.4 -3.4	offset	-4.4	offset	-3.4	1	1067
-4.3	-4.1	-4.2 -3.4	offset	-4.2	offset	-3.4	1	1017
-4.1	-3.9	-4 -3.4	offset	-4	offset	-3.4	1	967
-3.9	-3.7	-3.8 -3.4	offset	-3.8	offset	-3.4	1	917
-3.7	-3.5	-3.6 -3.4	offset	-3.6	offset	-3.4	1	867
-3.5	-3.3	1	offset	-3.4	offset	-3.4	1	1501
-3.3	-3.1	-3.2 -3.4	offset	-3.2	offset	-3.4	1	766
-3.1	-2.9	-3 -3.4	offset	-3	offset	-3.4	1	716
-2.9	-2.7	-2.8 -3.4	offset	-2.8	offset	-3.4	1	666
-2.7	-2.5	-2.6 -3.4	offset	-2.6	offset	-3.4	1	616
-2.5	-2.3	-2.4 -3.4	offset	-2.4	offset	-3.4	1	566
-2.3	-2.1	-2.2 -3.4	offset	-2.2	offset	-3.4	1	516
-2.1	-1.9	-2 -3.4	offset	-2	offset	-3.4	1	466
-1.9	-1.7	-1.8 -3.4	offset	-1.8	offset	-3.4	1	416
-1.7	-1.5	-1.6 -3.4	offset	-1.6	offset	-3.4	1	366
-1.5	-1.3	-1.4 -3.4	offset	-1.4	offset	-3.4	1	316
-1.3	-1.1	-1.2 -3.4	offset	-1.2	offset	-3.4	1	266
-1.1	-0.9	-1 -3.4	offset	-1	offset	-3.4	1	216
-0.9	-0.7	-0.8 -3.4	offset	-0.8	offset	-3.4	1	166
-0.7	-0.5	-0.6 -3.4	offset	-0.6	offset	-3.4	1	116
-0.5	-0.299999999999999	-0.399999999999999 -3.4	offset	-0.399999999999999	offset	-3.4	1	66
-0.299999999999999	-0.0999999999999996	-0.199999999999999 -3.4	offset	-0.199999999999999	offset	-3.4	1	16
-0.0999999999999996	0.1	0 -3.4	offset	0	offset	-3.4	1	1267
0.1	0.3	0.2 -3.4	offset	0.2	offset	-3.4	1	1317
0.3	0.5	0.4 -3.4	offset	0.4	offset	-3.4	1	1367
0.5	0.700000000000001	0.6 -3.4	offset	0.600000000000001	offset	-3.4	1	1417
0.700000000000001	0.9	0.800000000000001 -3.4	offset	0.800000000000001	offset	-3.4	1	1467
0.9	1.1	1 -3.4	offset	1	offset	-3.4	1	1518
1.1	1.3	1.2 -3.4	offset	1.2	offset	-3.4	1	1568
1.3	1.5	1.4 -3.4	offset	1.4	offset	-3.4	1	1618
1.5	1.7	1.6 -3.4	offset	1.6	offset	-3.4	1	1668
1.7	1.9	1.8 -3.4	offset	1.8	offset	-3.4	1	1718
1.9	2.1	2 -3.4	offset	2	offset	-3.4	1	1768
2.1	2.3	2.2 -3.4	offset	2.2	offset	-3.4	1	1818
2.3	2.5	2.4 -3.4	offset	2.4	offset	-3.4	1	1868
2.5	2.7	2.6 -3.4	offset	2.6	offset	-3.4	1	1918
2.7	2.9	2.8 -3.4	offset	2.8	offset	-3.4	1	1968
2.9	3.1	3 -3.4	offset	3	offset	-3.4	1	2018
3.1	3.3	3.2 -3.4	offset	3.2	offset	-3.4	1	2068
3.3	3.5	3.4 -3.4	offset	3.4	offset	-3.4	1	2118
3.5	3.7	3.6 -3.4	offset	3.6	offset	-3.4	1	2168
3.7	3.9	3.8 -3.4	offset	3.8	offset	-3.4	1	2218
3.9	4.1	4 -3.4	offset	4	offset	-3.4	1	2268
4.1	4.3	4.2 -3.4	offset	4.2	offset	-3.4	1	2318
4.3	4.5	4.4 -3.4	offset	4.4	offset	-3.4	1	2368
4.5	4.7	4.6 -3.4	offset	4.6	offset	-3.4	1	2418
4.7	4.9	4.8 -3.4	offset	4.8	offset	-3.4	1	2468
4.9	5.1	5 -3.4	offset	5	offset	-3.4	1	2518
-5.1	-4.9	-5 -3.2	offset	-5	offset	-3.2	1	1216
-4.9	-4.7	-4.8 -3.2	offset	-4.8	offset	-3.2	1	1166
-4.7	-4.5	-4.6 -3.2	offset	-4.6	offset	-3.2	1	1116
-4.5	-4.3	-4.4 -3.2	offset	-4.4	offset	-3.2	1	1066
-4.3	-4.1	-4.2 -3.2	offset	-4.2	offset	-3.2	1	1016
-4.1	-3.9	-4 -3.2	offset	-4	offset	-3.2	1	966
-3.9	-3.7	-3.8 -3.2	offset	-3.8	offset	-3.2	1	916
-3.7	-3.5	-3.6 -3.2	offset	-3.6	offset	-3.2	1	866
-3.5	-3.3	-3.4 -3.2	offset	-3.4	offset	-3.2	1	816
-3.3	-3.1	1	offset	-3.2	offset	-3.2	1	1501
-3.1	-2.9	-3 -3.2	offset	-3	offset	-3.2	1	715
-2.9	-2.7	-2.8 -3.2	offset	-2.8	offset	-3.2	1	665
-2.7	-2.5	-2.6 -3.2	offset	-2.6	offset	-3.2	1	615
-2.5	-2.3	-2.4 -3.2	offset	-2.4	offset	-3.2	1	565
-2.3	-2.1	-2.2 -3.2	offset	-2.2	offset	-3.2	1	515
-2.1	-1.9	-2 -3.2	offset	-2	offset	-3.2	1	465
-1.9	-1.7	-1.8 -3.2	offset	-1.8	offset	-3.2	1	415
-1.7	-1.5	-1.6 -3.2	offset	-1.6	offset	-3.2	1	365
-1.5	-1.3	-1.4 -3.2	offset	-1.4	offset	-3.2	1	315
-1.3	-1.1	-1.2 -3.2	offset	-1.2	offset	-3.2	1	265
-1.1	-0.9	-1 -3.2	offset	-1	offset	-3.2	1	215
-0.9	-0.7	-0.8 -3.2	offset	-0.8	offset	-3.2	1	165
-0.7	-0.5	-0.6 -3.2	offset	-0.6	offset	-3.2	1	115
-0.5	-0.299999999999999	-0.399999999999999 -3.2	offset	-0.399999999999999	offset	-3.2	1	65
-0.299999999999999	-0.0999999999999996	-0.199999999999999 -3.2	offset	-0.199999999999999	offset	-3.2	1	15
-0.0999999999999996	0.1	0 -3.2	offset	0	offset	-3.2	1	1266
0.1	0.3	0.2 -3.2	offset	0.2	offset	-3.2	1	1316
0.3	0.5	0.4 -3.2	offset	0.4	offset	-3.2	1	1366
0.5	0.700000000000001	0.6 -3.2	offset	0.600000000000001	offset	-3.2	1	1416
0.700000000000001	0.9	0.800000000000001 -3.2	offset	0.800000000000001	offset	-3.2	1	1466
0.9	1.1	1 -3.2	offset	1	offset	-3.2	1	1517
1.1	1.3	1.2 -3.2	offset	1.2	offset	-3.2	1	1567
1.3	1.5	1.4 -3.2	offset	1.4	offset	-3.2	1	1617
1.5	1.7	1.6 -3.2	offset	1.6	offset	-3.2	1	1667
1.7	1.9	1.8 -3.2	offset	1.8	offset	-3.2	1	1717
1.9	2.1	2 -3.2	offset	2	offset	-3.2	1	1767
2.1	2.3	2.2 -3.2	offset	2.2	offset	-3.2	1	1817
2.3	2.5	2.4 -3.2	offset	2.4	offset	-3.2	1	1867
2.5	2.7	2.6 -3.2	offset	2.6	offset	-3.2	1	1917
2.7	2.9	2.8 -3.2	offset	2.8	offset	-3.2	1	1967
2.9	3.1	3 -3.2	offset	3	offset	-3.2	1	2017
3.1	3.3	3.2 -3.2	offset	3.2	offset	-3.2	1	2067
3.3	3.5	3.4 -3.2	offset	3.4	offset	-3.2	1	2117
3.5	3.7	3.6 -3.2	offset	3.6	offset	-3.2	1	2167
3.7	3.9	3.8 -3.2	offset	3.8	offset	-3.2	1	2217
3.9	4.1	4 -3.2	offset	4	offset	-3.2	1	2267
4.1	4.3	4.2 -3.2	offset	4.2	offset	-3.2	1	2317
4.3	4.5	4.4 -3.2	offset	4.4	offset	-3.2	1	2367
4.5	4.7	4.6 -3.2	offset	4.6	offset	-3.2	1	2417
4.7	4.9	4.8 -3.2	offset	4.8	offset	-3.2	1	2467
4.9	5.1	5 -3.2	offset	5	offset	-3.2	1	2517
-5.1	-4.9	-5 -3	offset	-5	offset	-3	1	1215
-4.9	-4.7	-4.8 -3	offset	-4.8	offset	-3	1	1165
-4.7	-4.5	-4.6 -3	offset	-4.6	offset	-3	1	1115
-4.5	-4.3	-4.4 -3	offset	-4.4	offset	-3	1	1065
-4.3	-4.1	-4.2 -3	offset	-4.2	offset	-3	1	1015
-4.1	-3.9	-4 -3	offset	-4	offset	-3	1	965
-3.9	-3.7	-3.8 -3	offset	-3.8	offset	-3	1	915
-3.7	-3.5	-3.6 -3	offset	-3.6	offset	-3	1	865
-3.5	-3.3	-3.4 -3	offset	-3.4	offset	-3	1	815
-3.3	-3.1	-3.2 -3	offset	-3.2	offset	-3	1	765
-3.1	-2.9	1	offset	-3	offset	-3	1	1501
-2.9	-2.7	-2.8 -3	offset	-2.8	offset	-3	1	664
-2.7	-2.5	-2.6 -3	offset	-2.6	offset	-3	1	614
-2.5	-2.3	-2.4 -3	offset	-2.4	offset	-3	1	564
-2.3	-2.1	-2.2 -3	offset	-2.2	offset	-3	1	514
-2.1	-1.9	-2 -3	offset	-2	offset	-3	1	464
-1.9	-1.7	-1.8 -3	offset	-1.8	offset	-3	1	414
-1.7	-1.5	-1.6 -3	offset	-1.6	offset	-3	1	364
-1.5	-1.3	-1.4 -3	offset	-1.4	offset	-3	1	314
-1.3	-1.1	-1.2 -3	offset	-1.2	offset	-3	1	264
-1.1	-0.9	-1 -3	offset	-1	offset	-3	1	214
-0.9	-0.7	-0.8 -3	offset	-0.8	offset	-3	1	164
-0.7	-0.5	-0.6 -3	offset	-0.6	offset	-3	1	114
-0.5	-0.299999999999999	-0.399999999999999 -3	offset	-0.399999999999999	offset	-3	1	64
-0.299999999999999	-0.0999999999999996	-0.199999999999999 -3	offset	-0.199999999999999	offset	-3	1	14
-0.0999999999999996	0.1	0 -3	offset	0	offset	-3	1	1265
0.1	0.3	0.2 -3	offset	0.2	offset	-3	1	1315
0.3	0.5	0.4 -3	offset	0.4	offset	-3	1	1365
0.5	0.700000000000001	0.6 -3	offset	0.600000000000001	offset	-3	1	1415
0.700000000000001	0.9	0.800000000000001 -3	offset	0.800000000000001	offset	-3	1	1465
0.9	1.1	1 -3	offset	1	offset	-3	1	1516
1.1	1.3	1.2 -3	offset	1.2	offset	-3	1	1566
1.3	1.5	1.4 -3	offset	1.4	offset	-3	1	1616
1.5	1.7	1.6 -3	offset	1.6	offset	-3	1	1666
1.7	1.9	1.8 -3	offset	1.8	offset	-3	1	1716
1.9	2.1	2 -3	offset	2	offset	-3	1	1766
2.1	2.3	2.2 -3	offset	2.2	offset	-3	1	1816
2.3	2.5	2.4 -3	offset	2.4	offset	-3	1	1866
2.5	2.7	2.6 -3	offset	2.6	offset	-3	1	1916
2.7	2.9	2.8 -3	offset	2.8	offset	-3	1	1966
2.9	3.1	3 -3	offset	3	offset	-3	1	2016
3.1	3.3	3.2 -3	offset	3.2	offset	-3	1	2066
3.3	3.5	3.4 -3	offset	3.4	offset	-3	1	2116
3.5	3.7	3.6 -3	offset	3.6	offset	-3	1	2166
3.7	3.9	3.8 -3	offset	3.8	offset	-3	1	2216
3.9	4.1	4 -3	offset	4	offset	-3	1	2266
4.1	4.3	4.2 -3	offset	4.2	offset	-3	1	2316
4.3	4.5	4.4 -3	offset	4.4	offset	-3	1	2366
4.5	4.7	4.6 -3	offset	4.6	offset	-3	1	2416
4.7	4.9	4.8 -3	offset	4.8	offset	-3	1	2466
4.9	5.1	5 -3	offset	5	offset	-3	1	2516
-5.1	-4.9	-5 -2.8	offset	-5	offset	-2.8	1	1214
-4.9	-4.7	-4.8 -2.8	offset	-4.8	offset	-2.8	1	1164
-4.7	-4.5	-4.6 -2.8	offset	-4.6	offset	-2.8	1	1114
-4.5	-4.3	-4.4 -2.8	offset	-4.4	offset	-2.8	1	1064
-4.3	-4.1	-4.2 -2.8	offset	-4.2	offset	-2.8	1	1014
-4.1	-3.9	-4 -2.8	offset	-4	offset	-2.8	1	964
-3.9	-3.7	-3.8 -2.8	offset	-3.8	offset	-2.8	1	914
-3.7	-3.5	-3.6 -2.8	offset	-3.6	offset	-2.8	1	864
-3.5	-3.3	-3.4 -2.8	offset	-3.4	offset	-2.8	1	814
-3.3	-3.1	-3.2 -2.8	offset	-3.2	offset	-2.8	1	764
-3.1	-2.9	-3 -2.8	offset	-3	offset	-2.8	1	714
-2.9	-2.7	1	offset	-2.8	offset	-2.8	1	1501
-2.7	-2.5	-2.6 -2.8	offset	-2.6	offset	-2.8	1	613
-2.5	-2.3	-2.4 -2.8	offset	-2.4	offset	-2.8	1	563
-2.3	-2.1	-2.2 -2.8	offset	-2.2	offset	-2.8	1	513
-2.1	-1.9	-2 -2.8	offset	-2	offset	-2.8	1	463
-1.9	-1.7	-1.8 -2.8	offset	-1.8	offset	-2.8	1	413
-1.7	-1.5	-1.6 -2.8	offset	-1.6	offset	-2.8	1	363
-1.5	-1.3	-1.4 -2.8	offset	-1.4	offset	-2.8	1	313
-1.3	-1.1	-1.2 -2.8	offset	-1.2	offset	-2.8	1	263
-1.1	-0.9	-1 -2.8	offset	-1	offset	-2.8	1	213
-0.9	-0.7	-0.8 -2.8	offset	-0.8	offset	-2.8	1	163
-0.7	-0.5	-0.6 -2.8	offset	-0.6	offset	-2.8	1	113
-0.5	-0.299999999999999	-0.399999999999999 -2.8	offset	-0.399999999999999	offset	-2.8	1	63
-0.299999999999999	-0.0999999999999996	-0.199999999999999 -2.8	offset	-0.199999999999999	offset	-2.8	1	13
-0.0999999999999996	0.1	0 -2.8	offset	0	offset	-2.8	1	1264
0.1	0.3	0.2 -2.8	offset	0.2	offset	-2.8	1	1314
0.3	0.5	0.4 -2.8	offset	0.4	offset	-2.8	1	1364
0.5	0.700000000000001	0.6 -2.8	offset	0.600000000000001	offset	-2.8	1	1414
0.700000000000001	0.9	0.800000000000001 -2.8	offset	0.800000000000001	offset	-2.8	1	1464
0.9	1.1	1 -2.8	offset	1	offset	-2.8	1	1515
1.1	1.3	1.2 -2.8	offset	1.2	offset	-2.8	1	1565
1.3	1.5	1.4 -2.8	offset	1.4	offset	-2.8	1	1615
1.5	1.7	1.6 -2.8	offset	1.6	offset	-2.8	1	1665
1.7	1.9	1.8 -2.8	offset	1.8	offset	-2.8	1	1715
1.9	2.1	2 -2.8	offset	2	offset	-2.8	1	1765
2.1	2.3	2.2 -2.8	offset	2.2	offset	-2.8	1	1815
2.3	2.5	2.4 -2.8	offset	2.4	offset	-2.8	1	1865
2.5	2.7	2.6 -2.8	offset	2.6	offset	-2.8	1	1915
2.7	2.9	2.8 -2.8	offset	2.8	offset	-2.8	1	1965
2.9	3.1	3 -2.8	offset	3	offset	-2.8	1	2015
3.1	3.3	3.2 -2.8	offset	3.2	offset	-2.8	1	2065
3.3	3.5	3.4 -2.8	offset	3.4	offset	-2.8	1	2115
3.5	3.7	3.6 -2.8	offset	3.6	offset	-2.8	1	2165
3.7	3.9	3.8 -2.8	offset	3.8	offset	-2.8	1	2215
3.9	4.1	4 -2.8	offset	4	offset	-2.8	1	2265
4.1	4.3	4.2 -2.8	offset	4.2	offset	-2.8	1	2315
4.3	4.5	4.4 -2.8	offset	4.4	offset	-2.8	1	2365
4.5	4.7	4.6 -2.8	offset	4.6	offset	-2.8	1	2415
4.7	4.9	4.8 -2.8	offset	4.8	offset	-2.8	1	2465
4.9	5.1	5 -2.8	offset	5	offset	-2.8	1	2515
-5.1	-4.9	-5 -2.6	offset	-5	offset	-2.6	1	1213
-4.9	-4.7	-4.8 -2.6	offset	-4.8	offset	-2.6	1	1163
-4.7	-4.5	-4.6 -2.6	offset	-4.6	offset	-2.6	1	1113
-4.5	-4.3	-4.4 -2.6	offset	-4.4	offset	-2.6	1	1063
-4.3	-4.1	-4.2 -2.6	offset	-4.2	offset	-2.6	1	1013
-4.1	-3.9	-4 -2.6	offset	-4	offset	-2.6	1	963
-3.9	-3.7	-3.8 -2.6	offset	-3.8	offset	-2.6	1	913
-3.7	-3.5	-3.6 -2.6	offset	-3.6	offset	-2.6	1	863
-3.5	-3.3	-3.4 -2.6	offset	-3.4	offset	-2.6	1	813
-3.3	-3.1	-3.2 -2.6	offset	-3.2	offset	-2.6	1	763
-3.1	-2.9	-3 -2.6	offset	-3	offset	-2.6	1	713
-2.9	-2.7	-2.8 -2.6	offset	-2.8	offset	-2.6	1	663
-2.7	-2.5	1	offset	-2.6	offset	-2.6	1	1501
-2.5	-2.3	-2.4 -2.6	offset	-2.4	offset	-2.6	1	562
-2.3	-2.1	-2.2 -2.6	offset	-2.2	offset	-2.6	1	512
-2.1	-1.9	-2 -2.6	offset	-2	offset	-2.6	1	462
-1.9	-1.7	-1.8 -2.6	offset	-1.8	offset	-2.6	1	412
-1.7	-1.5	-1.6 -2.6	offset	-1.6	offset	-2.6	1	362
-1.5	-1.3	-1.4 -2.6	offset	-1.4	offset	-2.6	1	312
-1.3	-1.1	-1.2 -2.6	offset	-1.2	offset	-2.6	1	262
-1.1	-0.9	-1 -2.6	offset	-1	offset	-2.6	1	212
-0.9	-0.7	-0.8 -2.6	offset	-0.8	offset	-2.6	1	162
-0.7	-0.5	-0.6 -2.6	offset	-0.6	offset	-2.6	1	112
-0.5	-0.299999999999999	-0.399999999999999 -2.6	offset	-0.399999999999999	offset	-2.6	1	62
-0.299999999999999	-0.0999999999999996	-0.199999999999999 -2.6	offset	-0.199999999999999	offset	-2.6	1	12
-0.0999999999999996	0.1	0 -2.6	offset	0	offset	-2.6	1	1263
0.1	0.3	0.2 -2.6	offset	0.2	offset	-2.6	1	1313
0.3	0.5	0.4 -2.6	offset	0.4	offset	-2.6	1	1363
0.5	0.700000000000001	0.6 -2.6	offset	0.600000000000001	offset	-2.6	1	1413
0.700000000000001	0.9	0.800000000000001 -2.6	offset	0.800000000000001	offset	-2.6	1	1463
0.9	1.1	1 -2.6	offset	1	offset	-2.6	1	1514
1.1	1.3	1.2 -2.6	offset	1.2	offset	-2.6	1	1564
1.3	1.5	1.4 -2.6	offset	1.4	offset	-2.6	1	1614
1.5	1.7	1.6 -2.6	offset	1.6	offset	-2.6	1	1664
1.7	1.9	1.8 -2.6	offset	1.8	offset	-2.6	1	1714
1.9	2.1	2 -2.6	offset	2	offset	-2.6	1	1764
2.1	2.3	2.2 -2.6	offset	2.2	offset	-2.6	1	1814
2.3	2.5	2.4 -2.6	offset	2.4	offset	-2.6	1	1864
2.5	2.7	2.6 -2.6	offset	2.6	offset	-2.6	1	1914
2.7	2.9	2.8 -2.6	offset	2.8	offset	-2.6	1	1964
2.9	3.1	3 -2.6	offset	3	offset	-2.6	1	2014
3.1	3.3	3.2 -2.6	offset	3.2	offset	-2.6	1	2064
3.3	3.5	3.4 -2.6	offset	3.4	offset	-2.6	1	2114
3.5	3.7	3.6 -2.6	offset	3.6	offset	-2.6	1	2164
3.7	3.9	3.8 -2.6	offset	3.8	offset	-2.6	1	2214
3.9	4.1	4 -2.6	offset	4	offset	-2.6	1	2264
4.1	4.3	4.2 -2.6	offset	4.2	offset	-2.6	1	2314
4.3	4.5	4.4 -2.6	offset	4.4	offset	-2.6	1	2364
4.5	4.7	4.6 -2.6	offset	4.6	offset	-2.6	1	2414
4.7	4.9	4.8 -2.6	offset	4.8	offset	-2.6	1	2464
4.9	5.1	5 -2.6	offset	5	offset	-2.6	1	2514
-5.1	-4.9	-5 -2.4	offset	-5	offset	-2.4	1	1212
-4.9	-4.7	-4.8 -2.4	offset	-4.8	offset	-2.4	1	1162
-4.7	-4.5	-4.6 -2.4	offset	-4.6	offset	-2.4	1	1112
-4.5	-4.3	-4.4 -2.4	offset	-4.4	offset	-2.4	1	1062
-4.3	-4.1	-4.2 -2.4	offset	-4.2	offset	-2.4	1	1012
-4.1	-3.9	-4 -2.4	offset	-4	offset	-2.4	1	962
-3.9	-3.7	-3.8 -2.4	offset	-3.8	offset	-2.4	1	912
-3.7	-3.5	-3.6 -2.4	offset	-3.6	offset	-2.4	1	862
-3.5	-3.3	-3.4 -2.4	offset	-3.4	offset	-2.4	1	812
-3.3	-3.1	-3.2 -2.4	offset	-3.2	offset	-2.4	1	762
-3.1	-2.9	-3 -2.4	offset	-3	offset	-2.4	1	712
-2.9	-2.7	-2.8 -2.4	offset	-2.8	offset	-2.4	1	662
-2.7	-2.5	-2.6 -2.4	offset	-2.6	offset	-2.4	1	612
-2.5	-2.3	1	offset	-2.4	offset	-2.4	1	1501
-2.3	-2.1	-2.2 -2.4	offset	-2.2	offset	-2.4	1	511
-2.1	-1.9	-2 -2.4	offset	-2	offset	-2.4	1	461
-1.9	-1.7	-1.8 -2.4	offset	-1.8	offset	-2.4	1	411
-1.7	-1.5	-1.6 -2.4	offset	-1.6	offset	-2.4	1	361
-1.5	-1.3	-1.4 -2.4	offset	-1.4	offset	-2.4	1	311
-1.3	-1.1	-1.2 -2.4	offset	-1.2	offset	-2.4	1	261
-1.1	-0.9	-1 -2.4	offset	-1	offset	-2.4	1	211
-0.9	-0.7	-0.8 -2.4	offset	-0.8	offset	-2.4	1	161
-0.7	-0.5	-0.6 -2.4	offset	-0.6	offset	-2.4	1	111
-0.5	-0.299999999999999	-0.399999999999999 -2.4	offset	-0.399999999999999	offset	-2.4	1	61
-0.299999999999999	-0.0999999999999996	-0.199999999999999 -2.4	offset	-0.199999999999999	offset	-2.4	1	11
-0.0999999999999996	0.1	0 -2.4	offset	0	offset	-2.4	1	1262
0.1	0.3	0.2 -2.4	offset	0.2	offset	-2.4	1	1312
0.3	0.5	0.4 -2.4	offset	0.4	offset	-2.4	1	1362
0.5	0.700000000000001	0.6 -2.4	offset	0.600000000000001	offset	-2.4	1	1412
0.700000000000001	0.9	0.800000000000001 -2.4	offset	0.800000000000001	offset	-2.4	1	1462
0.9	1.1	1 -2.4	offset	1	offset	-2.4	1	1513
1.1	1.3	1.2 -2.4	offset	1.2	offset	-2.4	1	1563
1.3	1.5	1.4 -2.4	offset	1.4	offset	-2.4	1	1613
1.5	1.7	1.6 -2.4	offset	1.6	offset	-2.4	1	1663
1.7	1.9	1.8 -2.4	offset	1.8	offset	-2.4	1	1713
1.9	2.1	2 -2.4	offset	2	offset	-2.4	1	1763
2.1	2.3	2.2 -2.4	offset	2.2	offset	-2.4	1	1813
2.3	2.5	2.4 -2.4	offset	2.4	offset	-2.4	1	1863
2.5	2.7	2.6 -2.4	offset	2.6	offset	-2.4	1	1913
2.7	2.9	2.8 -2.4	offset	2.8	offset	-2.4	1	1963
2.9	3.1	3 -2.4	offset	3	offset	-2.4	1	2013
3.1	3.3	3.2 -2.4	offset	3.2	offset	-2.4	1	2063
3.3	3.5	3.4 -2.4	offset	3.4	offset	-2.4	1	2113
3.5	3.7	3.6 -2.4	offset	3.6	offset	-2.4	1	2163
3.7	3.9	3.8 -2.4	offset	3.8	offset	-2.4	1	2213
3.9	4.1	4 -2.4	offset	4	offset	-2.4	1	2263
4.1	4.3	4.2 -2.4	offset	4.2	offset	-2.4	1	2313
4.3	4.5	4.4 -2.4	offset	4.4	offset	-2.4	1	2363
4.5	4.7	4.6 -2.4	offset	4.6	offset	-2.4	1	2413
4.7	4.9	4.8 -2.4	offset	4.8	offset	-2.4	1	2463
4.9	5.1	5 -2.4	offset	5	offset	-2.4	1	2513
-5.1	-4.9	-5 -2.2	offset	-5	offset	-2.2	1	1211
-4.9	-4.7	-4.8 -2.2	offset	-4.8	offset	-2.2	1	1161
-4.7	-4.5	-4.6 -2.2	offset	-4.6	offset	-2.2	1	1111
-4.5	-4.3	-4.4 -2.2	offset	-4.4	offset	-2.2	1	1061
-4.3	-4.1	-4.2 -2.2	offset	-4.2	offset	-2.2	1	1011
-4.1	-3.9	-4 -2.2	offset	-4	offset	-2.2	1	961
-3.9	-3.7	-3.8 -2.2	offset	-3.8	offset	-2.2	1	911
-3.7	-3.5	-3.6 -2.2	offset	-3.6	offset	-2.2	1	861
-3.5	-3.3	-3.4 -2.2	offset	-3.4	offset	-2.2	1	811
-3.3	-3.1	-3.2 -2.2	offset	-3.2	offset	-2.2	1	761
-3.1	-2.9	-3 -2.2	offset	-3	offset	-2.2	1	711
-2.9	-2.7	-2.8 -2.2	offset	-2.8	offset	-2.2	1	661
-2.7	-2.5	-2.6 -2.2	offset	-2.6	offset	-2.2	1	611
-2.5	-2.3	-2.4 -2.2	offset	-2.4	offset	-2.2	1	561
-2.3	-2.1	1	offset	-2.2	offset	-2.2	1	1501
-2.1	-1.9	-2 -2.2	offset	-2	offset	-2.2	1	460
-1.9	-1.7	-1.8 -2.2	offset	-1.8	offset	-2.2	1	410
-1.7	-1.5	-1.6 -2.2	offset	-1.6	offset	-2.2	1	360
-1.5	-1.3	-1.4 -2.2	offset	-1.4	offset	-2.2	1	310
-1.3	-1.1	-1.2 -2.2	offset	-1.2	offset	-2.2	1	260
-1.1	-0.9	-1 -2.2	offset	-1	offset	-2.2	1	210
-0.9	-0.7	-0.8 -2.2	offset	-0.8	offset	-2.2	1	160
-0.7	-0.5	-0.6 -2.2	offset	-0.6	offset	-2.2	1	110
-0.5	-0.299999999999999	-0.399999999999999 -2.2	offset	-0.399999999999999	offset	-2.2	1	60
-0.299999999999999	-0.0999999999999996	-0.199999999999999 -2.2	offset	-0.199999999999999	offset	-2.2	1	10
-0.0999999999999996	0.1	0 -2.2	offset	0	offset	-2.2	1	1261
0.1	0.3	0.2 -2.2	offset	0.2	offset	-2.2	1	1311
0.3	0.5	0.4 -2.2	offset	0.4	offset	-2.2	1	1361
0.5	0.700000000000001	0.6 -2.2	offset	0.600000000000001	offset	-2.2	1	1411
0.700000000000001	0.9	0.800000000000001 -2.2	offset	0.800000000000001	offset	-2.2	1	1461
0.9	1.1	1 -2.2	offset	1	offset	-2.2	1	1512
1.1	1.3	1.2 -2.2	offset	1.2	offset	-2.2	1	1562
1.3	1.5	1.4 -2.2	offset	1.4	offset	-2.2	1	1612
1.5	1.7	1.6 -2.2	offset	1.6	offset	-2.2	1	1662
1.7	1.9	1.8 -2.2	offset	1.8	offset	-2.2	1	1712
1.9	2.1	2 -2.2	offset	2	offset	-2.2	1	1762
2.1	2.3	2.2 -2.2	offset	2.2	offset	-2.2	1	1812
2.3	2.5	2.4 -2.2	offset	2.4	offset	-2.2	1	1862
2.5	2.7	2.6 -2.2	offset	2.6	offset	-2.2	1	1912
2.7	2.9	2.8 -2.2	offset	2.8	offset	-2.2	1	1962
2.9	3.1	3 -2.2	offset	3	offset	-2.2	1	2012
3.1	3.3	3.2 -2.2	offset	3.2	offset	-2.2	1	2062
3.3	3.5	3.4 -2.2	offset	3.4	offset	-2.2	1	2112
3.5	3.7	3.6 -2.2	offset	3.6	offset	-2.2	1	2162
3.7	3.9	3.8 -2.2	offset	3.8	offset	-2.2	1	2212
3.9	4.1	4 -2.2	offset	4	offset	-2.2	1	2262
4.1	4.3	4.2 -2.2	offset	4.2	offset	-2.2	1	2312
4.3	4.5	4.4 -2.2	offset	4.4	offset	-2.2	1	2362
4.5	4.7	4.6 -2.2	offset	4.6	offset	-2.2	1	2412
4.7	4.9	4.8 -2.2	offset	4.8	offset	-2.2	1	2462
4.9	5.1	5 -2.2	offset	5	offset	-2.2	1	2512
-5.1	-4.9	-5 -2	offset	-5	offset	-2	1	1210
-4.9	-4.7	-4.8 -2	offset	-4.8	offset	-2	1	1160
-4.7	-4.5	-4.6 -2	offset	-4.6	offset	-2	1	1110
-4.5	-4.3	-4.4 -2	offset	-4.4	offset	-2	1	1060
-4.3	-4.1	-4.2 -2	offset	-4.2	offset	-2	1	1010
-4.1	-3.9	-4 -2	offset	-4	offset	-2	1	960
-3.9	-3.7	-3.8 -2	offset	-3.8	offset	-2	1	910
-3.7	-3.5	-3.6 -2	offset	-3.6	offset	-2	1	860
-3.5	-3.3	-3.4 -2	offset	-3.4	offset	-2	1	810
-3.3	-3.1	-3.2 -2	offset	-3.2	offset	-2	1	760
-3.1	-2.9	-3 -2	offset	-3	offset	-2	1	710
-2.9	-2.7	-2.8 -2	offset	-2.8	offset	-2	1	660
-2.7	-2.5	-2.6 -2	offset	-2.6	offset	-2	1	610
-2.5	-2.3	-2.4 -2	offset	-2.4	offset	-2	1	560
-2.3	-2.1	-2.2 -2	offset	-2.2	offset	-2	1	510
-2.1	-1.9	1	offset	-2	offset	-2	1	1501
-1.9	-1.7	-1.8 -2	offset	-1.8	offset	-2	1	409
-1.7	-1.5	-1.6 -2	offset	-1.6	offset	-2	1	359
-1.5	-1.3	-1.4 -2	offset	-1.4	offset	-2	1	309
-1.3	-1.1	-1.2 -2	offset	-1.2	offset	-2	1	259
-1.1	-0.9	-1 -2	offset	-1	offset	-2	1	209
-0.9	-0.7	-0.8 -2	offset	-0.8	offset	-2	1	159
-0.7	-0.5	-0.6 -2	offset	-0.6	offset	-2	1	109
-0.5	-0.299999999999999	-0.399999999999999 -2	offset	-0.399999999999999	offset	-2	1	59
-0.299999999999999	-0.0999999999999996	-0.199999999999999 -2	offset	-0.199999999999999	offset	-2	1	9
-0.0999999999999996	0.1	0 -2	offset	0	offset	-2	1	1260
0.1	0.3	0.2 -2	offset	0.2	offset	-2	1	1310
0.3	0.5	0.4 -2	offset	0.4	offset	-2	1	1360
0.5	0.700000000000001	0.6 -2	offset	0.600000000000001	offset	-2	1	1410
0.700000000000001	0.9	0.800000000000001 -2	offset	0.800000000000001	offset	-2	1	1460
0.9	1.1	1 -2	offset	1	offset	-2	1	1511
1.1	1.3	1.2 -2	offset	1.2	offset	-2	1	1561
1.3	1.5	1.4 -2	offset	1.4	offset	-2	1	1611
1.5	1.7	1.6 -2	offset	1.6	offset	-2	1	1661
1.7	1.9	1.8 -2	offset	1.8	offset	-2	1	1711
1.9	2.1	2 -2	offset	2	offset	-2	1	1761
2.1	2.3	2.2 -2	offset	2.2	offset	-2	1	1811
2.3	2.5	2.4 -2	offset	2.4	offset	-2	1	1861
2.5	2.7	2.6 -2	offset	2.6	offset	-2	1	1911
2.7	2.9	2.8 -2	offset	2.8	offset	-2	1	1961
2.9	3.1	3 -2	offset	3	offset	-2	1	2011
3.1	3.3	3.2 -2	offset	3.2	offset	-2	1	2061
3.3	3.5	3.4 -2	offset	3.4	offset	-2	1	2111
3.5	3.7	3.6 -2	offset	3.6	offset	-2	1	2161
3.7	3.9	3.8 -2	offset	3.8	offset	-2	1	2211
3.9	4.1	4 -2	offset	4	offset	-2	1	2261
4.1	4.3	4.2 -2	offset	4.2	offset	-2	1	2311
4.3	4.5	4.4 -2	offset	4.4	offset	-2	1	2361
4.5	4.7	4.6 -2	offset	4.6	offset	-2	1	2411
4.7	4.9	4.8 -2	offset	4.8	offset	-2	1	2461
4.9	5.1	5 -2	offset	5	offset	-2	1	2511
-5.1	-4.9	-5 -1.8	offset	-5	offset	-1.8	1	1209
-4.9	-4.7	-4.8 -1.8	offset	-4.8	offset	-1.8	1	1159
-4.7	-4.5	-4.6 -1.8	offset	-4.6	offset	-1.8	1	1109
-4.5	-4.3	-4.4 -1.8	offset	-4.4	offset	-1.8	1	1059
-4.3	-4.1	-4.2 -1.8	offset	-4.2	offset	-1.8	1	1009
-4.1	-3.9	-4 -1.8	offset	-4	offset	-1.8	1	959
-3.9	-3.7	-3.8 -1.8	offset	-3.8	offset	-1.8	1	909
-3.7	-3.5	-3.6 -1.8	offset	-3.6	offset	-1.8	1	859
-3.5	-3.3	-3.4 -1.8	offset	-3.4	offset	-1.8	1	809
-3.3	-3.1	-3.2 -1.8	offset	-3.2	offset	-1.8	1	759
-3.1	-2.9	-3 -1.8	offset	-3	offset	-1.8	1	709
-2.9	-2.7	-2.8 -1.8	offset	-2.8	offset	-1.8	1	659
-2.7	-2.5	-2.6 -1.8	offset	-2.6	offset	-1.8	1	609
-2.5	-2.3	-2.4 -1.8	offset	-2.4	offset	-1.8	1	559
-2.3	-2.1	-2.2 -1.8	offset	-2.2	offset	-1.8	1	509
-2.1	-1.9	-2 -1.8	offset	-2	offset	-1.8	1	459
-1.9	-1.7	1	offset	-1.8	offset	-1.8	1	1501
-1.7	-1.5	-1.6 -1.8	offset	-1.6	offset	-1.8	1	358
-1.5	-1.3	-1.4 -1.8	offset	-1.4	offset	-1.8	1	308
-1.3	-1.1	-1.2 -1.8	offset	-1.2	offset	-1.8	1	258
-1.1	-0.9	-1 -1.8	offset	-1	offset	-1.8	1	208
-0.9	-0.7	-0.8 -1.8	offset	-0.8	offset	-1.8	1	158
-0.7	-0.5	-0.6 -1.8	offset	-0.6	offset	-1.8	1	108
-0.5	-0.299999999999999	-0.399999999999999 -1.8	offset	-0.399999999999999	offset	-1.8	1	58
-0.299999999999999	-0.0999999999999996	-0.199999999999999 -1.8	offset	-0.199999999999999	offset	-1.8	1	8
-0.0999999999999996	0.1	0 -1.8	offset	0	offset	-1.8	1	1259
0.1	0.3	0.2 -1.8	offset	0.2	offset	-1.8	1	1309
0.3	0.5	0.4 -1.8	offset	0.4	offset	-1.8	1	1359
0.5	0.700000000000001	0.6 -1.8	offset	0.600000000000001	offset	-1.8	1	1409
0.700000000000001	0.9	0.800000000000001 -1.8	offset	0.800000000000001	offset	-1.8	1	1459
0.9	1.1	1 -1.8	offset	1	offset	-1.8	1	1510
1.1	1.3	1.2 -1.8	offset	1.2	offset	-1.8	1	1560
1.3	1.5	1.4 -1.8	offset	1.4	offset	-1.8	1	1610
1.5	1.7	1.6 -1.8	offset	1.6	offset	-1.8	1	1660
1.7	1.9	1.8 -1.8	offset	1.8	offset	-1.8	1	1710
1.9	2.1	2 -1.8	offset	2	offset	-1.8	1	1760
2.1	2.3	2.2 -1.8	offset	2.2	offset	-1.8	1	1810
2.3	2.5	2.4 -1.8	offset	2.4	offset	-1.8	1	1860
2.5	2.7	2.6 -1.8	offset	2.6	offset	-1.8	1	1910
2.7	2.9	2.8 -1.8	offset	2.8	offset	-1.8	1	1960
2.9	3.1	3 -1.8	offset	3	offset	-1.8	1	2010
3.1	3.3	3.2 -1.8	offset	3.2	offset	-1.8	1	2060
3.3	3.5	3.4 -1.8	offset	3.4	offset	-1.8	1	2110
3.5	3.7	3.6 -1.8	offset	3.6	offset	-1.8	1	2160
3.7	3.9	3.8 -1.8	offset	3.8	offset	-1.8	1	2210
3.9	4.1	4 -1.8	offset	4	offset	-1.8	1	2260
4.1	4.3	4.2 -1.8	offset	4.2	offset	-1.8	1	2310
4.3	4.5	4.4 -1.8	offset	4.4	offset	-1.8	1	2360
4.5	4.7	4.6 -1.8	offset	4.6	offset	-1.8	1	2410
4.7	4.9	4.8 -1.8	offset	4.8	offset	-1.8	1	2460
4.9	5.1	5 -1.8	offset	5	offset	-1.8	1	2510
-5.1	-4.9	-5 -1.6	offset	-5	offset	-1.6	1	1208
-4.9	-4.7	-4.8 -1.6	offset	-4.8	offset	-1.6	1	1158
-4.7	-4.5	-4.6 -1.6	offset	-4.6	offset	-1.6	1	1108
-4.5	-4.3	-4.4 -1.6	offset	-4.4	offset	-1.6	1	1058
-4.3	-4.1	-4.2 -1.6	offset	-4.2	offset	-1.6	1	1008
-4.1	-3.9	-4 -1.6	offset	-4	offset	-1.6	1	958
-3.9	-3.7	-3.8 -1.6	offset	-3.8	offset	-1.6	1	908
-3.7	-3.5	-3.6 -1.6	offset	-3.6	offset	-1.6	1	858
-3.5	-3.3	-3.4 -1.6	offset	-3.4	offset	-1.6	1	808
-3.3	-3.1	-3.2 -1.6	offset	-3.2	offset	-1.6	1	758
-3.1	-2.9	-3 -1.6	offset	-3	offset	-1.6	1	708
-2.9	-2.7	-2.8 -1.6	offset	-2.8	offset	-1.6	1	658
-2.7	-2.5	-2.6 -1.6	offset	-2.6	offset	-1.6	1	608
-2.5	-2.3	-2.4 -1.6	offset	-2.4	offset	-1.6	1	558
-2.3	-2.1	-2.2 -1.6	offset	-2.2	offset	-1.6	1	508
-2.1	-1.9	-2 -1.6	offset	-2	offset	-1.6	1	458
-1.9	-1.7	-1.8 -1.6	offset	-1.8	offset	-1.6	1	408
-1.7	-1.5	1	offset	-1.6	offset	-1.6	1	1501
-1.5	-1.3	-1.4 -1.6	offset	-1.4	offset	-1.6	1	307
-1.3	-1.1	-1.2 -1.6	offset	-1.2	offset	-1.6	1	257
-1.1	-0.9	-1 -1.6	offset	-1	offset	-1.6	1	207
-0.9	-0.7	-0.8 -1.6	offset	-0.8	offset	-1.6	1	157
-0.7	-0.5	-0.6 -1.6	offset	-0.6	offset	-1.6	1	107
-0.5	-0.299999999999999	-0.399999999999999 -1.6	offset	-0.399999999999999	offset	-1.6	1	57
-0.299999999999999	-0.0999999999999996	-0.199999999999999 -1.6	offset	-0.199999999999999	offset	-1.6	1	7
-0.0999999999999996	0.1	0 -1.6	offset	0	offset	-1.6	1	1258
0.1	0.3	0.2 -1.6	offset	0.2	offset	-1.6	1	1308
0.3	0.5	0.4 -1.6	offset	0.4	offset	-1.6	1	1358
0.5	0.700000000000001	0.6 -1.6	offset	0.600000000000001	offset	-1.6	1	1408
0.700000000000001	0.9	0.800000000000001 -1.6	offset	0.800000000000001	offset	-1.6	1	1458
0.9	1.1	1 -1.6	offset	1	offset	-1.6	1	1509
1.1	1.3	1.2 -1.6	offset	1.2	offset	-1.6	1	1559
1.3	1.5	1.4 -1.6	offset	1.4	offset	-1.6	1	1609
1.5	1.7	1.6 -1.6	offset	1.6	offset	-1.6	1	1659
1.7	1.9	1.8 -1.6	offset	1.8	offset	-1.6	1	1709
1.9	2.1	2 -1.6	offset	2	offset	-1.6	1	1759
2.1	2.3	2.2 -1.6	offset	2.2	offset	-1.6	1	1809
2.3	2.5	2.4 -1.6	offset	2.4	offset	-1.6	1	1859
2.5	2.7	2.6 -1.6	offset	2.6	offset	-1.6	1	1909
2.7	2.9	2.8 -1.6	offset	2.8	offset	-1.6	1	1959
2.9	3.1	3 -1.6	offset	3	offset	-1.6	1	2009
3.1	3.3	3.2 -1.6	offset	3.2	offset	-1.6	1	2059
3.3	3.5	3.4 -1.6	offset	3.4	offset	-1.6	1	2109
3.5	3.7	3.6 -1.6	offset	3.6	offset	-1.6	1	2159
3.7	3.9	3.8 -1.6	offset	3.8	offset	-1.6	1	2209
3.9	4.1	4 -1.6	offset	4	offset	-1.6	1	2259
4.1	4.3	4.2 -1.6	offset	4.2	offset	-1.6	1	2309
4.3	4.5	4.4 -1.6	offset	4.4	offset	-1.6	1	2359
4.5	4.7	4.6 -1.6	offset	4.6	offset	-1.6	1	2409
4.7	4.9	4.8 -1.6	offset	4.8	offset	-1.6	1	2459
4.9	5.1	5 -1.6	offset	5	offset	-1.6	1	2509
-5.1	-4.9	-5 -1.4	offset	-5	offset	-1.4	1	1207
-4.9	-4.7	-4.8 -1.4	offset	-4.8	offset	-1.4	1	1157
-4.7	-4.5	-4.6 -1.4	offset	-4.6	offset	-1.4	1	1107
-4.5	-4.3	-4.4 -1.4	offset	-4.4	offset	-1.4	1	1057
-4.3	-4.1	-4.2 -1.4	offset	-4.2	offset	-1.4	1	1007
-4.1	-3.9	-4 -1.4	offset	-4	offset	-1.4	1	957
-3.9	-3.7	-3.8 -1.4	offset	-3.8	offset	-1.4	1	907
-3.7	-3.5	-3.6 -1.4	offset	-3.6	offset	-1.4	1	857
-3.5	-3.3	-3.4 -1.4	offset	-3.4	offset	-1.4	1	807
-3.3	-3.1	-3.2 -1.4	offset	-3.2	offset	-1.4	1	757
-3.1	-2.9	-3 -1.4	offset	-3	offset	-1.4	1	707
-2.9	-2.7	-2.8 -1.4	offset	-2.8	offset	-1.4	1	657
-2.7	-2.5	-2.6 -1.4	offset	-2.6	offset	-1.4	1	607
-2.5	-2.3	-2.4 -1.4	offset	-2.4	offset	-1.4	1	557
-2.3	-2.1	-2.2 -1.4	offset	-2.2	offset	-1.4	1	507
-2.1	-1.9	-2 -1.4	offset	-2	offset	-1.4	1	457
-1.9	-1.7	-1.8 -1.4	offset	-1.8	offset	-1.4	1	407
-1.7	-1.5	-1.6 -1.4	offset	-1.6	offset	-1.4	1	357
-1.5	-1.3	1	offset	-1.4	offset	-1.4	1	1501
-1.3	-1.1	-1.2 -1.4	offset	-1.2	offset	-1.4	1	256
-1.1	-0.9	-1 -1.4	offset	-1	offset	-1.4	1	206
-0.9	-0.7	-0.8 -1.4	offset	-0.8	offset	-1.4	1	156
-0.7	-0.5	-0.6 -1.4	offset	-0.6	offset	-1.4	1	106
-0.5	-0.299999999999999	-0.399999999999999 -1.4	offset	-0.399999999999999	offset	-1.4	1	56
-0.299999999999999	-0.0999999999999996	-0.199999999999999 -1.4	offset	-0.199999999999999	offset	-1.4	1	6
-0.0999999999999996	0.1	0 -1.4	offset	0	offset	-1.4	1	1257
0.1	0.3	0.2 -1.4	offset	0.2	offset	-1.4	1	1307
0.3	0.5	0.4 -1.4	offset	0.4	offset	-1.4	1	1357
0.5	0.700000000000001	0.6 -1.4	offset	0.600000000000001	offset	-1.4	1	1407
0.700000000000001	0.9	0.800000000000001 -1.4	offset	0.800000000000001	offset	-1.4	1	1457
0.9	1.1	1 -1.4	offset	1	offset	-1.4	1	1508
1.1	1.3	1.2 -1.4	offset	1.2	offset	-1.4	1	1558
1.3	1.5	1.4 -1.4	offset	1.4	offset	-1.4	1	1608
1.5	1.7	1.6 -1.4	offset	1.6	offset	-1.4	1	1658
1.7	1.9	1.8 -1.4	offset	1.8	offset	-1.4	1	1708
1.9	2.1	2 -1.4	offset	2	offset	-1.4	1	1758
2.1	2.3	2.2 -1.4	offset	2.2	offset	-1.4	1	1808
2.3	2.5	2.4 -1.4	offset	2.4	offset	-1.4	1	1858
2.5	2.7	2.6 -1.4	offset	2.6	offset	-1.4	1	1908
2.7	2.9	2.8 -1.4	offset	2.8	offset	-1.4	1	1958
2.9	3.1	3 -1.4	offset	3	offset	-1.4	1	2008
3.1	3.3	3.2 -1.4	offset	3.2	offset	-1.4	1	2058
3.3	3.5	3.4 -1.4	offset	3.4	offset	-1.4	1	2108
3.5	3.7	3.6 -1.4	offset	3.6	offset	-1.4	1	2158
3.7	3.9	3.8 -1.4	offset	3.8	offset	-1.4	1	2208
3.9	4.1	4 -1.4	offset	4	offset	-1.4	1	2258
4.1	4.3	4.2 -1.4	offset	4.2	offset	-1.4	1	2308
4.3	4.5	4.4 -1.4	offset	4.4	offset	-1.4	1	2358
4.5	4.7	4.6 -1.4	offset	4.6	offset	-1.4	1	2408
4.7	4.9	4.8 -1.4	offset	4.8	offset	-1.4	1	2458
4.9	5.1	5 -1.4	offset	5	offset	-1.4	1	2508
-5.1	-4.9	-5 -1.2	offset	-5	offset	-1.2	1	1206
-4.9	-4.7	-4.8 -1.2	offset	-4.8	offset	-1.2	1	1156
-4.7	-4.5	-4.6 -1.2	offset	-4.6	offset	-1.2	1	1106
-4.5	-4.3	-4.4 -1.2	offset	-4.4	offset	-1.2	1	1056
-4.3	-4.1	-4.2 -1.2	offset	-4.2	offset	-1.2	1	1006
-4.1	-3.9	-4 -1.2	offset	-4	offset	-1.2	1	956
-3.9	-3.7	-3.8 -1.2	offset	-3.8	offset	-1.2	1	906
-3.7	-3.5	-3.6 -1.2	offset	-3.6	offset	-1.2	1	856
-3.5	-3.3	-3.4 -1.2	offset	-3.4	offset	-1.2	1	806
-3.3	-3.1	-3.2 -1.2	offset	-3.2	offset	-1.2	1	756
-3.1	-2.9	-3 -1.2	offset	-3	offset	-1.2	1	706
-2.9	-2.7	-2.8 -1.2	offset	-2.8	offset	-1.2	1	656
-2.7	-2.5	-2.6 -1.2	offset	-2.6	offset	-1.2	1	606
-2.5	-2.3	-2.4 -1.2	offset	-2.4	offset	-1.2	1	556
-2.3	-2.1	-2.2 -1.2	offset	-2.2	offset	-1.2	1	506
-2.1	-1.9	-2 -1.2	offset	-2	offset	-1.2	1	456
-1.9	-1.7	-1.8 -1.2	offset	-1.8	offset	-1.2	1	406
-1.7	-1.5	-1.6 -1.2	offset	-1.6	offset	-1.2	1	356
-1.5	-1.3	-1.4 -1.2	offset	-1.4	offset	-1.2	1	306
-1.3	-1.1	1	offset	-1.2	offset	-1.2	1	1501
-1.1	-0.9	-1 -1.2	offset	-1	offset	-1.2	1	205
-0.9	-0.7	-0.8 -1.2	offset	-0.8	offset	-1.2	1	155
-0.7	-0.5	-0.6 -1.2	offset	-0.6	offset	-1.2	1	105
-0.5	-0.299999999999999	-0.399999999999999 -1.2	offset	-0.399999999999999	offset	-1.2	1	55
-0.299999999999999	-0.0999999999999996	-0.199999999999999 -1.2	offset	-0.199999999999999	offset	-1.2	1	5
-0.0999999999999996	0.1	0 -1.2	offset	0	offset	-1.2	1	1256
0.1	0.3	0.2 -1.2	offset	0.2	offset	-1.2	1	1306
0.3	0.5	0.4 -1.2	offset	0.4	offset	-1.2	1	1356
0.5	0.700000000000001	0.6 -1.2	offset	0.600000000000001	offset	-1.2	1	1406
0.700000000000001	0.9	0.800000000000001 -1.2	offset	0.800000000000001	offset	-1.2	1	1456
0.9	1.1	1 -1.2	offset	1	offset	-1.2	1	1507
1.1	1.3	1.2 -1.2	offset	1.2	offset	-1.2	1	1557
1.3	1.5	1.4 -1.2	offset	1.4	offset	-1.2	1	1607
1.5	1.7	1.6 -1.2	offset	1.6	offset	-1.2	1	1657
1.7	1.9	1.8 -1.2	offset	1.8	offset	-1.2	1	1707
1.9	2.1	2 -1.2	offset	2	offset	-1.2	1	1757
2.1	2.3	2.2 -1.2	offset	2.2	offset	-1.2	1	1807
2.3	2.5	2.4 -1.2	offset	2.4	offset	-1.2	1	1857
2.5	2.7	2.6 -1.2	offset	2.6	offset	-1.2	1	1907
2.7	2.9	2.8 -1.2	offset	2.8	offset	-1.2	1	1957
2.9	3.1	3 -1.2	offset	3	offset	-1.2	1	2007
3.1	3.3	3.2 -1.2	offset	3.2	offset	-1.2	1	2057
3.3	3.5	3.4 -1.2	offset	3.4	offset	-1.2	1	2107
3.5	3.7	3.6 -1.2	offset	3.6	offset	-1.2	1	2157
3.7	3.9	3.8 -1.2	offset	3.8	offset	-1.2	1	2207
3.9	4.1	4 -1.2	offset	4	offset	-1.2	1	2257
4.1	4.3	4.2 -1.2	offset	4.2	offset	-1.2	1	2307
4.3	4.5	4.4 -1.2	offset	4.4	offset	-1.2	1	2357
4.5	4.7	4.6 -1.2	offset	4.6	offset	-1.2	1	2407
4.7	4.9	4.8 -1.2	offset	4.8	offset	-1.2	1	2457
4.9	5.1	5 -1.2	offset	5	offset	-1.2	1	2507
-5.1	-4.9	-5 -1	offset	-5	offset	-1	1	1205
-4.9	-4.7	-4.8 -1	offset	-4.8	offset	-1	1	1155
-4.7	-4.5	-4.6 -1	offset	-4.6	offset	-1	1	1105
-4.5	-4.3	-4.4 -1	offset	-4.4	offset	-1	1	1055
-4.3	-4.1	-4.2 -1	offset	-4.2	offset	-1	1	1005
-4.1	-3.9	-4 -1	offset	-4	offset	-1	1	955
-3.9	-3.7	-3.8 -1	offset	-3.8	offset	-1	1	905
-3.7	-3.5	-3.6 -1	offset	-3.6	offset	-1	1	855
-3.5	-3.3	-3.4 -1	offset	-3.4	offset	-1	1	805
-3.3	-3.1	-3.2 -1	offset	-3.2	offset	-1	1	755
-3.1	-2.9	-3 -1	offset	-3	offset	-1	1	705
-2.9	-2.7	-2.8 -1	offset	-2.8	offset	-1	1	655
-2.7	-2.5	-2.6 -1	offset	-2.6	offset	-1	1	605
-2.5	-2.3	-2.4 -1	offset	-2.4	offset	-1	1	555
-2.3	-2.1	-2.2 -1	offset	-2.2	offset	-1	1	505
-2.1	-1.9	-2 -1	offset	-2	offset	-1	1	455
-1.9	-1.7	-1.8 -1	offset	-1.8	offset	-1	1	405
-1.7	-1.5	-1.6 -1	offset	-1.6	offset	-1	1	355
-1.5	-1.3	-1.4 -1	offset	-1.4	offset	-1	1	305
-1.3	-1.1	-1.2 -1	offset	-1.2	offset	-1	1	255
-1.1	-0.9	1	offset	-1	offset	-1	1	1501
-0.9	-0.7	-0.8 -1	offset	-0.8	offset	-1	1	154
-0.7	-0.5	-0.6 -1	offset	-0.6	offset	-1	1	104
-0.5	-0.299999999999999	-0.399999999999999 -1	offset	-0.399999999999999	offset	-1	1	54
-0.299999999999999	-0.0999999999999996	-0.199999999999999 -1	offset	-0.199999999999999	offset	-1	1	4
-0.0999999999999996	0.1	0 -1	offset	0	offset	-1	1	1255
0.1	0.3	0.2 -1	offset	0.2	offset	-1	1	1305
0.3	0.5	0.4 -1	offset	0.4	offset	-1	1	1355
0.5	0.700000000000001	0.6 -1	offset	0.600000000000001	offset	-1	1	1405
0.700000000000001	0.9	0.800000000000001 -1	offset	0.800000000000001	offset	-1	1	1455
0.9	1.1	1 -1	offset	1	offset	-1	1	1506
1.1	1.3	1.2 -1	offset	1.2	offset	-1	1	1556
1.3	1.5	1.4 -1	offset	1.4	offset	-1	1	1606
1.5	1.7	1.6 -1	offset	1.6	offset	-1	1	1656
1.7	1.9	1.8 -1	offset	1.8	offset	-1	1	1706
1.9	2.1	2 -1	offset	2	offset	-1	1	1756
2.1	2.3	2.2 -1	offset	2.2	offset	-1	1	1806
2.3	2.5	2.4 -1	offset	2.4	offset	-1	1	1856
2.5	2.7	2.6 -1	offset	2.6	offset	-1	1	1906
2.7	2.9	2.8 -1	offset	2.8	offset	-1	1	1956
2.9	3.1	3 -1	offset	3	offset	-1	1	2006
3.1	3.3	3.2 -1	offset	3.2	offset	-1	1	2056
3.3	3.5	3.4 -1	offset	3.4	offset	-1	1	2106
3.5	3.7	3.6 -1	offset	3.6	offset	-1	1	2156
3.7	3.9	3.8 -1	offset	3.8	offset	-1	1	2206
3.9	4.1	4 -1	offset	4	offset	-1	1	2256
4.1	4.3	4.2 -1	offset	4.2	offset	-1	1	2306
4.3	4.5	4.4 -1	offset	4.4	offset	-1	1	2356
4.5	4.7	4.6 -1	offset	4.6	offset	-1	1	2406
4.7	4.9	4.8 -1	offset	4.8	offset	-1	1	2456
4.9	5.1	5 -1	offset	5	offset	-1	1	2506
-5.1	-4.9	-5 -0.8	offset	-5	offset	-0.8	1	1204
-4.9	-4.7	-4.8 -0.8	offset	-4.8	offset	-0.8	1	1154
-4.7	-4.5	-4.6 -0.8	offset	-4.6	offset	-0.8	1	1104
-4.5	-4.3	-4.4 -0.8	offset	-4.4	offset	-0.8	1	1054
-4.3	-4.1	-4.2 -0.8	offset	-4.2	offset	-0.8	1	1004
-4.1	-3.9	-4 -0.8	offset	-4	offset	-0.8	1	954
-3.9	-3.7	-3.8 -0.8	offset	-3.8	offset	-0.8	1	904
-3.7	-3.5	-3.6 -0.8	offset	-3.6	offset	-0.8	1	854
-3.5	-3.3	-3.4 -0.8	offset	-3.4	offset	-0.8	1	804
-3.3	-3.1	-3.2 -0.8	offset	-3.2	offset	-0.8	1	754
-3.1	-2.9	-3 -0.8	offset	-3	offset	-0.8	1	704
-2.9	-2.7	-2.8 -0.8	offset	-2.8	offset	-0.8	1	654
-2.7	-2.5	-2.6 -0.8	offset	-2.6	offset	-0.8	1	604
-2.5	-2.3	-2.4 -0.8	offset	-2.4	offset	-0.8	1	554
-2.3	-2.1	-2.2 -0.8	offset	-2.2	offset	-0.8	1	504
-2.1	-1.9	-2 -0.8	offset	-2	offset	-0.8	1	454
-1.9	-1.7	-1.8 -0.8	offset	-1.8	offset	-0.8	1	404
-1.7	-1.5	-1.6 -0.8	offset	-1.6	offset	-0.8	1	354
-1.5	-1.3	-1.4 -0.8	offset	-1.4	offset	-0.8	1	304
-1.3	-1.1	-1.2 -0.8	offset	-1.2	offset	-0.8	1	254
-1.1	-0.9	-1 -0.8	offset	-1	offset	-0.8	1	204
-0.9	-0.7	1	offset	-0.8	offset	-0.8	1	1501
-0.7	-0.5	-0.6 -0.8	offset	-0.6	offset	-0.8	1	103
-0.5	-0.299999999999999	-0.399999999999999 -0.8	offset	-0.399999999999999	offset	-0.8	1	53
-0.299999999999999	-0.0999999999999996	-0.199999999999999 -0.8	offset	-0.199999999999999	offset	-0.8	1	3
-0.0999999999999996	0.1	0 -0.8	offset	0	offset	-0.8	1	1254
0.1	0.3	0.2 -0.8	offset	0.2	offset	-0.8	1	1304
0.3	0.5	0.4 -0.8	offset	0.4	offset	-0.8	1	1354
0.5	0.700000000000001	0.6 -0.8	offset	0.600000000000001	offset	-0.8	1	1404
0.700000000000001	0.9	0.800000000000001 -0.8	offset	0.800000000000001	offset	-0.8	1	1454
0.9	1.1	1 -0.8	offset	1	offset	-0.8	1	1505
1.1	1.3	1.2 -0.8	offset	1.2	offset	-0.8	1	1555
1.3	1.5	1.4 -0.8	offset	1.4	offset	-0.8	1	1605
1.5	1.7	1.6 -0.8	offset	1.6	offset	-0.8	1	1655
1.7	1.9	1.8 -0.8	offset	1.8	offset	-0.8	1	1705
1.9	2.1	2 -0.8	offset	2	offset	-0.8	1	1755
2.1	2.3	2.2 -0.8	offset	2.2	offset	-0.8	1	1805
2.3	2.5	2.4 -0.8	offset	2.4	offset	-0.8	1	1855
2.5	2.7	2.6 -0.8	offset	2.6	offset	-0.8	1	1905
2.7	2.9	2.8 -0.8	offset	2.8	offset	-0.8	1	1955
2.9	3.1	3 -0.8	offset	3	offset	-0.8	1	2005
3.1	3.3	3.2 -0.8	offset	3.2	offset	-0.8	1	2055
3.3	3.5	3.4 -0.8	offset	3.4	offset	-0.8	1	2105
3.5	3.7	3.6 -0.8	offset	3.6	offset	-0.8	1	2155
3.7	3.9	3.8 -0.8	offset	3.8	offset	-0.8	1	2205
3.9	4.1	4 -0.8	offset	4	offset	-0.8	1	2255
4.1	4.3	4.2 -0.8	offset	4.2	offset	-0.8	1	2305
4.3	4.5	4.4 -0.8	offset	4.4	offset	-0.8	1	2355
4.5	4.7	4.6 -0.8	offset	4.6	offset	-0.8	1	2405
4.7	4.9	4.8 -0.8	offset	4.8	offset	-0.8	1	2455
4.9	5.1	5 -0.8	offset	5	offset	-0.8	1	2505
-5.1	-4.9	-5 -0.6	offset	-5	offset	-0.6	1	1203
-4.9	-4.7	-4.8 -0.6	offset	-4.8	offset	-0.6	1	1153
-4.7	-4.5	-4.6 -0.6	offset	-4.6	offset	-0.6	1	1103
-4.5	-4.3	-4.4 -0.6	offset	-4.4	offset	-0.6	1	1053
-4.3	-4.1	-4.2 -0.6	offset	-4.2	offset	-0.6	1	1003
-4.1	-3.9	-4 -0.6	offset	-4	offset	-0.6	1	953
-3.9	-3.7	-3.8 -0.6	offset	-3.8	offset	-0.6	1	903
-3.7	-3.5	-3.6 -0.6	offset	-3.6	offset	-0.6	1	853
-3.5	-3.3	-3.4 -0.6	offset	-3.4	offset	-0.6	1	803
-3.3	-3.1	-3.2 -0.6	offset	-3.2	offset	-0.6	1	753
-3.1	-2.9	-3 -0.6	offset	-3	offset	-0.6	1	703
-2.9	-2.7	-2.8 -0.6	offset	-2.8	offset	-0.6	1	653
-2.7	-2.5	-2.6 -0.6	offset	-2.6	offset	-0.6	1	603
-2.5	-2.3	-2.4 -0.6	offset	-2.4	offset	-0.6	1	553
-2.3	-2.1	-2.2 -0.6	offset	-2.2	offset	-0.6	1	503
-2.1	-1.9	-2 -0.6	offset	-2	offset	-0.6	1	453
-1.9	-1.7	-1.8 -0.6	offset	-1.8	offset	-0.6	1	403
-1.7	-1.5	-1.6 -0.6	offset	-1.6	offset	-0.6	1	353
-1.5	-1.3	-1.4 -0.6	offset	-1.4	offset	-0.6	1	303
-1.3	-1.1	-1.2 -0.6	offset	-1.2	offset	-0.6	1	253
-1.1	-0.9	-1 -0.6	offset	-1	offset	-0.6	1	203
-0.9	-0.7	-0.8 -0.6	offset	-0.8	offset	-0.6	1	153
-0.7	-0.5	1	offset	-0.6	offset	-0.6	1	1501
-0.5	-0.299999999999999	-0.399999999999999 -0.6	offset	-0.399999999999999	offset	-0.6	1	52
-0.299999999999999	-0.0999999999999996	-0.199999999999999 -0.6	offset	-0.199999999999999	offset	-0.6	1	2
-0.0999999999999996	0.1	0 -0.6	offset	0	offset	-0.6	1	1253
0.1	0.3	0.2 -0.6	offset	0.2	offset	-0.6	1	1303
0.3	0.5	0.4 -0.6	offset	0.4	offset	-0.6	1	1353
0.5	0.700000000000001	0.6 -0.6	offset	0.600000000000001	offset	-0.6	1	1403
0.700000000000001	0.9	0.800000000000001 -0.6	offset	0.800000000000001	offset	-0.6	1	1453
0.9	1.1	1 -0.6	offset	1	offset	-0.6	1	1504
1.1	1.3	1.2 -0.6	offset	1.2	offset	-0.6	1	1554
1.3	1.5	1.4 -0.6	offset	1.4	offset	-0.6	1	1604
1.5	1.7	1.6 -0.6	offset	1.6	offset	-0.6	1	1654
1.7	1.9	1.8 -0.6	offset	1.8	offset	-0.6	1	1704
1.9	2.1	2 -0.6	offset	2	offset	-0.6	1	1754
2.1	2.3	2.2 -0.6	offset	2.2	offset	-0.6	1	1804
2.3	2.5	2.4 -0.6	offset	2.4	offset	-0.6	1	1854
2.5	2.7	2.6 -0.6	offset	2.6	offset	-0.6	1	1904
2.7	2.9	2.8 -0.6	offset	2.8	offset	-0.6	1	1954
2.9	3.1	3 -0.6	offset	3	offset	-0.6	1	2004
3.1	3.3	3.2 -0.6	offset	3.2	offset	-0.6	1	2054
3.3	3.5	3.4 -0.6	offset	3.4	offset	-0.6	1	2104
3.5	3.7	3.6 -0.6	offset	3.6	offset	-0.6	1	2154
3.7	3.9	3.8 -0.6	offset	3.8	offset	-0.6	1	2204
3.9	4.1	4 -0.6	offset	4	offset	-0.6	1	2254
4.1	4.3	4.2 -0.6	offset	4.2	offset	-0.6	1	2304
4.3	4.5	4.4 -0.6	offset	4.4	offset	-0.6	1	2354
4.5	4.7	4.6 -0.6	offset	4.6	offset	-0.6	1	2404
4.7	4.9	4.8 -0.6	offset	4.8	offset	-0.6	1	2454
4.9	5.1	5 -0.6	offset	5	offset	-0.6	1	2504
-5.1	-4.9	-5 -0.399999999999999	offset	-5	offset	-0.399999999999999	1	1202
-4.9	-4.7	-4.8 -0.399999999999999	offset	-4.8	offset	-0.399999999999999	1	1152
-4.7	-4.5	-4.6 -0.399999999999999	offset	-4.6	offset	-0.399999999999999	1	1102
-4.5	-4.3	-4.4 -0.399999999999999	offset	-4.4	offset	-0.399999999999999	1	1052
-4.3	-4.1	-4.2 -0.399999999999999	offset	-4.2	offset	-0.399999999999999	1	1002
-4.1	-3.9	-4 -0.399999999999999	offset	-4	offset	-0.399999999999999	1	952
-3.9	-3.7	-3.8 -0.399999999999999	offset	-3.8	offset	-0.399999999999999	1	902
-3.7	-3.5	-3.6 -0.399999999999999	offset	-3.6	offset	-0.399999999999999	1	852
-3.5	-3.3	-3.4 -0.399999999999999	offset	-3.4	offset	-0.399999999999999	1	802
-3.3	-3.1	-3.2 -0.399999999999999	offset	-3.2	offset	-0.399999999999999	1	752
-3.1	-2.9	-3 -0.399999999999999	offset	-3	offset	-0.399999999999999	1	702
-2.9	-2.7	-2.8 -0.399999999999999	offset	-2.8	offset	-0.399999999999999	1	652
-2.7	-2.5	-2.6 -0.399999999999999	offset	-2.6	offset	-0.399999999999999	1	602
-2.5	-2.3	-2.4 -0.399999999999999	offset	-2.4	offset	-0.399999999999999	1	552
-2.3	-2.1	-2.2 -0.399999999999999	offset	-2.2	offset	-0.399999999999999	1	502
-2.1	-1.9	-2 -0.399999999999999	offset	-2	offset	-0.399999999999999	1	452
-1.9	-1.7	-1.8 -0.399999999999999	offset	-1.8	offset	-0.399999999999999	1	402
-1.7	-1.5	-1.6 -0.399999999999999	offset	-1.6	offset	-0.399999999999999	1	352
-1.5	-1.3	-1.4 -0.399999999999999	offset	-1.4	offset	-0.399999999999999	1	302
-1.3	-1.1	-1.2 -0.399999999999999	offset	-1.2	offset	-0.399999999999999	1	252
-1.1	-0.9	-1 -0.399999999999999	offset	-1	offset	-0.399999999999999	1	202
-0.9	-0.7	-0.8 -0.399999999999999	offset	-0.8	offset	-0.399999999999999	1	152
-0.7	-0.5	-0.6 -0.399999999999999	offset	-0.6	offset	-0.399999999999999	1	102
-0.5	-0.299999999999999	1	offset	-0.399999999999999	offset	-0.399999999999999	1	1501
-0.299999999999999	-0.0999999999999996	-0.199999999999999 -0.399999999999999	offset	-0.199999999999999	offset	-0.399999999999999	1	1
-0.0999999999999996	0.1	0 -0.399999999999999	offset	0	offset	-0.399999999999999	1	1252
0.1	0.3	0.2 -0.399999999999999	offset	0.2	offset	-0.399999999999999	1	1302
0.3	0.5	0.4 -0.399999999999999	offset	0.4	offset	-0.399999999999999	1	1352
0.5	0.700000000000001	0.6 -0.399999999999999	offset	0.600000000000001	offset	-0.399999999999999	1	1402
0.700000000000001	0.9	0.800000000000001 -0.399999999999999	offset	0.800000000000001	offset	-0.399999999999999	1	1452
0.9	1.1	1 -0.399999999999999	offset	1	offset	-0.399999999999999	1	1503
1.1	1.3	1.2 -0.399999999999999	offset	1.2	offset	-0.399999999999999	1	1553
1.3	1.5	1.4 -0.399999999999999	offset	1.4	offset	-0.399999999999999	1	1603
1.5	1.7	1.6 -0.399999999999999	offset	1.6	offset	-0.399999999999999	1	1653
1.7	1.9	1.8 -0.399999999999999	offset	1.8	offset	-0.399999999999999	1	1703
1.9	2.1	2 -0.399999999999999	offset	2	offset	-0.399999999999999	1	1753
2.1	2.3	2.2 -0.399999999999999	offset	2.2	offset	-0.399999999999999	1	1803
2.3	2.5	2.4 -0.399999999999999	offset	2.4	offset	-0.399999999999999	1	1853
2.5	2.7	2.6 -0.399999999999999	offset	2.6	offset	-0.399999999999999	1	1903
2.7	2.9	2.8 -0.399999999999999	offset	2.8	offset	-0.399999999999999	1	1953
2.9	3.1	3 -0.399999999999999	offset	3	offset	-0.399999999999999	1	2003
3.1	3.3	3.2 -0.399999999999999	offset	3.2	offset	-0.399999999999999	1	2053
3.3	3.5	3.4 -0.399999999999999	offset	3.4	offset	-0.399999999999999	1	2103
3.5	3.7	3.6 -0.399999999999999	offset	3.6	offset	-0.399999999999999	1	2153
3.7	3.9	3.8 -0.399999999999999	offset	3.8	offset	-0.399999999999999	1	2203
3.9	4.1	4 -0.399999999999999	offset	4	offset	-0.399999999999999	1	2253
4.1	4.3	4.2 -0.399999999999999	offset	4.2	offset	-0.399999999999999	1	2303
4.3	4.5	4.4 -0.399999999999999	offset	4.4	offset	-0.399999999999999	1	2353
4.5	4.7	4.6 -0.399999999999999	offset	4.6	offset	-0.399999999999999	1	2403
4.7	4.9	4.8 -0.399999999999999	offset	4.8	offset	-0.399999999999999	1	2453
4.9	5.1	5 -0.399999999999999	offset	5	offset	-0.399999999999999	1	2503
-5.1	-4.9	-5 -0.199999999999999	offset	-5	offset	-0.199999999999999	1	1201
-4.9	-4.7	-4.8 -0.199999999999999	offset	-4.8	offset	-0.199999999999999	1	1151
-4.7	-4.5	-4.6 -0.199999999999999	offset	-4.6	offset	-0.199999999999999	1	1101
-4.5	-4.3	-4.4 -0.199999999999999	offset	-4.4	offset	-0.199999999999999	1	1051
-4.3	-4.1	-4.2 -0.199999999999999	offset	-4.2	offset	-0.199999999999999	1	1001
-4.1	-3.9	-4 -0.199999999999999	offset	-4	offset	-0.199999999999999	1	951
-3.9	-3.7	-3.8 -0.199999999999999	offset	-3.8	offset	-0.199999999999999	1	901
-3.7	-3.5	-3.6 -0.199999999999999	offset	-3.6	offset	-0.199999999999999	1	851
-3.5	-3.3	-3.4 -0.199999999999999	offset	-3.4	offset	-0.199999999999999	1	801
-3.3	-3.1	-3.2 -0.199999999999999	offset	-3.2	offset	-0.199999999999999	1	751
-3.1	-2.9	-3 -0.199999999999999	offset	-3	offset	-0.199999999999999	1	701
-2.9	-2.7	-2.8 -0.199999999999999	offset	-2.8	offset	-0.199999999999999	1	651
-2.7	-2.5	-2.6 -0.199999999999999	offset	-2.6	offset	-0.199999999999999	1	601
-2.5	-2.3	-2.4 -0.199999999999999	offset	-2.4	offset	-0.199999999999999	1	551
-2.3	-2.1	-2.2 -0.199999999999999	offset	-2.2	offset	-0.199999999999999	1	501
-2.1	-1.9	-2 -0.199999999999999	offset	-2	offset	-0.199999999999999	1	451
-1.9	-1.7	-1.8 -0.199999999999999	offset	-1.8	offset	-0.199999999999999	1	401
-1.7	-1.5	-1.6 -0.199999999999999	offset	-1.6	offset	-0.199999999999999	1	351
-1.5	-1.3	-1.4 -0.199999999999999	offset	-1.4	offset	-0.199999999999999	1	301
-1.3	-1.1	-1.2 -0.199999999999999	offset	-1.2	offset	-0.199999999999999	1	251
-1.1	-0.9	-1 -0.199999999999999	offset	-1	offset	-0.199999999999999	1	201
-0.9	-0.7	-0.8 -0.199999999999999	offset	-0.8	offset	-0.199999999999999	1	151
-0.7	-0.5	-0.6 -0.199999999999999	offset	-0.6	offset	-0.199999999999999	1	101
-0.5	-0.299999999999999	-0.399999999999999 -0.199999999999999	offset	-0.399999999999999	offset	-0.199999999999999	1	51
-0.299999999999999	-0.0999999999999996	1	offset	-0.199999999999999	offset	-0.199999999999999	1	1501
-0.0999999999999996	0.1	0 -0.199999999999999	offset	0	offset	-0.199999999999999	1	1251
0.1	0.3	0.2 -0.199999999999999	offset	0.2	offset	-0.199999999999999	1	1301
0.3	0.5	0.4 -0.199999999999999	offset	0.4	offset	-0.199999999999999	1	1351
0.5	0.700000000000001	0.6 -0.199999999999999	offset	0.600000000000001	offset	-0.199999999999999	1	1401
0.700000000000001	0.9	0.800000000000001 -0.199999999999999	offset	0.800000000000001	offset	-0.199999999999999	1	1451
0.9	1.1	1 -0.199999999999999	offset	1	offset	-0.199999999999999	1	1502
1.1	1.3	1.2 -0.199999999999999	offset	1.2	offset	-0.199999999999999	1	1552
1.3	1.5	1.4 -0.199999999999999	offset	1.4	offset	-0.199999999999999	1	1602
1.5	1.7	1.6 -0.199999999999999	offset	1.6	offset	-0.199999999999999	1	1652
1.7	1.9	1.8 -0.199999999999999	offset	1.8	offset	-0.199999999999999	1	1702
1.9	2.1	2 -0.199999999999999	offset	2	offset	-0.199999999999999	1	1752
2.1	2.3	2.2 -0.199999999999999	offset	2.2	offset	-0.199999999999999	1	1802
2.3	2.5	2.4 -0.199999999999999	offset	2.4	offset	-0.199999999999999	1	1852
2.5	2.7	2.6 -0.199999999999999	offset	2.6	offset	-0.199999999999999	1	1902
2.7	2.9	2.8 -0.199999999999999	offset	2.8	offset	-0.199999999999999	1	1952
2.9	3.1	3 -0.199999999999999	offset	3	offset	-0.199999999999999	1	2002
3.1	3.3	3.2 -0.199999999999999	offset	3.2	offset	-0.199999999999999	1	2052
3.3	3.5	3.4 -0.199999999999999	offset	3.4	offset	-0.199999999999999	1	2102
3.5	3.7	3.6 -0.199999999999999	offset	3.6	offset	-0.199999999999999	1	2152
3.7	3.9	3.8 -0.199999999999999	offset	3.8	offset	-0.199999999999999	1	2202
3.9	4.1	4 -0.199999999999999	offset	4	offset	-0.199999999999999	1	2252
4.1	4.3	4.2 -0.199999999999999	offset	4.2	offset	-0.199999999999999	1	2302
4.3	4.5	4.4 -0.199999999999999	offset	4.4	offset	-0.199999999999999	1	2352
4.5	4.7	4.6 -0.199999999999999	offset	4.6	offset	-0.199999999999999	1	2402
4.7	4.9	4.8 -0.199999999999999	offset	4.8	offset	-0.199999999999999	1	2452
4.9	5.1	5 -0.199999999999999	offset	5	offset	-0.199999999999999	1	2502
-5.1	-4.9	-5 0	offset	-5	offset	0	1	1225
-4.9	-4.7	-4.8 0	offset	-4.8	offset	0	1	1175
-4.7	-4.5	-4.6 0	offset	-4.6	offset	0	1	1125
-4.5	-4.3	-4.4 0	offset	-4.4	offset	0	1	1075
-4.3	-4.1	-4.2 0	offset	-4.2	offset	0	1	1025
-4.1	-3.9	-4 0	offset	-4	offset	0	1	975
-3.9	-3.7	-3.8 0	offset	-3.8	offset	0	1	925
-3.7	-3.5	-3.6 0	offset	-3.6	offset	0	1	875
-3.5	-3.3	-3.4 0	offset	-3.4	offset	0	1	825
-3.3	-3.1	-3.2 0	offset	-3.2	offset	0	1	775
-3.1	-2.9	-3 0	offset	-3	offset	0	1	725
-2.9	-2.7	-2.8 0	offset	-2.8	offset	0	1	675
-2.7	-2.5	-2.6 0	offset	-2.6	offset	0	1	625
-2.5	-2.3	-2.4 0	offset	-2.4	offset	0	1	575
-2.3	-2.1	-2.2 0	offset	-2.2	offset	0	1	525
-2.1	-1.9	-2 0	offset	-2	offset	0	1	475
-1.9	-1.7	-1.8 0	offset	-1.8	offset	0	1	425
-1.7	-1.5	-1.6 0	offset	-1.6	offset	0	1	375
-1.5	-1.3	-1.4 0	offset	-1.4	offset	0	1	325
-1.3	-1.1	-1.2 0	offset	-1.2	offset	0	1	275
-1.1	-0.9	-1 0	offset	-1	offset	0	1	225
-0.9	-0.7	-0.8 0	offset	-0.8	offset	0	1	175
-0.7	-0.5	-0.6 0	offset	-0.6	offset	0	1	125
-0.5	-0.299999999999999	-0.399999999999999 0	offset	-0.399999999999999	offset	0	1	75
-0.299999999999999	-0.0999999999999996	-0.199999999999999 0	offset	-0.199999999999999	offset	0	1	25
-0.0999999999999996	0.1	1	offset	0	offset	0	1	1501
0.1	0.3	0.2 0	offset	0.2	offset	0	1	1326
0.3	0.5	0.4 0	offset	0.4	offset	0	1	1376
0.5	0.700000000000001	0.6 0	offset	0.600000000000001	offset	0	1	1426
0.700000000000001	0.9	0.800000000000001 0	offset	0.800000000000001	offset	0	1	1476
0.9	1.1	1 0	offset	1	offset	0	1	1527
1.1	1.3	1.2 0	offset	1.2	offset	0	1	1577
1.3	1.5	1.4 0	offset	1.4	offset	0	1	1627
1.5	1.7	1.6 0	offset	1.6	offset	0	1	1677
1.7	1.9	1.8 0	offset	1.8	offset	0	1	1727
1.9	2.1	2 0	offset	2	offset	0	1	1777
2.1	2.3	2.2 0	offset	2.2	offset	0	1	1827
2.3	2.5	2.4 0	offset	2.4	offset	0	1	1877
2.5	2.7	2.6 0	offset	2.6	offset	0	1	1927
2.7	2.9	2.8 0	offset	2.8	offset	0	1	1977
2.9	3.1	3 0	offset	3	offset	0	1	2027
3.1	3.3	3.2 0	offset	3.2	offset	0	1	2077
3.3	3.5	3.4 0	offset	3.4	offset	0	1	2127
3.5	3.7	3.6 0	offset	3.6	offset	0	1	2177
3.7	3.9	3.8 0	offset	3.8	offset	0	1	2227
3.9	4.1	4 0	offset	4	offset	0	1	2277
4.1	4.3	4.2 0	offset	4.2	offset	0	1	2327
4.3	4.5	4.4 0	offset	4.4	offset	0	1	2377
4.5	4.7	4.6 0	offset	4.6	offset	0	1	2427
4.7	4.9	4.8 0	offset	4.8	offset	0	1	2477
4.9	5.1	5 0	offset	5	offset	0	1	2527
-5.1	-4.9	-5 0.2	offset	-5	offset	0.2	1	1226
-4.9	-4.7	-4.8 0.2	offset	-4.8	offset	0.2	1	1176
-4.7	-4.5	-4.6 0.2	offset	-4.6	offset	0.2	1	1126
-4.5	-4.3	-4.4 0.2	offset	-4.4	offset	0.2	1	1076
-4.3	-4.1	-4.2 0.2	offset	-4.2	offset	0.2	1	1026
-4.1	-3.9	-4 0.2	offset	-4	offset	0.2	1	976
-3.9	-3.7	-3.8 0.2	offset	-3.8	offset	0.2	1	926
-3.7	-3.5	-3.6 0.2	offset	-3.6	offset	0.2	1	876
-3.5	-3.3	-3.4 0.2	offset	-3.4	offset	0.2	1	826
-3.3	-3.1	-3.2 0.2	offset	-3.2	offset	0.2	1	776
-3.1	-2.9	-3 0.2	offset	-3	offset	0.2	1	726
-2.9	-2.7	-2.8 0.2	offset	-2.8	offset	0.2	1	676
-2.7	-2.5	-2.6 0.2	offset	-2.6	offset	0.2	1	626
-2.5	-2.3	-2.4 0.2	offset	-2.4	offset	0.2	1	576
-2.3	-2.1	-2.2 0.2	offset	-2.2	offset	0.2	1	526
-2.1	-1.9	-2 0.2	offset	-2	offset	0.2	1	476
-1.9	-1.7	-1.8 0.2	offset	-1.8	offset	0.2	1	426
-1.7	-1.5	-1.6 0.2	offset	-1.6	offset	0.2	1	376
-1.5	-1.3	-1.4 0.2	offset	-1.4	offset	0.2	1	326
-1.3	-1.1	-1.2 0.2	offset	-1.2	offset	0.2	1	276
-1.1	-0.9	-1 0.2	offset	-1	offset	0.2	1	226
-0.9	-0.7	-0.8 0.2	offset	-0.8	offset	0.2	1	176
-0.7	-0.5	-0.6 0.2	offset	-0.6	offset	0.2	1	126
-0.5	-0.299999999999999	-0.399999999999999 0.2	offset	-0.399999999999999	offset	0.2	1	76
-0.299999999999999	-0.0999999999999996	-0.199999999999999 0.2	offset	-0.199999999999999	offset	0.2	1	26
-0.0999999999999996	0.1	0 0.2	offset	0	offset	0.2	1	1276
0.1	0.3	1	offset	0.2	offset	0.2	1	1501
0.3	0.5	0.4 0.2	offset	0.4	offset	0.2	1	1377
0.5	0.700000000000001	0.6 0.2	offset	0.600000000000001	offset	0.2	1	1427
0.700000000000001	0.9	0.800000000000001 0.2	offset	0.800000000000001	offset	0.2	1	1477
0.9	1.1	1 0.2	offset	1	offset	0.2	1	1528
1.1	1.3	1.2 0.2	offset	1.2	offset	0.2	1	1578
1.3	1.5	1.4 0.2	offset	1.4	offset	0.2	1	1628
1.5	1.7	1.6 0.2	offset	1.6	offset	0.2	1	1678
1.7	1.9	1.8 0.2	offset	1.8	offset	0.2	1	1728
1.9	2.1	2 0.2	offset	2	offset	0.2	1	1778
2.1	2.3	2.2 0.2	offset	2.2	offset	0.2	1	1828
2.3	2.5	2.4 0.2	offset	2.4	offset	0.2	1	1878
2.5	2.7	2.6 0.2	offset	2.6	offset	0.2	1	1928
2.7	2.9	2.8 0.2	offset	2.8	offset	0.2	1	1978
2.9	3.1	3 0.2	offset	3	offset	0.2	1	2028
3.1	3.3	3.2 0.2	offset	3.2	offset	0.2	1	2078
3.3	3.5	3.4 0.2	offset	3.4	offset	0.2	1	2128
3.5	3.7	3.6 0.2	offset	3.6	offset	0.2	1	2178
3.7	3.9	3.8 0.2	offset	3.8	offset	0.2	1	2228
3.9	4.1	4 0.2	offset	4	offset	0.2	1	2278
4.1	4.3	4.2 0.2	offset	4.2	offset	0.2	1	2328
4.3	4.5	4.4 0.2	offset	4.4	offset	0.2	1	2378
4.5	4.7	4.6 0.2	offset	4.6	offset	0.2	1	2428
4.7	4.9	4.8 0.2	offset	4.8	offset	0.2	1	2478
4.9	5.1	5 0.2	offset	5	offset	0.2	1	2528
-5.1	-4.9	-5 0.4	offset	-5	offset	0.4	1	1227
-4.9	-4.7	-4.8 0.4	offset	-4.8	offset	0.4	1	1177
-4.7	-4.5	-4.6 0.4	offset	-4.6	offset	0.4	1	1127
-4.5	-4.3	-4.4 0.4	offset	-4.4	offset	0.4	1	1077
-4.3	-4.1	-4.2 0.4	offset	-4.2	offset	0.4	1	1027
-4.1	-3.9	-4 0.4	offset	-4	offset	0.4	1	977
-3.9	-3.7	-3.8 0.4	offset	-3.8	offset	0.4	1	927
-3.7	-3.5	-3.6 0.4	offset	-3.6	offset	0.4	1	877
-3.5	-3.3	-3.4 0.4	offset	-3.4	offset	0.4	1	827
-3.3	-3.1	-3.2 0.4	offset	-3.2	offset	0.4	1	777
-3.1	-2.9	-3 0.4	offset	-3	offset	0.4	1	727
-2.9	-2.7	-2.8 0.4	offset	-2.8	offset	0.4	1	677
-2.7	-2.5	-2.6 0.4	offset	-2.6	offset	0.4	1	627
-2.5	-2.3	-2.4 0.4	offset	-2.4	offset	0.4	1	577
-2.3	-2.1	-2.2 0.4	offset	-2.2	offset	0.4	1	527
-2.1	-1.9	-2 0.4	offset	-2	offset	0.4	1	477
-1.9	-1.7	-1.8 0.4	offset	-1.8	offset	0.4	1	427
-1.7	-1.5	-1.6 0.4	offset	-1.6	offset	0.4	1	377
-1.5	-1.3	-1.4 0.4	offset	-1.4	offset	0.4	1	327
-1.3	-1.1	-1.2 0.4	offset	-1.2	offset	0.4	1	277
-1.1	-0.9	-1 0.4	offset	-1	offset	0.4	1	227
-0.9	-0.7	-0.8 0.4	offset	-0.8	offset	0.4	1	177
-0.7	-0.5	-0.6 0.4	offset	-0.6	offset	0.4	1	127
-0.5	-0.299999999999999	-0.399999999999999 0.4	offset	-0.399999999999999	offset	0.4	1	77
-0.299999999999999	-0.0999999999999996	-0.199999999999999 0.4	offset	-0.199999999999999	offset	0.4	1	27
-0.0999999999999996	0.1	0 0.4	offset	0	offset	0.4	1	1277
0.1	0.3	0.2 0.4	offset	0.2	offset	0.4	1	1327
0.3	0.5	1	offset	0.4	offset	0.4	1	1501
0.5	0.700000000000001	0.6 0.4	offset	0.600000000000001	offset	0.4	1	1428
0.700000000000001	0.9	0.800000000000001 0.4	offset	0.800000000000001	offset	0.4	1	1478
0.9	1.1	1 0.4	offset	1	offset	0.4	1	1529
1.1	1.3	1.2 0.4	offset	1.2	offset	0.4	1	1579
1.3	1.5	1.4 0.4	offset	1.4	offset	0.4	1	1629
1.5	1.7	1.6 0.4	offset	1.6	offset	0.4	1	1679
1.7	1.9	1.8 0.4	offset	1.8	offset	0.4	1	1729
1.9	2.1	2 0.4	offset	2	offset	0.4	1	1779
2.1	2.3	2.2 0.4	offset	2.2	offset	0.4	1	1829
2.3	2.5	2.4 0.4	offset	2.4	offset	0.4	1	1879
2.5	2.7	2.6 0.4	offset	2.6	offset	0.4	1	1929
2.7	2.9	2.8 0.4	offset	2.8	offset	0.4	1	1979
2.9	3.1	3 0.4	offset	3	offset	0.4	1	2029
3.1	3.3	3.2 0.4	offset	3.2	offset	0.4	1	2079
3.3	3.5	3.4 0.4	offset	3.4	offset	0.4	1	2129
3.5	3.7	3.6 0.4	offset	3.6	offset	0.4	1	2179
3.7	3.9	3.8 0.4	offset	3.8	offset	0.4	1	2229
3.9	4.1	4 0.4	offset	4	offset	0.4	1	2279
4.1	4.3	4.2 0.4	offset	4.2	offset	0.4	1	2329
4.3	4.5	4.4 0.4	offset	4.4	offset	0.4	1	2379
4.5	4.7	4.6 0.4	offset	4.6	offset	0.4	1	2429
4.7	4.9	4.8 0.4	offset	4.8	offset	0.4	1	2479
4.9	5.1	5 0.4	offset	5	offset	0.4	1	2529
-5.1	-4.9	-5 0.6	offset	-5	offset	0.600000000000001	1	1228
-4.9	-4.7	-4.8 0.6	offset	-4.8	offset	0.600000000000001	1	1178
-4.7	-4.5	-4.6 0.6	offset	-4.6	offset	0.600000000000001	1	1128
-4.5	-4.3	-4.4 0.6	offset	-4.4	offset	0.600000000000001	1	1078
-4.3	-4.1	-4.2 0.6	offset	-4.2	offset	0.600000000000001	1	1028
-4.1	-3.9	-4 0.6	offset	-4	offset	0.600000000000001	1	978
-3.9	-3.7	-3.8 0.6	offset	-3.8	offset	0.600000000000001	1	928
-3.7	-3.5	-3.6 0.6	offset	-3.6	offset	0.600000000000001	1	878
-3.5	-3.3	-3.4 0.6	offset	-3.4	offset	0.600000000000001	1	828
-3.3	-3.1	-3.2 0.6	offset	-3.2	offset	0.600000000000001	1	778
-3.1	-2.9	-3 0.6	offset	-3	offset	0.600000000000001	1	728
-2.9	-2.7	-2.8 0.6	offset	-2.8	offset	0.600000000000001	1	678
-2.7	-2.5	-2.6 0.6	offset	-2.6	offset	0.600000000000001	1	628
-2.5	-2.3	-2.4 0.6	offset	-2.4	offset	0.600000000000001	1	578
-2.3	-2.1	-2.2 0.6	offset	-2.2	offset	0.600000000000001	1	528
-2.1	-1.9	-2 0.6	offset	-2	offset	0.600000000000001	1	478
-1.9	-1.7	-1.8 0.6	offset	-1.8	offset	0.600000000000001	1	428
-1.7	-1.5	-1.6 0.6	offset	-1.6	offset	0.600000000000001	1	378
-1.5	-1.3	-1.4 0.6	offset	-1.4	offset	0.600000000000001	1	328
-1.3	-1.1	-1.2 0.6	offset	-1.2	offset	0.600000000000001	1	278
-1.1	-0.9	-1 0.6	offset	-1	offset	0.600000000000001	1	228
-0.9	-0.7	-0.8 0.6	offset	-0.8	offset	0.600000000000001	1	178
-0.7	-0.5	-0.6 0.6	offset	-0.6	offset	0.600000000000001	1	128
-0.5	-0.299999999999999	-0.399999999999999 0.6	offset	-0.399999999999999	offset	0.600000000000001	1	78
-0.299999999999999	-0.0999999999999996	-0.199999999999999 0.6	offset	-0.199999999999999	offset	0.600000000000001	1	28
-0.0999999999999996	0.1	0 0.6	offset	0	offset	0.600000000000001	1	1278
0.1	0.3	0.2 0.6	offset	0.2	offset	0.600000000000001	1	1328
0.3	0.5	0.4 0.6	offset	0.4	offset	0.600000000000001	1	1378
0.5	0.700000000000001	1	offset	0.600000000000001	offset	0.600000000000001	1	1501
0.700000000000001	0.9	0.800000000000001 0.6	offset	0.800000000000001	offset	0.600000000000001	1	1479
0.9	1.1	1 0.6	offset	1	offset	0.600000000000001	1	1530
1.1	1.3	1.2 0.6	offset	1.2	offset	0.600000000000001	1	1580
1.3	1.5	1.4 0.6	offset	1.4	offset	0.600000000000001	1	1630
1.5	1.7	1.6 0.6	offset	1.6	offset	0.600000000000001	1	1680
1.7	1.9	1.8 0.6	offset	1.8	offset	0.600000000000001	1	1730
1.9	2.1	2 0.6	offset	2	offset	0.600000000000001	1	1780
2.1	2.3	2.2 0.6	offset	2.2	offset	0.600000000000001	1	1830
2.3	2.5	2.4 0.6	offset	2.4	offset	0.600000000000001	1	1880
2.5	2.7	2.6 0.6	offset	2.6	offset	0.600000000000001	1	1930
2.7	2.9	2.8 0.6	offset	2.8	offset	0.600000000000001	1	1980
2.9	3.1	3 0.6	offset	3	offset	0.600000000000001	1	2030
3.1	3.3	3.2 0.6	offset	3.2	offset	0.600000000000001	1	2080
3.3	3.5	3.4 0.6	offset	3.4	offset	0.600000000000001	1	2130
3.5	3.7	3.6 0.6	offset	3.6	offset	0.600000000000001	1	2180
3.7	3.9	3.8 0.6	offset	3.8	offset	0.600000000000001	1	2230
3.9	4.1	4 0.6	offset	4	offset	0.600000000000001	1	2280
4.1	4.3	4.2 0.6	offset	4.2	offset	0.600000000000001	1	2330
4.3	4.5	4.4 0.6	offset	4.4	offset	0.600000000000001	1	2380
4.5	4.7	4.6 0.6	offset	4.6	offset	0.600000000000001	1	2430
4.7	4.9	4.8 0.6	offset	4.8	offset	0.600000000000001	1	2480
4.9	5.1	5 0.6	offset	5	offset	0.600000000000001	1	2530
-5.1	-4.9	-5 0.800000000000001	offset	-5	offset	0.800000000000001	1	1229
-4.9	-4.7	-4.8 0.800000000000001	offset	-4.8	offset	0.800000000000001	1	1179
-4.7	-4.5	-4.6 0.800000000000001	offset	-4.6	offset	0.800000000000001	1	1129
-4.5	-4.3	-4.4 0.800000000000001	offset	-4.4	offset	0.800000000000001	1	1079
-4.3	-4.1	-4.2 0.800000000000001	offset	-4.2	offset	0.800000000000001	1	1029
-4.1	-3.9	-4 0.800000000000001	offset	-4	offset	0.800000000000001	1	979
-3.9	-3.7	-3.8 0.800000000000001	offset	-3.8	offset	0.800000000000001	1	929
-3.7	-3.5	-3.6 0.800000000000001	offset	-3.6	offset	0.800000000000001	1	879
-3.5	-3.3	-3.4 0.800000000000001	offset	-3.4	offset	0.800000000000001	1	829
-3.3	-3.1	-3.2 0.800000000000001	offset	-3.2	offset	0.800000000000001	1	779
-3.1	-2.9	-3 0.800000000000001	offset	-3	offset	0.800000000000001	1	729
-2.9	-2.7	-2.8 0.800000000000001	offset	-2.8	offset	0.800000000000001	1	679
-2.7	-2.5	-2.6 0.800000000000001	offset	-2.6	offset	0.800000000000001	1	629
-2.5	-2.3	-2.4 0.800000000000001	offset	-2.4	offset	0.800000000000001	1	579
-2.3	-2.1	-2.2 0.800000000000001	offset	-2.2	offset	0.800000000000001	1	529
-2.1	-1.9	-2 0.800000000000001	offset	-2	offset	0.800000000000001	1	479
-1.9	-1.7	-1.8 0.800000000000001	offset	-1.8	offset	0.800000000000001	1	429
-1.7	-1.5	-1.6 0.800000000000001	offset	-1.6	offset	0.800000000000001	1	379
-1.5	-1.3	-1.4 0.800000000000001	offset	-1.4	offset	0.800000000000001	1	329
-1.3	-1.1	-1.2 0.800000000000001	offset	-1.2	offset	0.800000000000001	1	279
-1.1	-0.9	-1 0.800000000000001	offset	-1	offset	0.800000000000001	1	229
-0.9	-0.7	-0.8 0.800000000000001	offset	-0.8	offset	0.800000000000001	1	179
-0.7	-0.5	-0.6 0.800000000000001	offset	-0.6	offset	0.800000000000001	1	129
-0.5	-0.299999999999999	-0.399999999999999 0.800000000000001	offset	-0.399999999999999	offset	0.800000000000001	1	79
-0.299999999999999	-0.0999999999999996	-0.199999999999999 0.800000000000001	offset	-0.199999999999999	offset	0.800000000000001	1	29
-0.0999999999999996	0.1	0 0.800000000000001	offset	0	offset	0.800000000000001	1	1279
0.1	0.3	0.2 0.800000000000001	offset	0.2	offset	0.800000000000001	1	1329
0.3	0.5	0.4 0.800000000000001	offset	0.4	offset	0.800000000000001	1	1379
0.5	0.700000000000001	0.6 0.800000000000001	offset	0.600000000000001	offset	0.800000000000001	1	1429
0.700000000000001	0.9	1	offset	0.800000000000001	offset	0.800000000000001	1	1501
0.9	1.1	1 0.800000000000001	offset	1	offset	0.800000000000001	1	1531
1.1	1.3	1.2 0.800000000000001	offset	1.2	offset	0.800000000000001	1	1581
1.3	1.5	1.4 0.800000000000001	offset	1.4	offset	0.800000000000001	1	1631
1.5	1.7	1.6 0.800000000000001	offset	1.6	offset	0.800000000000001	1	1681
1.7	1.9	1.8 0.800000000000001	offset	1.8	offset	0.800000000000001	1	1731
1.9	2.1	2 0.800000000000001	offset	2	offset	0.800000000000001	1	1781
2.1	2.3	2.2 0.800000000000001	offset	2.2	offset	0.800000000000001	1	1831
2.3	2.5	2.4 0.800000000000001	offset	2.4	offset	0.800000000000001	1	1881
2.5	2.7	2.6 0.800000000000001	offset	2.6	offset	0.800000000000001	1	1931
2.7	2.9	2.8 0.800000000000001	offset	2.8	offset	0.800000000000001	1	1981
2.9	3.1	3 0.800000000000001	offset	3	offset	0.800000000000001	1	2031
3.1	3.3	3.2 0.800000000000001	offset	3.2	offset	0.800000000000001	1	2081
3.3	3.5	3.4 0.800000000000001	offset	3.4	offset	0.800000000000001	1	2131
3.5	3.7	3.6 0.800000000000001	offset	3.6	offset	0.800000000000001	1	2181
3.7	3.9	3.8 0.800000000000001	offset	3.8	offset	0.800000000000001	1	2231
3.9	4.1	4 0.800000000000001	offset	4	offset	0.800000000000001	1	2281
4.1	4.3	4.2 0.800000000000001	offset	4.2	offset	0.800000000000001	1	2331
4.3	4.5	4.4 0.800000000000001	offset	4.4	offset	0.800000000000001	1	2381
4.5	4.7	4.6 0.800000000000001	offset	4.6	offset	0.800000000000001	1	2431
4.7	4.9	4.8 0.800000000000001	offset	4.8	offset	0.800000000000001	1	2481
4.9	5.1	5 0.800000000000001	offset	5	offset	0.800000000000001	1	2531
-5.1	-4.9	-5 1	offset	-5	offset	1	1	1230
-4.9	-4.7	-4.8 1	offset	-4.8	offset	1	1	1180
-4.7	-4.5	-4.6 1	offset	-4.6	offset	1	1	1130
-4.5	-4.3	-4.4 1	offset	-4.4	offset	1	1	1080
-4.3	-4.1	-4.2 1	offset	-4.2	offset	1	1	1030
-4.1	-3.9	-4 1	offset	-4	offset	1	1	980
-3.9	-3.7	-3.8 1	offset	-3.8	offset	1	1	930
-3.7	-3.5	-3.6 1	offset	-3.6	offset	1	1	880
-3.5	-3.3	-3.4 1	offset	-3.4	offset	1	1	830
-3.3	-3.1	-3.2 1	offset	-3.2	offset	1	1	780
-3.1	-2.9	-3 1	offset	-3	offset	1	1	730
-2.9	-2.7	-2.8 1	offset	-2.8	offset	1	1	680
-2.7	-2.5	-2.6 1	offset	-2.6	offset	1	1	630
-2.5	-2.3	-2.4 1	offset	-2.4	offset	1	1	580
-2.3	-2.1	-2.2 1	offset	-2.2	offset	1	1	530
-2.1	-1.9	-2 1	offset	-2	offset	1	1	480
-1.9	-1.7	-1.8 1	offset	-1.8	offset	1	1	430
-1.7	-1.5	-1.6 1	offset	-1.6	offset	1	1	380
-1.5	-1.3	-1.4 1	offset	-1.4	offset	1	1	330
-1.3	-1.1	-1.2 1	offset	-1.2	offset	1	1	280
-1.1	-0.9	-1 1	offset	-1	offset	1	1	230
-0.9	-0.7	-0.8 1	offset	-0.8	offset	1	1	180
-0.7	-0.5	-0.6 1	offset	-0.6	offset	1	1	130
-0.5	-0.299999999999999	-0.399999999999999 1	offset	-0.399999999999999	offset	1	1	80
-0.299999999999999	-0.0999999999999996	-0.199999999999999 1	offset	-0.199999999999999	offset	1	1	30
-0.0999999999999996	0.1	0 1	offset	0	offset	1	1	1280
0.1	0.3	0.2 1	offset	0.2	offset	1	1	1330
0.3	0.5	0.4 1	offset	0.4	offset	1	1	1380
0.5	0.700000000000001	0.6 1	offset	0.600000000000001	offset	1	1	1430
0.700000000000001	0.9	0.800000000000001 1	offset	0.800000000000001	offset	1	1	1480
0.9	1.1	1	offset	1	offset	1	1	1501
1.1	1.3	1.2 1	offset	1.2	offset	1	1	1582
1.3	1.5	1.4 1	offset	1.4	offset	1	1	1632
1.5	1.7	1.6 1	offset	1.6	offset	1	1	1682
1.7	1.9	1.8 1	offset	1.8	offset	1	1	1732
1.9	2.1	2 1	offset	2	offset	1	1	1782
2.1	2.3	2.2 1	offset	2.2	offset	1	1	1832
2.3	2.5	2.4 1	offset	2.4	offset	1	1	1882
2.5	2.7	2.6 1	offset	2.6	offset	1	1	1932
2.7	2.9	2.8 1	offset	2.8	offset	1	1	1982
2.9	3.1	3 1	offset	3	offset	1	1	2032
3.1	3.3	3.2 1	offset	3.2	offset	1	1	2082
3.3	3.5	3.4 1	offset	3.4	offset	1	1	2132
3.5	3.7	3.6 1	offset	3.6	offset	1	1	2182
3.7	3.9	3.8 1	offset	3.8	offset	1	1	2232
3.9	4.1	4 1	offset	4	offset	1	1	2282
4.1	4.3	4.2 1	offset	4.2	offset	1	1	2332
4.3	4.5	4.4 1	offset	4.4	offset	1	1	2382
4.5	4.7	4.6 1	offset	4.6	offset	1	1	2432
4.7	4.9	4.8 1	offset	4.8	offset	1	1	2482
4.9	5.1	5 1	offset	5	offset	1	1	2532
-5.1	-4.9	-5 1.2	offset	-5	offset	1.2	1	1231
-4.9	-4.7	-4.8 1.2	offset	-4.8	offset	1.2	1	1181
-4.7	-4.5	-4.6 1.2	offset	-4.6	offset	1.2	1	1131
-4.5	-4.3	-4.4 1.2	offset	-4.4	offset	1.2	1	1081
-4.3	-4.1	-4.2 1.2	offset	-4.2	offset	1.2	1	1031
-4.1	-3.9	-4 1.2	offset	-4	offset	1.2	1	981
-3.9	-3.7	-3.8 1.2	offset	-3.8	offset	1.2	1	931
-3.7	-3.5	-3.6 1.2	offset	-3.6	offset	1.2	1	881
-3.5	-3.3	-3.4 1.2	offset	-3.4	offset	1.2	1	831
-3.3	-3.1	-3.2 1.2	offset	-3.2	offset	1.2	1	781
-3.1	-2.9	-3 1.2	offset	-3	offset	1.2	1	731
-2.9	-2.7	-2.8 1.2	offset	-2.8	offset	1.2	1	681
-2.7	-2.5	-2.6 1.2	offset	-2.6	offset	1.2	1	631
-2.5	-2.3	-2.4 1.2	offset	-2.4	offset	1.2	1	581
-2.3	-2.1	-2.2 1.2	offset	-2.2	offset	1.2	1	531
-2.1	-1.9	-2 1.2	offset	-2	offset	1.2	1	481
-1.9	-1.7	-1.8 1.2	offset	-1.8	offset	1.2	1	431
-1.7	-1.5	-1.6 1.2	offset	-1.6	offset	1.2	1	381
-1.5	-1.3	-1.4 1.2	offset	-1.4	offset	1.2	1	331
-1.3	-1.1	-1.2 1.2	offset	-1.2	offset	1.2	1	281
-1.1	-0.9	-1 1.2	offset	-1	offset	1.2	1	231
-0.9	-0.7	-0.8 1.2	offset	-0.8	offset	1.2	1	181
-0.7	-0.5	-0.6 1.2	offset	-0.6	offset	1.2	1	131
-0.5	-0.299999999999999	-0.399999999999999 1.2	offset	-0.399999999999999	offset	1.2	1	81
-0.299999999999999	-0.0999999999999996	-0.199999999999999 1.2	offset	-0.199999999999999	offset	1.2	1	31
-0.0999999999999996	0.1	0 1.2	offset	0	offset	1.2	1	1281
0.1	0.3	0.2 1.2	offset	0.2	offset	1.2	1	1331
0.3	0.5	0.4 1.2	offset	0.4	offset	1.2	1	1381
0.5	0.700000000000001	0.6 1.2	offset	0.600000000000001	offset	1.2	1	1431
0.700000000000001	0.9	0.800000000000001 1.2	offset	0.800000000000001	offset	1.2	1	1481
0.9	1.1	1 1.2	offset	1	offset	1.2	1	1532
1.1	1.3	1	offset	1.2	offset	1.2	1	1501
1.3	1.5	1.4 1.2	offset	1.4	offset	1.2	1	1633
1.5	1.7	1.6 1.2	offset	1.6	offset	1.2	1	1683
1.7	1.9	1.8 1.2	offset	1.8	offset	1.2	1	1733
1.9	2.1	2 1.2	offset	2	offset	1.2	1	1783
2.1	2.3	2.2 1.2	offset	2.2	offset	1.2	1	1833
2.3	2.5	2.4 1.2	offset	2.4	offset	1.2	1	1883
2.5	2.7	2.6 1.2	offset	2.6	offset	1.2	1	1933
2.7	2.9	2.8 1.2	offset	2.8	offset	1.2	1	1983
2.9	3.1	3 1.2	offset	3	offset	1.2	1	2033
3.1	3.3	3.2 1.2	offset	3.2	offset	1.2	1	2083
3.3	3.5	3.4 1.2	offset	3.4	offset	1.2	1	2133
3.5	3.7	3.6 1.2	offset	3.6	offset	1.2	1	2183
3.7	3.9	3.8 1.2	offset	3.8	offset	1.2	1	2233
3.9	4.1	4 1.2	offset	4	offset	1.2	1	2283
4.1	4.3	4.2 1.2	offset	4.2	offset	1.2	1	2333
4.3	4.5	4.4 1.2	offset	4.4	offset	1.2	1	2383
4.5	4.7	4.6 1.2	offset	4.6	offset	1.2	1	2433
4.7	4.9	4.8 1.2	offset	4.8	offset	1.2	1	2483
4.9	5.1	5 1.2	offset	5	offset	1.2	1	2533
-5.1	-4.9	-5 1.4	offset	-5	offset	1.4	1	1232
-4.9	-4.7	-4.8 1.4	offset	-4.8	offset	1.4	1	1182
-4.7	-4.5	-4.6 1.4	offset	-4.6	offset	1.4	1	1132
-4.5	-4.3	-4.4 1.4	offset	-4.4	offset	1.4	1	1082
-4.3	-4.1	-4.2 1.4	offset	-4.2	offset	1.4	1	1032
-4.1	-3.9	-4 1.4	offset	-4	offset	1.4	1	982
-3.9	-3.7	-3.8 1.4	offset	-3.8	offset	1.4	1	932
-3.7	-3.5	-3.6 1.4	offset	-3.6	offset	1.4	1	882
-3.5	-3.3	-3.4 1.4	offset	-3.4	offset	1.4	1	832
-3.3	-3.1	-3.2 1.4	offset	-3.2	offset	1.4	1	782
-3.1	-2.9	-3 1.4	offset	-3	offset	1.4	1	732
-2.9	-2.7	-2.8 1.4	offset	-2.8	offset	1.4	1	682
-2.7	-2.5	-2.6 1.4	offset	-2.6	offset	1.4	1	632
-2.5	-2.3	-2.4 1.4	offset	-2.4	offset	1.4	1	582
-2.3	-2.1	-2.2 1.4	offset	-2.2	offset	1.4	1	532
-2.1	-1.9	-2 1.4	offset	-2	offset	1.4	1	482
-1.9	-1.7	-1.8 1.4	offset	-1.8	offset	1.4	1	432
-1.7	-1.5	-1.6 1.4	offset	-1.6	offset	1.4	1	382
-1.5	-1.3	-1.4 1.4	offset	-1.4	offset	1.4	1	332
-1.3	-1.1	-1.2 1.4	offset	-1.2	offset	1.4	1	282
-1.1	-0.9	-1 1.4	offset	-1	offset	1.4	1	232
-0.9	-0.7	-0.8 1.4	offset	-0.8	offset	1.4	1	182
-0.7	-0.5	-0.6 1.4	offset	-0.6	offset	1.4	1	132
-0.5	-0.299999999999999	-0.399999999999999 1.4	offset	-0.399999999999999	offset	1.4	1	82
-0.299999999999999	-0.0999999999999996	-0.199999999999999 1.4	offset	-0.199999999999999	offset	1.4	1	32
-0.0999999999999996	0.1	0 1.4	offset	0	offset	1.4	1	1282
0.1	0.3	0.2 1.4	offset	0.2	offset	1.4	1	1332
0.3	0.5	0.4 1.4	offset	0.4	offset	1.4	1	1382
0.5	0.700000000000001	0.6 1.4	offset	0.600000000000001	offset	1.4	1	1432
0.700000000000001	0.9	0.800000000000001 1.4	offset	0.800000000000001	offset	1.4	1	1482
0.9	1.1	1 1.4	offset	1	offset	1.4	1	1533
1.1	1.3	1.2 1.4	offset	1.2	offset	1.4	1	1583
1.3	1.5	1	offset	1.4	offset	1.4	1	1501
1.5	1.7	1.6 1.4	offset	1.6	offset	1.4	1	1684
1.7	1.9	1.8 1.4	offset	1.8	offset	1.4	1	1734
1.9	2.1	2 1.4	offset	2	offset	1.4	1	1784
2.1	2.3	2.2 1.4	offset	2.2	offset	1.4	1	1834
2.3	2.5	2.4 1.4	offset	2.4	offset	1.4	1	1884
2.5	2.7	2.6 1.4	offset	2.6	offset	1.4	1	1934
2.7	2.9	2.8 1.4	offset	2.8	offset	1.4	1	1984
2.9	3.1	3 1.4	offset	3	offset	1.4	1	2034
3.1	3.3	3.2 1.4	offset	3.2	offset	1.4	1	2084
3.3	3.5	3.4 1.4	offset	3.4	offset	1.4	1	2134
3.5	3.7	3.6 1.4	offset	3.6	offset	1.4	1	2184
3.7	3.9	3.8 1.4	offset	3.8	offset	1.4	1	2234
3.9	4.1	4 1.4	offset	4	offset	1.4	1	2284
4.1	4.3	4.2 1.4	offset	4.2	offset	1.4	1	2334
4.3	4.5	4.4 1.4	offset	4.4	offset	1.4	1	2384
4.5	4.7	4.6 1.4	offset	4.6	offset	1.4	1	2434
4.7	4.9	4.8 1.4	offset	4.8	offset	1.4	1	2484
4.9	5.1	5 1.4	offset	5	offset	1.4	1	2534
-5.1	-4.9	-5 1.6	offset	-5	offset	1.6	1	1233
-4.9	-4.7	-4.8 1.6	offset	-4.8	offset	1.6	1	1183
-4.7	-4.5	-4.6 1.6	offset	-4.6	offset	1.6	1	1133
-4.5	-4.3	-4.4 1.6	offset	-4.4	offset	1.6	1	1083
-4.3	-4.1	-4.2 1.6	offset	-4.2	offset	1.6	1	1033
-4.1	-3.9	-4 1.6	offset	-4	offset	1.6	1	983
-3.9	-3.7	-3.8 1.6	offset	-3.8	offset	1.6	1	933
-3.7	-3.5	-3.6 1.6	offset	-3.6	offset	1.6	1	883
-3.5	-3.3	-3.4 1.6	offset	-3.4	offset	1.6	1	833
-3.3	-3.1	-3.2 1.6	offset	-3.2	offset	1.6	1	783
-3.1	-2.9	-3 1.6	offset	-3	offset	1.6	1	733
-2.9	-2.7	-2.8 1.6	offset	-2.8	offset	1.6	1	683
-2.7	-2.5	-2.6 1.6	offset	-2.6	offset	1.6	1	633
-2.5	-2.3	-2.4 1.6	offset	-2.4	offset	1.6	1	583
-2.3	-2.1	-2.2 1.6	offset	-2.2	offset	1.6	1	533
-2.1	-1.9	-2 1.6	offset	-2	offset	1.6	1	483
-1.9	-1.7	-1.8 1.6	offset	-1.8	offset	1.6	1	433
-1.7	-1.5	-1.6 1.6	offset	-1.6	offset	1.6	1	383
-1.5	-1.3	-1.4 1.6	offset	-1.4	offset	1.6	1	333
-1.3	-1.1	-1.2 1.6	offset	-1.2	offset	1.6	1	283
-1.1	-0.9	-1 1.6	offset	-1	offset	1.6	1	233
-0.9	-0.7	-0.8 1.6	offset	-0.8	offset	1.6	1	183
-0.7	-0.5	-0.6 1.6	offset	-0.6	offset	1.6	1	133
-0.5	-0.299999999999999	-0.399999999999999 1.6	offset	-0.399999999999999	offset	1.6	1	83
-0.299999999999999	-0.0999999999999996	-0.199999999999999 1.6	offset	-0.199999999999999	offset	1.6	1	33
-0.0999999999999996	0.1	0 1.6	offset	0	offset	1.6	1	1283
0.1	0.3	0.2 1.6	offset	0.2	offset	1.6	1	1333
0.3	0.5	0.4 1.6	offset	0.4	offset	1.6	1	1383
0.5	0.700000000000001	0.6 1.6	offset	0.600000000000001	offset	1.6	1	1433
0.700000000000001	0.9	0.800000000000001 1.6	offset	0.800000000000001	offset	1.6	1	1483
0.9	1.1	1 1.6	offset	1	offset	1.6	1	1534
1.1	1.3	1.2 1.6	offset	1.2	offset	1.6	1	1584
1.3	1.5	1.4 1.6	offset	1.4	offset	1.6	1	1634
1.5	1.7	1	offset	1.6	offset	1.6	1	1501
1.7	1.9	1.8 1.6	offset	1.8	offset	1.6	1	1735
1.9	2.1	2 1.6	offset	2	offset	1.6	1	1785
2.1	2.3	2.2 1.6	offset	2.2	offset	1.6	1	1835
2.3	2.5	2.4 1.6	offset	2.4	offset	1.6	1	1885
2.5	2.7	2.6 1.6	offset	2.6	offset	1.6	1	1935
2.7	2.9	2.8 1.6	offset	2.8	offset	1.6	1	1985
2.9	3.1	3 1.6	offset	3	offset	1.6	1	2035
3.1	3.3	3.2 1.6	offset	3.2	offset	1.6	1	2085
3.3	3.5	3.4 1.6	offset	3.4	offset	1.6	1	2135
3.5	3.7	3.6 1.6	offset	3.6	offset	1.6	1	2185
3.7	3.9	3.8 1.6	offset	3.8	offset	1.6	1	2235
3.9	4.1	4 1.6	offset	4	offset	1.6	1	2285
4.1	4.3	4.2 1.6	offset	4.2	offset	1.6	1	2335
4.3	4.5	4.4 1.6	offset	4.4	offset	1.6	1	2385
4.5	4.7	4.6 1.6	offset	4.6	offset	1.6	1	2435
4.7	4.9	4.8 1.6	offset	4.8	offset	1.6	1	2485
4.9	5.1	5 1.6	offset	5	offset	1.6	1	2535
-5.1	-4.9	-5 1.8	offset	-5	offset	1.8	1	1234
-4.9	-4.7	-4.8 1.8	offset	-4.8	offset	1.8	1	1184
-4.7	-4.5	-4.6 1.8	offset	-4.6	offset	1.8	1	1134
-4.5	-4.3	-4.4 1.8	offset	-4.4	offset	1.8	1	1084
-4.3	-4.1	-4.2 1.8	offset	-4.2	offset	1.8	1	1034
-4.1	-3.9	-4 1.8	offset	-4	offset	1.8	1	984
-3.9	-3.7	-3.8 1.8	offset	-3.8	offset	1.8	1	934
-3.7	-3.5	-3.6 1.8	offset	-3.6	offset	1.8	1	884
-3.5	-3.3	-3.4 1.8	offset	-3.4	offset	1.8	1	834
-3.3	-3.1	-3.2 1.8	offset	-3.2	offset	1.8	1	784
-3.1	-2.9	-3 1.8	offset	-3	offset	1.8	1	734
-2.9	-2.7	-2.8 1.8	offset	-2.8	offset	1.8	1	684
-2.7	-2.5	-2.6 1.8	offset	-2.6	offset	1.8	1	634
-2.5	-2.3	-2.4 1.8	offset	-2.4	offset	1.8	1	584
-2.3	-2.1	-2.2 1.8	offset	-2.2	offset	1.8	1	534
-2.1	-1.9	-2 1.8	offset	-2	offset	1.8	1	484
-1.9	-1.7	-1.8 1.8	offset	-1.8	offset	1.8	1	434
-1.7	-1.5	-1.6 1.8	offset	-1.6	offset	1.8	1	384
-1.5	-1.3	-1.4 1.8	offset	-1.4	offset	1.8	1	334
-1.3	-1.1	-1.2 1.8	offset	-1.2	offset	1.8	1	284
-1.1	-0.9	-1 1.8	offset	-1	offset	1.8	1	234
-0.9	-0.7	-0.8 1.8	offset	-0.8	offset	1.8	1	184
-0.7	-0.5	-0.6 1.8	offset	-0.6	offset	1.8	1	134
-0.5	-0.299999999999999	-0.399999999999999 1.8	offset	-0.399999999999999	offset	1.8	1	84
-0.299999999999999	-0.0999999999999996	-0.199999999999999 1.8	offset	-0.199999999999999	offset	1.8	1	34
-0.0999999999999996	0.1	0 1.8	offset	0	offset	1.8	1	1284
0.1	0.3	0.2 1.8	offset	0.2	offset	1.8	1	1334
0.3	0.5	0.4 1.8	offset	0.4	offset	1.8	1	1384
0.5	0.700000000000001	0.6 1.8	offset	0.600000000000001	offset	1.8	1	1434
0.700000000000001	0.9	0.800000000000001 1.8	offset	0.800000000000001	offset	1.8	1	1484
0.9	1.1	1 1.8	offset	1	offset	1.8	1	1535
1.1	1.3	1.2 1.8	offset	1.2	offset	1.8	1	1585
1.3	1.5	1.4 1.8	offset	1.4	offset	1.8	1	1635
1.5	1.7	1.6 1.8	offset	1.6	offset	1.8	1	1685
1.7	1.9	1	offset	1.8	offset	1.8	1	1501
1.9	2.1	2 1.8	offset	2	offset	1.8	1	1786
2.1	2.3	2.2 1.8	offset	2.2	offset	1.8	1	1836
2.3	2.5	2.4 1.8	offset	2.4	offset	1.8	1	1886
2.5	2.7	2.6 1.8	offset	2.6	offset	1.8	1	1936
2.7	2.9	2.8 1.8	offset	2.8	offset	1.8	1	1986
2.9	3.1	3 1.8	offset	3	offset	1.8	1	2036
3.1	3.3	3.2 1.8	offset	3.2	offset	1.8	1	2086
3.3	3.5	3.4 1.8	offset	3.4	offset	1.8	1	2136
3.5	3.7	3.6 1.8	offset	3.6	offset	1.8	1	2186
3.7	3.9	3.8 1.8	offset	3.8	offset	1.8	1	2236
3.9	4.1	4 1.8	offset	4	offset	1.8	1	2286
4.1	4.3	4.2 1.8	offset	4.2	offset	1.8	1	2336
4.3	4.5	4.4 1.8	offset	4.4	offset	1.8	1	2386
4.5	4.7	4.6 1.8	offset	4.6	offset	1.8	1	2436
4.7	4.9	4.8 1.8	offset	4.8	offset	1.8	1	2486
4.9	5.1	5 1.8	offset	5	offset	1.8	1	2536
-5.1	-4.9	-5 2	offset	-5	offset	2	1	1235
-4.9	-4.7	-4.8 2	offset	-4.8	offset	2	1	1185
-4.7	-4.5	-4.6 2	offset	-4.6	offset	2	1	1135
-4.5	-4.3	-4.4 2	offset	-4.4	offset	2	1	1085
-4.3	-4.1	-4.2 2	offset	-4.2	offset	2	1	1035
-4.1	-3.9	-4 2	offset	-4	offset	2	1	985
-3.9	-3.7	-3.8 2	offset	-3.8	offset	2	1	935
-3.7	-3.5	-3.6 2	offset	-3.6	offset	2	1	885
-3.5	-3.3	-3.4 2	offset	-3.4	offset	2	1	835
-3.3	-3.1	-3.2 2	offset	-3.2	offset	2	1	785
-3.1	-2.9	-3 2	offset	-3	offset	2	1	735
-2.9	-2.7	-2.8 2	offset	-2.8	offset	2	1	685
-2.7	-2.5	-2.6 2	offset	-2.6	offset	2	1	635
-2.5	-2.3	-2.4 2	offset	-2.4	offset	2	1	585
-2.3	-2.1	-2.2 2	offset	-2.2	offset	2	1	535
-2.1	-1.9	-2 2	offset	-2	offset	2	1	485
-1.9	-1.7	-1.8 2	offset	-1.8	offset	2	1	435
-1.7	-1.5	-1.6 2	offset	-1.6	offset	2	1	385
-1.5	-1.3	-1.4 2	offset	-1.4	offset	2	1	335
-1.3	-1.1	-1.2 2	offset	-1.2	offset	2	1	285
-1.1	-0.9	-1 2	offset	-1	offset	2	1	235
-0.9	-0.7	-0.8 2	offset	-0.8	offset	2	1	185
-0.7	-0.5	-0.6 2	offset	-0.6	offset	2	1	135
-0.5	-0.299999999999999	-0.399999999999999 2	offset	-0.399999999999999	offset	2	1	85
-0.299999999999999	-0.0999999999999996	-0.199999999999999 2	offset	-0.199999999999999	offset	2	1	35
-0.0999999999999996	0.1	0 2	offset	0	offset	2	1	1285
0.1	0.3	0.2 2	offset	0.2	offset	2	1	1335
0.3	0.5	0.4 2	offset	0.4	offset	2	1	1385
0.5	0.700000000000001	0.6 2	offset	0.600000000000001	offset	2	1	1435
0.700000000000001	0.9	0.800000000000001 2	offset	0.800000000000001	offset	2	1	1485
0.9	1.1	1 2	offset	1	offset	2	1	1536
1.1	1.3	1.2 2	offset	1.2	offset	2	1	1586
1.3	1.5	1.4 2	offset	1.4	offset	2	1	1636
1.5	1.7	1.6 2	offset	1.6	offset	2	1	1686
1.7	1.9	1.8 2	offset	1.8	offset	2	1	1736
1.9	2.1	1	offset	2	offset	2	1	1501
2.1	2.3	2.2 2	offset	2.2	offset	2	1	1837
2.3	2.5	2.4 2	offset	2.4	offset	2	1	1887
2.5	2.7	2.6 2	offset	2.6	offset	2	1	1937
2.7	2.9	2.8 2	offset	2.8	offset	2	1	1987
2.9	3.1	3 2	offset	3	offset	2	1	2037
3.1	3.3	3.2 2	offset	3.2	offset	2	1	2087
3.3	3.5	3.4 2	offset	3.4	offset	2	1	2137
3.5	3.7	3.6 2	offset	3.6	offset	2	1	2187
3.7	3.9	3.8 2	offset	3.8	offset	2	1	2237
3.9	4.1	4 2	offset	4	offset	2	1	2287
4.1	4.3	4.2 2	offset	4.2	offset	2	1	2337
4.3	4.5	4.4 2	offset	4.4	offset	2	1	2387
4.5	4.7	4.6 2	offset	4.6	offset	2	1	2437
4.7	4.9	4.8 2	offset	4.8	offset	2	1	2487
4.9	5.1	5 2	offset	5	offset	2	1	2537
-5.1	-4.9	-5 2.2	offset	-5	offset	2.2	1	1236
-4.9	-4.7	-4.8 2.2	offset	-4.8	offset	2.2	1	1186
-4.7	-4.5	-4.6 2.2	offset	-4.6	offset	2.2	1	1136
-4.5	-4.3	-4.4 2.2	offset	-4.4	offset	2.2	1	1086
-4.3	-4.1	-4.2 2.2	offset	-4.2	offset	2.2	1	1036
-4.1	-3.9	-4 2.2	offset	-4	offset	2.2	1	986
-3.9	-3.7	-3.8 2.2	offset	-3.8	offset	2.2	1	936
-3.7	-3.5	-3.6 2.2	offset	-3.6	offset	2.2	1	886
-3.5	-3.3	-3.4 2.2	offset	-3.4	offset	2.2	1	836
-3.3	-3.1	-3.2 2.2	offset	-3.2	offset	2.2	1	786
-3.1	-2.9	-3 2.2	offset	-3	offset	2.2	1	736
-2.9	-2.7	-2.8 2.2	offset	-2.8	offset	2.2	1	686
-2.7	-2.5	-2.6 2.2	offset	-2.6	offset	2.2	1	636
-2.5	-2.3	-2.4 2.2	offset	-2.4	offset	2.2	1	586
-2.3	-2.1	-2.2 2.2	offset	-2.2	offset	2.2	1	536
-2.1	-1.9	-2 2.2	offset	-2	offset	2.2	1	486
-1.9	-1.7	-1.8 2.2	offset	-1.8	offset	2.2	1	436
-1.7	-1.5	-1.6 2.2	offset	-1.6	offset	2.2	1	386
-1.5	-1.3	-1.4 2.2	offset	-1.4	offset	2.2	1	336
-1.3	-1.1	-1.2 2.2	offset	-1.2	offset	2.2	1	286
-1.1	-0.9	-1 2.2	offset	-1	offset	2.2	1	236
-0.9	-0.7	-0.8 2.2	offset	-0.8	offset	2.2	1	186
-0.7	-0.5	-0.6 2.2	offset	-0.6	offset	2.2	1	136
-0.5	-0.299999999999999	-0.399999999999999 2.2	offset	-0.399999999999999	offset	2.2	1	86
-0.299999999999999	-0.0999999999999996	-0.199999999999999 2.2	offset	-0.199999999999999	offset	2.2	1	36
-0.0999999999999996	0.1	0 2.2	offset	0	offset	2.2	1	1286
0.1	0.3	0.2 2.2	offset	0.2	offset	2.2	1	1336
0.3	0.5	0.4 2.2	offset	0.4	offset	2.2	1	1386
0.5	0.700000000000001	0.6 2.2	offset	0.600000000000001	offset	2.2	1	1436
0.700000000000001	0.9	0.800000000000001 2.2	offset	0.800000000000001	offset	2.2	1	1486
0.9	1.1	1 2.2	offset	1	offset	2.2	1	1537
1.1	1.3	1.2 2.2	offset	1.2	offset	2.2	1	1587
1.3	1.5	1.4 2.2	offset	1.4	offset	2.2	1	1637
1.5	1.7	1.6 2.2	offset	1.6	offset	2.2	1	1687
1.7	1.9	1.8 2.2	offset	1.8	offset	2.2	1	1737
1.9	2.1	2 2.2	offset	2	offset	2.2	1	1787
2.1	2.3	1	offset	2.2	offset	2.2	1	1501
2.3	2.5	2.4 2.2	offset	2.4	offset	2.2	1	1888
2.5	2.7	2.6 2.2	offset	2.6	offset	2.2	1	1938
2.7	2.9	2.8 2.2	offset	2.8	offset	2.2	1	1988
2.9	3.1	3 2.2	offset	3	offset	2.2	1	2038
3.1	3.3	3.2 2.2	offset	3.2	offset	2.2	1	2088
3.3	3.5	3.4 2.2	offset	3.4	offset	2.2	1	2138
3.5	3.7	3.6 2.2	offset	3.6	offset	2.2	1	2188
3.7	3.9	3.8 2.2	offset	3.8	offset	2.2	1	2238
3.9	4.1	4 2.2	offset	4	offset	2.2	1	2288
4.1	4.3	4.2 2.2	offset	4.2	offset	2.2	1	2338
4.3	4.5	4.4 2.2	offset	4.4	offset	2.2	1	2388
4.5	4.7	4.6 2.2	offset	4.6	offset	2.2	1	2438
4.7	4.9	4.8 2.2	offset	4.8	offset	2.2	1	2488
4.9	5.1	5 2.2	offset	5	offset	2.2	1	2538
-5.1	-4.9	-5 2.4	offset	-5	offset	2.4	1	1237
-4.9	-4.7	-4.8 2.4	offset	-4.8	offset	2.4	1	1187
-4.7	-4.5	-4.6 2.4	offset	-4.6	offset	2.4	1	1137
-4.5	-4.3	-4.4 2.4	offset	-4.4	offset	2.4	1	1087
-4.3	-4.1	-4.2 2.4	offset	-4.2	offset	2.4	1	1037
-4.1	-3.9	-4 2.4	offset	-4	offset	2.4	1	987
-3.9	-3.7	-3.8 2.4	offset	-3.8	offset	2.4	1	937
-3.7	-3.5	-3.6 2.4	offset	-3.6	offset	2.4	1	887
-3.5	-3.3	-3.4 2.4	offset	-3.4	offset	2.4	1	837
-3.3	-3.1	-3.2 2.4	offset	-3.2	offset	2.4	1	787
-3.1	-2.9	-3 2.4	offset	-3	offset	2.4	1	737
-2.9	-2.7	-2.8 2.4	offset	-2.8	offset	2.4	1	687
-2.7	-2.5	-2.6 2.4	offset	-2.6	offset	2.4	1	637
-2.5	-2.3	-2.4 2.4	offset	-2.4	offset	2.4	1	587
-2.3	-2.1	-2.2 2.4	offset	-2.2	offset	2.4	1	537
-2.1	-1.9	-2 2.4	offset	-2	offset	2.4	1	487
-1.9	-1.7	-1.8 2.4	offset	-1.8	offset	2.4	1	437
-1.7	-1.5	-1.6 2.4	offset	-1.6	offset	2.4	1	387
-1.5	-1.3	-1.4 2.4	offset	-1.4	offset	2.4	1	337
-1.3	-1.1	-1.2 2.4	offset	-1.2	offset	2.4	1	287
-1.1	-0.9	-1 2.4	offset	-1	offset	2.4	1	237
-0.9	-0.7	-0.8 2.4	offset	-0.8	offset	2.4	1	187
-0.7	-0.5	-0.6 2.4	offset	-0.6	offset	2.4	1	137
-0.5	-0.299999999999999	-0.399999999999999 2.4	offset	-0.399999999999999	offset	2.4	1	87
-0.299999999999999	-0.0999999999999996	-0.199999999999999 2.4	offset	-0.199999999999999	offset	2.4	1	37
-0.0999999999999996	0.1	0 2.4	offset	0	offset	2.4	1	1287
0.1	0.3	0.2 2.4	offset	0.2	offset	2.4	1	1337
0.3	0.5	0.4 2.4	offset	0.4	offset	2.4	1	1387
0.5	0.700000000000001	0.6 2.4	offset	0.600000000000001	offset	2.4	1	1437
0.700000000000001	0.9	0.800000000000001 2.4	offset	0.800000000000001	offset	2.4	1	1487
0.9	1.1	1 2.4	offset	1	offset	2.4	1	1538
1.1	1.3	1.2 2.4	offset	1.2	offset	2.4	1	1588
1.3	1.5	1.4 2.4	offset	1.4	offset	2.4	1	1638
1.5	1.7	1.6 2.4	offset	1.6	offset	2.4	1	1688
1.7	1.9	1.8 2.4	offset	1.8	offset	2.4	1	1738
1.9	2.1	2 2.4	offset	2	offset	2.4	1	1788
2.1	2.3	2.2 2.4	offset	2.2	offset	2.4	1	1838
2.3	2.5	1	offset	2.4	offset	2.4	1	1501
2.5	2.7	2.6 2.4	offset	2.6	offset	2.4	1	1939
2.7	2.9	2.8 2.4	offset	2.8	offset	2.4	1	1989
2.9	3.1	3 2.4	offset	3	offset	2.4	1	2039
3.1	3.3	3.2 2.4	offset	3.2	offset	2.4	1	2089
3.3	3.5	3.4 2.4	offset	3.4	offset	2.4	1	2139
3.5	3.7	3.6 2.4	offset	3.6	offset	2.4	1	2189
3.7	3.9	3.8 2.4	offset	3.8	offset	2.4	1	2239
3.9	4.1	4 2.4	offset	4	offset	2.4	1	2289
4.1	4.3	4.2 2.4	offset	4.2	offset	2.4	1	2339
4.3	4.5	4.4 2.4	offset	4.4	offset	2.4	1	2389
4.5	4.7	4.6 2.4	offset	4.6	offset	2.4	1	2439
4.7	4.9	4.8 2.4	offset	4.8	offset	2.4	1	2489
4.9	5.1	5 2.4	offset	5	offset	2.4	1	2539
-5.1	-4.9	-5 2.6	offset	-5	offset	2.6	1	1238
-4.9	-4.7	-4.8 2.6	offset	-4.8	offset	2.6	1	1188
-4.7	-4.5	-4.6 2.6	offset	-4.6	offset	2.6	1	1138
-4.5	-4.3	-4.4 2.6	offset	-4.4	offset	2.6	1	1088
-4.3	-4.1	-4.2 2.6	offset	-4.2	offset	2.6	1	1038
-4.1	-3.9	-4 2.6	offset	-4	offset	2.6	1	988
-3.9	-3.7	-3.8 2.6	offset	-3.8	offset	2.6	1	938
-3.7	-3.5	-3.6 2.6	offset	-3.6	offset	2.6	1	888
-3.5	-3.3	-3.4 2.6	offset	-3.4	offset	2.6	1	838
-3.3	-3.1	-3.2 2.6	offset	-3.2	offset	2.6	1	788
-3.1	-2.9	-3 2.6	offset	-3	offset	2.6	1	738
-2.9	-2.7	-2.8 2.6	offset	-2.8	offset	2.6	1	688
-2.7	-2.5	-2.6 2.6	offset	-2.6	offset	2.6	1	638
-2.5	-2.3	-2.4 2.6	offset	-2.4	offset	2.6	1	588
-2.3	-2.1	-2.2 2.6	offset	-2.2	offset	2.6	1	538
-2.1	-1.9	-2 2.6	offset	-2	offset	2.6	1	488
-1.9	-1.7	-1.8 2.6	offset	-1.8	offset	2.6	1	438
-1.7	-1.5	-1.6 2.6	offset	-1.6	offset	2.6	1	388
-1.5	-1.3	-1.4 2.6	offset	-1.4	offset	2.6	1	338
-1.3	-1.1	-1.2 2.6	offset	-1.2	offset	2.6	1	288
-1.1	-0.9	-1 2.6	offset	-1	offset	2.6	1	238
-0.9	-0.7	-0.8 2.6	offset	-0.8	offset	2.6	1	188
-0.7	-0.5	-0.6 2.6	offset	-0.6	offset	2.6	1	138
-0.5	-0.299999999999999	-0.399999999999999 2.6	offset	-0.399999999999999	offset	2.6	1	88
-0.299999999999999	-0.0999999999999996	-0.199999999999999 2.6	offset	-0.199999999999999	offset	2.6	1	38
-0.0999999999999996	0.1	0 2.6	offset	0	offset	2.6	1	1288
0.1	0.3	0.2 2.6	offset	0.2	offset	2.6	1	1338
0.3	0.5	0.4 2.6	offset	0.4	offset	2.6	1	1388
0.5	0.700000000000001	0.6 2.6	offset	0.600000000000001	offset	2.6	1	1438
0.700000000000001	0.9	0.800000000000001 2.6	offset	0.800000000000001	offset	2.6	1	1488
0.9	1.1	1 2.6	offset	1	offset	2.6	1	1539
1.1	1.3	1.2 2.6	offset	1.2	offset	2.6	1	1589
1.3	1.5	1.4 2.6	offset	1.4	offset	2.6	1	1639
1.5	1.7	1.6 2.6	offset	1.6	offset	2.6	1	1689
1.7	1.9	1.8 2.6	offset	1.8	offset	2.6	1	1739
1.9	2.1	2 2.6	offset	2	offset	2.6	1	1789
2.1	2.3	2.2 2.6	offset	2.2	offset	2.6	1	1839
2.3	2.5	2.4 2.6	offset	2.4	offset	2.6	1	1889
2.5	2.7	1	offset	2.6	offset	2.6	1	1501
2.7	2.9	2.8 2.6	offset	2.8	offset	2.6	1	1990
2.9	3.1	3 2.6	offset	3	offset	2.6	1	2040
3.1	3.3	3.2 2.6	offset	3.2	offset	2.6	1	2090
3.3	3.5	3.4 2.6	offset	3.4	offset	2.6	1	2140
3.5	3.7	3.6 2.6	offset	3.6	offset	2.6	1	2190
3.7	3.9	3.8 2.6	offset	3.8	offset	2.6	1	2240
3.9	4.1	4 2.6	offset	4	offset	2.6	1	2290
4.1	4.3	4.2 2.6	offset	4.2	offset	2.6	1	2340
4.3	4.5	4.4 2.6	offset	4.4	offset	2.6	1	2390
4.5	4.7	4.6 2.6	offset	4.6	offset	2.6	1	2440
4.7	4.9	4.8 2.6	offset	4.8	offset	2.6	1	2490
4.9	5.1	5 2.6	offset	5	offset	2.6	1	2540
-5.1	-4.9	-5 2.8	offset	-5	offset	2.8	1	1239
-4.9	-4.7	-4.8 2.8	offset	-4.8	offset	2.8	1	1189
-4.7	-4.5	-4.6 2.8	offset	-4.6	offset	2.8	1	1139
-4.5	-4.3	-4.4 2.8	offset	-4.4	offset	2.8	1	1089
-4.3	-4.1	-4.2 2.8	offset	-4.2	offset	2.8	1	1039
-4.1	-3.9	-4 2.8	offset	-4	offset	2.8	1	989
-3.9	-3.7	-3.8 2.8	offset	-3.8	offset	2.8	1	939
-3.7	-3.5	-3.6 2.8	offset	-3.6	offset	2.8	1	889
-3.5	-3.3	-3.4 2.8	offset	-3.4	offset	2.8	1	839
-3.3	-3.1	-3.2 2.8	offset	-3.2	offset	2.8	1	789
-3.1	-2.9	-3 2.8	offset	-3	offset	2.8	1	739
-2.9	-2.7	-2.8 2.8	offset	-2.8	offset	2.8	1	689
-2.7	-2.5	-2.6 2.8	offset	-2.6	offset	2.8	1	639
-2.5	-2.3	-2.4 2.8	offset	-2.4	offset	2.8	1	589
-2.3	-2.1	-2.2 2.8	offset	-2.2	offset	2.8	1	539
-2.1	-1.9	-2 2.8	offset	-2	offset	2.8	1	489
-1.9	-1.7	-1.8 2.8	offset	-1.8	offset	2.8	1	439
-1.7	-1.5	-1.6 2.8	offset	-1.6	offset	2.8	1	389
-1.5	-1.3	-1.4 2.8	offset	-1.4	offset	2.8	1	339
-1.3	-1.1	-1.2 2.8	offset	-1.2	offset	2.8	1	289
-1.1	-0.9	-1 2.8	offset	-1	offset	2.8	1	239
-0.9	-0.7	-0.8 2.8	offset	-0.8	offset	2.8	1	189
-0.7	-0.5	-0.6 2.8	offset	-0.6	offset	2.8	1	139
-0.5	-0.299999999999999	-0.399999999999999 2.8	offset	-0.399999999999999	offset	2.8	1	89
-0.299999999999999	-0.0999999999999996	-0.199999999999999 2.8	offset	-0.199999999999999	offset	2.8	1	39
-0.0999999999999996	0.1	0 2.8	offset	0	offset	2.8	1	1289
0.1	0.3	0.2 2.8	offset	0.2	offset	2.8	1	1339
0.3	0.5	0.4 2.8	offset	0.4	offset	2.8	1	1389
0.5	0.700000000000001	0.6 2.8	offset	0.600000000000001	offset	2.8	1	1439
0.700000000000001	0.9	0.800000000000001 2.8	offset	0.800000000000001	offset	2.8	1	1489
0.9	1.1	1 2.8	offset	1	offset	2.8	1	1540
1.1	1.3	1.2 2.8	offset	1.2	offset	2.8	1	1590
1.3	1.5	1.4 2.8	offset	1.4	offset	2.8	1	1640
1.5	1.7	1.6 2.8	offset	1.6	offset	2.8	1	1690
1.7	1.9	1.8 2.8	offset	1.8	offset	2.8	1	1740
1.9	2.1	2 2.8	offset	2	offset	2.8	1	1790
2.1	2.3	2.2 2.8	offset	2.2	offset	2.8	1	1840
2.3	2.5	2.4 2.8	offset	2.4	offset	2.8	1	1890
2.5	2.7	2.6 2.8	offset	2.6	offset	2.8	1	1940
2.7	2.9	1	offset	2.8	offset	2.8	1	1501
2.9	3.1	3 2.8	offset	3	offset	2.8	1	2041
3.1	3.3	3.2 2.8	offset	3.2	offset	2.8	1	2091
3.3	3.5	3.4 2.8	offset	3.4	offset	2.8	1	2141
3.5	3.7	3.6 2.8	offset	3.6	offset	2.8	1	2191
3.7	3.9	3.8 2.8	offset	3.8	offset	2.8	1	2241
3.9	4.1	4 2.8	offset	4	offset	2.8	1	2291
4.1	4.3	4.2 2.8	offset	4.2	offset	2.8	1	2341
4.3	4.5	4.4 2.8	offset	4.4	offset	2.8	1	2391
4.5	4.7	4.6 2.8	offset	4.6	offset	2.8	1	2441
4.7	4.9	4.8 2.8	offset	4.8	offset	2.8	1	2491
4.9	5.1	5 2.8	offset	5	offset	2.8	1	2541
-5.1	-4.9	-5 3	offset	-5	offset	3	1	1240
-4.9	-4.7	-4.8 3	offset	-4.8	offset	3	1	1190
-4.7	-4.5	-4.6 3	offset	-4.6	offset	3	1	1140
-4.5	-4.3	-4.4 3	offset	-4.4	offset	3	1	1090
-4.3	-4.1	-4.2 3	offset	-4.2	offset	3	1	1040
-4.1	-3.9	-4 3	offset	-4	offset	3	1	990
-3.9	-3.7	-3.8 3	offset	-3.8	offset	3	1	940
-3.7	-3.5	-3.6 3	offset	-3.6	offset	3	1	890
-3.5	-3.3	-3.4 3	offset	-3.4	offset	3	1	840
-3.3	-3.1	-3.2 3	offset	-3.2	offset	3	1	790
-3.1	-2.9	-3 3	offset	-3	offset	3	1	740
-2.9	-2.7	-2.8 3	offset	-2.8	offset	3	1	690
-2.7	-2.5	-2.6 3	offset	-2.6	offset	3	1	640
-2.5	-2.3	-2.4 3	offset	-2.4	offset	3	1	590
-2.3	-2.1	-2.2 3	offset	-2.2	offset	3	1	540
-2.1	-1.9	-2 3	offset	-2	offset	3	1	490
-1.9	-1.7	-1.8 3	offset	-1.8	offset	3	1	440
-1.7	-1.5	-1.6 3	offset	-1.6	offset	3	1	390
-1.5	-1.3	-1.4 3	offset	-1.4	offset	3	1	340
-1.3	-1.1	-1.2 3	offset	-1.2	offset	3	1	290
-1.1	-0.9	-1 3	offset	-1	offset	3	1	240
-0.9	-0.7	-0.8 3	offset	-0.8	offset	3	1	190
-0.7	-0.5	-0.6 3	offset	-0.6	offset	3	1	140
-0.5	-0.299999999999999	-0.399999999999999 3	offset	-0.399999999999999	offset	3	1	90
-0.299999999999999	-0.0999999999999996	-0.199999999999999 3	offset	-0.199999999999999	offset	3	1	40
-0.0999999999999996	0.1	0 3	offset	0	offset	3	1	1290
0.1	0.3	0.2 3	offset	0.2	offset	3	1	1340
0.3	0.5	0.4 3	offset	0.4	offset	3	1	1390
0.5	0.700000000000001	0.6 3	offset	0.600000000000001	offset	3	1	1440
0.700000000000001	0.9	0.800000000000001 3	offset	0.800000000000001	offset	3	1	1490
0.9	1.1	1 3	offset	1	offset	3	1	1541
1.1	1.3	1.2 3	offset	1.2	offset	3	1	1591
1.3	1.5	1.4 3	offset	1.4	offset	3	1	1641
1.5	1.7	1.6 3	offset	1.6	offset	3	1	1691
1.7	1.9	1.8 3	offset	1.8	offset	3	1	1741
1.9	2.1	2 3	offset	2	offset	3	1	1791
2.1	2.3	2.2 3	offset	2.2	offset	3	1	1841
2.3	2.5	2.4 3	offset	2.4	offset	3	1	1891
2.5	2.7	2.6 3	offset	2.6	offset	3	1	1941
2.7	2.9	2.8 3	offset	2.8	offset	3	1	1991
2.9	3.1	1	offset	3	offset	3	1	1501
3.1	3.3	3.2 3	offset	3.2	offset	3	1	2092
3.3	3.5	3.4 3	offset	3.4	offset	3	1	2142
3.5	3.7	3.6 3	offset	3.6	offset	3	1	2192
3.7	3.9	3.8 3	offset	3.8	offset	3	1	2242
3.9	4.1	4 3	offset	4	offset	3	1	2292
4.1	4.3	4.2 3	offset	4.2	offset	3	1	2342
4.3	4.5	4.4 3	offset	4.4	offset	3	1	2392
4.5	4.7	4.6 3	offset	4.6	offset	3	1	2442
4.7	4.9	4.8 3	offset	4.8	offset	3	1	2492
4.9	5.1	5 3	offset	5	offset	3	1	2542
-5.1	-4.9	-5 3.2	offset	-5	offset	3.2	1	1241
-4.9	-4.7	-4.8 3.2	offset	-4.8	offset	3.2	1	1191
-4.7	-4.5	-4.6 3.2	offset	-4.6	offset	3.2	1	1141
-4.5	-4.3	-4.4 3.2	offset	-4.4	offset	3.2	1	1091
-4.3	-4.1	-4.2 3.2	offset	-4.2	offset	3.2	1	1041
-4.1	-3.9	-4 3.2	offset	-4	offset	3.2	1	991
-3.9	-3.7	-3.8 3.2	offset	-3.8	offset	3.2	1	941
-3.7	-3.5	-3.6 3.2	offset	-3.6	offset	3.2	1	891
-3.5	-3.3	-3.4 3.2	offset	-3.4	offset	3.2	1	841
-3.3	-3.1	-3.2 3.2	offset	-3.2	offset	3.2	1	791
-3.1	-2.9	-3 3.2	offset	-3	offset	3.2	1	741
-2.9	-2.7	-2.8 3.2	offset	-2.8	offset	3.2	1	691
-2.7	-2.5	-2.6 3.2	offset	-2.6	offset	3.2	1	641
-2.5	-2.3	-2.4 3.2	offset	-2.4	offset	3.2	1	591
-2.3	-2.1	-2.2 3.2	offset	-2.2	offset	3.2	1	541
-2.1	-1.9	-2 3.2	offset	-2	offset	3.2	1	491
-1.9	-1.7	-1.8 3.2	offset	-1.8	offset	3.2	1	441
-1.7	-1.5	-1.6 3.2	offset	-1.6	offset	3.2	1	391
-1.5	-1.3	-1.4 3.2	offset	-1.4	offset	3.2	1	341
-1.3	-1.1	-1.2 3.2	offset	-1.2	offset	3.2	1	291
-1.1	-0.9	-1 3.2	offset	-1	offset	3.2	1	241
-0.9	-0.7	-0.8 3.2	offset	-0.8	offset	3.2	1	191
-0.7	-0.5	-0.6 3.2	offset	-0.6	offset	3.2	1	141
-0.5	-0.299999999999999	-0.399999999999999 3.2	offset	-0.399999999999999	offset	3.2	1	91
-0.299999999999999	-0.0999999999999996	-0.199999999999999 3.2	offset	-0.199999999999999	offset	3.2	1	41
-0.0999999999999996	0.1	0 3.2	offset	0	offset	3.2	1	1291
0.1	0.3	0.2 3.2	offset	0.2	offset	3.2	1	1341
0.3	0.5	0.4 3.2	offset	0.4	offset	3.2	1	1391
0.5	0.700000000000001	0.6 3.2	offset	0.600000000000001	offset	3.2	1	1441
0.700000000000001	0.9	0.800000000000001 3.2	offset	0.800000000000001	offset	3.2	1	1491
0.9	1.1	1 3.2	offset	1	offset	3.2	1	1542
1.1	1.3	1.2 3.2	offset	1.2	offset	3.2	1	1592
1.3	1.5	1.4 3.2	offset	1.4	offset	3.2	1	1642
1.5	1.7	1.6 3.2	offset	1.6	offset	3.2	1	1692
1.7	1.9	1.8 3.2	offset	1.8	offset	3.2	1	1742
1.9	2.1	2 3.2	offset	2	offset	3.2	1	1792
2.1	2.3	2.2 3.2	offset	2.2	offset	3.2	1	1842
2.3	2.5	2.4 3.2	offset	2.4	offset	3.2	1	1892
2.5	2.7	2.6 3.2	offset	2.6	offset	3.2	1	1942
2.7	2.9	2.8 3.2	offset	2.8	offset	3.2	1	1992
2.9	3.1	3 3.2	offset	3	offset	3.2	1	2042
3.1	3.3	1	offset	3.2	offset	3.2	1	1501
3.3	3.5	3.4 3.2	offset	3.4	offset	3.2	1	2143
3.5	3.7	3.6 3.2	offset	3.6	offset	3.2	1	2193
3.7	3.9	3.8 3.2	offset	3.8	offset	3.2	1	2243
3.9	4.1	4 3.2	offset	4	offset	3.2	1	2293
4.1	4.3	4.2 3.2	offset	4.2	offset	3.2	1	2343
4.3	4.5	4.4 3.2	offset	4.4	offset	3.2	1	2393
4.5	4.7	4.6 3.2	offset	4.6	offset	3.2	1	2443
4.7	4.9	4.8 3.2	offset	4.8	offset	3.2	1	2493
4.9	5.1	5 3.2	offset	5	offset	3.2	1	2543
-5.1	-4.9	-5 3.4	offset	-5	offset	3.4	1	1242
-4.9	-4.7	-4.8 3.4	offset	-4.8	offset	3.4	1	1192
-4.7	-4.5	-4.6 3.4	offset	-4.6	offset	3.4	1	1142
-4.5	-4.3	-4.4 3.4	offset	-4.4	offset	3.4	1	1092
-4.3	-4.1	-4.2 3.4	offset	-4.2	offset	3.4	1	1042
-4.1	-3.9	-4 3.4	offset	-4	offset	3.4	1	992
-3.9	-3.7	-3.8 3.4	offset	-3.8	offset	3.4	1	942
-3.7	-3.5	-3.6 3.4	offset	-3.6	offset	3.4	1	892
-3.5	-3.3	-3.4 3.4	offset	-3.4	offset	3.4	1	842
-3.3	-3.1	-3.2 3.4	offset	-3.2	offset	3.4	1	792
-3.1	-2.9	-3 3.4	offset	-3	offset	3.4	1	742
-2.9	-2.7	-2.8 3.4	offset	-2.8	offset	3.4	1	692
-2.7	-2.5	-2.6 3.4	offset	-2.6	offset	3.4	1	642
-2.5	-2.3	-2.4 3.4	offset	-2.4	offset	3.4	1	592
-2.3	-2.1	-2.2 3.4	offset	-2.2	offset	3.4	1	542
-2.1	-1.9	-2 3.4	offset	-2	offset	3.4	1	492
-1.9	-1.7	-1.8 3.4	offset	-1.8	offset	3.4	1	442
-1.7	-1.5	-1.6 3.4	offset	-1.6	offset	3.4	1	392
-1.5	-1.3	-1.4 3.4	offset	-1.4	offset	3.4	1	342
-1.3	-1.1	-1.2 3.4	offset	-1.2	offset	3.4	1	292
-1.1	-0.9	-1 3.4	offset	-1	offset	3.4	1	242
-0.9	-0.7	-0.8 3.4	offset	-0.8	offset	3.4	1	192
-0.7	-0.5	-0.6 3.4	offset	-0.6	offset	3.4	1	142
-0.5	-0.299999999999999	-0.399999999999999 3.4	offset	-0.399999999999999	offset	3.4	1	92
-0.299999999999999	-0.0999999999999996	-0.199999999999999 3.4	offset	-0.199999999999999	offset	3.4	1	42
-0.0999999999999996	0.1	0 3.4	offset	0	offset	3.4	1	1292
0.1	0.3	0.2 3.4	offset	0.2	offset	3.4	1	1342
0.3	0.5	0.4 3.4	offset	0.4	offset	3.4	1	1392
0.5	0.700000000000001	0.6 3.4	offset	0.600000000000001	offset	3.4	1	1442
0.700000000000001	0.9	0.800000000000001 3.4	offset	0.800000000000001	offset	3.4	1	1492
0.9	1.1	1 3.4	offset	1	offset	3.4	1	1543
1.1	1.3	1.2 3.4	offset	1.2	offset	3.4	1	1593
1.3	1.5	1.4 3.4	offset	1.4	offset	3.4	1	1643
1.5	1.7	1.6 3.4	offset	1.6	offset	3.4	1	1693
1.7	1.9	1.8 3.4	offset	1.8	offset	3.4	1	1743
1.9	2.1	2 3.4	offset	2	offset	3.4	1	1793
2.1	2.3	2.2 3.4	offset	2.2	offset	3.4	1	1843
2.3	2.5	2.4 3.4	offset	2.4	offset	3.4	1	1893
2.5	2.7	2.6 3.4	offset	2.6	offset	3.4	1	1943
2.7	2.9	2.8 3.4	offset	2.8	offset	3.4	1	1993
2.9	3.1	3 3.4	offset	3	offset	3.4	1	2043
3.1	3.3	3.2 3.4	offset	3.2	offset	3.4	1	2093
3.3	3.5	1	offset	3.4	offset	3.4	1	1501
3.5	3.7	3.6 3.4	offset	3.6	offset	3.4	1	2194
3.7	3.9	3.8 3.4	offset	3.8	offset	3.4	1	2244
3.9	4.1	4 3.4	offset	4	offset	3.4	1	2294
4.1	4.3	4.2 3.4	offset	4.2	offset	3.4	1	2344
4.3	4.5	4.4 3.4	offset	4.4	offset	3.4	1	2394
4.5	4.7	4.6 3.4	offset	4.6	offset	3.4	1	2444
4.7	4.9	4.8 3.4	offset	4.8	offset	3.4	1	2494
4.9	5.1	5 3.4	offset	5	offset	3.4	1	2544
-5.1	-4.9	-5 3.6	offset	-5	offset	3.6	1	1243
-4.9	-4.7	-4.8 3.6	offset	-4.8	offset	3.6	1	1193
-4.7	-4.5	-4.6 3.6	offset	-4.6	offset	3.6	1	1143
-4.5	-4.3	-4.4 3.6	offset	-4.4	offset	3.6	1	1093
-4.3	-4.1	-4.2 3.6	offset	-4.2	offset	3.6	1	1043
-4.1	-3.9	-4 3.6	offset	-4	offset	3.6	1	993
-3.9	-3.7	-3.8 3.6	offset	-3.8	offset	3.6	1	943
-3.7	-3.5	-3.6 3.6	offset	-3.6	offset	3.6	1	893
-3.5	-3.3	-3.4 3.6	offset	-3.4	offset	3.6	1	843
-3.3	-3.1	-3.2 3.6	offset	-3.2	offset	3.6	1	793
-3.1	-2.9	-3 3.6	offset	-3	offset	3.6	1	743
-2.9	-2.7	-2.8 3.6	offset	-2.8	offset	3.6	1	693
-2.7	-2.5	-2.6 3.6	offset	-2.6	offset	3.6	1	643
-2.5	-2.3	-2.4 3.6	offset	-2.4	offset	3.6	1	593
-2.3	-2.1	-2.2 3.6	offset	-2.2	offset	3.6	1	543
-2.1	-1.9	-2 3.6	offset	-2	offset	3.6	1	493
-1.9	-1.7	-1.8 3.6	offset	-1.8	offset	3.6	1	443
-1.7	-1.5	-1.6 3.6	offset	-1.6	offset	3.6	1	393
-1.5	-1.3	-1.4 3.6	offset	-1.4	offset	3.6	1	343
-1.3	-1.1	-1.2 3.6	offset	-1.2	offset	3.6	1	293
-1.1	-0.9	-1 3.6	offset	-1	offset	3.6	1	243
-0.9	-0.7	-0.8 3.6	offset	-0.8	offset	3.6	1	193
-0.7	-0.5	-0.6 3.6	offset	-0.6	offset	3.6	1	143
-0.5	-0.299999999999999	-0.399999999999999 3.6	offset	-0.399999999999999	offset	3.6	1	93
-0.299999999999999	-0.0999999999999996	-0.199999999999999 3.6	offset	-0.199999999999999	offset	3.6	1	43
-0.0999999999999996	0.1	0 3.6	offset	0	offset	3.6	1	1293
0.1	0.3	0.2 3.6	offset	0.2	offset	3.6	1	1343
0.3	0.5	0.4 3.6	offset	0.4	offset	3.6	1	1393
0.5	0.700000000000001	0.6 3.6	offset	0.600000000000001	offset	3.6	1	1443
0.700000000000001	0.9	0.800000000000001 3.6	offset	0.800000000000001	offset	3.6	1	1493
0.9	1.1	1 3.6	offset	1	offset	3.6	1	1544
1.1	1.3	1.2 3.6	offset	1.2	offset	3.6	1	1594
1.3	1.5	1.4 3.6	offset	1.4	offset	3.6	1	1644
1.5	1.7	1.6 3.6	offset	1.6	offset	3.6	1	1694
1.7	1.9	1.8 3.6	offset	1.8	offset	3.6	1	1744
1.9	2.1	2 3.6	offset	2	offset	3.6	1	1794
2.1	2.3	2.2 3.6	offset	2.2	offset	3.6	1	1844
2.3	2.5	2.4 3.6	offset	2.4	offset	3.6	1	1894
2.5	2.7	2.6 3.6	offset	2.6	offset	3.6	1	1944
2.7	2.9	2.8 3.6	offset	2.8	offset	3.6	1	1994
2.9	3.1	3 3.6	offset	3	offset	3.6	1	2044
3.1	3.3	3.2 3.6	offset	3.2	offset	3.6	1	2094
3.3	3.5	3.4 3.6	offset	3.4	offset	3.6	1	2144
3.5	3.7	1	offset	3.6	offset	3.6	1	1501
3.7	3.9	3.8 3.6	offset	3.8	offset	3.6	1	2245
3.9	4.1	4 3.6	offset	4	offset	3.6	1	2295
4.1	4.3	4.2 3.6	offset	4.2	offset	3.6	1	2345
4.3	4.5	4.4 3.6	offset	4.4	offset	3.6	1	2395
4.5	4.7	4.6 3.6	offset	4.6	offset	3.6	1	2445
4.7	4.9	4.8 3.6	offset	4.8	offset	3.6	1	2495
4.9	5.1	5 3.6	offset	5	offset	3.6	1	2545
-5.1	-4.9	-5 3.8	offset	-5	offset	3.8	1	1244
-4.9	-4.7	-4.8 3.8	offset	-4.8	offset	3.8	1	1194
-4.7	-4.5	-4.6 3.8	offset	-4.6	offset	3.8	1	1144
-4.5	-4.3	-4.4 3.8	offset	-4.4	offset	3.8	1	1094
-4.3	-4.1	-4.2 3.8	offset	-4.2	offset	3.8	1	1044
-4.1	-3.9	-4 3.8	offset	-4	offset	3.8	1	994
-3.9	-3.7	-3.8 3.8	offset	-3.8	offset	3.8	1	944
-3.7	-3.5	-3.6 3.8	offset	-3.6	offset	3.8	1	894
-3.5	-3.3	-3.4 3.8	offset	-3.4	offset	3.8	1	844
-3.3	-3.1	-3.2 3.8	offset	-3.2	offset	3.8	1	794
-3.1	-2.9	-3 3.8	offset	-3	offset	3.8	1	744
-2.9	-2.7	-2.8 3.8	offset	-2.8	offset	3.8	1	694
-2.7	-2.5	-2.6 3.8	offset	-2.6	offset	3.8	1	644
-2.5	-2.3	-2.4 3.8	offset	-2.4	offset	3.8	1	594
-2.3	-2.1	-2.2 3.8	offset	-2.2	offset	3.8	1	544
-2.1	-1.9	-2 3.8	offset	-2	offset	3.8	1	494
-1.9	-1.7	-1.8 3.8	offset	-1.8	offset	3.8	1	444
-1.7	-1.5	-1.6 3.8	offset	-1.6	offset	3.8	1	394
-1.5	-1.3	-1.4 3.8	offset	-1.4	offset	3.8	1	344
-1.3	-1.1	-1.2 3.8	offset	-1.2	offset	3.8	1	294
-1.1	-0.9	-1 3.8	offset	-1	offset	3.8	1	244
-0.9	-0.7	-0.8 3.8	offset	-0.8	offset	3.8	1	194
-0.7	-0.5	-0.6 3.8	offset	-0.6	offset	3.8	1	144
-0.5	-0.299999999999999	-0.399999999999999 3.8	offset	-0.399999999999999	offset	3.8	1	94
-0.299999999999999	-0.0999999999999996	-0.199999999999999 3.8	offset	-0.199999999999999	offset	3.8	1	44
-0.0999999999999996	0.1	0 3.8	offset	0	offset	3.8	1	1294
0.1	0.3	0.2 3.8	offset	0.2	offset	3.8	1	1344
0.3	0.5	0.4 3.8	offset	0.4	offset	3.8	1	1394
0.5	0.700000000000001	0.6 3.8	offset	0.600000000000001	offset	3.8	1	1444
0.700000000000001	0.9	0.800000000000001 3.8	offset	0.800000000000001	offset	3.8	1	1494
0.9	1.1	1 3.8	offset	1	offset	3.8	1	1545
1.1	1.3	1.2 3.8	offset	1.2	offset	3.8	1	1595
1.3	1.5	1.4 3.8	offset	1.4	offset	3.8	1	1645
1.5	1.7	1.6 3.8	offset	1.6	offset	3.8	1	1695
1.7	1.9	1.8 3.8	offset	1.8	offset	3.8	1	1745
1.9	2.1	2 3.8	offset	2	offset	3.8	1	1795
2.1	2.3	2.2 3.8	offset	2.2	offset	3.8	1	1845
2.3	2.5	2.4 3.8	offset	2.4	offset	3.8	1	1895
2.5	2.7	2.6 3.8	offset	2.6	offset	3.8	1	1945
2.7	2.9	2.8 3.8	offset	2.8	offset	3.8	1	1995
2.9	3.1	3 3.8	offset	3	offset	3.8	1	2045
3.1	3.3	3.2 3.8	offset	3.2	offset	3.8	1	2095
3.3	3.5	3.4 3.8	offset	3.4	offset	3.8	1	2145
3.5	3.7	3.6 3.8	offset	3.6	offset	3.8	1	2195
3.7	3.9	1	offset	3.8	offset	3.8	1	1501
3.9	4.1	4 3.8	offset	4	offset	3.8	1	2296
4.1	4.3	4.2 3.8	offset	4.2	offset	3.8	1	2346
4.3	4.5	4.4 3.8	offset	4.4	offset	3.8	1	2396
4.5	4.7	4.6 3.8	offset	4.6	offset	3.8	1	2446
4.7	4.9	4.8 3.8	offset	4.8	offset	3.8	1	2496
4.9	5.1	5 3.8	offset	5	offset	3.8	1	2546
-5.1	-4.9	-5 4	offset	-5	offset	4	1	1245
-4.9	-4.7	-4.8 4	offset	-4.8	offset	4	1	1195
-4.7	-4.5	-4.6 4	offset	-4.6	offset	4	1	1145
-4.5	-4.3	-4.4 4	offset	-4.4	offset	4	1	1095
-4.3	-4.1	-4.2 4	offset	-4.2	offset	4	1	1045
-4.1	-3.9	-4 4	offset	-4	offset	4	1	995
-3.9	-3.7	-3.8 4	offset	-3.8	offset	4	1	945
-3.7	-3.5	-3.6 4	offset	-3.6	offset	4	1	895
-3.5	-3.3	-3.4 4	offset	-3.4	offset	4	1	845
-3.3	-3.1	-3.2 4	offset	-3.2	offset	4	1	795
-3.1	-2.9	-3 4	offset	-3	offset	4	1	745
-2.9	-2.7	-2.8 4	offset	-2.8	offset	4	1	695
-2.7	-2.5	-2.6 4	offset	-2.6	offset	4	1	645
-2.5	-2.3	-2.4 4	offset	-2.4	offset	4	1	595
-2.3	-2.1	-2.2 4	offset	-2.2	offset	4	1	545
-2.1	-1.9	-2 4	offset	-2	offset	4	1	495
-1.9	-1.7	-1.8 4	offset	-1.8	offset	4	1	445
-1.7	-1.5	-1.6 4	offset	-1.6	offset	4	1	395
-1.5	-1.3	-1.4 4	offset	-1.4	offset	4	1	345
-1.3	-1.1	-1.2 4	offset	-1.2	offset	4	1	295
-1.1	-0.9	-1 4	offset	-1	offset	4	1	245
-0.9	-0.7	-0.8 4	offset	-0.8	offset	4	1	195
-0.7	-0.5	-0.6 4	offset	-0.6	offset	4	1	145
-0.5	-0.299999999999999	-0.399999999999999 4	offset	-0.399999999999999	offset	4	1	95
-0.299999999999999	-0.0999999999999996	-0.199999999999999 4	offset	-0.199999999999999	offset	4	1	45
-0.0999999999999996	0.1	0 4	offset	0	offset	4	1	1295
0.1	0.3	0.2 4	offset	0.2	offset	4	1	1345
0.3	0.5	0.4 4	offset	0.4	offset	4	1	1395
0.5	0.700000000000001	0.6 4	offset	0.600000000000001	offset	4	1	1445
0.700000000000001	0.9	0.800000000000001 4	offset	0.800000000000001	offset	4	1	1495
0.9	1.1	1 4	offset	1	offset	4	1	1546
1.1	1.3	1.2 4	offset	1.2	offset	4	1	1596
1.3	1.5	1.4 4	offset	1.4	offset	4	1	1646
1.5	1.7	1.6 4	offset	1.6	offset	4	1	1696
1.7	1.9	1.8 4	offset	1.8	offset	4	1	1746
1.9	2.1	2 4	offset	2	offset	4	1	1796
2.1	2.3	2.2 4	offset	2.2	offset	4	1	1846
2.3	2.5	2.4 4	offset	2.4	offset	4	1	1896
2.5	2.7	2.6 4	offset	2.6	offset	4	1	1946
2.7	2.9	2.8 4	offset	2.8	offset	4	1	1996
2.9	3.1	3 4	offset	3	offset	4	1	2046
3.1	3.3	3.2 4	offset	3.2	offset	4	1	2096
3.3	3.5	3.4 4	offset	3.4	offset	4	1	2146
3.5	3.7	3.6 4	offset	3.6	offset	4	1	2196
3.7	3.9	3.8 4	offset	3.8	offset	4	1	2246
3.9	4.1	1	offset	4	offset	4	1	1501
4.1	4.3	4.2 4	offset	4.2	offset	4	1	2347
4.3	4.5	4.4 4	offset	4.4	offset	4	1	2397
4.5	4.7	4.6 4	offset	4.6	offset	4	1	2447
4.7	4.9	4.8 4	offset	4.8	offset	4	1	2497
4.9	5.1	5 4	offset	5	offset	4	1	2547
-5.1	-4.9	-5 4.2	offset	-5	offset	4.2	1	1246
-4.9	-4.7	-4.8 4.2	offset	-4.8	offset	4.2	1	1196
-4.7	-4.5	-4.6 4.2	offset	-4.6	offset	4.2	1	1146
-4.5	-4.3	-4.4 4.2	offset	-4.4	offset	4.2	1	1096
-4.3	-4.1	-4.2 4.2	offset	-4.2	offset	4.2	1	1046
-4.1	-3.9	-4 4.2	offset	-4	offset	4.2	1	996
-3.9	-3.7	-3.8 4.2	offset	-3.8	offset	4.2	1	946
-3.7	-3.5	-3.6 4.2	offset	-3.6	offset	4.2	1	896
-3.5	-3.3	-3.4 4.2	offset	-3.4	offset	4.2	1	846
-3.3	-3.1	-3.2 4.2	offset	-3.2	offset	4.2	1	796
-3.1	-2.9	-3 4.2	offset	-3	offset	4.2	1	746
-2.9	-2.7	-2.8 4.2	offset	-2.8	offset	4.2	1	696
-2.7	-2.5	-2.6 4.2	offset	-2.6	offset	4.2	1	646
-2.5	-2.3	-2.4 4.2	offset	-2.4	offset	4.2	1	596
-2.3	-2.1	-2.2 4.2	offset	-2.2	offset	4.2	1	546
-2.1	-1.9	-2 4.2	offset	-2	offset	4.2	1	496
-1.9	-1.7	-1.8 4.2	offset	-1.8	offset	4.2	1	446
-1.7	-1.5	-1.6 4.2	offset	-1.6	offset	4.2	1	396
-1.5	-1.3	-1.4 4.2	offset	-1.4	offset	4.2	1	346
-1.3	-1.1	-1.2 4.2	offset	-1.2	offset	4.2	1	296
-1.1	-0.9	-1 4.2	offset	-1	offset	4.2	1	246
-0.9	-0.7	-0.8 4.2	offset	-0.8	offset	4.2	1	196
-0.7	-0.5	-0.6 4.2	offset	-0.6	offset	4.2	1	146
-0.5	-0.299999999999999	-0.399999999999999 4.2	offset	-0.399999999999999	offset	4.2	1	96
-0.299999999999999	-0.0999999999999996	-0.199999999999999 4.2	offset	-0.199999999999999	offset	4.2	1	46
-0.0999999999999996	0.1	0 4.2	offset	0	offset	4.2	1	1296
0.1	0.3	0.2 4.2	offset	0.2	offset	4.2	1	1346
0.3	0.5	0.4 4.2	offset	0.4	offset	4.2	1	1396
0.5	0.700000000000001	0.6 4.2	offset	0.600000000000001	offset	4.2	1	1446
0.700000000000001	0.9	0.800000000000001 4.2	offset	0.800000000000001	offset	4.2	1	1496
0.9	1.1	1 4.2	offset	1	offset	4.2	1	1547
1.1	1.3	1.2 4.2	offset	1.2	offset	4.2	1	1597
1.3	1.5	1.4 4.2	offset	1.4	offset	4.2	1	1647
1.5	1.7	1.6 4.2	offset	1.6	offset	4.2	1	1697
1.7	1.9	1.8 4.2	offset	1.8	offset	4.2	1	1747
1.9	2.1	2 4.2	offset	2	offset	4.2	1	1797
2.1	2.3	2.2 4.2	offset	2.2	offset	4.2	1	1847
2.3	2.5	2.4 4.2	offset	2.4	offset	4.2	1	1897
2.5	2.7	2.6 4.2	offset	2.6	offset	4.2	1	1947
2.7	2.9	2.8 4.2	offset	2.8	offset	4.2	1	1997
2.9	3.1	3 4.2	offset	3	offset	4.2	1	2047
3.1	3.3	3.2 4.2	offset	3.2	offset	4.2	1	2097
3.3	3.5	3.4 4.2	offset	3.4	offset	4.2	1	2147
3.5	3.7	3.6 4.2	offset	3.6	offset	4.2	1	2197
3.7	3.9	3.8 4.2	offset	3.8	offset	4.2	1	2247
3.9	4.1	4 4.2	offset	4	offset	4.2	1	2297
4.1	4.3	1	offset	4.2	offset	4.2	1	1501
4.3	4.5	4.4 4.2	offset	4.4	offset	4.2	1	2398
4.5	4.7	4.6 4.2	offset	4.6	offset	4.2	1	2448
4.7	4.9	4.8 4.2	offset	4.8	offset	4.2	1	2498
4.9	5.1	5 4.2	offset	5	offset	4.2	1	2548
-5.1	-4.9	-5 4.4	offset	-5	offset	4.4	1	1247
-4.9	-4.7	-4.8 4.4	offset	-4.8	offset	4.4	1	1197
-4.7	-4.5	-4.6 4.4	offset	-4.6	offset	4.4	1	1147
-4.5	-4.3	-4.4 4.4	offset	-4.4	offset	4.4	1	1097
-4.3	-4.1	-4.2 4.4	offset	-4.2	offset	4.4	1	1047
-4.1	-3.9	-4 4.4	offset	-4	offset	4.4	1	997
-3.9	-3.7	-3.8 4.4	offset	-3.8	offset	4.4	1	947
-3.7	-3.5	-3.6 4.4	offset	-3.6	offset	4.4	1	897
-3.5	-3.3	-3.4 4.4	offset	-3.4	offset	4.4	1	847
-3.3	-3.1	-3.2 4.4	offset	-3.2	offset	4.4	1	797
-3.1	-2.9	-3 4.4	offset	-3	offset	4.4	1	747
-2.9	-2.7	-2.8 4.4	offset	-2.8	offset	4.4	1	697
-2.7	-2.5	-2.6 4.4	offset	-2.6	offset	4.4	1	647
-2.5	-2.3	-2.4 4.4	offset	-2.4	offset	4.4	1	597
-2.3	-2.1	-2.2 4.4	offset	-2.2	offset	4.4	1	547
-2.1	-1.9	-2 4.4	offset	-2	offset	4.4	1	497
-1.9	-1.7	-1.8 4.4	offset	-1.8	offset	4.4	1	447
-1.7	-1.5	-1.6 4.4	offset	-1.6	offset	4.4	1	397
-1.5	-1.3	-1.4 4.4	offset	-1.4	offset	4.4	1	347
-1.3	-1.1	-1.2 4.4	offset	-1.2	offset	4.4	1	297
-1.1	-0.9	-1 4.4	offset	-1	offset	4.4	1	247
-0.9	-0.7	-0.8 4.4	offset	-0.8	offset	4.4	1	197
-0.7	-0.5	-0.6 4.4	offset	-0.6	offset	4.4	1	147
-0.5	-0.299999999999999	-0.399999999999999 4.4	offset	-0.399999999999999	offset	4.4	1	97
-0.299999999999999	-0.0999999999999996	-0.199999999999999 4.4	offset	-0.199999999999999	offset	4.4	1	47
-0.0999999999999996	0.1	0 4.4	offset	0	offset	4.4	1	1297
0.1	0.3	0.2 4.4	offset	0.2	offset	4.4	1	1347
0.3	0.5	0.4 4.4	offset	0.4	offset	4.4	1	1397
0.5	0.700000000000001	0.6 4.4	offset	0.600000000000001	offset	4.4	1	1447
0.700000000000001	0.9	0.800000000000001 4.4	offset	0.800000000000001	offset	4.4	1	1497
0.9	1.1	1 4.4	offset	1	offset	4.4	1	1548
1.1	1.3	1.2 4.4	offset	1.2	offset	4.4	1	1598
1.3	1.5	1.4 4.4	offset	1.4	offset	4.4	1	1648
1.5	1.7	1.6 4.4	offset	1.6	offset	4.4	1	1698
1.7	1.9	1.8 4.4	offset	1.8	offset	4.4	1	1748
1.9	2.1	2 4.4	offset	2	offset	4.4	1	1798
2.1	2.3	2.2 4.4	offset	2.2	offset	4.4	1	1848
2.3	2.5	2.4 4.4	offset	2.4	offset	4.4	1	1898
2.5	2.7	2.6 4.4	offset	2.6	offset	4.4	1	1948
2.7	2.9	2.8 4.4	offset	2.8	offset	4.4	1	1998
2.9	3.1	3 4.4	offset	3	offset	4.4	1	2048
3.1	3.3	3.2 4.4	offset	3.2	offset	4.4	1	2098
3.3	3.5	3.4 4.4	offset	3.4	offset	4.4	1	2148
3.5	3.7	3.6 4.4	offset	3.6	offset	4.4	1	2198
3.7	3.9	3.8 4.4	offset	3.8	offset	4.4	1	2248
3.9	4.1	4 4.4	offset	4	offset	4.4	1	2298
4.1	4.3	4.2 4.4	offset	4.2	offset	4.4	1	2348
4.3	4.5	1	offset	4.4	offset	4.4	1	1501
4.5	4.7	4.6 4.4	offset	4.6	offset	4.4	1	2449
4.7	4.9	4.8 4.4	offset	4.8	offset	4.4	1	2499
4.9	5.1	5 4.4	offset	5	offset	4.4	1	2549
-5.1	-4.9	-5 4.6	offset	-5	offset	4.6	1	1248
-4.9	-4.7	-4.8 4.6	offset	-4.8	offset	4.6	1	1198
-4.7	-4.5	-4.6 4.6	offset	-4.6	offset	4.6	1	1148
-4.5	-4.3	-4.4 4.6	offset	-4.4	offset	4.6	1	1098
-4.3	-4.1	-4.2 4.6	offset	-4.2	offset	4.6	1	1048
-4.1	-3.9	-4 4.6	offset	-4	offset	4.6	1	998
-3.9	-3.7	-3.8 4.6	offset	-3.8	offset	4.6	1	948
-3.7	-3.5	-3.6 4.6	offset	-3.6	offset	4.6	1	898
-3.5	-3.3	-3.4 4.6	offset	-3.4	offset	4.6	1	848
-3.3	-3.1	-3.2 4.6	offset	-3.2	offset	4.6	1	798
-3.1	-2.9	-3 4.6	offset	-3	offset	4.6	1	748
-2.9	-2.7	-2.8 4.6	offset	-2.8	offset	4.6	1	698
-2.7	-2.5	-2.6 4.6	offset	-2.6	offset	4.6	1	648
-2.5	-2.3	-2.4 4.6	offset	-2.4	offset	4.6	1	598
-2.3	-2.1	-2.2 4.6	offset	-2.2	offset	4.6	1	548
-2.1	-1.9	-2 4.6	offset	-2	offset	4.6	1	498
-1.9	-1.7	-1.8 4.6	offset	-1.8	offset	4.6	1	448
-1.7	-1.5	-1.6 4.6	offset	-1.6	offset	4.6	1	398
-1.5	-1.3	-1.4 4.6	offset	-1.4	offset	4.6	1	348
-1.3	-1.1	-1.2 4.6	offset	-1.2	offset	4.6	1	298
-1.1	-0.9	-1 4.6	offset	-1	offset	4.6	1	248
-0.9	-0.7	-0.8 4.6	offset	-0.8	offset	4.6	1	198
-0.7	-0.5	-0.6 4.6	offset	-0.6	offset	4.6	1	148
-0.5	-0.299999999999999	-0.399999999999999 4.6	offset	-0.399999999999999	offset	4.6	1	98
-0.299999999999999	-0.0999999999999996	-0.199999999999999 4.6	offset	-0.199999999999999	offset	4.6	1	48
-0.0999999999999996	0.1	0 4.6	offset	0	offset	4.6	1	1298
0.1	0.3	0.2 4.6	offset	0.2	offset	4.6	1	1348
0.3	0.5	0.4 4.6	offset	0.4	offset	4.6	1	1398
0.5	0.700000000000001	0.6 4.6	offset	0.600000000000001	offset	4.6	1	1448
0.700000000000001	0.9	0.800000000000001 4.6	offset	0.800000000000001	offset	4.6	1	1498
0.9	1.1	1 4.6	offset	1	offset	4.6	1	1549
1.1	1.3	1.2 4.6	offset	1.2	offset	4.6	1	1599
1.3	1.5	1.4 4.6	offset	1.4	offset	4.6	1	1649
1.5	1.7	1.6 4.6	offset	1.6	offset	4.6	1	1699
1.7	1.9	1.8 4.6	offset	1.8	offset	4.6	1	1749
1.9	2.1	2 4.6	offset	2	offset	4.6	1	1799
2.1	2.3	2.2 4.6	offset	2.2	offset	4.6	1	1849
2.3	2.5	2.4 4.6	offset	2.4	offset	4.6	1	1899
2.5	2.7	2.6 4.6	offset	2.6	offset	4.6	1	1949
2.7	2.9	2.8 4.6	offset	2.8	offset	4.6	1	1999
2.9	3.1	3 4.6	offset	3	offset	4.6	1	2049
3.1	3.3	3.2 4.6	offset	3.2	offset	4.6	1	2099
3.3	3.5	3.4 4.6	offset	3.4	offset	4.6	1	2149
3.5	3.7	3.6 4.6	offset	3.6	offset	4.6	1	2199
3.7	3.9	3.8 4.6	offset	3.8	offset	4.6	1	2249
3.9	4.1	4 4.6	offset	4	offset	4.6	1	2299
4.1	4.3	4.2 4.6	offset	4.2	offset	4.6	1	2349
4.3	4.5	4.4 4.6	offset	4.4	offset	4.6	1	2399
4.5	4.7	1	offset	4.6	offset	4.6	1	1501
4.7	4.9	4.8 4.6	offset	4.8	offset	4.6	1	2500
4.9	5.1	5 4.6	offset	5	offset	4.6	1	2550
-5.1	-4.9	-5 4.8	offset	-5	offset	4.8	1	1249
-4.9	-4.7	-4.8 4.8	offset	-4.8	offset	4.8	1	1199
-4.7	-4.5	-4.6 4.8	offset	-4.6	offset	4.8	1	1149
-4.5	-4.3	-4.4 4.8	offset	-4.4	offset	4.8	1	1099
-4.3	-4.1	-4.2 4.8	offset	-4.2	offset	4.8	1	1049
-4.1	-3.9	-4 4.8	offset	-4	offset	4.8	1	999
-3.9	-3.7	-3.8 4.8	offset	-3.8	offset	4.8	1	949
-3.7	-3.5	-3.6 4.8	offset	-3.6	offset	4.8	1	899
-3.5	-3.3	-3.4 4.8	offset	-3.4	offset	4.8	1	849
-3.3	-3.1	-3.2 4.8	offset	-3.2	offset	4.8	1	799
-3.1	-2.9	-3 4.8	offset	-3	offset	4.8	1	749
-2.9	-2.7	-2.8 4.8	offset	-2.8	offset	4.8	1	699
-2.7	-2.5	-2.6 4.8	offset	-2.6	offset	4.8	1	649
-2.5	-2.3	-2.4 4.8	offset	-2.4	offset	4.8	1	599
-2.3	-2.1	-2.2 4.8	offset	-2.2	offset	4.8	1	549
-2.1	-1.9	-2 4.8	offset	-2	offset	4.8	1	499
-1.9	-1.7	-1.8 4.8	offset	-1.8	offset	4.8	1	449
-1.7	-1.5	-1.6 4.8	offset	-1.6	offset	4.8	1	399
-1.5	-1.3	-1.4 4.8	offset	-1.4	offset	4.8	1	349
-1.3	-1.1	-1.2 4.8	offset	-1.2	offset	4.8	1	299
-1.1	-0.9	-1 4.8	offset	-1	offset	4.8	1	249
-0.9	-0.7	-0.8 4.8	offset	-0.8	offset	4.8	1	199
-0.7	-0.5	-0.6 4.8	offset	-0.6	offset	4.8	1	149
-0.5	-0.299999999999999	-0.399999999999999 4.8	offset	-0.399999999999999	offset	4.8	1	99
-0.299999999999999	-0.0999999999999996	-0.199999999999999 4.8	offset	-0.199999999999999	offset	4.8	1	49
-0.0999999999999996	0.1	0 4.8	offset	0	offset	4.8	1	1299
0.1	0.3	0.2 4.8	offset	0.2	offset	4.8	1	1349
0.3	0.5	0.4 4.8	offset	0.4	offset	4.8	1	1399
0.5	0.700000000000001	0.6 4.8	offset	0.600000000000001	offset	4.8	1	1449
0.700000000000001	0.9	0.800000000000001 4.8	offset	0.800000000000001	offset	4.8	1	1499
0.9	1.1	1 4.8	offset	1	offset	4.8	1	1550
1.1	1.3	1.2 4.8	offset	1.2	offset	4.8	1	1600
1.3	1.5	1.4 4.8	offset	1.4	offset	4.8	1	1650
1.5	1.7	1.6 4.8	offset	1.6	offset	4.8	1	1700
1.7	1.9	1.8 4.8	offset	1.8	offset	4.8	1	1750
1.9	2.1	2 4.8	offset	2	offset	4.8	1	1800
2.1	2.3	2.2 4.8	offset	2.2	offset	4.8	1	1850
2.3	2.5	2.4 4.8	offset	2.4	offset	4.8	1	1900
2.5	2.7	2.6 4.8	offset	2.6	offset	4.8	1	1950
2.7	2.9	2.8 4.8	offset	2.8	offset	4.8	1	2000
2.9	3.1	3 4.8	offset	3	offset	4.8	1	2050
3.1	3.3	3.2 4.8	offset	3.2	offset	4.8	1	2100
3.3	3.5	3.4 4.8	offset	3.4	offset	4.8	1	2150
3.5	3.7	3.6 4.8	offset	3.6	offset	4.8	1	2200
3.7	3.9	3.8 4.8	offset	3.8	offset	4.8	1	2250
3.9	4.1	4 4.8	offset	4	offset	4.8	1	2300
4.1	4.3	4.2 4.8	offset	4.2	offset	4.8	1	2350
4.3	4.5	4.4 4.8	offset	4.4	offset	4.8	1	2400
4.5	4.7	4.6 4.8	offset	4.6	offset	4.8	1	2450
4.7	4.9	1	offset	4.8	offset	4.8	1	1501
4.9	5.1	5 4.8	offset	5	offset	4.8	1	2551
-5.1	-4.9	-5 5	offset	-5	offset	5	1	1250
-4.9	-4.7	-4.8 5	offset	-4.8	offset	5	1	1200
-4.7	-4.5	-4.6 5	offset	-4.6	offset	5	1	1150
-4.5	-4.3	-4.4 5	offset	-4.4	offset	5	1	1100
-4.3	-4.1	-4.2 5	offset	-4.2	offset	5	1	1050
-4.1	-3.9	-4 5	offset	-4	offset	5	1	1000
-3.9	-3.7	-3.8 5	offset	-3.8	offset	5	1	950
-3.7	-3.5	-3.6 5	offset	-3.6	offset	5	1	900
-3.5	-3.3	-3.4 5	offset	-3.4	offset	5	1	850
-3.3	-3.1	-3.2 5	offset	-3.2	offset	5	1	800
-3.1	-2.9	-3 5	offset	-3	offset	5	1	750
-2.9	-2.7	-2.8 5	offset	-2.8	offset	5	1	700
-2.7	-2.5	-2.6 5	offset	-2.6	offset	5	1	650
-2.5	-2.3	-2.4 5	offset	-2.4	offset	5	1	600
-2.3	-2.1	-2.2 5	offset	-2.2	offset	5	1	550
-2.1	-1.9	-2 5	offset	-2	offset	5	1	500
-1.9	-1.7	-1.8 5	offset	-1.8	offset	5	1	450
-1.7	-1.5	-1.6 5	offset	-1.6	offset	5	1	400
-1.5	-1.3	-1.4 5	offset	-1.4	offset	5	1	350
-1.3	-1.1	-1.2 5	offset	-1.2	offset	5	1	300
-1.1	-0.9	-1 5	offset	-1	offset	5	1	250
-0.9	-0.7	-0.8 5	offset	-0.8	offset	5	1	200
-0.7	-0.5	-0.6 5	offset	-0.6	offset	5	1	150
-0.5	-0.299999999999999	-0.399999999999999 5	offset	-0.399999999999999	offset	5	1	100
-0.299999999999999	-0.0999999999999996	-0.199999999999999 5	offset	-0.199999999999999	offset	5	1	50
-0.0999999999999996	0.1	0 5	offset	0	offset	5	1	1300
0.1	0.3	0.2 5	offset	0.2	offset	5	1	1350
0.3	0.5	0.4 5	offset	0.4	offset	5	1	1400
0.5	0.700000000000001	0.6 5	offset	0.600000000000001	offset	5	1	1450
0.700000000000001	0.9	0.800000000000001 5	offset	0.800000000000001	offset	5	1	1500
0.9	1.1	1 5	offset	1	offset	5	1	1551
1.1	1.3	1.2 5	offset	1.2	offset	5	1	1601
1.3	1.5	1.4 5	offset	1.4	offset	5	1	1651
1.5	1.7	1.6 5	offset	1.6	offset	5	1	1701
1.7	1.9	1.8 5	offset	1.8	offset	5	1	1751
1.9	2.1	2 5	offset	2	offset	5	1	1801
2.1	2.3	2.2 5	offset	2.2	offset	5	1	1851
2.3	2.5	2.4 5	offset	2.4	offset	5	1	1901
2.5	2.7	2.6 5	offset	2.6	offset	5	1	1951
2.7	2.9	2.8 5	offset	2.8	offset	5	1	2001
2.9	3.1	3 5	offset	3	offset	5	1	2051
3.1	3.3	3.2 5	offset	3.2	offset	5	1	2101
3.3	3.5	3.4 5	offset	3.4	offset	5	1	2151
3.5	3.7	3.6 5	offset	3.6	offset	5	1	2201
3.7	3.9	3.8 5	offset	3.8	offset	5	1	2251
3.9	4.1	4 5	offset	4	offset	5	1	2301
4.1	4.3	4.2 5	offset	4.2	offset	5	1	2351
4.3	4.5	4.4 5	offset	4.4	offset	5	1	2401
4.5	4.7	4.6 5	offset	4.6	offset	5	1	2451
4.7	4.9	4.8 5	offset	4.8	offset	5	1	2501
4.9	5.1	1	offset	5	offset	5	1	1501
-5.1	-4.9	1	offset	-5	offset	-5	2	1501
-4.9	-4.7	-4.8 -5	offset	-4.8	offset	-5	2	1174
-4.7	-4.5	-4.6 -5	offset	-4.6	offset	-5	2	1124
-4.5	-4.3	-4.4 -5	offset	-4.4	offset	-5	2	1074
-4.3	-4.1	-4.2 -5	offset	-4.2	offset	-5	2	1024
-4.1	-3.9	-4 -5	offset	-4	offset	-5	2	974
-3.9	-3.7	-3.8 -5	offset	-3.8	offset	-5	2	924
-3.7	-3.5	-3.6 -5	offset	-3.6	offset	-5	2	874
-3.5	-3.3	-3.4 -5	offset	-3.4	offset	-5	2	824
-3.3	-3.1	-3.2 -5	offset	-3.2	offset	-5	2	774
-3.1	-2.9	-3 -5	offset	-3	offset	-5	2	724
-2.9	-2.7	-2.8 -5	offset	-2.8	offset	-5	2	674
-2.7	-2.5	-2.6 -5	offset	-2.6	offset	-5	2	624
-2.5	-2.3	-2.4 -5	offset	-2.4	offset	-5	2	574
-2.3	-2.1	-2.2 -5	offset	-2.2	offset	-5	2	524
-2.1	-1.9	-2 -5	offset	-2	offset	-5	2	474
-1.9	-1.7	-1.8 -5	offset	-1.8	offset	-5	2	424
-1.7	-1.5	-1.6 -5	offset	-1.6	offset	-5	2	374
-1.5	-1.3	-1.4 -5	offset	-1.4	offset	-5	2	324
-1.3	-1.1	-1.2 -5	offset	-1.2	offset	-5	2	274
-1.1	-0.9	-1 -5	offset	-1	offset	-5	2	224
-0.9	-0.7	-0.8 -5	offset	-0.8	offset	-5	2	174
-0.7	-0.5	-0.6 -5	offset	-0.6	offset	-5	2	124
-0.5	-0.299999999999999	-0.399999999999999 -5	offset	-0.399999999999999	offset	-5	2	74
-0.299999999999999	-0.0999999999999996	-0.199999999999999 -5	offset	-0.199999999999999	offset	-5	2	24
-0.0999999999999996	0.1	0 -5	offset	0	offset	-5	2	1275
0.1	0.3	0.2 -5	offset	0.2	offset	-5	2	1325
0.3	0.5	0.4 -5	offset	0.4	offset	-5	2	1375
0.5	0.700000000000001	0.6 -5	offset	0.600000000000001	offset	-5	2	1425
0.700000000000001	0.9	0.800000000000001 -5	offset	0.800000000000001	offset	-5	2	1475
0.9	1.1	1 -5	offset	1	offset	-5	2	1526
1.1	1.3	1.2 -5	offset	1.2	offset	-5	2	1576
1.3	1.5	1.4 -5	offset	1.4	offset	-5	2	1626
1.5	1.7	1.6 -5	offset	1.6	offset	-5	2	1676
1.7	1.9	1.8 -5	offset	1.8	offset	-5	2	1726
1.9	2.1	2 -5	offset	2	offset	-5	2	1776
2.1	2.3	2.2 -5	offset	2.2	offset	-5	2	1826
2.3	2.5	2.4 -5	offset	2.4	offset	-5	2	1876
2.5	2.7	2.6 -5	offset	2.6	offset	-5	2	1926
2.7	2.9	2.8 -5	offset	2.8	offset	-5	2	1976
2.9	3.1	3 -5	offset	3	offset	-5	2	2026
3.1	3.3	3.2 -5	offset	3.2	offset	-5	2	2076
3.3	3.5	3.4 -5	offset	3.4	offset	-5	2	2126
3.5	3.7	3.6 -5	offset	3.6	offset	-5	2	2176
3.7	3.9	3.8 -5	offset	3.8	offset	-5	2	2226
3.9	4.1	4 -5	offset	4	offset	-5	2	2276
4.1	4.3	4.2 -5	offset	4.2	offset	-5	2	2326
4.3	4.5	4.4 -5	offset	4.4	offset	-5	2	2376
4.5	4.7	4.6 -5	offset	4.6	offset	-5	2	2426
4.7	4.9	4.8 -5	offset	4.8	offset	-5	2	2476
4.9	5.1	5 -5	offset	5	offset	-5	2	2526
-5.1	-4.9	-5 -4.8	offset	-5	offset	-4.8	2	1224
-4.9	-4.7	1	offset	-4.8	offset	-4.8	2	1501
-4.7	-4.5	-4.6 -4.8	offset	-4.6	offset	-4.8	2	1123
-4.5	-4.3	-4.4 -4.8	offset	-4.4	offset	-4.8	2	1073
-4.3	-4.1	-4.2 -4.8	offset	-4.2	offset	-4.8	2	1023
-4.1	-3.9	-4 -4.8	offset	-4	offset	-4.8	2	973
-3.9	-3.7	-3.8 -4.8	offset	-3.8	offset	-4.8	2	923
-3.7	-3.5	-3.6 -4.8	offset	-3.6	offset	-4.8	2	873
-3.5	-3.3	-3.4 -4.8	offset	-3.4	offset	-4.8	2	823
-3.3	-3.1	-3.2 -4.8	offset	-3.2	offset	-4.8	2	773
-3.1	-2.9	-3 -4.8	offset	-3	offset	-4.8	2	723
-2.9	-2.7	-2.8 -4.8	offset	-2.8	offset	-4.8	2	673
-2.7	-2.5	-2.6 -4.8	offset	-2.6	offset	-4.8	2	623
-2.5	-2.3	-2.4 -4.8	offset	-2.4	offset	-4.8	2	573
-2.3	-2.1	-2.2 -4.8	offset	-2.2	offset	-4.8	2	523
-2.1	-1.9	-2 -4.8	offset	-2	offset	-4.8	2	473
-1.9	-1.7	-1.8 -4.8	offset	-1.8	offset	-4.8	2	423
-1.7	-1.5	-1.6 -4.8	offset	-1.6	offset	-4.8	2	373
-1.5	-1.3	-1.4 -4.8	offset	-1.4	offset	-4.8	2	323
-1.3	-1.1	-1.2 -4.8	offset	-1.2	offset	-4.8	2	273
-1.1	-0.9	-1 -4.8	offset	-1	offset	-4.8	2	223
-0.9	-0.7	-0.8 -4.8	offset	-0.8	offset	-4.8	2	173
-0.7	-0.5	-0.6 -4.8	offset	-0.6	offset	-4.8	2	123
-0.5	-0.299999999999999	-0.399999999999999 -4.8	offset	-0.399999999999999	offset	-4.8	2	73
-0.299999999999999	-0.0999999999999996	-0.199999999999999 -4.8	offset	-0.199999999999999	offset	-4.8	2	23
-0.0999999999999996	0.1	0 -4.8	offset	0	offset	-4.8	2	1274
0.1	0.3	0.2 -4.8	offset	0.2	offset	-4.8	2	1324
0.3	0.5	0.4 -4.8	offset	0.4	offset	-4.8	2	1374
0.5	0.700000000000001	0.6 -4.8	offset	0.600000000000001	offset	-4.8	2	1424
0.700000000000001	0.9	0.800000000000001 -4.8	offset	0.800000000000001	offset	-4.8	2	1474
0.9	1.1	1 -4.8	offset	1	offset	-4.8	2	1525
1.1	1.3	1.2 -4.8	offset	1.2	offset	-4.8	2	1575
1.3	1.5	1.4 -4.8	offset	1.4	offset	-4.8	2	1625
1.5	1.7	1.6 -4.8	offset	1.6	offset	-4.8	2	1675
1.7	1.9	1.8 -4.8	offset	1.8	offset	-4.8	2	1725
1.9	2.1	2 -4.8	offset	2	offset	-4.8	2	1775
2.1	2.3	2.2 -4.8	offset	2.2	offset	-4.8	2	1825
2.3	2.5	2.4 -4.8	offset	2.4	offset	-4.8	2	1875
2.5	2.7	2.6 -4.8	offset	2.6	offset	-4.8	2	1925
2.7	2.9	2.8 -4.8	offset	2.8	offset	-4.8	2	1975
2.9	3.1	3 -4.8	offset	3	offset	-4.8	2	2025
3.1	3.3	3.2 -4.8	offset	3.2	offset	-4.8	2	2075
3.3	3.5	3.4 -4.8	offset	3.4	offset	-4.8	2	2125
3.5	3.7	3.6 -4.8	offset	3.6	offset	-4.8	2	2175
3.7	3.9	3.8 -4.8	offset	3.8	offset	-4.8	2	2225
3.9	4.1	4 -4.8	offset	4	offset	-4.8	2	2275
4.1	4.3	4.2 -4.8	offset	4.2	offset	-4.8	2	2325
4.3	4.5	4.4 -4.8	offset	4.4	offset	-4.8	2	2375
4.5	4.7	4.6 -4.8	offset	4.6	offset	-4.8	2	2425
4.7	4.9	4.8 -4.8	offset	4.8	offset	-4.8	2	2475
4.9	5.1	5 -4.8	offset	5	offset	-4.8	2	2525
-5.1	-4.9	-5 -4.6	offset	-5	offset	-4.6	2	1223
-4.9	-4.7	-4.8 -4.6	offset	-4.8	offset	-4.6	2	1173
-4.7	-4.5	1	offset	-4.6	offset	-4.6	2	1501
-4.5	-4.3	-4.4 -4.6	offset	-4.4	offset	-4.6	2	1072
-4.3	-4.1	-4.2 -4.6	offset	-4.2	offset	-4.6	2	1022
-4.1	-3.9	-4 -4.6	offset	-4	offset	-4.6	2	972
-3.9	-3.7	-3.8 -4.6	offset	-3.8	offset	-4.6	2	922
-3.7	-3.5	-3.6 -4.6	offset	-3.6	offset	-4.6	2	872
-3.5	-3.3	-3.4 -4.6	offset	-3.4	offset	-4.6	2	822
-3.3	-3.1	-3.2 -4.6	offset	-3.2	offset	-4.6	2	772
-3.1	-2.9	-3 -4.6	offset	-3	offset	-4.6	2	722
-2.9	-2.7	-2.8 -4.6	offset	-2.8	offset	-4.6	2	672
-2.7	-2.5	-2.6 -4.6	offset	-2.6	offset	-4.6	2	622
-2.5	-2.3	-2.4 -4.6	offset	-2.4	offset	-4.6	2	572
-2.3	-2.1	-2.2 -4.6	offset	-2.2	offset	-4.6	2	522
-2.1	-1.9	-2 -4.6	offset	-2	offset	-4.6	2	472
-1.9	-1.7	-1.8 -4.6	offset	-1.8	offset	-4.6	2	422
-1.7	-1.5	-1.6 -4.6	offset	-1.6	offset	-4.6	2	372
-1.5	-1.3	-1.4 -4.6	offset	-1.4	offset	-4.6	2	322
-1.3	-1.1	-1.2 -4.6	offset	-1.2	offset	-4.6	2	272
-1.1	-0.9	-1 -4.6	offset	-1	offset	-4.6	2	222
-0.9	-0.7	-0.8 -4.6	offset	-0.8	offset	-4.6	2	172
-0.7	-0.5	-0.6 -4.6	offset	-0.6	offset	-4.6	2	122
-0.5	-0.299999999999999	-0.399999999999999 -4.6	offset	-0.399999999999999	offset	-4.6	2	72
-0.299999999999999	-0.0999999999999996	-0.199999999999999 -4.6	offset	-0.199999999999999	offset	-4.6	2	22
-0.0999999999999996	0.1	0 -4.6	offset	0	offset	-4.6	2	1273
0.1	0.3	0.2 -4.6	offset	0.2	offset	-4.6	2	1323
0.3	0.5	0.4 -4.6	offset	0.4	offset	-4.6	2	1373
0.5	0.700000000000001	0.6 -4.6	offset	0.600000000000001	offset	-4.6	2	1423
0.700000000000001	0.9	0.800000000000001 -4.6	offset	0.800000000000001	offset	-4.6	2	1473
0.9	1.1	1 -4.6	offset	1	offset	-4.6	2	1524
1.1	1.3	1.2 -4.6	offset	1.2	offset	-4.6	2	1574
1.3	1.5	1.4 -4.6	offset	1.4	offset	-4.6	2	1624
1.5	1.7	1.6 -4.6	offset	1.6	offset	-4.6	2	1674
1.7	1.9	1.8 -4.6	offset	1.8	offset	-4.6	2	1724
1.9	2.1	2 -4.6	offset	2	offset	-4.6	2	1774
2.1	2.3	2.2 -4.6	offset	2.2	offset	-4.6	2	1824
2.3	2.5	2.4 -4.6	offset	2.4	offset	-4.6	2	1874
2.5	2.7	2.6 -4.6	offset	2.6	offset	-4.6	2	1924
2.7	2.9	2.8 -4.6	offset	2.8	offset	-4.6	2	1974
2.9	3.1	3 -4.6	offset	3	offset	-4.6	2	2024
3.1	3.3	3.2 -4.6	offset	3.2	offset	-4.6	2	2074
3.3	3.5	3.4 -4.6	offset	3.4	offset	-4.6	2	2124
3.5	3.7	3.6 -4.6	offset	3.6	offset	-4.6	2	2174
3.7	3.9	3.8 -4.6	offset	3.8	offset	-4.6	2	2224
3.9	4.1	4 -4.6	offset	4	offset	-4.6	2	2274
4.1	4.3	4.2 -4.6	offset	4.2	offset	-4.6	2	2324
4.3	4.5	4.4 -4.6	offset	4.4	offset	-4.6	2	2374
4.5	4.7	4.6 -4.6	offset	4.6	offset	-4.6	2	2424
4.7	4.9	4.8 -4.6	offset	4.8	offset	-4.6	2	2474
4.9	5.1	5 -4.6	offset	5	offset	-4.6	2	2524
-5.1	-4.9	-5 -4.4	offset	-5	offset	-4.4	2	1222
-4.9	-4.7	-4.8 -4.4	offset	-4.8	offset	-4.4	2	1172
-4.7	-4.5	-4.6 -4.4	offset	-4.6	offset	-4.4	2	1122
-4.5	-4.3	1	offset	-4.4	offset	-4.4	2	1501
-4.3	-4.1	-4.2 -4.4	offset	-4.2	offset	-4.4	2	1021
-4.1	-3.9	-4 -4.4	offset	-4	offset	-4.4	2	971
-3.9	-3.7	-3.8 -4.4	offset	-3.8	offset	-4.4	2	921
-3.7	-3.5	-3.6 -4.4	offset	-3.6	offset	-4.4	2	871
-3.5	-3.3	-3.4 -4.4	offset	-3.4	offset	-4.4	2	821
-3.3	-3.1	-3.2 -4.4	offset	-3.2	offset	-4.4	2	771
-3.1	-2.9	-3 -4.4	offset	-3	offset	-4.4	2	721
-2.9	-2.7	-2.8 -4.4	offset	-2.8	offset	-4.4	2	671
-2.7	-2.5	-2.6 -4.4	offset	-2.6	offset	-4.4	2	621
-2.5	-2.3	-2.4 -4.4	offset	-2.4	offset	-4.4	2	571
-2.3	-2.1	-2.2 -4.4	offset	-2.2	offset	-4.4	2	521
-2.1	-1.9	-2 -4.4	offset	-2	offset	-4.4	2	471
-1.9	-1.7	-1.8 -4.4	offset	-1.8	offset	-4.4	2	421
-1.7	-1.5	-1.6 -4.4	offset	-1.6	offset	-4.4	2	371
-1.5	-1.3	-1.4 -4.4	offset	-1.4	offset	-4.4	2	321
-1.3	-1.1	-1.2 -4.4	offset	-1.2	offset	-4.4	2	271
-1.1	-0.9	-1 -4.4	offset	-1	offset	-4.4	2	221
-0.9	-0.7	-0.8 -4.4	offset	-0.8	offset	-4.4	2	171
-0.7	-0.5	-0.6 -4.4	offset	-0.6	offset	-4.4	2	121
-0.5	-0.299999999999999	-0.399999999999999 -4.4	offset	-0.399999999999999	offset	-4.4	2	71
-0.299999999999999	-0.0999999999999996	-0.199999999999999 -4.4	offset	-0.199999999999999	offset	-4.4	2	21
-0.0999999999999996	0.1	0 -4.4	offset	0	offset	-4.4	2	1272
0.1	0.3	0.2 -4.4	offset	0.2	offset	-4.4	2	1322
0.3	0.5	0.4 -4.4	offset	0.4	offset	-4.4	2	1372
0.5	0.700000000000001	0.6 -4.4	offset	0.600000000000001	offset	-4.4	2	1422
0.700000000000001	0.9	0.800000000000001 -4.4	offset	0.800000000000001	offset	-4.4	2	1472
0.9	1.1	1 -4.4	offset	1	offset	-4.4	2	1523
1.1	1.3	1.2 -4.4	offset	1.2	offset	-4.4	2	1573
1.3	1.5	1.4 -4.4	offset	1.4	offset	-4.4	2	1623
1.5	1.7	1.6 -4.4	offset	1.6	offset	-4.4	2	1673
1.7	1.9	1.8 -4.4	offset	1.8	offset	-4.4	2	1723
1.9	2.1	2 -4.4	offset	2	offset	-4.4	2	1773
2.1	2.3	2.2 -4.4	offset	2.2	offset	-4.4	2	1823
2.3	2.5	2.4 -4.4	offset	2.4	offset	-4.4	2	1873
2.5	2.7	2.6 -4.4	offset	2.6	offset	-4.4	2	1923
2.7	2.9	2.8 -4.4	offset	2.8	offset	-4.4	2	1973
2.9	3.1	3 -4.4	offset	3	offset	-4.4	2	2023
3.1	3.3	3.2 -4.4	offset	3.2	offset	-4.4	2	2073
3.3	3.5	3.4 -4.4	offset	3.4	offset	-4.4	2	2123
3.5	3.7	3.6 -4.4	offset	3.6	offset	-4.4	2	2173
3.7	3.9	3.8 -4.4	offset	3.8	offset	-4.4	2	2223
3.9	4.1	4 -4.4	offset	4	offset	-4.4	2	2273
4.1	4.3	4.2 -4.4	offset	4.2	offset	-4.4	2	2323
4.3	4.5	4.4 -4.4	offset	4.4	offset	-4.4	2	2373
4.5	4.7	4.6 -4.4	offset	4.6	offset	-4.4	2	2423
4.7	4.9	4.8 -4.4	offset	4.8	offset	-4.4	2	2473
4.9	5.1	5 -4.4	offset	5	offset	-4.4	2	2523
-5.1	-4.9	-5 -4.2	offset	-5	offset	-4.2	2	1221
-4.9	-4.7	-4.8 -4.2	offset	-4.8	offset	-4.2	2	1171
-4.7	-4.5	-4.6 -4.2	offset	-4.6	offset	-4.2	2	1121
-4.5	-4.3	-4.4 -4.2	offset	-4.4	offset	-4.2	2	1071
-4.3	-4.1	1	offset	-4.2	offset	-4.2	2	1501
-4.1	-3.9	-4 -4.2	offset	-4	offset	-4.2	2	970
-3.9	-3.7	-3.8 -4.2	offset	-3.8	offset	-4.2	2	920
-3.7	-3.5	-3.6 -4.2	offset	-3.6	offset	-4.2	2	870
-3.5	-3.3	-3.4 -4.2	offset	-3.4	offset	-4.2	2	820
-3.3	-3.1	-3.2 -4.2	offset	-3.2	offset	-4.2	2	770
-3.1	-2.9	-3 -4.2	offset	-3	offset	-4.2	2	720
-2.9	-2.7	-2.8 -4.2	offset	-2.8	offset	-4.2	2	670
-2.7	-2.5	-2.6 -4.2	offset	-2.6	offset	-4.2	2	620
-2.5	-2.3	-2.4 -4.2	offset	-2.4	offset	-4.2	2	570
-2.3	-2.1	-2.2 -4.2	offset	-2.2	offset	-4.2	2	520
-2.1	-1.9	-2 -4.2	offset	-2	offset	-4.2	2	470
-1.9	-1.7	-1.8 -4.2	offset	-1.8	offset	-4.2	2	420
-1.7	-1.5	-1.6 -4.2	offset	-1.6	offset	-4.2	2	370
-1.5	-1.3	-1.4 -4.2	offset	-1.4	offset	-4.2	2	320
-1.3	-1.1	-1.2 -4.2	offset	-1.2	offset	-4.2	2	270
-1.1	-0.9	-1 -4.2	offset	-1	offset	-4.2	2	220
-0.9	-0.7	-0.8 -4.2	offset	-0.8	offset	-4.2	2	170
-0.7	-0.5	-0.6 -4.2	offset	-0.6	offset	-4.2	2	120
-0.5	-0.299999999999999	-0.399999999999999 -4.2	offset	-0.399999999999999	offset	-4.2	2	70
-0.299999999999999	-0.0999999999999996	-0.199999999999999 -4.2	offset	-0.199999999999999	offset	-4.2	2	20
-0.0999999999999996	0.1	0 -4.2	offset	0	offset	-4.2	2	1271
0.1	0.3	0.2 -4.2	offset	0.2	offset	-4.2	2	1321
0.3	0.5	0.4 -4.2	offset	0.4	offset	-4.2	2	1371
0.5	0.700000000000001	0.6 -4.2	offset	0.600000000000001	offset	-4.2	2	1421
0.700000000000001	0.9	0.800000000000001 -4.2	offset	0.800000000000001	offset	-4.2	2	1471
0.9	1.1	1 -4.2	offset	1	offset	-4.2	2	1522
1.1	1.3	1.2 -4.2	offset	1.2	offset	-4.2	2	1572
1.3	1.5	1.4 -4.2	offset	1.4	offset	-4.2	2	1622
1.5	1.7	1.6 -4.2	offset	1.6	offset	-4.2	2	1672
1.7	1.9	1.8 -4.2	offset	1.8	offset	-4.2	2	1722
1.9	2.1	2 -4.2	offset	2	offset	-4.2	2	1772
2.1	2.3	2.2 -4.2	offset	2.2	offset	-4.2	2	1822
2.3	2.5	2.4 -4.2	offset	2.4	offset	-4.2	2	1872
2.5	2.7	2.6 -4.2	offset	2.6	offset	-4.2	2	1922
2.7	2.9	2.8 -4.2	offset	2.8	offset	-4.2	2	1972
2.9	3.1	3 -4.2	offset	3	offset	-4.2	2	2022
3.1	3.3	3.2 -4.2	offset	3.2	offset	-4.2	2	2072
3.3	3.5	3.4 -4.2	offset	3.4	offset	-4.2	2	2122
3.5	3.7	3.6 -4.2	offset	3.6	offset	-4.2	2	2172
3.7	3.9	3.8 -4.2	offset	3.8	offset	-4.2	2	2222
3.9	4.1	4 -4.2	offset	4	offset	-4.2	2	2272
4.1	4.3	4.2 -4.2	offset	4.2	offset	-4.2	2	2322
4.3	4.5	4.4 -4.2	offset	4.4	offset	-4.2	2	2372
4.5	4.7	4.6 -4.2	offset	4.6	offset	-4.2	2	2422
4.7	4.9	4.8 -4.2	offset	4.8	offset	-4.2	2	2472
4.9	5.1	5 -4.2	offset	5	offset	-4.2	2	2522
-5.1	-4.9	-5 -4	offset	-5	offset	-4	2	1220
-4.9	-4.7	-4.8 -4	offset	-4.8	offset	-4	2	1170
-4.7	-4.5	-4.6 -4	offset	-4.6	offset	-4	2	1120
-4.5	-4.3	-4.4 -4	offset	-4.4	offset	-4	2	1070
-4.3	-4.1	-4.2 -4	offset	-4.2	offset	-4	2	1020
-4.1	-3.9	1	offset	-4	offset	-4	2	1501
-3.9	-3.7	-3.8 -4	offset	-3.8	offset	-4	2	919
-3.7	-3.5	-3.6 -4	offset	-3.6	offset	-4	2	869
-3.5	-3.3	-3.4 -4	offset	-3.4	offset	-4	2	819
-3.3	-3.1	-3.2 -4	offset	-3.2	offset	-4	2	769
-3.1	-2.9	-3 -4	offset	-3	offset	-4	2	719
-2.9	-2.7	-2.8 -4	offset	-2.8	offset	-4	2	669
-2.7	-2.5	-2.6 -4	offset	-2.6	offset	-4	2	619
-2.5	-2.3	-2.4 -4	offset	-2.4	offset	-4	2	569
-2.3	-2.1	-2.2 -4	offset	-2.2	offset	-4	2	519
-2.1	-1.9	-2 -4	offset	-2	offset	-4	2	469
-1.9	-1.7	-1.8 -4	offset	-1.8	offset	-4	2	419
-1.7	-1.5	-1.6 -4	offset	-1.6	offset	-4	2	369
-1.5	-1.3	-1.4 -4	offset	-1.4	offset	-4	2	319
-1.3	-1.1	-1.2 -4	offset	-1.2	offset	-4	2	269
-1.1	-0.9	-1 -4	offset	-1	offset	-4	2	219
-0.9	-0.7	-0.8 -4	offset	-0.8	offset	-4	2	169
-0.7	-0.5	-0.6 -4	offset	-0.6	offset	-4	2	119
-0.5	-0.299999999999999	-0.399999999999999 -4	offset	-0.399999999999999	offset	-4	2	69
-0.299999999999999	-0.0999999999999996	-0.199999999999999 -4	offset	-0.199999999999999	offset	-4	2	19
-0.0999999999999996	0.1	0 -4	offset	0	offset	-4	2	1270
0.1	0.3	0.2 -4	offset	0.2	offset	-4	2	1320
0.3	0.5	0.4 -4	offset	0.4	offset	-4	2	1370
0.5	0.700000000000001	0.6 -4	offset	0.600000000000001	offset	-4	2	1420
0.700000000000001	0.9	0.800000000000001 -4	offset	0.800000000000001	offset	-4	2	1470
0.9	1.1	1 -4	offset	1	offset	-4	2	1521
1.1	1.3	1.2 -4	offset	1.2	offset	-4	2	1571
1.3	1.5	1.4 -4	offset	1.4	offset	-4	2	1621
1.5	1.7	1.6 -4	offset	1.6	offset	-4	2	1671
1.7	1.9	1.8 -4	offset	1.8	offset	-4	2	1721
1.9	2.1	2 -4	offset	2	offset	-4	2	1771
2.1	2.3	2.2 -4	offset	2.2	offset	-4	2	1821
2.3	2.5	2.4 -4	offset	2.4	offset	-4	2	1871
2.5	2.7	2.6 -4	offset	2.6	offset	-4	2	1921
2.7	2.9	2.8 -4	offset	2.8	offset	-4	2	1971
2.9	3.1	3 -4	offset	3	offset	-4	2	2021
3.1	3.3	3.2 -4	offset	3.2	offset	-4	2	2071
3.3	3.5	3.4 -4	offset	3.4	offset	-4	2	2121
3.5	3.7	3.6 -4	offset	3.6	offset	-4	2	2171
3.7	3.9	3.8 -4	offset	3.8	offset	-4	2	2221
3.9	4.1	4 -4	offset	4	offset	-4	2	2271
4.1	4.3	4.2 -4	offset	4.2	offset	-4	2	2321
4.3	4.5	4.4 -4	offset	4.4	offset	-4	2	2371
4.5	4.7	4.6 -4	offset	4.6	offset	-4	2	2421
4.7	4.9	4.8 -4	offset	4.8	offset	-4	2	2471
4.9	5.1	5 -4	offset	5	offset	-4	2	2521
-5.1	-4.9	-5 -3.8	offset	-5	offset	-3.8	2	1219
-4.9	-4.7	-4.8 -3.8	offset	-4.8	offset	-3.8	2	1169
-4.7	-4.5	-4.6 -3.8	offset	-4.6	offset	-3.8	2	1119
-4.5	-4.3	-4.4 -3.8	offset	-4.4	offset	-3.8	2	1069
-4.3	-4.1	-4.2 -3.8	offset	-4.2	offset	-3.8	2	1019
-4.1	-3.9	-4 -3.8	offset	-4	offset	-3.8	2	969
-3.9	-3.7	1	offset	-3.8	offset	-3.8	2	1501
-3.7	-3.5	-3.6 -3.8	offset	-3.6	offset	-3.8	2	868
-3.5	-3.3	-3.4 -3.8	offset	-3.4	offset	-3.8	2	818
-3.3	-3.1	-3.2 -3.8	offset	-3.2	offset	-3.8	2	768
-3.1	-2.9	-3 -3.8	offset	-3	offset	-3.8	2	718
-2.9	-2.7	-2.8 -3.8	offset	-2.8	offset	-3.8	2	668
-2.7	-2.5	-2.6 -3.8	offset	-2.6	offset	-3.8	2	618
-2.5	-2.3	-2.4 -3.8	offset	-2.4	offset	-3.8	2	568
-2.3	-2.1	-2.2 -3.8	offset	-2.2	offset	-3.8	2	518
-2.1	-1.9	-2 -3.8	offset	-2	offset	-3.8	2	468
-1.9	-1.7	-1.8 -3.8	offset	-1.8	offset	-3.8	2	418
-1.7	-1.5	-1.6 -3.8	offset	-1.6	offset	-3.8	2	368
-1.5	-1.3	-1.4 -3.8	offset	-1.4	offset	-3.8	2	318
-1.3	-1.1	-1.2 -3.8	offset	-1.2	offset	-3.8	2	268
-1.1	-0.9	-1 -3.8	offset	-1	offset	-3.8	2	218
-0.9	-0.7	-0.8 -3.8	offset	-0.8	offset	-3.8	2	168
-0.7	-0.5	-0.6 -3.8	offset	-0.6	offset	-3.8	2	118
-0.5	-0.299999999999999	-0.399999999999999 -3.8	offset	-0.399999999999999	offset	-3.8	2	68
-0.299999999999999	-0.0999999999999996	-0.199999999999999 -3.8	offset	-0.199999999999999	offset	-3.8	2	18
-0.0999999999999996	0.1	0 -3.8	offset	0	offset	-3.8	2	1269
0.1	0.3	0.2 -3.8	offset	0.2	offset	-3.8	2	1319
0.3	0.5	0.4 -3.8	offset	0.4	offset	-3.8	2	1369
0.5	0.700000000000001	0.6 -3.8	offset	0.600000000000001	offset	-3.8	2	1419
0.700000000000001	0.9	0.800000000000001 -3.8	offset	0.800000000000001	offset	-3.8	2	1469
0.9	1.1	1 -3.8	offset	1	offset	-3.8	2	1520
1.1	1.3	1.2 -3.8	offset	1.2	offset	-3.8	2	1570
1.3	1.5	1.4 -3.8	offset	1.4	offset	-3.8	2	1620
1.5	1.7	1.6 -3.8	offset	1.6	offset	-3.8	2	1670
1.7	1.9	1.8 -3.8	offset	1.8	offset	-3.8	2	1720
1.9	2.1	2 -3.8	offset	2	offset	-3.8	2	1770
2.1	2.3	2.2 -3.8	offset	2.2	offset	-3.8	2	1820
2.3	2.5	2.4 -3.8	offset	2.4	offset	-3.8	2	1870
2.5	2.7	2.6 -3.8	offset	2.6	offset	-3.8	2	1920
2.7	2.9	2.8 -3.8	offset	2.8	offset	-3.8	2	1970
2.9	3.1	3 -3.8	offset	3	offset	-3.8	2	2020
3.1	3.3	3.2 -3.8	offset	3.2	offset	-3.8	2	2070
3.3	3.5	3.4 -3.8	offset	3.4	offset	-3.8	2	2120
3.5	3.7	3.6 -3.8	offset	3.6	offset	-3.8	2	2170
3.7	3.9	3.8 -3.8	offset	3.8	offset	-3.8	2	2220
3.9	4.1	4 -3.8	offset	4	offset	-3.8	2	2270
4.1	4.3	4.2 -3.8	offset	4.2	offset	-3.8	2	2320
4.3	4.5	4.4 -3.8	offset	4.4	offset	-3.8	2	2370
4.5	4.7	4.6 -3.8	offset	4.6	offset	-3.8	2	2420
4.7	4.9	4.8 -3.8	offset	4.8	offset	-3.8	2	2470
4.9	5.1	5 -3.8	offset	5	offset	-3.8	2	2520
-5.1	-4.9	-5 -3.6	offset	-5	offset	-3.6	2	1218
-4.9	-4.7	-4.8 -3.6	offset	-4.8	offset	-3.6	2	1168
-4.7	-4.5	-4.6 -3.6	offset	-4.6	offset	-3.6	2	1118
-4.5	-4.3	-4.4 -3.6	offset	-4.4	offset	-3.6	2	1068
-4.3	-4.1	-4.2 -3.6	offset	-4.2	offset	-3.6	2	1018
-4.1	-3.9	-4 -3.6	offset	-4	offset	-3.6	2	968
-3.9	-3.7	-3.8 -3.6	offset	-3.8	offset	-3.6	2	918
-3.7	-3.5	1	offset	-3.6	offset	-3.6	2	1501
-3.5	-3.3	-3.4 -3.6	offset	-3.4	offset	-3.6	2	817
-3.3	-3.1	-3.2 -3.6	offset	-3.2	offset	-3.6	2	767
-3.1	-2.9	-3 -3.6	offset	-3	offset	-3.6	2	717
-2.9	-2.7	-2.8 -3.6	offset	-2.8	offset	-3.6	2	667
-2.7	-2.5	-2.6 -3.6	offset	-2.6	offset	-3.6	2	617
-2.5	-2.3	-2.4 -3.6	offset	-2.4	offset	-3.6	2	567
-2.3	-2.1	-2.2 -3.6	offset	-2.2	offset	-3.6	2	517
-2.1	-1.9	-2 -3.6	offset	-2	offset	-3.6	2	467
-1.9	-1.7	-1.8 -3.6	offset	-1.8	offset	-3.6	2	417
-1.7	-1.5	-1.6 -3.6	offset	-1.6	offset	-3.6	2	367
-1.5	-1.3	-1.4 -3.6	offset	-1.4	offset	-3.6	2	317
-1.3	-1.1	-1.2 -3.6	offset	-1.2	offset	-3.6	2	267
-1.1	-0.9	-1 -3.6	offset	-1	offset	-3.6	2	217
-0.9	-0.7	-0.8 -3.6	offset	-0.8	offset	-3.6	2	167
-0.7	-0.5	-0.6 -3.6	offset	-0.6	offset	-3.6	2	117
-0.5	-0.299999999999999	-0.399999999999999 -3.6	offset	-0.399999999999999	offset	-3.6	2	67
-0.299999999999999	-0.0999999999999996	-0.199999999999999 -3.6	offset	-0.199999999999999	offset	-3.6	2	17
-0.0999999999999996	0.1	0 -3.6	offset	0	offset	-3.6	2	1268
0.1	0.3	0.2 -3.6	offset	0.2	offset	-3.6	2	1318
0.3	0.5	0.4 -3.6	offset	0.4	offset	-3.6	2	1368
0.5	0.700000000000001	0.6 -3.6	offset	0.600000000000001	offset	-3.6	2	1418
0.700000000000001	0.9	0.800000000000001 -3.6	offset	0.800000000000001	offset	-3.6	2	1468
0.9	1.1	1 -3.6	offset	1	offset	-3.6	2	1519
1.1	1.3	1.2 -3.6	offset	1.2	offset	-3.6	2	1569
1.3	1.5	1.4 -3.6	offset	1.4	offset	-3.6	2	1619
1.5	1.7	1.6 -3.6	offset	1.6	offset	-3.6	2	1669
1.7	1.9	1.8 -3.6	offset	1.8	offset	-3.6	2	1719
1.9	2.1	2 -3.6	offset	2	offset	-3.6	2	1769
2.1	2.3	2.2 -3.6	offset	2.2	offset	-3.6	2	1819
2.3	2.5	2.4 -3.6	offset	2.4	offset	-3.6	2	1869
2.5	2.7	2.6 -3.6	offset	2.6	offset	-3.6	2	1919
2.7	2.9	2.8 -3.6	offset	2.8	offset	-3.6	2	1969
2.9	3.1	3 -3.6	offset	3	offset	-3.6	2	2019
3.1	3.3	3.2 -3.6	offset	3.2	offset	-3.6	2	2069
3.3	3.5	3.4 -3.6	offset	3.4	offset	-3.6	2	2119
3.5	3.7	3.6 -3.6	offset	3.6	offset	-3.6	2	2169
3.7	3.9	3.8 -3.6	offset	3.8	offset	-3.6	2	2219
3.9	4.1	4 -3.6	offset	4	offset	-3.6	2	2269
4.1	4.3	4.2 -3.6	offset	4.2	offset	-3.6	2	2319
4.3	4.5	4.4 -3.6	offset	4.4	offset	-3.6	2	2369
4.5	4.7	4.6 -3.6	offset	4.6	offset	-3.6	2	2419
4.7	4.9	4.8 -3.6	offset	4.8	offset	-3.6	2	2469
4.9	5.1	5 -3.6	offset	5	offset	-3.6	2	2519
-5.1	-4.9	-5 -3.4	offset	-5	offset	-3.4	2	1217
-4.9	-4.7	-4.8 -3.4	offset	-4.8	offset	-3.4	2	1167
-4.7	-4.5	-4.6 -3.4	offset	-4.6	offset	-3.4	2	1117
-4.5	-4.3	-4.4 -3.4	offset	-4.4	offset	-3.4	2	1067
-4.3	-4.1	-4.2 -3.4	offset	-4.2	offset	-3.4	2	1017
-4.1	-3.9	-4 -3.4	offset	-4	offset	-3.4	2	967
-3.9	-3.7	-3.8 -3.4	offset	-3.8	offset	-3.4	2	917
-3.7	-3.5	-3.6 -3.4	offset	-3.6	offset	-3.4	2	867
-3.5	-3.3	1	offset	-3.4	offset	-3.4	2	1501
-3.3	-3.1	-3.2 -3.4	offset	-3.2	offset	-3.4	2	766
-3.1	-2.9	-3 -3.4	offset	-3	offset	-3.4	2	716
-2.9	-2.7	-2.8 -3.4	offset	-2.8	offset	-3.4	2	666
-2.7	-2.5	-2.6 -3.4	offset	-2.6	offset	-3.4	2	616
-2.5	-2.3	-2.4 -3.4	offset	-2.4	offset	-3.4	2	566
-2.3	-2.1	-2.2 -3.4	offset	-2.2	offset	-3.4	2	516
-2.1	-1.9	-2 -3.4	offset	-2	offset	-3.4	2	466
-1.9	-1.7	-1.8 -3.4	offset	-1.8	offset	-3.4	2	416
-1.7	-1.5	-1.6 -3.4	offset	-1.6	offset	-3.4	2	366
-1.5	-1.3	-1.4 -3.4	offset	-1.4	offset	-3.4	2	316
-1.3	-1.1	-1.2 -3.4	offset	-1.2	offset	-3.4	2	266
-1.1	-0.9	-1 -3.4	offset	-1	offset	-3.4	2	216
-0.9	-0.7	-0.8 -3.4	offset	-0.8	offset	-3.4	2	166
-0.7	-0.5	-0.6 -3.4	offset	-0.6	offset	-3.4	2	116
-0.5	-0.299999999999999	-0.399999999999999 -3.4	offset	-0.399999999999999	offset	-3.4	2	66
-0.299999999999999	-0.0999999999999996	-0.199999999999999 -3.4	offset	-0.199999999999999	offset	-3.4	2	16
-0.0999999999999996	0.1	0 -3.4	offset	0	offset	-3.4	2	1267
0.1	0.3	0.2 -3.4	offset	0.2	offset	-3.4	2	1317
0.3	0.5	0.4 -3.4	offset	0.4	offset	-3.4	2	1367
0.5	0.700000000000001	0.6 -3.4	offset	0.600000000000001	offset	-3.4	2	1417
0.700000000000001	0.9	0.800000000000001 -3.4	offset	0.800000000000001	offset	-3.4	2	1467
0.9	1.1	1 -3.4	offset	1	offset	-3.4	2	1518
1.1	1.3	1.2 -3.4	offset	1.2	offset	-3.4	2	1568
1.3	1.5	1.4 -3.4	offset	1.4	offset	-3.4	2	1618
1.5	1.7	1.6 -3.4	offset	1.6	offset	-3.4	2	1668
1.7	1.9	1.8 -3.4	offset	1.8	offset	-3.4	2	1718
1.9	2.1	2 -3.4	offset	2	offset	-3.4	2	1768
2.1	2.3	2.2 -3.4	offset	2.2	offset	-3.4	2	1818
2.3	2.5	2.4 -3.4	offset	2.4	offset	-3.4	2	1868
2.5	2.7	2.6 -3.4	offset	2.6	offset	-3.4	2	1918
2.7	2.9	2.8 -3.4	offset	2.8	offset	-3.4	2	1968
2.9	3.1	3 -3.4	offset	3	offset	-3.4	2	2018
3.1	3.3	3.2 -3.4	offset	3.2	offset	-3.4	2	2068
3.3	3.5	3.4 -3.4	offset	3.4	offset	-3.4	2	2118
3.5	3.7	3.6 -3.4	offset	3.6	offset	-3.4	2	2168
3.7	3.9	3.8 -3.4	offset	3.8	offset	-3.4	2	2218
3.9	4.1	4 -3.4	offset	4	offset	-3.4	2	2268
4.1	4.3	4.2 -3.4	offset	4.2	offset	-3.4	2	2318
4.3	4.5	4.4 -3.4	offset	4.4	offset	-3.4	2	2368
4.5	4.7	4.6 -3.4	offset	4.6	offset	-3.4	2	2418
4.7	4.9	4.8 -3.4	offset	4.8	offset	-3.4	2	2468
4.9	5.1	5 -3.4	offset	5	offset	-3.4	2	2518
-5.1	-4.9	-5 -3.2	offset	-5	offset	-3.2	2	1216
-4.9	-4.7	-4.8 -3.2	offset	-4.8	offset	-3.2	2	1166
-4.7	-4.5	-4.6 -3.2	offset	-4.6	offset	-3.2	2	1116
-4.5	-4.3	-4.4 -3.2	offset	-4.4	offset	-3.2	2	1066
-4.3	-4.1	-4.2 -3.2	offset	-4.2	offset	-3.2	2	1016
-4.1	-3.9	-4 -3.2	offset	-4	offset	-3.2	2	966
-3.9	-3.7	-3.8 -3.2	offset	-3.8	offset	-3.2	2	916
-3.7	-3.5	-3.6 -3.2	offset	-3.6	offset	-3.2	2	866
-3.5	-3.3	-3.4 -3.2	offset	-3.4	offset	-3.2	2	816
-3.3	-3.1	1	offset	-3.2	offset	-3.2	2	1501
-3.1	-2.9	-3 -3.2	offset	-3	offset	-3.2	2	715
-2.9	-2.7	-2.8 -3.2	offset	-2.8	offset	-3.2	2	665
-2.7	-2.5	-2.6 -3.2	offset	-2.6	offset	-3.2	2	615
-2.5	-2.3	-2.4 -3.2	offset	-2.4	offset	-3.2	2	565
-2.3	-2.1	-2.2 -3.2	offset	-2.2	offset	-3.2	2	515
-2.1	-1.9	-2 -3.2	offset	-2	offset	-3.2	2	465
-1.9	-1.7	-1.8 -3.2	offset	-1.8	offset	-3.2	2	415
-1.7	-1.5	-1.6 -3.2	offset	-1.6	offset	-3.2	2	365
-1.5	-1.3	-1.4 -3.2	offset	-1.4	offset	-3.2	2	315
-1.3	-1.1	-1.2 -3.2	offset	-1.2	offset	-3.2	2	265
-1.1	-0.9	-1 -3.2	offset	-1	offset	-3.2	2	215
-0.9	-0.7	-0.8 -3.2	offset	-0.8	offset	-3.2	2	165
-0.7	-0.5	-0.6 -3.2	offset	-0.6	offset	-3.2	2	115
-0.5	-0.299999999999999	-0.399999999999999 -3.2	offset	-0.399999999999999	offset	-3.2	2	65
-0.299999999999999	-0.0999999999999996	-0.199999999999999 -3.2	offset	-0.199999999999999	offset	-3.2	2	15
-0.0999999999999996	0.1	0 -3.2	offset	0	offset	-3.2	2	1266
0.1	0.3	0.2 -3.2	offset	0.2	offset	-3.2	2	1316
0.3	0.5	0.4 -3.2	offset	0.4	offset	-3.2	2	1366
0.5	0.700000000000001	0.6 -3.2	offset	0.600000000000001	offset	-3.2	2	1416
0.700000000000001	0.9	0.800000000000001 -3.2	offset	0.800000000000001	offset	-3.2	2	1466
0.9	1.1	1 -3.2	offset	1	offset	-3.2	2	1517
1.1	1.3	1.2 -3.2	offset	1.2	offset	-3.2	2	1567
1.3	1.5	1.4 -3.2	offset	1.4	offset	-3.2	2	1617
1.5	1.7	1.6 -3.2	offset	1.6	offset	-3.2	2	1667
1.7	1.9	1.8 -3.2	offset	1.8	offset	-3.2	2	1717
1.9	2.1	2 -3.2	offset	2	offset	-3.2	2	1767
2.1	2.3	2.2 -3.2	offset	2.2	offset	-3.2	2	1817
2.3	2.5	2.4 -3.2	offset	2.4	offset	-3.2	2	1867
2.5	2.7	2.6 -3.2	offset	2.6	offset	-3.2	2	1917
2.7	2.9	2.8 -3.2	offset	2.8	offset	-3.2	2	1967
2.9	3.1	3 -3.2	offset	3	offset	-3.2	2	2017
3.1	3.3	3.2 -3.2	offset	3.2	offset	-3.2	2	2067
3.3	3.5	3.4 -3.2	offset	3.4	offset	-3.2	2	2117
3.5	3.7	3.6 -3.2	offset	3.6	offset	-3.2	2	2167
3.7	3.9	3.8 -3.2	offset	3.8	offset	-3.2	2	2217
3.9	4.1	4 -3.2	offset	4	offset	-3.2	2	2267
4.1	4.3	4.2 -3.2	offset	4.2	offset	-3.2	2	2317
4.3	4.5	4.4 -3.2	offset	4.4	offset	-3.2	2	2367
4.5	4.7	4.6 -3.2	offset	4.6	offset	-3.2	2	2417
4.7	4.9	4.8 -3.2	offset	4.8	offset	-3.2	2	2467
4.9	5.1	5 -3.2	offset	5	offset	-3.2	2	2517
-5.1	-4.9	-5 -3	offset	-5	offset	-3	2	1215
-4.9	-4.7	-4.8 -3	offset	-4.8	offset	-3	2	1165
-4.7	-4.5	-4.6 -3	offset	-4.6	offset	-3	2	1115
-4.5	-4.3	-4.4 -3	offset	-4.4	offset	-3	2	1065
-4.3	-4.1	-4.2 -3	offset	-4.2	offset	-3	2	1015
-4.1	-3.9	-4 -3	offset	-4	offset	-3	2	965
-3.9	-3.7	-3.8 -3	offset	-3.8	offset	-3	2	915
-3.7	-3.5	-3.6 -3	offset	-3.6	offset	-3	2	865
-3.5	-3.3	-3.4 -3	offset	-3.4	offset	-3	2	815
-3.3	-3.1	-3.2 -3	offset	-3.2	offset	-3	2	765
-3.1	-2.9	1	offset	-3	offset	-3	2	1501
-2.9	-2.7	-2.8 -3	offset	-2.8	offset	-3	2	664
-2.7	-2.5	-2.6 -3	offset	-2.6	offset	-3	2	614
-2.5	-2.3	-2.4 -3	offset	-2.4	offset	-3	2	564
-2.3	-2.1	-2.2 -3	offset	-2.2	offset	-3	2	514
-2.1	-1.9	-2 -3	offset	-2	offset	-3	2	464
-1.9	-1.7	-1.8 -3	offset	-1.8	offset	-3	2	414
-1.7	-1.5	-1.6 -3	offset	-1.6	offset	-3	2	364
-1.5	-1.3	-1.4 -3	offset	-1.4	offset	-3	2	314
-1.3	-1.1	-1.2 -3	offset	-1.2	offset	-3	2	264
-1.1	-0.9	-1 -3	offset	-1	offset	-3	2	214
-0.9	-0.7	-0.8 -3	offset	-0.8	offset	-3	2	164
-0.7	-0.5	-0.6 -3	offset	-0.6	offset	-3	2	114
-0.5	-0.299999999999999	-0.399999999999999 -3	offset	-0.399999999999999	offset	-3	2	64
-0.299999999999999	-0.0999999999999996	-0.199999999999999 -3	offset	-0.199999999999999	offset	-3	2	14
-0.0999999999999996	0.1	0 -3	offset	0	offset	-3	2	1265
0.1	0.3	0.2 -3	offset	0.2	offset	-3	2	1315
0.3	0.5	0.4 -3	offset	0.4	offset	-3	2	1365
0.5	0.700000000000001	0.6 -3	offset	0.600000000000001	offset	-3	2	1415
0.700000000000001	0.9	0.800000000000001 -3	offset	0.800000000000001	offset	-3	2	1465
0.9	1.1	1 -3	offset	1	offset	-3	2	1516
1.1	1.3	1.2 -3	offset	1.2	offset	-3	2	1566
1.3	1.5	1.4 -3	offset	1.4	offset	-3	2	1616
1.5	1.7	1.6 -3	offset	1.6	offset	-3	2	1666
1.7	1.9	1.8 -3	offset	1.8	offset	-3	2	1716
1.9	2.1	2 -3	offset	2	offset	-3	2	1766
2.1	2.3	2.2 -3	offset	2.2	offset	-3	2	1816
2.3	2.5	2.4 -3	offset	2.4	offset	-3	2	1866
2.5	2.7	2.6 -3	offset	2.6	offset	-3	2	1916
2.7	2.9	2.8 -3	offset	2.8	offset	-3	2	1966
2.9	3.1	3 -3	offset	3	offset	-3	2	2016
3.1	3.3	3.2 -3	offset	3.2	offset	-3	2	2066
3.3	3.5	3.4 -3	offset	3.4	offset	-3	2	2116
3.5	3.7	3.6 -3	offset	3.6	offset	-3	2	2166
3.7	3.9	3.8 -3	offset	3.8	offset	-3	2	2216
3.9	4.1	4 -3	offset	4	offset	-3	2	2266
4.1	4.3	4.2 -3	offset	4.2	offset	-3	2	2316
4.3	4.5	4.4 -3	offset	4.4	offset	-3	2	2366
4.5	4.7	4.6 -3	offset	4.6	offset	-3	2	2416
4.7	4.9	4.8 -3	offset	4.8	offset	-3	2	2466
4.9	5.1	5 -3	offset	5	offset	-3	2	2516
-5.1	-4.9	-5 -2.8	offset	-5	offset	-2.8	2	1214
-4.9	-4.7	-4.8 -2.8	offset	-4.8	offset	-2.8	2	1164
-4.7	-4.5	-4.6 -2.8	offset	-4.6	offset	-2.8	2	1114
-4.5	-4.3	-4.4 -2.8	offset	-4.4	offset	-2.8	2	1064
-4.3	-4.1	-4.2 -2.8	offset	-4.2	offset	-2.8	2	1014
-4.1	-3.9	-4 -2.8	offset	-4	offset	-2.8	2	964
-3.9	-3.7	-3.8 -2.8	offset	-3.8	offset	-2.8	2	914
-3.7	-3.5	-3.6 -2.8	offset	-3.6	offset	-2.8	2	864
-3.5	-3.3	-3.4 -2.8	offset	-3.4	offset	-2.8	2	814
-3.3	-3.1	-3.2 -2.8	offset	-3.2	offset	-2.8	2	764
-3.1	-2.9	-3 -2.8	offset	-3	offset	-2.8	2	714
-2.9	-2.7	1	offset	-2.8	offset	-2.8	2	1501
-2.7	-2.5	-2.6 -2.8	offset	-2.6	offset	-2.8	2	613
-2.5	-2.3	-2.4 -2.8	offset	-2.4	offset	-2.8	2	563
-2.3	-2.1	-2.2 -2.8	offset	-2.2	offset	-2.8	2	513
-2.1	-1.9	-2 -2.8	offset	-2	offset	-2.8	2	463
-1.9	-1.7	-1.8 -2.8	offset	-1.8	offset	-2.8	2	413
-1.7	-1.5	-1.6 -2.8	offset	-1.6	offset	-2.8	2	363
-1.5	-1.3	-1.4 -2.8	offset	-1.4	offset	-2.8	2	313
-1.3	-1.1	-1.2 -2.8	offset	-1.2	offset	-2.8	2	263
-1.1	-0.9	-1 -2.8	offset	-1	offset	-2.8	2	213
-0.9	-0.7	-0.8 -2.8	offset	-0.8	offset	-2.8	2	163
-0.7	-0.5	-0.6 -2.8	offset	-0.6	offset	-2.8	2	113
-0.5	-0.299999999999999	-0.399999999999999 -2.8	offset	-0.399999999999999	offset	-2.8	2	63
-0.299999999999999	-0.0999999999999996	-0.199999999999999 -2.8	offset	-0.199999999999999	offset	-2.8	2	13
-0.0999999999999996	0.1	0 -2.8	offset	0	offset	-2.8	2	1264
0.1	0.3	0.2 -2.8	offset	0.2	offset	-2.8	2	1314
0.3	0.5	0.4 -2.8	offset	0.4	offset	-2.8	2	1364
0.5	0.700000000000001	0.6 -2.8	offset	0.600000000000001	offset	-2.8	2	1414
0.700000000000001	0.9	0.800000000000001 -2.8	offset	0.800000000000001	offset	-2.8	2	1464
0.9	1.1	1 -2.8	offset	1	offset	-2.8	2	1515
1.1	1.3	1.2 -2.8	offset	1.2	offset	-2.8	2	1565
1.3	1.5	1.4 -2.8	offset	1.4	offset	-2.8	2	1615
1.5	1.7	1.6 -2.8	offset	1.6	offset	-2.8	2	1665
1.7	1.9	1.8 -2.8	offset	1.8	offset	-2.8	2	1715
1.9	2.1	2 -2.8	offset	2	offset	-2.8	2	1765
2.1	2.3	2.2 -2.8	offset	2.2	offset	-2.8	2	1815
2.3	2.5	2.4 -2.8	offset	2.4	offset	-2.8	2	1865
2.5	2.7	2.6 -2.8	offset	2.6	offset	-2.8	2	1915
2.7	2.9	2.8 -2.8	offset	2.8	offset	-2.8	2	1965
2.9	3.1	3 -2.8	offset	3	offset	-2.8	2	2015
3.1	3.3	3.2 -2.8	offset	3.2	offset	-2.8	2	2065
3.3	3.5	3.4 -2.8	offset	3.4	offset	-2.8	2	2115
3.5	3.7	3.6 -2.8	offset	3.6	offset	-2.8	2	2165
3.7	3.9	3.8 -2.8	offset	3.8	offset	-2.8	2	2215
3.9	4.1	4 -2.8	offset	4	offset	-2.8	2	2265
4.1	4.3	4.2 -2.8	offset	4.2	offset	-2.8	2	2315
4.3	4.5	4.4 -2.8	offset	4.4	offset	-2.8	2	2365
4.5	4.7	4.6 -2.8	offset	4.6	offset	-2.8	2	2415
4.7	4.9	4.8 -2.8	offset	4.8	offset	-2.8	2	2465
4.9	5.1	5 -2.8	offset	5	offset	-2.8	2	2515
-5.1	-4.9	-5 -2.6	offset	-5	offset	-2.6	2	1213
-4.9	-4.7	-4.8 -2.6	offset	-4.8	offset	-2.6	2	1163
-4.7	-4.5	-4.6 -2.6	offset	-4.6	offset	-2.6	2	1113
-4.5	-4.3	-4.4 -2.6	offset	-4.4	offset	-2.6	2	1063
-4.3	-4.1	-4.2 -2.6	offset	-4.2	offset	-2.6	2	1013
-4.1	-3.9	-4 -2.6	offset	-4	offset	-2.6	2	963
-3.9	-3.7	-3.8 -2.6	offset	-3.8	offset	-2.6	2	913
-3.7	-3.5	-3.6 -2.6	offset	-3.6	offset	-2.6	2	863
-3.5	-3.3	-3.4 -2.6	offset	-3.4	offset	-2.6	2	813
-3.3	-3.1	-3.2 -2.6	offset	-3.2	offset	-2.6	2	763
-3.1	-2.9	-3 -2.6	offset	-3	offset	-2.6	2	713
-2.9	-2.7	-2.8 -2.6	offset	-2.8	offset	-2.6	2	663
-2.7	-2.5	1	offset	-2.6	offset	-2.6	2	1501
-2.5	-2.3	-2.4 -2.6	offset	-2.4	offset	-2.6	2	562
-2.3	-2.1	-2.2 -2.6	offset	-2.2	offset	-2.6	2	512
-2.1	-1.9	-2 -2.6	offset	-2	offset	-2.6	2	462
-1.9	-1.7	-1.8 -2.6	offset	-1.8	offset	-2.6	2	412
-1.7	-1.5	-1.6 -2.6	offset	-1.6	offset	-2.6	2	362
-1.5	-1.3	-1.4 -2.6	offset	-1.4	offset	-2.6	2	312
-1.3	-1.1	-1.2 -2.6	offset	-1.2	offset	-2.6	2	262
-1.1	-0.9	-1 -2.6	offset	-1	offset	-2.6	2	212
-0.9	-0.7	-0.8 -2.6	offset	-0.8	offset	-2.6	2	162
-0.7	-0.5	-0.6 -2.6	offset	-0.6	offset	-2.6	2	112
-0.5	-0.299999999999999	-0.399999999999999 -2.6	offset	-0.399999999999999	offset	-2.6	2	62
-0.299999999999999	-0.0999999999999996	-0.199999999999999 -2.6	offset	-0.199999999999999	offset	-2.6	2	12
-0.0999999999999996	0.1	0 -2.6	offset	0	offset	-2.6	2	1263
0.1	0.3	0.2 -2.6	offset	0.2	offset	-2.6	2	1313
0.3	0.5	0.4 -2.6	offset	0.4	offset	-2.6	2	1363
0.5	0.700000000000001	0.6 -2.6	offset	0.600000000000001	offset	-2.6	2	1413
0.700000000000001	0.9	0.800000000000001 -2.6	offset	0.800000000000001	offset	-2.6	2	1463
0.9	1.1	1 -2.6	offset	1	offset	-2.6	2	1514
1.1	1.3	1.2 -2.6	offset	1.2	offset	-2.6	2	1564
1.3	1.5	1.4 -2.6	offset	1.4	offset	-2.6	2	1614
1.5	1.7	1.6 -2.6	offset	1.6	offset	-2.6	2	1664
1.7	1.9	1.8 -2.6	offset	1.8	offset	-2.6	2	1714
1.9	2.1	2 -2.6	offset	2	offset	-2.6	2	1764
2.1	2.3	2.2 -2.6	offset	2.2	offset	-2.6	2	1814
2.3	2.5	2.4 -2.6	offset	2.4	offset	-2.6	2	1864
2.5	2.7	2.6 -2.6	offset	2.6	offset	-2.6	2	1914
2.7	2.9	2.8 -2.6	offset	2.8	offset	-2.6	2	1964
2.9	3.1	3 -2.6	offset	3	offset	-2.6	2	2014
3.1	3.3	3.2 -2.6	offset	3.2	offset	-2.6	2	2064
3.3	3.5	3.4 -2.6	offset	3.4	offset	-2.6	2	2114
3.5	3.7	3.6 -2.6	offset	3.6	offset	-2.6	2	2164
3.7	3.9	3.8 -2.6	offset	3.8	offset	-2.6	2	2214
3.9	4.1	4 -2.6	offset	4	offset	-2.6	2	2264
4.1	4.3	4.2 -2.6	offset	4.2	offset	-2.6	2	2314
4.3	4.5	4.4 -2.6	offset	4.4	offset	-2.6	2	2364
4.5	4.7	4.6 -2.6	offset	4.6	offset	-2.6	2	2414
4.7	4.9	4.8 -2.6	offset	4.8	offset	-2.6	2	2464
4.9	5.1	5 -2.6	offset	5	offset	-2.6	2	2514
-5.1	-4.9	-5 -2.4	offset	-5	offset	-2.4	2	1212
-4.9	-4.7	-4.8 -2.4	offset	-4.8	offset	-2.4	2	1162
-4.7	-4.5	-4.6 -2.4	offset	-4.6	offset	-2.4	2	1112
-4.5	-4.3	-4.4 -2.4	offset	-4.4	offset	-2.4	2	1062
-4.3	-4.1	-4.2 -2.4	offset	-4.2	offset	-2.4	2	1012
-4.1	-3.9	-4 -2.4	offset	-4	offset	-2.4	2	962
-3.9	-3.7	-3.8 -2.4	offset	-3.8	offset	-2.4	2	912
-3.7	-3.5	-3.6 -2.4	offset	-3.6	offset	-2.4	2	862
-3.5	-3.3	-3.4 -2.4	offset	-3.4	offset	-2.4	2	812
-3.3	-3.1	-3.2 -2.4	offset	-3.2	offset	-2.4	2	762
-3.1	-2.9	-3 -2.4	offset	-3	offset	-2.4	2	712
-2.9	-2.7	-2.8 -2.4	offset	-2.8	offset	-2.4	2	662
-2.7	-2.5	-2.6 -2.4	offset	-2.6	offset	-2.4	2	612
-2.5	-2.3	1	offset	-2.4	offset	-2.4	2	1501
-2.3	-2.1	-2.2 -2.4	offset	-2.2	offset	-2.4	2	511
-2.1	-1.9	-2 -2.4	offset	-2	offset	-2.4	2	461
-1.9	-1.7	-1.8 -2.4	offset	-1.8	offset	-2.4	2	411
-1.7	-1.5	-1.6 -2.4	offset	-1.6	offset	-2.4	2	361
-1.5	-1.3	-1.4 -2.4	offset	-1.4	offset	-2.4	2	311
-1.3	-1.1	-1.2 -2.4	offset	-1.2	offset	-2.4	2	261
-1.1	-0.9	-1 -2.4	offset	-1	offset	-2.4	2	211
-0.9	-0.7	-0.8 -2.4	offset	-0.8	offset	-2.4	2	161
-0.7	-0.5	-0.6 -2.4	offset	-0.6	offset	-2.4	2	111
-0.5	-0.299999999999999	-0.399999999999999 -2.4	offset	-0.399999999999999	offset	-2.4	2	61
-0.299999999999999	-0.0999999999999996	-0.199999999999999 -2.4	offset	-0.199999999999999	offset	-2.4	2	11
-0.0999999999999996	0.1	0 -2.4	offset	0	offset	-2.4	2	1262
0.1	0.3	0.2 -2.4	offset	0.2	offset	-2.4	2	1312
0.3	0.5	0.4 -2.4	offset	0.4	offset	-2.4	2	1362
0.5	0.700000000000001	0.6 -2.4	offset	0.600000000000001	offset	-2.4	2	1412
0.700000000000001	0.9	0.800000000000001 -2.4	offset	0.800000000000001	offset	-2.4	2	1462
0.9	1.1	1 -2.4	offset	1	offset	-2.4	2	1513
1.1	1.3	1.2 -2.4	offset	1.2	offset	-2.4	2	1563
1.3	1.5	1.4 -2.4	offset	1.4	offset	-2.4	2	1613
1.5	1.7	1.6 -2.4	offset	1.6	offset	-2.4	2	1663
1.7	1.9	1.8 -2.4	offset	1.8	offset	-2.4	2	1713
1.9	2.1	2 -2.4	offset	2	offset	-2.4	2	1763
2.1	2.3	2.2 -2.4	offset	2.2	offset	-2.4	2	1813
2.3	2.5	2.4 -2.4	offset	2.4	offset	-2.4	2	1863
2.5	2.7	2.6 -2.4	offset	2.6	offset	-2.4	2	1913
2.7	2.9	2.8 -2.4	offset	2.8	offset	-2.4	2	1963
2.9	3.1	3 -2.4	offset	3	offset	-2.4	2	2013
3.1	3.3	3.2 -2.4	offset	3.2	offset	-2.4	2	2063
3.3	3.5	3.4 -2.4	offset	3.4	offset	-2.4	2	2113
3.5	3.7	3.6 -2.4	offset	3.6	offset	-2.4	2	2163
3.7	3.9	3.8 -2.4	offset	3.8	offset	-2.4	2	2213
3.9	4.1	4 -2.4	offset	4	offset	-2.4	2	2263
4.1	4.3	4.2 -2.4	offset	4.2	offset	-2.4	2	2313
4.3	4.5	4.4 -2.4	offset	4.4	offset	-2.4	2	2363
4.5	4.7	4.6 -2.4	offset	4.6	offset	-2.4	2	2413
4.7	4.9	4.8 -2.4	offset	4.8	offset	-2.4	2	2463
4.9	5.1	5 -2.4	offset	5	offset	-2.4	2	2513
-5.1	-4.9	-5 -2.2	offset	-5	offset	-2.2	2	1211
-4.9	-4.7	-4.8 -2.2	offset	-4.8	offset	-2.2	2	1161
-4.7	-4.5	-4.6 -2.2	offset	-4.6	offset	-2.2	2	1111
-4.5	-4.3	-4.4 -2.2	offset	-4.4	offset	-2.2	2	1061
-4.3	-4.1	-4.2 -2.2	offset	-4.2	offset	-2.2	2	1011
-4.1	-3.9	-4 -2.2	offset	-4	offset	-2.2	2	961
-3.9	-3.7	-3.8 -2.2	offset	-3.8	offset	-2.2	2	911
-3.7	-3.5	-3.6 -2.2	offset	-3.6	offset	-2.2	2	861
-3.5	-3.3	-3.4 -2.2	offset	-3.4	offset	-2.2	2	811
-3.3	-3.1	-3.2 -2.2	offset	-3.2	offset	-2.2	2	761
-3.1	-2.9	-3 -2.2	offset	-3	offset	-2.2	2	711
-2.9	-2.7	-2.8 -2.2	offset	-2.8	offset	-2.2	2	661
-2.7	-2.5	-2.6 -2.2	offset	-2.6	offset	-2.2	2	611
-2.5	-2.3	-2.4 -2.2	offset	-2.4	offset	-2.2	2	561
-2.3	-2.1	1	offset	-2.2	offset	-2.2	2	1501
-2.1	-1.9	-2 -2.2	offset	-2	offset	-2.2	2	460
-1.9	-1.7	-1.8 -2.2	offset	-1.8	offset	-2.2	2	410
-1.7	-1.5	-1.6 -2.2	offset	-1.6	offset	-2.2	2	360
-1.5	-1.3	-1.4 -2.2	offset	-1.4	offset	-2.2	2	310
-1.3	-1.1	-1.2 -2.2	offset	-1.2	offset	-2.2	2	260
-1.1	-0.9	-1 -2.2	offset	-1	offset	-2.2	2	210
-0.9	-0.7	-0.8 -2.2	offset	-0.8	offset	-2.2	2	160
-0.7	-0.5	-0.6 -2.2	offset	-0.6	offset	-2.2	2	110
-0.5	-0.299999999999999	-0.399999999999999 -2.2	offset	-0.399999999999999	offset	-2.2	2	60
-0.299999999999999	-0.0999999999999996	-0.199999999999999 -2.2	offset	-0.199999999999999	offset	-2.2	2	10
-0.0999999999999996	0.1	0 -2.2	offset	0	offset	-2.2	2	1261
0.1	0.3	0.2 -2.2	offset	0.2	offset	-2.2	2	1311
0.3	0.5	0.4 -2.2	offset	0.4	offset	-2.2	2	1361
0.5	0.700000000000001	0.6 -2.2	offset	0.600000000000001	offset	-2.2	2	1411
0.700000000000001	0.9	0.800000000000001 -2.2	offset	0.800000000000001	offset	-2.2	2	1461
0.9	1.1	1 -2.2	offset	1	offset	-2.2	2	1512
1.1	1.3	1.2 -2.2	offset	1.2	offset	-2.2	2	1562
1.3	1.5	1.4 -2.2	offset	1.4	offset	-2.2	2	1612
1.5	1.7	1.6 -2.2	offset	1.6	offset	-2.2	2	1662
1.7	1.9	1.8 -2.2	offset	1.8	offset	-2.2	2	1712
1.9	2.1	2 -2.2	offset	2	offset	-2.2	2	1762
2.1	2.3	2.2 -2.2	offset	2.2	offset	-2.2	2	1812
2.3	2.5	2.4 -2.2	offset	2.4	offset	-2.2	2	1862
2.5	2.7	2.6 -2.2	offset	2.6	offset	-2.2	2	1912
2.7	2.9	2.8 -2.2	offset	2.8	offset	-2.2	2	1962
2.9	3.1	3 -2.2	offset	3	offset	-2.2	2	2012
3.1	3.3	3.2 -2.2	offset	3.2	offset	-2.2	2	2062
3.3	3.5	3.4 -2.2	offset	3.4	offset	-2.2	2	2112
3.5	3.7	3.6 -2.2	offset	3.6	offset	-2.2	2	2162
3.7	3.9	3.8 -2.2	offset	3.8	offset	-2.2	2	2212
3.9	4.1	4 -2.2	offset	4	offset	-2.2	2	2262
4.1	4.3	4.2 -2.2	offset	4.2	offset	-2.2	2	2312
4.3	4.5	4.4 -2.2	offset	4.4	offset	-2.2	2	2362
4.5	4.7	4.6 -2.2	offset	4.6	offset	-2.2	2	2412
4.7	4.9	4.8 -2.2	offset	4.8	offset	-2.2	2	2462
4.9	5.1	5 -2.2	offset	5	offset	-2.2	2	2512
-5.1	-4.9	-5 -2	offset	-5	offset	-2	2	1210
-4.9	-4.7	-4.8 -2	offset	-4.8	offset	-2	2	1160
-4.7	-4.5	-4.6 -2	offset	-4.6	offset	-2	2	1110
-4.5	-4.3	-4.4 -2	offset	-4.4	offset	-2	2	1060
-4.3	-4.1	-4.2 -2	offset	-4.2	offset	-2	2	1010
-4.1	-3.9	-4 -2	offset	-4	offset	-2	2	960
-3.9	-3.7	-3.8 -2	offset	-3.8	offset	-2	2	910
-3.7	-3.5	-3.6 -2	offset	-3.6	offset	-2	2	860
-3.5	-3.3	-3.4 -2	offset	-3.4	offset	-2	2	810
-3.3	-3.1	-3.2 -2	offset	-3.2	offset	-2	2	760
-3.1	-2.9	-3 -2	offset	-3	offset	-2	2	710
-2.9	-2.7	-2.8 -2	offset	-2.8	offset	-2	2	660
-2.7	-2.5	-2.6 -2	offset	-2.6	offset	-2	2	610
-2.5	-2.3	-2.4 -2	offset	-2.4	offset	-2	2	560
-2.3	-2.1	-2.2 -2	offset	-2.2	offset	-2	2	510
-2.1	-1.9	1	offset	-2	offset	-2	2	1501
-1.9	-1.7	-1.8 -2	offset	-1.8	offset	-2	2	409
-1.7	-1.5	-1.6 -2	offset	-1.6	offset	-2	2	359
-1.5	-1.3	-1.4 -2	offset	-1.4	offset	-2	2	309
-1.3	-1.1	-1.2 -2	offset	-1.2	offset	-2	2	259
-1.1	-0.9	-1 -2	offset	-1	offset	-2	2	209
-0.9	-0.7	-0.8 -2	offset	-0.8	offset	-2	2	159
-0.7	-0.5	-0.6 -2	offset	-0.6	offset	-2	2	109
-0.5	-0.299999999999999	-0.399999999999999 -2	offset	-0.399999999999999	offset	-2	2	59
-0.299999999999999	-0.0999999999999996	-0.199999999999999 -2	offset	-0.199999999999999	offset	-2	2	9
-0.0999999999999996	0.1	0 -2	offset	0	offset	-2	2	1260
0.1	0.3	0.2 -2	offset	0.2	offset	-2	2	1310
0.3	0.5	0.4 -2	offset	0.4	offset	-2	2	1360
0.5	0.700000000000001	0.6 -2	offset	0.600000000000001	offset	-2	2	1410
0.700000000000001	0.9	0.800000000000001 -2	offset	0.800000000000001	offset	-2	2	1460
0.9	1.1	1 -2	offset	1	offset	-2	2	1511
1.1	1.3	1.2 -2	offset	1.2	offset	-2	2	1561
1.3	1.5	1.4 -2	offset	1.4	offset	-2	2	1611
1.5	1.7	1.6 -2	offset	1.6	offset	-2	2	1661
1.7	1.9	1.8 -2	offset	1.8	offset	-2	2	1711
1.9	2.1	2 -2	offset	2	offset	-2	2	1761
2.1	2.3	2.2 -2	offset	2.2	offset	-2	2	1811
2.3	2.5	2.4 -2	offset	2.4	offset	-2	2	1861
2.5	2.7	2.6 -2	offset	2.6	offset	-2	2	1911
2.7	2.9	2.8 -2	offset	2.8	offset	-2	2	1961
2.9	3.1	3 -2	offset	3	offset	-2	2	2011
3.1	3.3	3.2 -2	offset	3.2	offset	-2	2	2061
3.3	3.5	3.4 -2	offset	3.4	offset	-2	2	2111
3.5	3.7	3.6 -2	offset	3.6	offset	-2	2	2161
3.7	3.9	3.8 -2	offset	3.8	offset	-2	2	2211
3.9	4.1	4 -2	offset	4	offset	-2	2	2261
4.1	4.3	4.2 -2	offset	4.2	offset	-2	2	2311
4.3	4.5	4.4 -2	offset	4.4	offset	-2	2	2361
4.5	4.7	4.6 -2	offset	4.6	offset	-2	2	2411
4.7	4.9	4.8 -2	offset	4.8	offset	-2	2	2461
4.9	5.1	5 -2	offset	5	offset	-2	2	2511
-5.1	-4.9	-5 -1.8	offset	-5	offset	-1.8	2	1209
-4.9	-4.7	-4.8 -1.8	offset	-4.8	offset	-1.8	2	1159
-4.7	-4.5	-4.6 -1.8	offset	-4.6	offset	-1.8	2	1109
-4.5	-4.3	-4.4 -1.8	offset	-4.4	offset	-1.8	2	1059
-4.3	-4.1	-4.2 -1.8	offset	-4.2	offset	-1.8	2	1009
-4.1	-3.9	-4 -1.8	offset	-4	offset	-1.8	2	959
-3.9	-3.7	-3.8 -1.8	offset	-3.8	offset	-1.8	2	909
-3.7	-3.5	-3.6 -1.8	offset	-3.6	offset	-1.8	2	859
-3.5	-3.3	-3.4 -1.8	offset	-3.4	offset	-1.8	2	809
-3.3	-3.1	-3.2 -1.8	offset	-3.2	offset	-1.8	2	759
-3.1	-2.9	-3 -1.8	offset	-3	offset	-1.8	2	709
-2.9	-2.7	-2.8 -1.8	offset	-2.8	offset	-1.8	2	659
-2.7	-2.5	-2.6 -1.8	offset	-2.6	offset	-1.8	2	609
-2.5	-2.3	-2.4 -1.8	offset	-2.4	offset	-1.8	2	559
-2.3	-2.1	-2.2 -1.8	offset	-2.2	offset	-1.8	2	509
-2.1	-1.9	-2 -1.8	offset	-2	offset	-1.8	2	459
-1.9	-1.7	1	offset	-1.8	offset	-1.8	2	1501
-1.7	-1.5	-1.6 -1.8	offset	-1.6	offset	-1.8	2	358
-1.5	-1.3	-1.4 -1.8	offset	-1.4	offset	-1.8	2	308
-1.3	-1.1	-1.2 -1.8	offset	-1.2	offset	-1.8	2	258
-1.1	-0.9	-1 -1.8	offset	-1	offset	-1.8	2	208
-0.9	-0.7	-0.8 -1.8	offset	-0.8	offset	-1.8	2	158
-0.7	-0.5	-0.6 -1.8	offset	-0.6	offset	-1.8	2	108
-0.5	-0.299999999999999	-0.399999999999999 -1.8	offset	-0.399999999999999	offset	-1.8	2	58
-0.299999999999999	-0.0999999999999996	-0.199999999999999 -1.8	offset	-0.199999999999999	offset	-1.8	2	8
-0.0999999999999996	0.1	0 -1.8	offset	0	offset	-1.8	2	1259
0.1	0.3	0.2 -1.8	offset	0.2	offset	-1.8	2	1309
0.3	0.5	0.4 -1.8	offset	0.4	offset	-1.8	2	1359
0.5	0.700000000000001	0.6 -1.8	offset	0.600000000000001	offset	-1.8	2	1409
0.700000000000001	0.9	0.800000000000001 -1.8	offset	0.800000000000001	offset	-1.8	2	1459
0.9	1.1	1 -1.8	offset	1	offset	-1.8	2	1510
1.1	1.3	1.2 -1.8	offset	1.2	offset	-1.8	2	1560
1.3	1.5	1.4 -1.8	offset	1.4	offset	-1.8	2	1610
1.5	1.7	1.6 -1.8	offset	1.6	offset	-1.8	2	1660
1.7	1.9	1.8 -1.8	offset	1.8	offset	-1.8	2	1710
1.9	2.1	2 -1.8	offset	2	offset	-1.8	2	1760
2.1	2.3	2.2 -1.8	offset	2.2	offset	-1.8	2	1810
2.3	2.5	2.4 -1.8	offset	2.4	offset	-1.8	2	1860
2.5	2.7	2.6 -1.8	offset	2.6	offset	-1.8	2	1910
2.7	2.9	2.8 -1.8	offset	2.8	offset	-1.8	2	1960
2.9	3.1	3 -1.8	offset	3	offset	-1.8	2	2010
3.1	3.3	3.2 -1.8	offset	3.2	offset	-1.8	2	2060
3.3	3.5	3.4 -1.8	offset	3.4	offset	-1.8	2	2110
3.5	3.7	3.6 -1.8	offset	3.6	offset	-1.8	2	2160
3.7	3.9	3.8 -1.8	offset	3.8	offset	-1.8	2	2210
3.9	4.1	4 -1.8	offset	4	offset	-1.8	2	2260
4.1	4.3	4.2 -1.8	offset	4.2	offset	-1.8	2	2310
4.3	4.5	4.4 -1.8	offset	4.4	offset	-1.8	2	2360
4.5	4.7	4.6 -1.8	offset	4.6	offset	-1.8	2	2410
4.7	4.9	4.8 -1.8	offset	4.8	offset	-1.8	2	2460
4.9	5.1	5 -1.8	offset	5	offset	-1.8	2	2510
-5.1	-4.9	-5 -1.6	offset	-5	offset	-1.6	2	1208
-4.9	-4.7	-4.8 -1.6	offset	-4.8	offset	-1.6	2	1158
-4.7	-4.5	-4.6 -1.6	offset	-4.6	offset	-1.6	2	1108
-4.5	-4.3	-4.4 -1.6	offset	-4.4	offset	-1.6	2	1058
-4.3	-4.1	-4.2 -1.6	offset	-4.2	offset	-1.6	2	1008
-4.1	-3.9	-4 -1.6	offset	-4	offset	-1.6	2	958
-3.9	-3.7	-3.8 -1.6	offset	-3.8	offset	-1.6	2	908
-3.7	-3.5	-3.6 -1.6	offset	-3.6	offset	-1.6	2	858
-3.5	-3.3	-3.4 -1.6	offset	-3.4	offset	-1.6	2	808
-3.3	-3.1	-3.2 -1.6	offset	-3.2	offset	-1.6	2	758
-3.1	-2.9	-3 -1.6	offset	-3	offset	-1.6	2	708
-2.9	-2.7	-2.8 -1.6	offset	-2.8	offset	-1.6	2	658
-2.7	-2.5	-2.6 -1.6	offset	-2.6	offset	-1.6	2	608
-2.5	-2.3	-2.4 -1.6	offset	-2.4	offset	-1.6	2	558
-2.3	-2.1	-2.2 -1.6	offset	-2.2	offset	-1.6	2	508
-2.1	-1.9	-2 -1.6	offset	-2	offset	-1.6	2	458
-1.9	-1.7	-1.8 -1.6	offset	-1.8	offset	-1.6	2	408
-1.7	-1.5	1	offset	-1.6	offset	-1.6	2	1501
-1.5	-1.3	-1.4 -1.6	offset	-1.4	offset	-1.6	2	307
-1.3	-1.1	-1.2 -1.6	offset	-1.2	offset	-1.6	2	257
-1.1	-0.9	-1 -1.6	offset	-1	offset	-1.6	2	207
-0.9	-0.7	-0.8 -1.6	offset	-0.8	offset	-1.6	2	157
-0.7	-0.5	-0.6 -1.6	offset	-0.6	offset	-1.6	2	107
-0.5	-0.299999999999999	-0.399999999999999 -1.6	offset	-0.399999999999999	offset	-1.6	2	57
-0.299999999999999	-0.0999999999999996	-0.199999999999999 -1.6	offset	-0.199999999999999	offset	-1.6	2	7
-0.0999999999999996	0.1	0 -1.6	offset	0	offset	-1.6	2	1258
0.1	0.3	0.2 -1.6	offset	0.2	offset	-1.6	2	1308
0.3	0.5	0.4 -1.6	offset	0.4	offset	-1.6	2	1358
0.5	0.700000000000001	0.6 -1.6	offset	0.600000000000001	offset	-1.6	2	1408
0.700000000000001	0.9	0.800000000000001 -1.6	offset	0.800000000000001	offset	-1.6	2	1458
0.9	1.1	1 -1.6	offset	1	offset	-1.6	2	1509
1.1	1.3	1.2 -1.6	offset	1.2	offset	-1.6	2	1559
1.3	1.5	1.4 -1.6	offset	1.4	offset	-1.6	2	1609
1.5	1.7	1.6 -1.6	offset	1.6	offset	-1.6	2	1659
1.7	1.9	1.8 -1.6	offset	1.8	offset	-1.6	2	1709
1.9	2.1	2 -1.6	offset	2	offset	-1.6	2	1759
2.1	2.3	2.2 -1.6	offset	2.2	offset	-1.6	2	1809
2.3	2.5	2.4 -1.6	offset	2.4	offset	-1.6	2	1859
2.5	2.7	2.6 -1.6	offset	2.6	offset	-1.6	2	1909
2.7	2.9	2.8 -1.6	offset	2.8	offset	-1.6	2	1959
2.9	3.1	3 -1.6	offset	3	offset	-1.6	2	2009
3.1	3.3	3.2 -1.6	offset	3.2	offset	-1.6	2	2059
3.3	3.5	3.4 -1.6	offset	3.4	offset	-1.6	2	2109
3.5	3.7	3.6 -1.6	offset	3.6	offset	-1.6	2	2159
3.7	3.9	3.8 -1.6	offset	3.8	offset	-1.6	2	2209
3.9	4.1	4 -1.6	offset	4	offset	-1.6	2	2259
4.1	4.3	4.2 -1.6	offset	4.2	offset	-1.6	2	2309
4.3	4.5	4.4 -1.6	offset	4.4	offset	-1.6	2	2359
4.5	4.7	4.6 -1.6	offset	4.6	offset	-1.6	2	2409
4.7	4.9	4.8 -1.6	offset	4.8	offset	-1.6	2	2459
4.9	5.1	5 -1.6	offset	5	offset	-1.6	2	2509
-5.1	-4.9	-5 -1.4	offset	-5	offset	-1.4	2	1207
-4.9	-4.7	-4.8 -1.4	offset	-4.8	offset	-1.4	2	1157
-4.7	-4.5	-4.6 -1.4	offset	-4.6	offset	-1.4	2	1107
-4.5	-4.3	-4.4 -1.4	offset	-4.4	offset	-1.4	2	1057
-4.3	-4.1	-4.2 -1.4	offset	-4.2	offset	-1.4	2	1007
-4.1	-3.9	-4 -1.4	offset	-4	offset	-1.4	2	957
-3.9	-3.7	-3.8 -1.4	offset	-3.8	offset	-1.4	2	907
-3.7	-3.5	-3.6 -1.4	offset	-3.6	offset	-1.4	2	857
-3.5	-3.3	-3.4 -1.4	offset	-3.4	offset	-1.4	2	807
-3.3	-3.1	-3.2 -1.4	offset	-3.2	offset	-1.4	2	757
-3.1	-2.9	-3 -1.4	offset	-3	offset	-1.4	2	707
-2.9	-2.7	-2.8 -1.4	offset	-2.8	offset	-1.4	2	657
-2.7	-2.5	-2.6 -1.4	offset	-2.6	offset	-1.4	2	607
-2.5	-2.3	-2.4 -1.4	offset	-2.4	offset	-1.4	2	557
-2.3	-2.1	-2.2 -1.4	offset	-2.2	offset	-1.4	2	507
-2.1	-1.9	-2 -1.4	offset	-2	offset	-1.4	2	457
-1.9	-1.7	-1.8 -1.4	offset	-1.8	offset	-1.4	2	407
-1.7	-1.5	-1.6 -1.4	offset	-1.6	offset	-1.4	2	357
-1.5	-1.3	1	offset	-1.4	offset	-1.4	2	1501
-1.3	-1.1	-1.2 -1.4	offset	-1.2	offset	-1.4	2	256
-1.1	-0.9	-1 -1.4	offset	-1	offset	-1.4	2	206
-0.9	-0.7	-0.8 -1.4	offset	-0.8	offset	-1.4	2	156
-0.7	-0.5	-0.6 -1.4	offset	-0.6	offset	-1.4	2	106
-0.5	-0.299999999999999	-0.399999999999999 -1.4	offset	-0.399999999999999	offset	-1.4	2	56
-0.299999999999999	-0.0999999999999996	-0.199999999999999 -1.4	offset	-0.199999999999999	offset	-1.4	2	6
-0.0999999999999996	0.1	0 -1.4	offset	0	offset	-1.4	2	1257
0.1	0.3	0.2 -1.4	offset	0.2	offset	-1.4	2	1307
0.3	0.5	0.4 -1.4	offset	0.4	offset	-1.4	2	1357
0.5	0.700000000000001	0.6 -1.4	offset	0.600000000000001	offset	-1.4	2	1407
0.700000000000001	0.9	0.800000000000001 -1.4	offset	0.800000000000001	offset	-1.4	2	1457
0.9	1.1	1 -1.4	offset	1	offset	-1.4	2	1508
1.1	1.3	1.2 -1.4	offset	1.2	offset	-1.4	2	1558
1.3	1.5	1.4 -1.4	offset	1.4	offset	-1.4	2	1608
1.5	1.7	1.6 -1.4	offset	1.6	offset	-1.4	2	1658
1.7	1.9	1.8 -1.4	offset	1.8	offset	-1.4	2	1708
1.9	2.1	2 -1.4	offset	2	offset	-1.4	2	1758
2.1	2.3	2.2 -1.4	offset	2.2	offset	-1.4	2	1808
2.3	2.5	2.4 -1.4	offset	2.4	offset	-1.4	2	1858
2.5	2.7	2.6 -1.4	offset	2.6	offset	-1.4	2	1908
2.7	2.9	2.8 -1.4	offset	2.8	offset	-1.4	2	1958
2.9	3.1	3 -1.4	offset	3	offset	-1.4	2	2008
3.1	3.3	3.2 -1.4	offset	3.2	offset	-1.4	2	2058
3.3	3.5	3.4 -1.4	offset	3.4	offset	-1.4	2	2108
3.5	3.7	3.6 -1.4	offset	3.6	offset	-1.4	2	2158
3.7	3.9	3.8 -1.4	offset	3.8	offset	-1.4	2	2208
3.9	4.1	4 -1.4	offset	4	offset	-1.4	2	2258
4.1	4.3	4.2 -1.4	offset	4.2	offset	-1.4	2	2308
4.3	4.5	4.4 -1.4	offset	4.4	offset	-1.4	2	2358
4.5	4.7	4.6 -1.4	offset	4.6	offset	-1.4	2	2408
4.7	4.9	4.8 -1.4	offset	4.8	offset	-1.4	2	2458
4.9	5.1	5 -1.4	offset	5	offset	-1.4	2	2508
-5.1	-4.9	-5 -1.2	offset	-5	offset	-1.2	2	1206
-4.9	-4.7	-4.8 -1.2	offset	-4.8	offset	-1.2	2	1156
-4.7	-4.5	-4.6 -1.2	offset	-4.6	offset	-1.2	2	1106
-4.5	-4.3	-4.4 -1.2	offset	-4.4	offset	-1.2	2	1056
-4.3	-4.1	-4.2 -1.2	offset	-4.2	offset	-1.2	2	1006
-4.1	-3.9	-4 -1.2	offset	-4	offset	-1.2	2	956
-3.9	-3.7	-3.8 -1.2	offset	-3.8	offset	-1.2	2	906
-3.7	-3.5	-3.6 -1.2	offset	-3.6	offset	-1.2	2	856
-3.5	-3.3	-3.4 -1.2	offset	-3.4	offset	-1.2	2	806
-3.3	-3.1	-3.2 -1.2	offset	-3.2	offset	-1.2	2	756
-3.1	-2.9	-3 -1.2	offset	-3	offset	-1.2	2	706
-2.9	-2.7	-2.8 -1.2	offset	-2.8	offset	-1.2	2	656
-2.7	-2.5	-2.6 -1.2	offset	-2.6	offset	-1.2	2	606
-2.5	-2.3	-2.4 -1.2	offset	-2.4	offset	-1.2	2	556
-2.3	-2.1	-2.2 -1.2	offset	-2.2	offset	-1.2	2	506
-2.1	-1.9	-2 -1.2	offset	-2	offset	-1.2	2	456
-1.9	-1.7	-1.8 -1.2	offset	-1.8	offset	-1.2	2	406
-1.7	-1.5	-1.6 -1.2	offset	-1.6	offset	-1.2	2	356
-1.5	-1.3	-1.4 -1.2	offset	-1.4	offset	-1.2	2	306
-1.3	-1.1	1	offset	-1.2	offset	-1.2	2	1501
-1.1	-0.9	-1 -1.2	offset	-1	offset	-1.2	2	205
-0.9	-0.7	-0.8 -1.2	offset	-0.8	offset	-1.2	2	155
-0.7	-0.5	-0.6 -1.2	offset	-0.6	offset	-1.2	2	105
-0.5	-0.299999999999999	-0.399999999999999 -1.2	offset	-0.399999999999999	offset	-1.2	2	55
-0.299999999999999	-0.0999999999999996	-0.199999999999999 -1.2	offset	-0.199999999999999	offset	-1.2	2	5
-0.0999999999999996	0.1	0 -1.2	offset	0	offset	-1.2	2	1256
0.1	0.3	0.2 -1.2	offset	0.2	offset	-1.2	2	1306
0.3	0.5	0.4 -1.2	offset	0.4	offset	-1.2	2	1356
0.5	0.700000000000001	0.6 -1.2	offset	0.600000000000001	offset	-1.2	2	1406
0.700000000000001	0.9	0.800000000000001 -1.2	offset	0.800000000000001	offset	-1.2	2	1456
0.9	1.1	1 -1.2	offset	1	offset	-1.2	2	1507
1.1	1.3	1.2 -1.2	offset	1.2	offset	-1.2	2	1557
1.3	1.5	1.4 -1.2	offset	1.4	offset	-1.2	2	1607
1.5	1.7	1.6 -1.2	offset	1.6	offset	-1.2	2	1657
1.7	1.9	1.8 -1.2	offset	1.8	offset	-1.2	2	1707
1.9	2.1	2 -1.2	offset	2	offset	-1.2	2	1757
2.1	2.3	2.2 -1.2	offset	2.2	offset	-1.2	2	1807
2.3	2.5	2.4 -1.2	offset	2.4	offset	-1.2	2	1857
2.5	2.7	2.6 -1.2	offset	2.6	offset	-1.2	2	1907
2.7	2.9	2.8 -1.2	offset	2.8	offset	-1.2	2	1957
2.9	3.1	3 -1.2	offset	3	offset	-1.2	2	2007
3.1	3.3	3.2 -1.2	offset	3.2	offset	-1.2	2	2057
3.3	3.5	3.4 -1.2	offset	3.4	offset	-1.2	2	2107
3.5	3.7	3.6 -1.2	offset	3.6	offset	-1.2	2	2157
3.7	3.9	3.8 -1.2	offset	3.8	offset	-1.2	2	2207
3.9	4.1	4 -1.2	offset	4	offset	-1.2	2	2257
4.1	4.3	4.2 -1.2	offset	4.2	offset	-1.2	2	2307
4.3	4.5	4.4 -1.2	offset	4.4	offset	-1.2	2	2357
4.5	4.7	4.6 -1.2	offset	4.6	offset	-1.2	2	2407
4.7	4.9	4.8 -1.2	offset	4.8	offset	-1.2	2	2457
4.9	5.1	5 -1.2	offset	5	offset	-1.2	2	2507
-5.1	-4.9	-5 -1	offset	-5	offset	-1	2	1205
-4.9	-4.7	-4.8 -1	offset	-4.8	offset	-1	2	1155
-4.7	-4.5	-4.6 -1	offset	-4.6	offset	-1	2	1105
-4.5	-4.3	-4.4 -1	offset	-4.4	offset	-1	2	1055
-4.3	-4.1	-4.2 -1	offset	-4.2	offset	-1	2	1005
-4.1	-3.9	-4 -1	offset	-4	offset	-1	2	955
-3.9	-3.7	-3.8 -1	offset	-3.8	offset	-1	2	905
-3.7	-3.5	-3.6 -1	offset	-3.6	offset	-1	2	855
-3.5	-3.3	-3.4 -1	offset	-3.4	offset	-1	2	805
-3.3	-3.1	-3.2 -1	offset	-3.2	offset	-1	2	755
-3.1	-2.9	-3 -1	offset	-3	offset	-1	2	705
-2.9	-2.7	-2.8 -1	offset	-2.8	offset	-1	2	655
-2.7	-2.5	-2.6 -1	offset	-2.6	offset	-1	2	605
-2.5	-2.3	-2.4 -1	offset	-2.4	offset	-1	2	555
-2.3	-2.1	-2.2 -1	offset	-2.2	offset	-1	2	505
-2.1	-1.9	-2 -1	offset	-2	offset	-1	2	455
-1.9	-1.7	-1.8 -1	offset	-1.8	offset	-1	2	405
-1.7	-1.5	-1.6 -1	offset	-1.6	offset	-1	2	355
-1.5	-1.3	-1.4 -1	offset	-1.4	offset	-1	2	305
-1.3	-1.1	-1.2 -1	offset	-1.2	offset	-1	2	255
-1.1	-0.9	1	offset	-1	offset	-1	2	1501
-0.9	-0.7	-0.8 -1	offset	-0.8	offset	-1	2	154
-0.7	-0.5	-0.6 -1	offset	-0.6	offset	-1	2	104
-0.5	-0.299999999999999	-0.399999999999999 -1	offset	-0.399999999999999	offset	-1	2	54
-0.299999999999999	-0.0999999999999996	-0.199999999999999 -1	offset	-0.199999999999999	offset	-1	2	4
-0.0999999999999996	0.1	0 -1	offset	0	offset	-1	2	1255
0.1	0.3	0.2 -1	offset	0.2	offset	-1	2	1305
0.3	0.5	0.4 -1	offset	0.4	offset	-1	2	1355
0.5	0.700000000000001	0.6 -1	offset	0.600000000000001	offset	-1	2	1405
0.700000000000001	0.9	0.800000000000001 -1	offset	0.800000000000001	offset	-1	2	1455
0.9	1.1	1 -1	offset	1	offset	-1	2	1506
1.1	1.3	1.2 -1	offset	1.2	offset	-1	2	1556
1.3	1.5	1.4 -1	offset	1.4	offset	-1	2	1606
1.5	1.7	1.6 -1	offset	1.6	offset	-1	2	1656
1.7	1.9	1.8 -1	offset	1.8	offset	-1	2	1706
1.9	2.1	2 -1	offset	2	offset	-1	2	1756
2.1	2.3	2.2 -1	offset	2.2	offset	-1	2	1806
2.3	2.5	2.4 -1	offset	2.4	offset	-1	2	1856
2.5	2.7	2.6 -1	offset	2.6	offset	-1	2	1906
2.7	2.9	2.8 -1	offset	2.8	offset	-1	2	1956
2.9	3.1	3 -1	offset	3	offset	-1	2	2006
3.1	3.3	3.2 -1	offset	3.2	offset	-1	2	2056
3.3	3.5	3.4 -1	offset	3.4	offset	-1	2	2106
3.5	3.7	3.6 -1	offset	3.6	offset	-1	2	2156
3.7	3.9	3.8 -1	offset	3.8	offset	-1	2	2206
3.9	4.1	4 -1	offset	4	offset	-1	2	2256
4.1	4.3	4.2 -1	offset	4.2	offset	-1	2	2306
4.3	4.5	4.4 -1	offset	4.4	offset	-1	2	2356
4.5	4.7	4.6 -1	offset	4.6	offset	-1	2	2406
4.7	4.9	4.8 -1	offset	4.8	offset	-1	2	2456
4.9	5.1	5 -1	offset	5	offset	-1	2	2506
-5.1	-4.9	-5 -0.8	offset	-5	offset	-0.8	2	1204
-4.9	-4.7	-4.8 -0.8	offset	-4.8	offset	-0.8	2	1154
-4.7	-4.5	-4.6 -0.8	offset	-4.6	offset	-0.8	2	1104
-4.5	-4.3	-4.4 -0.8	offset	-4.4	offset	-0.8	2	1054
-4.3	-4.1	-4.2 -0.8	offset	-4.2	offset	-0.8	2	1004
-4.1	-3.9	-4 -0.8	offset	-4	offset	-0.8	2	954
-3.9	-3.7	-3.8 -0.8	offset	-3.8	offset	-0.8	2	904
-3.7	-3.5	-3.6 -0.8	offset	-3.6	offset	-0.8	2	854
-3.5	-3.3	-3.4 -0.8	offset	-3.4	offset	-0.8	2	804
-3.3	-3.1	-3.2 -0.8	offset	-3.2	offset	-0.8	2	754
-3.1	-2.9	-3 -0.8	offset	-3	offset	-0.8	2	704
-2.9	-2.7	-2.8 -0.8	offset	-2.8	offset	-0.8	2	654
-2.7	-2.5	-2.6 -0.8	offset	-2.6	offset	-0.8	2	604
-2.5	-2.3	-2.4 -0.8	offset	-2.4	offset	-0.8	2	554
-2.3	-2.1	-2.2 -0.8	offset	-2.2	offset	-0.8	2	504
-2.1	-1.9	-2 -0.8	offset	-2	offset	-0.8	2	454
-1.9	-1.7	-1.8 -0.8	offset	-1.8	offset	-0.8	2	404
-1.7	-1.5	-1.6 -0.8	offset	-1.6	offset	-0.8	2	354
-1.5	-1.3	-1.4 -0.8	offset	-1.4	offset	-0.8	2	304
-1.3	-1.1	-1.2 -0.8	offset	-1.2	offset	-0.8	2	254
-1.1	-0.9	-1 -0.8	offset	-1	offset	-0.8	2	204
-0.9	-0.7	1	offset	-0.8	offset	-0.8	2	1501
-0.7	-0.5	-0.6 -0.8	offset	-0.6	offset	-0.8	2	103
-0.5	-0.299999999999999	-0.399999999999999 -0.8	offset	-0.399999999999999	offset	-0.8	2	53
-0.299999999999999	-0.0999999999999996	-0.199999999999999 -0.8	offset	-0.199999999999999	offset	-0.8	2	3
-0.0999999999999996	0.1	0 -0.8	offset	0	offset	-0.8	2	1254
0.1	0.3	0.2 -0.8	offset	0.2	offset	-0.8	2	1304
0.3	0.5	0.4 -0.8	offset	0.4	offset	-0.8	2	1354
0.5	0.700000000000001	0.6 -0.8	offset	0.600000000000001	offset	-0.8	2	1404
0.700000000000001	0.9	0.800000000000001 -0.8	offset	0.800000000000001	offset	-0.8	2	1454
0.9	1.1	1 -0.8	offset	1	offset	-0.8	2	1505
1.1	1.3	1.2 -0.8	offset	1.2	offset	-0.8	2	1555
1.3	1.5	1.4 -0.8	offset	1.4	offset	-0.8	2	1605
1.5	1.7	1.6 -0.8	offset	1.6	offset	-0.8	2	1655
1.7	1.9	1.8 -0.8	offset	1.8	offset	-0.8	2	1705
1.9	2.1	2 -0.8	offset	2	offset	-0.8	2	1755
2.1	2.3	2.2 -0.8	offset	2.2	offset	-0.8	2	1805
2.3	2.5	2.4 -0.8	offset	2.4	offset	-0.8	2	1855
2.5	2.7	2.6 -0.8	offset	2.6	offset	-0.8	2	1905
2.7	2.9	2.8 -0.8	offset	2.8	offset	-0.8	2	1955
2.9	3.1	3 -0.8	offset	3	offset	-0.8	2	2005
3.1	3.3	3.2 -0.8	offset	3.2	offset	-0.8	2	2055
3.3	3.5	3.4 -0.8	offset	3.4	offset	-0.8	2	2105
3.5	3.7	3.6 -0.8	offset	3.6	offset	-0.8	2	2155
3.7	3.9	3.8 -0.8	offset	3.8	offset	-0.8	2	2205
3.9	4.1	4 -0.8	offset	4	offset	-0.8	2	2255
4.1	4.3	4.2 -0.8	offset	4.2	offset	-0.8	2	2305
4.3	4.5	4.4 -0.8	offset	4.4	offset	-0.8	2	2355
4.5	4.7	4.6 -0.8	offset	4.6	offset	-0.8	2	2405
4.7	4.9	4.8 -0.8	offset	4.8	offset	-0.8	2	2455
4.9	5.1	5 -0.8	offset	5	offset	-0.8	2	2505
-5.1	-4.9	-5 -0.6	offset	-5	offset	-0.6	2	1203
-4.9	-4.7	-4.8 -0.6	offset	-4.8	offset	-0.6	2	1153
-4.7	-4.5	-4.6 -0.6	offset	-4.6	offset	-0.6	2	1103
-4.5	-4.3	-4.4 -0.6	offset	-4.4	offset	-0.6	2	1053
-4.3	-4.1	-4.2 -0.6	offset	-4.2	offset	-0.6	2	1003
-4.1	-3.9	-4 -0.6	offset	-4	offset	-0.6	2	953
-3.9	-3.7	-3.8 -0.6	offset	-3.8	offset	-0.6	2	903
-3.7	-3.5	-3.6 -0.6	offset	-3.6	offset	-0.6	2	853
-3.5	-3.3	-3.4 -0.6	offset	-3.4	offset	-0.6	2	803
-3.3	-3.1	-3.2 -0.6	offset	-3.2	offset	-0.6	2	753
-3.1	-2.9	-3 -0.6	offset	-3	offset	-0.6	2	703
-2.9	-2.7	-2.8 -0.6	offset	-2.8	offset	-0.6	2	653
-2.7	-2.5	-2.6 -0.6	offset	-2.6	offset	-0.6	2	603
-2.5	-2.3	-2.4 -0.6	offset	-2.4	offset	-0.6	2	553
-2.3	-2.1	-2.2 -0.6	offset	-2.2	offset	-0.6	2	503
-2.1	-1.9	-2 -0.6	offset	-2	offset	-0.6	2	453
-1.9	-1.7	-1.8 -0.6	offset	-1.8	offset	-0.6	2	403
-1.7	-1.5	-1.6 -0.6	offset	-1.6	offset	-0.6	2	353
-1.5	-1.3	-1.4 -0.6	offset	-1.4	offset	-0.6	2	303
-1.3	-1.1	-1.2 -0.6	offset	-1.2	offset	-0.6	2	253
-1.1	-0.9	-1 -0.6	offset	-1	offset	-0.6	2	203
-0.9	-0.7	-0.8 -0.6	offset	-0.8	offset	-0.6	2	153
-0.7	-0.5	1	offset	-0.6	offset	-0.6	2	1501
-0.5	-0.299999999999999	-0.399999999999999 -0.6	offset	-0.399999999999999	offset	-0.6	2	52
-0.299999999999999	-0.0999999999999996	-0.199999999999999 -0.6	offset	-0.199999999999999	offset	-0.6	2	2
-0.0999999999999996	0.1	0 -0.6	offset	0	offset	-0.6	2	1253
0.1	0.3	0.2 -0.6	offset	0.2	offset	-0.6	2	1303
0.3	0.5	0.4 -0.6	offset	0.4	offset	-0.6	2	1353
0.5	0.700000000000001	0.6 -0.6	offset	0.600000000000001	offset	-0.6	2	1403
0.700000000000001	0.9	0.800000000000001 -0.6	offset	0.800000000000001	offset	-0.6	2	1453
0.9	1.1	1 -0.6	offset	1	offset	-0.6	2	1504
1.1	1.3	1.2 -0.6	offset	1.2	offset	-0.6	2	1554
1.3	1.5	1.4 -0.6	offset	1.4	offset	-0.6	2	1604
1.5	1.7	1.6 -0.6	offset	1.6	offset	-0.6	2	1654
1.7	1.9	1.8 -0.6	offset	1.8	offset	-0.6	2	1704
1.9	2.1	2 -0.6	offset	2	offset	-0.6	2	1754
2.1	2.3	2.2 -0.6	offset	2.2	offset	-0.6	2	1804
2.3	2.5	2.4 -0.6	offset	2.4	offset	-0.6	2	1854
2.5	2.7	2.6 -0.6	offset	2.6	offset	-0.6	2	1904
2.7	2.9	2.8 -0.6	offset	2.8	offset	-0.6	2	1954
2.9	3.1	3 -0.6	offset	3	offset	-0.6	2	2004
3.1	3.3	3.2 -0.6	offset	3.2	offset	-0.6	2	2054
3.3	3.5	3.4 -0.6	offset	3.4	offset	-0.6	2	2104
3.5	3.7	3.6 -0.6	offset	3.6	offset	-0.6	2	2154
3.7	3.9	3.8 -0.6	offset	3.8	offset	-0.6	2	2204
3.9	4.1	4 -0.6	offset	4	offset	-0.6	2	2254
4.1	4.3	4.2 -0.6	offset	4.2	offset	-0.6	2	2304
4.3	4.5	4.4 -0.6	offset	4.4	offset	-0.6	2	2354
4.5	4.7	4.6 -0.6	offset	4.6	offset	-0.6	2	2404
4.7	4.9	4.8 -0.6	offset	4.8	offset	-0.6	2	2454
4.9	5.1	5 -0.6	offset	5	offset	-0.6	2	2504
-5.1	-4.9	-5 -0.399999999999999	offset	-5	offset	-0.399999999999999	2	1202
-4.9	-4.7	-4.8 -0.399999999999999	offset	-4.8	offset	-0.399999999999999	2	1152
-4.7	-4.5	-4.6 -0.399999999999999	offset	-4.6	offset	-0.399999999999999	2	1102
-4.5	-4.3	-4.4 -0.399999999999999	offset	-4.4	offset	-0.399999999999999	2	1052
-4.3	-4.1	-4.2 -0.399999999999999	offset	-4.2	offset	-0.399999999999999	2	1002
-4.1	-3.9	-4 -0.399999999999999	offset	-4	offset	-0.399999999999999	2	952
-3.9	-3.7	-3.8 -0.399999999999999	offset	-3.8	offset	-0.399999999999999	2	902
-3.7	-3.5	-3.6 -0.399999999999999	offset	-3.6	offset	-0.399999999999999	2	852
-3.5	-3.3	-3.4 -0.399999999999999	offset	-3.4	offset	-0.399999999999999	2	802
-3.3	-3.1	-3.2 -0.399999999999999	offset	-3.2	offset	-0.399999999999999	2	752
-3.1	-2.9	-3 -0.399999999999999	offset	-3	offset	-0.399999999999999	2	702
-2.9	-2.7	-2.8 -0.399999999999999	offset	-2.8	offset	-0.399999999999999	2	652
-2.7	-2.5	-2.6 -0.399999999999999	offset	-2.6	offset	-0.399999999999999	2	602
-2.5	-2.3	-2.4 -0.399999999999999	offset	-2.4	offset	-0.399999999999999	2	552
-2.3	-2.1	-2.2 -0.399999999999999	offset	-2.2	offset	-0.399999999999999	2	502
-2.1	-1.9	-2 -0.399999999999999	offset	-2	offset	-0.399999999999999	2	452
-1.9	-1.7	-1.8 -0.399999999999999	offset	-1.8	offset	-0.399999999999999	2	402
-1.7	-1.5	-1.6 -0.399999999999999	offset	-1.6	offset	-0.399999999999999	2	352
-1.5	-1.3	-1.4 -0.399999999999999	offset	-1.4	offset	-0.399999999999999	2	302
-1.3	-1.1	-1.2 -0.399999999999999	offset	-1.2	offset	-0.399999999999999	2	252
-1.1	-0.9	-1 -0.399999999999999	offset	-1	offset	-0.399999999999999	2	202
-0.9	-0.7	-0.8 -0.399999999999999	offset	-0.8	offset	-0.399999999999999	2	152
-0.7	-0.5	-0.6 -0.399999999999999	offset	-0.6	offset	-0.399999999999999	2	102
-0.5	-0.299999999999999	1	offset	-0.399999999999999	offset	-0.399999999999999	2	1501
-0.299999999999999	-0.0999999999999996	-0.199999999999999 -0.399999999999999	offset	-0.199999999999999	offset	-0.399999999999999	2	1
-0.0999999999999996	0.1	0 -0.399999999999999	offset	0	offset	-0.399999999999999	2	1252
0.1	0.3	0.2 -0.399999999999999	offset	0.2	offset	-0.399999999999999	2	1302
0.3	0.5	0.4 -0.399999999999999	offset	0.4	offset	-0.399999999999999	2	1352
0.5	0.700000000000001	0.6 -0.399999999999999	offset	0.600000000000001	offset	-0.399999999999999	2	1402
0.700000000000001	0.9	0.800000000000001 -0.399999999999999	offset	0.800000000000001	offset	-0.399999999999999	2	1452
0.9	1.1	1 -0.399999999999999	offset	1	offset	-0.399999999999999	2	1503
1.1	1.3	1.2 -0.399999999999999	offset	1.2	offset	-0.399999999999999	2	1553
1.3	1.5	1.4 -0.399999999999999	offset	1.4	offset	-0.399999999999999	2	1603
1.5	1.7	1.6 -0.399999999999999	offset	1.6	offset	-0.399999999999999	2	1653
1.7	1.9	1.8 -0.399999999999999	offset	1.8	offset	-0.399999999999999	2	1703
1.9	2.1	2 -0.399999999999999	offset	2	offset	-0.399999999999999	2	1753
2.1	2.3	2.2 -0.399999999999999	offset	2.2	offset	-0.399999999999999	2	1803
2.3	2.5	2.4 -0.399999999999999	offset	2.4	offset	-0.399999999999999	2	1853
2.5	2.7	2.6 -0.399999999999999	offset	2.6	offset	-0.399999999999999	2	1903
2.7	2.9	2.8 -0.399999999999999	offset	2.8	offset	-0.399999999999999	2	1953
2.9	3.1	3 -0.399999999999999	offset	3	offset	-0.399999999999999	2	2003
3.1	3.3	3.2 -0.399999999999999	offset	3.2	offset	-0.399999999999999	2	2053
3.3	3.5	3.4 -0.399999999999999	offset	3.4	offset	-0.399999999999999	2	2103
3.5	3.7	3.6 -0.399999999999999	offset	3.6	offset	-0.399999999999999	2	2153
3.7	3.9	3.8 -0.399999999999999	offset	3.8	offset	-0.399999999999999	2	2203
3.9	4.1	4 -0.399999999999999	offset	4	offset	-0.399999999999999	2	2253
4.1	4.3	4.2 -0.399999999999999	offset	4.2	offset	-0.399999999999999	2	2303
4.3	4.5	4.4 -0.399999999999999	offset	4.4	offset	-0.399999999999999	2	2353
4.5	4.7	4.6 -0.399999999999999	offset	4.6	offset	-0.399999999999999	2	2403
4.7	4.9	4.8 -0.399999999999999	offset	4.8	offset	-0.399999999999999	2	2453
4.9	5.1	5 -0.399999999999999	offset	5	offset	-0.399999999999999	2	2503
-5.1	-4.9	-5 -0.199999999999999	offset	-5	offset	-0.199999999999999	2	1201
-4.9	-4.7	-4.8 -0.199999999999999	offset	-4.8	offset	-0.199999999999999	2	1151
-4.7	-4.5	-4.6 -0.199999999999999	offset	-4.6	offset	-0.199999999999999	2	1101
-4.5	-4.3	-4.4 -0.199999999999999	offset	-4.4	offset	-0.199999999999999	2	1051
-4.3	-4.1	-4.2 -0.199999999999999	offset	-4.2	offset	-0.199999999999999	2	1001
-4.1	-3.9	-4 -0.199999999999999	offset	-4	offset	-0.199999999999999	2	951
-3.9	-3.7	-3.8 -0.199999999999999	offset	-3.8	offset	-0.199999999999999	2	901
-3.7	-3.5	-3.6 -0.199999999999999	offset	-3.6	offset	-0.199999999999999	2	851
-3.5	-3.3	-3.4 -0.199999999999999	offset	-3.4	offset	-0.199999999999999	2	801
-3.3	-3.1	-3.2 -0.199999999999999	offset	-3.2	offset	-0.199999999999999	2	751
-3.1	-2.9	-3 -0.199999999999999	offset	-3	offset	-0.199999999999999	2	701
-2.9	-2.7	-2.8 -0.199999999999999	offset	-2.8	offset	-0.199999999999999	2	651
-2.7	-2.5	-2.6 -0.199999999999999	offset	-2.6	offset	-0.199999999999999	2	601
-2.5	-2.3	-2.4 -0.199999999999999	offset	-2.4	offset	-0.199999999999999	2	551
-2.3	-2.1	-2.2 -0.199999999999999	offset	-2.2	offset	-0.199999999999999	2	501
-2.1	-1.9	-2 -0.199999999999999	offset	-2	offset	-0.199999999999999	2	451
-1.9	-1.7	-1.8 -0.199999999999999	offset	-1.8	offset	-0.199999999999999	2	401
-1.7	-1.5	-1.6 -0.199999999999999	offset	-1.6	offset	-0.199999999999999	2	351
-1.5	-1.3	-1.4 -0.199999999999999	offset	-1.4	offset	-0.199999999999999	2	301
-1.3	-1.1	-1.2 -0.199999999999999	offset	-1.2	offset	-0.199999999999999	2	251
-1.1	-0.9	-1 -0.199999999999999	offset	-1	offset	-0.199999999999999	2	201
-0.9	-0.7	-0.8 -0.199999999999999	offset	-0.8	offset	-0.199999999999999	2	151
-0.7	-0.5	-0.6 -0.199999999999999	offset	-0.6	offset	-0.199999999999999	2	101
-0.5	-0.299999999999999	-0.399999999999999 -0.199999999999999	offset	-0.399999999999999	offset	-0.199999999999999	2	51
-0.299999999999999	-0.0999999999999996	1	offset	-0.199999999999999	offset	-0.199999999999999	2	1501
-0.0999999999999996	0.1	0 -0.199999999999999	offset	0	offset	-0.199999999999999	2	1251
0.1	0.3	0.2 -0.199999999999999	offset	0.2	offset	-0.199999999999999	2	1301
0.3	0.5	0.4 -0.199999999999999	offset	0.4	offset	-0.199999999999999	2	1351
0.5	0.700000000000001	0.6 -0.199999999999999	offset	0.600000000000001	offset	-0.199999999999999	2	1401
0.700000000000001	0.9	0.800000000000001 -0.199999999999999	offset	0.800000000000001	offset	-0.199999999999999	2	1451
0.9	1.1	1 -0.199999999999999	offset	1	offset	-0.199999999999999	2	1502
1.1	1.3	1.2 -0.199999999999999	offset	1.2	offset	-0.199999999999999	2	1552
1.3	1.5	1.4 -0.199999999999999	offset	1.4	offset	-0.199999999999999	2	1602
1.5	1.7	1.6 -0.199999999999999	offset	1.6	offset	-0.199999999999999	2	1652
1.7	1.9	1.8 -0.199999999999999	offset	1.8	offset	-0.199999999999999	2	1702
1.9	2.1	2 -0.199999999999999	offset	2	offset	-0.199999999999999	2	1752
2.1	2.3	2.2 -0.199999999999999	offset	2.2	offset	-0.199999999999999	2	1802
2.3	2.5	2.4 -0.199999999999999	offset	2.4	offset	-0.199999999999999	2	1852
2.5	2.7	2.6 -0.199999999999999	offset	2.6	offset	-0.199999999999999	2	1902
2.7	2.9	2.8 -0.199999999999999	offset	2.8	offset	-0.199999999999999	2	1952
2.9	3.1	3 -0.199999999999999	offset	3	offset	-0.199999999999999	2	2002
3.1	3.3	3.2 -0.199999999999999	offset	3.2	offset	-0.199999999999999	2	2052
3.3	3.5	3.4 -0.199999999999999	offset	3.4	offset	-0.199999999999999	2	2102
3.5	3.7	3.6 -0.199999999999999	offset	3.6	offset	-0.199999999999999	2	2152
3.7	3.9	3.8 -0.199999999999999	offset	3.8	offset	-0.199999999999999	2	2202
3.9	4.1	4 -0.199999999999999	offset	4	offset	-0.199999999999999	2	2252
4.1	4.3	4.2 -0.199999999999999	offset	4.2	offset	-0.199999999999999	2	2302
4.3	4.5	4.4 -0.199999999999999	offset	4.4	offset	-0.199999999999999	2	2352
4.5	4.7	4.6 -0.199999999999999	offset	4.6	offset	-0.199999999999999	2	2402
4.7	4.9	4.8 -0.199999999999999	offset	4.8	offset	-0.199999999999999	2	2452
4.9	5.1	5 -0.199999999999999	offset	5	offset	-0.199999999999999	2	2502
-5.1	-4.9	-5 0	offset	-5	offset	0	2	1225
-4.9	-4.7	-4.8 0	offset	-4.8	offset	0	2	1175
-4.7	-4.5	-4.6 0	offset	-4.6	offset	0	2	1125
-4.5	-4.3	-4.4 0	offset	-4.4	offset	0	2	1075
-4.3	-4.1	-4.2 0	offset	-4.2	offset	0	2	1025
-4.1	-3.9	-4 0	offset	-4	offset	0	2	975
-3.9	-3.7	-3.8 0	offset	-3.8	offset	0	2	925
-3.7	-3.5	-3.6 0	offset	-3.6	offset	0	2	875
-3.5	-3.3	-3.4 0	offset	-3.4	offset	0	2	825
-3.3	-3.1	-3.2 0	offset	-3.2	offset	0	2	775
-3.1	-2.9	-3 0	offset	-3	offset	0	2	725
-2.9	-2.7	-2.8 0	offset	-2.8	offset	0	2	675
-2.7	-2.5	-2.6 0	offset	-2.6	offset	0	2	625
-2.5	-2.3	-2.4 0	offset	-2.4	offset	0	2	575
-2.3	-2.1	-2.2 0	offset	-2.2	offset	0	2	525
-2.1	-1.9	-2 0	offset	-2	offset	0	2	475
-1.9	-1.7	-1.8 0	offset	-1.8	offset	0	2	425
-1.7	-1.5	-1.6 0	offset	-1.6	offset	0	2	375
-1.5	-1.3	-1.4 0	offset	-1.4	offset	0	2	325
-1.3	-1.1	-1.2 0	offset	-1.2	offset	0	2	275
-1.1	-0.9	-1 0	offset	-1	offset	0	2	225
-0.9	-0.7	-0.8 0	offset	-0.8	offset	0	2	175
-0.7	-0.5	-0.6 0	offset	-0.6	offset	0	2	125
-0.5	-0.299999999999999	-0.399999999999999 0	offset	-0.399999999999999	offset	0	2	75
-0.299999999999999	-0.0999999999999996	-0.199999999999999 0	offset	-0.199999999999999	offset	0	2	25
-0.0999999999999996	0.1	1	offset	0	offset	0	2	1501
0.1	0.3	0.2 0	offset	0.2	offset	0	2	1326
0.3	0.5	0.4 0	offset	0.4	offset	0	2	1376
0.5	0.700000000000001	0.6 0	offset	0.600000000000001	offset	0	2	1426
0.700000000000001	0.9	0.800000000000001 0	offset	0.800000000000001	offset	0	2	1476
0.9	1.1	1 0	offset	1	offset	0	2	1527
1.1	1.3	1.2 0	offset	1.2	offset	0	2	1577
1.3	1.5	1.4 0	offset	1.4	offset	0	2	1627
1.5	1.7	1.6 0	offset	1.6	offset	0	2	1677
1.7	1.9	1.8 0	offset	1.8	offset	0	2	1727
1.9	2.1	2 0	offset	2	offset	0	2	1777
2.1	2.3	2.2 0	offset	2.2	offset	0	2	1827
2.3	2.5	2.4 0	offset	2.4	offset	0	2	1877
2.5	2.7	2.6 0	offset	2.6	offset	0	2	1927
2.7	2.9	2.8 0	offset	2.8	offset	0	2	1977
2.9	3.1	3 0	offset	3	offset	0	2	2027
3.1	3.3	3.2 0	offset	3.2	offset	0	2	2077
3.3	3.5	3.4 0	offset	3.4	offset	0	2	2127
3.5	3.7	3.6 0	offset	3.6	offset	0	2	2177
3.7	3.9	3.8 0	offset	3.8	offset	0	2	2227
3.9	4.1	4 0	offset	4	offset	0	2	2277
4.1	4.3	4.2 0	offset	4.2	offset	0	2	2327
4.3	4.5	4.4 0	offset	4.4	offset	0	2	2377
4.5	4.7	4.6 0	offset	4.6	offset	0	2	2427
4.7	4.9	4.8 0	offset	4.8	offset	0	2	2477
4.9	5.1	5 0	offset	5	offset	0	2	2527
-5.1	-4.9	-5 0.2	offset	-5	offset	0.2	2	1226
-4.9	-4.7	-4.8 0.2	offset	-4.8	offset	0.2	2	1176
-4.7	-4.5	-4.6 0.2	offset	-4.6	offset	0.2	2	1126
-4.5	-4.3	-4.4 0.2	offset	-4.4	offset	0.2	2	1076
-4.3	-4.1	-4.2 0.2	offset	-4.2	offset	0.2	2	1026
-4.1	-3.9	-4 0.2	offset	-4	offset	0.2	2	976
-3.9	-3.7	-3.8 0.2	offset	-3.8	offset	0.2	2	926
-3.7	-3.5	-3.6 0.2	offset	-3.6	offset	0.2	2	876
-3.5	-3.3	-3.4 0.2	offset	-3.4	offset	0.2	2	826
-3.3	-3.1	-3.2 0.2	offset	-3.2	offset	0.2	2	776
-3.1	-2.9	-3 0.2	offset	-3	offset	0.2	2	726
-2.9	-2.7	-2.8 0.2	offset	-2.8	offset	0.2	2	676
-2.7	-2.5	-2.6 0.2	offset	-2.6	offset	0.2	2	626
-2.5	-2.3	-2.4 0.2	offset	-2.4	offset	0.2	2	576
-2.3	-2.1	-2.2 0.2	offset	-2.2	offset	0.2	2	526
-2.1	-1.9	-2 0.2	offset	-2	offset	0.2	2	476
-1.9	-1.7	-1.8 0.2	offset	-1.8	offset	0.2	2	426
-1.7	-1.5	-1.6 0.2	offset	-1.6	offset	0.2	2	376
-1.5	-1.3	-1.4 0.2	offset	-1.4	offset	0.2	2	326
-1.3	-1.1	-1.2 0.2	offset	-1.2	offset	0.2	2	276
-1.1	-0.9	-1 0.2	offset	-1	offset	0.2	2	226
-0.9	-0.7	-0.8 0.2	offset	-0.8	offset	0.2	2	176
-0.7	-0.5	-0.6 0.2	offset	-0.6	offset	0.2	2	126
-0.5	-0.299999999999999	-0.399999999999999 0.2	offset	-0.399999999999999	offset	0.2	2	76
-0.299999999999999	-0.0999999999999996	-0.199999999999999 0.2	offset	-0.199999999999999	offset	0.2	2	26
-0.0999999999999996	0.1	0 0.2	offset	0	offset	0.2	2	1276
0.1	0.3	1	offset	0.2	offset	0.2	2	1501
0.3	0.5	0.4 0.2	offset	0.4	offset	0.2	2	1377
0.5	0.700000000000001	0.6 0.2	offset	0.600000000000001	offset	0.2	2	1427
0.700000000000001	0.9	0.800000000000001 0.2	offset	0.800000000000001	offset	0.2	2	1477
0.9	1.1	1 0.2	offset	1	offset	0.2	2	1528
1.1	1.3	1.2 0.2	offset	1.2	offset	0.2	2	1578
1.3	1.5	1.4 0.2	offset	1.4	offset	0.2	2	1628
1.5	1.7	1.6 0.2	offset	1.6	offset	0.2	2	1678
1.7	1.9	1.8 0.2	offset	1.8	offset	0.2	2	1728
1.9	2.1	2 0.2	offset	2	offset	0.2	2	1778
2.1	2.3	2.2 0.2	offset	2.2	offset	0.2	2	1828
2.3	2.5	2.4 0.2	offset	2.4	offset	0.2	2	1878
2.5	2.7	2.6 0.2	offset	2.6	offset	0.2	2	1928
2.7	2.9	2.8 0.2	offset	2.8	offset	0.2	2	1978
2.9	3.1	3 0.2	offset	3	offset	0.2	2	2028
3.1	3.3	3.2 0.2	offset	3.2	offset	0.2	2	2078
3.3	3.5	3.4 0.2	offset	3.4	offset	0.2	2	2128
3.5	3.7	3.6 0.2	offset	3.6	offset	0.2	2	2178
3.7	3.9	3.8 0.2	offset	3.8	offset	0.2	2	2228
3.9	4.1	4 0.2	offset	4	offset	0.2	2	2278
4.1	4.3	4.2 0.2	offset	4.2	offset	0.2	2	2328
4.3	4.5	4.4 0.2	offset	4.4	offset	0.2	2	2378
4.5	4.7	4.6 0.2	offset	4.6	offset	0.2	2	2428
4.7	4.9	4.8 0.2	offset	4.8	offset	0.2	2	2478
4.9	5.1	5 0.2	offset	5	offset	0.2	2	2528
-5.1	-4.9	-5 0.4	offset	-5	offset	0.4	2	1227
-4.9	-4.7	-4.8 0.4	offset	-4.8	offset	0.4	2	1177
-4.7	-4.5	-4.6 0.4	offset	-4.6	offset	0.4	2	1127
-4.5	-4.3	-4.4 0.4	offset	-4.4	offset	0.4	2	1077
-4.3	-4.1	-4.2 0.4	offset	-4.2	offset	0.4	2	1027
-4.1	-3.9	-4 0.4	offset	-4	offset	0.4	2	977
-3.9	-3.7	-3.8 0.4	offset	-3.8	offset	0.4	2	927
-3.7	-3.5	-3.6 0.4	offset	-3.6	offset	0.4	2	877
-3.5	-3.3	-3.4 0.4	offset	-3.4	offset	0.4	2	827
-3.3	-3.1	-3.2 0.4	offset	-3.2	offset	0.4	2	777
-3.1	-2.9	-3 0.4	offset	-3	offset	0.4	2	727
-2.9	-2.7	-2.8 0.4	offset	-2.8	offset	0.4	2	677
-2.7	-2.5	-2.6 0.4	offset	-2.6	offset	0.4	2	627
-2.5	-2.3	-2.4 0.4	offset	-2.4	offset	0.4	2	577
-2.3	-2.1	-2.2 0.4	offset	-2.2	offset	0.4	2	527
-2.1	-1.9	-2 0.4	offset	-2	offset	0.4	2	477
-1.9	-1.7	-1.8 0.4	offset	-1.8	offset	0.4	2	427
-1.7	-1.5	-1.6 0.4	offset	-1.6	offset	0.4	2	377
-1.5	-1.3	-1.4 0.4	offset	-1.4	offset	0.4	2	327
-1.3	-1.1	-1.2 0.4	offset	-1.2	offset	0.4	2	277
-1.1	-0.9	-1 0.4	offset	-1	offset	0.4	2	227
-0.9	-0.7	-0.8 0.4	offset	-0.8	offset	0.4	2	177
-0.7	-0.5	-0.6 0.4	offset	-0.6	offset	0.4	2	127
-0.5	-0.299999999999999	-0.399999999999999 0.4	offset	-0.399999999999999	offset	0.4	2	77
-0.299999999999999	-0.0999999999999996	-0.199999999999999 0.4	offset	-0.199999999999999	offset	0.4	2	27
-0.0999999999999996	0.1	0 0.4	offset	0	offset	0.4	2	1277
0.1	0.3	0.2 0.4	offset	0.2	offset	0.4	2	1327
0.3	0.5	1	offset	0.4	offset	0.4	2	1501
0.5	0.700000000000001	0.6 0.4	offset	0.600000000000001	offset	0.4	2	1428
0.700000000000001	0.9	0.800000000000001 0.4	offset	0.800000000000001	offset	0.4	2	1478
0.9	1.1	1 0.4	offset	1	offset	0.4	2	1529
1.1	1.3	1.2 0.4	offset	1.2	offset	0.4	2	1579
1.3	1.5	1.4 0.4	offset	1.4	offset	0.4	2	1629
1.5	1.7	1.6 0.4	offset	1.6	offset	0.4	2	1679
1.7	1.9	1.8 0.4	offset	1.8	offset	0.4	2	1729
1.9	2.1	2 0.4	offset	2	offset	0.4	2	1779
2.1	2.3	2.2 0.4	offset	2.2	offset	0.4	2	1829
2.3	2.5	2.4 0.4	offset	2.4	offset	0.4	2	1879
2.5	2.7	2.6 0.4	offset	2.6	offset	0.4	2	1929
2.7	2.9	2.8 0.4	offset	2.8	offset	0.4	2	1979
2.9	3.1	3 0.4	offset	3	offset	0.4	2	2029
3.1	3.3	3.2 0.4	offset	3.2	offset	0.4	2	2079
3.3	3.5	3.4 0.4	offset	3.4	offset	0.4	2	2129
3.5	3.7	3.6 0.4	offset	3.6	offset	0.4	2	2179
3.7	3.9	3.8 0.4	offset	3.8	offset	0.4	2	2229
3.9	4.1	4 0.4	offset	4	offset	0.4	2	2279
4.1	4.3	4.2 0.4	offset	4.2	offset	0.4	2	2329
4.3	4.5	4.4 0.4	offset	4.4	offset	0.4	2	2379
4.5	4.7	4.6 0.4	offset	4.6	offset	0.4	2	2429
4.7	4.9	4.8 0.4	offset	4.8	offset	0.4	2	2479
4.9	5.1	5 0.4	offset	5	offset	0.4	2	2529
-5.1	-4.9	-5 0.6	offset	-5	offset	0.600000000000001	2	1228
-4.9	-4.7	-4.8 0.6	offset	-4.8	offset	0.600000000000001	2	1178
-4.7	-4.5	-4.6 0.6	offset	-4.6	offset	0.600000000000001	2	1128
-4.5	-4.3	-4.4 0.6	offset	-4.4	offset	0.600000000000001	2	1078
-4.3	-4.1	-4.2 0.6	offset	-4.2	offset	0.600000000000001	2	1028
-4.1	-3.9	-4 0.6	offset	-4	offset	0.600000000000001	2	978
-3.9	-3.7	-3.8 0.6	offset	-3.8	offset	0.600000000000001	2	928
-3.7	-3.5	-3.6 0.6	offset	-3.6	offset	0.600000000000001	2	878
-3.5	-3.3	-3.4 0.6	offset	-3.4	offset	0.600000000000001	2	828
-3.3	-3.1	-3.2 0.6	offset	-3.2	offset	0.600000000000001	2	778
-3.1	-2.9	-3 0.6	offset	-3	offset	0.600000000000001	2	728
-2.9	-2.7	-2.8 0.6	offset	-2.8	offset	0.600000000000001	2	678
-2.7	-2.5	-2.6 0.6	offset	-2.6	offset	0.600000000000001	2	628
-2.5	-2.3	-2.4 0.6	offset	-2.4	offset	0.600000000000001	2	578
-2.3	-2.1	-2.2 0.6	offset	-2.2	offset	0.600000000000001	2	528
-2.1	-1.9	-2 0.6	offset	-2	offset	0.600000000000001	2	478
-1.9	-1.7	-1.8 0.6	offset	-1.8	offset	0.600000000000001	2	428
-1.7	-1.5	-1.6 0.6	offset	-1.6	offset	0.600000000000001	2	378
-1.5	-1.3	-1.4 0.6	offset	-1.4	offset	0.600000000000001	2	328
-1.3	-1.1	-1.2 0.6	offset	-1.2	offset	0.600000000000001	2	278
-1.1	-0.9	-1 0.6	offset	-1	offset	0.600000000000001	2	228
-0.9	-0.7	-0.8 0.6	offset	-0.8	offset	0.600000000000001	2	178
-0.7	-0.5	-0.6 0.6	offset	-0.6	offset	0.600000000000001	2	128
-0.5	-0.299999999999999	-0.399999999999999 0.6	offset	-0.399999999999999	offset	0.600000000000001	2	78
-0.299999999999999	-0.0999999999999996	-0.199999999999999 0.6	offset	-0.199999999999999	offset	0.600000000000001	2	28
-0.0999999999999996	0.1	0 0.6	offset	0	offset	0.600000000000001	2	1278
0.1	0.3	0.2 0.6	offset	0.2	offset	0.600000000000001	2	1328
0.3	0.5	0.4 0.6	offset	0.4	offset	0.600000000000001	2	1378
0.5	0.700000000000001	1	offset	0.600000000000001	offset	0.600000000000001	2	1501
0.700000000000001	0.9	0.800000000000001 0.6	offset	0.800000000000001	offset	0.600000000000001	2	1479
0.9	1.1	1 0.6	offset	1	offset	0.600000000000001	2	1530
1.1	1.3	1.2 0.6	offset	1.2	offset	0.600000000000001	2	1580
1.3	1.5	1.4 0.6	offset	1.4	offset	0.600000000000001	2	1630
1.5	1.7	1.6 0.6	offset	1.6	offset	0.600000000000001	2	1680
1.7	1.9	1.8 0.6	offset	1.8	offset	0.600000000000001	2	1730
1.9	2.1	2 0.6	offset	2	offset	0.600000000000001	2	1780
2.1	2.3	2.2 0.6	offset	2.2	offset	0.600000000000001	2	1830
2.3	2.5	2.4 0.6	offset	2.4	offset	0.600000000000001	2	1880
2.5	2.7	2.6 0.6	offset	2.6	offset	0.600000000000001	2	1930
2.7	2.9	2.8 0.6	offset	2.8	offset	0.600000000000001	2	1980
2.9	3.1	3 0.6	offset	3	offset	0.600000000000001	2	2030
3.1	3.3	3.2 0.6	offset	3.2	offset	0.600000000000001	2	2080
3.3	3.5	3.4 0.6	offset	3.4	offset	0.600000000000001	2	2130
3.5	3.7	3.6 0.6	offset	3.6	offset	0.600000000000001	2	2180
3.7	3.9	3.8 0.6	offset	3.8	offset	0.600000000000001	2	2230
3.9	4.1	4 0.6	offset	4	offset	0.600000000000001	2	2280
4.1	4.3	4.2 0.6	offset	4.2	offset	0.600000000000001	2	2330
4.3	4.5	4.4 0.6	offset	4.4	offset	0.600000000000001	2	2380
4.5	4.7	4.6 0.6	offset	4.6	offset	0.600000000000001	2	2430
4.7	4.9	4.8 0.6	offset	4.8	offset	0.600000000000001	2	2480
4.9	5.1	5 0.6	offset	5	offset	0.600000000000001	2	2530
-5.1	-4.9	-5 0.800000000000001	offset	-5	offset	0.800000000000001	2	1229
-4.9	-4.7	-4.8 0.800000000000001	offset	-4.8	offset	0.800000000000001	2	1179
-4.7	-4.5	-4.6 0.800000000000001	offset	-4.6	offset	0.800000000000001	2	1129
-4.5	-4.3	-4.4 0.800000000000001	offset	-4.4	offset	0.800000000000001	2	1079
-4.3	-4.1	-4.2 0.800000000000001	offset	-4.2	offset	0.800000000000001	2	1029
-4.1	-3.9	-4 0.800000000000001	offset	-4	offset	0.800000000000001	2	979
-3.9	-3.7	-3.8 0.800000000000001	offset	-3.8	offset	0.800000000000001	2	929
-3.7	-3.5	-3.6 0.800000000000001	offset	-3.6	offset	0.800000000000001	2	879
-3.5	-3.3	-3.4 0.800000000000001	offset	-3.4	offset	0.800000000000001	2	829
-3.3	-3.1	-3.2 0.800000000000001	offset	-3.2	offset	0.800000000000001	2	779
-3.1	-2.9	-3 0.800000000000001	offset	-3	offset	0.800000000000001	2	729
-2.9	-2.7	-2.8 0.800000000000001	offset	-2.8	offset	0.800000000000001	2	679
-2.7	-2.5	-2.6 0.800000000000001	offset	-2.6	offset	0.800000000000001	2	629
-2.5	-2.3	-2.4 0.800000000000001	offset	-2.4	offset	0.800000000000001	2	579
-2.3	-2.1	-2.2 0.800000000000001	offset	-2.2	offset	0.800000000000001	2	529
-2.1	-1.9	-2 0.800000000000001	offset	-2	offset	0.800000000000001	2	479
-1.9	-1.7	-1.8 0.800000000000001	offset	-1.8	offset	0.800000000000001	2	429
-1.7	-1.5	-1.6 0.800000000000001	offset	-1.6	offset	0.800000000000001	2	379
-1.5	-1.3	-1.4 0.800000000000001	offset	-1.4	offset	0.800000000000001	2	329
-1.3	-1.1	-1.2 0.800000000000001	offset	-1.2	offset	0.800000000000001	2	279
-1.1	-0.9	-1 0.800000000000001	offset	-1	offset	0.800000000000001	2	229
-0.9	-0.7	-0.8 0.800000000000001	offset	-0.8	offset	0.800000000000001	2	179
-0.7	-0.5	-0.6 0.800000000000001	offset	-0.6	offset	0.800000000000001	2	129
-0.5	-0.299999999999999	-0.399999999999999 0.800000000000001	offset	-0.399999999999999	offset	0.800000000000001	2	79
-0.299999999999999	-0.0999999999999996	-0.199999999999999 0.800000000000001	offset	-0.199999999999999	offset	0.800000000000001	2	29
-0.0999999999999996	0.1	0 0.800000000000001	offset	0	offset	0.800000000000001	2	1279
0.1	0.3	0.2 0.800000000000001	offset	0.2	offset	0.800000000000001	2	1329
0.3	0.5	0.4 0.800000000000001	offset	0.4	offset	0.800000000000001	2	1379
0.5	0.700000000000001	0.6 0.800000000000001	offset	0.600000000000001	offset	0.800000000000001	2	1429
0.700000000000001	0.9	1	offset	0.800000000000001	offset	0.800000000000001	2	1501
0.9	1.1	1 0.800000000000001	offset	1	offset	0.800000000000001	2	1531
1.1	1.3	1.2 0.800000000000001	offset	1.2	offset	0.800000000000001	2	1581
1.3	1.5	1.4 0.800000000000001	offset	1.4	offset	0.800000000000001	2	1631
1.5	1.7	1.6 0.800000000000001	offset	1.6	offset	0.800000000000001	2	1681
1.7	1.9	1.8 0.800000000000001	offset	1.8	offset	0.800000000000001	2	1731
1.9	2.1	2 0.800000000000001	offset	2	offset	0.800000000000001	2	1781
2.1	2.3	2.2 0.800000000000001	offset	2.2	offset	0.800000000000001	2	1831
2.3	2.5	2.4 0.800000000000001	offset	2.4	offset	0.800000000000001	2	1881
2.5	2.7	2.6 0.800000000000001	offset	2.6	offset	0.800000000000001	2	1931
2.7	2.9	2.8 0.800000000000001	offset	2.8	offset	0.800000000000001	2	1981
2.9	3.1	3 0.800000000000001	offset	3	offset	0.800000000000001	2	2031
3.1	3.3	3.2 0.800000000000001	offset	3.2	offset	0.800000000000001	2	2081
3.3	3.5	3.4 0.800000000000001	offset	3.4	offset	0.800000000000001	2	2131
3.5	3.7	3.6 0.800000000000001	offset	3.6	offset	0.800000000000001	2	2181
3.7	3.9	3.8 0.800000000000001	offset	3.8	offset	0.800000000000001	2	2231
3.9	4.1	4 0.800000000000001	offset	4	offset	0.800000000000001	2	2281
4.1	4.3	4.2 0.800000000000001	offset	4.2	offset	0.800000000000001	2	2331
4.3	4.5	4.4 0.800000000000001	offset	4.4	offset	0.800000000000001	2	2381
4.5	4.7	4.6 0.800000000000001	offset	4.6	offset	0.800000000000001	2	2431
4.7	4.9	4.8 0.800000000000001	offset	4.8	offset	0.800000000000001	2	2481
4.9	5.1	5 0.800000000000001	offset	5	offset	0.800000000000001	2	2531
-5.1	-4.9	-5 1	offset	-5	offset	1	2	1230
-4.9	-4.7	-4.8 1	offset	-4.8	offset	1	2	1180
-4.7	-4.5	-4.6 1	offset	-4.6	offset	1	2	1130
-4.5	-4.3	-4.4 1	offset	-4.4	offset	1	2	1080
-4.3	-4.1	-4.2 1	offset	-4.2	offset	1	2	1030
-4.1	-3.9	-4 1	offset	-4	offset	1	2	980
-3.9	-3.7	-3.8 1	offset	-3.8	offset	1	2	930
-3.7	-3.5	-3.6 1	offset	-3.6	offset	1	2	880
-3.5	-3.3	-3.4 1	offset	-3.4	offset	1	2	830
-3.3	-3.1	-3.2 1	offset	-3.2	offset	1	2	780
-3.1	-2.9	-3 1	offset	-3	offset	1	2	730
-2.9	-2.7	-2.8 1	offset	-2.8	offset	1	2	680
-2.7	-2.5	-2.6 1	offset	-2.6	offset	1	2	630
-2.5	-2.3	-2.4 1	offset	-2.4	offset	1	2	580
-2.3	-2.1	-2.2 1	offset	-2.2	offset	1	2	530
-2.1	-1.9	-2 1	offset	-2	offset	1	2	480
-1.9	-1.7	-1.8 1	offset	-1.8	offset	1	2	430
-1.7	-1.5	-1.6 1	offset	-1.6	offset	1	2	380
-1.5	-1.3	-1.4 1	offset	-1.4	offset	1	2	330
-1.3	-1.1	-1.2 1	offset	-1.2	offset	1	2	280
-1.1	-0.9	-1 1	offset	-1	offset	1	2	230
-0.9	-0.7	-0.8 1	offset	-0.8	offset	1	2	180
-0.7	-0.5	-0.6 1	offset	-0.6	offset	1	2	130
-0.5	-0.299999999999999	-0.399999999999999 1	offset	-0.399999999999999	offset	1	2	80
-0.299999999999999	-0.0999999999999996	-0.199999999999999 1	offset	-0.199999999999999	offset	1	2	30
-0.0999999999999996	0.1	0 1	offset	0	offset	1	2	1280
0.1	0.3	0.2 1	offset	0.2	offset	1	2	1330
0.3	0.5	0.4 1	offset	0.4	offset	1	2	1380
0.5	0.700000000000001	0.6 1	offset	0.600000000000001	offset	1	2	1430
0.700000000000001	0.9	0.800000000000001 1	offset	0.800000000000001	offset	1	2	1480
0.9	1.1	1	offset	1	offset	1	2	1501
1.1	1.3	1.2 1	offset	1.2	offset	1	2	1582
1.3	1.5	1.4 1	offset	1.4	offset	1	2	1632
1.5	1.7	1.6 1	offset	1.6	offset	1	2	1682
1.7	1.9	1.8 1	offset	1.8	offset	1	2	1732
1.9	2.1	2 1	offset	2	offset	1	2	1782
2.1	2.3	2.2 1	offset	2.2	offset	1	2	1832
2.3	2.5	2.4 1	offset	2.4	offset	1	2	1882
2.5	2.7	2.6 1	offset	2.6	offset	1	2	1932
2.7	2.9	2.8 1	offset	2.8	offset	1	2	1982
2.9	3.1	3 1	offset	3	offset	1	2	2032
3.1	3.3	3.2 1	offset	3.2	offset	1	2	2082
3.3	3.5	3.4 1	offset	3.4	offset	1	2	2132
3.5	3.7	3.6 1	offset	3.6	offset	1	2	2182
3.7	3.9	3.8 1	offset	3.8	offset	1	2	2232
3.9	4.1	4 1	offset	4	offset	1	2	2282
4.1	4.3	4.2 1	offset	4.2	offset	1	2	2332
4.3	4.5	4.4 1	offset	4.4	offset	1	2	2382
4.5	4.7	4.6 1	offset	4.6	offset	1	2	2432
4.7	4.9	4.8 1	offset	4.8	offset	1	2	2482
4.9	5.1	5 1	offset	5	offset	1	2	2532
-5.1	-4.9	-5 1.2	offset	-5	offset	1.2	2	1231
-4.9	-4.7	-4.8 1.2	offset	-4.8	offset	1.2	2	1181
-4.7	-4.5	-4.6 1.2	offset	-4.6	offset	1.2	2	1131
-4.5	-4.3	-4.4 1.2	offset	-4.4	offset	1.2	2	1081
-4.3	-4.1	-4.2 1.2	offset	-4.2	offset	1.2	2	1031
-4.1	-3.9	-4 1.2	offset	-4	offset	1.2	2	981
-3.9	-3.7	-3.8 1.2	offset	-3.8	offset	1.2	2	931
-3.7	-3.5	-3.6 1.2	offset	-3.6	offset	1.2	2	881
-3.5	-3.3	-3.4 1.2	offset	-3.4	offset	1.2	2	831
-3.3	-3.1	-3.2 1.2	offset	-3.2	offset	1.2	2	781
-3.1	-2.9	-3 1.2	offset	-3	offset	1.2	2	731
-2.9	-2.7	-2.8 1.2	offset	-2.8	offset	1.2	2	681
-2.7	-2.5	-2.6 1.2	offset	-2.6	offset	1.2	2	631
-2.5	-2.3	-2.4 1.2	offset	-2.4	offset	1.2	2	581
-2.3	-2.1	-2.2 1.2	offset	-2.2	offset	1.2	2	531
-2.1	-1.9	-2 1.2	offset	-2	offset	1.2	2	481
-1.9	-1.7	-1.8 1.2	offset	-1.8	offset	1.2	2	431
-1.7	-1.5	-1.6 1.2	offset	-1.6	offset	1.2	2	381
-1.5	-1.3	-1.4 1.2	offset	-1.4	offset	1.2	2	331
-1.3	-1.1	-1.2 1.2	offset	-1.2	offset	1.2	2	281
-1.1	-0.9	-1 1.2	offset	-1	offset	1.2	2	231
-0.9	-0.7	-0.8 1.2	offset	-0.8	offset	1.2	2	181
-0.7	-0.5	-0.6 1.2	offset	-0.6	offset	1.2	2	131
-0.5	-0.299999999999999	-0.399999999999999 1.2	offset	-0.399999999999999	offset	1.2	2	81
-0.299999999999999	-0.0999999999999996	-0.199999999999999 1.2	offset	-0.199999999999999	offset	1.2	2	31
-0.0999999999999996	0.1	0 1.2	offset	0	offset	1.2	2	1281
0.1	0.3	0.2 1.2	offset	0.2	offset	1.2	2	1331
0.3	0.5	0.4 1.2	offset	0.4	offset	1.2	2	1381
0.5	0.700000000000001	0.6 1.2	offset	0.600000000000001	offset	1.2	2	1431
0.700000000000001	0.9	0.800000000000001 1.2	offset	0.800000000000001	offset	1.2	2	1481
0.9	1.1	1 1.2	offset	1	offset	1.2	2	1532
1.1	1.3	1	offset	1.2	offset	1.2	2	1501
1.3	1.5	1.4 1.2	offset	1.4	offset	1.2	2	1633
1.5	1.7	1.6 1.2	offset	1.6	offset	1.2	2	1683
1.7	1.9	1.8 1.2	offset	1.8	offset	1.2	2	1733
1.9	2.1	2 1.2	offset	2	offset	1.2	2	1783
2.1	2.3	2.2 1.2	offset	2.2	offset	1.2	2	1833
2.3	2.5	2.4 1.2	offset	2.4	offset	1.2	2	1883
2.5	2.7	2.6 1.2	offset	2.6	offset	1.2	2	1933
2.7	2.9	2.8 1.2	offset	2.8	offset	1.2	2	1983
2.9	3.1	3 1.2	offset	3	offset	1.2	2	2033
3.1	3.3	3.2 1.2	offset	3.2	offset	1.2	2	2083
3.3	3.5	3.4 1.2	offset	3.4	offset	1.2	2	2133
3.5	3.7	3.6 1.2	offset	3.6	offset	1.2	2	2183
3.7	3.9	3.8 1.2	offset	3.8	offset	1.2	2	2233
3.9	4.1	4 1.2	offset	4	offset	1.2	2	2283
4.1	4.3	4.2 1.2	offset	4.2	offset	1.2	2	2333
4.3	4.5	4.4 1.2	offset	4.4	offset	1.2	2	2383
4.5	4.7	4.6 1.2	offset	4.6	offset	1.2	2	2433
4.7	4.9	4.8 1.2	offset	4.8	offset	1.2	2	2483
4.9	5.1	5 1.2	offset	5	offset	1.2	2	2533
-5.1	-4.9	-5 1.4	offset	-5	offset	1.4	2	1232
-4.9	-4.7	-4.8 1.4	offset	-4.8	offset	1.4	2	1182
-4.7	-4.5	-4.6 1.4	offset	-4.6	offset	1.4	2	1132
-4.5	-4.3	-4.4 1.4	offset	-4.4	offset	1.4	2	1082
-4.3	-4.1	-4.2 1.4	offset	-4.2	offset	1.4	2	1032
-4.1	-3.9	-4 1.4	offset	-4	offset	1.4	2	982
-3.9	-3.7	-3.8 1.4	offset	-3.8	offset	1.4	2	932
-3.7	-3.5	-3.6 1.4	offset	-3.6	offset	1.4	2	882
-3.5	-3.3	-3.4 1.4	offset	-3.4	offset	1.4	2	832
-3.3	-3.1	-3.2 1.4	offset	-3.2	offset	1.4	2	782
-3.1	-2.9	-3 1.4	offset	-3	offset	1.4	2	732
-2.9	-2.7	-2.8 1.4	offset	-2.8	offset	1.4	2	682
-2.7	-2.5	-2.6 1.4	offset	-2.6	offset	1.4	2	632
-2.5	-2.3	-2.4 1.4	offset	-2.4	offset	1.4	2	582
-2.3	-2.1	-2.2 1.4	offset	-2.2	offset	1.4	2	532
-2.1	-1.9	-2 1.4	offset	-2	offset	1.4	2	482
-1.9	-1.7	-1.8 1.4	offset	-1.8	offset	1.4	2	432
-1.7	-1.5	-1.6 1.4	offset	-1.6	offset	1.4	2	382
-1.5	-1.3	-1.4 1.4	offset	-1.4	offset	1.4	2	332
-1.3	-1.1	-1.2 1.4	offset	-1.2	offset	1.4	2	282
-1.1	-0.9	-1 1.4	offset	-1	offset	1.4	2	232
-0.9	-0.7	-0.8 1.4	offset	-0.8	offset	1.4	2	182
-0.7	-0.5	-0.6 1.4	offset	-0.6	offset	1.4	2	132
-0.5	-0.299999999999999	-0.399999999999999 1.4	offset	-0.399999999999999	offset	1.4	2	82
-0.299999999999999	-0.0999999999999996	-0.199999999999999 1.4	offset	-0.199999999999999	offset	1.4	2	32
-0.0999999999999996	0.1	0 1.4	offset	0	offset	1.4	2	1282
0.1	0.3	0.2 1.4	offset	0.2	offset	1.4	2	1332
0.3	0.5	0.4 1.4	offset	0.4	offset	1.4	2	1382
0.5	0.700000000000001	0.6 1.4	offset	0.600000000000001	offset	1.4	2	1432
0.700000000000001	0.9	0.800000000000001 1.4	offset	0.800000000000001	offset	1.4	2	1482
0.9	1.1	1 1.4	offset	1	offset	1.4	2	1533
1.1	1.3	1.2 1.4	offset	1.2	offset	1.4	2	1583
1.3	1.5	1	offset	1.4	offset	1.4	2	1501
1.5	1.7	1.6 1.4	offset	1.6	offset	1.4	2	1684
1.7	1.9	1.8 1.4	offset	1.8	offset	1.4	2	1734
1.9	2.1	2 1.4	offset	2	offset	1.4	2	1784
2.1	2.3	2.2 1.4	offset	2.2	offset	1.4	2	1834
2.3	2.5	2.4 1.4	offset	2.4	offset	1.4	2	1884
2.5	2.7	2.6 1.4	offset	2.6	offset	1.4	2	1934
2.7	2.9	2.8 1.4	offset	2.8	offset	1.4	2	1984
2.9	3.1	3 1.4	offset	3	offset	1.4	2	2034
3.1	3.3	3.2 1.4	offset	3.2	offset	1.4	2	2084
3.3	3.5	3.4 1.4	offset	3.4	offset	1.4	2	2134
3.5	3.7	3.6 1.4	offset	3.6	offset	1.4	2	2184
3.7	3.9	3.8 1.4	offset	3.8	offset	1.4	2	2234
3.9	4.1	4 1.4	offset	4	offset	1.4	2	2284
4.1	4.3	4.2 1.4	offset	4.2	offset	1.4	2	2334
4.3	4.5	4.4 1.4	offset	4.4	offset	1.4	2	2384
4.5	4.7	4.6 1.4	offset	4.6	offset	1.4	2	2434
4.7	4.9	4.8 1.4	offset	4.8	offset	1.4	2	2484
4.9	5.1	5 1.4	offset	5	offset	1.4	2	2534
-5.1	-4.9	-5 1.6	offset	-5	offset	1.6	2	1233
-4.9	-4.7	-4.8 1.6	offset	-4.8	offset	1.6	2	1183
-4.7	-4.5	-4.6 1.6	offset	-4.6	offset	1.6	2	1133
-4.5	-4.3	-4.4 1.6	offset	-4.4	offset	1.6	2	1083
-4.3	-4.1	-4.2 1.6	offset	-4.2	offset	1.6	2	1033
-4.1	-3.9	-4 1.6	offset	-4	offset	1.6	2	983
-3.9	-3.7	-3.8 1.6	offset	-3.8	offset	1.6	2	933
-3.7	-3.5	-3.6 1.6	offset	-3.6	offset	1.6	2	883
-3.5	-3.3	-3.4 1.6	offset	-3.4	offset	1.6	2	833
-3.3	-3.1	-3.2 1.6	offset	-3.2	offset	1.6	2	783
-3.1	-2.9	-3 1.6	offset	-3	offset	1.6	2	733
-2.9	-2.7	-2.8 1.6	offset	-2.8	offset	1.6	2	683
-2.7	-2.5	-2.6 1.6	offset	-2.6	offset	1.6	2	633
-2.5	-2.3	-2.4 1.6	offset	-2.4	offset	1.6	2	583
-2.3	-2.1	-2.2 1.6	offset	-2.2	offset	1.6	2	533
-2.1	-1.9	-2 1.6	offset	-2	offset	1.6	2	483
-1.9	-1.7	-1.8 1.6	offset	-1.8	offset	1.6	2	433
-1.7	-1.5	-1.6 1.6	offset	-1.6	offset	1.6	2	383
-1.5	-1.3	-1.4 1.6	offset	-1.4	offset	1.6	2	333
-1.3	-1.1	-1.2 1.6	offset	-1.2	offset	1.6	2	283
-1.1	-0.9	-1 1.6	offset	-1	offset	1.6	2	233
-0.9	-0.7	-0.8 1.6	offset	-0.8	offset	1.6	2	183
-0.7	-0.5	-0.6 1.6	offset	-0.6	offset	1.6	2	133
-0.5	-0.299999999999999	-0.399999999999999 1.6	offset	-0.399999999999999	offset	1.6	2	83
-0.299999999999999	-0.0999999999999996	-0.199999999999999 1.6	offset	-0.199999999999999	offset	1.6	2	33
-0.0999999999999996	0.1	0 1.6	offset	0	offset	1.6	2	1283
0.1	0.3	0.2 1.6	offset	0.2	offset	1.6	2	1333
0.3	0.5	0.4 1.6	offset	0.4	offset	1.6	2	1383
0.5	0.700000000000001	0.6 1.6	offset	0.600000000000001	offset	1.6	2	1433
0.700000000000001	0.9	0.800000000000001 1.6	offset	0.800000000000001	offset	1.6	2	1483
0.9	1.1	1 1.6	offset	1	offset	1.6	2	1534
1.1	1.3	1.2 1.6	offset	1.2	offset	1.6	2	1584
1.3	1.5	1.4 1.6	offset	1.4	offset	1.6	2	1634
1.5	1.7	1	offset	1.6	offset	1.6	2	1501
1.7	1.9	1.8 1.6	offset	1.8	offset	1.6	2	1735
1.9	2.1	2 1.6	offset	2	offset	1.6	2	1785
2.1	2.3	2.2 1.6	offset	2.2	offset	1.6	2	1835
2.3	2.5	2.4 1.6	offset	2.4	offset	1.6	2	1885
2.5	2.7	2.6 1.6	offset	2.6	offset	1.6	2	1935
2.7	2.9	2.8 1.6	offset	2.8	offset	1.6	2	1985
2.9	3.1	3 1.6	offset	3	offset	1.6	2	2035
3.1	3.3	3.2 1.6	offset	3.2	offset	1.6	2	2085
3.3	3.5	3.4 1.6	offset	3.4	offset	1.6	2	2135
3.5	3.7	3.6 1.6	offset	3.6	offset	1.6	2	2185
3.7	3.9	3.8 1.6	offset	3.8	offset	1.6	2	2235
3.9	4.1	4 1.6	offset	4	offset	1.6	2	2285
4.1	4.3	4.2 1.6	offset	4.2	offset	1.6	2	2335
4.3	4.5	4.4 1.6	offset	4.4	offset	1.6	2	2385
4.5	4.7	4.6 1.6	offset	4.6	offset	1.6	2	2435
4.7	4.9	4.8 1.6	offset	4.8	offset	1.6	2	2485
4.9	5.1	5 1.6	offset	5	offset	1.6	2	2535
-5.1	-4.9	-5 1.8	offset	-5	offset	1.8	2	1234
-4.9	-4.7	-4.8 1.8	offset	-4.8	offset	1.8	2	1184
-4.7	-4.5	-4.6 1.8	offset	-4.6	offset	1.8	2	1134
-4.5	-4.3	-4.4 1.8	offset	-4.4	offset	1.8	2	1084
-4.3	-4.1	-4.2 1.8	offset	-4.2	offset	1.8	2	1034
-4.1	-3.9	-4 1.8	offset	-4	offset	1.8	2	984
-3.9	-3.7	-3.8 1.8	offset	-3.8	offset	1.8	2	934
-3.7	-3.5	-3.6 1.8	offset	-3.6	offset	1.8	2	884
-3.5	-3.3	-3.4 1.8	offset	-3.4	offset	1.8	2	834
-3.3	-3.1	-3.2 1.8	offset	-3.2	offset	1.8	2	784
-3.1	-2.9	-3 1.8	offset	-3	offset	1.8	2	734
-2.9	-2.7	-2.8 1.8	offset	-2.8	offset	1.8	2	684
-2.7	-2.5	-2.6 1.8	offset	-2.6	offset	1.8	2	634
-2.5	-2.3	-2.4 1.8	offset	-2.4	offset	1.8	2	584
-2.3	-2.1	-2.2 1.8	offset	-2.2	offset	1.8	2	534
-2.1	-1.9	-2 1.8	offset	-2	offset	1.8	2	484
-1.9	-1.7	-1.8 1.8	offset	-1.8	offset	1.8	2	434
-1.7	-1.5	-1.6 1.8	offset	-1.6	offset	1.8	2	384
-1.5	-1.3	-1.4 1.8	offset	-1.4	offset	1.8	2	334
-1.3	-1.1	-1.2 1.8	offset	-1.2	offset	1.8	2	284
-1.1	-0.9	-1 1.8	offset	-1	offset	1.8	2	234
-0.9	-0.7	-0.8 1.8	offset	-0.8	offset	1.8	2	184
-0.7	-0.5	-0.6 1.8	offset	-0.6	offset	1.8	2	134
-0.5	-0.299999999999999	-0.399999999999999 1.8	offset	-0.399999999999999	offset	1.8	2	84
-0.299999999999999	-0.0999999999999996	-0.199999999999999 1.8	offset	-0.199999999999999	offset	1.8	2	34
-0.0999999999999996	0.1	0 1.8	offset	0	offset	1.8	2	1284
0.1	0.3	0.2 1.8	offset	0.2	offset	1.8	2	1334
0.3	0.5	0.4 1.8	offset	0.4	offset	1.8	2	1384
0.5	0.700000000000001	0.6 1.8	offset	0.600000000000001	offset	1.8	2	1434
0.700000000000001	0.9	0.800000000000001 1.8	offset	0.800000000000001	offset	1.8	2	1484
0.9	1.1	1 1.8	offset	1	offset	1.8	2	1535
1.1	1.3	1.2 1.8	offset	1.2	offset	1.8	2	1585
1.3	1.5	1.4 1.8	offset	1.4	offset	1.8	2	1635
1.5	1.7	1.6 1.8	offset	1.6	offset	1.8	2	1685
1.7	1.9	1	offset	1.8	offset	1.8	2	1501
1.9	2.1	2 1.8	offset	2	offset	1.8	2	1786
2.1	2.3	2.2 1.8	offset	2.2	offset	1.8	2	1836
2.3	2.5	2.4 1.8	offset	2.4	offset	1.8	2	1886
2.5	2.7	2.6 1.8	offset	2.6	offset	1.8	2	1936
2.7	2.9	2.8 1.8	offset	2.8	offset	1.8	2	1986
2.9	3.1	3 1.8	offset	3	offset	1.8	2	2036
3.1	3.3	3.2 1.8	offset	3.2	offset	1.8	2	2086
3.3	3.5	3.4 1.8	offset	3.4	offset	1.8	2	2136
3.5	3.7	3.6 1.8	offset	3.6	offset	1.8	2	2186
3.7	3.9	3.8 1.8	offset	3.8	offset	1.8	2	2236
3.9	4.1	4 1.8	offset	4	offset	1.8	2	2286
4.1	4.3	4.2 1.8	offset	4.2	offset	1.8	2	2336
4.3	4.5	4.4 1.8	offset	4.4	offset	1.8	2	2386
4.5	4.7	4.6 1.8	offset	4.6	offset	1.8	2	2436
4.7	4.9	4.8 1.8	offset	4.8	offset	1.8	2	2486
4.9	5.1	5 1.8	offset	5	offset	1.8	2	2536
-5.1	-4.9	-5 2	offset	-5	offset	2	2	1235
-4.9	-4.7	-4.8 2	offset	-4.8	offset	2	2	1185
-4.7	-4.5	-4.6 2	offset	-4.6	offset	2	2	1135
-4.5	-4.3	-4.4 2	offset	-4.4	offset	2	2	1085
-4.3	-4.1	-4.2 2	offset	-4.2	offset	2	2	1035
-4.1	-3.9	-4 2	offset	-4	offset	2	2	985
-3.9	-3.7	-3.8 2	offset	-3.8	offset	2	2	935
-3.7	-3.5	-3.6 2	offset	-3.6	offset	2	2	885
-3.5	-3.3	-3.4 2	offset	-3.4	offset	2	2	835
-3.3	-3.1	-3.2 2	offset	-3.2	offset	2	2	785
-3.1	-2.9	-3 2	offset	-3	offset	2	2	735
-2.9	-2.7	-2.8 2	offset	-2.8	offset	2	2	685
-2.7	-2.5	-2.6 2	offset	-2.6	offset	2	2	635
-2.5	-2.3	-2.4 2	offset	-2.4	offset	2	2	585
-2.3	-2.1	-2.2 2	offset	-2.2	offset	2	2	535
-2.1	-1.9	-2 2	offset	-2	offset	2	2	485
-1.9	-1.7	-1.8 2	offset	-1.8	offset	2	2	435
-1.7	-1.5	-1.6 2	offset	-1.6	offset	2	2	385
-1.5	-1.3	-1.4 2	offset	-1.4	offset	2	2	335
-1.3	-1.1	-1.2 2	offset	-1.2	offset	2	2	285
-1.1	-0.9	-1 2	offset	-1	offset	2	2	235
-0.9	-0.7	-0.8 2	offset	-0.8	offset	2	2	185
-0.7	-0.5	-0.6 2	offset	-0.6	offset	2	2	135
-0.5	-0.299999999999999	-0.399999999999999 2	offset	-0.399999999999999	offset	2	2	85
-0.299999999999999	-0.0999999999999996	-0.199999999999999 2	offset	-0.199999999999999	offset	2	2	35
-0.0999999999999996	0.1	0 2	offset	0	offset	2	2	1285
0.1	0.3	0.2 2	offset	0.2	offset	2	2	1335
0.3	0.5	0.4 2	offset	0.4	offset	2	2	1385
0.5	0.700000000000001	0.6 2	offset	0.600000000000001	offset	2	2	1435
0.700000000000001	0.9	0.800000000000001 2	offset	0.800000000000001	offset	2	2	1485
0.9	1.1	1 2	offset	1	offset	2	2	1536
1.1	1.3	1.2 2	offset	1.2	offset	2	2	1586
1.3	1.5	1.4 2	offset	1.4	offset	2	2	1636
1.5	1.7	1.6 2	offset	1.6	offset	2	2	1686
1.7	1.9	1.8 2	offset	1.8	offset	2	2	1736
1.9	2.1	1	offset	2	offset	2	2	1501
2.1	2.3	2.2 2	offset	2.2	offset	2	2	1837
2.3	2.5	2.4 2	offset	2.4	offset	2	2	1887
2.5	2.7	2.6 2	offset	2.6	offset	2	2	1937
2.7	2.9	2.8 2	offset	2.8	offset	2	2	1987
2.9	3.1	3 2	offset	3	offset	2	2	2037
3.1	3.3	3.2 2	offset	3.2	offset	2	2	2087
3.3	3.5	3.4 2	offset	3.4	offset	2	2	2137
3.5	3.7	3.6 2	offset	3.6	offset	2	2	2187
3.7	3.9	3.8 2	offset	3.8	offset	2	2	2237
3.9	4.1	4 2	offset	4	offset	2	2	2287
4.1	4.3	4.2 2	offset	4.2	offset	2	2	2337
4.3	4.5	4.4 2	offset	4.4	offset	2	2	2387
4.5	4.7	4.6 2	offset	4.6	offset	2	2	2437
4.7	4.9	4.8 2	offset	4.8	offset	2	2	2487
4.9	5.1	5 2	offset	5	offset	2	2	2537
-5.1	-4.9	-5 2.2	offset	-5	offset	2.2	2	1236
-4.9	-4.7	-4.8 2.2	offset	-4.8	offset	2.2	2	1186
-4.7	-4.5	-4.6 2.2	offset	-4.6	offset	2.2	2	1136
-4.5	-4.3	-4.4 2.2	offset	-4.4	offset	2.2	2	1086
-4.3	-4.1	-4.2 2.2	offset	-4.2	offset	2.2	2	1036
-4.1	-3.9	-4 2.2	offset	-4	offset	2.2	2	986
-3.9	-3.7	-3.8 2.2	offset	-3.8	offset	2.2	2	936
-3.7	-3.5	-3.6 2.2	offset	-3.6	offset	2.2	2	886
-3.5	-3.3	-3.4 2.2	offset	-3.4	offset	2.2	2	836
-3.3	-3.1	-3.2 2.2	offset	-3.2	offset	2.2	2	786
-3.1	-2.9	-3 2.2	offset	-3	offset	2.2	2	736
-2.9	-2.7	-2.8 2.2	offset	-2.8	offset	2.2	2	686
-2.7	-2.5	-2.6 2.2	offset	-2.6	offset	2.2	2	636
-2.5	-2.3	-2.4 2.2	offset	-2.4	offset	2.2	2	586
-2.3	-2.1	-2.2 2.2	offset	-2.2	offset	2.2	2	536
-2.1	-1.9	-2 2.2	offset	-2	offset	2.2	2	486
-1.9	-1.7	-1.8 2.2	offset	-1.8	offset	2.2	2	436
-1.7	-1.5	-1.6 2.2	offset	-1.6	offset	2.2	2	386
-1.5	-1.3	-1.4 2.2	offset	-1.4	offset	2.2	2	336
-1.3	-1.1	-1.2 2.2	offset	-1.2	offset	2.2	2	286
-1.1	-0.9	-1 2.2	offset	-1	offset	2.2	2	236
-0.9	-0.7	-0.8 2.2	offset	-0.8	offset	2.2	2	186
-0.7	-0.5	-0.6 2.2	offset	-0.6	offset	2.2	2	136
-0.5	-0.299999999999999	-0.399999999999999 2.2	offset	-0.399999999999999	offset	2.2	2	86
-0.299999999999999	-0.0999999999999996	-0.199999999999999 2.2	offset	-0.199999999999999	offset	2.2	2	36
-0.0999999999999996	0.1	0 2.2	offset	0	offset	2.2	2	1286
0.1	0.3	0.2 2.2	offset	0.2	offset	2.2	2	1336
0.3	0.5	0.4 2.2	offset	0.4	offset	2.2	2	1386
0.5	0.700000000000001	0.6 2.2	offset	0.600000000000001	offset	2.2	2	1436
0.700000000000001	0.9	0.800000000000001 2.2	offset	0.800000000000001	offset	2.2	2	1486
0.9	1.1	1 2.2	offset	1	offset	2.2	2	1537
1.1	1.3	1.2 2.2	offset	1.2	offset	2.2	2	1587
1.3	1.5	1.4 2.2	offset	1.4	offset	2.2	2	1637
1.5	1.7	1.6 2.2	offset	1.6	offset	2.2	2	1687
1.7	1.9	1.8 2.2	offset	1.8	offset	2.2	2	1737
1.9	2.1	2 2.2	offset	2	offset	2.2	2	1787
2.1	2.3	1	offset	2.2	offset	2.2	2	1501
2.3	2.5	2.4 2.2	offset	2.4	offset	2.2	2	1888
2.5	2.7	2.6 2.2	offset	2.6	offset	2.2	2	1938
2.7	2.9	2.8 2.2	offset	2.8	offset	2.2	2	1988
2.9	3.1	3 2.2	offset	3	offset	2.2	2	2038
3.1	3.3	3.2 2.2	offset	3.2	offset	2.2	2	2088
3.3	3.5	3.4 2.2	offset	3.4	offset	2.2	2	2138
3.5	3.7	3.6 2.2	offset	3.6	offset	2.2	2	2188
3.7	3.9	3.8 2.2	offset	3.8	offset	2.2	2	2238
3.9	4.1	4 2.2	offset	4	offset	2.2	2	2288
4.1	4.3	4.2 2.2	offset	4.2	offset	2.2	2	2338
4.3	4.5	4.4 2.2	offset	4.4	offset	2.2	2	2388
4.5	4.7	4.6 2.2	offset	4.6	offset	2.2	2	2438
4.7	4.9	4.8 2.2	offset	4.8	offset	2.2	2	2488
4.9	5.1	5 2.2	offset	5	offset	2.2	2	2538
-5.1	-4.9	-5 2.4	offset	-5	offset	2.4	2	1237
-4.9	-4.7	-4.8 2.4	offset	-4.8	offset	2.4	2	1187
-4.7	-4.5	-4.6 2.4	offset	-4.6	offset	2.4	2	1137
-4.5	-4.3	-4.4 2.4	offset	-4.4	offset	2.4	2	1087
-4.3	-4.1	-4.2 2.4	offset	-4.2	offset	2.4	2	1037
-4.1	-3.9	-4 2.4	offset	-4	offset	2.4	2	987
-3.9	-3.7	-3.8 2.4	offset	-3.8	offset	2.4	2	937
-3.7	-3.5	-3.6 2.4	offset	-3.6	offset	2.4	2	887
-3.5	-3.3	-3.4 2.4	offset	-3.4	offset	2.4	2	837
-3.3	-3.1	-3.2 2.4	offset	-3.2	offset	2.4	2	787
-3.1	-2.9	-3 2.4	offset	-3	offset	2.4	2	737
-2.9	-2.7	-2.8 2.4	offset	-2.8	offset	2.4	2	687
-2.7	-2.5	-2.6 2.4	offset	-2.6	offset	2.4	2	637
-2.5	-2.3	-2.4 2.4	offset	-2.4	offset	2.4	2	587
-2.3	-2.1	-2.2 2.4	offset	-2.2	offset	2.4	2	537
-2.1	-1.9	-2 2.4	offset	-2	offset	2.4	2	487
-1.9	-1.7	-1.8 2.4	offset	-1.8	offset	2.4	2	437
-1.7	-1.5	-1.6 2.4	offset	-1.6	offset	2.4	2	387
-1.5	-1.3	-1.4 2.4	offset	-1.4	offset	2.4	2	337
-1.3	-1.1	-1.2 2.4	offset	-1.2	offset	2.4	2	287
-1.1	-0.9	-1 2.4	offset	-1	offset	2.4	2	237
-0.9	-0.7	-0.8 2.4	offset	-0.8	offset	2.4	2	187
-0.7	-0.5	-0.6 2.4	offset	-0.6	offset	2.4	2	137
-0.5	-0.299999999999999	-0.399999999999999 2.4	offset	-0.399999999999999	offset	2.4	2	87
-0.299999999999999	-0.0999999999999996	-0.199999999999999 2.4	offset	-0.199999999999999	offset	2.4	2	37
-0.0999999999999996	0.1	0 2.4	offset	0	offset	2.4	2	1287
0.1	0.3	0.2 2.4	offset	0.2	offset	2.4	2	1337
0.3	0.5	0.4 2.4	offset	0.4	offset	2.4	2	1387
0.5	0.700000000000001	0.6 2.4	offset	0.600000000000001	offset	2.4	2	1437
0.700000000000001	0.9	0.800000000000001 2.4	offset	0.800000000000001	offset	2.4	2	1487
0.9	1.1	1 2.4	offset	1	offset	2.4	2	1538
1.1	1.3	1.2 2.4	offset	1.2	offset	2.4	2	1588
1.3	1.5	1.4 2.4	offset	1.4	offset	2.4	2	1638
1.5	1.7	1.6 2.4	offset	1.6	offset	2.4	2	1688
1.7	1.9	1.8 2.4	offset	1.8	offset	2.4	2	1738
1.9	2.1	2 2.4	offset	2	offset	2.4	2	1788
2.1	2.3	2.2 2.4	offset	2.2	offset	2.4	2	1838
2.3	2.5	1	offset	2.4	offset	2.4	2	1501
2.5	2.7	2.6 2.4	offset	2.6	offset	2.4	2	1939
2.7	2.9	2.8 2.4	offset	2.8	offset	2.4	2	1989
2.9	3.1	3 2.4	offset	3	offset	2.4	2	2039
3.1	3.3	3.2 2.4	offset	3.2	offset	2.4	2	2089
3.3	3.5	3.4 2.4	offset	3.4	offset	2.4	2	2139
3.5	3.7	3.6 2.4	offset	3.6	offset	2.4	2	2189
3.7	3.9	3.8 2.4	offset	3.8	offset	2.4	2	2239
3.9	4.1	4 2.4	offset	4	offset	2.4	2	2289
4.1	4.3	4.2 2.4	offset	4.2	offset	2.4	2	2339
4.3	4.5	4.4 2.4	offset	4.4	offset	2.4	2	2389
4.5	4.7	4.6 2.4	offset	4.6	offset	2.4	2	2439
4.7	4.9	4.8 2.4	offset	4.8	offset	2.4	2	2489
4.9	5.1	5 2.4	offset	5	offset	2.4	2	2539
-5.1	-4.9	-5 2.6	offset	-5	offset	2.6	2	1238
-4.9	-4.7	-4.8 2.6	offset	-4.8	offset	2.6	2	1188
-4.7	-4.5	-4.6 2.6	offset	-4.6	offset	2.6	2	1138
-4.5	-4.3	-4.4 2.6	offset	-4.4	offset	2.6	2	1088
-4.3	-4.1	-4.2 2.6	offset	-4.2	offset	2.6	2	1038
-4.1	-3.9	-4 2.6	offset	-4	offset	2.6	2	988
-3.9	-3.7	-3.8 2.6	offset	-3.8	offset	2.6	2	938
-3.7	-3.5	-3.6 2.6	offset	-3.6	offset	2.6	2	888
-3.5	-3.3	-3.4 2.6	offset	-3.4	offset	2.6	2	838
-3.3	-3.1	-3.2 2.6	offset	-3.2	offset	2.6	2	788
-3.1	-2.9	-3 2.6	offset	-3	offset	2.6	2	738
-2.9	-2.7	-2.8 2.6	offset	-2.8	offset	2.6	2	688
-2.7	-2.5	-2.6 2.6	offset	-2.6	offset	2.6	2	638
-2.5	-2.3	-2.4 2.6	offset	-2.4	offset	2.6	2	588
-2.3	-2.1	-2.2 2.6	offset	-2.2	offset	2.6	2	538
-2.1	-1.9	-2 2.6	offset	-2	offset	2.6	2	488
-1.9	-1.7	-1.8 2.6	offset	-1.8	offset	2.6	2	438
-1.7	-1.5	-1.6 2.6	offset	-1.6	offset	2.6	2	388
-1.5	-1.3	-1.4 2.6	offset	-1.4	offset	2.6	2	338
-1.3	-1.1	-1.2 2.6	offset	-1.2	offset	2.6	2	288
-1.1	-0.9	-1 2.6	offset	-1	offset	2.6	2	238
-0.9	-0.7	-0.8 2.6	offset	-0.8	offset	2.6	2	188
-0.7	-0.5	-0.6 2.6	offset	-0.6	offset	2.6	2	138
-0.5	-0.299999999999999	-0.399999999999999 2.6	offset	-0.399999999999999	offset	2.6	2	88
-0.299999999999999	-0.0999999999999996	-0.199999999999999 2.6	offset	-0.199999999999999	offset	2.6	2	38
-0.0999999999999996	0.1	0 2.6	offset	0	offset	2.6	2	1288
0.1	0.3	0.2 2.6	offset	0.2	offset	2.6	2	1338
0.3	0.5	0.4 2.6	offset	0.4	offset	2.6	2	1388
0.5	0.700000000000001	0.6 2.6	offset	0.600000000000001	offset	2.6	2	1438
0.700000000000001	0.9	0.800000000000001 2.6	offset	0.800000000000001	offset	2.6	2	1488
0.9	1.1	1 2.6	offset	1	offset	2.6	2	1539
1.1	1.3	1.2 2.6	offset	1.2	offset	2.6	2	1589
1.3	1.5	1.4 2.6	offset	1.4	offset	2.6	2	1639
1.5	1.7	1.6 2.6	offset	1.6	offset	2.6	2	1689
1.7	1.9	1.8 2.6	offset	1.8	offset	2.6	2	1739
1.9	2.1	2 2.6	offset	2	offset	2.6	2	1789
2.1	2.3	2.2 2.6	offset	2.2	offset	2.6	2	1839
2.3	2.5	2.4 2.6	offset	2.4	offset	2.6	2	1889
2.5	2.7	1	offset	2.6	offset	2.6	2	1501
2.7	2.9	2.8 2.6	offset	2.8	offset	2.6	2	1990
2.9	3.1	3 2.6	offset	3	offset	2.6	2	2040
3.1	3.3	3.2 2.6	offset	3.2	offset	2.6	2	2090
3.3	3.5	3.4 2.6	offset	3.4	offset	2.6	2	2140
3.5	3.7	3.6 2.6	offset	3.6	offset	2.6	2	2190
3.7	3.9	3.8 2.6	offset	3.8	offset	2.6	2	2240
3.9	4.1	4 2.6	offset	4	offset	2.6	2	2290
4.1	4.3	4.2 2.6	offset	4.2	offset	2.6	2	2340
4.3	4.5	4.4 2.6	offset	4.4	offset	2.6	2	2390
4.5	4.7	4.6 2.6	offset	4.6	offset	2.6	2	2440
4.7	4.9	4.8 2.6	offset	4.8	offset	2.6	2	2490
4.9	5.1	5 2.6	offset	5	offset	2.6	2	2540
-5.1	-4.9	-5 2.8	offset	-5	offset	2.8	2	1239
-4.9	-4.7	-4.8 2.8	offset	-4.8	offset	2.8	2	1189
-4.7	-4.5	-4.6 2.8	offset	-4.6	offset	2.8	2	1139
-4.5	-4.3	-4.4 2.8	offset	-4.4	offset	2.8	2	1089
-4.3	-4.1	-4.2 2.8	offset	-4.2	offset	2.8	2	1039
-4.1	-3.9	-4 2.8	offset	-4	offset	2.8	2	989
-3.9	-3.7	-3.8 2.8	offset	-3.8	offset	2.8	2	939
-3.7	-3.5	-3.6 2.8	offset	-3.6	offset	2.8	2	889
-3.5	-3.3	-3.4 2.8	offset	-3.4	offset	2.8	2	839
-3.3	-3.1	-3.2 2.8	offset	-3.2	offset	2.8	2	789
-3.1	-2.9	-3 2.8	offset	-3	offset	2.8	2	739
-2.9	-2.7	-2.8 2.8	offset	-2.8	offset	2.8	2	689
-2.7	-2.5	-2.6 2.8	offset	-2.6	offset	2.8	2	639
-2.5	-2.3	-2.4 2.8	offset	-2.4	offset	2.8	2	589
-2.3	-2.1	-2.2 2.8	offset	-2.2	offset	2.8	2	539
-2.1	-1.9	-2 2.8	offset	-2	offset	2.8	2	489
-1.9	-1.7	-1.8 2.8	offset	-1.8	offset	2.8	2	439
-1.7	-1.5	-1.6 2.8	offset	-1.6	offset	2.8	2	389
-1.5	-1.3	-1.4 2.8	offset	-1.4	offset	2.8	2	339
-1.3	-1.1	-1.2 2.8	offset	-1.2	offset	2.8	2	289
-1.1	-0.9	-1 2.8	offset	-1	offset	2.8	2	239
-0.9	-0.7	-0.8 2.8	offset	-0.8	offset	2.8	2	189
-0.7	-0.5	-0.6 2.8	offset	-0.6	offset	2.8	2	139
-0.5	-0.299999999999999	-0.399999999999999 2.8	offset	-0.399999999999999	offset	2.8	2	89
-0.299999999999999	-0.0999999999999996	-0.199999999999999 2.8	offset	-0.199999999999999	offset	2.8	2	39
-0.0999999999999996	0.1	0 2.8	offset	0	offset	2.8	2	1289
0.1	0.3	0.2 2.8	offset	0.2	offset	2.8	2	1339
0.3	0.5	0.4 2.8	offset	0.4	offset	2.8	2	1389
0.5	0.700000000000001	0.6 2.8	offset	0.600000000000001	offset	2.8	2	1439
0.700000000000001	0.9	0.800000000000001 2.8	offset	0.800000000000001	offset	2.8	2	1489
0.9	1.1	1 2.8	offset	1	offset	2.8	2	1540
1.1	1.3	1.2 2.8	offset	1.2	offset	2.8	2	1590
1.3	1.5	1.4 2.8	offset	1.4	offset	2.8	2	1640
1.5	1.7	1.6 2.8	offset	1.6	offset	2.8	2	1690
1.7	1.9	1.8 2.8	offset	1.8	offset	2.8	2	1740
1.9	2.1	2 2.8	offset	2	offset	2.8	2	1790
2.1	2.3	2.2 2.8	offset	2.2	offset	2.8	2	1840
2.3	2.5	2.4 2.8	offset	2.4	offset	2.8	2	1890
2.5	2.7	2.6 2.8	offset	2.6	offset	2.8	2	1940
2.7	2.9	1	offset	2.8	offset	2.8	2	1501
2.9	3.1	3 2.8	offset	3	offset	2.8	2	2041
3.1	3.3	3.2 2.8	offset	3.2	offset	2.8	2	2091
3.3	3.5	3.4 2.8	offset	3.4	offset	2.8	2	2141
3.5	3.7	3.6 2.8	offset	3.6	offset	2.8	2	2191
3.7	3.9	3.8 2.8	offset	3.8	offset	2.8	2	2241
3.9	4.1	4 2.8	offset	4	offset	2.8	2	2291
4.1	4.3	4.2 2.8	offset	4.2	offset	2.8	2	2341
4.3	4.5	4.4 2.8	offset	4.4	offset	2.8	2	2391
4.5	4.7	4.6 2.8	offset	4.6	offset	2.8	2	2441
4.7	4.9	4.8 2.8	offset	4.8	offset	2.8	2	2491
4.9	5.1	5 2.8	offset	5	offset	2.8	2	2541
-5.1	-4.9	-5 3	offset	-5	offset	3	2	1240
-4.9	-4.7	-4.8 3	offset	-4.8	offset	3	2	1190
-4.7	-4.5	-4.6 3	offset	-4.6	offset	3	2	1140
-4.5	-4.3	-4.4 3	offset	-4.4	offset	3	2	1090
-4.3	-4.1	-4.2 3	offset	-4.2	offset	3	2	1040
-4.1	-3.9	-4 3	offset	-4	offset	3	2	990
-3.9	-3.7	-3.8 3	offset	-3.8	offset	3	2	940
-3.7	-3.5	-3.6 3	offset	-3.6	offset	3	2	890
-3.5	-3.3	-3.4 3	offset	-3.4	offset	3	2	840
-3.3	-3.1	-3.2 3	offset	-3.2	offset	3	2	790
-3.1	-2.9	-3 3	offset	-3	offset	3	2	740
-2.9	-2.7	-2.8 3	offset	-2.8	offset	3	2	690
-2.7	-2.5	-2.6 3	offset	-2.6	offset	3	2	640
-2.5	-2.3	-2.4 3	offset	-2.4	offset	3	2	590
-2.3	-2.1	-2.2 3	offset	-2.2	offset	3	2	540
-2.1	-1.9	-2 3	offset	-2	offset	3	2	490
-1.9	-1.7	-1.8 3	offset	-1.8	offset	3	2	440
-1.7	-1.5	-1.6 3	offset	-1.6	offset	3	2	390
-1.5	-1.3	-1.4 3	offset	-1.4	offset	3	2	340
-1.3	-1.1	-1.2 3	offset	-1.2	offset	3	2	290
-1.1	-0.9	-1 3	offset	-1	offset	3	2	240
-0.9	-0.7	-0.8 3	offset	-0.8	offset	3	2	190
-0.7	-0.5	-0.6 3	offset	-0.6	offset	3	2	140
-0.5	-0.299999999999999	-0.399999999999999 3	offset	-0.399999999999999	offset	3	2	90
-0.299999999999999	-0.0999999999999996	-0.199999999999999 3	offset	-0.199999999999999	offset	3	2	40
-0.0999999999999996	0.1	0 3	offset	0	offset	3	2	1290
0.1	0.3	0.2 3	offset	0.2	offset	3	2	1340
0.3	0.5	0.4 3	offset	0.4	offset	3	2	1390
0.5	0.700000000000001	0.6 3	offset	0.600000000000001	offset	3	2	1440
0.700000000000001	0.9	0.800000000000001 3	offset	0.800000000000001	offset	3	2	1490
0.9	1.1	1 3	offset	1	offset	3	2	1541
1.1	1.3	1.2 3	offset	1.2	offset	3	2	1591
1.3	1.5	1.4 3	offset	1.4	offset	3	2	1641
1.5	1.7	1.6 3	offset	1.6	offset	3	2	1691
1.7	1.9	1.8 3	offset	1.8	offset	3	2	1741
1.9	2.1	2 3	offset	2	offset	3	2	1791
2.1	2.3	2.2 3	offset	2.2	offset	3	2	1841
2.3	2.5	2.4 3	offset	2.4	offset	3	2	1891
2.5	2.7	2.6 3	offset	2.6	offset	3	2	1941
2.7	2.9	2.8 3	offset	2.8	offset	3	2	1991
2.9	3.1	1	offset	3	offset	3	2	1501
3.1	3.3	3.2 3	offset	3.2	offset	3	2	2092
3.3	3.5	3.4 3	offset	3.4	offset	3	2	2142
3.5	3.7	3.6 3	offset	3.6	offset	3	2	2192
3.7	3.9	3.8 3	offset	3.8	offset	3	2	2242
3.9	4.1	4 3	offset	4	offset	3	2	2292
4.1	4.3	4.2 3	offset	4.2	offset	3	2	2342
4.3	4.5	4.4 3	offset	4.4	offset	3	2	2392
4.5	4.7	4.6 3	offset	4.6	offset	3	2	2442
4.7	4.9	4.8 3	offset	4.8	offset	3	2	2492
4.9	5.1	5 3	offset	5	offset	3	2	2542
-5.1	-4.9	-5 3.2	offset	-5	offset	3.2	2	1241
-4.9	-4.7	-4.8 3.2	offset	-4.8	offset	3.2	2	1191
-4.7	-4.5	-4.6 3.2	offset	-4.6	offset	3.2	2	1141
-4.5	-4.3	-4.4 3.2	offset	-4.4	offset	3.2	2	1091
-4.3	-4.1	-4.2 3.2	offset	-4.2	offset	3.2	2	1041
-4.1	-3.9	-4 3.2	offset	-4	offset	3.2	2	991
-3.9	-3.7	-3.8 3.2	offset	-3.8	offset	3.2	2	941
-3.7	-3.5	-3.6 3.2	offset	-3.6	offset	3.2	2	891
-3.5	-3.3	-3.4 3.2	offset	-3.4	offset	3.2	2	841
-3.3	-3.1	-3.2 3.2	offset	-3.2	offset	3.2	2	791
-3.1	-2.9	-3 3.2	offset	-3	offset	3.2	2	741
-2.9	-2.7	-2.8 3.2	offset	-2.8	offset	3.2	2	691
-2.7	-2.5	-2.6 3.2	offset	-2.6	offset	3.2	2	641
-2.5	-2.3	-2.4 3.2	offset	-2.4	offset	3.2	2	591
-2.3	-2.1	-2.2 3.2	offset	-2.2	offset	3.2	2	541
-2.1	-1.9	-2 3.2	offset	-2	offset	3.2	2	491
-1.9	-1.7	-1.8 3.2	offset	-1.8	offset	3.2	2	441
-1.7	-1.5	-1.6 3.2	offset	-1.6	offset	3.2	2	391
-1.5	-1.3	-1.4 3.2	offset	-1.4	offset	3.2	2	341
-1.3	-1.1	-1.2 3.2	offset	-1.2	offset	3.2	2	291
-1.1	-0.9	-1 3.2	offset	-1	offset	3.2	2	241
-0.9	-0.7	-0.8 3.2	offset	-0.8	offset	3.2	2	191
-0.7	-0.5	-0.6 3.2	offset	-0.6	offset	3.2	2	141
-0.5	-0.299999999999999	-0.399999999999999 3.2	offset	-0.399999999999999	offset	3.2	2	91
-0.299999999999999	-0.0999999999999996	-0.199999999999999 3.2	offset	-0.199999999999999	offset	3.2	2	41
-0.0999999999999996	0.1	0 3.2	offset	0	offset	3.2	2	1291
0.1	0.3	0.2 3.2	offset	0.2	offset	3.2	2	1341
0.3	0.5	0.4 3.2	offset	0.4	offset	3.2	2	1391
0.5	0.700000000000001	0.6 3.2	offset	0.600000000000001	offset	3.2	2	1441
0.700000000000001	0.9	0.800000000000001 3.2	offset	0.800000000000001	offset	3.2	2	1491
0.9	1.1	1 3.2	offset	1	offset	3.2	2	1542
1.1	1.3	1.2 3.2	offset	1.2	offset	3.2	2	1592
1.3	1.5	1.4 3.2	offset	1.4	offset	3.2	2	1642
1.5	1.7	1.6 3.2	offset	1.6	offset	3.2	2	1692
1.7	1.9	1.8 3.2	offset	1.8	offset	3.2	2	1742
1.9	2.1	2 3.2	offset	2	offset	3.2	2	1792
2.1	2.3	2.2 3.2	offset	2.2	offset	3.2	2	1842
2.3	2.5	2.4 3.2	offset	2.4	offset	3.2	2	1892
2.5	2.7	2.6 3.2	offset	2.6	offset	3.2	2	1942
2.7	2.9	2.8 3.2	offset	2.8	offset	3.2	2	1992
2.9	3.1	3 3.2	offset	3	offset	3.2	2	2042
3.1	3.3	1	offset	3.2	offset	3.2	2	1501
3.3	3.5	3.4 3.2	offset	3.4	offset	3.2	2	2143
3.5	3.7	3.6 3.2	offset	3.6	offset	3.2	2	2193
3.7	3.9	3.8 3.2	offset	3.8	offset	3.2	2	2243
3.9	4.1	4 3.2	offset	4	offset	3.2	2	2293
4.1	4.3	4.2 3.2	offset	4.2	offset	3.2	2	2343
4.3	4.5	4.4 3.2	offset	4.4	offset	3.2	2	2393
4.5	4.7	4.6 3.2	offset	4.6	offset	3.2	2	2443
4.7	4.9	4.8 3.2	offset	4.8	offset	3.2	2	2493
4.9	5.1	5 3.2	offset	5	offset	3.2	2	2543
-5.1	-4.9	-5 3.4	offset	-5	offset	3.4	2	1242
-4.9	-4.7	-4.8 3.4	offset	-4.8	offset	3.4	2	1192
-4.7	-4.5	-4.6 3.4	offset	-4.6	offset	3.4	2	1142
-4.5	-4.3	-4.4 3.4	offset	-4.4	offset	3.4	2	1092
-4.3	-4.1	-4.2 3.4	offset	-4.2	offset	3.4	2	1042
-4.1	-3.9	-4 3.4	offset	-4	offset	3.4	2	992
-3.9	-3.7	-3.8 3.4	offset	-3.8	offset	3.4	2	942
-3.7	-3.5	-3.6 3.4	offset	-3.6	offset	3.4	2	892
-3.5	-3.3	-3.4 3.4	offset	-3.4	offset	3.4	2	842
-3.3	-3.1	-3.2 3.4	offset	-3.2	offset	3.4	2	792
-3.1	-2.9	-3 3.4	offset	-3	offset	3.4	2	742
-2.9	-2.7	-2.8 3.4	offset	-2.8	offset	3.4	2	692
-2.7	-2.5	-2.6 3.4	offset	-2.6	offset	3.4	2	642
-2.5	-2.3	-2.4 3.4	offset	-2.4	offset	3.4	2	592
-2.3	-2.1	-2.2 3.4	offset	-2.2	offset	3.4	2	542
-2.1	-1.9	-2 3.4	offset	-2	offset	3.4	2	492
-1.9	-1.7	-1.8 3.4	offset	-1.8	offset	3.4	2	442
-1.7	-1.5	-1.6 3.4	offset	-1.6	offset	3.4	2	392
-1.5	-1.3	-1.4 3.4	offset	-1.4	offset	3.4	2	342
-1.3	-1.1	-1.2 3.4	offset	-1.2	offset	3.4	2	292
-1.1	-0.9	-1 3.4	offset	-1	offset	3.4	2	242
-0.9	-0.7	-0.8 3.4	offset	-0.8	offset	3.4	2	192
-0.7	-0.5	-0.6 3.4	offset	-0.6	offset	3.4	2	142
-0.5	-0.299999999999999	-0.399999999999999 3.4	offset	-0.399999999999999	offset	3.4	2	92
-0.299999999999999	-0.0999999999999996	-0.199999999999999 3.4	offset	-0.199999999999999	offset	3.4	2	42
-0.0999999999999996	0.1	0 3.4	offset	0	offset	3.4	2	1292
0.1	0.3	0.2 3.4	offset	0.2	offset	3.4	2	1342
0.3	0.5	0.4 3.4	offset	0.4	offset	3.4	2	1392
0.5	0.700000000000001	0.6 3.4	offset	0.600000000000001	offset	3.4	2	1442
0.700000000000001	0.9	0.800000000000001 3.4	offset	0.800000000000001	offset	3.4	2	1492
0.9	1.1	1 3.4	offset	1	offset	3.4	2	1543
1.1	1.3	1.2 3.4	offset	1.2	offset	3.4	2	1593
1.3	1.5	1.4 3.4	offset	1.4	offset	3.4	2	1643
1.5	1.7	1.6 3.4	offset	1.6	offset	3.4	2	1693
1.7	1.9	1.8 3.4	offset	1.8	offset	3.4	2	1743
1.9	2.1	2 3.4	offset	2	offset	3.4	2	1793
2.1	2.3	2.2 3.4	offset	2.2	offset	3.4	2	1843
2.3	2.5	2.4 3.4	offset	2.4	offset	3.4	2	1893
2.5	2.7	2.6 3.4	offset	2.6	offset	3.4	2	1943
2.7	2.9	2.8 3.4	offset	2.8	offset	3.4	2	1993
2.9	3.1	3 3.4	offset	3	offset	3.4	2	2043
3.1	3.3	3.2 3.4	offset	3.2	offset	3.4	2	2093
3.3	3.5	1	offset	3.4	offset	3.4	2	1501
3.5	3.7	3.6 3.4	offset	3.6	offset	3.4	2	2194
3.7	3.9	3.8 3.4	offset	3.8	offset	3.4	2	2244
3.9	4.1	4 3.4	offset	4	offset	3.4	2	2294
4.1	4.3	4.2 3.4	offset	4.2	offset	3.4	2	2344
4.3	4.5	4.4 3.4	offset	4.4	offset	3.4	2	2394
4.5	4.7	4.6 3.4	offset	4.6	offset	3.4	2	2444
4.7	4.9	4.8 3.4	offset	4.8	offset	3.4	2	2494
4.9	5.1	5 3.4	offset	5	offset	3.4	2	2544
-5.1	-4.9	-5 3.6	offset	-5	offset	3.6	2	1243
-4.9	-4.7	-4.8 3.6	offset	-4.8	offset	3.6	2	1193
-4.7	-4.5	-4.6 3.6	offset	-4.6	offset	3.6	2	1143
-4.5	-4.3	-4.4 3.6	offset	-4.4	offset	3.6	2	1093
-4.3	-4.1	-4.2 3.6	offset	-4.2	offset	3.6	2	1043
-4.1	-3.9	-4 3.6	offset	-4	offset	3.6	2	993
-3.9	-3.7	-3.8 3.6	offset	-3.8	offset	3.6	2	943
-3.7	-3.5	-3.6 3.6	offset	-3.6	offset	3.6	2	893
-3.5	-3.3	-3.4 3.6	offset	-3.4	offset	3.6	2	843
-3.3	-3.1	-3.2 3.6	offset	-3.2	offset	3.6	2	793
-3.1	-2.9	-3 3.6	offset	-3	offset	3.6	2	743
-2.9	-2.7	-2.8 3.6	offset	-2.8	offset	3.6	2	693
-2.7	-2.5	-2.6 3.6	offset	-2.6	offset	3.6	2	643
-2.5	-2.3	-2.4 3.6	offset	-2.4	offset	3.6	2	593
-2.3	-2.1	-2.2 3.6	offset	-2.2	offset	3.6	2	543
-2.1	-1.9	-2 3.6	offset	-2	offset	3.6	2	493
-1.9	-1.7	-1.8 3.6	offset	-1.8	offset	3.6	2	443
-1.7	-1.5	-1.6 3.6	offset	-1.6	offset	3.6	2	393
-1.5	-1.3	-1.4 3.6	offset	-1.4	offset	3.6	2	343
-1.3	-1.1	-1.2 3.6	offset	-1.2	offset	3.6	2	293
-1.1	-0.9	-1 3.6	offset	-1	offset	3.6	2	243
-0.9	-0.7	-0.8 3.6	offset	-0.8	offset	3.6	2	193
-0.7	-0.5	-0.6 3.6	offset	-0.6	offset	3.6	2	143
-0.5	-0.299999999999999	-0.399999999999999 3.6	offset	-0.399999999999999	offset	3.6	2	93
-0.299999999999999	-0.0999999999999996	-0.199999999999999 3.6	offset	-0.199999999999999	offset	3.6	2	43
-0.0999999999999996	0.1	0 3.6	offset	0	offset	3.6	2	1293
0.1	0.3	0.2 3.6	offset	0.2	offset	3.6	2	1343
0.3	0.5	0.4 3.6	offset	0.4	offset	3.6	2	1393
0.5	0.700000000000001	0.6 3.6	offset	0.600000000000001	offset	3.6	2	1443
0.700000000000001	0.9	0.800000000000001 3.6	offset	0.800000000000001	offset	3.6	2	1493
0.9	1.1	1 3.6	offset	1	offset	3.6	2	1544
1.1	1.3	1.2 3.6	offset	1.2	offset	3.6	2	1594
1.3	1.5	1.4 3.6	offset	1.4	offset	3.6	2	1644
1.5	1.7	1.6 3.6	offset	1.6	offset	3.6	2	1694
1.7	1.9	1.8 3.6	offset	1.8	offset	3.6	2	1744
1.9	2.1	2 3.6	offset	2	offset	3.6	2	1794
2.1	2.3	2.2 3.6	offset	2.2	offset	3.6	2	1844
2.3	2.5	2.4 3.6	offset	2.4	offset	3.6	2	1894
2.5	2.7	2.6 3.6	offset	2.6	offset	3.6	2	1944
2.7	2.9	2.8 3.6	offset	2.8	offset	3.6	2	1994
2.9	3.1	3 3.6	offset	3	offset	3.6	2	2044
3.1	3.3	3.2 3.6	offset	3.2	offset	3.6	2	2094
3.3	3.5	3.4 3.6	offset	3.4	offset	3.6	2	2144
3.5	3.7	1	offset	3.6	offset	3.6	2	1501
3.7	3.9	3.8 3.6	offset	3.8	offset	3.6	2	2245
3.9	4.1	4 3.6	offset	4	offset	3.6	2	2295
4.1	4.3	4.2 3.6	offset	4.2	offset	3.6	2	2345
4.3	4.5	4.4 3.6	offset	4.4	offset	3.6	2	2395
4.5	4.7	4.6 3.6	offset	4.6	offset	3.6	2	2445
4.7	4.9	4.8 3.6	offset	4.8	offset	3.6	2	2495
4.9	5.1	5 3.6	offset	5	offset	3.6	2	2545
-5.1	-4.9	-5 3.8	offset	-5	offset	3.8	2	1244
-4.9	-4.7	-4.8 3.8	offset	-4.8	offset	3.8	2	1194
-4.7	-4.5	-4.6 3.8	offset	-4.6	offset	3.8	2	1144
-4.5	-4.3	-4.4 3.8	offset	-4.4	offset	3.8	2	1094
-4.3	-4.1	-4.2 3.8	offset	-4.2	offset	3.8	2	1044
-4.1	-3.9	-4 3.8	offset	-4	offset	3.8	2	994
-3.9	-3.7	-3.8 3.8	offset	-3.8	offset	3.8	2	944
-3.7	-3.5	-3.6 3.8	offset	-3.6	offset	3.8	2	894
-3.5	-3.3	-3.4 3.8	offset	-3.4	offset	3.8	2	844
-3.3	-3.1	-3.2 3.8	offset	-3.2	offset	3.8	2	794
-3.1	-2.9	-3 3.8	offset	-3	offset	3.8	2	744
-2.9	-2.7	-2.8 3.8	offset	-2.8	offset	3.8	2	694
-2.7	-2.5	-2.6 3.8	offset	-2.6	offset	3.8	2	644
-2.5	-2.3	-2.4 3.8	offset	-2.4	offset	3.8	2	594
-2.3	-2.1	-2.2 3.8	offset	-2.2	offset	3.8	2	544
-2.1	-1.9	-2 3.8	offset	-2	offset	3.8	2	494
-1.9	-1.7	-1.8 3.8	offset	-1.8	offset	3.8	2	444
-1.7	-1.5	-1.6 3.8	offset	-1.6	offset	3.8	2	394
-1.5	-1.3	-1.4 3.8	offset	-1.4	offset	3.8	2	344
-1.3	-1.1	-1.2 3.8	offset	-1.2	offset	3.8	2	294
-1.1	-0.9	-1 3.8	offset	-1	offset	3.8	2	244
-0.9	-0.7	-0.8 3.8	offset	-0.8	offset	3.8	2	194
-0.7	-0.5	-0.6 3.8	offset	-0.6	offset	3.8	2	144
-0.5	-0.299999999999999	-0.399999999999999 3.8	offset	-0.399999999999999	offset	3.8	2	94
-0.299999999999999	-0.0999999999999996	-0.199999999999999 3.8	offset	-0.199999999999999	offset	3.8	2	44
-0.0999999999999996	0.1	0 3.8	offset	0	offset	3.8	2	1294
0.1	0.3	0.2 3.8	offset	0.2	offset	3.8	2	1344
0.3	0.5	0.4 3.8	offset	0.4	offset	3.8	2	1394
0.5	0.700000000000001	0.6 3.8	offset	0.600000000000001	offset	3.8	2	1444
0.700000000000001	0.9	0.800000000000001 3.8	offset	0.800000000000001	offset	3.8	2	1494
0.9	1.1	1 3.8	offset	1	offset	3.8	2	1545
1.1	1.3	1.2 3.8	offset	1.2	offset	3.8	2	1595
1.3	1.5	1.4 3.8	offset	1.4	offset	3.8	2	1645
1.5	1.7	1.6 3.8	offset	1.6	offset	3.8	2	1695
1.7	1.9	1.8 3.8	offset	1.8	offset	3.8	2	1745
1.9	2.1	2 3.8	offset	2	offset	3.8	2	1795
2.1	2.3	2.2 3.8	offset	2.2	offset	3.8	2	1845
2.3	2.5	2.4 3.8	offset	2.4	offset	3.8	2	1895
2.5	2.7	2.6 3.8	offset	2.6	offset	3.8	2	1945
2.7	2.9	2.8 3.8	offset	2.8	offset	3.8	2	1995
2.9	3.1	3 3.8	offset	3	offset	3.8	2	2045
3.1	3.3	3.2 3.8	offset	3.2	offset	3.8	2	2095
3.3	3.5	3.4 3.8	offset	3.4	offset	3.8	2	2145
3.5	3.7	3.6 3.8	offset	3.6	offset	3.8	2	2195
3.7	3.9	1	offset	3.8	offset	3.8	2	1501
3.9	4.1	4 3.8	offset	4	offset	3.8	2	2296
4.1	4.3	4.2 3.8	offset	4.2	offset	3.8	2	2346
4.3	4.5	4.4 3.8	offset	4.4	offset	3.8	2	2396
4.5	4.7	4.6 3.8	offset	4.6	offset	3.8	2	2446
4.7	4.9	4.8 3.8	offset	4.8	offset	3.8	2	2496
4.9	5.1	5 3.8	offset	5	offset	3.8	2	2546
-5.1	-4.9	-5 4	offset	-5	offset	4	2	1245
-4.9	-4.7	-4.8 4	offset	-4.8	offset	4	2	1195
-4.7	-4.5	-4.6 4	offset	-4.6	offset	4	2	1145
-4.5	-4.3	-4.4 4	offset	-4.4	offset	4	2	1095
-4.3	-4.1	-4.2 4	offset	-4.2	offset	4	2	1045
-4.1	-3.9	-4 4	offset	-4	offset	4	2	995
-3.9	-3.7	-3.8 4	offset	-3.8	offset	4	2	945
-3.7	-3.5	-3.6 4	offset	-3.6	offset	4	2	895
-3.5	-3.3	-3.4 4	offset	-3.4	offset	4	2	845
-3.3	-3.1	-3.2 4	offset	-3.2	offset	4	2	795
-3.1	-2.9	-3 4	offset	-3	offset	4	2	745
-2.9	-2.7	-2.8 4	offset	-2.8	offset	4	2	695
-2.7	-2.5	-2.6 4	offset	-2.6	offset	4	2	645
-2.5	-2.3	-2.4 4	offset	-2.4	offset	4	2	595
-2.3	-2.1	-2.2 4	offset	-2.2	offset	4	2	545
-2.1	-1.9	-2 4	offset	-2	offset	4	2	495
-1.9	-1.7	-1.8 4	offset	-1.8	offset	4	2	445
-1.7	-1.5	-1.6 4	offset	-1.6	offset	4	2	395
-1.5	-1.3	-1.4 4	offset	-1.4	offset	4	2	345
-1.3	-1.1	-1.2 4	offset	-1.2	offset	4	2	295
-1.1	-0.9	-1 4	offset	-1	offset	4	2	245
-0.9	-0.7	-0.8 4	offset	-0.8	offset	4	2	195
-0.7	-0.5	-0.6 4	offset	-0.6	offset	4	2	145
-0.5	-0.299999999999999	-0.399999999999999 4	offset	-0.399999999999999	offset	4	2	95
-0.299999999999999	-0.0999999999999996	-0.199999999999999 4	offset	-0.199999999999999	offset	4	2	45
-0.0999999999999996	0.1	0 4	offset	0	offset	4	2	1295
0.1	0.3	0.2 4	offset	0.2	offset	4	2	1345
0.3	0.5	0.4 4	offset	0.4	offset	4	2	1395
0.5	0.700000000000001	0.6 4	offset	0.600000000000001	offset	4	2	1445
0.700000000000001	0.9	0.800000000000001 4	offset	0.800000000000001	offset	4	2	1495
0.9	1.1	1 4	offset	1	offset	4	2	1546
1.1	1.3	1.2 4	offset	1.2	offset	4	2	1596
1.3	1.5	1.4 4	offset	1.4	offset	4	2	1646
1.5	1.7	1.6 4	offset	1.6	offset	4	2	1696
1.7	1.9	1.8 4	offset	1.8	offset	4	2	1746
1.9	2.1	2 4	offset	2	offset	4	2	1796
2.1	2.3	2.2 4	offset	2.2	offset	4	2	1846
2.3	2.5	2.4 4	offset	2.4	offset	4	2	1896
2.5	2.7	2.6 4	offset	2.6	offset	4	2	1946
2.7	2.9	2.8 4	offset	2.8	offset	4	2	1996
2.9	3.1	3 4	offset	3	offset	4	2	2046
3.1	3.3	3.2 4	offset	3.2	offset	4	2	2096
3.3	3.5	3.4 4	offset	3.4	offset	4	2	2146
3.5	3.7	3.6 4	offset	3.6	offset	4	2	2196
3.7	3.9	3.8 4	offset	3.8	offset	4	2	2246
3.9	4.1	1	offset	4	offset	4	2	1501
4.1	4.3	4.2 4	offset	4.2	offset	4	2	2347
4.3	4.5	4.4 4	offset	4.4	offset	4	2	2397
4.5	4.7	4.6 4	offset	4.6	offset	4	2	2447
4.7	4.9	4.8 4	offset	4.8	offset	4	2	2497
4.9	5.1	5 4	offset	5	offset	4	2	2547
-5.1	-4.9	-5 4.2	offset	-5	offset	4.2	2	1246
-4.9	-4.7	-4.8 4.2	offset	-4.8	offset	4.2	2	1196
-4.7	-4.5	-4.6 4.2	offset	-4.6	offset	4.2	2	1146
-4.5	-4.3	-4.4 4.2	offset	-4.4	offset	4.2	2	1096
-4.3	-4.1	-4.2 4.2	offset	-4.2	offset	4.2	2	1046
-4.1	-3.9	-4 4.2	offset	-4	offset	4.2	2	996
-3.9	-3.7	-3.8 4.2	offset	-3.8	offset	4.2	2	946
-3.7	-3.5	-3.6 4.2	offset	-3.6	offset	4.2	2	896
-3.5	-3.3	-3.4 4.2	offset	-3.4	offset	4.2	2	846
-3.3	-3.1	-3.2 4.2	offset	-3.2	offset	4.2	2	796
-3.1	-2.9	-3 4.2	offset	-3	offset	4.2	2	746
-2.9	-2.7	-2.8 4.2	offset	-2.8	offset	4.2	2	696
-2.7	-2.5	-2.6 4.2	offset	-2.6	offset	4.2	2	646
-2.5	-2.3	-2.4 4.2	offset	-2.4	offset	4.2	2	596
-2.3	-2.1	-2.2 4.2	offset	-2.2	offset	4.2	2	546
-2.1	-1.9	-2 4.2	offset	-2	offset	4.2	2	496
-1.9	-1.7	-1.8 4.2	offset	-1.8	offset	4.2	2	446
-1.7	-1.5	-1.6 4.2	offset	-1.6	offset	4.2	2	396
-1.5	-1.3	-1.4 4.2	offset	-1.4	offset	4.2	2	346
-1.3	-1.1	-1.2 4.2	offset	-1.2	offset	4.2	2	296
-1.1	-0.9	-1 4.2	offset	-1	offset	4.2	2	246
-0.9	-0.7	-0.8 4.2	offset	-0.8	offset	4.2	2	196
-0.7	-0.5	-0.6 4.2	offset	-0.6	offset	4.2	2	146
-0.5	-0.299999999999999	-0.399999999999999 4.2	offset	-0.399999999999999	offset	4.2	2	96
-0.299999999999999	-0.0999999999999996	-0.199999999999999 4.2	offset	-0.199999999999999	offset	4.2	2	46
-0.0999999999999996	0.1	0 4.2	offset	0	offset	4.2	2	1296
0.1	0.3	0.2 4.2	offset	0.2	offset	4.2	2	1346
0.3	0.5	0.4 4.2	offset	0.4	offset	4.2	2	1396
0.5	0.700000000000001	0.6 4.2	offset	0.600000000000001	offset	4.2	2	1446
0.700000000000001	0.9	0.800000000000001 4.2	offset	0.800000000000001	offset	4.2	2	1496
0.9	1.1	1 4.2	offset	1	offset	4.2	2	1547
1.1	1.3	1.2 4.2	offset	1.2	offset	4.2	2	1597
1.3	1.5	1.4 4.2	offset	1.4	offset	4.2	2	1647
1.5	1.7	1.6 4.2	offset	1.6	offset	4.2	2	1697
1.7	1.9	1.8 4.2	offset	1.8	offset	4.2	2	1747
1.9	2.1	2 4.2	offset	2	offset	4.2	2	1797
2.1	2.3	2.2 4.2	offset	2.2	offset	4.2	2	1847
2.3	2.5	2.4 4.2	offset	2.4	offset	4.2	2	1897
2.5	2.7	2.6 4.2	offset	2.6	offset	4.2	2	1947
2.7	2.9	2.8 4.2	offset	2.8	offset	4.2	2	1997
2.9	3.1	3 4.2	offset	3	offset	4.2	2	2047
3.1	3.3	3.2 4.2	offset	3.2	offset	4.2	2	2097
3.3	3.5	3.4 4.2	offset	3.4	offset	4.2	2	2147
3.5	3.7	3.6 4.2	offset	3.6	offset	4.2	2	2197
3.7	3.9	3.8 4.2	offset	3.8	offset	4.2	2	2247
3.9	4.1	4 4.2	offset	4	offset	4.2	2	2297
4.1	4.3	1	offset	4.2	offset	4.2	2	1501
4.3	4.5	4.4 4.2	offset	4.4	offset	4.2	2	2398
4.5	4.7	4.6 4.2	offset	4.6	offset	4.2	2	2448
4.7	4.9	4.8 4.2	offset	4.8	offset	4.2	2	2498
4.9	5.1	5 4.2	offset	5	offset	4.2	2	2548
-5.1	-4.9	-5 4.4	offset	-5	offset	4.4	2	1247
-4.9	-4.7	-4.8 4.4	offset	-4.8	offset	4.4	2	1197
-4.7	-4.5	-4.6 4.4	offset	-4.6	offset	4.4	2	1147
-4.5	-4.3	-4.4 4.4	offset	-4.4	offset	4.4	2	1097
-4.3	-4.1	-4.2 4.4	offset	-4.2	offset	4.4	2	1047
-4.1	-3.9	-4 4.4	offset	-4	offset	4.4	2	997
-3.9	-3.7	-3.8 4.4	offset	-3.8	offset	4.4	2	947
-3.7	-3.5	-3.6 4.4	offset	-3.6	offset	4.4	2	897
-3.5	-3.3	-3.4 4.4	offset	-3.4	offset	4.4	2	847
-3.3	-3.1	-3.2 4.4	offset	-3.2	offset	4.4	2	797
-3.1	-2.9	-3 4.4	offset	-3	offset	4.4	2	747
-2.9	-2.7	-2.8 4.4	offset	-2.8	offset	4.4	2	697
-2.7	-2.5	-2.6 4.4	offset	-2.6	offset	4.4	2	647
-2.5	-2.3	-2.4 4.4	offset	-2.4	offset	4.4	2	597
-2.3	-2.1	-2.2 4.4	offset	-2.2	offset	4.4	2	547
-2.1	-1.9	-2 4.4	offset	-2	offset	4.4	2	497
-1.9	-1.7	-1.8 4.4	offset	-1.8	offset	4.4	2	447
-1.7	-1.5	-1.6 4.4	offset	-1.6	offset	4.4	2	397
-1.5	-1.3	-1.4 4.4	offset	-1.4	offset	4.4	2	347
-1.3	-1.1	-1.2 4.4	offset	-1.2	offset	4.4	2	297
-1.1	-0.9	-1 4.4	offset	-1	offset	4.4	2	247
-0.9	-0.7	-0.8 4.4	offset	-0.8	offset	4.4	2	197
-0.7	-0.5	-0.6 4.4	offset	-0.6	offset	4.4	2	147
-0.5	-0.299999999999999	-0.399999999999999 4.4	offset	-0.399999999999999	offset	4.4	2	97
-0.299999999999999	-0.0999999999999996	-0.199999999999999 4.4	offset	-0.199999999999999	offset	4.4	2	47
-0.0999999999999996	0.1	0 4.4	offset	0	offset	4.4	2	1297
0.1	0.3	0.2 4.4	offset	0.2	offset	4.4	2	1347
0.3	0.5	0.4 4.4	offset	0.4	offset	4.4	2	1397
0.5	0.700000000000001	0.6 4.4	offset	0.600000000000001	offset	4.4	2	1447
0.700000000000001	0.9	0.800000000000001 4.4	offset	0.800000000000001	offset	4.4	2	1497
0.9	1.1	1 4.4	offset	1	offset	4.4	2	1548
1.1	1.3	1.2 4.4	offset	1.2	offset	4.4	2	1598
1.3	1.5	1.4 4.4	offset	1.4	offset	4.4	2	1648
1.5	1.7	1.6 4.4	offset	1.6	offset	4.4	2	1698
1.7	1.9	1.8 4.4	offset	1.8	offset	4.4	2	1748
1.9	2.1	2 4.4	offset	2	offset	4.4	2	1798
2.1	2.3	2.2 4.4	offset	2.2	offset	4.4	2	1848
2.3	2.5	2.4 4.4	offset	2.4	offset	4.4	2	1898
2.5	2.7	2.6 4.4	offset	2.6	offset	4.4	2	1948
2.7	2.9	2.8 4.4	offset	2.8	offset	4.4	2	1998
2.9	3.1	3 4.4	offset	3	offset	4.4	2	2048
3.1	3.3	3.2 4.4	offset	3.2	offset	4.4	2	2098
3.3	3.5	3.4 4.4	offset	3.4	offset	4.4	2	2148
3.5	3.7	3.6 4.4	offset	3.6	offset	4.4	2	2198
3.7	3.9	3.8 4.4	offset	3.8	offset	4.4	2	2248
3.9	4.1	4 4.4	offset	4	offset	4.4	2	2298
4.1	4.3	4.2 4.4	offset	4.2	offset	4.4	2	2348
4.3	4.5	1	offset	4.4	offset	4.4	2	1501
4.5	4.7	4.6 4.4	offset	4.6	offset	4.4	2	2449
4.7	4.9	4.8 4.4	offset	4.8	offset	4.4	2	2499
4.9	5.1	5 4.4	offset	5	offset	4.4	2	2549
-5.1	-4.9	-5 4.6	offset	-5	offset	4.6	2	1248
-4.9	-4.7	-4.8 4.6	offset	-4.8	offset	4.6	2	1198
-4.7	-4.5	-4.6 4.6	offset	-4.6	offset	4.6	2	1148
-4.5	-4.3	-4.4 4.6	offset	-4.4	offset	4.6	2	1098
-4.3	-4.1	-4.2 4.6	offset	-4.2	offset	4.6	2	1048
-4.1	-3.9	-4 4.6	offset	-4	offset	4.6	2	998
-3.9	-3.7	-3.8 4.6	offset	-3.8	offset	4.6	2	948
-3.7	-3.5	-3.6 4.6	offset	-3.6	offset	4.6	2	898
-3.5	-3.3	-3.4 4.6	offset	-3.4	offset	4.6	2	848
-3.3	-3.1	-3.2 4.6	offset	-3.2	offset	4.6	2	798
-3.1	-2.9	-3 4.6	offset	-3	offset	4.6	2	748
-2.9	-2.7	-2.8 4.6	offset	-2.8	offset	4.6	2	698
-2.7	-2.5	-2.6 4.6	offset	-2.6	offset	4.6	2	648
-2.5	-2.3	-2.4 4.6	offset	-2.4	offset	4.6	2	598
-2.3	-2.1	-2.2 4.6	offset	-2.2	offset	4.6	2	548
-2.1	-1.9	-2 4.6	offset	-2	offset	4.6	2	498
-1.9	-1.7	-1.8 4.6	offset	-1.8	offset	4.6	2	448
-1.7	-1.5	-1.6 4.6	offset	-1.6	offset	4.6	2	398
-1.5	-1.3	-1.4 4.6	offset	-1.4	offset	4.6	2	348
-1.3	-1.1	-1.2 4.6	offset	-1.2	offset	4.6	2	298
-1.1	-0.9	-1 4.6	offset	-1	offset	4.6	2	248
-0.9	-0.7	-0.8 4.6	offset	-0.8	offset	4.6	2	198
-0.7	-0.5	-0.6 4.6	offset	-0.6	offset	4.6	2	148
-0.5	-0.299999999999999	-0.399999999999999 4.6	offset	-0.399999999999999	offset	4.6	2	98
-0.299999999999999	-0.0999999999999996	-0.199999999999999 4.6	offset	-0.199999999999999	offset	4.6	2	48
-0.0999999999999996	0.1	0 4.6	offset	0	offset	4.6	2	1298
0.1	0.3	0.2 4.6	offset	0.2	offset	4.6	2	1348
0.3	0.5	0.4 4.6	offset	0.4	offset	4.6	2	1398
0.5	0.700000000000001	0.6 4.6	offset	0.600000000000001	offset	4.6	2	1448
0.700000000000001	0.9	0.800000000000001 4.6	offset	0.800000000000001	offset	4.6	2	1498
0.9	1.1	1 4.6	offset	1	offset	4.6	2	1549
1.1	1.3	1.2 4.6	offset	1.2	offset	4.6	2	1599
1.3	1.5	1.4 4.6	offset	1.4	offset	4.6	2	1649
1.5	1.7	1.6 4.6	offset	1.6	offset	4.6	2	1699
1.7	1.9	1.8 4.6	offset	1.8	offset	4.6	2	1749
1.9	2.1	2 4.6	offset	2	offset	4.6	2	1799
2.1	2.3	2.2 4.6	offset	2.2	offset	4.6	2	1849
2.3	2.5	2.4 4.6	offset	2.4	offset	4.6	2	1899
2.5	2.7	2.6 4.6	offset	2.6	offset	4.6	2	1949
2.7	2.9	2.8 4.6	offset	2.8	offset	4.6	2	1999
2.9	3.1	3 4.6	offset	3	offset	4.6	2	2049
3.1	3.3	3.2 4.6	offset	3.2	offset	4.6	2	2099
3.3	3.5	3.4 4.6	offset	3.4	offset	4.6	2	2149
3.5	3.7	3.6 4.6	offset	3.6	offset	4.6	2	2199
3.7	3.9	3.8 4.6	offset	3.8	offset	4.6	2	2249
3.9	4.1	4 4.6	offset	4	offset	4.6	2	2299
4.1	4.3	4.2 4.6	offset	4.2	offset	4.6	2	2349
4.3	4.5	4.4 4.6	offset	4.4	offset	4.6	2	2399
4.5	4.7	1	offset	4.6	offset	4.6	2	1501
4.7	4.9	4.8 4.6	offset	4.8	offset	4.6	2	2500
4.9	5.1	5 4.6	offset	5	offset	4.6	2	2550
-5.1	-4.9	-5 4.8	offset	-5	offset	4.8	2	1249
-4.9	-4.7	-4.8 4.8	offset	-4.8	offset	4.8	2	1199
-4.7	-4.5	-4.6 4.8	offset	-4.6	offset	4.8	2	1149
-4.5	-4.3	-4.4 4.8	offset	-4.4	offset	4.8	2	1099
-4.3	-4.1	-4.2 4.8	offset	-4.2	offset	4.8	2	1049
-4.1	-3.9	-4 4.8	offset	-4	offset	4.8	2	999
-3.9	-3.7	-3.8 4.8	offset	-3.8	offset	4.8	2	949
-3.7	-3.5	-3.6 4.8	offset	-3.6	offset	4.8	2	899
-3.5	-3.3	-3.4 4.8	offset	-3.4	offset	4.8	2	849
-3.3	-3.1	-3.2 4.8	offset	-3.2	offset	4.8	2	799
-3.1	-2.9	-3 4.8	offset	-3	offset	4.8	2	749
-2.9	-2.7	-2.8 4.8	offset	-2.8	offset	4.8	2	699
-2.7	-2.5	-2.6 4.8	offset	-2.6	offset	4.8	2	649
-2.5	-2.3	-2.4 4.8	offset	-2.4	offset	4.8	2	599
-2.3	-2.1	-2.2 4.8	offset	-2.2	offset	4.8	2	549
-2.1	-1.9	-2 4.8	offset	-2	offset	4.8	2	499
-1.9	-1.7	-1.8 4.8	offset	-1.8	offset	4.8	2	449
-1.7	-1.5	-1.6 4.8	offset	-1.6	offset	4.8	2	399
-1.5	-1.3	-1.4 4.8	offset	-1.4	offset	4.8	2	349
-1.3	-1.1	-1.2 4.8	offset	-1.2	offset	4.8	2	299
-1.1	-0.9	-1 4.8	offset	-1	offset	4.8	2	249
-0.9	-0.7	-0.8 4.8	offset	-0.8	offset	4.8	2	199
-0.7	-0.5	-0.6 4.8	offset	-0.6	offset	4.8	2	149
-0.5	-0.299999999999999	-0.399999999999999 4.8	offset	-0.399999999999999	offset	4.8	2	99
-0.299999999999999	-0.0999999999999996	-0.199999999999999 4.8	offset	-0.199999999999999	offset	4.8	2	49
-0.0999999999999996	0.1	0 4.8	offset	0	offset	4.8	2	1299
0.1	0.3	0.2 4.8	offset	0.2	offset	4.8	2	1349
0.3	0.5	0.4 4.8	offset	0.4	offset	4.8	2	1399
0.5	0.700000000000001	0.6 4.8	offset	0.600000000000001	offset	4.8	2	1449
0.700000000000001	0.9	0.800000000000001 4.8	offset	0.800000000000001	offset	4.8	2	1499
0.9	1.1	1 4.8	offset	1	offset	4.8	2	1550
1.1	1.3	1.2 4.8	offset	1.2	offset	4.8	2	1600
1.3	1.5	1.4 4.8	offset	1.4	offset	4.8	2	1650
1.5	1.7	1.6 4.8	offset	1.6	offset	4.8	2	1700
1.7	1.9	1.8 4.8	offset	1.8	offset	4.8	2	1750
1.9	2.1	2 4.8	offset	2	offset	4.8	2	1800
2.1	2.3	2.2 4.8	offset	2.2	offset	4.8	2	1850
2.3	2.5	2.4 4.8	offset	2.4	offset	4.8	2	1900
2.5	2.7	2.6 4.8	offset	2.6	offset	4.8	2	1950
2.7	2.9	2.8 4.8	offset	2.8	offset	4.8	2	2000
2.9	3.1	3 4.8	offset	3	offset	4.8	2	2050
3.1	3.3	3.2 4.8	offset	3.2	offset	4.8	2	2100
3.3	3.5	3.4 4.8	offset	3.4	offset	4.8	2	2150
3.5	3.7	3.6 4.8	offset	3.6	offset	4.8	2	2200
3.7	3.9	3.8 4.8	offset	3.8	offset	4.8	2	2250
3.9	4.1	4 4.8	offset	4	offset	4.8	2	2300
4.1	4.3	4.2 4.8	offset	4.2	offset	4.8	2	2350
4.3	4.5	4.4 4.8	offset	4.4	offset	4.8	2	2400
4.5	4.7	4.6 4.8	offset	4.6	offset	4.8	2	2450
4.7	4.9	1	offset	4.8	offset	4.8	2	1501
4.9	5.1	5 4.8	offset	5	offset	4.8	2	2551
-5.1	-4.9	-5 5	offset	-5	offset	5	2	1250
-4.9	-4.7	-4.8 5	offset	-4.8	offset	5	2	1200
-4.7	-4.5	-4.6 5	offset	-4.6	offset	5	2	1150
-4.5	-4.3	-4.4 5	offset	-4.4	offset	5	2	1100
-4.3	-4.1	-4.2 5	offset	-4.2	offset	5	2	1050
-4.1	-3.9	-4 5	offset	-4	offset	5	2	1000
-3.9	-3.7	-3.8 5	offset	-3.8	offset	5	2	950
-3.7	-3.5	-3.6 5	offset	-3.6	offset	5	2	900
-3.5	-3.3	-3.4 5	offset	-3.4	offset	5	2	850
-3.3	-3.1	-3.2 5	offset	-3.2	offset	5	2	800
-3.1	-2.9	-3 5	offset	-3	offset	5	2	750
-2.9	-2.7	-2.8 5	offset	-2.8	offset	5	2	700
-2.7	-2.5	-2.6 5	offset	-2.6	offset	5	2	650
-2.5	-2.3	-2.4 5	offset	-2.4	offset	5	2	600
-2.3	-2.1	-2.2 5	offset	-2.2	offset	5	2	550
-2.1	-1.9	-2 5	offset	-2	offset	5	2	500
-1.9	-1.7	-1.8 5	offset	-1.8	offset	5	2	450
-1.7	-1.5	-1.6 5	offset	-1.6	offset	5	2	400
-1.5	-1.3	-1.4 5	offset	-1.4	offset	5	2	350
-1.3	-1.1	-1.2 5	offset	-1.2	offset	5	2	300
-1.1	-0.9	-1 5	offset	-1	offset	5	2	250
-0.9	-0.7	-0.8 5	offset	-0.8	offset	5	2	200
-0.7	-0.5	-0.6 5	offset	-0.6	offset	5	2	150
-0.5	-0.299999999999999	-0.399999999999999 5	offset	-0.399999999999999	offset	5	2	100
-0.299999999999999	-0.0999999999999996	-0.199999999999999 5	offset	-0.199999999999999	offset	5	2	50
-0.0999999999999996	0.1	0 5	offset	0	offset	5	2	1300
0.1	0.3	0.2 5	offset	0.2	offset	5	2	1350
0.3	0.5	0.4 5	offset	0.4	offset	5	2	1400
0.5	0.700000000000001	0.6 5	offset	0.600000000000001	offset	5	2	1450
0.700000000000001	0.9	0.800000000000001 5	offset	0.800000000000001	offset	5	2	1500
0.9	1.1	1 5	offset	1	offset	5	2	1551
1.1	1.3	1.2 5	offset	1.2	offset	5	2	1601
1.3	1.5	1.4 5	offset	1.4	offset	5	2	1651
1.5	1.7	1.6 5	offset	1.6	offset	5	2	1701
1.7	1.9	1.8 5	offset	1.8	offset	5	2	1751
1.9	2.1	2 5	offset	2	offset	5	2	1801
2.1	2.3	2.2 5	offset	2.2	offset	5	2	1851
2.3	2.5	2.4 5	offset	2.4	offset	5	2	1901
2.5	2.7	2.6 5	offset	2.6	offset	5	2	1951
2.7	2.9	2.8 5	offset	2.8	offset	5	2	2001
2.9	3.1	3 5	offset	3	offset	5	2	2051
3.1	3.3	3.2 5	offset	3.2	offset	5	2	2101
3.3	3.5	3.4 5	offset	3.4	offset	5	2	2151
3.5	3.7	3.6 5	offset	3.6	offset	5	2	2201
3.7	3.9	3.8 5	offset	3.8	offset	5	2	2251
3.9	4.1	4 5	offset	4	offset	5	2	2301
4.1	4.3	4.2 5	offset	4.2	offset	5	2	2351
4.3	4.5	4.4 5	offset	4.4	offset	5	2	2401
4.5	4.7	4.6 5	offset	4.6	offset	5	2	2451
4.7	4.9	4.8 5	offset	4.8	offset	5	2	2501
4.9	5.1	1	offset	5	offset	5	2	1501
-5.1	-4.9	1	offset	-5	offset	-5	3	1501
-4.9	-4.7	-4.8 -5	offset	-4.8	offset	-5	3	1174
-4.7	-4.5	-4.6 -5	offset	-4.6	offset	-5	3	1124
-4.5	-4.3	-4.4 -5	offset	-4.4	offset	-5	3	1074
-4.3	-4.1	-4.2 -5	offset	-4.2	offset	-5	3	1024
-4.1	-3.9	-4 -5	offset	-4	offset	-5	3	974
-3.9	-3.7	-3.8 -5	offset	-3.8	offset	-5	3	924
-3.7	-3.5	-3.6 -5	offset	-3.6	offset	-5	3	874
-3.5	-3.3	-3.4 -5	offset	-3.4	offset	-5	3	824
-3.3	-3.1	-3.2 -5	offset	-3.2	offset	-5	3	774
-3.1	-2.9	-3 -5	offset	-3	offset	-5	3	724
-2.9	-2.7	-2.8 -5	offset	-2.8	offset	-5	3	674
-2.7	-2.5	-2.6 -5	offset	-2.6	offset	-5	3	624
-2.5	-2.3	-2.4 -5	offset	-2.4	offset	-5	3	574
-2.3	-2.1	-2.2 -5	offset	-2.2	offset	-5	3	524
-2.1	-1.9	-2 -5	offset	-2	offset	-5	3	474
-1.9	-1.7	-1.8 -5	offset	-1.8	offset	-5	3	424
-1.7	-1.5	-1.6 -5	offset	-1.6	offset	-5	3	374
-1.5	-1.3	-1.4 -5	offset	-1.4	offset	-5	3	324
-1.3	-1.1	-1.2 -5	offset	-1.2	offset	-5	3	274
-1.1	-0.9	-1 -5	offset	-1	offset	-5	3	224
-0.9	-0.7	-0.8 -5	offset	-0.8	offset	-5	3	174
-0.7	-0.5	-0.6 -5	offset	-0.6	offset	-5	3	124
-0.5	-0.299999999999999	-0.399999999999999 -5	offset	-0.399999999999999	offset	-5	3	74
-0.299999999999999	-0.0999999999999996	-0.199999999999999 -5	offset	-0.199999999999999	offset	-5	3	24
-0.0999999999999996	0.1	0 -5	offset	0	offset	-5	3	1275
0.1	0.3	0.2 -5	offset	0.2	offset	-5	3	1325
0.3	0.5	0.4 -5	offset	0.4	offset	-5	3	1375
0.5	0.700000000000001	0.6 -5	offset	0.600000000000001	offset	-5	3	1425
0.700000000000001	0.9	0.800000000000001 -5	offset	0.800000000000001	offset	-5	3	1475
0.9	1.1	1 -5	offset	1	offset	-5	3	1526
1.1	1.3	1.2 -5	offset	1.2	offset	-5	3	1576
1.3	1.5	1.4 -5	offset	1.4	offset	-5	3	1626
1.5	1.7	1.6 -5	offset	1.6	offset	-5	3	1676
1.7	1.9	1.8 -5	offset	1.8	offset	-5	3	1726
1.9	2.1	2 -5	offset	2	offset	-5	3	1776
2.1	2.3	2.2 -5	offset	2.2	offset	-5	3	1826
2.3	2.5	2.4 -5	offset	2.4	offset	-5	3	1876
2.5	2.7	2.6 -5	offset	2.6	offset	-5	3	1926
2.7	2.9	2.8 -5	offset	2.8	offset	-5	3	1976
2.9	3.1	3 -5	offset	3	offset	-5	3	2026
3.1	3.3	3.2 -5	offset	3.2	offset	-5	3	2076
3.3	3.5	3.4 -5	offset	3.4	offset	-5	3	2126
3.5	3.7	3.6 -5	offset	3.6	offset	-5	3	2176
3.7	3.9	3.8 -5	offset	3.8	offset	-5	3	2226
3.9	4.1	4 -5	offset	4	offset	-5	3	2276
4.1	4.3	4.2 -5	offset	4.2	offset	-5	3	2326
4.3	4.5	4.4 -5	offset	4.4	offset	-5	3	2376
4.5	4.7	4.6 -5	offset	4.6	offset	-5	3	2426
4.7	4.9	4.8 -5	offset	4.8	offset	-5	3	2476
4.9	5.1	5 -5	offset	5	offset	-5	3	2526
-5.1	-4.9	-5 -4.8	offset	-5	offset	-4.8	3	1224
-4.9	-4.7	1	offset	-4.8	offset	-4.8	3	1501
-4.7	-4.5	-4.6 -4.8	offset	-4.6	offset	-4.8	3	1123
-4.5	-4.3	-4.4 -4.8	offset	-4.4	offset	-4.8	3	1073
-4.3	-4.1	-4.2 -4.8	offset	-4.2	offset	-4.8	3	1023
-4.1	-3.9	-4 -4.8	offset	-4	offset	-4.8	3	973
-3.9	-3.7	-3.8 -4.8	offset	-3.8	offset	-4.8	3	923
-3.7	-3.5	-3.6 -4.8	offset	-3.6	offset	-4.8	3	873
-3.5	-3.3	-3.4 -4.8	offset	-3.4	offset	-4.8	3	823
-3.3	-3.1	-3.2 -4.8	offset	-3.2	offset	-4.8	3	773
-3.1	-2.9	-3 -4.8	offset	-3	offset	-4.8	3	723
-2.9	-2.7	-2.8 -4.8	offset	-2.8	offset	-4.8	3	673
-2.7	-2.5	-2.6 -4.8	offset	-2.6	offset	-4.8	3	623
-2.5	-2.3	-2.4 -4.8	offset	-2.4	offset	-4.8	3	573
-2.3	-2.1	-2.2 -4.8	offset	-2.2	offset	-4.8	3	523
-2.1	-1.9	-2 -4.8	offset	-2	offset	-4.8	3	473
-1.9	-1.7	-1.8 -4.8	offset	-1.8	offset	-4.8	3	423
-1.7	-1.5	-1.6 -4.8	offset	-1.6	offset	-4.8	3	373
-1.5	-1.3	-1.4 -4.8	offset	-1.4	offset	-4.8	3	323
-1.3	-1.1	-1.2 -4.8	offset	-1.2	offset	-4.8	3	273
-1.1	-0.9	-1 -4.8	offset	-1	offset	-4.8	3	223
-0.9	-0.7	-0.8 -4.8	offset	-0.8	offset	-4.8	3	173
-0.7	-0.5	-0.6 -4.8	offset	-0.6	offset	-4.8	3	123
-0.5	-0.299999999999999	-0.399999999999999 -4.8	offset	-0.399999999999999	offset	-4.8	3	73
-0.299999999999999	-0.0999999999999996	-0.199999999999999 -4.8	offset	-0.199999999999999	offset	-4.8	3	23
-0.0999999999999996	0.1	0 -4.8	offset	0	offset	-4.8	3	1274
0.1	0.3	0.2 -4.8	offset	0.2	offset	-4.8	3	1324
0.3	0.5	0.4 -4.8	offset	0.4	offset	-4.8	3	1374
0.5	0.700000000000001	0.6 -4.8	offset	0.600000000000001	offset	-4.8	3	1424
0.700000000000001	0.9	0.800000000000001 -4.8	offset	0.800000000000001	offset	-4.8	3	1474
0.9	1.1	1 -4.8	offset	1	offset	-4.8	3	1525
1.1	1.3	1.2 -4.8	offset	1.2	offset	-4.8	3	1575
1.3	1.5	1.4 -4.8	offset	1.4	offset	-4.8	3	1625
1.5	1.7	1.6 -4.8	offset	1.6	offset	-4.8	3	1675
1.7	1.9	1.8 -4.8	offset	1.8	offset	-4.8	3	1725
1.9	2.1	2 -4.8	offset	2	offset	-4.8	3	1775
2.1	2.3	2.2 -4.8	offset	2.2	offset	-4.8	3	1825
2.3	2.5	2.4 -4.8	offset	2.4	offset	-4.8	3	1875
2.5	2.7	2.6 -4.8	offset	2.6	offset	-4.8	3	1925
2.7	2.9	2.8 -4.8	offset	2.8	offset	-4.8	3	1975
2.9	3.1	3 -4.8	offset	3	offset	-4.8	3	2025
3.1	3.3	3.2 -4.8	offset	3.2	offset	-4.8	3	2075
3.3	3.5	3.4 -4.8	offset	3.4	offset	-4.8	3	2125
3.5	3.7	3.6 -4.8	offset	3.6	offset	-4.8	3	2175
3.7	3.9	3.8 -4.8	offset	3.8	offset	-4.8	3	2225
3.9	4.1	4 -4.8	offset	4	offset	-4.8	3	2275
4.1	4.3	4.2 -4.8	offset	4.2	offset	-4.8	3	2325
4.3	4.5	4.4 -4.8	offset	4.4	offset	-4.8	3	2375
4.5	4.7	4.6 -4.8	offset	4.6	offset	-4.8	3	2425
4.7	4.9	4.8 -4.8	offset	4.8	offset	-4.8	3	2475
4.9	5.1	5 -4.8	offset	5	offset	-4.8	3	2525
-5.1	-4.9	-5 -4.6	offset	-5	offset	-4.6	3	1223
-4.9	-4.7	-4.8 -4.6	offset	-4.8	offset	-4.6	3	1173
-4.7	-4.5	1	offset	-4.6	offset	-4.6	3	1501
-4.5	-4.3	-4.4 -4.6	offset	-4.4	offset	-4.6	3	1072
-4.3	-4.1	-4.2 -4.6	offset	-4.2	offset	-4.6	3	1022
-4.1	-3.9	-4 -4.6	offset	-4	offset	-4.6	3	972
-3.9	-3.7	-3.8 -4.6	offset	-3.8	offset	-4.6	3	922
-3.7	-3.5	-3.6 -4.6	offset	-3.6	offset	-4.6	3	872
-3.5	-3.3	-3.4 -4.6	offset	-3.4	offset	-4.6	3	822
-3.3	-3.1	-3.2 -4.6	offset	-3.2	offset	-4.6	3	772
-3.1	-2.9	-3 -4.6	offset	-3	offset	-4.6	3	722
-2.9	-2.7	-2.8 -4.6	offset	-2.8	offset	-4.6	3	672
-2.7	-2.5	-2.6 -4.6	offset	-2.6	offset	-4.6	3	622
-2.5	-2.3	-2.4 -4.6	offset	-2.4	offset	-4.6	3	572
-2.3	-2.1	-2.2 -4.6	offset	-2.2	offset	-4.6	3	522
-2.1	-1.9	-2 -4.6	offset	-2	offset	-4.6	3	472
-1.9	-1.7	-1.8 -4.6	offset	-1.8	offset	-4.6	3	422
-1.7	-1.5	-1.6 -4.6	offset	-1.6	offset	-4.6	3	372
-1.5	-1.3	-1.4 -4.6	offset	-1.4	offset	-4.6	3	322
-1.3	-1.1	-1.2 -4.6	offset	-1.2	offset	-4.6	3	272
-1.1	-0.9	-1 -4.6	offset	-1	offset	-4.6	3	222
-0.9	-0.7	-0.8 -4.6	offset	-0.8	offset	-4.6	3	172
-0.7	-0.5	-0.6 -4.6	offset	-0.6	offset	-4.6	3	122
-0.5	-0.299999999999999	-0.399999999999999 -4.6	offset	-0.399999999999999	offset	-4.6	3	72
-0.299999999999999	-0.0999999999999996	-0.199999999999999 -4.6	offset	-0.199999999999999	offset	-4.6	3	22
-0.0999999999999996	0.1	0 -4.6	offset	0	offset	-4.6	3	1273
0.1	0.3	0.2 -4.6	offset	0.2	offset	-4.6	3	1323
0.3	0.5	0.4 -4.6	offset	0.4	offset	-4.6	3	1373
0.5	0.700000000000001	0.6 -4.6	offset	0.600000000000001	offset	-4.6	3	1423
0.700000000000001	0.9	0.800000000000001 -4.6	offset	0.800000000000001	offset	-4.6	3	1473
0.9	1.1	1 -4.6	offset	1	offset	-4.6	3	1524
1.1	1.3	1.2 -4.6	offset	1.2	offset	-4.6	3	1574
1.3	1.5	1.4 -4.6	offset	1.4	offset	-4.6	3	1624
1.5	1.7	1.6 -4.6	offset	1.6	offset	-4.6	3	1674
1.7	1.9	1.8 -4.6	offset	1.8	offset	-4.6	3	1724
1.9	2.1	2 -4.6	offset	2	offset	-4.6	3	1774
2.1	2.3	2.2 -4.6	offset	2.2	offset	-4.6	3	1824
2.3	2.5	2.4 -4.6	offset	2.4	offset	-4.6	3	1874
2.5	2.7	2.6 -4.6	offset	2.6	offset	-4.6	3	1924
2.7	2.9	2.8 -4.6	offset	2.8	offset	-4.6	3	1974
2.9	3.1	3 -4.6	offset	3	offset	-4.6	3	2024
3.1	3.3	3.2 -4.6	offset	3.2	offset	-4.6	3	2074
3.3	3.5	3.4 -4.6	offset	3.4	offset	-4.6	3	2124
3.5	3.7	3.6 -4.6	offset	3.6	offset	-4.6	3	2174
3.7	3.9	3.8 -4.6	offset	3.8	offset	-4.6	3	2224
3.9	4.1	4 -4.6	offset	4	offset	-4.6	3	2274
4.1	4.3	4.2 -4.6	offset	4.2	offset	-4.6	3	2324
4.3	4.5	4.4 -4.6	offset	4.4	offset	-4.6	3	2374
4.5	4.7	4.6 -4.6	offset	4.6	offset	-4.6	3	2424
4.7	4.9	4.8 -4.6	offset	4.8	offset	-4.6	3	2474
4.9	5.1	5 -4.6	offset	5	offset	-4.6	3	2524
-5.1	-4.9	-5 -4.4	offset	-5	offset	-4.4	3	1222
-4.9	-4.7	-4.8 -4.4	offset	-4.8	offset	-4.4	3	1172
-4.7	-4.5	-4.6 -4.4	offset	-4.6	offset	-4.4	3	1122
-4.5	-4.3	1	offset	-4.4	offset	-4.4	3	1501
-4.3	-4.1	-4.2 -4.4	offset	-4.2	offset	-4.4	3	1021
-4.1	-3.9	-4 -4.4	offset	-4	offset	-4.4	3	971
-3.9	-3.7	-3.8 -4.4	offset	-3.8	offset	-4.4	3	921
-3.7	-3.5	-3.6 -4.4	offset	-3.6	offset	-4.4	3	871
-3.5	-3.3	-3.4 -4.4	offset	-3.4	offset	-4.4	3	821
-3.3	-3.1	-3.2 -4.4	offset	-3.2	offset	-4.4	3	771
-3.1	-2.9	-3 -4.4	offset	-3	offset	-4.4	3	721
-2.9	-2.7	-2.8 -4.4	offset	-2.8	offset	-4.4	3	671
-2.7	-2.5	-2.6 -4.4	offset	-2.6	offset	-4.4	3	621
-2.5	-2.3	-2.4 -4.4	offset	-2.4	offset	-4.4	3	571
-2.3	-2.1	-2.2 -4.4	offset	-2.2	offset	-4.4	3	521
-2.1	-1.9	-2 -4.4	offset	-2	offset	-4.4	3	471
-1.9	-1.7	-1.8 -4.4	offset	-1.8	offset	-4.4	3	421
-1.7	-1.5	-1.6 -4.4	offset	-1.6	offset	-4.4	3	371
-1.5	-1.3	-1.4 -4.4	offset	-1.4	offset	-4.4	3	321
-1.3	-1.1	-1.2 -4.4	offset	-1.2	offset	-4.4	3	271
-1.1	-0.9	-1 -4.4	offset	-1	offset	-4.4	3	221
-0.9	-0.7	-0.8 -4.4	offset	-0.8	offset	-4.4	3	171
-0.7	-0.5	-0.6 -4.4	offset	-0.6	offset	-4.4	3	121
-0.5	-0.299999999999999	-0.399999999999999 -4.4	offset	-0.399999999999999	offset	-4.4	3	71
-0.299999999999999	-0.0999999999999996	-0.199999999999999 -4.4	offset	-0.199999999999999	offset	-4.4	3	21
-0.0999999999999996	0.1	0 -4.4	offset	0	offset	-4.4	3	1272
0.1	0.3	0.2 -4.4	offset	0.2	offset	-4.4	3	1322
0.3	0.5	0.4 -4.4	offset	0.4	offset	-4.4	3	1372
0.5	0.700000000000001	0.6 -4.4	offset	0.600000000000001	offset	-4.4	3	1422
0.700000000000001	0.9	0.800000000000001 -4.4	offset	0.800000000000001	offset	-4.4	3	1472
0.9	1.1	1 -4.4	offset	1	offset	-4.4	3	1523
1.1	1.3	1.2 -4.4	offset	1.2	offset	-4.4	3	1573
1.3	1.5	1.4 -4.4	offset	1.4	offset	-4.4	3	1623
1.5	1.7	1.6 -4.4	offset	1.6	offset	-4.4	3	1673
1.7	1.9	1.8 -4.4	offset	1.8	offset	-4.4	3	1723
1.9	2.1	2 -4.4	offset	2	offset	-4.4	3	1773
2.1	2.3	2.2 -4.4	offset	2.2	offset	-4.4	3	1823
2.3	2.5	2.4 -4.4	offset	2.4	offset	-4.4	3	1873
2.5	2.7	2.6 -4.4	offset	2.6	offset	-4.4	3	1923
2.7	2.9	2.8 -4.4	offset	2.8	offset	-4.4	3	1973
2.9	3.1	3 -4.4	offset	3	offset	-4.4	3	2023
3.1	3.3	3.2 -4.4	offset	3.2	offset	-4.4	3	2073
3.3	3.5	3.4 -4.4	offset	3.4	offset	-4.4	3	2123
3.5	3.7	3.6 -4.4	offset	3.6	offset	-4.4	3	2173
3.7	3.9	3.8 -4.4	offset	3.8	offset	-4.4	3	2223
3.9	4.1	4 -4.4	offset	4	offset	-4.4	3	2273
4.1	4.3	4.2 -4.4	offset	4.2	offset	-4.4	3	2323
4.3	4.5	4.4 -4.4	offset	4.4	offset	-4.4	3	2373
4.5	4.7	4.6 -4.4	offset	4.6	offset	-4.4	3	2423
4.7	4.9	4.8 -4.4	offset	4.8	offset	-4.4	3	2473
4.9	5.1	5 -4.4	offset	5	offset	-4.4	3	2523
-5.1	-4.9	-5 -4.2	offset	-5	offset	-4.2	3	1221
-4.9	-4.7	-4.8 -4.2	offset	-4.8	offset	-4.2	3	1171
-4.7	-4.5	-4.6 -4.2	offset	-4.6	offset	-4.2	3	1121
-4.5	-4.3	-4.4 -4.2	offset	-4.4	offset	-4.2	3	1071
-4.3	-4.1	1	offset	-4.2	offset	-4.2	3	1501
-4.1	-3.9	-4 -4.2	offset	-4	offset	-4.2	3	970
-3.9	-3.7	-3.8 -4.2	offset	-3.8	offset	-4.2	3	920
-3.7	-3.5	-3.6 -4.2	offset	-3.6	offset	-4.2	3	870
-3.5	-3.3	-3.4 -4.2	offset	-3.4	offset	-4.2	3	820
-3.3	-3.1	-3.2 -4.2	offset	-3.2	offset	-4.2	3	770
-3.1	-2.9	-3 -4.2	offset	-3	offset	-4.2	3	720
-2.9	-2.7	-2.8 -4.2	offset	-2.8	offset	-4.2	3	670
-2.7	-2.5	-2.6 -4.2	offset	-2.6	offset	-4.2	3	620
-2.5	-2.3	-2.4 -4.2	offset	-2.4	offset	-4.2	3	570
-2.3	-2.1	-2.2 -4.2	offset	-2.2	offset	-4.2	3	520
-2.1	-1.9	-2 -4.2	offset	-2	offset	-4.2	3	470
-1.9	-1.7	-1.8 -4.2	offset	-1.8	offset	-4.2	3	420
-1.7	-1.5	-1.6 -4.2	offset	-1.6	offset	-4.2	3	370
-1.5	-1.3	-1.4 -4.2	offset	-1.4	offset	-4.2	3	320
-1.3	-1.1	-1.2 -4.2	offset	-1.2	offset	-4.2	3	270
-1.1	-0.9	-1 -4.2	offset	-1	offset	-4.2	3	220
-0.9	-0.7	-0.8 -4.2	offset	-0.8	offset	-4.2	3	170
-0.7	-0.5	-0.6 -4.2	offset	-0.6	offset	-4.2	3	120
-0.5	-0.299999999999999	-0.399999999999999 -4.2	offset	-0.399999999999999	offset	-4.2	3	70
-0.299999999999999	-0.0999999999999996	-0.199999999999999 -4.2	offset	-0.199999999999999	offset	-4.2	3	20
-0.0999999999999996	0.1	0 -4.2	offset	0	offset	-4.2	3	1271
0.1	0.3	0.2 -4.2	offset	0.2	offset	-4.2	3	1321
0.3	0.5	0.4 -4.2	offset	0.4	offset	-4.2	3	1371
0.5	0.700000000000001	0.6 -4.2	offset	0.600000000000001	offset	-4.2	3	1421
0.700000000000001	0.9	0.800000000000001 -4.2	offset	0.800000000000001	offset	-4.2	3	1471
0.9	1.1	1 -4.2	offset	1	offset	-4.2	3	1522
1.1	1.3	1.2 -4.2	offset	1.2	offset	-4.2	3	1572
1.3	1.5	1.4 -4.2	offset	1.4	offset	-4.2	3	1622
1.5	1.7	1.6 -4.2	offset	1.6	offset	-4.2	3	1672
1.7	1.9	1.8 -4.2	offset	1.8	offset	-4.2	3	1722
1.9	2.1	2 -4.2	offset	2	offset	-4.2	3	1772
2.1	2.3	2.2 -4.2	offset	2.2	offset	-4.2	3	1822
2.3	2.5	2.4 -4.2	offset	2.4	offset	-4.2	3	1872
2.5	2.7	2.6 -4.2	offset	2.6	offset	-4.2	3	1922
2.7	2.9	2.8 -4.2	offset	2.8	offset	-4.2	3	1972
2.9	3.1	3 -4.2	offset	3	offset	-4.2	3	2022
3.1	3.3	3.2 -4.2	offset	3.2	offset	-4.2	3	2072
3.3	3.5	3.4 -4.2	offset	3.4	offset	-4.2	3	2122
3.5	3.7	3.6 -4.2	offset	3.6	offset	-4.2	3	2172
3.7	3.9	3.8 -4.2	offset	3.8	offset	-4.2	3	2222
3.9	4.1	4 -4.2	offset	4	offset	-4.2	3	2272
4.1	4.3	4.2 -4.2	offset	4.2	offset	-4.2	3	2322
4.3	4.5	4.4 -4.2	offset	4.4	offset	-4.2	3	2372
4.5	4.7	4.6 -4.2	offset	4.6	offset	-4.2	3	2422
4.7	4.9	4.8 -4.2	offset	4.8	offset	-4.2	3	2472
4.9	5.1	5 -4.2	offset	5	offset	-4.2	3	2522
-5.1	-4.9	-5 -4	offset	-5	offset	-4	3	1220
-4.9	-4.7	-4.8 -4	offset	-4.8	offset	-4	3	1170
-4.7	-4.5	-4.6 -4	offset	-4.6	offset	-4	3	1120
-4.5	-4.3	-4.4 -4	offset	-4.4	offset	-4	3	1070
-4.3	-4.1	-4.2 -4	offset	-4.2	offset	-4	3	1020
-4.1	-3.9	1	offset	-4	offset	-4	3	1501
-3.9	-3.7	-3.8 -4	offset	-3.8	offset	-4	3	919
-3.7	-3.5	-3.6 -4	offset	-3.6	offset	-4	3	869
-3.5	-3.3	-3.4 -4	offset	-3.4	offset	-4	3	819
-3.3	-3.1	-3.2 -4	offset	-3.2	offset	-4	3	769
-3.1	-2.9	-3 -4	offset	-3	offset	-4	3	719
-2.9	-2.7	-2.8 -4	offset	-2.8	offset	-4	3	669
-2.7	-2.5	-2.6 -4	offset	-2.6	offset	-4	3	619
-2.5	-2.3	-2.4 -4	offset	-2.4	offset	-4	3	569
-2.3	-2.1	-2.2 -4	offset	-2.2	offset	-4	3	519
-2.1	-1.9	-2 -4	offset	-2	offset	-4	3	469
-1.9	-1.7	-1.8 -4	offset	-1.8	offset	-4	3	419
-1.7	-1.5	-1.6 -4	offset	-1.6	offset	-4	3	369
-1.5	-1.3	-1.4 -4	offset	-1.4	offset	-4	3	319
-1.3	-1.1	-1.2 -4	offset	-1.2	offset	-4	3	269
-1.1	-0.9	-1 -4	offset	-1	offset	-4	3	219
-0.9	-0.7	-0.8 -4	offset	-0.8	offset	-4	3	169
-0.7	-0.5	-0.6 -4	offset	-0.6	offset	-4	3	119
-0.5	-0.299999999999999	-0.399999999999999 -4	offset	-0.399999999999999	offset	-4	3	69
-0.299999999999999	-0.0999999999999996	-0.199999999999999 -4	offset	-0.199999999999999	offset	-4	3	19
-0.0999999999999996	0.1	0 -4	offset	0	offset	-4	3	1270
0.1	0.3	0.2 -4	offset	0.2	offset	-4	3	1320
0.3	0.5	0.4 -4	offset	0.4	offset	-4	3	1370
0.5	0.700000000000001	0.6 -4	offset	0.600000000000001	offset	-4	3	1420
0.700000000000001	0.9	0.800000000000001 -4	offset	0.800000000000001	offset	-4	3	1470
0.9	1.1	1 -4	offset	1	offset	-4	3	1521
1.1	1.3	1.2 -4	offset	1.2	offset	-4	3	1571
1.3	1.5	1.4 -4	offset	1.4	offset	-4	3	1621
1.5	1.7	1.6 -4	offset	1.6	offset	-4	3	1671
1.7	1.9	1.8 -4	offset	1.8	offset	-4	3	1721
1.9	2.1	2 -4	offset	2	offset	-4	3	1771
2.1	2.3	2.2 -4	offset	2.2	offset	-4	3	1821
2.3	2.5	2.4 -4	offset	2.4	offset	-4	3	1871
2.5	2.7	2.6 -4	offset	2.6	offset	-4	3	1921
2.7	2.9	2.8 -4	offset	2.8	offset	-4	3	1971
2.9	3.1	3 -4	offset	3	offset	-4	3	2021
3.1	3.3	3.2 -4	offset	3.2	offset	-4	3	2071
3.3	3.5	3.4 -4	offset	3.4	offset	-4	3	2121
3.5	3.7	3.6 -4	offset	3.6	offset	-4	3	2171
3.7	3.9	3.8 -4	offset	3.8	offset	-4	3	2221
3.9	4.1	4 -4	offset	4	offset	-4	3	2271
4.1	4.3	4.2 -4	offset	4.2	offset	-4	3	2321
4.3	4.5	4.4 -4	offset	4.4	offset	-4	3	2371
4.5	4.7	4.6 -4	offset	4.6	offset	-4	3	2421
4.7	4.9	4.8 -4	offset	4.8	offset	-4	3	2471
4.9	5.1	5 -4	offset	5	offset	-4	3	2521
-5.1	-4.9	-5 -3.8	offset	-5	offset	-3.8	3	1219
-4.9	-4.7	-4.8 -3.8	offset	-4.8	offset	-3.8	3	1169
-4.7	-4.5	-4.6 -3.8	offset	-4.6	offset	-3.8	3	1119
-4.5	-4.3	-4.4 -3.8	offset	-4.4	offset	-3.8	3	1069
-4.3	-4.1	-4.2 -3.8	offset	-4.2	offset	-3.8	3	1019
-4.1	-3.9	-4 -3.8	offset	-4	offset	-3.8	3	969
-3.9	-3.7	1	offset	-3.8	offset	-3.8	3	1501
-3.7	-3.5	-3.6 -3.8	offset	-3.6	offset	-3.8	3	868
-3.5	-3.3	-3.4 -3.8	offset	-3.4	offset	-3.8	3	818
-3.3	-3.1	-3.2 -3.8	offset	-3.2	offset	-3.8	3	768
-3.1	-2.9	-3 -3.8	offset	-3	offset	-3.8	3	718
-2.9	-2.7	-2.8 -3.8	offset	-2.8	offset	-3.8	3	668
-2.7	-2.5	-2.6 -3.8	offset	-2.6	offset	-3.8	3	618
-2.5	-2.3	-2.4 -3.8	offset	-2.4	offset	-3.8	3	568
-2.3	-2.1	-2.2 -3.8	offset	-2.2	offset	-3.8	3	518
-2.1	-1.9	-2 -3.8	offset	-2	offset	-3.8	3	468
-1.9	-1.7	-1.8 -3.8	offset	-1.8	offset	-3.8	3	418
-1.7	-1.5	-1.6 -3.8	offset	-1.6	offset	-3.8	3	368
-1.5	-1.3	-1.4 -3.8	offset	-1.4	offset	-3.8	3	318
-1.3	-1.1	-1.2 -3.8	offset	-1.2	offset	-3.8	3	268
-1.1	-0.9	-1 -3.8	offset	-1	offset	-3.8	3	218
-0.9	-0.7	-0.8 -3.8	offset	-0.8	offset	-3.8	3	168
-0.7	-0.5	-0.6 -3.8	offset	-0.6	offset	-3.8	3	118
-0.5	-0.299999999999999	-0.399999999999999 -3.8	offset	-0.399999999999999	offset	-3.8	3	68
-0.299999999999999	-0.0999999999999996	-0.199999999999999 -3.8	offset	-0.199999999999999	offset	-3.8	3	18
-0.0999999999999996	0.1	0 -3.8	offset	0	offset	-3.8	3	1269
0.1	0.3	0.2 -3.8	offset	0.2	offset	-3.8	3	1319
0.3	0.5	0.4 -3.8	offset	0.4	offset	-3.8	3	1369
0.5	0.700000000000001	0.6 -3.8	offset	0.600000000000001	offset	-3.8	3	1419
0.700000000000001	0.9	0.800000000000001 -3.8	offset	0.800000000000001	offset	-3.8	3	1469
0.9	1.1	1 -3.8	offset	1	offset	-3.8	3	1520
1.1	1.3	1.2 -3.8	offset	1.2	offset	-3.8	3	1570
1.3	1.5	1.4 -3.8	offset	1.4	offset	-3.8	3	1620
1.5	1.7	1.6 -3.8	offset	1.6	offset	-3.8	3	1670
1.7	1.9	1.8 -3.8	offset	1.8	offset	-3.8	3	1720
1.9	2.1	2 -3.8	offset	2	offset	-3.8	3	1770
2.1	2.3	2.2 -3.8	offset	2.2	offset	-3.8	3	1820
2.3	2.5	2.4 -3.8	offset	2.4	offset	-3.8	3	1870
2.5	2.7	2.6 -3.8	offset	2.6	offset	-3.8	3	1920
2.7	2.9	2.8 -3.8	offset	2.8	offset	-3.8	3	1970
2.9	3.1	3 -3.8	offset	3	offset	-3.8	3	2020
3.1	3.3	3.2 -3.8	offset	3.2	offset	-3.8	3	2070
3.3	3.5	3.4 -3.8	offset	3.4	offset	-3.8	3	2120
3.5	3.7	3.6 -3.8	offset	3.6	offset	-3.8	3	2170
3.7	3.9	3.8 -3.8	offset	3.8	offset	-3.8	3	2220
3.9	4.1	4 -3.8	offset	4	offset	-3.8	3	2270
4.1	4.3	4.2 -3.8	offset	4.2	offset	-3.8	3	2320
4.3	4.5	4.4 -3.8	offset	4.4	offset	-3.8	3	2370
4.5	4.7	4.6 -3.8	offset	4.6	offset	-3.8	3	2420
4.7	4.9	4.8 -3.8	offset	4.8	offset	-3.8	3	2470
4.9	5.1	5 -3.8	offset	5	offset	-3.8	3	2520
-5.1	-4.9	-5 -3.6	offset	-5	offset	-3.6	3	1218
-4.9	-4.7	-4.8 -3.6	offset	-4.8	offset	-3.6	3	1168
-4.7	-4.5	-4.6 -3.6	offset	-4.6	offset	-3.6	3	1118
-4.5	-4.3	-4.4 -3.6	offset	-4.4	offset	-3.6	3	1068
-4.3	-4.1	-4.2 -3.6	offset	-4.2	offset	-3.6	3	1018
-4.1	-3.9	-4 -3.6	offset	-4	offset	-3.6	3	968
-3.9	-3.7	-3.8 -3.6	offset	-3.8	offset	-3.6	3	918
-3.7	-3.5	1	offset	-3.6	offset	-3.6	3	1501
-3.5	-3.3	-3.4 -3.6	offset	-3.4	offset	-3.6	3	817
-3.3	-3.1	-3.2 -3.6	offset	-3.2	offset	-3.6	3	767
-3.1	-2.9	-3 -3.6	offset	-3	offset	-3.6	3	717
-2.9	-2.7	-2.8 -3.6	offset	-2.8	offset	-3.6	3	667
-2.7	-2.5	-2.6 -3.6	offset	-2.6	offset	-3.6	3	617
-2.5	-2.3	-2.4 -3.6	offset	-2.4	offset	-3.6	3	567
-2.3	-2.1	-2.2 -3.6	offset	-2.2	offset	-3.6	3	517
-2.1	-1.9	-2 -3.6	offset	-2	offset	-3.6	3	467
-1.9	-1.7	-1.8 -3.6	offset	-1.8	offset	-3.6	3	417
-1.7	-1.5	-1.6 -3.6	offset	-1.6	offset	-3.6	3	367
-1.5	-1.3	-1.4 -3.6	offset	-1.4	offset	-3.6	3	317
-1.3	-1.1	-1.2 -3.6	offset	-1.2	offset	-3.6	3	267
-1.1	-0.9	-1 -3.6	offset	-1	offset	-3.6	3	217
-0.9	-0.7	-0.8 -3.6	offset	-0.8	offset	-3.6	3	167
-0.7	-0.5	-0.6 -3.6	offset	-0.6	offset	-3.6	3	117
-0.5	-0.299999999999999	-0.399999999999999 -3.6	offset	-0.399999999999999	offset	-3.6	3	67
-0.299999999999999	-0.0999999999999996	-0.199999999999999 -3.6	offset	-0.199999999999999	offset	-3.6	3	17
-0.0999999999999996	0.1	0 -3.6	offset	0	offset	-3.6	3	1268
0.1	0.3	0.2 -3.6	offset	0.2	offset	-3.6	3	1318
0.3	0.5	0.4 -3.6	offset	0.4	offset	-3.6	3	1368
0.5	0.700000000000001	0.6 -3.6	offset	0.600000000000001	offset	-3.6	3	1418
0.700000000000001	0.9	0.800000000000001 -3.6	offset	0.800000000000001	offset	-3.6	3	1468
0.9	1.1	1 -3.6	offset	1	offset	-3.6	3	1519
1.1	1.3	1.2 -3.6	offset	1.2	offset	-3.6	3	1569
1.3	1.5	1.4 -3.6	offset	1.4	offset	-3.6	3	1619
1.5	1.7	1.6 -3.6	offset	1.6	offset	-3.6	3	1669
1.7	1.9	1.8 -3.6	offset	1.8	offset	-3.6	3	1719
1.9	2.1	2 -3.6	offset	2	offset	-3.6	3	1769
2.1	2.3	2.2 -3.6	offset	2.2	offset	-3.6	3	1819
2.3	2.5	2.4 -3.6	offset	2.4	offset	-3.6	3	1869
2.5	2.7	2.6 -3.6	offset	2.6	offset	-3.6	3	1919
2.7	2.9	2.8 -3.6	offset	2.8	offset	-3.6	3	1969
2.9	3.1	3 -3.6	offset	3	offset	-3.6	3	2019
3.1	3.3	3.2 -3.6	offset	3.2	offset	-3.6	3	2069
3.3	3.5	3.4 -3.6	offset	3.4	offset	-3.6	3	2119
3.5	3.7	3.6 -3.6	offset	3.6	offset	-3.6	3	2169
3.7	3.9	3.8 -3.6	offset	3.8	offset	-3.6	3	2219
3.9	4.1	4 -3.6	offset	4	offset	-3.6	3	2269
4.1	4.3	4.2 -3.6	offset	4.2	offset	-3.6	3	2319
4.3	4.5	4.4 -3.6	offset	4.4	offset	-3.6	3	2369
4.5	4.7	4.6 -3.6	offset	4.6	offset	-3.6	3	2419
4.7	4.9	4.8 -3.6	offset	4.8	offset	-3.6	3	2469
4.9	5.1	5 -3.6	offset	5	offset	-3.6	3	2519
-5.1	-4.9	-5 -3.4	offset	-5	offset	-3.4	3	1217
-4.9	-4.7	-4.8 -3.4	offset	-4.8	offset	-3.4	3	1167
-4.7	-4.5	-4.6 -3.4	offset	-4.6	offset	-3.4	3	1117
-4.5	-4.3	-4.4 -3.4	offset	-4.4	offset	-3.4	3	1067
-4.3	-4.1	-4.2 -3.4	offset	-4.2	offset	-3.4	3	1017
-4.1	-3.9	-4 -3.4	offset	-4	offset	-3.4	3	967
-3.9	-3.7	-3.8 -3.4	offset	-3.8	offset	-3.4	3	917
-3.7	-3.5	-3.6 -3.4	offset	-3.6	offset	-3.4	3	867
-3.5	-3.3	1	offset	-3.4	offset	-3.4	3	1501
-3.3	-3.1	-3.2 -3.4	offset	-3.2	offset	-3.4	3	766
-3.1	-2.9	-3 -3.4	offset	-3	offset	-3.4	3	716
-2.9	-2.7	-2.8 -3.4	offset	-2.8	offset	-3.4	3	666
-2.7	-2.5	-2.6 -3.4	offset	-2.6	offset	-3.4	3	616
-2.5	-2.3	-2.4 -3.4	offset	-2.4	offset	-3.4	3	566
-2.3	-2.1	-2.2 -3.4	offset	-2.2	offset	-3.4	3	516
-2.1	-1.9	-2 -3.4	offset	-2	offset	-3.4	3	466
-1.9	-1.7	-1.8 -3.4	offset	-1.8	offset	-3.4	3	416
-1.7	-1.5	-1.6 -3.4	offset	-1.6	offset	-3.4	3	366
-1.5	-1.3	-1.4 -3.4	offset	-1.4	offset	-3.4	3	316
-1.3	-1.1	-1.2 -3.4	offset	-1.2	offset	-3.4	3	266
-1.1	-0.9	-1 -3.4	offset	-1	offset	-3.4	3	216
-0.9	-0.7	-0.8 -3.4	offset	-0.8	offset	-3.4	3	166
-0.7	-0.5	-0.6 -3.4	offset	-0.6	offset	-3.4	3	116
-0.5	-0.299999999999999	-0.399999999999999 -3.4	offset	-0.399999999999999	offset	-3.4	3	66
-0.299999999999999	-0.0999999999999996	-0.199999999999999 -3.4	offset	-0.199999999999999	offset	-3.4	3	16
-0.0999999999999996	0.1	0 -3.4	offset	0	offset	-3.4	3	1267
0.1	0.3	0.2 -3.4	offset	0.2	offset	-3.4	3	1317
0.3	0.5	0.4 -3.4	offset	0.4	offset	-3.4	3	1367
0.5	0.700000000000001	0.6 -3.4	offset	0.600000000000001	offset	-3.4	3	1417
0.700000000000001	0.9	0.800000000000001 -3.4	offset	0.800000000000001	offset	-3.4	3	1467
0.9	1.1	1 -3.4	offset	1	offset	-3.4	3	1518
1.1	1.3	1.2 -3.4	offset	1.2	offset	-3.4	3	1568
1.3	1.5	1.4 -3.4	offset	1.4	offset	-3.4	3	1618
1.5	1.7	1.6 -3.4	offset	1.6	offset	-3.4	3	1668
1.7	1.9	1.8 -3.4	offset	1.8	offset	-3.4	3	1718
1.9	2.1	2 -3.4	offset	2	offset	-3.4	3	1768
2.1	2.3	2.2 -3.4	offset	2.2	offset	-3.4	3	1818
2.3	2.5	2.4 -3.4	offset	2.4	offset	-3.4	3	1868
2.5	2.7	2.6 -3.4	offset	2.6	offset	-3.4	3	1918
2.7	2.9	2.8 -3.4	offset	2.8	offset	-3.4	3	1968
2.9	3.1	3 -3.4	offset	3	offset	-3.4	3	2018
3.1	3.3	3.2 -3.4	offset	3.2	offset	-3.4	3	2068
3.3	3.5	3.4 -3.4	offset	3.4	offset	-3.4	3	2118
3.5	3.7	3.6 -3.4	offset	3.6	offset	-3.4	3	2168
3.7	3.9	3.8 -3.4	offset	3.8	offset	-3.4	3	2218
3.9	4.1	4 -3.4	offset	4	offset	-3.4	3	2268
4.1	4.3	4.2 -3.4	offset	4.2	offset	-3.4	3	2318
4.3	4.5	4.4 -3.4	offset	4.4	offset	-3.4	3	2368
4.5	4.7	4.6 -3.4	offset	4.6	offset	-3.4	3	2418
4.7	4.9	4.8 -3.4	offset	4.8	offset	-3.4	3	2468
4.9	5.1	5 -3.4	offset	5	offset	-3.4	3	2518
-5.1	-4.9	-5 -3.2	offset	-5	offset	-3.2	3	1216
-4.9	-4.7	-4.8 -3.2	offset	-4.8	offset	-3.2	3	1166
-4.7	-4.5	-4.6 -3.2	offset	-4.6	offset	-3.2	3	1116
-4.5	-4.3	-4.4 -3.2	offset	-4.4	offset	-3.2	3	1066
-4.3	-4.1	-4.2 -3.2	offset	-4.2	offset	-3.2	3	1016
-4.1	-3.9	-4 -3.2	offset	-4	offset	-3.2	3	966
-3.9	-3.7	-3.8 -3.2	offset	-3.8	offset	-3.2	3	916
-3.7	-3.5	-3.6 -3.2	offset	-3.6	offset	-3.2	3	866
-3.5	-3.3	-3.4 -3.2	offset	-3.4	offset	-3.2	3	816
-3.3	-3.1	1	offset	-3.2	offset	-3.2	3	1501
-3.1	-2.9	-3 -3.2	offset	-3	offset	-3.2	3	715
-2.9	-2.7	-2.8 -3.2	offset	-2.8	offset	-3.2	3	665
-2.7	-2.5	-2.6 -3.2	offset	-2.6	offset	-3.2	3	615
-2.5	-2.3	-2.4 -3.2	offset	-2.4	offset	-3.2	3	565
-2.3	-2.1	-2.2 -3.2	offset	-2.2	offset	-3.2	3	515
-2.1	-1.9	-2 -3.2	offset	-2	offset	-3.2	3	465
-1.9	-1.7	-1.8 -3.2	offset	-1.8	offset	-3.2	3	415
-1.7	-1.5	-1.6 -3.2	offset	-1.6	offset	-3.2	3	365
-1.5	-1.3	-1.4 -3.2	offset	-1.4	offset	-3.2	3	315
-1.3	-1.1	-1.2 -3.2	offset	-1.2	offset	-3.2	3	265
-1.1	-0.9	-1 -3.2	offset	-1	offset	-3.2	3	215
-0.9	-0.7	-0.8 -3.2	offset	-0.8	offset	-3.2	3	165
-0.7	-0.5	-0.6 -3.2	offset	-0.6	offset	-3.2	3	115
-0.5	-0.299999999999999	-0.399999999999999 -3.2	offset	-0.399999999999999	offset	-3.2	3	65
-0.299999999999999	-0.0999999999999996	-0.199999999999999 -3.2	offset	-0.199999999999999	offset	-3.2	3	15
-0.0999999999999996	0.1	0 -3.2	offset	0	offset	-3.2	3	1266
0.1	0.3	0.2 -3.2	offset	0.2	offset	-3.2	3	1316
0.3	0.5	0.4 -3.2	offset	0.4	offset	-3.2	3	1366
0.5	0.700000000000001	0.6 -3.2	offset	0.600000000000001	offset	-3.2	3	1416
0.700000000000001	0.9	0.800000000000001 -3.2	offset	0.800000000000001	offset	-3.2	3	1466
0.9	1.1	1 -3.2	offset	1	offset	-3.2	3	1517
1.1	1.3	1.2 -3.2	offset	1.2	offset	-3.2	3	1567
1.3	1.5	1.4 -3.2	offset	1.4	offset	-3.2	3	1617
1.5	1.7	1.6 -3.2	offset	1.6	offset	-3.2	3	1667
1.7	1.9	1.8 -3.2	offset	1.8	offset	-3.2	3	1717
1.9	2.1	2 -3.2	offset	2	offset	-3.2	3	1767
2.1	2.3	2.2 -3.2	offset	2.2	offset	-3.2	3	1817
2.3	2.5	2.4 -3.2	offset	2.4	offset	-3.2	3	1867
2.5	2.7	2.6 -3.2	offset	2.6	offset	-3.2	3	1917
2.7	2.9	2.8 -3.2	offset	2.8	offset	-3.2	3	1967
2.9	3.1	3 -3.2	offset	3	offset	-3.2	3	2017
3.1	3.3	3.2 -3.2	offset	3.2	offset	-3.2	3	2067
3.3	3.5	3.4 -3.2	offset	3.4	offset	-3.2	3	2117
3.5	3.7	3.6 -3.2	offset	3.6	offset	-3.2	3	2167
3.7	3.9	3.8 -3.2	offset	3.8	offset	-3.2	3	2217
3.9	4.1	4 -3.2	offset	4	offset	-3.2	3	2267
4.1	4.3	4.2 -3.2	offset	4.2	offset	-3.2	3	2317
4.3	4.5	4.4 -3.2	offset	4.4	offset	-3.2	3	2367
4.5	4.7	4.6 -3.2	offset	4.6	offset	-3.2	3	2417
4.7	4.9	4.8 -3.2	offset	4.8	offset	-3.2	3	2467
4.9	5.1	5 -3.2	offset	5	offset	-3.2	3	2517
-5.1	-4.9	-5 -3	offset	-5	offset	-3	3	1215
-4.9	-4.7	-4.8 -3	offset	-4.8	offset	-3	3	1165
-4.7	-4.5	-4.6 -3	offset	-4.6	offset	-3	3	1115
-4.5	-4.3	-4.4 -3	offset	-4.4	offset	-3	3	1065
-4.3	-4.1	-4.2 -3	offset	-4.2	offset	-3	3	1015
-4.1	-3.9	-4 -3	offset	-4	offset	-3	3	965
-3.9	-3.7	-3.8 -3	offset	-3.8	offset	-3	3	915
-3.7	-3.5	-3.6 -3	offset	-3.6	offset	-3	3	865
-3.5	-3.3	-3.4 -3	offset	-3.4	offset	-3	3	815
-3.3	-3.1	-3.2 -3	offset	-3.2	offset	-3	3	765
-3.1	-2.9	1	offset	-3	offset	-3	3	1501
-2.9	-2.7	-2.8 -3	offset	-2.8	offset	-3	3	664
-2.7	-2.5	-2.6 -3	offset	-2.6	offset	-3	3	614
-2.5	-2.3	-2.4 -3	offset	-2.4	offset	-3	3	564
-2.3	-2.1	-2.2 -3	offset	-2.2	offset	-3	3	514
-2.1	-1.9	-2 -3	offset	-2	offset	-3	3	464
-1.9	-1.7	-1.8 -3	offset	-1.8	offset	-3	3	414
-1.7	-1.5	-1.6 -3	offset	-1.6	offset	-3	3	364
-1.5	-1.3	-1.4 -3	offset	-1.4	offset	-3	3	314
-1.3	-1.1	-1.2 -3	offset	-1.2	offset	-3	3	264
-1.1	-0.9	-1 -3	offset	-1	offset	-3	3	214
-0.9	-0.7	-0.8 -3	offset	-0.8	offset	-3	3	164
-0.7	-0.5	-0.6 -3	offset	-0.6	offset	-3	3	114
-0.5	-0.299999999999999	-0.399999999999999 -3	offset	-0.399999999999999	offset	-3	3	64
-0.299999999999999	-0.0999999999999996	-0.199999999999999 -3	offset	-0.199999999999999	offset	-3	3	14
-0.0999999999999996	0.1	0 -3	offset	0	offset	-3	3	1265
0.1	0.3	0.2 -3	offset	0.2	offset	-3	3	1315
0.3	0.5	0.4 -3	offset	0.4	offset	-3	3	1365
0.5	0.700000000000001	0.6 -3	offset	0.600000000000001	offset	-3	3	1415
0.700000000000001	0.9	0.800000000000001 -3	offset	0.800000000000001	offset	-3	3	1465
0.9	1.1	1 -3	offset	1	offset	-3	3	1516
1.1	1.3	1.2 -3	offset	1.2	offset	-3	3	1566
1.3	1.5	1.4 -3	offset	1.4	offset	-3	3	1616
1.5	1.7	1.6 -3	offset	1.6	offset	-3	3	1666
1.7	1.9	1.8 -3	offset	1.8	offset	-3	3	1716
1.9	2.1	2 -3	offset	2	offset	-3	3	1766
2.1	2.3	2.2 -3	offset	2.2	offset	-3	3	1816
2.3	2.5	2.4 -3	offset	2.4	offset	-3	3	1866
2.5	2.7	2.6 -3	offset	2.6	offset	-3	3	1916
2.7	2.9	2.8 -3	offset	2.8	offset	-3	3	1966
2.9	3.1	3 -3	offset	3	offset	-3	3	2016
3.1	3.3	3.2 -3	offset	3.2	offset	-3	3	2066
3.3	3.5	3.4 -3	offset	3.4	offset	-3	3	2116
3.5	3.7	3.6 -3	offset	3.6	offset	-3	3	2166
3.7	3.9	3.8 -3	offset	3.8	offset	-3	3	2216
3.9	4.1	4 -3	offset	4	offset	-3	3	2266
4.1	4.3	4.2 -3	offset	4.2	offset	-3	3	2316
4.3	4.5	4.4 -3	offset	4.4	offset	-3	3	2366
4.5	4.7	4.6 -3	offset	4.6	offset	-3	3	2416
4.7	4.9	4.8 -3	offset	4.8	offset	-3	3	2466
4.9	5.1	5 -3	offset	5	offset	-3	3	2516
-5.1	-4.9	-5 -2.8	offset	-5	offset	-2.8	3	1214
-4.9	-4.7	-4.8 -2.8	offset	-4.8	offset	-2.8	3	1164
-4.7	-4.5	-4.6 -2.8	offset	-4.6	offset	-2.8	3	1114
-4.5	-4.3	-4.4 -2.8	offset	-4.4	offset	-2.8	3	1064
-4.3	-4.1	-4.2 -2.8	offset	-4.2	offset	-2.8	3	1014
-4.1	-3.9	-4 -2.8	offset	-4	offset	-2.8	3	964
-3.9	-3.7	-3.8 -2.8	offset	-3.8	offset	-2.8	3	914
-3.7	-3.5	-3.6 -2.8	offset	-3.6	offset	-2.8	3	864
-3.5	-3.3	-3.4 -2.8	offset	-3.4	offset	-2.8	3	814
-3.3	-3.1	-3.2 -2.8	offset	-3.2	offset	-2.8	3	764
-3.1	-2.9	-3 -2.8	offset	-3	offset	-2.8	3	714
-2.9	-2.7	1	offset	-2.8	offset	-2.8	3	1501
-2.7	-2.5	-2.6 -2.8	offset	-2.6	offset	-2.8	3	613
-2.5	-2.3	-2.4 -2.8	offset	-2.4	offset	-2.8	3	563
-2.3	-2.1	-2.2 -2.8	offset	-2.2	offset	-2.8	3	513
-2.1	-1.9	-2 -2.8	offset	-2	offset	-2.8	3	463
-1.9	-1.7	-1.8 -2.8	offset	-1.8	offset	-2.8	3	413
-1.7	-1.5	-1.6 -2.8	offset	-1.6	offset	-2.8	3	363
-1.5	-1.3	-1.4 -2.8	offset	-1.4	offset	-2.8	3	313
-1.3	-1.1	-1.2 -2.8	offset	-1.2	offset	-2.8	3	263
-1.1	-0.9	-1 -2.8	offset	-1	offset	-2.8	3	213
-0.9	-0.7	-0.8 -2.8	offset	-0.8	offset	-2.8	3	163
-0.7	-0.5	-0.6 -2.8	offset	-0.6	offset	-2.8	3	113
-0.5	-0.299999999999999	-0.399999999999999 -2.8	offset	-0.399999999999999	offset	-2.8	3	63
-0.299999999999999	-0.0999999999999996	-0.199999999999999 -2.8	offset	-0.199999999999999	offset	-2.8	3	13
-0.0999999999999996	0.1	0 -2.8	offset	0	offset	-2.8	3	1264
0.1	0.3	0.2 -2.8	offset	0.2	offset	-2.8	3	1314
0.3	0.5	0.4 -2.8	offset	0.4	offset	-2.8	3	1364
0.5	0.700000000000001	0.6 -2.8	offset	0.600000000000001	offset	-2.8	3	1414
0.700000000000001	0.9	0.800000000000001 -2.8	offset	0.800000000000001	offset	-2.8	3	1464
0.9	1.1	1 -2.8	offset	1	offset	-2.8	3	1515
1.1	1.3	1.2 -2.8	offset	1.2	offset	-2.8	3	1565
1.3	1.5	1.4 -2.8	offset	1.4	offset	-2.8	3	1615
1.5	1.7	1.6 -2.8	offset	1.6	offset	-2.8	3	1665
1.7	1.9	1.8 -2.8	offset	1.8	offset	-2.8	3	1715
1.9	2.1	2 -2.8	offset	2	offset	-2.8	3	1765
2.1	2.3	2.2 -2.8	offset	2.2	offset	-2.8	3	1815
2.3	2.5	2.4 -2.8	offset	2.4	offset	-2.8	3	1865
2.5	2.7	2.6 -2.8	offset	2.6	offset	-2.8	3	1915
2.7	2.9	2.8 -2.8	offset	2.8	offset	-2.8	3	1965
2.9	3.1	3 -2.8	offset	3	offset	-2.8	3	2015
3.1	3.3	3.2 -2.8	offset	3.2	offset	-2.8	3	2065
3.3	3.5	3.4 -2.8	offset	3.4	offset	-2.8	3	2115
3.5	3.7	3.6 -2.8	offset	3.6	offset	-2.8	3	2165
3.7	3.9	3.8 -2.8	offset	3.8	offset	-2.8	3	2215
3.9	4.1	4 -2.8	offset	4	offset	-2.8	3	2265
4.1	4.3	4.2 -2.8	offset	4.2	offset	-2.8	3	2315
4.3	4.5	4.4 -2.8	offset	4.4	offset	-2.8	3	2365
4.5	4.7	4.6 -2.8	offset	4.6	offset	-2.8	3	2415
4.7	4.9	4.8 -2.8	offset	4.8	offset	-2.8	3	2465
4.9	5.1	5 -2.8	offset	5	offset	-2.8	3	2515
-5.1	-4.9	-5 -2.6	offset	-5	offset	-2.6	3	1213
-4.9	-4.7	-4.8 -2.6	offset	-4.8	offset	-2.6	3	1163
-4.7	-4.5	-4.6 -2.6	offset	-4.6	offset	-2.6	3	1113
-4.5	-4.3	-4.4 -2.6	offset	-4.4	offset	-2.6	3	1063
-4.3	-4.1	-4.2 -2.6	offset	-4.2	offset	-2.6	3	1013
-4.1	-3.9	-4 -2.6	offset	-4	offset	-2.6	3	963
-3.9	-3.7	-3.8 -2.6	offset	-3.8	offset	-2.6	3	913
-3.7	-3.5	-3.6 -2.6	offset	-3.6	offset	-2.6	3	863
-3.5	-3.3	-3.4 -2.6	offset	-3.4	offset	-2.6	3	813
-3.3	-3.1	-3.2 -2.6	offset	-3.2	offset	-2.6	3	763
-3.1	-2.9	-3 -2.6	offset	-3	offset	-2.6	3	713
-2.9	-2.7	-2.8 -2.6	offset	-2.8	offset	-2.6	3	663
-2.7	-2.5	1	offset	-2.6	offset	-2.6	3	1501
-2.5	-2.3	-2.4 -2.6	offset	-2.4	offset	-2.6	3	562
-2.3	-2.1	-2.2 -2.6	offset	-2.2	offset	-2.6	3	512
-2.1	-1.9	-2 -2.6	offset	-2	offset	-2.6	3	462
-1.9	-1.7	-1.8 -2.6	offset	-1.8	offset	-2.6	3	412
-1.7	-1.5	-1.6 -2.6	offset	-1.6	offset	-2.6	3	362
-1.5	-1.3	-1.4 -2.6	offset	-1.4	offset	-2.6	3	312
-1.3	-1.1	-1.2 -2.6	offset	-1.2	offset	-2.6	3	262
-1.1	-0.9	-1 -2.6	offset	-1	offset	-2.6	3	212
-0.9	-0.7	-0.8 -2.6	offset	-0.8	offset	-2.6	3	162
-0.7	-0.5	-0.6 -2.6	offset	-0.6	offset	-2.6	3	112
-0.5	-0.299999999999999	-0.399999999999999 -2.6	offset	-0.399999999999999	offset	-2.6	3	62
-0.299999999999999	-0.0999999999999996	-0.199999999999999 -2.6	offset	-0.199999999999999	offset	-2.6	3	12
-0.0999999999999996	0.1	0 -2.6	offset	0	offset	-2.6	3	1263
0.1	0.3	0.2 -2.6	offset	0.2	offset	-2.6	3	1313
0.3	0.5	0.4 -2.6	offset	0.4	offset	-2.6	3	1363
0.5	0.700000000000001	0.6 -2.6	offset	0.600000000000001	offset	-2.6	3	1413
0.700000000000001	0.9	0.800000000000001 -2.6	offset	0.800000000000001	offset	-2.6	3	1463
0.9	1.1	1 -2.6	offset	1	offset	-2.6	3	1514
1.1	1.3	1.2 -2.6	offset	1.2	offset	-2.6	3	1564
1.3	1.5	1.4 -2.6	offset	1.4	offset	-2.6	3	1614
1.5	1.7	1.6 -2.6	offset	1.6	offset	-2.6	3	1664
1.7	1.9	1.8 -2.6	offset	1.8	offset	-2.6	3	1714
1.9	2.1	2 -2.6	offset	2	offset	-2.6	3	1764
2.1	2.3	2.2 -2.6	offset	2.2	offset	-2.6	3	1814
2.3	2.5	2.4 -2.6	offset	2.4	offset	-2.6	3	1864
2.5	2.7	2.6 -2.6	offset	2.6	offset	-2.6	3	1914
2.7	2.9	2.8 -2.6	offset	2.8	offset	-2.6	3	1964
2.9	3.1	3 -2.6	offset	3	offset	-2.6	3	2014
3.1	3.3	3.2 -2.6	offset	3.2	offset	-2.6	3	2064
3.3	3.5	3.4 -2.6	offset	3.4	offset	-2.6	3	2114
3.5	3.7	3.6 -2.6	offset	3.6	offset	-2.6	3	2164
3.7	3.9	3.8 -2.6	offset	3.8	offset	-2.6	3	2214
3.9	4.1	4 -2.6	offset	4	offset	-2.6	3	2264
4.1	4.3	4.2 -2.6	offset	4.2	offset	-2.6	3	2314
4.3	4.5	4.4 -2.6	offset	4.4	offset	-2.6	3	2364
4.5	4.7	4.6 -2.6	offset	4.6	offset	-2.6	3	2414
4.7	4.9	4.8 -2.6	offset	4.8	offset	-2.6	3	2464
4.9	5.1	5 -2.6	offset	5	offset	-2.6	3	2514
-5.1	-4.9	-5 -2.4	offset	-5	offset	-2.4	3	1212
-4.9	-4.7	-4.8 -2.4	offset	-4.8	offset	-2.4	3	1162
-4.7	-4.5	-4.6 -2.4	offset	-4.6	offset	-2.4	3	1112
-4.5	-4.3	-4.4 -2.4	offset	-4.4	offset	-2.4	3	1062
-4.3	-4.1	-4.2 -2.4	offset	-4.2	offset	-2.4	3	1012
-4.1	-3.9	-4 -2.4	offset	-4	offset	-2.4	3	962
-3.9	-3.7	-3.8 -2.4	offset	-3.8	offset	-2.4	3	912
-3.7	-3.5	-3.6 -2.4	offset	-3.6	offset	-2.4	3	862
-3.5	-3.3	-3.4 -2.4	offset	-3.4	offset	-2.4	3	812
-3.3	-3.1	-3.2 -2.4	offset	-3.2	offset	-2.4	3	762
-3.1	-2.9	-3 -2.4	offset	-3	offset	-2.4	3	712
-2.9	-2.7	-2.8 -2.4	offset	-2.8	offset	-2.4	3	662
-2.7	-2.5	-2.6 -2.4	offset	-2.6	offset	-2.4	3	612
-2.5	-2.3	1	offset	-2.4	offset	-2.4	3	1501
-2.3	-2.1	-2.2 -2.4	offset	-2.2	offset	-2.4	3	511
-2.1	-1.9	-2 -2.4	offset	-2	offset	-2.4	3	461
-1.9	-1.7	-1.8 -2.4	offset	-1.8	offset	-2.4	3	411
-1.7	-1.5	-1.6 -2.4	offset	-1.6	offset	-2.4	3	361
-1.5	-1.3	-1.4 -2.4	offset	-1.4	offset	-2.4	3	311
-1.3	-1.1	-1.2 -2.4	offset	-1.2	offset	-2.4	3	261
-1.1	-0.9	-1 -2.4	offset	-1	offset	-2.4	3	211
-0.9	-0.7	-0.8 -2.4	offset	-0.8	offset	-2.4	3	161
-0.7	-0.5	-0.6 -2.4	offset	-0.6	offset	-2.4	3	111
-0.5	-0.299999999999999	-0.399999999999999 -2.4	offset	-0.399999999999999	offset	-2.4	3	61
-0.299999999999999	-0.0999999999999996	-0.199999999999999 -2.4	offset	-0.199999999999999	offset	-2.4	3	11
-0.0999999999999996	0.1	0 -2.4	offset	0	offset	-2.4	3	1262
0.1	0.3	0.2 -2.4	offset	0.2	offset	-2.4	3	1312
0.3	0.5	0.4 -2.4	offset	0.4	offset	-2.4	3	1362
0.5	0.700000000000001	0.6 -2.4	offset	0.600000000000001	offset	-2.4	3	1412
0.700000000000001	0.9	0.800000000000001 -2.4	offset	0.800000000000001	offset	-2.4	3	1462
0.9	1.1	1 -2.4	offset	1	offset	-2.4	3	1513
1.1	1.3	1.2 -2.4	offset	1.2	offset	-2.4	3	1563
1.3	1.5	1.4 -2.4	offset	1.4	offset	-2.4	3	1613
1.5	1.7	1.6 -2.4	offset	1.6	offset	-2.4	3	1663
1.7	1.9	1.8 -2.4	offset	1.8	offset	-2.4	3	1713
1.9	2.1	2 -2.4	offset	2	offset	-2.4	3	1763
2.1	2.3	2.2 -2.4	offset	2.2	offset	-2.4	3	1813
2.3	2.5	2.4 -2.4	offset	2.4	offset	-2.4	3	1863
2.5	2.7	2.6 -2.4	offset	2.6	offset	-2.4	3	1913
2.7	2.9	2.8 -2.4	offset	2.8	offset	-2.4	3	1963
2.9	3.1	3 -2.4	offset	3	offset	-2.4	3	2013
3.1	3.3	3.2 -2.4	offset	3.2	offset	-2.4	3	2063
3.3	3.5	3.4 -2.4	offset	3.4	offset	-2.4	3	2113
3.5	3.7	3.6 -2.4	offset	3.6	offset	-2.4	3	2163
3.7	3.9	3.8 -2.4	offset	3.8	offset	-2.4	3	2213
3.9	4.1	4 -2.4	offset	4	offset	-2.4	3	2263
4.1	4.3	4.2 -2.4	offset	4.2	offset	-2.4	3	2313
4.3	4.5	4.4 -2.4	offset	4.4	offset	-2.4	3	2363
4.5	4.7	4.6 -2.4	offset	4.6	offset	-2.4	3	2413
4.7	4.9	4.8 -2.4	offset	4.8	offset	-2.4	3	2463
4.9	5.1	5 -2.4	offset	5	offset	-2.4	3	2513
-5.1	-4.9	-5 -2.2	offset	-5	offset	-2.2	3	1211
-4.9	-4.7	-4.8 -2.2	offset	-4.8	offset	-2.2	3	1161
-4.7	-4.5	-4.6 -2.2	offset	-4.6	offset	-2.2	3	1111
-4.5	-4.3	-4.4 -2.2	offset	-4.4	offset	-2.2	3	1061
-4.3	-4.1	-4.2 -2.2	offset	-4.2	offset	-2.2	3	1011
-4.1	-3.9	-4 -2.2	offset	-4	offset	-2.2	3	961
-3.9	-3.7	-3.8 -2.2	offset	-3.8	offset	-2.2	3	911
-3.7	-3.5	-3.6 -2.2	offset	-3.6	offset	-2.2	3	861
-3.5	-3.3	-3.4 -2.2	offset	-3.4	offset	-2.2	3	811
-3.3	-3.1	-3.2 -2.2	offset	-3.2	offset	-2.2	3	761
-3.1	-2.9	-3 -2.2	offset	-3	offset	-2.2	3	711
-2.9	-2.7	-2.8 -2.2	offset	-2.8	offset	-2.2	3	661
-2.7	-2.5	-2.6 -2.2	offset	-2.6	offset	-2.2	3	611
-2.5	-2.3	-2.4 -2.2	offset	-2.4	offset	-2.2	3	561
-2.3	-2.1	1	offset	-2.2	offset	-2.2	3	1501
-2.1	-1.9	-2 -2.2	offset	-2	offset	-2.2	3	460
-1.9	-1.7	-1.8 -2.2	offset	-1.8	offset	-2.2	3	410
-1.7	-1.5	-1.6 -2.2	offset	-1.6	offset	-2.2	3	360
-1.5	-1.3	-1.4 -2.2	offset	-1.4	offset	-2.2	3	310
-1.3	-1.1	-1.2 -2.2	offset	-1.2	offset	-2.2	3	260
-1.1	-0.9	-1 -2.2	offset	-1	offset	-2.2	3	210
-0.9	-0.7	-0.8 -2.2	offset	-0.8	offset	-2.2	3	160
-0.7	-0.5	-0.6 -2.2	offset	-0.6	offset	-2.2	3	110
-0.5	-0.299999999999999	-0.399999999999999 -2.2	offset	-0.399999999999999	offset	-2.2	3	60
-0.299999999999999	-0.0999999999999996	-0.199999999999999 -2.2	offset	-0.199999999999999	offset	-2.2	3	10
-0.0999999999999996	0.1	0 -2.2	offset	0	offset	-2.2	3	1261
0.1	0.3	0.2 -2.2	offset	0.2	offset	-2.2	3	1311
0.3	0.5	0.4 -2.2	offset	0.4	offset	-2.2	3	1361
0.5	0.700000000000001	0.6 -2.2	offset	0.600000000000001	offset	-2.2	3	1411
0.700000000000001	0.9	0.800000000000001 -2.2	offset	0.800000000000001	offset	-2.2	3	1461
0.9	1.1	1 -2.2	offset	1	offset	-2.2	3	1512
1.1	1.3	1.2 -2.2	offset	1.2	offset	-2.2	3	1562
1.3	1.5	1.4 -2.2	offset	1.4	offset	-2.2	3	1612
1.5	1.7	1.6 -2.2	offset	1.6	offset	-2.2	3	1662
1.7	1.9	1.8 -2.2	offset	1.8	offset	-2.2	3	1712
1.9	2.1	2 -2.2	offset	2	offset	-2.2	3	1762
2.1	2.3	2.2 -2.2	offset	2.2	offset	-2.2	3	1812
2.3	2.5	2.4 -2.2	offset	2.4	offset	-2.2	3	1862
2.5	2.7	2.6 -2.2	offset	2.6	offset	-2.2	3	1912
2.7	2.9	2.8 -2.2	offset	2.8	offset	-2.2	3	1962
2.9	3.1	3 -2.2	offset	3	offset	-2.2	3	2012
3.1	3.3	3.2 -2.2	offset	3.2	offset	-2.2	3	2062
3.3	3.5	3.4 -2.2	offset	3.4	offset	-2.2	3	2112
3.5	3.7	3.6 -2.2	offset	3.6	offset	-2.2	3	2162
3.7	3.9	3.8 -2.2	offset	3.8	offset	-2.2	3	2212
3.9	4.1	4 -2.2	offset	4	offset	-2.2	3	2262
4.1	4.3	4.2 -2.2	offset	4.2	offset	-2.2	3	2312
4.3	4.5	4.4 -2.2	offset	4.4	offset	-2.2	3	2362
4.5	4.7	4.6 -2.2	offset	4.6	offset	-2.2	3	2412
4.7	4.9	4.8 -2.2	offset	4.8	offset	-2.2	3	2462
4.9	5.1	5 -2.2	offset	5	offset	-2.2	3	2512
-5.1	-4.9	-5 -2	offset	-5	offset	-2	3	1210
-4.9	-4.7	-4.8 -2	offset	-4.8	offset	-2	3	1160
-4.7	-4.5	-4.6 -2	offset	-4.6	offset	-2	3	1110
-4.5	-4.3	-4.4 -2	offset	-4.4	offset	-2	3	1060
-4.3	-4.1	-4.2 -2	offset	-4.2	offset	-2	3	1010
-4.1	-3.9	-4 -2	offset	-4	offset	-2	3	960
-3.9	-3.7	-3.8 -2	offset	-3.8	offset	-2	3	910
-3.7	-3.5	-3.6 -2	offset	-3.6	offset	-2	3	860
-3.5	-3.3	-3.4 -2	offset	-3.4	offset	-2	3	810
-3.3	-3.1	-3.2 -2	offset	-3.2	offset	-2	3	760
-3.1	-2.9	-3 -2	offset	-3	offset	-2	3	710
-2.9	-2.7	-2.8 -2	offset	-2.8	offset	-2	3	660
-2.7	-2.5	-2.6 -2	offset	-2.6	offset	-2	3	610
-2.5	-2.3	-2.4 -2	offset	-2.4	offset	-2	3	560
-2.3	-2.1	-2.2 -2	offset	-2.2	offset	-2	3	510
-2.1	-1.9	1	offset	-2	offset	-2	3	1501
-1.9	-1.7	-1.8 -2	offset	-1.8	offset	-2	3	409
-1.7	-1.5	-1.6 -2	offset	-1.6	offset	-2	3	359
-1.5	-1.3	-1.4 -2	offset	-1.4	offset	-2	3	309
-1.3	-1.1	-1.2 -2	offset	-1.2	offset	-2	3	259
-1.1	-0.9	-1 -2	offset	-1	offset	-2	3	209
-0.9	-0.7	-0.8 -2	offset	-0.8	offset	-2	3	159
-0.7	-0.5	-0.6 -2	offset	-0.6	offset	-2	3	109
-0.5	-0.299999999999999	-0.399999999999999 -2	offset	-0.399999999999999	offset	-2	3	59
-0.299999999999999	-0.0999999999999996	-0.199999999999999 -2	offset	-0.199999999999999	offset	-2	3	9
-0.0999999999999996	0.1	0 -2	offset	0	offset	-2	3	1260
0.1	0.3	0.2 -2	offset	0.2	offset	-2	3	1310
0.3	0.5	0.4 -2	offset	0.4	offset	-2	3	1360
0.5	0.700000000000001	0.6 -2	offset	0.600000000000001	offset	-2	3	1410
0.700000000000001	0.9	0.800000000000001 -2	offset	0.800000000000001	offset	-2	3	1460
0.9	1.1	1 -2	offset	1	offset	-2	3	1511
1.1	1.3	1.2 -2	offset	1.2	offset	-2	3	1561
1.3	1.5	1.4 -2	offset	1.4	offset	-2	3	1611
1.5	1.7	1.6 -2	offset	1.6	offset	-2	3	1661
1.7	1.9	1.8 -2	offset	1.8	offset	-2	3	1711
1.9	2.1	2 -2	offset	2	offset	-2	3	1761
2.1	2.3	2.2 -2	offset	2.2	offset	-2	3	1811
2.3	2.5	2.4 -2	offset	2.4	offset	-2	3	1861
2.5	2.7	2.6 -2	offset	2.6	offset	-2	3	1911
2.7	2.9	2.8 -2	offset	2.8	offset	-2	3	1961
2.9	3.1	3 -2	offset	3	offset	-2	3	2011
3.1	3.3	3.2 -2	offset	3.2	offset	-2	3	2061
3.3	3.5	3.4 -2	offset	3.4	offset	-2	3	2111
3.5	3.7	3.6 -2	offset	3.6	offset	-2	3	2161
3.7	3.9	3.8 -2	offset	3.8	offset	-2	3	2211
3.9	4.1	4 -2	offset	4	offset	-2	3	2261
4.1	4.3	4.2 -2	offset	4.2	offset	-2	3	2311
4.3	4.5	4.4 -2	offset	4.4	offset	-2	3	2361
4.5	4.7	4.6 -2	offset	4.6	offset	-2	3	2411
4.7	4.9	4.8 -2	offset	4.8	offset	-2	3	2461
4.9	5.1	5 -2	offset	5	offset	-2	3	2511
-5.1	-4.9	-5 -1.8	offset	-5	offset	-1.8	3	1209
-4.9	-4.7	-4.8 -1.8	offset	-4.8	offset	-1.8	3	1159
-4.7	-4.5	-4.6 -1.8	offset	-4.6	offset	-1.8	3	1109
-4.5	-4.3	-4.4 -1.8	offset	-4.4	offset	-1.8	3	1059
-4.3	-4.1	-4.2 -1.8	offset	-4.2	offset	-1.8	3	1009
-4.1	-3.9	-4 -1.8	offset	-4	offset	-1.8	3	959
-3.9	-3.7	-3.8 -1.8	offset	-3.8	offset	-1.8	3	909
-3.7	-3.5	-3.6 -1.8	offset	-3.6	offset	-1.8	3	859
-3.5	-3.3	-3.4 -1.8	offset	-3.4	offset	-1.8	3	809
-3.3	-3.1	-3.2 -1.8	offset	-3.2	offset	-1.8	3	759
-3.1	-2.9	-3 -1.8	offset	-3	offset	-1.8	3	709
-2.9	-2.7	-2.8 -1.8	offset	-2.8	offset	-1.8	3	659
-2.7	-2.5	-2.6 -1.8	offset	-2.6	offset	-1.8	3	609
-2.5	-2.3	-2.4 -1.8	offset	-2.4	offset	-1.8	3	559
-2.3	-2.1	-2.2 -1.8	offset	-2.2	offset	-1.8	3	509
-2.1	-1.9	-2 -1.8	offset	-2	offset	-1.8	3	459
-1.9	-1.7	1	offset	-1.8	offset	-1.8	3	1501
-1.7	-1.5	-1.6 -1.8	offset	-1.6	offset	-1.8	3	358
-1.5	-1.3	-1.4 -1.8	offset	-1.4	offset	-1.8	3	308
-1.3	-1.1	-1.2 -1.8	offset	-1.2	offset	-1.8	3	258
-1.1	-0.9	-1 -1.8	offset	-1	offset	-1.8	3	208
-0.9	-0.7	-0.8 -1.8	offset	-0.8	offset	-1.8	3	158
-0.7	-0.5	-0.6 -1.8	offset	-0.6	offset	-1.8	3	108
-0.5	-0.299999999999999	-0.399999999999999 -1.8	offset	-0.399999999999999	offset	-1.8	3	58
-0.299999999999999	-0.0999999999999996	-0.199999999999999 -1.8	offset	-0.199999999999999	offset	-1.8	3	8
-0.0999999999999996	0.1	0 -1.8	offset	0	offset	-1.8	3	1259
0.1	0.3	0.2 -1.8	offset	0.2	offset	-1.8	3	1309
0.3	0.5	0.4 -1.8	offset	0.4	offset	-1.8	3	1359
0.5	0.700000000000001	0.6 -1.8	offset	0.600000000000001	offset	-1.8	3	1409
0.700000000000001	0.9	0.800000000000001 -1.8	offset	0.800000000000001	offset	-1.8	3	1459
0.9	1.1	1 -1.8	offset	1	offset	-1.8	3	1510
1.1	1.3	1.2 -1.8	offset	1.2	offset	-1.8	3	1560
1.3	1.5	1.4 -1.8	offset	1.4	offset	-1.8	3	1610
1.5	1.7	1.6 -1.8	offset	1.6	offset	-1.8	3	1660
1.7	1.9	1.8 -1.8	offset	1.8	offset	-1.8	3	1710
1.9	2.1	2 -1.8	offset	2	offset	-1.8	3	1760
2.1	2.3	2.2 -1.8	offset	2.2	offset	-1.8	3	1810
2.3	2.5	2.4 -1.8	offset	2.4	offset	-1.8	3	1860
2.5	2.7	2.6 -1.8	offset	2.6	offset	-1.8	3	1910
2.7	2.9	2.8 -1.8	offset	2.8	offset	-1.8	3	1960
2.9	3.1	3 -1.8	offset	3	offset	-1.8	3	2010
3.1	3.3	3.2 -1.8	offset	3.2	offset	-1.8	3	2060
3.3	3.5	3.4 -1.8	offset	3.4	offset	-1.8	3	2110
3.5	3.7	3.6 -1.8	offset	3.6	offset	-1.8	3	2160
3.7	3.9	3.8 -1.8	offset	3.8	offset	-1.8	3	2210
3.9	4.1	4 -1.8	offset	4	offset	-1.8	3	2260
4.1	4.3	4.2 -1.8	offset	4.2	offset	-1.8	3	2310
4.3	4.5	4.4 -1.8	offset	4.4	offset	-1.8	3	2360
4.5	4.7	4.6 -1.8	offset	4.6	offset	-1.8	3	2410
4.7	4.9	4.8 -1.8	offset	4.8	offset	-1.8	3	2460
4.9	5.1	5 -1.8	offset	5	offset	-1.8	3	2510
-5.1	-4.9	-5 -1.6	offset	-5	offset	-1.6	3	1208
-4.9	-4.7	-4.8 -1.6	offset	-4.8	offset	-1.6	3	1158
-4.7	-4.5	-4.6 -1.6	offset	-4.6	offset	-1.6	3	1108
-4.5	-4.3	-4.4 -1.6	offset	-4.4	offset	-1.6	3	1058
-4.3	-4.1	-4.2 -1.6	offset	-4.2	offset	-1.6	3	1008
-4.1	-3.9	-4 -1.6	offset	-4	offset	-1.6	3	958
-3.9	-3.7	-3.8 -1.6	offset	-3.8	offset	-1.6	3	908
-3.7	-3.5	-3.6 -1.6	offset	-3.6	offset	-1.6	3	858
-3.5	-3.3	-3.4 -1.6	offset	-3.4	offset	-1.6	3	808
-3.3	-3.1	-3.2 -1.6	offset	-3.2	offset	-1.6	3	758
-3.1	-2.9	-3 -1.6	offset	-3	offset	-1.6	3	708
-2.9	-2.7	-2.8 -1.6	offset	-2.8	offset	-1.6	3	658
-2.7	-2.5	-2.6 -1.6	offset	-2.6	offset	-1.6	3	608
-2.5	-2.3	-2.4 -1.6	offset	-2.4	offset	-1.6	3	558
-2.3	-2.1	-2.2 -1.6	offset	-2.2	offset	-1.6	3	508
-2.1	-1.9	-2 -1.6	offset	-2	offset	-1.6	3	458
-1.9	-1.7	-1.8 -1.6	offset	-1.8	offset	-1.6	3	408
-1.7	-1.5	1	offset	-1.6	offset	-1.6	3	1501
-1.5	-1.3	-1.4 -1.6	offset	-1.4	offset	-1.6	3	307
-1.3	-1.1	-1.2 -1.6	offset	-1.2	offset	-1.6	3	257
-1.1	-0.9	-1 -1.6	offset	-1	offset	-1.6	3	207
-0.9	-0.7	-0.8 -1.6	offset	-0.8	offset	-1.6	3	157
-0.7	-0.5	-0.6 -1.6	offset	-0.6	offset	-1.6	3	107
-0.5	-0.299999999999999	-0.399999999999999 -1.6	offset	-0.399999999999999	offset	-1.6	3	57
-0.299999999999999	-0.0999999999999996	-0.199999999999999 -1.6	offset	-0.199999999999999	offset	-1.6	3	7
-0.0999999999999996	0.1	0 -1.6	offset	0	offset	-1.6	3	1258
0.1	0.3	0.2 -1.6	offset	0.2	offset	-1.6	3	1308
0.3	0.5	0.4 -1.6	offset	0.4	offset	-1.6	3	1358
0.5	0.700000000000001	0.6 -1.6	offset	0.600000000000001	offset	-1.6	3	1408
0.700000000000001	0.9	0.800000000000001 -1.6	offset	0.800000000000001	offset	-1.6	3	1458
0.9	1.1	1 -1.6	offset	1	offset	-1.6	3	1509
1.1	1.3	1.2 -1.6	offset	1.2	offset	-1.6	3	1559
1.3	1.5	1.4 -1.6	offset	1.4	offset	-1.6	3	1609
1.5	1.7	1.6 -1.6	offset	1.6	offset	-1.6	3	1659
1.7	1.9	1.8 -1.6	offset	1.8	offset	-1.6	3	1709
1.9	2.1	2 -1.6	offset	2	offset	-1.6	3	1759
2.1	2.3	2.2 -1.6	offset	2.2	offset	-1.6	3	1809
2.3	2.5	2.4 -1.6	offset	2.4	offset	-1.6	3	1859
2.5	2.7	2.6 -1.6	offset	2.6	offset	-1.6	3	1909
2.7	2.9	2.8 -1.6	offset	2.8	offset	-1.6	3	1959
2.9	3.1	3 -1.6	offset	3	offset	-1.6	3	2009
3.1	3.3	3.2 -1.6	offset	3.2	offset	-1.6	3	2059
3.3	3.5	3.4 -1.6	offset	3.4	offset	-1.6	3	2109
3.5	3.7	3.6 -1.6	offset	3.6	offset	-1.6	3	2159
3.7	3.9	3.8 -1.6	offset	3.8	offset	-1.6	3	2209
3.9	4.1	4 -1.6	offset	4	offset	-1.6	3	2259
4.1	4.3	4.2 -1.6	offset	4.2	offset	-1.6	3	2309
4.3	4.5	4.4 -1.6	offset	4.4	offset	-1.6	3	2359
4.5	4.7	4.6 -1.6	offset	4.6	offset	-1.6	3	2409
4.7	4.9	4.8 -1.6	offset	4.8	offset	-1.6	3	2459
4.9	5.1	5 -1.6	offset	5	offset	-1.6	3	2509
-5.1	-4.9	-5 -1.4	offset	-5	offset	-1.4	3	1207
-4.9	-4.7	-4.8 -1.4	offset	-4.8	offset	-1.4	3	1157
-4.7	-4.5	-4.6 -1.4	offset	-4.6	offset	-1.4	3	1107
-4.5	-4.3	-4.4 -1.4	offset	-4.4	offset	-1.4	3	1057
-4.3	-4.1	-4.2 -1.4	offset	-4.2	offset	-1.4	3	1007
-4.1	-3.9	-4 -1.4	offset	-4	offset	-1.4	3	957
-3.9	-3.7	-3.8 -1.4	offset	-3.8	offset	-1.4	3	907
-3.7	-3.5	-3.6 -1.4	offset	-3.6	offset	-1.4	3	857
-3.5	-3.3	-3.4 -1.4	offset	-3.4	offset	-1.4	3	807
-3.3	-3.1	-3.2 -1.4	offset	-3.2	offset	-1.4	3	757
-3.1	-2.9	-3 -1.4	offset	-3	offset	-1.4	3	707
-2.9	-2.7	-2.8 -1.4	offset	-2.8	offset	-1.4	3	657
-2.7	-2.5	-2.6 -1.4	offset	-2.6	offset	-1.4	3	607
-2.5	-2.3	-2.4 -1.4	offset	-2.4	offset	-1.4	3	557
-2.3	-2.1	-2.2 -1.4	offset	-2.2	offset	-1.4	3	507
-2.1	-1.9	-2 -1.4	offset	-2	offset	-1.4	3	457
-1.9	-1.7	-1.8 -1.4	offset	-1.8	offset	-1.4	3	407
-1.7	-1.5	-1.6 -1.4	offset	-1.6	offset	-1.4	3	357
-1.5	-1.3	1	offset	-1.4	offset	-1.4	3	1501
-1.3	-1.1	-1.2 -1.4	offset	-1.2	offset	-1.4	3	256
-1.1	-0.9	-1 -1.4	offset	-1	offset	-1.4	3	206
-0.9	-0.7	-0.8 -1.4	offset	-0.8	offset	-1.4	3	156
-0.7	-0.5	-0.6 -1.4	offset	-0.6	offset	-1.4	3	106
-0.5	-0.299999999999999	-0.399999999999999 -1.4	offset	-0.399999999999999	offset	-1.4	3	56
-0.299999999999999	-0.0999999999999996	-0.199999999999999 -1.4	offset	-0.199999999999999	offset	-1.4	3	6
-0.0999999999999996	0.1	0 -1.4	offset	0	offset	-1.4	3	1257
0.1	0.3	0.2 -1.4	offset	0.2	offset	-1.4	3	1307
0.3	0.5	0.4 -1.4	offset	0.4	offset	-1.4	3	1357
0.5	0.700000000000001	0.6 -1.4	offset	0.600000000000001	offset	-1.4	3	1407
0.700000000000001	0.9	0.800000000000001 -1.4	offset	0.800000000000001	offset	-1.4	3	1457
0.9	1.1	1 -1.4	offset	1	offset	-1.4	3	1508
1.1	1.3	1.2 -1.4	offset	1.2	offset	-1.4	3	1558
1.3	1.5	1.4 -1.4	offset	1.4	offset	-1.4	3	1608
1.5	1.7	1.6 -1.4	offset	1.6	offset	-1.4	3	1658
1.7	1.9	1.8 -1.4	offset	1.8	offset	-1.4	3	1708
1.9	2.1	2 -1.4	offset	2	offset	-1.4	3	1758
2.1	2.3	2.2 -1.4	offset	2.2	offset	-1.4	3	1808
2.3	2.5	2.4 -1.4	offset	2.4	offset	-1.4	3	1858
2.5	2.7	2.6 -1.4	offset	2.6	offset	-1.4	3	1908
2.7	2.9	2.8 -1.4	offset	2.8	offset	-1.4	3	1958
2.9	3.1	3 -1.4	offset	3	offset	-1.4	3	2008
3.1	3.3	3.2 -1.4	offset	3.2	offset	-1.4	3	2058
3.3	3.5	3.4 -1.4	offset	3.4	offset	-1.4	3	2108
3.5	3.7	3.6 -1.4	offset	3.6	offset	-1.4	3	2158
3.7	3.9	3.8 -1.4	offset	3.8	offset	-1.4	3	2208
3.9	4.1	4 -1.4	offset	4	offset	-1.4	3	2258
4.1	4.3	4.2 -1.4	offset	4.2	offset	-1.4	3	2308
4.3	4.5	4.4 -1.4	offset	4.4	offset	-1.4	3	2358
4.5	4.7	4.6 -1.4	offset	4.6	offset	-1.4	3	2408
4.7	4.9	4.8 -1.4	offset	4.8	offset	-1.4	3	2458
4.9	5.1	5 -1.4	offset	5	offset	-1.4	3	2508
-5.1	-4.9	-5 -1.2	offset	-5	offset	-1.2	3	1206
-4.9	-4.7	-4.8 -1.2	offset	-4.8	offset	-1.2	3	1156
-4.7	-4.5	-4.6 -1.2	offset	-4.6	offset	-1.2	3	1106
-4.5	-4.3	-4.4 -1.2	offset	-4.4	offset	-1.2	3	1056
-4.3	-4.1	-4.2 -1.2	offset	-4.2	offset	-1.2	3	1006
-4.1	-3.9	-4 -1.2	offset	-4	offset	-1.2	3	956
-3.9	-3.7	-3.8 -1.2	offset	-3.8	offset	-1.2	3	906
-3.7	-3.5	-3.6 -1.2	offset	-3.6	offset	-1.2	3	856
-3.5	-3.3	-3.4 -1.2	offset	-3.4	offset	-1.2	3	806
-3.3	-3.1	-3.2 -1.2	offset	-3.2	offset	-1.2	3	756
-3.1	-2.9	-3 -1.2	offset	-3	offset	-1.2	3	706
-2.9	-2.7	-2.8 -1.2	offset	-2.8	offset	-1.2	3	656
-2.7	-2.5	-2.6 -1.2	offset	-2.6	offset	-1.2	3	606
-2.5	-2.3	-2.4 -1.2	offset	-2.4	offset	-1.2	3	556
-2.3	-2.1	-2.2 -1.2	offset	-2.2	offset	-1.2	3	506
-2.1	-1.9	-2 -1.2	offset	-2	offset	-1.2	3	456
-1.9	-1.7	-1.8 -1.2	offset	-1.8	offset	-1.2	3	406
-1.7	-1.5	-1.6 -1.2	offset	-1.6	offset	-1.2	3	356
-1.5	-1.3	-1.4 -1.2	offset	-1.4	offset	-1.2	3	306
-1.3	-1.1	1	offset	-1.2	offset	-1.2	3	1501
-1.1	-0.9	-1 -1.2	offset	-1	offset	-1.2	3	205
-0.9	-0.7	-0.8 -1.2	offset	-0.8	offset	-1.2	3	155
-0.7	-0.5	-0.6 -1.2	offset	-0.6	offset	-1.2	3	105
-0.5	-0.299999999999999	-0.399999999999999 -1.2	offset	-0.399999999999999	offset	-1.2	3	55
-0.299999999999999	-0.0999999999999996	-0.199999999999999 -1.2	offset	-0.199999999999999	offset	-1.2	3	5
-0.0999999999999996	0.1	0 -1.2	offset	0	offset	-1.2	3	1256
0.1	0.3	0.2 -1.2	offset	0.2	offset	-1.2	3	1306
0.3	0.5	0.4 -1.2	offset	0.4	offset	-1.2	3	1356
0.5	0.700000000000001	0.6 -1.2	offset	0.600000000000001	offset	-1.2	3	1406
0.700000000000001	0.9	0.800000000000001 -1.2	offset	0.800000000000001	offset	-1.2	3	1456
0.9	1.1	1 -1.2	offset	1	offset	-1.2	3	1507
1.1	1.3	1.2 -1.2	offset	1.2	offset	-1.2	3	1557
1.3	1.5	1.4 -1.2	offset	1.4	offset	-1.2	3	1607
1.5	1.7	1.6 -1.2	offset	1.6	offset	-1.2	3	1657
1.7	1.9	1.8 -1.2	offset	1.8	offset	-1.2	3	1707
1.9	2.1	2 -1.2	offset	2	offset	-1.2	3	1757
2.1	2.3	2.2 -1.2	offset	2.2	offset	-1.2	3	1807
2.3	2.5	2.4 -1.2	offset	2.4	offset	-1.2	3	1857
2.5	2.7	2.6 -1.2	offset	2.6	offset	-1.2	3	1907
2.7	2.9	2.8 -1.2	offset	2.8	offset	-1.2	3	1957
2.9	3.1	3 -1.2	offset	3	offset	-1.2	3	2007
3.1	3.3	3.2 -1.2	offset	3.2	offset	-1.2	3	2057
3.3	3.5	3.4 -1.2	offset	3.4	offset	-1.2	3	2107
3.5	3.7	3.6 -1.2	offset	3.6	offset	-1.2	3	2157
3.7	3.9	3.8 -1.2	offset	3.8	offset	-1.2	3	2207
3.9	4.1	4 -1.2	offset	4	offset	-1.2	3	2257
4.1	4.3	4.2 -1.2	offset	4.2	offset	-1.2	3	2307
4.3	4.5	4.4 -1.2	offset	4.4	offset	-1.2	3	2357
4.5	4.7	4.6 -1.2	offset	4.6	offset	-1.2	3	2407
4.7	4.9	4.8 -1.2	offset	4.8	offset	-1.2	3	2457
4.9	5.1	5 -1.2	offset	5	offset	-1.2	3	2507
-5.1	-4.9	-5 -1	offset	-5	offset	-1	3	1205
-4.9	-4.7	-4.8 -1	offset	-4.8	offset	-1	3	1155
-4.7	-4.5	-4.6 -1	offset	-4.6	offset	-1	3	1105
-4.5	-4.3	-4.4 -1	offset	-4.4	offset	-1	3	1055
-4.3	-4.1	-4.2 -1	offset	-4.2	offset	-1	3	1005
-4.1	-3.9	-4 -1	offset	-4	offset	-1	3	955
-3.9	-3.7	-3.8 -1	offset	-3.8	offset	-1	3	905
-3.7	-3.5	-3.6 -1	offset	-3.6	offset	-1	3	855
-3.5	-3.3	-3.4 -1	offset	-3.4	offset	-1	3	805
-3.3	-3.1	-3.2 -1	offset	-3.2	offset	-1	3	755
-3.1	-2.9	-3 -1	offset	-3	offset	-1	3	705
-2.9	-2.7	-2.8 -1	offset	-2.8	offset	-1	3	655
-2.7	-2.5	-2.6 -1	offset	-2.6	offset	-1	3	605
-2.5	-2.3	-2.4 -1	offset	-2.4	offset	-1	3	555
-2.3	-2.1	-2.2 -1	offset	-2.2	offset	-1	3	505
-2.1	-1.9	-2 -1	offset	-2	offset	-1	3	455
-1.9	-1.7	-1.8 -1	offset	-1.8	offset	-1	3	405
-1.7	-1.5	-1.6 -1	offset	-1.6	offset	-1	3	355
-1.5	-1.3	-1.4 -1	offset	-1.4	offset	-1	3	305
-1.3	-1.1	-1.2 -1	offset	-1.2	offset	-1	3	255
-1.1	-0.9	1	offset	-1	offset	-1	3	1501
-0.9	-0.7	-0.8 -1	offset	-0.8	offset	-1	3	154
-0.7	-0.5	-0.6 -1	offset	-0.6	offset	-1	3	104
-0.5	-0.299999999999999	-0.399999999999999 -1	offset	-0.399999999999999	offset	-1	3	54
-0.299999999999999	-0.0999999999999996	-0.199999999999999 -1	offset	-0.199999999999999	offset	-1	3	4
-0.0999999999999996	0.1	0 -1	offset	0	offset	-1	3	1255
0.1	0.3	0.2 -1	offset	0.2	offset	-1	3	1305
0.3	0.5	0.4 -1	offset	0.4	offset	-1	3	1355
0.5	0.700000000000001	0.6 -1	offset	0.600000000000001	offset	-1	3	1405
0.700000000000001	0.9	0.800000000000001 -1	offset	0.800000000000001	offset	-1	3	1455
0.9	1.1	1 -1	offset	1	offset	-1	3	1506
1.1	1.3	1.2 -1	offset	1.2	offset	-1	3	1556
1.3	1.5	1.4 -1	offset	1.4	offset	-1	3	1606
1.5	1.7	1.6 -1	offset	1.6	offset	-1	3	1656
1.7	1.9	1.8 -1	offset	1.8	offset	-1	3	1706
1.9	2.1	2 -1	offset	2	offset	-1	3	1756
2.1	2.3	2.2 -1	offset	2.2	offset	-1	3	1806
2.3	2.5	2.4 -1	offset	2.4	offset	-1	3	1856
2.5	2.7	2.6 -1	offset	2.6	offset	-1	3	1906
2.7	2.9	2.8 -1	offset	2.8	offset	-1	3	1956
2.9	3.1	3 -1	offset	3	offset	-1	3	2006
3.1	3.3	3.2 -1	offset	3.2	offset	-1	3	2056
3.3	3.5	3.4 -1	offset	3.4	offset	-1	3	2106
3.5	3.7	3.6 -1	offset	3.6	offset	-1	3	2156
3.7	3.9	3.8 -1	offset	3.8	offset	-1	3	2206
3.9	4.1	4 -1	offset	4	offset	-1	3	2256
4.1	4.3	4.2 -1	offset	4.2	offset	-1	3	2306
4.3	4.5	4.4 -1	offset	4.4	offset	-1	3	2356
4.5	4.7	4.6 -1	offset	4.6	offset	-1	3	2406
4.7	4.9	4.8 -1	offset	4.8	offset	-1	3	2456
4.9	5.1	5 -1	offset	5	offset	-1	3	2506
-5.1	-4.9	-5 -0.8	offset	-5	offset	-0.8	3	1204
-4.9	-4.7	-4.8 -0.8	offset	-4.8	offset	-0.8	3	1154
-4.7	-4.5	-4.6 -0.8	offset	-4.6	offset	-0.8	3	1104
-4.5	-4.3	-4.4 -0.8	offset	-4.4	offset	-0.8	3	1054
-4.3	-4.1	-4.2 -0.8	offset	-4.2	offset	-0.8	3	1004
-4.1	-3.9	-4 -0.8	offset	-4	offset	-0.8	3	954
-3.9	-3.7	-3.8 -0.8	offset	-3.8	offset	-0.8	3	904
-3.7	-3.5	-3.6 -0.8	offset	-3.6	offset	-0.8	3	854
-3.5	-3.3	-3.4 -0.8	offset	-3.4	offset	-0.8	3	804
-3.3	-3.1	-3.2 -0.8	offset	-3.2	offset	-0.8	3	754
-3.1	-2.9	-3 -0.8	offset	-3	offset	-0.8	3	704
-2.9	-2.7	-2.8 -0.8	offset	-2.8	offset	-0.8	3	654
-2.7	-2.5	-2.6 -0.8	offset	-2.6	offset	-0.8	3	604
-2.5	-2.3	-2.4 -0.8	offset	-2.4	offset	-0.8	3	554
-2.3	-2.1	-2.2 -0.8	offset	-2.2	offset	-0.8	3	504
-2.1	-1.9	-2 -0.8	offset	-2	offset	-0.8	3	454
-1.9	-1.7	-1.8 -0.8	offset	-1.8	offset	-0.8	3	404
-1.7	-1.5	-1.6 -0.8	offset	-1.6	offset	-0.8	3	354
-1.5	-1.3	-1.4 -0.8	offset	-1.4	offset	-0.8	3	304
-1.3	-1.1	-1.2 -0.8	offset	-1.2	offset	-0.8	3	254
-1.1	-0.9	-1 -0.8	offset	-1	offset	-0.8	3	204
-0.9	-0.7	1	offset	-0.8	offset	-0.8	3	1501
-0.7	-0.5	-0.6 -0.8	offset	-0.6	offset	-0.8	3	103
-0.5	-0.299999999999999	-0.399999999999999 -0.8	offset	-0.399999999999999	offset	-0.8	3	53
-0.299999999999999	-0.0999999999999996	-0.199999999999999 -0.8	offset	-0.199999999999999	offset	-0.8	3	3
-0.0999999999999996	0.1	0 -0.8	offset	0	offset	-0.8	3	1254
0.1	0.3	0.2 -0.8	offset	0.2	offset	-0.8	3	1304
0.3	0.5	0.4 -0.8	offset	0.4	offset	-0.8	3	1354
0.5	0.700000000000001	0.6 -0.8	offset	0.600000000000001	offset	-0.8	3	1404
0.700000000000001	0.9	0.800000000000001 -0.8	offset	0.800000000000001	offset	-0.8	3	1454
0.9	1.1	1 -0.8	offset	1	offset	-0.8	3	1505
1.1	1.3	1.2 -0.8	offset	1.2	offset	-0.8	3	1555
1.3	1.5	1.4 -0.8	offset	1.4	offset	-0.8	3	1605
1.5	1.7	1.6 -0.8	offset	1.6	offset	-0.8	3	1655
1.7	1.9	1.8 -0.8	offset	1.8	offset	-0.8	3	1705
1.9	2.1	2 -0.8	offset	2	offset	-0.8	3	1755
2.1	2.3	2.2 -0.8	offset	2.2	offset	-0.8	3	1805
2.3	2.5	2.4 -0.8	offset	2.4	offset	-0.8	3	1855
2.5	2.7	2.6 -0.8	offset	2.6	offset	-0.8	3	1905
2.7	2.9	2.8 -0.8	offset	2.8	offset	-0.8	3	1955
2.9	3.1	3 -0.8	offset	3	offset	-0.8	3	2005
3.1	3.3	3.2 -0.8	offset	3.2	offset	-0.8	3	2055
3.3	3.5	3.4 -0.8	offset	3.4	offset	-0.8	3	2105
3.5	3.7	3.6 -0.8	offset	3.6	offset	-0.8	3	2155
3.7	3.9	3.8 -0.8	offset	3.8	offset	-0.8	3	2205
3.9	4.1	4 -0.8	offset	4	offset	-0.8	3	2255
4.1	4.3	4.2 -0.8	offset	4.2	offset	-0.8	3	2305
4.3	4.5	4.4 -0.8	offset	4.4	offset	-0.8	3	2355
4.5	4.7	4.6 -0.8	offset	4.6	offset	-0.8	3	2405
4.7	4.9	4.8 -0.8	offset	4.8	offset	-0.8	3	2455
4.9	5.1	5 -0.8	offset	5	offset	-0.8	3	2505
-5.1	-4.9	-5 -0.6	offset	-5	offset	-0.6	3	1203
-4.9	-4.7	-4.8 -0.6	offset	-4.8	offset	-0.6	3	1153
-4.7	-4.5	-4.6 -0.6	offset	-4.6	offset	-0.6	3	1103
-4.5	-4.3	-4.4 -0.6	offset	-4.4	offset	-0.6	3	1053
-4.3	-4.1	-4.2 -0.6	offset	-4.2	offset	-0.6	3	1003
-4.1	-3.9	-4 -0.6	offset	-4	offset	-0.6	3	953
-3.9	-3.7	-3.8 -0.6	offset	-3.8	offset	-0.6	3	903
-3.7	-3.5	-3.6 -0.6	offset	-3.6	offset	-0.6	3	853
-3.5	-3.3	-3.4 -0.6	offset	-3.4	offset	-0.6	3	803
-3.3	-3.1	-3.2 -0.6	offset	-3.2	offset	-0.6	3	753
-3.1	-2.9	-3 -0.6	offset	-3	offset	-0.6	3	703
-2.9	-2.7	-2.8 -0.6	offset	-2.8	offset	-0.6	3	653
-2.7	-2.5	-2.6 -0.6	offset	-2.6	offset	-0.6	3	603
-2.5	-2.3	-2.4 -0.6	offset	-2.4	offset	-0.6	3	553
-2.3	-2.1	-2.2 -0.6	offset	-2.2	offset	-0.6	3	503
-2.1	-1.9	-2 -0.6	offset	-2	offset	-0.6	3	453
-1.9	-1.7	-1.8 -0.6	offset	-1.8	offset	-0.6	3	403
-1.7	-1.5	-1.6 -0.6	offset	-1.6	offset	-0.6	3	353
-1.5	-1.3	-1.4 -0.6	offset	-1.4	offset	-0.6	3	303
-1.3	-1.1	-1.2 -0.6	offset	-1.2	offset	-0.6	3	253
-1.1	-0.9	-1 -0.6	offset	-1	offset	-0.6	3	203
-0.9	-0.7	-0.8 -0.6	offset	-0.8	offset	-0.6	3	153
-0.7	-0.5	1	offset	-0.6	offset	-0.6	3	1501
-0.5	-0.299999999999999	-0.399999999999999 -0.6	offset	-0.399999999999999	offset	-0.6	3	52
-0.299999999999999	-0.0999999999999996	-0.199999999999999 -0.6	offset	-0.199999999999999	offset	-0.6	3	2
-0.0999999999999996	0.1	0 -0.6	offset	0	offset	-0.6	3	1253
0.1	0.3	0.2 -0.6	offset	0.2	offset	-0.6	3	1303
0.3	0.5	0.4 -0.6	offset	0.4	offset	-0.6	3	1353
0.5	0.700000000000001	0.6 -0.6	offset	0.600000000000001	offset	-0.6	3	1403
0.700000000000001	0.9	0.800000000000001 -0.6	offset	0.800000000000001	offset	-0.6	3	1453
0.9	1.1	1 -0.6	offset	1	offset	-0.6	3	1504
1.1	1.3	1.2 -0.6	offset	1.2	offset	-0.6	3	1554
1.3	1.5	1.4 -0.6	offset	1.4	offset	-0.6	3	1604
1.5	1.7	1.6 -0.6	offset	1.6	offset	-0.6	3	1654
1.7	1.9	1.8 -0.6	offset	1.8	offset	-0.6	3	1704
1.9	2.1	2 -0.6	offset	2	offset	-0.6	3	1754
2.1	2.3	2.2 -0.6	offset	2.2	offset	-0.6	3	1804
2.3	2.5	2.4 -0.6	offset	2.4	offset	-0.6	3	1854
2.5	2.7	2.6 -0.6	offset	2.6	offset	-0.6	3	1904
2.7	2.9	2.8 -0.6	offset	2.8	offset	-0.6	3	1954
2.9	3.1	3 -0.6	offset	3	offset	-0.6	3	2004
3.1	3.3	3.2 -0.6	offset	3.2	offset	-0.6	3	2054
3.3	3.5	3.4 -0.6	offset	3.4	offset	-0.6	3	2104
3.5	3.7	3.6 -0.6	offset	3.6	offset	-0.6	3	2154
3.7	3.9	3.8 -0.6	offset	3.8	offset	-0.6	3	2204
3.9	4.1	4 -0.6	offset	4	offset	-0.6	3	2254
4.1	4.3	4.2 -0.6	offset	4.2	offset	-0.6	3	2304
4.3	4.5	4.4 -0.6	offset	4.4	offset	-0.6	3	2354
4.5	4.7	4.6 -0.6	offset	4.6	offset	-0.6	3	2404
4.7	4.9	4.8 -0.6	offset	4.8	offset	-0.6	3	2454
4.9	5.1	5 -0.6	offset	5	offset	-0.6	3	2504
-5.1	-4.9	-5 -0.399999999999999	offset	-5	offset	-0.399999999999999	3	1202
-4.9	-4.7	-4.8 -0.399999999999999	offset	-4.8	offset	-0.399999999999999	3	1152
-4.7	-4.5	-4.6 -0.399999999999999	offset	-4.6	offset	-0.399999999999999	3	1102
-4.5	-4.3	-4.4 -0.399999999999999	offset	-4.4	offset	-0.399999999999999	3	1052
-4.3	-4.1	-4.2 -0.399999999999999	offset	-4.2	offset	-0.399999999999999	3	1002
-4.1	-3.9	-4 -0.399999999999999	offset	-4	offset	-0.399999999999999	3	952
-3.9	-3.7	-3.8 -0.399999999999999	offset	-3.8	offset	-0.399999999999999	3	902
-3.7	-3.5	-3.6 -0.399999999999999	offset	-3.6	offset	-0.399999999999999	3	852
-3.5	-3.3	-3.4 -0.399999999999999	offset	-3.4	offset	-0.399999999999999	3	802
-3.3	-3.1	-3.2 -0.399999999999999	offset	-3.2	offset	-0.399999999999999	3	752
-3.1	-2.9	-3 -0.399999999999999	offset	-3	offset	-0.399999999999999	3	702
-2.9	-2.7	-2.8 -0.399999999999999	offset	-2.8	offset	-0.399999999999999	3	652
-2.7	-2.5	-2.6 -0.399999999999999	offset	-2.6	offset	-0.399999999999999	3	602
-2.5	-2.3	-2.4 -0.399999999999999	offset	-2.4	offset	-0.399999999999999	3	552
-2.3	-2.1	-2.2 -0.399999999999999	offset	-2.2	offset	-0.399999999999999	3	502
-2.1	-1.9	-2 -0.399999999999999	offset	-2	offset	-0.399999999999999	3	452
-1.9	-1.7	-1.8 -0.399999999999999	offset	-1.8	offset	-0.399999999999999	3	402
-1.7	-1.5	-1.6 -0.399999999999999	offset	-1.6	offset	-0.399999999999999	3	352
-1.5	-1.3	-1.4 -0.399999999999999	offset	-1.4	offset	-0.399999999999999	3	302
-1.3	-1.1	-1.2 -0.399999999999999	offset	-1.2	offset	-0.399999999999999	3	252
-1.1	-0.9	-1 -0.399999999999999	offset	-1	offset	-0.399999999999999	3	202
-0.9	-0.7	-0.8 -0.399999999999999	offset	-0.8	offset	-0.399999999999999	3	152
-0.7	-0.5	-0.6 -0.399999999999999	offset	-0.6	offset	-0.399999999999999	3	102
-0.5	-0.299999999999999	1	offset	-0.399999999999999	offset	-0.399999999999999	3	1501
-0.299999999999999	-0.0999999999999996	-0.199999999999999 -0.399999999999999	offset	-0.199999999999999	offset	-0.399999999999999	3	1
-0.0999999999999996	0.1	0 -0.399999999999999	offset	0	offset	-0.399999999999999	3	1252
0.1	0.3	0.2 -0.399999999999999	offset	0.2	offset	-0.399999999999999	3	1302
0.3	0.5	0.4 -0.399999999999999	offset	0.4	offset	-0.399999999999999	3	1352
0.5	0.700000000000001	0.6 -0.399999999999999	offset	0.600000000000001	offset	-0.399999999999999	3	1402
0.700000000000001	0.9	0.800000000000001 -0.399999999999999	offset	0.800000000000001	offset	-0.399999999999999	3	1452
0.9	1.1	1 -0.399999999999999	offset	1	offset	-0.399999999999999	3	1503
1.1	1.3	1.2 -0.399999999999999	offset	1.2	offset	-0.399999999999999	3	1553
1.3	1.5	1.4 -0.399999999999999	offset	1.4	offset	-0.399999999999999	3	1603
1.5	1.7	1.6 -0.399999999999999	offset	1.6	offset	-0.399999999999999	3	1653
1.7	1.9	1.8 -0.399999999999999	offset	1.8	offset	-0.399999999999999	3	1703
1.9	2.1	2 -0.399999999999999	offset	2	offset	-0.399999999999999	3	1753
2.1	2.3	2.2 -0.399999999999999	offset	2.2	offset	-0.399999999999999	3	1803
2.3	2.5	2.4 -0.399999999999999	offset	2.4	offset	-0.399999999999999	3	1853
2.5	2.7	2.6 -0.399999999999999	offset	2.6	offset	-0.399999999999999	3	1903
2.7	2.9	2.8 -0.399999999999999	offset	2.8	offset	-0.399999999999999	3	1953
2.9	3.1	3 -0.399999999999999	offset	3	offset	-0.399999999999999	3	2003
3.1	3.3	3.2 -0.399999999999999	offset	3.2	offset	-0.399999999999999	3	2053
3.3	3.5	3.4 -0.399999999999999	offset	3.4	offset	-0.399999999999999	3	2103
3.5	3.7	3.6 -0.399999999999999	offset	3.6	offset	-0.399999999999999	3	2153
3.7	3.9	3.8 -0.399999999999999	offset	3.8	offset	-0.399999999999999	3	2203
3.9	4.1	4 -0.399999999999999	offset	4	offset	-0.399999999999999	3	2253
4.1	4.3	4.2 -0.399999999999999	offset	4.2	offset	-0.399999999999999	3	2303
4.3	4.5	4.4 -0.399999999999999	offset	4.4	offset	-0.399999999999999	3	2353
4.5	4.7	4.6 -0.399999999999999	offset	4.6	offset	-0.399999999999999	3	2403
4.7	4.9	4.8 -0.399999999999999	offset	4.8	offset	-0.399999999999999	3	2453
4.9	5.1	5 -0.399999999999999	offset	5	offset	-0.399999999999999	3	2503
-5.1	-4.9	-5 -0.199999999999999	offset	-5	offset	-0.199999999999999	3	1201
-4.9	-4.7	-4.8 -0.199999999999999	offset	-4.8	offset	-0.199999999999999	3	1151
-4.7	-4.5	-4.6 -0.199999999999999	offset	-4.6	offset	-0.199999999999999	3	1101
-4.5	-4.3	-4.4 -0.199999999999999	offset	-4.4	offset	-0.199999999999999	3	1051
-4.3	-4.1	-4.2 -0.199999999999999	offset	-4.2	offset	-0.199999999999999	3	1001
-4.1	-3.9	-4 -0.199999999999999	offset	-4	offset	-0.199999999999999	3	951
-3.9	-3.7	-3.8 -0.199999999999999	offset	-3.8	offset	-0.199999999999999	3	901
-3.7	-3.5	-3.6 -0.199999999999999	offset	-3.6	offset	-0.199999999999999	3	851
-3.5	-3.3	-3.4 -0.199999999999999	offset	-3.4	offset	-0.199999999999999	3	801
-3.3	-3.1	-3.2 -0.199999999999999	offset	-3.2	offset	-0.199999999999999	3	751
-3.1	-2.9	-3 -0.199999999999999	offset	-3	offset	-0.199999999999999	3	701
-2.9	-2.7	-2.8 -0.199999999999999	offset	-2.8	offset	-0.199999999999999	3	651
-2.7	-2.5	-2.6 -0.199999999999999	offset	-2.6	offset	-0.199999999999999	3	601
-2.5	-2.3	-2.4 -0.199999999999999	offset	-2.4	offset	-0.199999999999999	3	551
-2.3	-2.1	-2.2 -0.199999999999999	offset	-2.2	offset	-0.199999999999999	3	501
-2.1	-1.9	-2 -0.199999999999999	offset	-2	offset	-0.199999999999999	3	451
-1.9	-1.7	-1.8 -0.199999999999999	offset	-1.8	offset	-0.199999999999999	3	401
-1.7	-1.5	-1.6 -0.199999999999999	offset	-1.6	offset	-0.199999999999999	3	351
-1.5	-1.3	-1.4 -0.199999999999999	offset	-1.4	offset	-0.199999999999999	3	301
-1.3	-1.1	-1.2 -0.199999999999999	offset	-1.2	offset	-0.199999999999999	3	251
-1.1	-0.9	-1 -0.199999999999999	offset	-1	offset	-0.199999999999999	3	201
-0.9	-0.7	-0.8 -0.199999999999999	offset	-0.8	offset	-0.199999999999999	3	151
-0.7	-0.5	-0.6 -0.199999999999999	offset	-0.6	offset	-0.199999999999999	3	101
-0.5	-0.299999999999999	-0.399999999999999 -0.199999999999999	offset	-0.399999999999999	offset	-0.199999999999999	3	51
-0.299999999999999	-0.0999999999999996	1	offset	-0.199999999999999	offset	-0.199999999999999	3	1501
-0.0999999999999996	0.1	0 -0.199999999999999	offset	0	offset	-0.199999999999999	3	1251
0.1	0.3	0.2 -0.199999999999999	offset	0.2	offset	-0.199999999999999	3	1301
0.3	0.5	0.4 -0.199999999999999	offset	0.4	offset	-0.199999999999999	3	1351
0.5	0.700000000000001	0.6 -0.199999999999999	offset	0.600000000000001	offset	-0.199999999999999	3	1401
0.700000000000001	0.9	0.800000000000001 -0.199999999999999	offset	0.800000000000001	offset	-0.199999999999999	3	1451
0.9	1.1	1 -0.199999999999999	offset	1	offset	-0.199999999999999	3	1502
1.1	1.3	1.2 -0.199999999999999	offset	1.2	offset	-0.199999999999999	3	1552
1.3	1.5	1.4 -0.199999999999999	offset	1.4	offset	-0.199999999999999	3	1602
1.5	1.7	1.6 -0.199999999999999	offset	1.6	offset	-0.199999999999999	3	1652
1.7	1.9	1.8 -0.199999999999999	offset	1.8	offset	-0.199999999999999	3	1702
1.9	2.1	2 -0.199999999999999	offset	2	offset	-0.199999999999999	3	1752
2.1	2.3	2.2 -0.199999999999999	offset	2.2	offset	-0.199999999999999	3	1802
2.3	2.5	2.4 -0.199999999999999	offset	2.4	offset	-0.199999999999999	3	1852
2.5	2.7	2.6 -0.199999999999999	offset	2.6	offset	-0.199999999999999	3	1902
2.7	2.9	2.8 -0.199999999999999	offset	2.8	offset	-0.199999999999999	3	1952
2.9	3.1	3 -0.199999999999999	offset	3	offset	-0.199999999999999	3	2002
3.1	3.3	3.2 -0.199999999999999	offset	3.2	offset	-0.199999999999999	3	2052
3.3	3.5	3.4 -0.199999999999999	offset	3.4	offset	-0.199999999999999	3	2102
3.5	3.7	3.6 -0.199999999999999	offset	3.6	offset	-0.199999999999999	3	2152
3.7	3.9	3.8 -0.199999999999999	offset	3.8	offset	-0.199999999999999	3	2202
3.9	4.1	4 -0.199999999999999	offset	4	offset	-0.199999999999999	3	2252
4.1	4.3	4.2 -0.199999999999999	offset	4.2	offset	-0.199999999999999	3	2302
4.3	4.5	4.4 -0.199999999999999	offset	4.4	offset	-0.199999999999999	3	2352
4.5	4.7	4.6 -0.199999999999999	offset	4.6	offset	-0.199999999999999	3	2402
4.7	4.9	4.8 -0.199999999999999	offset	4.8	offset	-0.199999999999999	3	2452
4.9	5.1	5 -0.199999999999999	offset	5	offset	-0.199999999999999	3	2502
-5.1	-4.9	-5 0	offset	-5	offset	0	3	1225
-4.9	-4.7	-4.8 0	offset	-4.8	offset	0	3	1175
-4.7	-4.5	-4.6 0	offset	-4.6	offset	0	3	1125
-4.5	-4.3	-4.4 0	offset	-4.4	offset	0	3	1075
-4.3	-4.1	-4.2 0	offset	-4.2	offset	0	3	1025
-4.1	-3.9	-4 0	offset	-4	offset	0	3	975
-3.9	-3.7	-3.8 0	offset	-3.8	offset	0	3	925
-3.7	-3.5	-3.6 0	offset	-3.6	offset	0	3	875
-3.5	-3.3	-3.4 0	offset	-3.4	offset	0	3	825
-3.3	-3.1	-3.2 0	offset	-3.2	offset	0	3	775
-3.1	-2.9	-3 0	offset	-3	offset	0	3	725
-2.9	-2.7	-2.8 0	offset	-2.8	offset	0	3	675
-2.7	-2.5	-2.6 0	offset	-2.6	offset	0	3	625
-2.5	-2.3	-2.4 0	offset	-2.4	offset	0	3	575
-2.3	-2.1	-2.2 0	offset	-2.2	offset	0	3	525
-2.1	-1.9	-2 0	offset	-2	offset	0	3	475
-1.9	-1.7	-1.8 0	offset	-1.8	offset	0	3	425
-1.7	-1.5	-1.6 0	offset	-1.6	offset	0	3	375
-1.5	-1.3	-1.4 0	offset	-1.4	offset	0	3	325
-1.3	-1.1	-1.2 0	offset	-1.2	offset	0	3	275
-1.1	-0.9	-1 0	offset	-1	offset	0	3	225
-0.9	-0.7	-0.8 0	offset	-0.8	offset	0	3	175
-0.7	-0.5	-0.6 0	offset	-0.6	offset	0	3	125
-0.5	-0.299999999999999	-0.399999999999999 0	offset	-0.399999999999999	offset	0	3	75
-0.299999999999999	-0.0999999999999996	-0.199999999999999 0	offset	-0.199999999999999	offset	0	3	25
-0.0999999999999996	0.1	1	offset	0	offset	0	3	1501
0.1	0.3	0.2 0	offset	0.2	offset	0	3	1326
0.3	0.5	0.4 0	offset	0.4	offset	0	3	1376
0.5	0.700000000000001	0.6 0	offset	0.600000000000001	offset	0	3	1426
0.700000000000001	0.9	0.800000000000001 0	offset	0.800000000000001	offset	0	3	1476
0.9	1.1	1 0	offset	1	offset	0	3	1527
1.1	1.3	1.2 0	offset	1.2	offset	0	3	1577
1.3	1.5	1.4 0	offset	1.4	offset	0	3	1627
1.5	1.7	1.6 0	offset	1.6	offset	0	3	1677
1.7	1.9	1.8 0	offset	1.8	offset	0	3	1727
1.9	2.1	2 0	offset	2	offset	0	3	1777
2.1	2.3	2.2 0	offset	2.2	offset	0	3	1827
2.3	2.5	2.4 0	offset	2.4	offset	0	3	1877
2.5	2.7	2.6 0	offset	2.6	offset	0	3	1927
2.7	2.9	2.8 0	offset	2.8	offset	0	3	1977
2.9	3.1	3 0	offset	3	offset	0	3	2027
3.1	3.3	3.2 0	offset	3.2	offset	0	3	2077
3.3	3.5	3.4 0	offset	3.4	offset	0	3	2127
3.5	3.7	3.6 0	offset	3.6	offset	0	3	2177
3.7	3.9	3.8 0	offset	3.8	offset	0	3	2227
3.9	4.1	4 0	offset	4	offset	0	3	2277
4.1	4.3	4.2 0	offset	4.2	offset	0	3	2327
4.3	4.5	4.4 0	offset	4.4	offset	0	3	2377
4.5	4.7	4.6 0	offset	4.6	offset	0	3	2427
4.7	4.9	4.8 0	offset	4.8	offset	0	3	2477
4.9	5.1	5 0	offset	5	offset	0	3	2527
-5.1	-4.9	-5 0.2	offset	-5	offset	0.2	3	1226
-4.9	-4.7	-4.8 0.2	offset	-4.8	offset	0.2	3	1176
-4.7	-4.5	-4.6 0.2	offset	-4.6	offset	0.2	3	1126
-4.5	-4.3	-4.4 0.2	offset	-4.4	offset	0.2	3	1076
-4.3	-4.1	-4.2 0.2	offset	-4.2	offset	0.2	3	1026
-4.1	-3.9	-4 0.2	offset	-4	offset	0.2	3	976
-3.9	-3.7	-3.8 0.2	offset	-3.8	offset	0.2	3	926
-3.7	-3.5	-3.6 0.2	offset	-3.6	offset	0.2	3	876
-3.5	-3.3	-3.4 0.2	offset	-3.4	offset	0.2	3	826
-3.3	-3.1	-3.2 0.2	offset	-3.2	offset	0.2	3	776
-3.1	-2.9	-3 0.2	offset	-3	offset	0.2	3	726
-2.9	-2.7	-2.8 0.2	offset	-2.8	offset	0.2	3	676
-2.7	-2.5	-2.6 0.2	offset	-2.6	offset	0.2	3	626
-2.5	-2.3	-2.4 0.2	offset	-2.4	offset	0.2	3	576
-2.3	-2.1	-2.2 0.2	offset	-2.2	offset	0.2	3	526
-2.1	-1.9	-2 0.2	offset	-2	offset	0.2	3	476
-1.9	-1.7	-1.8 0.2	offset	-1.8	offset	0.2	3	426
-1.7	-1.5	-1.6 0.2	offset	-1.6	offset	0.2	3	376
-1.5	-1.3	-1.4 0.2	offset	-1.4	offset	0.2	3	326
-1.3	-1.1	-1.2 0.2	offset	-1.2	offset	0.2	3	276
-1.1	-0.9	-1 0.2	offset	-1	offset	0.2	3	226
-0.9	-0.7	-0.8 0.2	offset	-0.8	offset	0.2	3	176
-0.7	-0.5	-0.6 0.2	offset	-0.6	offset	0.2	3	126
-0.5	-0.299999999999999	-0.399999999999999 0.2	offset	-0.399999999999999	offset	0.2	3	76
-0.299999999999999	-0.0999999999999996	-0.199999999999999 0.2	offset	-0.199999999999999	offset	0.2	3	26
-0.0999999999999996	0.1	0 0.2	offset	0	offset	0.2	3	1276
0.1	0.3	1	offset	0.2	offset	0.2	3	1501
0.3	0.5	0.4 0.2	offset	0.4	offset	0.2	3	1377
0.5	0.700000000000001	0.6 0.2	offset	0.600000000000001	offset	0.2	3	1427
0.700000000000001	0.9	0.800000000000001 0.2	offset	0.800000000000001	offset	0.2	3	1477
0.9	1.1	1 0.2	offset	1	offset	0.2	3	1528
1.1	1.3	1.2 0.2	offset	1.2	offset	0.2	3	1578
1.3	1.5	1.4 0.2	offset	1.4	offset	0.2	3	1628
1.5	1.7	1.6 0.2	offset	1.6	offset	0.2	3	1678
1.7	1.9	1.8 0.2	offset	1.8	offset	0.2	3	1728
1.9	2.1	2 0.2	offset	2	offset	0.2	3	1778
2.1	2.3	2.2 0.2	offset	2.2	offset	0.2	3	1828
2.3	2.5	2.4 0.2	offset	2.4	offset	0.2	3	1878
2.5	2.7	2.6 0.2	offset	2.6	offset	0.2	3	1928
2.7	2.9	2.8 0.2	offset	2.8	offset	0.2	3	1978
2.9	3.1	3 0.2	offset	3	offset	0.2	3	2028
3.1	3.3	3.2 0.2	offset	3.2	offset	0.2	3	2078
3.3	3.5	3.4 0.2	offset	3.4	offset	0.2	3	2128
3.5	3.7	3.6 0.2	offset	3.6	offset	0.2	3	2178
3.7	3.9	3.8 0.2	offset	3.8	offset	0.2	3	2228
3.9	4.1	4 0.2	offset	4	offset	0.2	3	2278
4.1	4.3	4.2 0.2	offset	4.2	offset	0.2	3	2328
4.3	4.5	4.4 0.2	offset	4.4	offset	0.2	3	2378
4.5	4.7	4.6 0.2	offset	4.6	offset	0.2	3	2428
4.7	4.9	4.8 0.2	offset	4.8	offset	0.2	3	2478
4.9	5.1	5 0.2	offset	5	offset	0.2	3	2528
-5.1	-4.9	-5 0.4	offset	-5	offset	0.4	3	1227
-4.9	-4.7	-4.8 0.4	offset	-4.8	offset	0.4	3	1177
-4.7	-4.5	-4.6 0.4	offset	-4.6	offset	0.4	3	1127
-4.5	-4.3	-4.4 0.4	offset	-4.4	offset	0.4	3	1077
-4.3	-4.1	-4.2 0.4	offset	-4.2	offset	0.4	3	1027
-4.1	-3.9	-4 0.4	offset	-4	offset	0.4	3	977
-3.9	-3.7	-3.8 0.4	offset	-3.8	offset	0.4	3	927
-3.7	-3.5	-3.6 0.4	offset	-3.6	offset	0.4	3	877
-3.5	-3.3	-3.4 0.4	offset	-3.4	offset	0.4	3	827
-3.3	-3.1	-3.2 0.4	offset	-3.2	offset	0.4	3	777
-3.1	-2.9	-3 0.4	offset	-3	offset	0.4	3	727
-2.9	-2.7	-2.8 0.4	offset	-2.8	offset	0.4	3	677
-2.7	-2.5	-2.6 0.4	offset	-2.6	offset	0.4	3	627
-2.5	-2.3	-2.4 0.4	offset	-2.4	offset	0.4	3	577
-2.3	-2.1	-2.2 0.4	offset	-2.2	offset	0.4	3	527
-2.1	-1.9	-2 0.4	offset	-2	offset	0.4	3	477
-1.9	-1.7	-1.8 0.4	offset	-1.8	offset	0.4	3	427
-1.7	-1.5	-1.6 0.4	offset	-1.6	offset	0.4	3	377
-1.5	-1.3	-1.4 0.4	offset	-1.4	offset	0.4	3	327
-1.3	-1.1	-1.2 0.4	offset	-1.2	offset	0.4	3	277
-1.1	-0.9	-1 0.4	offset	-1	offset	0.4	3	227
-0.9	-0.7	-0.8 0.4	offset	-0.8	offset	0.4	3	177
-0.7	-0.5	-0.6 0.4	offset	-0.6	offset	0.4	3	127
-0.5	-0.299999999999999	-0.399999999999999 0.4	offset	-0.399999999999999	offset	0.4	3	77
-0.299999999999999	-0.0999999999999996	-0.199999999999999 0.4	offset	-0.199999999999999	offset	0.4	3	27
-0.0999999999999996	0.1	0 0.4	offset	0	offset	0.4	3	1277
0.1	0.3	0.2 0.4	offset	0.2	offset	0.4	3	1327
0.3	0.5	1	offset	0.4	offset	0.4	3	1501
0.5	0.700000000000001	0.6 0.4	offset	0.600000000000001	offset	0.4	3	1428
0.700000000000001	0.9	0.800000000000001 0.4	offset	0.800000000000001	offset	0.4	3	1478
0.9	1.1	1 0.4	offset	1	offset	0.4	3	1529
1.1	1.3	1.2 0.4	offset	1.2	offset	0.4	3	1579
1.3	1.5	1.4 0.4	offset	1.4	offset	0.4	3	1629
1.5	1.7	1.6 0.4	offset	1.6	offset	0.4	3	1679
1.7	1.9	1.8 0.4	offset	1.8	offset	0.4	3	1729
1.9	2.1	2 0.4	offset	2	offset	0.4	3	1779
2.1	2.3	2.2 0.4	offset	2.2	offset	0.4	3	1829
2.3	2.5	2.4 0.4	offset	2.4	offset	0.4	3	1879
2.5	2.7	2.6 0.4	offset	2.6	offset	0.4	3	1929
2.7	2.9	2.8 0.4	offset	2.8	offset	0.4	3	1979
2.9	3.1	3 0.4	offset	3	offset	0.4	3	2029
3.1	3.3	3.2 0.4	offset	3.2	offset	0.4	3	2079
3.3	3.5	3.4 0.4	offset	3.4	offset	0.4	3	2129
3.5	3.7	3.6 0.4	offset	3.6	offset	0.4	3	2179
3.7	3.9	3.8 0.4	offset	3.8	offset	0.4	3	2229
3.9	4.1	4 0.4	offset	4	offset	0.4	3	2279
4.1	4.3	4.2 0.4	offset	4.2	offset	0.4	3	2329
4.3	4.5	4.4 0.4	offset	4.4	offset	0.4	3	2379
4.5	4.7	4.6 0.4	offset	4.6	offset	0.4	3	2429
4.7	4.9	4.8 0.4	offset	4.8	offset	0.4	3	2479
4.9	5.1	5 0.4	offset	5	offset	0.4	3	2529
-5.1	-4.9	-5 0.6	offset	-5	offset	0.600000000000001	3	1228
-4.9	-4.7	-4.8 0.6	offset	-4.8	offset	0.600000000000001	3	1178
-4.7	-4.5	-4.6 0.6	offset	-4.6	offset	0.600000000000001	3	1128
-4.5	-4.3	-4.4 0.6	offset	-4.4	offset	0.600000000000001	3	1078
-4.3	-4.1	-4.2 0.6	offset	-4.2	offset	0.600000000000001	3	1028
-4.1	-3.9	-4 0.6	offset	-4	offset	0.600000000000001	3	978
-3.9	-3.7	-3.8 0.6	offset	-3.8	offset	0.600000000000001	3	928
-3.7	-3.5	-3.6 0.6	offset	-3.6	offset	0.600000000000001	3	878
-3.5	-3.3	-3.4 0.6	offset	-3.4	offset	0.600000000000001	3	828
-3.3	-3.1	-3.2 0.6	offset	-3.2	offset	0.600000000000001	3	778
-3.1	-2.9	-3 0.6	offset	-3	offset	0.600000000000001	3	728
-2.9	-2.7	-2.8 0.6	offset	-2.8	offset	0.600000000000001	3	678
-2.7	-2.5	-2.6 0.6	offset	-2.6	offset	0.600000000000001	3	628
-2.5	-2.3	-2.4 0.6	offset	-2.4	offset	0.600000000000001	3	578
-2.3	-2.1	-2.2 0.6	offset	-2.2	offset	0.600000000000001	3	528
-2.1	-1.9	-2 0.6	offset	-2	offset	0.600000000000001	3	478
-1.9	-1.7	-1.8 0.6	offset	-1.8	offset	0.600000000000001	3	428
-1.7	-1.5	-1.6 0.6	offset	-1.6	offset	0.600000000000001	3	378
-1.5	-1.3	-1.4 0.6	offset	-1.4	offset	0.600000000000001	3	328
-1.3	-1.1	-1.2 0.6	offset	-1.2	offset	0.600000000000001	3	278
-1.1	-0.9	-1 0.6	offset	-1	offset	0.600000000000001	3	228
-0.9	-0.7	-0.8 0.6	offset	-0.8	offset	0.600000000000001	3	178
-0.7	-0.5	-0.6 0.6	offset	-0.6	offset	0.600000000000001	3	128
-0.5	-0.299999999999999	-0.399999999999999 0.6	offset	-0.399999999999999	offset	0.600000000000001	3	78
-0.299999999999999	-0.0999999999999996	-0.199999999999999 0.6	offset	-0.199999999999999	offset	0.600000000000001	3	28
-0.0999999999999996	0.1	0 0.6	offset	0	offset	0.600000000000001	3	1278
0.1	0.3	0.2 0.6	offset	0.2	offset	0.600000000000001	3	1328
0.3	0.5	0.4 0.6	offset	0.4	offset	0.600000000000001	3	1378
0.5	0.700000000000001	1	offset	0.600000000000001	offset	0.600000000000001	3	1501
0.700000000000001	0.9	0.800000000000001 0.6	offset	0.800000000000001	offset	0.600000000000001	3	1479
0.9	1.1	1 0.6	offset	1	offset	0.600000000000001	3	1530
1.1	1.3	1.2 0.6	offset	1.2	offset	0.600000000000001	3	1580
1.3	1.5	1.4 0.6	offset	1.4	offset	0.600000000000001	3	1630
1.5	1.7	1.6 0.6	offset	1.6	offset	0.600000000000001	3	1680
1.7	1.9	1.8 0.6	offset	1.8	offset	0.600000000000001	3	1730
1.9	2.1	2 0.6	offset	2	offset	0.600000000000001	3	1780
2.1	2.3	2.2 0.6	offset	2.2	offset	0.600000000000001	3	1830
2.3	2.5	2.4 0.6	offset	2.4	offset	0.600000000000001	3	1880
2.5	2.7	2.6 0.6	offset	2.6	offset	0.600000000000001	3	1930
2.7	2.9	2.8 0.6	offset	2.8	offset	0.600000000000001	3	1980
2.9	3.1	3 0.6	offset	3	offset	0.600000000000001	3	2030
3.1	3.3	3.2 0.6	offset	3.2	offset	0.600000000000001	3	2080
3.3	3.5	3.4 0.6	offset	3.4	offset	0.600000000000001	3	2130
3.5	3.7	3.6 0.6	offset	3.6	offset	0.600000000000001	3	2180
3.7	3.9	3.8 0.6	offset	3.8	offset	0.600000000000001	3	2230
3.9	4.1	4 0.6	offset	4	offset	0.600000000000001	3	2280
4.1	4.3	4.2 0.6	offset	4.2	offset	0.600000000000001	3	2330
4.3	4.5	4.4 0.6	offset	4.4	offset	0.600000000000001	3	2380
4.5	4.7	4.6 0.6	offset	4.6	offset	0.600000000000001	3	2430
4.7	4.9	4.8 0.6	offset	4.8	offset	0.600000000000001	3	2480
4.9	5.1	5 0.6	offset	5	offset	0.600000000000001	3	2530
-5.1	-4.9	-5 0.800000000000001	offset	-5	offset	0.800000000000001	3	1229
-4.9	-4.7	-4.8 0.800000000000001	offset	-4.8	offset	0.800000000000001	3	1179
-4.7	-4.5	-4.6 0.800000000000001	offset	-4.6	offset	0.800000000000001	3	1129
-4.5	-4.3	-4.4 0.800000000000001	offset	-4.4	offset	0.800000000000001	3	1079
-4.3	-4.1	-4.2 0.800000000000001	offset	-4.2	offset	0.800000000000001	3	1029
-4.1	-3.9	-4 0.800000000000001	offset	-4	offset	0.800000000000001	3	979
-3.9	-3.7	-3.8 0.800000000000001	offset	-3.8	offset	0.800000000000001	3	929
-3.7	-3.5	-3.6 0.800000000000001	offset	-3.6	offset	0.800000000000001	3	879
-3.5	-3.3	-3.4 0.800000000000001	offset	-3.4	offset	0.800000000000001	3	829
-3.3	-3.1	-3.2 0.800000000000001	offset	-3.2	offset	0.800000000000001	3	779
-3.1	-2.9	-3 0.800000000000001	offset	-3	offset	0.800000000000001	3	729
-2.9	-2.7	-2.8 0.800000000000001	offset	-2.8	offset	0.800000000000001	3	679
-2.7	-2.5	-2.6 0.800000000000001	offset	-2.6	offset	0.800000000000001	3	629
-2.5	-2.3	-2.4 0.800000000000001	offset	-2.4	offset	0.800000000000001	3	579
-2.3	-2.1	-2.2 0.800000000000001	offset	-2.2	offset	0.800000000000001	3	529
-2.1	-1.9	-2 0.800000000000001	offset	-2	offset	0.800000000000001	3	479
-1.9	-1.7	-1.8 0.800000000000001	offset	-1.8	offset	0.800000000000001	3	429
-1.7	-1.5	-1.6 0.800000000000001	offset	-1.6	offset	0.800000000000001	3	379
-1.5	-1.3	-1.4 0.800000000000001	offset	-1.4	offset	0.800000000000001	3	329
-1.3	-1.1	-1.2 0.800000000000001	offset	-1.2	offset	0.800000000000001	3	279
-1.1	-0.9	-1 0.800000000000001	offset	-1	offset	0.800000000000001	3	229
-0.9	-0.7	-0.8 0.800000000000001	offset	-0.8	offset	0.800000000000001	3	179
-0.7	-0.5	-0.6 0.800000000000001	offset	-0.6	offset	0.800000000000001	3	129
-0.5	-0.299999999999999	-0.399999999999999 0.800000000000001	offset	-0.399999999999999	offset	0.800000000000001	3	79
-0.299999999999999	-0.0999999999999996	-0.199999999999999 0.800000000000001	offset	-0.199999999999999	offset	0.800000000000001	3	29
-0.0999999999999996	0.1	0 0.800000000000001	offset	0	offset	0.800000000000001	3	1279
0.1	0.3	0.2 0.800000000000001	offset	0.2	offset	0.800000000000001	3	1329
0.3	0.5	0.4 0.800000000000001	offset	0.4	offset	0.800000000000001	3	1379
0.5	0.700000000000001	0.6 0.800000000000001	offset	0.600000000000001	offset	0.800000000000001	3	1429
0.700000000000001	0.9	1	offset	0.800000000000001	offset	0.800000000000001	3	1501
0.9	1.1	1 0.800000000000001	offset	1	offset	0.800000000000001	3	1531
1.1	1.3	1.2 0.800000000000001	offset	1.2	offset	0.800000000000001	3	1581
1.3	1.5	1.4 0.800000000000001	offset	1.4	offset	0.800000000000001	3	1631
1.5	1.7	1.6 0.800000000000001	offset	1.6	offset	0.800000000000001	3	1681
1.7	1.9	1.8 0.800000000000001	offset	1.8	offset	0.800000000000001	3	1731
1.9	2.1	2 0.800000000000001	offset	2	offset	0.800000000000001	3	1781
2.1	2.3	2.2 0.800000000000001	offset	2.2	offset	0.800000000000001	3	1831
2.3	2.5	2.4 0.800000000000001	offset	2.4	offset	0.800000000000001	3	1881
2.5	2.7	2.6 0.800000000000001	offset	2.6	offset	0.800000000000001	3	1931
2.7	2.9	2.8 0.800000000000001	offset	2.8	offset	0.800000000000001	3	1981
2.9	3.1	3 0.800000000000001	offset	3	offset	0.800000000000001	3	2031
3.1	3.3	3.2 0.800000000000001	offset	3.2	offset	0.800000000000001	3	2081
3.3	3.5	3.4 0.800000000000001	offset	3.4	offset	0.800000000000001	3	2131
3.5	3.7	3.6 0.800000000000001	offset	3.6	offset	0.800000000000001	3	2181
3.7	3.9	3.8 0.800000000000001	offset	3.8	offset	0.800000000000001	3	2231
3.9	4.1	4 0.800000000000001	offset	4	offset	0.800000000000001	3	2281
4.1	4.3	4.2 0.800000000000001	offset	4.2	offset	0.800000000000001	3	2331
4.3	4.5	4.4 0.800000000000001	offset	4.4	offset	0.800000000000001	3	2381
4.5	4.7	4.6 0.800000000000001	offset	4.6	offset	0.800000000000001	3	2431
4.7	4.9	4.8 0.800000000000001	offset	4.8	offset	0.800000000000001	3	2481
4.9	5.1	5 0.800000000000001	offset	5	offset	0.800000000000001	3	2531
-5.1	-4.9	-5 1	offset	-5	offset	1	3	1230
-4.9	-4.7	-4.8 1	offset	-4.8	offset	1	3	1180
-4.7	-4.5	-4.6 1	offset	-4.6	offset	1	3	1130
-4.5	-4.3	-4.4 1	offset	-4.4	offset	1	3	1080
-4.3	-4.1	-4.2 1	offset	-4.2	offset	1	3	1030
-4.1	-3.9	-4 1	offset	-4	offset	1	3	980
-3.9	-3.7	-3.8 1	offset	-3.8	offset	1	3	930
-3.7	-3.5	-3.6 1	offset	-3.6	offset	1	3	880
-3.5	-3.3	-3.4 1	offset	-3.4	offset	1	3	830
-3.3	-3.1	-3.2 1	offset	-3.2	offset	1	3	780
-3.1	-2.9	-3 1	offset	-3	offset	1	3	730
-2.9	-2.7	-2.8 1	offset	-2.8	offset	1	3	680
-2.7	-2.5	-2.6 1	offset	-2.6	offset	1	3	630
-2.5	-2.3	-2.4 1	offset	-2.4	offset	1	3	580
-2.3	-2.1	-2.2 1	offset	-2.2	offset	1	3	530
-2.1	-1.9	-2 1	offset	-2	offset	1	3	480
-1.9	-1.7	-1.8 1	offset	-1.8	offset	1	3	430
-1.7	-1.5	-1.6 1	offset	-1.6	offset	1	3	380
-1.5	-1.3	-1.4 1	offset	-1.4	offset	1	3	330
-1.3	-1.1	-1.2 1	offset	-1.2	offset	1	3	280
-1.1	-0.9	-1 1	offset	-1	offset	1	3	230
-0.9	-0.7	-0.8 1	offset	-0.8	offset	1	3	180
-0.7	-0.5	-0.6 1	offset	-0.6	offset	1	3	130
-0.5	-0.299999999999999	-0.399999999999999 1	offset	-0.399999999999999	offset	1	3	80
-0.299999999999999	-0.0999999999999996	-0.199999999999999 1	offset	-0.199999999999999	offset	1	3	30
-0.0999999999999996	0.1	0 1	offset	0	offset	1	3	1280
0.1	0.3	0.2 1	offset	0.2	offset	1	3	1330
0.3	0.5	0.4 1	offset	0.4	offset	1	3	1380
0.5	0.700000000000001	0.6 1	offset	0.600000000000001	offset	1	3	1430
0.700000000000001	0.9	0.800000000000001 1	offset	0.800000000000001	offset	1	3	1480
0.9	1.1	1	offset	1	offset	1	3	1501
1.1	1.3	1.2 1	offset	1.2	offset	1	3	1582
1.3	1.5	1.4 1	offset	1.4	offset	1	3	1632
1.5	1.7	1.6 1	offset	1.6	offset	1	3	1682
1.7	1.9	1.8 1	offset	1.8	offset	1	3	1732
1.9	2.1	2 1	offset	2	offset	1	3	1782
2.1	2.3	2.2 1	offset	2.2	offset	1	3	1832
2.3	2.5	2.4 1	offset	2.4	offset	1	3	1882
2.5	2.7	2.6 1	offset	2.6	offset	1	3	1932
2.7	2.9	2.8 1	offset	2.8	offset	1	3	1982
2.9	3.1	3 1	offset	3	offset	1	3	2032
3.1	3.3	3.2 1	offset	3.2	offset	1	3	2082
3.3	3.5	3.4 1	offset	3.4	offset	1	3	2132
3.5	3.7	3.6 1	offset	3.6	offset	1	3	2182
3.7	3.9	3.8 1	offset	3.8	offset	1	3	2232
3.9	4.1	4 1	offset	4	offset	1	3	2282
4.1	4.3	4.2 1	offset	4.2	offset	1	3	2332
4.3	4.5	4.4 1	offset	4.4	offset	1	3	2382
4.5	4.7	4.6 1	offset	4.6	offset	1	3	2432
4.7	4.9	4.8 1	offset	4.8	offset	1	3	2482
4.9	5.1	5 1	offset	5	offset	1	3	2532
-5.1	-4.9	-5 1.2	offset	-5	offset	1.2	3	1231
-4.9	-4.7	-4.8 1.2	offset	-4.8	offset	1.2	3	1181
-4.7	-4.5	-4.6 1.2	offset	-4.6	offset	1.2	3	1131
-4.5	-4.3	-4.4 1.2	offset	-4.4	offset	1.2	3	1081
-4.3	-4.1	-4.2 1.2	offset	-4.2	offset	1.2	3	1031
-4.1	-3.9	-4 1.2	offset	-4	offset	1.2	3	981
-3.9	-3.7	-3.8 1.2	offset	-3.8	offset	1.2	3	931
-3.7	-3.5	-3.6 1.2	offset	-3.6	offset	1.2	3	881
-3.5	-3.3	-3.4 1.2	offset	-3.4	offset	1.2	3	831
-3.3	-3.1	-3.2 1.2	offset	-3.2	offset	1.2	3	781
-3.1	-2.9	-3 1.2	offset	-3	offset	1.2	3	731
-2.9	-2.7	-2.8 1.2	offset	-2.8	offset	1.2	3	681
-2.7	-2.5	-2.6 1.2	offset	-2.6	offset	1.2	3	631
-2.5	-2.3	-2.4 1.2	offset	-2.4	offset	1.2	3	581
-2.3	-2.1	-2.2 1.2	offset	-2.2	offset	1.2	3	531
-2.1	-1.9	-2 1.2	offset	-2	offset	1.2	3	481
-1.9	-1.7	-1.8 1.2	offset	-1.8	offset	1.2	3	431
-1.7	-1.5	-1.6 1.2	offset	-1.6	offset	1.2	3	381
-1.5	-1.3	-1.4 1.2	offset	-1.4	offset	1.2	3	331
-1.3	-1.1	-1.2 1.2	offset	-1.2	offset	1.2	3	281
-1.1	-0.9	-1 1.2	offset	-1	offset	1.2	3	231
-0.9	-0.7	-0.8 1.2	offset	-0.8	offset	1.2	3	181
-0.7	-0.5	-0.6 1.2	offset	-0.6	offset	1.2	3	131
-0.5	-0.299999999999999	-0.399999999999999 1.2	offset	-0.399999999999999	offset	1.2	3	81
-0.299999999999999	-0.0999999999999996	-0.199999999999999 1.2	offset	-0.199999999999999	offset	1.2	3	31
-0.0999999999999996	0.1	0 1.2	offset	0	offset	1.2	3	1281
0.1	0.3	0.2 1.2	offset	0.2	offset	1.2	3	1331
0.3	0.5	0.4 1.2	offset	0.4	offset	1.2	3	1381
0.5	0.700000000000001	0.6 1.2	offset	0.600000000000001	offset	1.2	3	1431
0.700000000000001	0.9	0.800000000000001 1.2	offset	0.800000000000001	offset	1.2	3	1481
0.9	1.1	1 1.2	offset	1	offset	1.2	3	1532
1.1	1.3	1	offset	1.2	offset	1.2	3	1501
1.3	1.5	1.4 1.2	offset	1.4	offset	1.2	3	1633
1.5	1.7	1.6 1.2	offset	1.6	offset	1.2	3	1683
1.7	1.9	1.8 1.2	offset	1.8	offset	1.2	3	1733
1.9	2.1	2 1.2	offset	2	offset	1.2	3	1783
2.1	2.3	2.2 1.2	offset	2.2	offset	1.2	3	1833
2.3	2.5	2.4 1.2	offset	2.4	offset	1.2	3	1883
2.5	2.7	2.6 1.2	offset	2.6	offset	1.2	3	1933
2.7	2.9	2.8 1.2	offset	2.8	offset	1.2	3	1983
2.9	3.1	3 1.2	offset	3	offset	1.2	3	2033
3.1	3.3	3.2 1.2	offset	3.2	offset	1.2	3	2083
3.3	3.5	3.4 1.2	offset	3.4	offset	1.2	3	2133
3.5	3.7	3.6 1.2	offset	3.6	offset	1.2	3	2183
3.7	3.9	3.8 1.2	offset	3.8	offset	1.2	3	2233
3.9	4.1	4 1.2	offset	4	offset	1.2	3	2283
4.1	4.3	4.2 1.2	offset	4.2	offset	1.2	3	2333
4.3	4.5	4.4 1.2	offset	4.4	offset	1.2	3	2383
4.5	4.7	4.6 1.2	offset	4.6	offset	1.2	3	2433
4.7	4.9	4.8 1.2	offset	4.8	offset	1.2	3	2483
4.9	5.1	5 1.2	offset	5	offset	1.2	3	2533
-5.1	-4.9	-5 1.4	offset	-5	offset	1.4	3	1232
-4.9	-4.7	-4.8 1.4	offset	-4.8	offset	1.4	3	1182
-4.7	-4.5	-4.6 1.4	offset	-4.6	offset	1.4	3	1132
-4.5	-4.3	-4.4 1.4	offset	-4.4	offset	1.4	3	1082
-4.3	-4.1	-4.2 1.4	offset	-4.2	offset	1.4	3	1032
-4.1	-3.9	-4 1.4	offset	-4	offset	1.4	3	982
-3.9	-3.7	-3.8 1.4	offset	-3.8	offset	1.4	3	932
-3.7	-3.5	-3.6 1.4	offset	-3.6	offset	1.4	3	882
-3.5	-3.3	-3.4 1.4	offset	-3.4	offset	1.4	3	832
-3.3	-3.1	-3.2 1.4	offset	-3.2	offset	1.4	3	782
-3.1	-2.9	-3 1.4	offset	-3	offset	1.4	3	732
-2.9	-2.7	-2.8 1.4	offset	-2.8	offset	1.4	3	682
-2.7	-2.5	-2.6 1.4	offset	-2.6	offset	1.4	3	632
-2.5	-2.3	-2.4 1.4	offset	-2.4	offset	1.4	3	582
-2.3	-2.1	-2.2 1.4	offset	-2.2	offset	1.4	3	532
-2.1	-1.9	-2 1.4	offset	-2	offset	1.4	3	482
-1.9	-1.7	-1.8 1.4	offset	-1.8	offset	1.4	3	432
-1.7	-1.5	-1.6 1.4	offset	-1.6	offset	1.4	3	382
-1.5	-1.3	-1.4 1.4	offset	-1.4	offset	1.4	3	332
-1.3	-1.1	-1.2 1.4	offset	-1.2	offset	1.4	3	282
-1.1	-0.9	-1 1.4	offset	-1	offset	1.4	3	232
-0.9	-0.7	-0.8 1.4	offset	-0.8	offset	1.4	3	182
-0.7	-0.5	-0.6 1.4	offset	-0.6	offset	1.4	3	132
-0.5	-0.299999999999999	-0.399999999999999 1.4	offset	-0.399999999999999	offset	1.4	3	82
-0.299999999999999	-0.0999999999999996	-0.199999999999999 1.4	offset	-0.199999999999999	offset	1.4	3	32
-0.0999999999999996	0.1	0 1.4	offset	0	offset	1.4	3	1282
0.1	0.3	0.2 1.4	offset	0.2	offset	1.4	3	1332
0.3	0.5	0.4 1.4	offset	0.4	offset	1.4	3	1382
0.5	0.700000000000001	0.6 1.4	offset	0.600000000000001	offset	1.4	3	1432
0.700000000000001	0.9	0.800000000000001 1.4	offset	0.800000000000001	offset	1.4	3	1482
0.9	1.1	1 1.4	offset	1	offset	1.4	3	1533
1.1	1.3	1.2 1.4	offset	1.2	offset	1.4	3	1583
1.3	1.5	1	offset	1.4	offset	1.4	3	1501
1.5	1.7	1.6 1.4	offset	1.6	offset	1.4	3	1684
1.7	1.9	1.8 1.4	offset	1.8	offset	1.4	3	1734
1.9	2.1	2 1.4	offset	2	offset	1.4	3	1784
2.1	2.3	2.2 1.4	offset	2.2	offset	1.4	3	1834
2.3	2.5	2.4 1.4	offset	2.4	offset	1.4	3	1884
2.5	2.7	2.6 1.4	offset	2.6	offset	1.4	3	1934
2.7	2.9	2.8 1.4	offset	2.8	offset	1.4	3	1984
2.9	3.1	3 1.4	offset	3	offset	1.4	3	2034
3.1	3.3	3.2 1.4	offset	3.2	offset	1.4	3	2084
3.3	3.5	3.4 1.4	offset	3.4	offset	1.4	3	2134
3.5	3.7	3.6 1.4	offset	3.6	offset	1.4	3	2184
3.7	3.9	3.8 1.4	offset	3.8	offset	1.4	3	2234
3.9	4.1	4 1.4	offset	4	offset	1.4	3	2284
4.1	4.3	4.2 1.4	offset	4.2	offset	1.4	3	2334
4.3	4.5	4.4 1.4	offset	4.4	offset	1.4	3	2384
4.5	4.7	4.6 1.4	offset	4.6	offset	1.4	3	2434
4.7	4.9	4.8 1.4	offset	4.8	offset	1.4	3	2484
4.9	5.1	5 1.4	offset	5	offset	1.4	3	2534
-5.1	-4.9	-5 1.6	offset	-5	offset	1.6	3	1233
-4.9	-4.7	-4.8 1.6	offset	-4.8	offset	1.6	3	1183
-4.7	-4.5	-4.6 1.6	offset	-4.6	offset	1.6	3	1133
-4.5	-4.3	-4.4 1.6	offset	-4.4	offset	1.6	3	1083
-4.3	-4.1	-4.2 1.6	offset	-4.2	offset	1.6	3	1033
-4.1	-3.9	-4 1.6	offset	-4	offset	1.6	3	983
-3.9	-3.7	-3.8 1.6	offset	-3.8	offset	1.6	3	933
-3.7	-3.5	-3.6 1.6	offset	-3.6	offset	1.6	3	883
-3.5	-3.3	-3.4 1.6	offset	-3.4	offset	1.6	3	833
-3.3	-3.1	-3.2 1.6	offset	-3.2	offset	1.6	3	783
-3.1	-2.9	-3 1.6	offset	-3	offset	1.6	3	733
-2.9	-2.7	-2.8 1.6	offset	-2.8	offset	1.6	3	683
-2.7	-2.5	-2.6 1.6	offset	-2.6	offset	1.6	3	633
-2.5	-2.3	-2.4 1.6	offset	-2.4	offset	1.6	3	583
-2.3	-2.1	-2.2 1.6	offset	-2.2	offset	1.6	3	533
-2.1	-1.9	-2 1.6	offset	-2	offset	1.6	3	483
-1.9	-1.7	-1.8 1.6	offset	-1.8	offset	1.6	3	433
-1.7	-1.5	-1.6 1.6	offset	-1.6	offset	1.6	3	383
-1.5	-1.3	-1.4 1.6	offset	-1.4	offset	1.6	3	333
-1.3	-1.1	-1.2 1.6	offset	-1.2	offset	1.6	3	283
-1.1	-0.9	-1 1.6	offset	-1	offset	1.6	3	233
-0.9	-0.7	-0.8 1.6	offset	-0.8	offset	1.6	3	183
-0.7	-0.5	-0.6 1.6	offset	-0.6	offset	1.6	3	133
-0.5	-0.299999999999999	-0.399999999999999 1.6	offset	-0.399999999999999	offset	1.6	3	83
-0.299999999999999	-0.0999999999999996	-0.199999999999999 1.6	offset	-0.199999999999999	offset	1.6	3	33
-0.0999999999999996	0.1	0 1.6	offset	0	offset	1.6	3	1283
0.1	0.3	0.2 1.6	offset	0.2	offset	1.6	3	1333
0.3	0.5	0.4 1.6	offset	0.4	offset	1.6	3	1383
0.5	0.700000000000001	0.6 1.6	offset	0.600000000000001	offset	1.6	3	1433
0.700000000000001	0.9	0.800000000000001 1.6	offset	0.800000000000001	offset	1.6	3	1483
0.9	1.1	1 1.6	offset	1	offset	1.6	3	1534
1.1	1.3	1.2 1.6	offset	1.2	offset	1.6	3	1584
1.3	1.5	1.4 1.6	offset	1.4	offset	1.6	3	1634
1.5	1.7	1	offset	1.6	offset	1.6	3	1501
1.7	1.9	1.8 1.6	offset	1.8	offset	1.6	3	1735
1.9	2.1	2 1.6	offset	2	offset	1.6	3	1785
2.1	2.3	2.2 1.6	offset	2.2	offset	1.6	3	1835
2.3	2.5	2.4 1.6	offset	2.4	offset	1.6	3	1885
2.5	2.7	2.6 1.6	offset	2.6	offset	1.6	3	1935
2.7	2.9	2.8 1.6	offset	2.8	offset	1.6	3	1985
2.9	3.1	3 1.6	offset	3	offset	1.6	3	2035
3.1	3.3	3.2 1.6	offset	3.2	offset	1.6	3	2085
3.3	3.5	3.4 1.6	offset	3.4	offset	1.6	3	2135
3.5	3.7	3.6 1.6	offset	3.6	offset	1.6	3	2185
3.7	3.9	3.8 1.6	offset	3.8	offset	1.6	3	2235
3.9	4.1	4 1.6	offset	4	offset	1.6	3	2285
4.1	4.3	4.2 1.6	offset	4.2	offset	1.6	3	2335
4.3	4.5	4.4 1.6	offset	4.4	offset	1.6	3	2385
4.5	4.7	4.6 1.6	offset	4.6	offset	1.6	3	2435
4.7	4.9	4.8 1.6	offset	4.8	offset	1.6	3	2485
4.9	5.1	5 1.6	offset	5	offset	1.6	3	2535
-5.1	-4.9	-5 1.8	offset	-5	offset	1.8	3	1234
-4.9	-4.7	-4.8 1.8	offset	-4.8	offset	1.8	3	1184
-4.7	-4.5	-4.6 1.8	offset	-4.6	offset	1.8	3	1134
-4.5	-4.3	-4.4 1.8	offset	-4.4	offset	1.8	3	1084
-4.3	-4.1	-4.2 1.8	offset	-4.2	offset	1.8	3	1034
-4.1	-3.9	-4 1.8	offset	-4	offset	1.8	3	984
-3.9	-3.7	-3.8 1.8	offset	-3.8	offset	1.8	3	934
-3.7	-3.5	-3.6 1.8	offset	-3.6	offset	1.8	3	884
-3.5	-3.3	-3.4 1.8	offset	-3.4	offset	1.8	3	834
-3.3	-3.1	-3.2 1.8	offset	-3.2	offset	1.8	3	784
-3.1	-2.9	-3 1.8	offset	-3	offset	1.8	3	734
-2.9	-2.7	-2.8 1.8	offset	-2.8	offset	1.8	3	684
-2.7	-2.5	-2.6 1.8	offset	-2.6	offset	1.8	3	634
-2.5	-2.3	-2.4 1.8	offset	-2.4	offset	1.8	3	584
-2.3	-2.1	-2.2 1.8	offset	-2.2	offset	1.8	3	534
-2.1	-1.9	-2 1.8	offset	-2	offset	1.8	3	484
-1.9	-1.7	-1.8 1.8	offset	-1.8	offset	1.8	3	434
-1.7	-1.5	-1.6 1.8	offset	-1.6	offset	1.8	3	384
-1.5	-1.3	-1.4 1.8	offset	-1.4	offset	1.8	3	334
-1.3	-1.1	-1.2 1.8	offset	-1.2	offset	1.8	3	284
-1.1	-0.9	-1 1.8	offset	-1	offset	1.8	3	234
-0.9	-0.7	-0.8 1.8	offset	-0.8	offset	1.8	3	184
-0.7	-0.5	-0.6 1.8	offset	-0.6	offset	1.8	3	134
-0.5	-0.299999999999999	-0.399999999999999 1.8	offset	-0.399999999999999	offset	1.8	3	84
-0.299999999999999	-0.0999999999999996	-0.199999999999999 1.8	offset	-0.199999999999999	offset	1.8	3	34
-0.0999999999999996	0.1	0 1.8	offset	0	offset	1.8	3	1284
0.1	0.3	0.2 1.8	offset	0.2	offset	1.8	3	1334
0.3	0.5	0.4 1.8	offset	0.4	offset	1.8	3	1384
0.5	0.700000000000001	0.6 1.8	offset	0.600000000000001	offset	1.8	3	1434
0.700000000000001	0.9	0.800000000000001 1.8	offset	0.800000000000001	offset	1.8	3	1484
0.9	1.1	1 1.8	offset	1	offset	1.8	3	1535
1.1	1.3	1.2 1.8	offset	1.2	offset	1.8	3	1585
1.3	1.5	1.4 1.8	offset	1.4	offset	1.8	3	1635
1.5	1.7	1.6 1.8	offset	1.6	offset	1.8	3	1685
1.7	1.9	1	offset	1.8	offset	1.8	3	1501
1.9	2.1	2 1.8	offset	2	offset	1.8	3	1786
2.1	2.3	2.2 1.8	offset	2.2	offset	1.8	3	1836
2.3	2.5	2.4 1.8	offset	2.4	offset	1.8	3	1886
2.5	2.7	2.6 1.8	offset	2.6	offset	1.8	3	1936
2.7	2.9	2.8 1.8	offset	2.8	offset	1.8	3	1986
2.9	3.1	3 1.8	offset	3	offset	1.8	3	2036
3.1	3.3	3.2 1.8	offset	3.2	offset	1.8	3	2086
3.3	3.5	3.4 1.8	offset	3.4	offset	1.8	3	2136
3.5	3.7	3.6 1.8	offset	3.6	offset	1.8	3	2186
3.7	3.9	3.8 1.8	offset	3.8	offset	1.8	3	2236
3.9	4.1	4 1.8	offset	4	offset	1.8	3	2286
4.1	4.3	4.2 1.8	offset	4.2	offset	1.8	3	2336
4.3	4.5	4.4 1.8	offset	4.4	offset	1.8	3	2386
4.5	4.7	4.6 1.8	offset	4.6	offset	1.8	3	2436
4.7	4.9	4.8 1.8	offset	4.8	offset	1.8	3	2486
4.9	5.1	5 1.8	offset	5	offset	1.8	3	2536
-5.1	-4.9	-5 2	offset	-5	offset	2	3	1235
-4.9	-4.7	-4.8 2	offset	-4.8	offset	2	3	1185
-4.7	-4.5	-4.6 2	offset	-4.6	offset	2	3	1135
-4.5	-4.3	-4.4 2	offset	-4.4	offset	2	3	1085
-4.3	-4.1	-4.2 2	offset	-4.2	offset	2	3	1035
-4.1	-3.9	-4 2	offset	-4	offset	2	3	985
-3.9	-3.7	-3.8 2	offset	-3.8	offset	2	3	935
-3.7	-3.5	-3.6 2	offset	-3.6	offset	2	3	885
-3.5	-3.3	-3.4 2	offset	-3.4	offset	2	3	835
-3.3	-3.1	-3.2 2	offset	-3.2	offset	2	3	785
-3.1	-2.9	-3 2	offset	-3	offset	2	3	735
-2.9	-2.7	-2.8 2	offset	-2.8	offset	2	3	685
-2.7	-2.5	-2.6 2	offset	-2.6	offset	2	3	635
-2.5	-2.3	-2.4 2	offset	-2.4	offset	2	3	585
-2.3	-2.1	-2.2 2	offset	-2.2	offset	2	3	535
-2.1	-1.9	-2 2	offset	-2	offset	2	3	485
-1.9	-1.7	-1.8 2	offset	-1.8	offset	2	3	435
-1.7	-1.5	-1.6 2	offset	-1.6	offset	2	3	385
-1.5	-1.3	-1.4 2	offset	-1.4	offset	2	3	335
-1.3	-1.1	-1.2 2	offset	-1.2	offset	2	3	285
-1.1	-0.9	-1 2	offset	-1	offset	2	3	235
-0.9	-0.7	-0.8 2	offset	-0.8	offset	2	3	185
-0.7	-0.5	-0.6 2	offset	-0.6	offset	2	3	135
-0.5	-0.299999999999999	-0.399999999999999 2	offset	-0.399999999999999	offset	2	3	85
-0.299999999999999	-0.0999999999999996	-0.199999999999999 2	offset	-0.199999999999999	offset	2	3	35
-0.0999999999999996	0.1	0 2	offset	0	offset	2	3	1285
0.1	0.3	0.2 2	offset	0.2	offset	2	3	1335
0.3	0.5	0.4 2	offset	0.4	offset	2	3	1385
0.5	0.700000000000001	0.6 2	offset	0.600000000000001	offset	2	3	1435
0.700000000000001	0.9	0.800000000000001 2	offset	0.800000000000001	offset	2	3	1485
0.9	1.1	1 2	offset	1	offset	2	3	1536
1.1	1.3	1.2 2	offset	1.2	offset	2	3	1586
1.3	1.5	1.4 2	offset	1.4	offset	2	3	1636
1.5	1.7	1.6 2	offset	1.6	offset	2	3	1686
1.7	1.9	1.8 2	offset	1.8	offset	2	3	1736
1.9	2.1	1	offset	2	offset	2	3	1501
2.1	2.3	2.2 2	offset	2.2	offset	2	3	1837
2.3	2.5	2.4 2	offset	2.4	offset	2	3	1887
2.5	2.7	2.6 2	offset	2.6	offset	2	3	1937
2.7	2.9	2.8 2	offset	2.8	offset	2	3	1987
2.9	3.1	3 2	offset	3	offset	2	3	2037
3.1	3.3	3.2 2	offset	3.2	offset	2	3	2087
3.3	3.5	3.4 2	offset	3.4	offset	2	3	2137
3.5	3.7	3.6 2	offset	3.6	offset	2	3	2187
3.7	3.9	3.8 2	offset	3.8	offset	2	3	2237
3.9	4.1	4 2	offset	4	offset	2	3	2287
4.1	4.3	4.2 2	offset	4.2	offset	2	3	2337
4.3	4.5	4.4 2	offset	4.4	offset	2	3	2387
4.5	4.7	4.6 2	offset	4.6	offset	2	3	2437
4.7	4.9	4.8 2	offset	4.8	offset	2	3	2487
4.9	5.1	5 2	offset	5	offset	2	3	2537
-5.1	-4.9	-5 2.2	offset	-5	offset	2.2	3	1236
-4.9	-4.7	-4.8 2.2	offset	-4.8	offset	2.2	3	1186
-4.7	-4.5	-4.6 2.2	offset	-4.6	offset	2.2	3	1136
-4.5	-4.3	-4.4 2.2	offset	-4.4	offset	2.2	3	1086
-4.3	-4.1	-4.2 2.2	offset	-4.2	offset	2.2	3	1036
-4.1	-3.9	-4 2.2	offset	-4	offset	2.2	3	986
-3.9	-3.7	-3.8 2.2	offset	-3.8	offset	2.2	3	936
-3.7	-3.5	-3.6 2.2	offset	-3.6	offset	2.2	3	886
-3.5	-3.3	-3.4 2.2	offset	-3.4	offset	2.2	3	836
-3.3	-3.1	-3.2 2.2	offset	-3.2	offset	2.2	3	786
-3.1	-2.9	-3 2.2	offset	-3	offset	2.2	3	736
-2.9	-2.7	-2.8 2.2	offset	-2.8	offset	2.2	3	686
-2.7	-2.5	-2.6 2.2	offset	-2.6	offset	2.2	3	636
-2.5	-2.3	-2.4 2.2	offset	-2.4	offset	2.2	3	586
-2.3	-2.1	-2.2 2.2	offset	-2.2	offset	2.2	3	536
-2.1	-1.9	-2 2.2	offset	-2	offset	2.2	3	486
-1.9	-1.7	-1.8 2.2	offset	-1.8	offset	2.2	3	436
-1.7	-1.5	-1.6 2.2	offset	-1.6	offset	2.2	3	386
-1.5	-1.3	-1.4 2.2	offset	-1.4	offset	2.2	3	336
-1.3	-1.1	-1.2 2.2	offset	-1.2	offset	2.2	3	286
-1.1	-0.9	-1 2.2	offset	-1	offset	2.2	3	236
-0.9	-0.7	-0.8 2.2	offset	-0.8	offset	2.2	3	186
-0.7	-0.5	-0.6 2.2	offset	-0.6	offset	2.2	3	136
-0.5	-0.299999999999999	-0.399999999999999 2.2	offset	-0.399999999999999	offset	2.2	3	86
-0.299999999999999	-0.0999999999999996	-0.199999999999999 2.2	offset	-0.199999999999999	offset	2.2	3	36
-0.0999999999999996	0.1	0 2.2	offset	0	offset	2.2	3	1286
0.1	0.3	0.2 2.2	offset	0.2	offset	2.2	3	1336
0.3	0.5	0.4 2.2	offset	0.4	offset	2.2	3	1386
0.5	0.700000000000001	0.6 2.2	offset	0.600000000000001	offset	2.2	3	1436
0.700000000000001	0.9	0.800000000000001 2.2	offset	0.800000000000001	offset	2.2	3	1486
0.9	1.1	1 2.2	offset	1	offset	2.2	3	1537
1.1	1.3	1.2 2.2	offset	1.2	offset	2.2	3	1587
1.3	1.5	1.4 2.2	offset	1.4	offset	2.2	3	1637
1.5	1.7	1.6 2.2	offset	1.6	offset	2.2	3	1687
1.7	1.9	1.8 2.2	offset	1.8	offset	2.2	3	1737
1.9	2.1	2 2.2	offset	2	offset	2.2	3	1787
2.1	2.3	1	offset	2.2	offset	2.2	3	1501
2.3	2.5	2.4 2.2	offset	2.4	offset	2.2	3	1888
2.5	2.7	2.6 2.2	offset	2.6	offset	2.2	3	1938
2.7	2.9	2.8 2.2	offset	2.8	offset	2.2	3	1988
2.9	3.1	3 2.2	offset	3	offset	2.2	3	2038
3.1	3.3	3.2 2.2	offset	3.2	offset	2.2	3	2088
3.3	3.5	3.4 2.2	offset	3.4	offset	2.2	3	2138
3.5	3.7	3.6 2.2	offset	3.6	offset	2.2	3	2188
3.7	3.9	3.8 2.2	offset	3.8	offset	2.2	3	2238
3.9	4.1	4 2.2	offset	4	offset	2.2	3	2288
4.1	4.3	4.2 2.2	offset	4.2	offset	2.2	3	2338
4.3	4.5	4.4 2.2	offset	4.4	offset	2.2	3	2388
4.5	4.7	4.6 2.2	offset	4.6	offset	2.2	3	2438
4.7	4.9	4.8 2.2	offset	4.8	offset	2.2	3	2488
4.9	5.1	5 2.2	offset	5	offset	2.2	3	2538
-5.1	-4.9	-5 2.4	offset	-5	offset	2.4	3	1237
-4.9	-4.7	-4.8 2.4	offset	-4.8	offset	2.4	3	1187
-4.7	-4.5	-4.6 2.4	offset	-4.6	offset	2.4	3	1137
-4.5	-4.3	-4.4 2.4	offset	-4.4	offset	2.4	3	1087
-4.3	-4.1	-4.2 2.4	offset	-4.2	offset	2.4	3	1037
-4.1	-3.9	-4 2.4	offset	-4	offset	2.4	3	987
-3.9	-3.7	-3.8 2.4	offset	-3.8	offset	2.4	3	937
-3.7	-3.5	-3.6 2.4	offset	-3.6	offset	2.4	3	887
-3.5	-3.3	-3.4 2.4	offset	-3.4	offset	2.4	3	837
-3.3	-3.1	-3.2 2.4	offset	-3.2	offset	2.4	3	787
-3.1	-2.9	-3 2.4	offset	-3	offset	2.4	3	737
-2.9	-2.7	-2.8 2.4	offset	-2.8	offset	2.4	3	687
-2.7	-2.5	-2.6 2.4	offset	-2.6	offset	2.4	3	637
-2.5	-2.3	-2.4 2.4	offset	-2.4	offset	2.4	3	587
-2.3	-2.1	-2.2 2.4	offset	-2.2	offset	2.4	3	537
-2.1	-1.9	-2 2.4	offset	-2	offset	2.4	3	487
-1.9	-1.7	-1.8 2.4	offset	-1.8	offset	2.4	3	437
-1.7	-1.5	-1.6 2.4	offset	-1.6	offset	2.4	3	387
-1.5	-1.3	-1.4 2.4	offset	-1.4	offset	2.4	3	337
-1.3	-1.1	-1.2 2.4	offset	-1.2	offset	2.4	3	287
-1.1	-0.9	-1 2.4	offset	-1	offset	2.4	3	237
-0.9	-0.7	-0.8 2.4	offset	-0.8	offset	2.4	3	187
-0.7	-0.5	-0.6 2.4	offset	-0.6	offset	2.4	3	137
-0.5	-0.299999999999999	-0.399999999999999 2.4	offset	-0.399999999999999	offset	2.4	3	87
-0.299999999999999	-0.0999999999999996	-0.199999999999999 2.4	offset	-0.199999999999999	offset	2.4	3	37
-0.0999999999999996	0.1	0 2.4	offset	0	offset	2.4	3	1287
0.1	0.3	0.2 2.4	offset	0.2	offset	2.4	3	1337
0.3	0.5	0.4 2.4	offset	0.4	offset	2.4	3	1387
0.5	0.700000000000001	0.6 2.4	offset	0.600000000000001	offset	2.4	3	1437
0.700000000000001	0.9	0.800000000000001 2.4	offset	0.800000000000001	offset	2.4	3	1487
0.9	1.1	1 2.4	offset	1	offset	2.4	3	1538
1.1	1.3	1.2 2.4	offset	1.2	offset	2.4	3	1588
1.3	1.5	1.4 2.4	offset	1.4	offset	2.4	3	1638
1.5	1.7	1.6 2.4	offset	1.6	offset	2.4	3	1688
1.7	1.9	1.8 2.4	offset	1.8	offset	2.4	3	1738
1.9	2.1	2 2.4	offset	2	offset	2.4	3	1788
2.1	2.3	2.2 2.4	offset	2.2	offset	2.4	3	1838
2.3	2.5	1	offset	2.4	offset	2.4	3	1501
2.5	2.7	2.6 2.4	offset	2.6	offset	2.4	3	1939
2.7	2.9	2.8 2.4	offset	2.8	offset	2.4	3	1989
2.9	3.1	3 2.4	offset	3	offset	2.4	3	2039
3.1	3.3	3.2 2.4	offset	3.2	offset	2.4	3	2089
3.3	3.5	3.4 2.4	offset	3.4	offset	2.4	3	2139
3.5	3.7	3.6 2.4	offset	3.6	offset	2.4	3	2189
3.7	3.9	3.8 2.4	offset	3.8	offset	2.4	3	2239
3.9	4.1	4 2.4	offset	4	offset	2.4	3	2289
4.1	4.3	4.2 2.4	offset	4.2	offset	2.4	3	2339
4.3	4.5	4.4 2.4	offset	4.4	offset	2.4	3	2389
4.5	4.7	4.6 2.4	offset	4.6	offset	2.4	3	2439
4.7	4.9	4.8 2.4	offset	4.8	offset	2.4	3	2489
4.9	5.1	5 2.4	offset	5	offset	2.4	3	2539
-5.1	-4.9	-5 2.6	offset	-5	offset	2.6	3	1238
-4.9	-4.7	-4.8 2.6	offset	-4.8	offset	2.6	3	1188
-4.7	-4.5	-4.6 2.6	offset	-4.6	offset	2.6	3	1138
-4.5	-4.3	-4.4 2.6	offset	-4.4	offset	2.6	3	1088
-4.3	-4.1	-4.2 2.6	offset	-4.2	offset	2.6	3	1038
-4.1	-3.9	-4 2.6	offset	-4	offset	2.6	3	988
-3.9	-3.7	-3.8 2.6	offset	-3.8	offset	2.6	3	938
-3.7	-3.5	-3.6 2.6	offset	-3.6	offset	2.6	3	888
-3.5	-3.3	-3.4 2.6	offset	-3.4	offset	2.6	3	838
-3.3	-3.1	-3.2 2.6	offset	-3.2	offset	2.6	3	788
-3.1	-2.9	-3 2.6	offset	-3	offset	2.6	3	738
-2.9	-2.7	-2.8 2.6	offset	-2.8	offset	2.6	3	688
-2.7	-2.5	-2.6 2.6	offset	-2.6	offset	2.6	3	638
-2.5	-2.3	-2.4 2.6	offset	-2.4	offset	2.6	3	588
-2.3	-2.1	-2.2 2.6	offset	-2.2	offset	2.6	3	538
-2.1	-1.9	-2 2.6	offset	-2	offset	2.6	3	488
-1.9	-1.7	-1.8 2.6	offset	-1.8	offset	2.6	3	438
-1.7	-1.5	-1.6 2.6	offset	-1.6	offset	2.6	3	388
-1.5	-1.3	-1.4 2.6	offset	-1.4	offset	2.6	3	338
-1.3	-1.1	-1.2 2.6	offset	-1.2	offset	2.6	3	288
-1.1	-0.9	-1 2.6	offset	-1	offset	2.6	3	238
-0.9	-0.7	-0.8 2.6	offset	-0.8	offset	2.6	3	188
-0.7	-0.5	-0.6 2.6	offset	-0.6	offset	2.6	3	138
-0.5	-0.299999999999999	-0.399999999999999 2.6	offset	-0.399999999999999	offset	2.6	3	88
-0.299999999999999	-0.0999999999999996	-0.199999999999999 2.6	offset	-0.199999999999999	offset	2.6	3	38
-0.0999999999999996	0.1	0 2.6	offset	0	offset	2.6	3	1288
0.1	0.3	0.2 2.6	offset	0.2	offset	2.6	3	1338
0.3	0.5	0.4 2.6	offset	0.4	offset	2.6	3	1388
0.5	0.700000000000001	0.6 2.6	offset	0.600000000000001	offset	2.6	3	1438
0.700000000000001	0.9	0.800000000000001 2.6	offset	0.800000000000001	offset	2.6	3	1488
0.9	1.1	1 2.6	offset	1	offset	2.6	3	1539
1.1	1.3	1.2 2.6	offset	1.2	offset	2.6	3	1589
1.3	1.5	1.4 2.6	offset	1.4	offset	2.6	3	1639
1.5	1.7	1.6 2.6	offset	1.6	offset	2.6	3	1689
1.7	1.9	1.8 2.6	offset	1.8	offset	2.6	3	1739
1.9	2.1	2 2.6	offset	2	offset	2.6	3	1789
2.1	2.3	2.2 2.6	offset	2.2	offset	2.6	3	1839
2.3	2.5	2.4 2.6	offset	2.4	offset	2.6	3	1889
2.5	2.7	1	offset	2.6	offset	2.6	3	1501
2.7	2.9	2.8 2.6	offset	2.8	offset	2.6	3	1990
2.9	3.1	3 2.6	offset	3	offset	2.6	3	2040
3.1	3.3	3.2 2.6	offset	3.2	offset	2.6	3	2090
3.3	3.5	3.4 2.6	offset	3.4	offset	2.6	3	2140
3.5	3.7	3.6 2.6	offset	3.6	offset	2.6	3	2190
3.7	3.9	3.8 2.6	offset	3.8	offset	2.6	3	2240
3.9	4.1	4 2.6	offset	4	offset	2.6	3	2290
4.1	4.3	4.2 2.6	offset	4.2	offset	2.6	3	2340
4.3	4.5	4.4 2.6	offset	4.4	offset	2.6	3	2390
4.5	4.7	4.6 2.6	offset	4.6	offset	2.6	3	2440
4.7	4.9	4.8 2.6	offset	4.8	offset	2.6	3	2490
4.9	5.1	5 2.6	offset	5	offset	2.6	3	2540
-5.1	-4.9	-5 2.8	offset	-5	offset	2.8	3	1239
-4.9	-4.7	-4.8 2.8	offset	-4.8	offset	2.8	3	1189
-4.7	-4.5	-4.6 2.8	offset	-4.6	offset	2.8	3	1139
-4.5	-4.3	-4.4 2.8	offset	-4.4	offset	2.8	3	1089
-4.3	-4.1	-4.2 2.8	offset	-4.2	offset	2.8	3	1039
-4.1	-3.9	-4 2.8	offset	-4	offset	2.8	3	989
-3.9	-3.7	-3.8 2.8	offset	-3.8	offset	2.8	3	939
-3.7	-3.5	-3.6 2.8	offset	-3.6	offset	2.8	3	889
-3.5	-3.3	-3.4 2.8	offset	-3.4	offset	2.8	3	839
-3.3	-3.1	-3.2 2.8	offset	-3.2	offset	2.8	3	789
-3.1	-2.9	-3 2.8	offset	-3	offset	2.8	3	739
-2.9	-2.7	-2.8 2.8	offset	-2.8	offset	2.8	3	689
-2.7	-2.5	-2.6 2.8	offset	-2.6	offset	2.8	3	639
-2.5	-2.3	-2.4 2.8	offset	-2.4	offset	2.8	3	589
-2.3	-2.1	-2.2 2.8	offset	-2.2	offset	2.8	3	539
-2.1	-1.9	-2 2.8	offset	-2	offset	2.8	3	489
-1.9	-1.7	-1.8 2.8	offset	-1.8	offset	2.8	3	439
-1.7	-1.5	-1.6 2.8	offset	-1.6	offset	2.8	3	389
-1.5	-1.3	-1.4 2.8	offset	-1.4	offset	2.8	3	339
-1.3	-1.1	-1.2 2.8	offset	-1.2	offset	2.8	3	289
-1.1	-0.9	-1 2.8	offset	-1	offset	2.8	3	239
-0.9	-0.7	-0.8 2.8	offset	-0.8	offset	2.8	3	189
-0.7	-0.5	-0.6 2.8	offset	-0.6	offset	2.8	3	139
-0.5	-0.299999999999999	-0.399999999999999 2.8	offset	-0.399999999999999	offset	2.8	3	89
-0.299999999999999	-0.0999999999999996	-0.199999999999999 2.8	offset	-0.199999999999999	offset	2.8	3	39
-0.0999999999999996	0.1	0 2.8	offset	0	offset	2.8	3	1289
0.1	0.3	0.2 2.8	offset	0.2	offset	2.8	3	1339
0.3	0.5	0.4 2.8	offset	0.4	offset	2.8	3	1389
0.5	0.700000000000001	0.6 2.8	offset	0.600000000000001	offset	2.8	3	1439
0.700000000000001	0.9	0.800000000000001 2.8	offset	0.800000000000001	offset	2.8	3	1489
0.9	1.1	1 2.8	offset	1	offset	2.8	3	1540
1.1	1.3	1.2 2.8	offset	1.2	offset	2.8	3	1590
1.3	1.5	1.4 2.8	offset	1.4	offset	2.8	3	1640
1.5	1.7	1.6 2.8	offset	1.6	offset	2.8	3	1690
1.7	1.9	1.8 2.8	offset	1.8	offset	2.8	3	1740
1.9	2.1	2 2.8	offset	2	offset	2.8	3	1790
2.1	2.3	2.2 2.8	offset	2.2	offset	2.8	3	1840
2.3	2.5	2.4 2.8	offset	2.4	offset	2.8	3	1890
2.5	2.7	2.6 2.8	offset	2.6	offset	2.8	3	1940
2.7	2.9	1	offset	2.8	offset	2.8	3	1501
2.9	3.1	3 2.8	offset	3	offset	2.8	3	2041
3.1	3.3	3.2 2.8	offset	3.2	offset	2.8	3	2091
3.3	3.5	3.4 2.8	offset	3.4	offset	2.8	3	2141
3.5	3.7	3.6 2.8	offset	3.6	offset	2.8	3	2191
3.7	3.9	3.8 2.8	offset	3.8	offset	2.8	3	2241
3.9	4.1	4 2.8	offset	4	offset	2.8	3	2291
4.1	4.3	4.2 2.8	offset	4.2	offset	2.8	3	2341
4.3	4.5	4.4 2.8	offset	4.4	offset	2.8	3	2391
4.5	4.7	4.6 2.8	offset	4.6	offset	2.8	3	2441
4.7	4.9	4.8 2.8	offset	4.8	offset	2.8	3	2491
4.9	5.1	5 2.8	offset	5	offset	2.8	3	2541
-5.1	-4.9	-5 3	offset	-5	offset	3	3	1240
-4.9	-4.7	-4.8 3	offset	-4.8	offset	3	3	1190
-4.7	-4.5	-4.6 3	offset	-4.6	offset	3	3	1140
-4.5	-4.3	-4.4 3	offset	-4.4	offset	3	3	1090
-4.3	-4.1	-4.2 3	offset	-4.2	offset	3	3	1040
-4.1	-3.9	-4 3	offset	-4	offset	3	3	990
-3.9	-3.7	-3.8 3	offset	-3.8	offset	3	3	940
-3.7	-3.5	-3.6 3	offset	-3.6	offset	3	3	890
-3.5	-3.3	-3.4 3	offset	-3.4	offset	3	3	840
-3.3	-3.1	-3.2 3	offset	-3.2	offset	3	3	790
-3.1	-2.9	-3 3	offset	-3	offset	3	3	740
-2.9	-2.7	-2.8 3	offset	-2.8	offset	3	3	690
-2.7	-2.5	-2.6 3	offset	-2.6	offset	3	3	640
-2.5	-2.3	-2.4 3	offset	-2.4	offset	3	3	590
-2.3	-2.1	-2.2 3	offset	-2.2	offset	3	3	540
-2.1	-1.9	-2 3	offset	-2	offset	3	3	490
-1.9	-1.7	-1.8 3	offset	-1.8	offset	3	3	440
-1.7	-1.5	-1.6 3	offset	-1.6	offset	3	3	390
-1.5	-1.3	-1.4 3	offset	-1.4	offset	3	3	340
-1.3	-1.1	-1.2 3	offset	-1.2	offset	3	3	290
-1.1	-0.9	-1 3	offset	-1	offset	3	3	240
-0.9	-0.7	-0.8 3	offset	-0.8	offset	3	3	190
-0.7	-0.5	-0.6 3	offset	-0.6	offset	3	3	140
-0.5	-0.299999999999999	-0.399999999999999 3	offset	-0.399999999999999	offset	3	3	90
-0.299999999999999	-0.0999999999999996	-0.199999999999999 3	offset	-0.199999999999999	offset	3	3	40
-0.0999999999999996	0.1	0 3	offset	0	offset	3	3	1290
0.1	0.3	0.2 3	offset	0.2	offset	3	3	1340
0.3	0.5	0.4 3	offset	0.4	offset	3	3	1390
0.5	0.700000000000001	0.6 3	offset	0.600000000000001	offset	3	3	1440
0.700000000000001	0.9	0.800000000000001 3	offset	0.800000000000001	offset	3	3	1490
0.9	1.1	1 3	offset	1	offset	3	3	1541
1.1	1.3	1.2 3	offset	1.2	offset	3	3	1591
1.3	1.5	1.4 3	offset	1.4	offset	3	3	1641
1.5	1.7	1.6 3	offset	1.6	offset	3	3	1691
1.7	1.9	1.8 3	offset	1.8	offset	3	3	1741
1.9	2.1	2 3	offset	2	offset	3	3	1791
2.1	2.3	2.2 3	offset	2.2	offset	3	3	1841
2.3	2.5	2.4 3	offset	2.4	offset	3	3	1891
2.5	2.7	2.6 3	offset	2.6	offset	3	3	1941
2.7	2.9	2.8 3	offset	2.8	offset	3	3	1991
2.9	3.1	1	offset	3	offset	3	3	1501
3.1	3.3	3.2 3	offset	3.2	offset	3	3	2092
3.3	3.5	3.4 3	offset	3.4	offset	3	3	2142
3.5	3.7	3.6 3	offset	3.6	offset	3	3	2192
3.7	3.9	3.8 3	offset	3.8	offset	3	3	2242
3.9	4.1	4 3	offset	4	offset	3	3	2292
4.1	4.3	4.2 3	offset	4.2	offset	3	3	2342
4.3	4.5	4.4 3	offset	4.4	offset	3	3	2392
4.5	4.7	4.6 3	offset	4.6	offset	3	3	2442
4.7	4.9	4.8 3	offset	4.8	offset	3	3	2492
4.9	5.1	5 3	offset	5	offset	3	3	2542
-5.1	-4.9	-5 3.2	offset	-5	offset	3.2	3	1241
-4.9	-4.7	-4.8 3.2	offset	-4.8	offset	3.2	3	1191
-4.7	-4.5	-4.6 3.2	offset	-4.6	offset	3.2	3	1141
-4.5	-4.3	-4.4 3.2	offset	-4.4	offset	3.2	3	1091
-4.3	-4.1	-4.2 3.2	offset	-4.2	offset	3.2	3	1041
-4.1	-3.9	-4 3.2	offset	-4	offset	3.2	3	991
-3.9	-3.7	-3.8 3.2	offset	-3.8	offset	3.2	3	941
-3.7	-3.5	-3.6 3.2	offset	-3.6	offset	3.2	3	891
-3.5	-3.3	-3.4 3.2	offset	-3.4	offset	3.2	3	841
-3.3	-3.1	-3.2 3.2	offset	-3.2	offset	3.2	3	791
-3.1	-2.9	-3 3.2	offset	-3	offset	3.2	3	741
-2.9	-2.7	-2.8 3.2	offset	-2.8	offset	3.2	3	691
-2.7	-2.5	-2.6 3.2	offset	-2.6	offset	3.2	3	641
-2.5	-2.3	-2.4 3.2	offset	-2.4	offset	3.2	3	591
-2.3	-2.1	-2.2 3.2	offset	-2.2	offset	3.2	3	541
-2.1	-1.9	-2 3.2	offset	-2	offset	3.2	3	491
-1.9	-1.7	-1.8 3.2	offset	-1.8	offset	3.2	3	441
-1.7	-1.5	-1.6 3.2	offset	-1.6	offset	3.2	3	391
-1.5	-1.3	-1.4 3.2	offset	-1.4	offset	3.2	3	341
-1.3	-1.1	-1.2 3.2	offset	-1.2	offset	3.2	3	291
-1.1	-0.9	-1 3.2	offset	-1	offset	3.2	3	241
-0.9	-0.7	-0.8 3.2	offset	-0.8	offset	3.2	3	191
-0.7	-0.5	-0.6 3.2	offset	-0.6	offset	3.2	3	141
-0.5	-0.299999999999999	-0.399999999999999 3.2	offset	-0.399999999999999	offset	3.2	3	91
-0.299999999999999	-0.0999999999999996	-0.199999999999999 3.2	offset	-0.199999999999999	offset	3.2	3	41
-0.0999999999999996	0.1	0 3.2	offset	0	offset	3.2	3	1291
0.1	0.3	0.2 3.2	offset	0.2	offset	3.2	3	1341
0.3	0.5	0.4 3.2	offset	0.4	offset	3.2	3	1391
0.5	0.700000000000001	0.6 3.2	offset	0.600000000000001	offset	3.2	3	1441
0.700000000000001	0.9	0.800000000000001 3.2	offset	0.800000000000001	offset	3.2	3	1491
0.9	1.1	1 3.2	offset	1	offset	3.2	3	1542
1.1	1.3	1.2 3.2	offset	1.2	offset	3.2	3	1592
1.3	1.5	1.4 3.2	offset	1.4	offset	3.2	3	1642
1.5	1.7	1.6 3.2	offset	1.6	offset	3.2	3	1692
1.7	1.9	1.8 3.2	offset	1.8	offset	3.2	3	1742
1.9	2.1	2 3.2	offset	2	offset	3.2	3	1792
2.1	2.3	2.2 3.2	offset	2.2	offset	3.2	3	1842
2.3	2.5	2.4 3.2	offset	2.4	offset	3.2	3	1892
2.5	2.7	2.6 3.2	offset	2.6	offset	3.2	3	1942
2.7	2.9	2.8 3.2	offset	2.8	offset	3.2	3	1992
2.9	3.1	3 3.2	offset	3	offset	3.2	3	2042
3.1	3.3	1	offset	3.2	offset	3.2	3	1501
3.3	3.5	3.4 3.2	offset	3.4	offset	3.2	3	2143
3.5	3.7	3.6 3.2	offset	3.6	offset	3.2	3	2193
3.7	3.9	3.8 3.2	offset	3.8	offset	3.2	3	2243
3.9	4.1	4 3.2	offset	4	offset	3.2	3	2293
4.1	4.3	4.2 3.2	offset	4.2	offset	3.2	3	2343
4.3	4.5	4.4 3.2	offset	4.4	offset	3.2	3	2393
4.5	4.7	4.6 3.2	offset	4.6	offset	3.2	3	2443
4.7	4.9	4.8 3.2	offset	4.8	offset	3.2	3	2493
4.9	5.1	5 3.2	offset	5	offset	3.2	3	2543
-5.1	-4.9	-5 3.4	offset	-5	offset	3.4	3	1242
-4.9	-4.7	-4.8 3.4	offset	-4.8	offset	3.4	3	1192
-4.7	-4.5	-4.6 3.4	offset	-4.6	offset	3.4	3	1142
-4.5	-4.3	-4.4 3.4	offset	-4.4	offset	3.4	3	1092
-4.3	-4.1	-4.2 3.4	offset	-4.2	offset	3.4	3	1042
-4.1	-3.9	-4 3.4	offset	-4	offset	3.4	3	992
-3.9	-3.7	-3.8 3.4	offset	-3.8	offset	3.4	3	942
-3.7	-3.5	-3.6 3.4	offset	-3.6	offset	3.4	3	892
-3.5	-3.3	-3.4 3.4	offset	-3.4	offset	3.4	3	842
-3.3	-3.1	-3.2 3.4	offset	-3.2	offset	3.4	3	792
-3.1	-2.9	-3 3.4	offset	-3	offset	3.4	3	742
-2.9	-2.7	-2.8 3.4	offset	-2.8	offset	3.4	3	692
-2.7	-2.5	-2.6 3.4	offset	-2.6	offset	3.4	3	642
-2.5	-2.3	-2.4 3.4	offset	-2.4	offset	3.4	3	592
-2.3	-2.1	-2.2 3.4	offset	-2.2	offset	3.4	3	542
-2.1	-1.9	-2 3.4	offset	-2	offset	3.4	3	492
-1.9	-1.7	-1.8 3.4	offset	-1.8	offset	3.4	3	442
-1.7	-1.5	-1.6 3.4	offset	-1.6	offset	3.4	3	392
-1.5	-1.3	-1.4 3.4	offset	-1.4	offset	3.4	3	342
-1.3	-1.1	-1.2 3.4	offset	-1.2	offset	3.4	3	292
-1.1	-0.9	-1 3.4	offset	-1	offset	3.4	3	242
-0.9	-0.7	-0.8 3.4	offset	-0.8	offset	3.4	3	192
-0.7	-0.5	-0.6 3.4	offset	-0.6	offset	3.4	3	142
-0.5	-0.299999999999999	-0.399999999999999 3.4	offset	-0.399999999999999	offset	3.4	3	92
-0.299999999999999	-0.0999999999999996	-0.199999999999999 3.4	offset	-0.199999999999999	offset	3.4	3	42
-0.0999999999999996	0.1	0 3.4	offset	0	offset	3.4	3	1292
0.1	0.3	0.2 3.4	offset	0.2	offset	3.4	3	1342
0.3	0.5	0.4 3.4	offset	0.4	offset	3.4	3	1392
0.5	0.700000000000001	0.6 3.4	offset	0.600000000000001	offset	3.4	3	1442
0.700000000000001	0.9	0.800000000000001 3.4	offset	0.800000000000001	offset	3.4	3	1492
0.9	1.1	1 3.4	offset	1	offset	3.4	3	1543
1.1	1.3	1.2 3.4	offset	1.2	offset	3.4	3	1593
1.3	1.5	1.4 3.4	offset	1.4	offset	3.4	3	1643
1.5	1.7	1.6 3.4	offset	1.6	offset	3.4	3	1693
1.7	1.9	1.8 3.4	offset	1.8	offset	3.4	3	1743
1.9	2.1	2 3.4	offset	2	offset	3.4	3	1793
2.1	2.3	2.2 3.4	offset	2.2	offset	3.4	3	1843
2.3	2.5	2.4 3.4	offset	2.4	offset	3.4	3	1893
2.5	2.7	2.6 3.4	offset	2.6	offset	3.4	3	1943
2.7	2.9	2.8 3.4	offset	2.8	offset	3.4	3	1993
2.9	3.1	3 3.4	offset	3	offset	3.4	3	2043
3.1	3.3	3.2 3.4	offset	3.2	offset	3.4	3	2093
3.3	3.5	1	offset	3.4	offset	3.4	3	1501
3.5	3.7	3.6 3.4	offset	3.6	offset	3.4	3	2194
3.7	3.9	3.8 3.4	offset	3.8	offset	3.4	3	2244
3.9	4.1	4 3.4	offset	4	offset	3.4	3	2294
4.1	4.3	4.2 3.4	offset	4.2	offset	3.4	3	2344
4.3	4.5	4.4 3.4	offset	4.4	offset	3.4	3	2394
4.5	4.7	4.6 3.4	offset	4.6	offset	3.4	3	2444
4.7	4.9	4.8 3.4	offset	4.8	offset	3.4	3	2494
4.9	5.1	5 3.4	offset	5	offset	3.4	3	2544
-5.1	-4.9	-5 3.6	offset	-5	offset	3.6	3	1243
-4.9	-4.7	-4.8 3.6	offset	-4.8	offset	3.6	3	1193
-4.7	-4.5	-4.6 3.6	offset	-4.6	offset	3.6	3	1143
-4.5	-4.3	-4.4 3.6	offset	-4.4	offset	3.6	3	1093
-4.3	-4.1	-4.2 3.6	offset	-4.2	offset	3.6	3	1043
-4.1	-3.9	-4 3.6	offset	-4	offset	3.6	3	993
-3.9	-3.7	-3.8 3.6	offset	-3.8	offset	3.6	3	943
-3.7	-3.5	-3.6 3.6	offset	-3.6	offset	3.6	3	893
-3.5	-3.3	-3.4 3.6	offset	-3.4	offset	3.6	3	843
-3.3	-3.1	-3.2 3.6	offset	-3.2	offset	3.6	3	793
-3.1	-2.9	-3 3.6	offset	-3	offset	3.6	3	743
-2.9	-2.7	-2.8 3.6	offset	-2.8	offset	3.6	3	693
-2.7	-2.5	-2.6 3.6	offset	-2.6	offset	3.6	3	643
-2.5	-2.3	-2.4 3.6	offset	-2.4	offset	3.6	3	593
-2.3	-2.1	-2.2 3.6	offset	-2.2	offset	3.6	3	543
-2.1	-1.9	-2 3.6	offset	-2	offset	3.6	3	493
-1.9	-1.7	-1.8 3.6	offset	-1.8	offset	3.6	3	443
-1.7	-1.5	-1.6 3.6	offset	-1.6	offset	3.6	3	393
-1.5	-1.3	-1.4 3.6	offset	-1.4	offset	3.6	3	343
-1.3	-1.1	-1.2 3.6	offset	-1.2	offset	3.6	3	293
-1.1	-0.9	-1 3.6	offset	-1	offset	3.6	3	243
-0.9	-0.7	-0.8 3.6	offset	-0.8	offset	3.6	3	193
-0.7	-0.5	-0.6 3.6	offset	-0.6	offset	3.6	3	143
-0.5	-0.299999999999999	-0.399999999999999 3.6	offset	-0.399999999999999	offset	3.6	3	93
-0.299999999999999	-0.0999999999999996	-0.199999999999999 3.6	offset	-0.199999999999999	offset	3.6	3	43
-0.0999999999999996	0.1	0 3.6	offset	0	offset	3.6	3	1293
0.1	0.3	0.2 3.6	offset	0.2	offset	3.6	3	1343
0.3	0.5	0.4 3.6	offset	0.4	offset	3.6	3	1393
0.5	0.700000000000001	0.6 3.6	offset	0.600000000000001	offset	3.6	3	1443
0.700000000000001	0.9	0.800000000000001 3.6	offset	0.800000000000001	offset	3.6	3	1493
0.9	1.1	1 3.6	offset	1	offset	3.6	3	1544
1.1	1.3	1.2 3.6	offset	1.2	offset	3.6	3	1594
1.3	1.5	1.4 3.6	offset	1.4	offset	3.6	3	1644
1.5	1.7	1.6 3.6	offset	1.6	offset	3.6	3	1694
1.7	1.9	1.8 3.6	offset	1.8	offset	3.6	3	1744
1.9	2.1	2 3.6	offset	2	offset	3.6	3	1794
2.1	2.3	2.2 3.6	offset	2.2	offset	3.6	3	1844
2.3	2.5	2.4 3.6	offset	2.4	offset	3.6	3	1894
2.5	2.7	2.6 3.6	offset	2.6	offset	3.6	3	1944
2.7	2.9	2.8 3.6	offset	2.8	offset	3.6	3	1994
2.9	3.1	3 3.6	offset	3	offset	3.6	3	2044
3.1	3.3	3.2 3.6	offset	3.2	offset	3.6	3	2094
3.3	3.5	3.4 3.6	offset	3.4	offset	3.6	3	2144
3.5	3.7	1	offset	3.6	offset	3.6	3	1501
3.7	3.9	3.8 3.6	offset	3.8	offset	3.6	3	2245
3.9	4.1	4 3.6	offset	4	offset	3.6	3	2295
4.1	4.3	4.2 3.6	offset	4.2	offset	3.6	3	2345
4.3	4.5	4.4 3.6	offset	4.4	offset	3.6	3	2395
4.5	4.7	4.6 3.6	offset	4.6	offset	3.6	3	2445
4.7	4.9	4.8 3.6	offset	4.8	offset	3.6	3	2495
4.9	5.1	5 3.6	offset	5	offset	3.6	3	2545
-5.1	-4.9	-5 3.8	offset	-5	offset	3.8	3	1244
-4.9	-4.7	-4.8 3.8	offset	-4.8	offset	3.8	3	1194
-4.7	-4.5	-4.6 3.8	offset	-4.6	offset	3.8	3	1144
-4.5	-4.3	-4.4 3.8	offset	-4.4	offset	3.8	3	1094
-4.3	-4.1	-4.2 3.8	offset	-4.2	offset	3.8	3	1044
-4.1	-3.9	-4 3.8	offset	-4	offset	3.8	3	994
-3.9	-3.7	-3.8 3.8	offset	-3.8	offset	3.8	3	944
-3.7	-3.5	-3.6 3.8	offset	-3.6	offset	3.8	3	894
-3.5	-3.3	-3.4 3.8	offset	-3.4	offset	3.8	3	844
-3.3	-3.1	-3.2 3.8	offset	-3.2	offset	3.8	3	794
-3.1	-2.9	-3 3.8	offset	-3	offset	3.8	3	744
-2.9	-2.7	-2.8 3.8	offset	-2.8	offset	3.8	3	694
-2.7	-2.5	-2.6 3.8	offset	-2.6	offset	3.8	3	644
-2.5	-2.3	-2.4 3.8	offset	-2.4	offset	3.8	3	594
-2.3	-2.1	-2.2 3.8	offset	-2.2	offset	3.8	3	544
-2.1	-1.9	-2 3.8	offset	-2	offset	3.8	3	494
-1.9	-1.7	-1.8 3.8	offset	-1.8	offset	3.8	3	444
-1.7	-1.5	-1.6 3.8	offset	-1.6	offset	3.8	3	394
-1.5	-1.3	-1.4 3.8	offset	-1.4	offset	3.8	3	344
-1.3	-1.1	-1.2 3.8	offset	-1.2	offset	3.8	3	294
-1.1	-0.9	-1 3.8	offset	-1	offset	3.8	3	244
-0.9	-0.7	-0.8 3.8	offset	-0.8	offset	3.8	3	194
-0.7	-0.5	-0.6 3.8	offset	-0.6	offset	3.8	3	144
-0.5	-0.299999999999999	-0.399999999999999 3.8	offset	-0.399999999999999	offset	3.8	3	94
-0.299999999999999	-0.0999999999999996	-0.199999999999999 3.8	offset	-0.199999999999999	offset	3.8	3	44
-0.0999999999999996	0.1	0 3.8	offset	0	offset	3.8	3	1294
0.1	0.3	0.2 3.8	offset	0.2	offset	3.8	3	1344
0.3	0.5	0.4 3.8	offset	0.4	offset	3.8	3	1394
0.5	0.700000000000001	0.6 3.8	offset	0.600000000000001	offset	3.8	3	1444
0.700000000000001	0.9	0.800000000000001 3.8	offset	0.800000000000001	offset	3.8	3	1494
0.9	1.1	1 3.8	offset	1	offset	3.8	3	1545
1.1	1.3	1.2 3.8	offset	1.2	offset	3.8	3	1595
1.3	1.5	1.4 3.8	offset	1.4	offset	3.8	3	1645
1.5	1.7	1.6 3.8	offset	1.6	offset	3.8	3	1695
1.7	1.9	1.8 3.8	offset	1.8	offset	3.8	3	1745
1.9	2.1	2 3.8	offset	2	offset	3.8	3	1795
2.1	2.3	2.2 3.8	offset	2.2	offset	3.8	3	1845
2.3	2.5	2.4 3.8	offset	2.4	offset	3.8	3	1895
2.5	2.7	2.6 3.8	offset	2.6	offset	3.8	3	1945
2.7	2.9	2.8 3.8	offset	2.8	offset	3.8	3	1995
2.9	3.1	3 3.8	offset	3	offset	3.8	3	2045
3.1	3.3	3.2 3.8	offset	3.2	offset	3.8	3	2095
3.3	3.5	3.4 3.8	offset	3.4	offset	3.8	3	2145
3.5	3.7	3.6 3.8	offset	3.6	offset	3.8	3	2195
3.7	3.9	1	offset	3.8	offset	3.8	3	1501
3.9	4.1	4 3.8	offset	4	offset	3.8	3	2296
4.1	4.3	4.2 3.8	offset	4.2	offset	3.8	3	2346
4.3	4.5	4.4 3.8	offset	4.4	offset	3.8	3	2396
4.5	4.7	4.6 3.8	offset	4.6	offset	3.8	3	2446
4.7	4.9	4.8 3.8	offset	4.8	offset	3.8	3	2496
4.9	5.1	5 3.8	offset	5	offset	3.8	3	2546
-5.1	-4.9	-5 4	offset	-5	offset	4	3	1245
-4.9	-4.7	-4.8 4	offset	-4.8	offset	4	3	1195
-4.7	-4.5	-4.6 4	offset	-4.6	offset	4	3	1145
-4.5	-4.3	-4.4 4	offset	-4.4	offset	4	3	1095
-4.3	-4.1	-4.2 4	offset	-4.2	offset	4	3	1045
-4.1	-3.9	-4 4	offset	-4	offset	4	3	995
-3.9	-3.7	-3.8 4	offset	-3.8	offset	4	3	945
-3.7	-3.5	-3.6 4	offset	-3.6	offset	4	3	895
-3.5	-3.3	-3.4 4	offset	-3.4	offset	4	3	845
-3.3	-3.1	-3.2 4	offset	-3.2	offset	4	3	795
-3.1	-2.9	-3 4	offset	-3	offset	4	3	745
-2.9	-2.7	-2.8 4	offset	-2.8	offset	4	3	695
-2.7	-2.5	-2.6 4	offset	-2.6	offset	4	3	645
-2.5	-2.3	-2.4 4	offset	-2.4	offset	4	3	595
-2.3	-2.1	-2.2 4	offset	-2.2	offset	4	3	545
-2.1	-1.9	-2 4	offset	-2	offset	4	3	495
-1.9	-1.7	-1.8 4	offset	-1.8	offset	4	3	445
-1.7	-1.5	-1.6 4	offset	-1.6	offset	4	3	395
-1.5	-1.3	-1.4 4	offset	-1.4	offset	4	3	345
-1.3	-1.1	-1.2 4	offset	-1.2	offset	4	3	295
-1.1	-0.9	-1 4	offset	-1	offset	4	3	245
-0.9	-0.7	-0.8 4	offset	-0.8	offset	4	3	195
-0.7	-0.5	-0.6 4	offset	-0.6	offset	4	3	145
-0.5	-0.299999999999999	-0.399999999999999 4	offset	-0.399999999999999	offset	4	3	95
-0.299999999999999	-0.0999999999999996	-0.199999999999999 4	offset	-0.199999999999999	offset	4	3	45
-0.0999999999999996	0.1	0 4	offset	0	offset	4	3	1295
0.1	0.3	0.2 4	offset	0.2	offset	4	3	1345
0.3	0.5	0.4 4	offset	0.4	offset	4	3	1395
0.5	0.700000000000001	0.6 4	offset	0.600000000000001	offset	4	3	1445
0.700000000000001	0.9	0.800000000000001 4	offset	0.800000000000001	offset	4	3	1495
0.9	1.1	1 4	offset	1	offset	4	3	1546
1.1	1.3	1.2 4	offset	1.2	offset	4	3	1596
1.3	1.5	1.4 4	offset	1.4	offset	4	3	1646
1.5	1.7	1.6 4	offset	1.6	offset	4	3	1696
1.7	1.9	1.8 4	offset	1.8	offset	4	3	1746
1.9	2.1	2 4	offset	2	offset	4	3	1796
2.1	2.3	2.2 4	offset	2.2	offset	4	3	1846
2.3	2.5	2.4 4	offset	2.4	offset	4	3	1896
2.5	2.7	2.6 4	offset	2.6	offset	4	3	1946
2.7	2.9	2.8 4	offset	2.8	offset	4	3	1996
2.9	3.1	3 4	offset	3	offset	4	3	2046
3.1	3.3	3.2 4	offset	3.2	offset	4	3	2096
3.3	3.5	3.4 4	offset	3.4	offset	4	3	2146
3.5	3.7	3.6 4	offset	3.6	offset	4	3	2196
3.7	3.9	3.8 4	offset	3.8	offset	4	3	2246
3.9	4.1	1	offset	4	offset	4	3	1501
4.1	4.3	4.2 4	offset	4.2	offset	4	3	2347
4.3	4.5	4.4 4	offset	4.4	offset	4	3	2397
4.5	4.7	4.6 4	offset	4.6	offset	4	3	2447
4.7	4.9	4.8 4	offset	4.8	offset	4	3	2497
4.9	5.1	5 4	offset	5	offset	4	3	2547
-5.1	-4.9	-5 4.2	offset	-5	offset	4.2	3	1246
-4.9	-4.7	-4.8 4.2	offset	-4.8	offset	4.2	3	1196
-4.7	-4.5	-4.6 4.2	offset	-4.6	offset	4.2	3	1146
-4.5	-4.3	-4.4 4.2	offset	-4.4	offset	4.2	3	1096
-4.3	-4.1	-4.2 4.2	offset	-4.2	offset	4.2	3	1046
-4.1	-3.9	-4 4.2	offset	-4	offset	4.2	3	996
-3.9	-3.7	-3.8 4.2	offset	-3.8	offset	4.2	3	946
-3.7	-3.5	-3.6 4.2	offset	-3.6	offset	4.2	3	896
-3.5	-3.3	-3.4 4.2	offset	-3.4	offset	4.2	3	846
-3.3	-3.1	-3.2 4.2	offset	-3.2	offset	4.2	3	796
-3.1	-2.9	-3 4.2	offset	-3	offset	4.2	3	746
-2.9	-2.7	-2.8 4.2	offset	-2.8	offset	4.2	3	696
-2.7	-2.5	-2.6 4.2	offset	-2.6	offset	4.2	3	646
-2.5	-2.3	-2.4 4.2	offset	-2.4	offset	4.2	3	596
-2.3	-2.1	-2.2 4.2	offset	-2.2	offset	4.2	3	546
-2.1	-1.9	-2 4.2	offset	-2	offset	4.2	3	496
-1.9	-1.7	-1.8 4.2	offset	-1.8	offset	4.2	3	446
-1.7	-1.5	-1.6 4.2	offset	-1.6	offset	4.2	3	396
-1.5	-1.3	-1.4 4.2	offset	-1.4	offset	4.2	3	346
-1.3	-1.1	-1.2 4.2	offset	-1.2	offset	4.2	3	296
-1.1	-0.9	-1 4.2	offset	-1	offset	4.2	3	246
-0.9	-0.7	-0.8 4.2	offset	-0.8	offset	4.2	3	196
-0.7	-0.5	-0.6 4.2	offset	-0.6	offset	4.2	3	146
-0.5	-0.299999999999999	-0.399999999999999 4.2	offset	-0.399999999999999	offset	4.2	3	96
-0.299999999999999	-0.0999999999999996	-0.199999999999999 4.2	offset	-0.199999999999999	offset	4.2	3	46
-0.0999999999999996	0.1	0 4.2	offset	0	offset	4.2	3	1296
0.1	0.3	0.2 4.2	offset	0.2	offset	4.2	3	1346
0.3	0.5	0.4 4.2	offset	0.4	offset	4.2	3	1396
0.5	0.700000000000001	0.6 4.2	offset	0.600000000000001	offset	4.2	3	1446
0.700000000000001	0.9	0.800000000000001 4.2	offset	0.800000000000001	offset	4.2	3	1496
0.9	1.1	1 4.2	offset	1	offset	4.2	3	1547
1.1	1.3	1.2 4.2	offset	1.2	offset	4.2	3	1597
1.3	1.5	1.4 4.2	offset	1.4	offset	4.2	3	1647
1.5	1.7	1.6 4.2	offset	1.6	offset	4.2	3	1697
1.7	1.9	1.8 4.2	offset	1.8	offset	4.2	3	1747
1.9	2.1	2 4.2	offset	2	offset	4.2	3	1797
2.1	2.3	2.2 4.2	offset	2.2	offset	4.2	3	1847
2.3	2.5	2.4 4.2	offset	2.4	offset	4.2	3	1897
2.5	2.7	2.6 4.2	offset	2.6	offset	4.2	3	1947
2.7	2.9	2.8 4.2	offset	2.8	offset	4.2	3	1997
2.9	3.1	3 4.2	offset	3	offset	4.2	3	2047
3.1	3.3	3.2 4.2	offset	3.2	offset	4.2	3	2097
3.3	3.5	3.4 4.2	offset	3.4	offset	4.2	3	2147
3.5	3.7	3.6 4.2	offset	3.6	offset	4.2	3	2197
3.7	3.9	3.8 4.2	offset	3.8	offset	4.2	3	2247
3.9	4.1	4 4.2	offset	4	offset	4.2	3	2297
4.1	4.3	1	offset	4.2	offset	4.2	3	1501
4.3	4.5	4.4 4.2	offset	4.4	offset	4.2	3	2398
4.5	4.7	4.6 4.2	offset	4.6	offset	4.2	3	2448
4.7	4.9	4.8 4.2	offset	4.8	offset	4.2	3	2498
4.9	5.1	5 4.2	offset	5	offset	4.2	3	2548
-5.1	-4.9	-5 4.4	offset	-5	offset	4.4	3	1247
-4.9	-4.7	-4.8 4.4	offset	-4.8	offset	4.4	3	1197
-4.7	-4.5	-4.6 4.4	offset	-4.6	offset	4.4	3	1147
-4.5	-4.3	-4.4 4.4	offset	-4.4	offset	4.4	3	1097
-4.3	-4.1	-4.2 4.4	offset	-4.2	offset	4.4	3	1047
-4.1	-3.9	-4 4.4	offset	-4	offset	4.4	3	997
-3.9	-3.7	-3.8 4.4	offset	-3.8	offset	4.4	3	947
-3.7	-3.5	-3.6 4.4	offset	-3.6	offset	4.4	3	897
-3.5	-3.3	-3.4 4.4	offset	-3.4	offset	4.4	3	847
-3.3	-3.1	-3.2 4.4	offset	-3.2	offset	4.4	3	797
-3.1	-2.9	-3 4.4	offset	-3	offset	4.4	3	747
-2.9	-2.7	-2.8 4.4	offset	-2.8	offset	4.4	3	697
-2.7	-2.5	-2.6 4.4	offset	-2.6	offset	4.4	3	647
-2.5	-2.3	-2.4 4.4	offset	-2.4	offset	4.4	3	597
-2.3	-2.1	-2.2 4.4	offset	-2.2	offset	4.4	3	547
-2.1	-1.9	-2 4.4	offset	-2	offset	4.4	3	497
-1.9	-1.7	-1.8 4.4	offset	-1.8	offset	4.4	3	447
-1.7	-1.5	-1.6 4.4	offset	-1.6	offset	4.4	3	397
-1.5	-1.3	-1.4 4.4	offset	-1.4	offset	4.4	3	347
-1.3	-1.1	-1.2 4.4	offset	-1.2	offset	4.4	3	297
-1.1	-0.9	-1 4.4	offset	-1	offset	4.4	3	247
-0.9	-0.7	-0.8 4.4	offset	-0.8	offset	4.4	3	197
-0.7	-0.5	-0.6 4.4	offset	-0.6	offset	4.4	3	147
-0.5	-0.299999999999999	-0.399999999999999 4.4	offset	-0.399999999999999	offset	4.4	3	97
-0.299999999999999	-0.0999999999999996	-0.199999999999999 4.4	offset	-0.199999999999999	offset	4.4	3	47
-0.0999999999999996	0.1	0 4.4	offset	0	offset	4.4	3	1297
0.1	0.3	0.2 4.4	offset	0.2	offset	4.4	3	1347
0.3	0.5	0.4 4.4	offset	0.4	offset	4.4	3	1397
0.5	0.700000000000001	0.6 4.4	offset	0.600000000000001	offset	4.4	3	1447
0.700000000000001	0.9	0.800000000000001 4.4	offset	0.800000000000001	offset	4.4	3	1497
0.9	1.1	1 4.4	offset	1	offset	4.4	3	1548
1.1	1.3	1.2 4.4	offset	1.2	offset	4.4	3	1598
1.3	1.5	1.4 4.4	offset	1.4	offset	4.4	3	1648
1.5	1.7	1.6 4.4	offset	1.6	offset	4.4	3	1698
1.7	1.9	1.8 4.4	offset	1.8	offset	4.4	3	1748
1.9	2.1	2 4.4	offset	2	offset	4.4	3	1798
2.1	2.3	2.2 4.4	offset	2.2	offset	4.4	3	1848
2.3	2.5	2.4 4.4	offset	2.4	offset	4.4	3	1898
2.5	2.7	2.6 4.4	offset	2.6	offset	4.4	3	1948
2.7	2.9	2.8 4.4	offset	2.8	offset	4.4	3	1998
2.9	3.1	3 4.4	offset	3	offset	4.4	3	2048
3.1	3.3	3.2 4.4	offset	3.2	offset	4.4	3	2098
3.3	3.5	3.4 4.4	offset	3.4	offset	4.4	3	2148
3.5	3.7	3.6 4.4	offset	3.6	offset	4.4	3	2198
3.7	3.9	3.8 4.4	offset	3.8	offset	4.4	3	2248
3.9	4.1	4 4.4	offset	4	offset	4.4	3	2298
4.1	4.3	4.2 4.4	offset	4.2	offset	4.4	3	2348
4.3	4.5	1	offset	4.4	offset	4.4	3	1501
4.5	4.7	4.6 4.4	offset	4.6	offset	4.4	3	2449
4.7	4.9	4.8 4.4	offset	4.8	offset	4.4	3	2499
4.9	5.1	5 4.4	offset	5	offset	4.4	3	2549
-5.1	-4.9	-5 4.6	offset	-5	offset	4.6	3	1248
-4.9	-4.7	-4.8 4.6	offset	-4.8	offset	4.6	3	1198
-4.7	-4.5	-4.6 4.6	offset	-4.6	offset	4.6	3	1148
-4.5	-4.3	-4.4 4.6	offset	-4.4	offset	4.6	3	1098
-4.3	-4.1	-4.2 4.6	offset	-4.2	offset	4.6	3	1048
-4.1	-3.9	-4 4.6	offset	-4	offset	4.6	3	998
-3.9	-3.7	-3.8 4.6	offset	-3.8	offset	4.6	3	948
-3.7	-3.5	-3.6 4.6	offset	-3.6	offset	4.6	3	898
-3.5	-3.3	-3.4 4.6	offset	-3.4	offset	4.6	3	848
-3.3	-3.1	-3.2 4.6	offset	-3.2	offset	4.6	3	798
-3.1	-2.9	-3 4.6	offset	-3	offset	4.6	3	748
-2.9	-2.7	-2.8 4.6	offset	-2.8	offset	4.6	3	698
-2.7	-2.5	-2.6 4.6	offset	-2.6	offset	4.6	3	648
-2.5	-2.3	-2.4 4.6	offset	-2.4	offset	4.6	3	598
-2.3	-2.1	-2.2 4.6	offset	-2.2	offset	4.6	3	548
-2.1	-1.9	-2 4.6	offset	-2	offset	4.6	3	498
-1.9	-1.7	-1.8 4.6	offset	-1.8	offset	4.6	3	448
-1.7	-1.5	-1.6 4.6	offset	-1.6	offset	4.6	3	398
-1.5	-1.3	-1.4 4.6	offset	-1.4	offset	4.6	3	348
-1.3	-1.1	-1.2 4.6	offset	-1.2	offset	4.6	3	298
-1.1	-0.9	-1 4.6	offset	-1	offset	4.6	3	248
-0.9	-0.7	-0.8 4.6	offset	-0.8	offset	4.6	3	198
-0.7	-0.5	-0.6 4.6	offset	-0.6	offset	4.6	3	148
-0.5	-0.299999999999999	-0.399999999999999 4.6	offset	-0.399999999999999	offset	4.6	3	98
-0.299999999999999	-0.0999999999999996	-0.199999999999999 4.6	offset	-0.199999999999999	offset	4.6	3	48
-0.0999999999999996	0.1	0 4.6	offset	0	offset	4.6	3	1298
0.1	0.3	0.2 4.6	offset	0.2	offset	4.6	3	1348
0.3	0.5	0.4 4.6	offset	0.4	offset	4.6	3	1398
0.5	0.700000000000001	0.6 4.6	offset	0.600000000000001	offset	4.6	3	1448
0.700000000000001	0.9	0.800000000000001 4.6	offset	0.800000000000001	offset	4.6	3	1498
0.9	1.1	1 4.6	offset	1	offset	4.6	3	1549
1.1	1.3	1.2 4.6	offset	1.2	offset	4.6	3	1599
1.3	1.5	1.4 4.6	offset	1.4	offset	4.6	3	1649
1.5	1.7	1.6 4.6	offset	1.6	offset	4.6	3	1699
1.7	1.9	1.8 4.6	offset	1.8	offset	4.6	3	1749
1.9	2.1	2 4.6	offset	2	offset	4.6	3	1799
2.1	2.3	2.2 4.6	offset	2.2	offset	4.6	3	1849
2.3	2.5	2.4 4.6	offset	2.4	offset	4.6	3	1899
2.5	2.7	2.6 4.6	offset	2.6	offset	4.6	3	1949
2.7	2.9	2.8 4.6	offset	2.8	offset	4.6	3	1999
2.9	3.1	3 4.6	offset	3	offset	4.6	3	2049
3.1	3.3	3.2 4.6	offset	3.2	offset	4.6	3	2099
3.3	3.5	3.4 4.6	offset	3.4	offset	4.6	3	2149
3.5	3.7	3.6 4.6	offset	3.6	offset	4.6	3	2199
3.7	3.9	3.8 4.6	offset	3.8	offset	4.6	3	2249
3.9	4.1	4 4.6	offset	4	offset	4.6	3	2299
4.1	4.3	4.2 4.6	offset	4.2	offset	4.6	3	2349
4.3	4.5	4.4 4.6	offset	4.4	offset	4.6	3	2399
4.5	4.7	1	offset	4.6	offset	4.6	3	1501
4.7	4.9	4.8 4.6	offset	4.8	offset	4.6	3	2500
4.9	5.1	5 4.6	offset	5	offset	4.6	3	2550
-5.1	-4.9	-5 4.8	offset	-5	offset	4.8	3	1249
-4.9	-4.7	-4.8 4.8	offset	-4.8	offset	4.8	3	1199
-4.7	-4.5	-4.6 4.8	offset	-4.6	offset	4.8	3	1149
-4.5	-4.3	-4.4 4.8	offset	-4.4	offset	4.8	3	1099
-4.3	-4.1	-4.2 4.8	offset	-4.2	offset	4.8	3	1049
-4.1	-3.9	-4 4.8	offset	-4	offset	4.8	3	999
-3.9	-3.7	-3.8 4.8	offset	-3.8	offset	4.8	3	949
-3.7	-3.5	-3.6 4.8	offset	-3.6	offset	4.8	3	899
-3.5	-3.3	-3.4 4.8	offset	-3.4	offset	4.8	3	849
-3.3	-3.1	-3.2 4.8	offset	-3.2	offset	4.8	3	799
-3.1	-2.9	-3 4.8	offset	-3	offset	4.8	3	749
-2.9	-2.7	-2.8 4.8	offset	-2.8	offset	4.8	3	699
-2.7	-2.5	-2.6 4.8	offset	-2.6	offset	4.8	3	649
-2.5	-2.3	-2.4 4.8	offset	-2.4	offset	4.8	3	599
-2.3	-2.1	-2.2 4.8	offset	-2.2	offset	4.8	3	549
-2.1	-1.9	-2 4.8	offset	-2	offset	4.8	3	499
-1.9	-1.7	-1.8 4.8	offset	-1.8	offset	4.8	3	449
-1.7	-1.5	-1.6 4.8	offset	-1.6	offset	4.8	3	399
-1.5	-1.3	-1.4 4.8	offset	-1.4	offset	4.8	3	349
-1.3	-1.1	-1.2 4.8	offset	-1.2	offset	4.8	3	299
-1.1	-0.9	-1 4.8	offset	-1	offset	4.8	3	249
-0.9	-0.7	-0.8 4.8	offset	-0.8	offset	4.8	3	199
-0.7	-0.5	-0.6 4.8	offset	-0.6	offset	4.8	3	149
-0.5	-0.299999999999999	-0.399999999999999 4.8	offset	-0.399999999999999	offset	4.8	3	99
-0.299999999999999	-0.0999999999999996	-0.199999999999999 4.8	offset	-0.199999999999999	offset	4.8	3	49
-0.0999999999999996	0.1	0 4.8	offset	0	offset	4.8	3	1299
0.1	0.3	0.2 4.8	offset	0.2	offset	4.8	3	1349
0.3	0.5	0.4 4.8	offset	0.4	offset	4.8	3	1399
0.5	0.700000000000001	0.6 4.8	offset	0.600000000000001	offset	4.8	3	1449
0.700000000000001	0.9	0.800000000000001 4.8	offset	0.800000000000001	offset	4.8	3	1499
0.9	1.1	1 4.8	offset	1	offset	4.8	3	1550
1.1	1.3	1.2 4.8	offset	1.2	offset	4.8	3	1600
1.3	1.5	1.4 4.8	offset	1.4	offset	4.8	3	1650
1.5	1.7	1.6 4.8	offset	1.6	offset	4.8	3	1700
1.7	1.9	1.8 4.8	offset	1.8	offset	4.8	3	1750
1.9	2.1	2 4.8	offset	2	offset	4.8	3	1800
2.1	2.3	2.2 4.8	offset	2.2	offset	4.8	3	1850
2.3	2.5	2.4 4.8	offset	2.4	offset	4.8	3	1900
2.5	2.7	2.6 4.8	offset	2.6	offset	4.8	3	1950
2.7	2.9	2.8 4.8	offset	2.8	offset	4.8	3	2000
2.9	3.1	3 4.8	offset	3	offset	4.8	3	2050
3.1	3.3	3.2 4.8	offset	3.2	offset	4.8	3	2100
3.3	3.5	3.4 4.8	offset	3.4	offset	4.8	3	2150
3.5	3.7	3.6 4.8	offset	3.6	offset	4.8	3	2200
3.7	3.9	3.8 4.8	offset	3.8	offset	4.8	3	2250
3.9	4.1	4 4.8	offset	4	offset	4.8	3	2300
4.1	4.3	4.2 4.8	offset	4.2	offset	4.8	3	2350
4.3	4.5	4.4 4.8	offset	4.4	offset	4.8	3	2400
4.5	4.7	4.6 4.8	offset	4.6	offset	4.8	3	2450
4.7	4.9	1	offset	4.8	offset	4.8	3	1501
4.9	5.1	5 4.8	offset	5	offset	4.8	3	2551
-5.1	-4.9	-5 5	offset	-5	offset	5	3	1250
-4.9	-4.7	-4.8 5	offset	-4.8	offset	5	3	1200
-4.7	-4.5	-4.6 5	offset	-4.6	offset	5	3	1150
-4.5	-4.3	-4.4 5	offset	-4.4	offset	5	3	1100
-4.3	-4.1	-4.2 5	offset	-4.2	offset	5	3	1050
-4.1	-3.9	-4 5	offset	-4	offset	5	3	1000
-3.9	-3.7	-3.8 5	offset	-3.8	offset	5	3	950
-3.7	-3.5	-3.6 5	offset	-3.6	offset	5	3	900
-3.5	-3.3	-3.4 5	offset	-3.4	offset	5	3	850
-3.3	-3.1	-3.2 5	offset	-3.2	offset	5	3	800
-3.1	-2.9	-3 5	offset	-3	offset	5	3	750
-2.9	-2.7	-2.8 5	offset	-2.8	offset	5	3	700
-2.7	-2.5	-2.6 5	offset	-2.6	offset	5	3	650
-2.5	-2.3	-2.4 5	offset	-2.4	offset	5	3	600
-2.3	-2.1	-2.2 5	offset	-2.2	offset	5	3	550
-2.1	-1.9	-2 5	offset	-2	offset	5	3	500
-1.9	-1.7	-1.8 5	offset	-1.8	offset	5	3	450
-1.7	-1.5	-1.6 5	offset	-1.6	offset	5	3	400
-1.5	-1.3	-1.4 5	offset	-1.4	offset	5	3	350
-1.3	-1.1	-1.2 5	offset	-1.2	offset	5	3	300
-1.1	-0.9	-1 5	offset	-1	offset	5	3	250
-0.9	-0.7	-0.8 5	offset	-0.8	offset	5	3	200
-0.7	-0.5	-0.6 5	offset	-0.6	offset	5	3	150
-0.5	-0.299999999999999	-0.399999999999999 5	offset	-0.399999999999999	offset	5	3	100
-0.299999999999999	-0.0999999999999996	-0.199999999999999 5	offset	-0.199999999999999	offset	5	3	50
-0.0999999999999996	0.1	0 5	offset	0	offset	5	3	1300
0.1	0.3	0.2 5	offset	0.2	offset	5	3	1350
0.3	0.5	0.4 5	offset	0.4	offset	5	3	1400
0.5	0.700000000000001	0.6 5	offset	0.600000000000001	offset	5	3	1450
0.700000000000001	0.9	0.800000000000001 5	offset	0.800000000000001	offset	5	3	1500
0.9	1.1	1 5	offset	1	offset	5	3	1551
1.1	1.3	1.2 5	offset	1.2	offset	5	3	1601
1.3	1.5	1.4 5	offset	1.4	offset	5	3	1651
1.5	1.7	1.6 5	offset	1.6	offset	5	3	1701
1.7	1.9	1.8 5	offset	1.8	offset	5	3	1751
1.9	2.1	2 5	offset	2	offset	5	3	1801
2.1	2.3	2.2 5	offset	2.2	offset	5	3	1851
2.3	2.5	2.4 5	offset	2.4	offset	5	3	1901
2.5	2.7	2.6 5	offset	2.6	offset	5	3	1951
2.7	2.9	2.8 5	offset	2.8	offset	5	3	2001
2.9	3.1	3 5	offset	3	offset	5	3	2051
3.1	3.3	3.2 5	offset	3.2	offset	5	3	2101
3.3	3.5	3.4 5	offset	3.4	offset	5	3	2151
3.5	3.7	3.6 5	offset	3.6	offset	5	3	2201
3.7	3.9	3.8 5	offset	3.8	offset	5	3	2251
3.9	4.1	4 5	offset	4	offset	5	3	2301
4.1	4.3	4.2 5	offset	4.2	offset	5	3	2351
4.3	4.5	4.4 5	offset	4.4	offset	5	3	2401
4.5	4.7	4.6 5	offset	4.6	offset	5	3	2451
4.7	4.9	4.8 5	offset	4.8	offset	5	3	2501
4.9	5.1	1	offset	5	offset	5	3	1501
-5.1	-4.9	1	offset	-5	offset	-5	4	1501
-4.9	-4.7	-4.8 -5	offset	-4.8	offset	-5	4	1174
-4.7	-4.5	-4.6 -5	offset	-4.6	offset	-5	4	1124
-4.5	-4.3	-4.4 -5	offset	-4.4	offset	-5	4	1074
-4.3	-4.1	-4.2 -5	offset	-4.2	offset	-5	4	1024
-4.1	-3.9	-4 -5	offset	-4	offset	-5	4	974
-3.9	-3.7	-3.8 -5	offset	-3.8	offset	-5	4	924
-3.7	-3.5	-3.6 -5	offset	-3.6	offset	-5	4	874
-3.5	-3.3	-3.4 -5	offset	-3.4	offset	-5	4	824
-3.3	-3.1	-3.2 -5	offset	-3.2	offset	-5	4	774
-3.1	-2.9	-3 -5	offset	-3	offset	-5	4	724
-2.9	-2.7	-2.8 -5	offset	-2.8	offset	-5	4	674
-2.7	-2.5	-2.6 -5	offset	-2.6	offset	-5	4	624
-2.5	-2.3	-2.4 -5	offset	-2.4	offset	-5	4	574
-2.3	-2.1	-2.2 -5	offset	-2.2	offset	-5	4	524
-2.1	-1.9	-2 -5	offset	-2	offset	-5	4	474
-1.9	-1.7	-1.8 -5	offset	-1.8	offset	-5	4	424
-1.7	-1.5	-1.6 -5	offset	-1.6	offset	-5	4	374
-1.5	-1.3	-1.4 -5	offset	-1.4	offset	-5	4	324
-1.3	-1.1	-1.2 -5	offset	-1.2	offset	-5	4	274
-1.1	-0.9	-1 -5	offset	-1	offset	-5	4	224
-0.9	-0.7	-0.8 -5	offset	-0.8	offset	-5	4	174
-0.7	-0.5	-0.6 -5	offset	-0.6	offset	-5	4	124
-0.5	-0.299999999999999	-0.399999999999999 -5	offset	-0.399999999999999	offset	-5	4	74
-0.299999999999999	-0.0999999999999996	-0.199999999999999 -5	offset	-0.199999999999999	offset	-5	4	24
-0.0999999999999996	0.1	0 -5	offset	0	offset	-5	4	1275
0.1	0.3	0.2 -5	offset	0.2	offset	-5	4	1325
0.3	0.5	0.4 -5	offset	0.4	offset	-5	4	1375
0.5	0.700000000000001	0.6 -5	offset	0.600000000000001	offset	-5	4	1425
0.700000000000001	0.9	0.800000000000001 -5	offset	0.800000000000001	offset	-5	4	1475
0.9	1.1	1 -5	offset	1	offset	-5	4	1526
1.1	1.3	1.2 -5	offset	1.2	offset	-5	4	1576
1.3	1.5	1.4 -5	offset	1.4	offset	-5	4	1626
1.5	1.7	1.6 -5	offset	1.6	offset	-5	4	1676
1.7	1.9	1.8 -5	offset	1.8	offset	-5	4	1726
1.9	2.1	2 -5	offset	2	offset	-5	4	1776
2.1	2.3	2.2 -5	offset	2.2	offset	-5	4	1826
2.3	2.5	2.4 -5	offset	2.4	offset	-5	4	1876
2.5	2.7	2.6 -5	offset	2.6	offset	-5	4	1926
2.7	2.9	2.8 -5	offset	2.8	offset	-5	4	1976
2.9	3.1	3 -5	offset	3	offset	-5	4	2026
3.1	3.3	3.2 -5	offset	3.2	offset	-5	4	2076
3.3	3.5	3.4 -5	offset	3.4	offset	-5	4	2126
3.5	3.7	3.6 -5	offset	3.6	offset	-5	4	2176
3.7	3.9	3.8 -5	offset	3.8	offset	-5	4	2226
3.9	4.1	4 -5	offset	4	offset	-5	4	2276
4.1	4.3	4.2 -5	offset	4.2	offset	-5	4	2326
4.3	4.5	4.4 -5	offset	4.4	offset	-5	4	2376
4.5	4.7	4.6 -5	offset	4.6	offset	-5	4	2426
4.7	4.9	4.8 -5	offset	4.8	offset	-5	4	2476
4.9	5.1	5 -5	offset	5	offset	-5	4	2526
-5.1	-4.9	-5 -4.8	offset	-5	offset	-4.8	4	1224
-4.9	-4.7	1	offset	-4.8	offset	-4.8	4	1501
-4.7	-4.5	-4.6 -4.8	offset	-4.6	offset	-4.8	4	1123
-4.5	-4.3	-4.4 -4.8	offset	-4.4	offset	-4.8	4	1073
-4.3	-4.1	-4.2 -4.8	offset	-4.2	offset	-4.8	4	1023
-4.1	-3.9	-4 -4.8	offset	-4	offset	-4.8	4	973
-3.9	-3.7	-3.8 -4.8	offset	-3.8	offset	-4.8	4	923
-3.7	-3.5	-3.6 -4.8	offset	-3.6	offset	-4.8	4	873
-3.5	-3.3	-3.4 -4.8	offset	-3.4	offset	-4.8	4	823
-3.3	-3.1	-3.2 -4.8	offset	-3.2	offset	-4.8	4	773
-3.1	-2.9	-3 -4.8	offset	-3	offset	-4.8	4	723
-2.9	-2.7	-2.8 -4.8	offset	-2.8	offset	-4.8	4	673
-2.7	-2.5	-2.6 -4.8	offset	-2.6	offset	-4.8	4	623
-2.5	-2.3	-2.4 -4.8	offset	-2.4	offset	-4.8	4	573
-2.3	-2.1	-2.2 -4.8	offset	-2.2	offset	-4.8	4	523
-2.1	-1.9	-2 -4.8	offset	-2	offset	-4.8	4	473
-1.9	-1.7	-1.8 -4.8	offset	-1.8	offset	-4.8	4	423
-1.7	-1.5	-1.6 -4.8	offset	-1.6	offset	-4.8	4	373
-1.5	-1.3	-1.4 -4.8	offset	-1.4	offset	-4.8	4	323
-1.3	-1.1	-1.2 -4.8	offset	-1.2	offset	-4.8	4	273
-1.1	-0.9	-1 -4.8	offset	-1	offset	-4.8	4	223
-0.9	-0.7	-0.8 -4.8	offset	-0.8	offset	-4.8	4	173
-0.7	-0.5	-0.6 -4.8	offset	-0.6	offset	-4.8	4	123
-0.5	-0.299999999999999	-0.399999999999999 -4.8	offset	-0.399999999999999	offset	-4.8	4	73
-0.299999999999999	-0.0999999999999996	-0.199999999999999 -4.8	offset	-0.199999999999999	offset	-4.8	4	23
-0.0999999999999996	0.1	0 -4.8	offset	0	offset	-4.8	4	1274
0.1	0.3	0.2 -4.8	offset	0.2	offset	-4.8	4	1324
0.3	0.5	0.4 -4.8	offset	0.4	offset	-4.8	4	1374
0.5	0.700000000000001	0.6 -4.8	offset	0.600000000000001	offset	-4.8	4	1424
0.700000000000001	0.9	0.800000000000001 -4.8	offset	0.800000000000001	offset	-4.8	4	1474
0.9	1.1	1 -4.8	offset	1	offset	-4.8	4	1525
1.1	1.3	1.2 -4.8	offset	1.2	offset	-4.8	4	1575
1.3	1.5	1.4 -4.8	offset	1.4	offset	-4.8	4	1625
1.5	1.7	1.6 -4.8	offset	1.6	offset	-4.8	4	1675
1.7	1.9	1.8 -4.8	offset	1.8	offset	-4.8	4	1725
1.9	2.1	2 -4.8	offset	2	offset	-4.8	4	1775
2.1	2.3	2.2 -4.8	offset	2.2	offset	-4.8	4	1825
2.3	2.5	2.4 -4.8	offset	2.4	offset	-4.8	4	1875
2.5	2.7	2.6 -4.8	offset	2.6	offset	-4.8	4	1925
2.7	2.9	2.8 -4.8	offset	2.8	offset	-4.8	4	1975
2.9	3.1	3 -4.8	offset	3	offset	-4.8	4	2025
3.1	3.3	3.2 -4.8	offset	3.2	offset	-4.8	4	2075
3.3	3.5	3.4 -4.8	offset	3.4	offset	-4.8	4	2125
3.5	3.7	3.6 -4.8	offset	3.6	offset	-4.8	4	2175
3.7	3.9	3.8 -4.8	offset	3.8	offset	-4.8	4	2225
3.9	4.1	4 -4.8	offset	4	offset	-4.8	4	2275
4.1	4.3	4.2 -4.8	offset	4.2	offset	-4.8	4	2325
4.3	4.5	4.4 -4.8	offset	4.4	offset	-4.8	4	2375
4.5	4.7	4.6 -4.8	offset	4.6	offset	-4.8	4	2425
4.7	4.9	4.8 -4.8	offset	4.8	offset	-4.8	4	2475
4.9	5.1	5 -4.8	offset	5	offset	-4.8	4	2525
-5.1	-4.9	-5 -4.6	offset	-5	offset	-4.6	4	1223
-4.9	-4.7	-4.8 -4.6	offset	-4.8	offset	-4.6	4	1173
-4.7	-4.5	1	offset	-4.6	offset	-4.6	4	1501
-4.5	-4.3	-4.4 -4.6	offset	-4.4	offset	-4.6	4	1072
-4.3	-4.1	-4.2 -4.6	offset	-4.2	offset	-4.6	4	1022
-4.1	-3.9	-4 -4.6	offset	-4	offset	-4.6	4	972
-3.9	-3.7	-3.8 -4.6	offset	-3.8	offset	-4.6	4	922
-3.7	-3.5	-3.6 -4.6	offset	-3.6	offset	-4.6	4	872
-3.5	-3.3	-3.4 -4.6	offset	-3.4	offset	-4.6	4	822
-3.3	-3.1	-3.2 -4.6	offset	-3.2	offset	-4.6	4	772
-3.1	-2.9	-3 -4.6	offset	-3	offset	-4.6	4	722
-2.9	-2.7	-2.8 -4.6	offset	-2.8	offset	-4.6	4	672
-2.7	-2.5	-2.6 -4.6	offset	-2.6	offset	-4.6	4	622
-2.5	-2.3	-2.4 -4.6	offset	-2.4	offset	-4.6	4	572
-2.3	-2.1	-2.2 -4.6	offset	-2.2	offset	-4.6	4	522
-2.1	-1.9	-2 -4.6	offset	-2	offset	-4.6	4	472
-1.9	-1.7	-1.8 -4.6	offset	-1.8	offset	-4.6	4	422
-1.7	-1.5	-1.6 -4.6	offset	-1.6	offset	-4.6	4	372
-1.5	-1.3	-1.4 -4.6	offset	-1.4	offset	-4.6	4	322
-1.3	-1.1	-1.2 -4.6	offset	-1.2	offset	-4.6	4	272
-1.1	-0.9	-1 -4.6	offset	-1	offset	-4.6	4	222
-0.9	-0.7	-0.8 -4.6	offset	-0.8	offset	-4.6	4	172
-0.7	-0.5	-0.6 -4.6	offset	-0.6	offset	-4.6	4	122
-0.5	-0.299999999999999	-0.399999999999999 -4.6	offset	-0.399999999999999	offset	-4.6	4	72
-0.299999999999999	-0.0999999999999996	-0.199999999999999 -4.6	offset	-0.199999999999999	offset	-4.6	4	22
-0.0999999999999996	0.1	0 -4.6	offset	0	offset	-4.6	4	1273
0.1	0.3	0.2 -4.6	offset	0.2	offset	-4.6	4	1323
0.3	0.5	0.4 -4.6	offset	0.4	offset	-4.6	4	1373
0.5	0.700000000000001	0.6 -4.6	offset	0.600000000000001	offset	-4.6	4	1423
0.700000000000001	0.9	0.800000000000001 -4.6	offset	0.800000000000001	offset	-4.6	4	1473
0.9	1.1	1 -4.6	offset	1	offset	-4.6	4	1524
1.1	1.3	1.2 -4.6	offset	1.2	offset	-4.6	4	1574
1.3	1.5	1.4 -4.6	offset	1.4	offset	-4.6	4	1624
1.5	1.7	1.6 -4.6	offset	1.6	offset	-4.6	4	1674
1.7	1.9	1.8 -4.6	offset	1.8	offset	-4.6	4	1724
1.9	2.1	2 -4.6	offset	2	offset	-4.6	4	1774
2.1	2.3	2.2 -4.6	offset	2.2	offset	-4.6	4	1824
2.3	2.5	2.4 -4.6	offset	2.4	offset	-4.6	4	1874
2.5	2.7	2.6 -4.6	offset	2.6	offset	-4.6	4	1924
2.7	2.9	2.8 -4.6	offset	2.8	offset	-4.6	4	1974
2.9	3.1	3 -4.6	offset	3	offset	-4.6	4	2024
3.1	3.3	3.2 -4.6	offset	3.2	offset	-4.6	4	2074
3.3	3.5	3.4 -4.6	offset	3.4	offset	-4.6	4	2124
3.5	3.7	3.6 -4.6	offset	3.6	offset	-4.6	4	2174
3.7	3.9	3.8 -4.6	offset	3.8	offset	-4.6	4	2224
3.9	4.1	4 -4.6	offset	4	offset	-4.6	4	2274
4.1	4.3	4.2 -4.6	offset	4.2	offset	-4.6	4	2324
4.3	4.5	4.4 -4.6	offset	4.4	offset	-4.6	4	2374
4.5	4.7	4.6 -4.6	offset	4.6	offset	-4.6	4	2424
4.7	4.9	4.8 -4.6	offset	4.8	offset	-4.6	4	2474
4.9	5.1	5 -4.6	offset	5	offset	-4.6	4	2524
-5.1	-4.9	-5 -4.4	offset	-5	offset	-4.4	4	1222
-4.9	-4.7	-4.8 -4.4	offset	-4.8	offset	-4.4	4	1172
-4.7	-4.5	-4.6 -4.4	offset	-4.6	offset	-4.4	4	1122
-4.5	-4.3	1	offset	-4.4	offset	-4.4	4	1501
-4.3	-4.1	-4.2 -4.4	offset	-4.2	offset	-4.4	4	1021
-4.1	-3.9	-4 -4.4	offset	-4	offset	-4.4	4	971
-3.9	-3.7	-3.8 -4.4	offset	-3.8	offset	-4.4	4	921
-3.7	-3.5	-3.6 -4.4	offset	-3.6	offset	-4.4	4	871
-3.5	-3.3	-3.4 -4.4	offset	-3.4	offset	-4.4	4	821
-3.3	-3.1	-3.2 -4.4	offset	-3.2	offset	-4.4	4	771
-3.1	-2.9	-3 -4.4	offset	-3	offset	-4.4	4	721
-2.9	-2.7	-2.8 -4.4	offset	-2.8	offset	-4.4	4	671
-2.7	-2.5	-2.6 -4.4	offset	-2.6	offset	-4.4	4	621
-2.5	-2.3	-2.4 -4.4	offset	-2.4	offset	-4.4	4	571
-2.3	-2.1	-2.2 -4.4	offset	-2.2	offset	-4.4	4	521
-2.1	-1.9	-2 -4.4	offset	-2	offset	-4.4	4	471
-1.9	-1.7	-1.8 -4.4	offset	-1.8	offset	-4.4	4	421
-1.7	-1.5	-1.6 -4.4	offset	-1.6	offset	-4.4	4	371
-1.5	-1.3	-1.4 -4.4	offset	-1.4	offset	-4.4	4	321
-1.3	-1.1	-1.2 -4.4	offset	-1.2	offset	-4.4	4	271
-1.1	-0.9	-1 -4.4	offset	-1	offset	-4.4	4	221
-0.9	-0.7	-0.8 -4.4	offset	-0.8	offset	-4.4	4	171
-0.7	-0.5	-0.6 -4.4	offset	-0.6	offset	-4.4	4	121
-0.5	-0.299999999999999	-0.399999999999999 -4.4	offset	-0.399999999999999	offset	-4.4	4	71
-0.299999999999999	-0.0999999999999996	-0.199999999999999 -4.4	offset	-0.199999999999999	offset	-4.4	4	21
-0.0999999999999996	0.1	0 -4.4	offset	0	offset	-4.4	4	1272
0.1	0.3	0.2 -4.4	offset	0.2	offset	-4.4	4	1322
0.3	0.5	0.4 -4.4	offset	0.4	offset	-4.4	4	1372
0.5	0.700000000000001	0.6 -4.4	offset	0.600000000000001	offset	-4.4	4	1422
0.700000000000001	0.9	0.800000000000001 -4.4	offset	0.800000000000001	offset	-4.4	4	1472
0.9	1.1	1 -4.4	offset	1	offset	-4.4	4	1523
1.1	1.3	1.2 -4.4	offset	1.2	offset	-4.4	4	1573
1.3	1.5	1.4 -4.4	offset	1.4	offset	-4.4	4	1623
1.5	1.7	1.6 -4.4	offset	1.6	offset	-4.4	4	1673
1.7	1.9	1.8 -4.4	offset	1.8	offset	-4.4	4	1723
1.9	2.1	2 -4.4	offset	2	offset	-4.4	4	1773
2.1	2.3	2.2 -4.4	offset	2.2	offset	-4.4	4	1823
2.3	2.5	2.4 -4.4	offset	2.4	offset	-4.4	4	1873
2.5	2.7	2.6 -4.4	offset	2.6	offset	-4.4	4	1923
2.7	2.9	2.8 -4.4	offset	2.8	offset	-4.4	4	1973
2.9	3.1	3 -4.4	offset	3	offset	-4.4	4	2023
3.1	3.3	3.2 -4.4	offset	3.2	offset	-4.4	4	2073
3.3	3.5	3.4 -4.4	offset	3.4	offset	-4.4	4	2123
3.5	3.7	3.6 -4.4	offset	3.6	offset	-4.4	4	2173
3.7	3.9	3.8 -4.4	offset	3.8	offset	-4.4	4	2223
3.9	4.1	4 -4.4	offset	4	offset	-4.4	4	2273
4.1	4.3	4.2 -4.4	offset	4.2	offset	-4.4	4	2323
4.3	4.5	4.4 -4.4	offset	4.4	offset	-4.4	4	2373
4.5	4.7	4.6 -4.4	offset	4.6	offset	-4.4	4	2423
4.7	4.9	4.8 -4.4	offset	4.8	offset	-4.4	4	2473
4.9	5.1	5 -4.4	offset	5	offset	-4.4	4	2523
-5.1	-4.9	-5 -4.2	offset	-5	offset	-4.2	4	1221
-4.9	-4.7	-4.8 -4.2	offset	-4.8	offset	-4.2	4	1171
-4.7	-4.5	-4.6 -4.2	offset	-4.6	offset	-4.2	4	1121
-4.5	-4.3	-4.4 -4.2	offset	-4.4	offset	-4.2	4	1071
-4.3	-4.1	1	offset	-4.2	offset	-4.2	4	1501
-4.1	-3.9	-4 -4.2	offset	-4	offset	-4.2	4	970
-3.9	-3.7	-3.8 -4.2	offset	-3.8	offset	-4.2	4	920
-3.7	-3.5	-3.6 -4.2	offset	-3.6	offset	-4.2	4	870
-3.5	-3.3	-3.4 -4.2	offset	-3.4	offset	-4.2	4	820
-3.3	-3.1	-3.2 -4.2	offset	-3.2	offset	-4.2	4	770
-3.1	-2.9	-3 -4.2	offset	-3	offset	-4.2	4	720
-2.9	-2.7	-2.8 -4.2	offset	-2.8	offset	-4.2	4	670
-2.7	-2.5	-2.6 -4.2	offset	-2.6	offset	-4.2	4	620
-2.5	-2.3	-2.4 -4.2	offset	-2.4	offset	-4.2	4	570
-2.3	-2.1	-2.2 -4.2	offset	-2.2	offset	-4.2	4	520
-2.1	-1.9	-2 -4.2	offset	-2	offset	-4.2	4	470
-1.9	-1.7	-1.8 -4.2	offset	-1.8	offset	-4.2	4	420
-1.7	-1.5	-1.6 -4.2	offset	-1.6	offset	-4.2	4	370
-1.5	-1.3	-1.4 -4.2	offset	-1.4	offset	-4.2	4	320
-1.3	-1.1	-1.2 -4.2	offset	-1.2	offset	-4.2	4	270
-1.1	-0.9	-1 -4.2	offset	-1	offset	-4.2	4	220
-0.9	-0.7	-0.8 -4.2	offset	-0.8	offset	-4.2	4	170
-0.7	-0.5	-0.6 -4.2	offset	-0.6	offset	-4.2	4	120
-0.5	-0.299999999999999	-0.399999999999999 -4.2	offset	-0.399999999999999	offset	-4.2	4	70
-0.299999999999999	-0.0999999999999996	-0.199999999999999 -4.2	offset	-0.199999999999999	offset	-4.2	4	20
-0.0999999999999996	0.1	0 -4.2	offset	0	offset	-4.2	4	1271
0.1	0.3	0.2 -4.2	offset	0.2	offset	-4.2	4	1321
0.3	0.5	0.4 -4.2	offset	0.4	offset	-4.2	4	1371
0.5	0.700000000000001	0.6 -4.2	offset	0.600000000000001	offset	-4.2	4	1421
0.700000000000001	0.9	0.800000000000001 -4.2	offset	0.800000000000001	offset	-4.2	4	1471
0.9	1.1	1 -4.2	offset	1	offset	-4.2	4	1522
1.1	1.3	1.2 -4.2	offset	1.2	offset	-4.2	4	1572
1.3	1.5	1.4 -4.2	offset	1.4	offset	-4.2	4	1622
1.5	1.7	1.6 -4.2	offset	1.6	offset	-4.2	4	1672
1.7	1.9	1.8 -4.2	offset	1.8	offset	-4.2	4	1722
1.9	2.1	2 -4.2	offset	2	offset	-4.2	4	1772
2.1	2.3	2.2 -4.2	offset	2.2	offset	-4.2	4	1822
2.3	2.5	2.4 -4.2	offset	2.4	offset	-4.2	4	1872
2.5	2.7	2.6 -4.2	offset	2.6	offset	-4.2	4	1922
2.7	2.9	2.8 -4.2	offset	2.8	offset	-4.2	4	1972
2.9	3.1	3 -4.2	offset	3	offset	-4.2	4	2022
3.1	3.3	3.2 -4.2	offset	3.2	offset	-4.2	4	2072
3.3	3.5	3.4 -4.2	offset	3.4	offset	-4.2	4	2122
3.5	3.7	3.6 -4.2	offset	3.6	offset	-4.2	4	2172
3.7	3.9	3.8 -4.2	offset	3.8	offset	-4.2	4	2222
3.9	4.1	4 -4.2	offset	4	offset	-4.2	4	2272
4.1	4.3	4.2 -4.2	offset	4.2	offset	-4.2	4	2322
4.3	4.5	4.4 -4.2	offset	4.4	offset	-4.2	4	2372
4.5	4.7	4.6 -4.2	offset	4.6	offset	-4.2	4	2422
4.7	4.9	4.8 -4.2	offset	4.8	offset	-4.2	4	2472
4.9	5.1	5 -4.2	offset	5	offset	-4.2	4	2522
-5.1	-4.9	-5 -4	offset	-5	offset	-4	4	1220
-4.9	-4.7	-4.8 -4	offset	-4.8	offset	-4	4	1170
-4.7	-4.5	-4.6 -4	offset	-4.6	offset	-4	4	1120
-4.5	-4.3	-4.4 -4	offset	-4.4	offset	-4	4	1070
-4.3	-4.1	-4.2 -4	offset	-4.2	offset	-4	4	1020
-4.1	-3.9	1	offset	-4	offset	-4	4	1501
-3.9	-3.7	-3.8 -4	offset	-3.8	offset	-4	4	919
-3.7	-3.5	-3.6 -4	offset	-3.6	offset	-4	4	869
-3.5	-3.3	-3.4 -4	offset	-3.4	offset	-4	4	819
-3.3	-3.1	-3.2 -4	offset	-3.2	offset	-4	4	769
-3.1	-2.9	-3 -4	offset	-3	offset	-4	4	719
-2.9	-2.7	-2.8 -4	offset	-2.8	offset	-4	4	669
-2.7	-2.5	-2.6 -4	offset	-2.6	offset	-4	4	619
-2.5	-2.3	-2.4 -4	offset	-2.4	offset	-4	4	569
-2.3	-2.1	-2.2 -4	offset	-2.2	offset	-4	4	519
-2.1	-1.9	-2 -4	offset	-2	offset	-4	4	469
-1.9	-1.7	-1.8 -4	offset	-1.8	offset	-4	4	419
-1.7	-1.5	-1.6 -4	offset	-1.6	offset	-4	4	369
-1.5	-1.3	-1.4 -4	offset	-1.4	offset	-4	4	319
-1.3	-1.1	-1.2 -4	offset	-1.2	offset	-4	4	269
-1.1	-0.9	-1 -4	offset	-1	offset	-4	4	219
-0.9	-0.7	-0.8 -4	offset	-0.8	offset	-4	4	169
-0.7	-0.5	-0.6 -4	offset	-0.6	offset	-4	4	119
-0.5	-0.299999999999999	-0.399999999999999 -4	offset	-0.399999999999999	offset	-4	4	69
-0.299999999999999	-0.0999999999999996	-0.199999999999999 -4	offset	-0.199999999999999	offset	-4	4	19
-0.0999999999999996	0.1	0 -4	offset	0	offset	-4	4	1270
0.1	0.3	0.2 -4	offset	0.2	offset	-4	4	1320
0.3	0.5	0.4 -4	offset	0.4	offset	-4	4	1370
0.5	0.700000000000001	0.6 -4	offset	0.600000000000001	offset	-4	4	1420
0.700000000000001	0.9	0.800000000000001 -4	offset	0.800000000000001	offset	-4	4	1470
0.9	1.1	1 -4	offset	1	offset	-4	4	1521
1.1	1.3	1.2 -4	offset	1.2	offset	-4	4	1571
1.3	1.5	1.4 -4	offset	1.4	offset	-4	4	1621
1.5	1.7	1.6 -4	offset	1.6	offset	-4	4	1671
1.7	1.9	1.8 -4	offset	1.8	offset	-4	4	1721
1.9	2.1	2 -4	offset	2	offset	-4	4	1771
2.1	2.3	2.2 -4	offset	2.2	offset	-4	4	1821
2.3	2.5	2.4 -4	offset	2.4	offset	-4	4	1871
2.5	2.7	2.6 -4	offset	2.6	offset	-4	4	1921
2.7	2.9	2.8 -4	offset	2.8	offset	-4	4	1971
2.9	3.1	3 -4	offset	3	offset	-4	4	2021
3.1	3.3	3.2 -4	offset	3.2	offset	-4	4	2071
3.3	3.5	3.4 -4	offset	3.4	offset	-4	4	2121
3.5	3.7	3.6 -4	offset	3.6	offset	-4	4	2171
3.7	3.9	3.8 -4	offset	3.8	offset	-4	4	2221
3.9	4.1	4 -4	offset	4	offset	-4	4	2271
4.1	4.3	4.2 -4	offset	4.2	offset	-4	4	2321
4.3	4.5	4.4 -4	offset	4.4	offset	-4	4	2371
4.5	4.7	4.6 -4	offset	4.6	offset	-4	4	2421
4.7	4.9	4.8 -4	offset	4.8	offset	-4	4	2471
4.9	5.1	5 -4	offset	5	offset	-4	4	2521
-5.1	-4.9	-5 -3.8	offset	-5	offset	-3.8	4	1219
-4.9	-4.7	-4.8 -3.8	offset	-4.8	offset	-3.8	4	1169
-4.7	-4.5	-4.6 -3.8	offset	-4.6	offset	-3.8	4	1119
-4.5	-4.3	-4.4 -3.8	offset	-4.4	offset	-3.8	4	1069
-4.3	-4.1	-4.2 -3.8	offset	-4.2	offset	-3.8	4	1019
-4.1	-3.9	-4 -3.8	offset	-4	offset	-3.8	4	969
-3.9	-3.7	1	offset	-3.8	offset	-3.8	4	1501
-3.7	-3.5	-3.6 -3.8	offset	-3.6	offset	-3.8	4	868
-3.5	-3.3	-3.4 -3.8	offset	-3.4	offset	-3.8	4	818
-3.3	-3.1	-3.2 -3.8	offset	-3.2	offset	-3.8	4	768
-3.1	-2.9	-3 -3.8	offset	-3	offset	-3.8	4	718
-2.9	-2.7	-2.8 -3.8	offset	-2.8	offset	-3.8	4	668
-2.7	-2.5	-2.6 -3.8	offset	-2.6	offset	-3.8	4	618
-2.5	-2.3	-2.4 -3.8	offset	-2.4	offset	-3.8	4	568
-2.3	-2.1	-2.2 -3.8	offset	-2.2	offset	-3.8	4	518
-2.1	-1.9	-2 -3.8	offset	-2	offset	-3.8	4	468
-1.9	-1.7	-1.8 -3.8	offset	-1.8	offset	-3.8	4	418
-1.7	-1.5	-1.6 -3.8	offset	-1.6	offset	-3.8	4	368
-1.5	-1.3	-1.4 -3.8	offset	-1.4	offset	-3.8	4	318
-1.3	-1.1	-1.2 -3.8	offset	-1.2	offset	-3.8	4	268
-1.1	-0.9	-1 -3.8	offset	-1	offset	-3.8	4	218
-0.9	-0.7	-0.8 -3.8	offset	-0.8	offset	-3.8	4	168
-0.7	-0.5	-0.6 -3.8	offset	-0.6	offset	-3.8	4	118
-0.5	-0.299999999999999	-0.399999999999999 -3.8	offset	-0.399999999999999	offset	-3.8	4	68
-0.299999999999999	-0.0999999999999996	-0.199999999999999 -3.8	offset	-0.199999999999999	offset	-3.8	4	18
-0.0999999999999996	0.1	0 -3.8	offset	0	offset	-3.8	4	1269
0.1	0.3	0.2 -3.8	offset	0.2	offset	-3.8	4	1319
0.3	0.5	0.4 -3.8	offset	0.4	offset	-3.8	4	1369
0.5	0.700000000000001	0.6 -3.8	offset	0.600000000000001	offset	-3.8	4	1419
0.700000000000001	0.9	0.800000000000001 -3.8	offset	0.800000000000001	offset	-3.8	4	1469
0.9	1.1	1 -3.8	offset	1	offset	-3.8	4	1520
1.1	1.3	1.2 -3.8	offset	1.2	offset	-3.8	4	1570
1.3	1.5	1.4 -3.8	offset	1.4	offset	-3.8	4	1620
1.5	1.7	1.6 -3.8	offset	1.6	offset	-3.8	4	1670
1.7	1.9	1.8 -3.8	offset	1.8	offset	-3.8	4	1720
1.9	2.1	2 -3.8	offset	2	offset	-3.8	4	1770
2.1	2.3	2.2 -3.8	offset	2.2	offset	-3.8	4	1820
2.3	2.5	2.4 -3.8	offset	2.4	offset	-3.8	4	1870
2.5	2.7	2.6 -3.8	offset	2.6	offset	-3.8	4	1920
2.7	2.9	2.8 -3.8	offset	2.8	offset	-3.8	4	1970
2.9	3.1	3 -3.8	offset	3	offset	-3.8	4	2020
3.1	3.3	3.2 -3.8	offset	3.2	offset	-3.8	4	2070
3.3	3.5	3.4 -3.8	offset	3.4	offset	-3.8	4	2120
3.5	3.7	3.6 -3.8	offset	3.6	offset	-3.8	4	2170
3.7	3.9	3.8 -3.8	offset	3.8	offset	-3.8	4	2220
3.9	4.1	4 -3.8	offset	4	offset	-3.8	4	2270
4.1	4.3	4.2 -3.8	offset	4.2	offset	-3.8	4	2320
4.3	4.5	4.4 -3.8	offset	4.4	offset	-3.8	4	2370
4.5	4.7	4.6 -3.8	offset	4.6	offset	-3.8	4	2420
4.7	4.9	4.8 -3.8	offset	4.8	offset	-3.8	4	2470
4.9	5.1	5 -3.8	offset	5	offset	-3.8	4	2520
-5.1	-4.9	-5 -3.6	offset	-5	offset	-3.6	4	1218
-4.9	-4.7	-4.8 -3.6	offset	-4.8	offset	-3.6	4	1168
-4.7	-4.5	-4.6 -3.6	offset	-4.6	offset	-3.6	4	1118
-4.5	-4.3	-4.4 -3.6	offset	-4.4	offset	-3.6	4	1068
-4.3	-4.1	-4.2 -3.6	offset	-4.2	offset	-3.6	4	1018
-4.1	-3.9	-4 -3.6	offset	-4	offset	-3.6	4	968
-3.9	-3.7	-3.8 -3.6	offset	-3.8	offset	-3.6	4	918
-3.7	-3.5	1	offset	-3.6	offset	-3.6	4	1501
-3.5	-3.3	-3.4 -3.6	offset	-3.4	offset	-3.6	4	817
-3.3	-3.1	-3.2 -3.6	offset	-3.2	offset	-3.6	4	767
-3.1	-2.9	-3 -3.6	offset	-3	offset	-3.6	4	717
-2.9	-2.7	-2.8 -3.6	offset	-2.8	offset	-3.6	4	667
-2.7	-2.5	-2.6 -3.6	offset	-2.6	offset	-3.6	4	617
-2.5	-2.3	-2.4 -3.6	offset	-2.4	offset	-3.6	4	567
-2.3	-2.1	-2.2 -3.6	offset	-2.2	offset	-3.6	4	517
-2.1	-1.9	-2 -3.6	offset	-2	offset	-3.6	4	467
-1.9	-1.7	-1.8 -3.6	offset	-1.8	offset	-3.6	4	417
-1.7	-1.5	-1.6 -3.6	offset	-1.6	offset	-3.6	4	367
-1.5	-1.3	-1.4 -3.6	offset	-1.4	offset	-3.6	4	317
-1.3	-1.1	-1.2 -3.6	offset	-1.2	offset	-3.6	4	267
-1.1	-0.9	-1 -3.6	offset	-1	offset	-3.6	4	217
-0.9	-0.7	-0.8 -3.6	offset	-0.8	offset	-3.6	4	167
-0.7	-0.5	-0.6 -3.6	offset	-0.6	offset	-3.6	4	117
-0.5	-0.299999999999999	-0.399999999999999 -3.6	offset	-0.399999999999999	offset	-3.6	4	67
-0.299999999999999	-0.0999999999999996	-0.199999999999999 -3.6	offset	-0.199999999999999	offset	-3.6	4	17
-0.0999999999999996	0.1	0 -3.6	offset	0	offset	-3.6	4	1268
0.1	0.3	0.2 -3.6	offset	0.2	offset	-3.6	4	1318
0.3	0.5	0.4 -3.6	offset	0.4	offset	-3.6	4	1368
0.5	0.700000000000001	0.6 -3.6	offset	0.600000000000001	offset	-3.6	4	1418
0.700000000000001	0.9	0.800000000000001 -3.6	offset	0.800000000000001	offset	-3.6	4	1468
0.9	1.1	1 -3.6	offset	1	offset	-3.6	4	1519
1.1	1.3	1.2 -3.6	offset	1.2	offset	-3.6	4	1569
1.3	1.5	1.4 -3.6	offset	1.4	offset	-3.6	4	1619
1.5	1.7	1.6 -3.6	offset	1.6	offset	-3.6	4	1669
1.7	1.9	1.8 -3.6	offset	1.8	offset	-3.6	4	1719
1.9	2.1	2 -3.6	offset	2	offset	-3.6	4	1769
2.1	2.3	2.2 -3.6	offset	2.2	offset	-3.6	4	1819
2.3	2.5	2.4 -3.6	offset	2.4	offset	-3.6	4	1869
2.5	2.7	2.6 -3.6	offset	2.6	offset	-3.6	4	1919
2.7	2.9	2.8 -3.6	offset	2.8	offset	-3.6	4	1969
2.9	3.1	3 -3.6	offset	3	offset	-3.6	4	2019
3.1	3.3	3.2 -3.6	offset	3.2	offset	-3.6	4	2069
3.3	3.5	3.4 -3.6	offset	3.4	offset	-3.6	4	2119
3.5	3.7	3.6 -3.6	offset	3.6	offset	-3.6	4	2169
3.7	3.9	3.8 -3.6	offset	3.8	offset	-3.6	4	2219
3.9	4.1	4 -3.6	offset	4	offset	-3.6	4	2269
4.1	4.3	4.2 -3.6	offset	4.2	offset	-3.6	4	2319
4.3	4.5	4.4 -3.6	offset	4.4	offset	-3.6	4	2369
4.5	4.7	4.6 -3.6	offset	4.6	offset	-3.6	4	2419
4.7	4.9	4.8 -3.6	offset	4.8	offset	-3.6	4	2469
4.9	5.1	5 -3.6	offset	5	offset	-3.6	4	2519
-5.1	-4.9	-5 -3.4	offset	-5	offset	-3.4	4	1217
-4.9	-4.7	-4.8 -3.4	offset	-4.8	offset	-3.4	4	1167
-4.7	-4.5	-4.6 -3.4	offset	-4.6	offset	-3.4	4	1117
-4.5	-4.3	-4.4 -3.4	offset	-4.4	offset	-3.4	4	1067
-4.3	-4.1	-4.2 -3.4	offset	-4.2	offset	-3.4	4	1017
-4.1	-3.9	-4 -3.4	offset	-4	offset	-3.4	4	967
-3.9	-3.7	-3.8 -3.4	offset	-3.8	offset	-3.4	4	917
-3.7	-3.5	-3.6 -3.4	offset	-3.6	offset	-3.4	4	867
-3.5	-3.3	1	offset	-3.4	offset	-3.4	4	1501
-3.3	-3.1	-3.2 -3.4	offset	-3.2	offset	-3.4	4	766
-3.1	-2.9	-3 -3.4	offset	-3	offset	-3.4	4	716
-2.9	-2.7	-2.8 -3.4	offset	-2.8	offset	-3.4	4	666
-2.7	-2.5	-2.6 -3.4	offset	-2.6	offset	-3.4	4	616
-2.5	-2.3	-2.4 -3.4	offset	-2.4	offset	-3.4	4	566
-2.3	-2.1	-2.2 -3.4	offset	-2.2	offset	-3.4	4	516
-2.1	-1.9	-2 -3.4	offset	-2	offset	-3.4	4	466
-1.9	-1.7	-1.8 -3.4	offset	-1.8	offset	-3.4	4	416
-1.7	-1.5	-1.6 -3.4	offset	-1.6	offset	-3.4	4	366
-1.5	-1.3	-1.4 -3.4	offset	-1.4	offset	-3.4	4	316
-1.3	-1.1	-1.2 -3.4	offset	-1.2	offset	-3.4	4	266
-1.1	-0.9	-1 -3.4	offset	-1	offset	-3.4	4	216
-0.9	-0.7	-0.8 -3.4	offset	-0.8	offset	-3.4	4	166
-0.7	-0.5	-0.6 -3.4	offset	-0.6	offset	-3.4	4	116
-0.5	-0.299999999999999	-0.399999999999999 -3.4	offset	-0.399999999999999	offset	-3.4	4	66
-0.299999999999999	-0.0999999999999996	-0.199999999999999 -3.4	offset	-0.199999999999999	offset	-3.4	4	16
-0.0999999999999996	0.1	0 -3.4	offset	0	offset	-3.4	4	1267
0.1	0.3	0.2 -3.4	offset	0.2	offset	-3.4	4	1317
0.3	0.5	0.4 -3.4	offset	0.4	offset	-3.4	4	1367
0.5	0.700000000000001	0.6 -3.4	offset	0.600000000000001	offset	-3.4	4	1417
0.700000000000001	0.9	0.800000000000001 -3.4	offset	0.800000000000001	offset	-3.4	4	1467
0.9	1.1	1 -3.4	offset	1	offset	-3.4	4	1518
1.1	1.3	1.2 -3.4	offset	1.2	offset	-3.4	4	1568
1.3	1.5	1.4 -3.4	offset	1.4	offset	-3.4	4	1618
1.5	1.7	1.6 -3.4	offset	1.6	offset	-3.4	4	1668
1.7	1.9	1.8 -3.4	offset	1.8	offset	-3.4	4	1718
1.9	2.1	2 -3.4	offset	2	offset	-3.4	4	1768
2.1	2.3	2.2 -3.4	offset	2.2	offset	-3.4	4	1818
2.3	2.5	2.4 -3.4	offset	2.4	offset	-3.4	4	1868
2.5	2.7	2.6 -3.4	offset	2.6	offset	-3.4	4	1918
2.7	2.9	2.8 -3.4	offset	2.8	offset	-3.4	4	1968
2.9	3.1	3 -3.4	offset	3	offset	-3.4	4	2018
3.1	3.3	3.2 -3.4	offset	3.2	offset	-3.4	4	2068
3.3	3.5	3.4 -3.4	offset	3.4	offset	-3.4	4	2118
3.5	3.7	3.6 -3.4	offset	3.6	offset	-3.4	4	2168
3.7	3.9	3.8 -3.4	offset	3.8	offset	-3.4	4	2218
3.9	4.1	4 -3.4	offset	4	offset	-3.4	4	2268
4.1	4.3	4.2 -3.4	offset	4.2	offset	-3.4	4	2318
4.3	4.5	4.4 -3.4	offset	4.4	offset	-3.4	4	2368
4.5	4.7	4.6 -3.4	offset	4.6	offset	-3.4	4	2418
4.7	4.9	4.8 -3.4	offset	4.8	offset	-3.4	4	2468
4.9	5.1	5 -3.4	offset	5	offset	-3.4	4	2518
-5.1	-4.9	-5 -3.2	offset	-5	offset	-3.2	4	1216
-4.9	-4.7	-4.8 -3.2	offset	-4.8	offset	-3.2	4	1166
-4.7	-4.5	-4.6 -3.2	offset	-4.6	offset	-3.2	4	1116
-4.5	-4.3	-4.4 -3.2	offset	-4.4	offset	-3.2	4	1066
-4.3	-4.1	-4.2 -3.2	offset	-4.2	offset	-3.2	4	1016
-4.1	-3.9	-4 -3.2	offset	-4	offset	-3.2	4	966
-3.9	-3.7	-3.8 -3.2	offset	-3.8	offset	-3.2	4	916
-3.7	-3.5	-3.6 -3.2	offset	-3.6	offset	-3.2	4	866
-3.5	-3.3	-3.4 -3.2	offset	-3.4	offset	-3.2	4	816
-3.3	-3.1	1	offset	-3.2	offset	-3.2	4	1501
-3.1	-2.9	-3 -3.2	offset	-3	offset	-3.2	4	715
-2.9	-2.7	-2.8 -3.2	offset	-2.8	offset	-3.2	4	665
-2.7	-2.5	-2.6 -3.2	offset	-2.6	offset	-3.2	4	615
-2.5	-2.3	-2.4 -3.2	offset	-2.4	offset	-3.2	4	565
-2.3	-2.1	-2.2 -3.2	offset	-2.2	offset	-3.2	4	515
-2.1	-1.9	-2 -3.2	offset	-2	offset	-3.2	4	465
-1.9	-1.7	-1.8 -3.2	offset	-1.8	offset	-3.2	4	415
-1.7	-1.5	-1.6 -3.2	offset	-1.6	offset	-3.2	4	365
-1.5	-1.3	-1.4 -3.2	offset	-1.4	offset	-3.2	4	315
-1.3	-1.1	-1.2 -3.2	offset	-1.2	offset	-3.2	4	265
-1.1	-0.9	-1 -3.2	offset	-1	offset	-3.2	4	215
-0.9	-0.7	-0.8 -3.2	offset	-0.8	offset	-3.2	4	165
-0.7	-0.5	-0.6 -3.2	offset	-0.6	offset	-3.2	4	115
-0.5	-0.299999999999999	-0.399999999999999 -3.2	offset	-0.399999999999999	offset	-3.2	4	65
-0.299999999999999	-0.0999999999999996	-0.199999999999999 -3.2	offset	-0.199999999999999	offset	-3.2	4	15
-0.0999999999999996	0.1	0 -3.2	offset	0	offset	-3.2	4	1266
0.1	0.3	0.2 -3.2	offset	0.2	offset	-3.2	4	1316
0.3	0.5	0.4 -3.2	offset	0.4	offset	-3.2	4	1366
0.5	0.700000000000001	0.6 -3.2	offset	0.600000000000001	offset	-3.2	4	1416
0.700000000000001	0.9	0.800000000000001 -3.2	offset	0.800000000000001	offset	-3.2	4	1466
0.9	1.1	1 -3.2	offset	1	offset	-3.2	4	1517
1.1	1.3	1.2 -3.2	offset	1.2	offset	-3.2	4	1567
1.3	1.5	1.4 -3.2	offset	1.4	offset	-3.2	4	1617
1.5	1.7	1.6 -3.2	offset	1.6	offset	-3.2	4	1667
1.7	1.9	1.8 -3.2	offset	1.8	offset	-3.2	4	1717
1.9	2.1	2 -3.2	offset	2	offset	-3.2	4	1767
2.1	2.3	2.2 -3.2	offset	2.2	offset	-3.2	4	1817
2.3	2.5	2.4 -3.2	offset	2.4	offset	-3.2	4	1867
2.5	2.7	2.6 -3.2	offset	2.6	offset	-3.2	4	1917
2.7	2.9	2.8 -3.2	offset	2.8	offset	-3.2	4	1967
2.9	3.1	3 -3.2	offset	3	offset	-3.2	4	2017
3.1	3.3	3.2 -3.2	offset	3.2	offset	-3.2	4	2067
3.3	3.5	3.4 -3.2	offset	3.4	offset	-3.2	4	2117
3.5	3.7	3.6 -3.2	offset	3.6	offset	-3.2	4	2167
3.7	3.9	3.8 -3.2	offset	3.8	offset	-3.2	4	2217
3.9	4.1	4 -3.2	offset	4	offset	-3.2	4	2267
4.1	4.3	4.2 -3.2	offset	4.2	offset	-3.2	4	2317
4.3	4.5	4.4 -3.2	offset	4.4	offset	-3.2	4	2367
4.5	4.7	4.6 -3.2	offset	4.6	offset	-3.2	4	2417
4.7	4.9	4.8 -3.2	offset	4.8	offset	-3.2	4	2467
4.9	5.1	5 -3.2	offset	5	offset	-3.2	4	2517
-5.1	-4.9	-5 -3	offset	-5	offset	-3	4	1215
-4.9	-4.7	-4.8 -3	offset	-4.8	offset	-3	4	1165
-4.7	-4.5	-4.6 -3	offset	-4.6	offset	-3	4	1115
-4.5	-4.3	-4.4 -3	offset	-4.4	offset	-3	4	1065
-4.3	-4.1	-4.2 -3	offset	-4.2	offset	-3	4	1015
-4.1	-3.9	-4 -3	offset	-4	offset	-3	4	965
-3.9	-3.7	-3.8 -3	offset	-3.8	offset	-3	4	915
-3.7	-3.5	-3.6 -3	offset	-3.6	offset	-3	4	865
-3.5	-3.3	-3.4 -3	offset	-3.4	offset	-3	4	815
-3.3	-3.1	-3.2 -3	offset	-3.2	offset	-3	4	765
-3.1	-2.9	1	offset	-3	offset	-3	4	1501
-2.9	-2.7	-2.8 -3	offset	-2.8	offset	-3	4	664
-2.7	-2.5	-2.6 -3	offset	-2.6	offset	-3	4	614
-2.5	-2.3	-2.4 -3	offset	-2.4	offset	-3	4	564
-2.3	-2.1	-2.2 -3	offset	-2.2	offset	-3	4	514
-2.1	-1.9	-2 -3	offset	-2	offset	-3	4	464
-1.9	-1.7	-1.8 -3	offset	-1.8	offset	-3	4	414
-1.7	-1.5	-1.6 -3	offset	-1.6	offset	-3	4	364
-1.5	-1.3	-1.4 -3	offset	-1.4	offset	-3	4	314
-1.3	-1.1	-1.2 -3	offset	-1.2	offset	-3	4	264
-1.1	-0.9	-1 -3	offset	-1	offset	-3	4	214
-0.9	-0.7	-0.8 -3	offset	-0.8	offset	-3	4	164
-0.7	-0.5	-0.6 -3	offset	-0.6	offset	-3	4	114
-0.5	-0.299999999999999	-0.399999999999999 -3	offset	-0.399999999999999	offset	-3	4	64
-0.299999999999999	-0.0999999999999996	-0.199999999999999 -3	offset	-0.199999999999999	offset	-3	4	14
-0.0999999999999996	0.1	0 -3	offset	0	offset	-3	4	1265
0.1	0.3	0.2 -3	offset	0.2	offset	-3	4	1315
0.3	0.5	0.4 -3	offset	0.4	offset	-3	4	1365
0.5	0.700000000000001	0.6 -3	offset	0.600000000000001	offset	-3	4	1415
0.700000000000001	0.9	0.800000000000001 -3	offset	0.800000000000001	offset	-3	4	1465
0.9	1.1	1 -3	offset	1	offset	-3	4	1516
1.1	1.3	1.2 -3	offset	1.2	offset	-3	4	1566
1.3	1.5	1.4 -3	offset	1.4	offset	-3	4	1616
1.5	1.7	1.6 -3	offset	1.6	offset	-3	4	1666
1.7	1.9	1.8 -3	offset	1.8	offset	-3	4	1716
1.9	2.1	2 -3	offset	2	offset	-3	4	1766
2.1	2.3	2.2 -3	offset	2.2	offset	-3	4	1816
2.3	2.5	2.4 -3	offset	2.4	offset	-3	4	1866
2.5	2.7	2.6 -3	offset	2.6	offset	-3	4	1916
2.7	2.9	2.8 -3	offset	2.8	offset	-3	4	1966
2.9	3.1	3 -3	offset	3	offset	-3	4	2016
3.1	3.3	3.2 -3	offset	3.2	offset	-3	4	2066
3.3	3.5	3.4 -3	offset	3.4	offset	-3	4	2116
3.5	3.7	3.6 -3	offset	3.6	offset	-3	4	2166
3.7	3.9	3.8 -3	offset	3.8	offset	-3	4	2216
3.9	4.1	4 -3	offset	4	offset	-3	4	2266
4.1	4.3	4.2 -3	offset	4.2	offset	-3	4	2316
4.3	4.5	4.4 -3	offset	4.4	offset	-3	4	2366
4.5	4.7	4.6 -3	offset	4.6	offset	-3	4	2416
4.7	4.9	4.8 -3	offset	4.8	offset	-3	4	2466
4.9	5.1	5 -3	offset	5	offset	-3	4	2516
-5.1	-4.9	-5 -2.8	offset	-5	offset	-2.8	4	1214
-4.9	-4.7	-4.8 -2.8	offset	-4.8	offset	-2.8	4	1164
-4.7	-4.5	-4.6 -2.8	offset	-4.6	offset	-2.8	4	1114
-4.5	-4.3	-4.4 -2.8	offset	-4.4	offset	-2.8	4	1064
-4.3	-4.1	-4.2 -2.8	offset	-4.2	offset	-2.8	4	1014
-4.1	-3.9	-4 -2.8	offset	-4	offset	-2.8	4	964
-3.9	-3.7	-3.8 -2.8	offset	-3.8	offset	-2.8	4	914
-3.7	-3.5	-3.6 -2.8	offset	-3.6	offset	-2.8	4	864
-3.5	-3.3	-3.4 -2.8	offset	-3.4	offset	-2.8	4	814
-3.3	-3.1	-3.2 -2.8	offset	-3.2	offset	-2.8	4	764
-3.1	-2.9	-3 -2.8	offset	-3	offset	-2.8	4	714
-2.9	-2.7	1	offset	-2.8	offset	-2.8	4	1501
-2.7	-2.5	-2.6 -2.8	offset	-2.6	offset	-2.8	4	613
-2.5	-2.3	-2.4 -2.8	offset	-2.4	offset	-2.8	4	563
-2.3	-2.1	-2.2 -2.8	offset	-2.2	offset	-2.8	4	513
-2.1	-1.9	-2 -2.8	offset	-2	offset	-2.8	4	463
-1.9	-1.7	-1.8 -2.8	offset	-1.8	offset	-2.8	4	413
-1.7	-1.5	-1.6 -2.8	offset	-1.6	offset	-2.8	4	363
-1.5	-1.3	-1.4 -2.8	offset	-1.4	offset	-2.8	4	313
-1.3	-1.1	-1.2 -2.8	offset	-1.2	offset	-2.8	4	263
-1.1	-0.9	-1 -2.8	offset	-1	offset	-2.8	4	213
-0.9	-0.7	-0.8 -2.8	offset	-0.8	offset	-2.8	4	163
-0.7	-0.5	-0.6 -2.8	offset	-0.6	offset	-2.8	4	113
-0.5	-0.299999999999999	-0.399999999999999 -2.8	offset	-0.399999999999999	offset	-2.8	4	63
-0.299999999999999	-0.0999999999999996	-0.199999999999999 -2.8	offset	-0.199999999999999	offset	-2.8	4	13
-0.0999999999999996	0.1	0 -2.8	offset	0	offset	-2.8	4	1264
0.1	0.3	0.2 -2.8	offset	0.2	offset	-2.8	4	1314
0.3	0.5	0.4 -2.8	offset	0.4	offset	-2.8	4	1364
0.5	0.700000000000001	0.6 -2.8	offset	0.600000000000001	offset	-2.8	4	1414
0.700000000000001	0.9	0.800000000000001 -2.8	offset	0.800000000000001	offset	-2.8	4	1464
0.9	1.1	1 -2.8	offset	1	offset	-2.8	4	1515
1.1	1.3	1.2 -2.8	offset	1.2	offset	-2.8	4	1565
1.3	1.5	1.4 -2.8	offset	1.4	offset	-2.8	4	1615
1.5	1.7	1.6 -2.8	offset	1.6	offset	-2.8	4	1665
1.7	1.9	1.8 -2.8	offset	1.8	offset	-2.8	4	1715
1.9	2.1	2 -2.8	offset	2	offset	-2.8	4	1765
2.1	2.3	2.2 -2.8	offset	2.2	offset	-2.8	4	1815
2.3	2.5	2.4 -2.8	offset	2.4	offset	-2.8	4	1865
2.5	2.7	2.6 -2.8	offset	2.6	offset	-2.8	4	1915
2.7	2.9	2.8 -2.8	offset	2.8	offset	-2.8	4	1965
2.9	3.1	3 -2.8	offset	3	offset	-2.8	4	2015
3.1	3.3	3.2 -2.8	offset	3.2	offset	-2.8	4	2065
3.3	3.5	3.4 -2.8	offset	3.4	offset	-2.8	4	2115
3.5	3.7	3.6 -2.8	offset	3.6	offset	-2.8	4	2165
3.7	3.9	3.8 -2.8	offset	3.8	offset	-2.8	4	2215
3.9	4.1	4 -2.8	offset	4	offset	-2.8	4	2265
4.1	4.3	4.2 -2.8	offset	4.2	offset	-2.8	4	2315
4.3	4.5	4.4 -2.8	offset	4.4	offset	-2.8	4	2365
4.5	4.7	4.6 -2.8	offset	4.6	offset	-2.8	4	2415
4.7	4.9	4.8 -2.8	offset	4.8	offset	-2.8	4	2465
4.9	5.1	5 -2.8	offset	5	offset	-2.8	4	2515
-5.1	-4.9	-5 -2.6	offset	-5	offset	-2.6	4	1213
-4.9	-4.7	-4.8 -2.6	offset	-4.8	offset	-2.6	4	1163
-4.7	-4.5	-4.6 -2.6	offset	-4.6	offset	-2.6	4	1113
-4.5	-4.3	-4.4 -2.6	offset	-4.4	offset	-2.6	4	1063
-4.3	-4.1	-4.2 -2.6	offset	-4.2	offset	-2.6	4	1013
-4.1	-3.9	-4 -2.6	offset	-4	offset	-2.6	4	963
-3.9	-3.7	-3.8 -2.6	offset	-3.8	offset	-2.6	4	913
-3.7	-3.5	-3.6 -2.6	offset	-3.6	offset	-2.6	4	863
-3.5	-3.3	-3.4 -2.6	offset	-3.4	offset	-2.6	4	813
-3.3	-3.1	-3.2 -2.6	offset	-3.2	offset	-2.6	4	763
-3.1	-2.9	-3 -2.6	offset	-3	offset	-2.6	4	713
-2.9	-2.7	-2.8 -2.6	offset	-2.8	offset	-2.6	4	663
-2.7	-2.5	1	offset	-2.6	offset	-2.6	4	1501
-2.5	-2.3	-2.4 -2.6	offset	-2.4	offset	-2.6	4	562
-2.3	-2.1	-2.2 -2.6	offset	-2.2	offset	-2.6	4	512
-2.1	-1.9	-2 -2.6	offset	-2	offset	-2.6	4	462
-1.9	-1.7	-1.8 -2.6	offset	-1.8	offset	-2.6	4	412
-1.7	-1.5	-1.6 -2.6	offset	-1.6	offset	-2.6	4	362
-1.5	-1.3	-1.4 -2.6	offset	-1.4	offset	-2.6	4	312
-1.3	-1.1	-1.2 -2.6	offset	-1.2	offset	-2.6	4	262
-1.1	-0.9	-1 -2.6	offset	-1	offset	-2.6	4	212
-0.9	-0.7	-0.8 -2.6	offset	-0.8	offset	-2.6	4	162
-0.7	-0.5	-0.6 -2.6	offset	-0.6	offset	-2.6	4	112
-0.5	-0.299999999999999	-0.399999999999999 -2.6	offset	-0.399999999999999	offset	-2.6	4	62
-0.299999999999999	-0.0999999999999996	-0.199999999999999 -2.6	offset	-0.199999999999999	offset	-2.6	4	12
-0.0999999999999996	0.1	0 -2.6	offset	0	offset	-2.6	4	1263
0.1	0.3	0.2 -2.6	offset	0.2	offset	-2.6	4	1313
0.3	0.5	0.4 -2.6	offset	0.4	offset	-2.6	4	1363
0.5	0.700000000000001	0.6 -2.6	offset	0.600000000000001	offset	-2.6	4	1413
0.700000000000001	0.9	0.800000000000001 -2.6	offset	0.800000000000001	offset	-2.6	4	1463
0.9	1.1	1 -2.6	offset	1	offset	-2.6	4	1514
1.1	1.3	1.2 -2.6	offset	1.2	offset	-2.6	4	1564
1.3	1.5	1.4 -2.6	offset	1.4	offset	-2.6	4	1614
1.5	1.7	1.6 -2.6	offset	1.6	offset	-2.6	4	1664
1.7	1.9	1.8 -2.6	offset	1.8	offset	-2.6	4	1714
1.9	2.1	2 -2.6	offset	2	offset	-2.6	4	1764
2.1	2.3	2.2 -2.6	offset	2.2	offset	-2.6	4	1814
2.3	2.5	2.4 -2.6	offset	2.4	offset	-2.6	4	1864
2.5	2.7	2.6 -2.6	offset	2.6	offset	-2.6	4	1914
2.7	2.9	2.8 -2.6	offset	2.8	offset	-2.6	4	1964
2.9	3.1	3 -2.6	offset	3	offset	-2.6	4	2014
3.1	3.3	3.2 -2.6	offset	3.2	offset	-2.6	4	2064
3.3	3.5	3.4 -2.6	offset	3.4	offset	-2.6	4	2114
3.5	3.7	3.6 -2.6	offset	3.6	offset	-2.6	4	2164
3.7	3.9	3.8 -2.6	offset	3.8	offset	-2.6	4	2214
3.9	4.1	4 -2.6	offset	4	offset	-2.6	4	2264
4.1	4.3	4.2 -2.6	offset	4.2	offset	-2.6	4	2314
4.3	4.5	4.4 -2.6	offset	4.4	offset	-2.6	4	2364
4.5	4.7	4.6 -2.6	offset	4.6	offset	-2.6	4	2414
4.7	4.9	4.8 -2.6	offset	4.8	offset	-2.6	4	2464
4.9	5.1	5 -2.6	offset	5	offset	-2.6	4	2514
-5.1	-4.9	-5 -2.4	offset	-5	offset	-2.4	4	1212
-4.9	-4.7	-4.8 -2.4	offset	-4.8	offset	-2.4	4	1162
-4.7	-4.5	-4.6 -2.4	offset	-4.6	offset	-2.4	4	1112
-4.5	-4.3	-4.4 -2.4	offset	-4.4	offset	-2.4	4	1062
-4.3	-4.1	-4.2 -2.4	offset	-4.2	offset	-2.4	4	1012
-4.1	-3.9	-4 -2.4	offset	-4	offset	-2.4	4	962
-3.9	-3.7	-3.8 -2.4	offset	-3.8	offset	-2.4	4	912
-3.7	-3.5	-3.6 -2.4	offset	-3.6	offset	-2.4	4	862
-3.5	-3.3	-3.4 -2.4	offset	-3.4	offset	-2.4	4	812
-3.3	-3.1	-3.2 -2.4	offset	-3.2	offset	-2.4	4	762
-3.1	-2.9	-3 -2.4	offset	-3	offset	-2.4	4	712
-2.9	-2.7	-2.8 -2.4	offset	-2.8	offset	-2.4	4	662
-2.7	-2.5	-2.6 -2.4	offset	-2.6	offset	-2.4	4	612
-2.5	-2.3	1	offset	-2.4	offset	-2.4	4	1501
-2.3	-2.1	-2.2 -2.4	offset	-2.2	offset	-2.4	4	511
-2.1	-1.9	-2 -2.4	offset	-2	offset	-2.4	4	461
-1.9	-1.7	-1.8 -2.4	offset	-1.8	offset	-2.4	4	411
-1.7	-1.5	-1.6 -2.4	offset	-1.6	offset	-2.4	4	361
-1.5	-1.3	-1.4 -2.4	offset	-1.4	offset	-2.4	4	311
-1.3	-1.1	-1.2 -2.4	offset	-1.2	offset	-2.4	4	261
-1.1	-0.9	-1 -2.4	offset	-1	offset	-2.4	4	211
-0.9	-0.7	-0.8 -2.4	offset	-0.8	offset	-2.4	4	161
-0.7	-0.5	-0.6 -2.4	offset	-0.6	offset	-2.4	4	111
-0.5	-0.299999999999999	-0.399999999999999 -2.4	offset	-0.399999999999999	offset	-2.4	4	61
-0.299999999999999	-0.0999999999999996	-0.199999999999999 -2.4	offset	-0.199999999999999	offset	-2.4	4	11
-0.0999999999999996	0.1	0 -2.4	offset	0	offset	-2.4	4	1262
0.1	0.3	0.2 -2.4	offset	0.2	offset	-2.4	4	1312
0.3	0.5	0.4 -2.4	offset	0.4	offset	-2.4	4	1362
0.5	0.700000000000001	0.6 -2.4	offset	0.600000000000001	offset	-2.4	4	1412
0.700000000000001	0.9	0.800000000000001 -2.4	offset	0.800000000000001	offset	-2.4	4	1462
0.9	1.1	1 -2.4	offset	1	offset	-2.4	4	1513
1.1	1.3	1.2 -2.4	offset	1.2	offset	-2.4	4	1563
1.3	1.5	1.4 -2.4	offset	1.4	offset	-2.4	4	1613
1.5	1.7	1.6 -2.4	offset	1.6	offset	-2.4	4	1663
1.7	1.9	1.8 -2.4	offset	1.8	offset	-2.4	4	1713
1.9	2.1	2 -2.4	offset	2	offset	-2.4	4	1763
2.1	2.3	2.2 -2.4	offset	2.2	offset	-2.4	4	1813
2.3	2.5	2.4 -2.4	offset	2.4	offset	-2.4	4	1863
2.5	2.7	2.6 -2.4	offset	2.6	offset	-2.4	4	1913
2.7	2.9	2.8 -2.4	offset	2.8	offset	-2.4	4	1963
2.9	3.1	3 -2.4	offset	3	offset	-2.4	4	2013
3.1	3.3	3.2 -2.4	offset	3.2	offset	-2.4	4	2063
3.3	3.5	3.4 -2.4	offset	3.4	offset	-2.4	4	2113
3.5	3.7	3.6 -2.4	offset	3.6	offset	-2.4	4	2163
3.7	3.9	3.8 -2.4	offset	3.8	offset	-2.4	4	2213
3.9	4.1	4 -2.4	offset	4	offset	-2.4	4	2263
4.1	4.3	4.2 -2.4	offset	4.2	offset	-2.4	4	2313
4.3	4.5	4.4 -2.4	offset	4.4	offset	-2.4	4	2363
4.5	4.7	4.6 -2.4	offset	4.6	offset	-2.4	4	2413
4.7	4.9	4.8 -2.4	offset	4.8	offset	-2.4	4	2463
4.9	5.1	5 -2.4	offset	5	offset	-2.4	4	2513
-5.1	-4.9	-5 -2.2	offset	-5	offset	-2.2	4	1211
-4.9	-4.7	-4.8 -2.2	offset	-4.8	offset	-2.2	4	1161
-4.7	-4.5	-4.6 -2.2	offset	-4.6	offset	-2.2	4	1111
-4.5	-4.3	-4.4 -2.2	offset	-4.4	offset	-2.2	4	1061
-4.3	-4.1	-4.2 -2.2	offset	-4.2	offset	-2.2	4	1011
-4.1	-3.9	-4 -2.2	offset	-4	offset	-2.2	4	961
-3.9	-3.7	-3.8 -2.2	offset	-3.8	offset	-2.2	4	911
-3.7	-3.5	-3.6 -2.2	offset	-3.6	offset	-2.2	4	861
-3.5	-3.3	-3.4 -2.2	offset	-3.4	offset	-2.2	4	811
-3.3	-3.1	-3.2 -2.2	offset	-3.2	offset	-2.2	4	761
-3.1	-2.9	-3 -2.2	offset	-3	offset	-2.2	4	711
-2.9	-2.7	-2.8 -2.2	offset	-2.8	offset	-2.2	4	661
-2.7	-2.5	-2.6 -2.2	offset	-2.6	offset	-2.2	4	611
-2.5	-2.3	-2.4 -2.2	offset	-2.4	offset	-2.2	4	561
-2.3	-2.1	1	offset	-2.2	offset	-2.2	4	1501
-2.1	-1.9	-2 -2.2	offset	-2	offset	-2.2	4	460
-1.9	-1.7	-1.8 -2.2	offset	-1.8	offset	-2.2	4	410
-1.7	-1.5	-1.6 -2.2	offset	-1.6	offset	-2.2	4	360
-1.5	-1.3	-1.4 -2.2	offset	-1.4	offset	-2.2	4	310
-1.3	-1.1	-1.2 -2.2	offset	-1.2	offset	-2.2	4	260
-1.1	-0.9	-1 -2.2	offset	-1	offset	-2.2	4	210
-0.9	-0.7	-0.8 -2.2	offset	-0.8	offset	-2.2	4	160
-0.7	-0.5	-0.6 -2.2	offset	-0.6	offset	-2.2	4	110
-0.5	-0.299999999999999	-0.399999999999999 -2.2	offset	-0.399999999999999	offset	-2.2	4	60
-0.299999999999999	-0.0999999999999996	-0.199999999999999 -2.2	offset	-0.199999999999999	offset	-2.2	4	10
-0.0999999999999996	0.1	0 -2.2	offset	0	offset	-2.2	4	1261
0.1	0.3	0.2 -2.2	offset	0.2	offset	-2.2	4	1311
0.3	0.5	0.4 -2.2	offset	0.4	offset	-2.2	4	1361
0.5	0.700000000000001	0.6 -2.2	offset	0.600000000000001	offset	-2.2	4	1411
0.700000000000001	0.9	0.800000000000001 -2.2	offset	0.800000000000001	offset	-2.2	4	1461
0.9	1.1	1 -2.2	offset	1	offset	-2.2	4	1512
1.1	1.3	1.2 -2.2	offset	1.2	offset	-2.2	4	1562
1.3	1.5	1.4 -2.2	offset	1.4	offset	-2.2	4	1612
1.5	1.7	1.6 -2.2	offset	1.6	offset	-2.2	4	1662
1.7	1.9	1.8 -2.2	offset	1.8	offset	-2.2	4	1712
1.9	2.1	2 -2.2	offset	2	offset	-2.2	4	1762
2.1	2.3	2.2 -2.2	offset	2.2	offset	-2.2	4	1812
2.3	2.5	2.4 -2.2	offset	2.4	offset	-2.2	4	1862
2.5	2.7	2.6 -2.2	offset	2.6	offset	-2.2	4	1912
2.7	2.9	2.8 -2.2	offset	2.8	offset	-2.2	4	1962
2.9	3.1	3 -2.2	offset	3	offset	-2.2	4	2012
3.1	3.3	3.2 -2.2	offset	3.2	offset	-2.2	4	2062
3.3	3.5	3.4 -2.2	offset	3.4	offset	-2.2	4	2112
3.5	3.7	3.6 -2.2	offset	3.6	offset	-2.2	4	2162
3.7	3.9	3.8 -2.2	offset	3.8	offset	-2.2	4	2212
3.9	4.1	4 -2.2	offset	4	offset	-2.2	4	2262
4.1	4.3	4.2 -2.2	offset	4.2	offset	-2.2	4	2312
4.3	4.5	4.4 -2.2	offset	4.4	offset	-2.2	4	2362
4.5	4.7	4.6 -2.2	offset	4.6	offset	-2.2	4	2412
4.7	4.9	4.8 -2.2	offset	4.8	offset	-2.2	4	2462
4.9	5.1	5 -2.2	offset	5	offset	-2.2	4	2512
-5.1	-4.9	-5 -2	offset	-5	offset	-2	4	1210
-4.9	-4.7	-4.8 -2	offset	-4.8	offset	-2	4	1160
-4.7	-4.5	-4.6 -2	offset	-4.6	offset	-2	4	1110
-4.5	-4.3	-4.4 -2	offset	-4.4	offset	-2	4	1060
-4.3	-4.1	-4.2 -2	offset	-4.2	offset	-2	4	1010
-4.1	-3.9	-4 -2	offset	-4	offset	-2	4	960
-3.9	-3.7	-3.8 -2	offset	-3.8	offset	-2	4	910
-3.7	-3.5	-3.6 -2	offset	-3.6	offset	-2	4	860
-3.5	-3.3	-3.4 -2	offset	-3.4	offset	-2	4	810
-3.3	-3.1	-3.2 -2	offset	-3.2	offset	-2	4	760
-3.1	-2.9	-3 -2	offset	-3	offset	-2	4	710
-2.9	-2.7	-2.8 -2	offset	-2.8	offset	-2	4	660
-2.7	-2.5	-2.6 -2	offset	-2.6	offset	-2	4	610
-2.5	-2.3	-2.4 -2	offset	-2.4	offset	-2	4	560
-2.3	-2.1	-2.2 -2	offset	-2.2	offset	-2	4	510
-2.1	-1.9	1	offset	-2	offset	-2	4	1501
-1.9	-1.7	-1.8 -2	offset	-1.8	offset	-2	4	409
-1.7	-1.5	-1.6 -2	offset	-1.6	offset	-2	4	359
-1.5	-1.3	-1.4 -2	offset	-1.4	offset	-2	4	309
-1.3	-1.1	-1.2 -2	offset	-1.2	offset	-2	4	259
-1.1	-0.9	-1 -2	offset	-1	offset	-2	4	209
-0.9	-0.7	-0.8 -2	offset	-0.8	offset	-2	4	159
-0.7	-0.5	-0.6 -2	offset	-0.6	offset	-2	4	109
-0.5	-0.299999999999999	-0.399999999999999 -2	offset	-0.399999999999999	offset	-2	4	59
-0.299999999999999	-0.0999999999999996	-0.199999999999999 -2	offset	-0.199999999999999	offset	-2	4	9
-0.0999999999999996	0.1	0 -2	offset	0	offset	-2	4	1260
0.1	0.3	0.2 -2	offset	0.2	offset	-2	4	1310
0.3	0.5	0.4 -2	offset	0.4	offset	-2	4	1360
0.5	0.700000000000001	0.6 -2	offset	0.600000000000001	offset	-2	4	1410
0.700000000000001	0.9	0.800000000000001 -2	offset	0.800000000000001	offset	-2	4	1460
0.9	1.1	1 -2	offset	1	offset	-2	4	1511
1.1	1.3	1.2 -2	offset	1.2	offset	-2	4	1561
1.3	1.5	1.4 -2	offset	1.4	offset	-2	4	1611
1.5	1.7	1.6 -2	offset	1.6	offset	-2	4	1661
1.7	1.9	1.8 -2	offset	1.8	offset	-2	4	1711
1.9	2.1	2 -2	offset	2	offset	-2	4	1761
2.1	2.3	2.2 -2	offset	2.2	offset	-2	4	1811
2.3	2.5	2.4 -2	offset	2.4	offset	-2	4	1861
2.5	2.7	2.6 -2	offset	2.6	offset	-2	4	1911
2.7	2.9	2.8 -2	offset	2.8	offset	-2	4	1961
2.9	3.1	3 -2	offset	3	offset	-2	4	2011
3.1	3.3	3.2 -2	offset	3.2	offset	-2	4	2061
3.3	3.5	3.4 -2	offset	3.4	offset	-2	4	2111
3.5	3.7	3.6 -2	offset	3.6	offset	-2	4	2161
3.7	3.9	3.8 -2	offset	3.8	offset	-2	4	2211
3.9	4.1	4 -2	offset	4	offset	-2	4	2261
4.1	4.3	4.2 -2	offset	4.2	offset	-2	4	2311
4.3	4.5	4.4 -2	offset	4.4	offset	-2	4	2361
4.5	4.7	4.6 -2	offset	4.6	offset	-2	4	2411
4.7	4.9	4.8 -2	offset	4.8	offset	-2	4	2461
4.9	5.1	5 -2	offset	5	offset	-2	4	2511
-5.1	-4.9	-5 -1.8	offset	-5	offset	-1.8	4	1209
-4.9	-4.7	-4.8 -1.8	offset	-4.8	offset	-1.8	4	1159
-4.7	-4.5	-4.6 -1.8	offset	-4.6	offset	-1.8	4	1109
-4.5	-4.3	-4.4 -1.8	offset	-4.4	offset	-1.8	4	1059
-4.3	-4.1	-4.2 -1.8	offset	-4.2	offset	-1.8	4	1009
-4.1	-3.9	-4 -1.8	offset	-4	offset	-1.8	4	959
-3.9	-3.7	-3.8 -1.8	offset	-3.8	offset	-1.8	4	909
-3.7	-3.5	-3.6 -1.8	offset	-3.6	offset	-1.8	4	859
-3.5	-3.3	-3.4 -1.8	offset	-3.4	offset	-1.8	4	809
-3.3	-3.1	-3.2 -1.8	offset	-3.2	offset	-1.8	4	759
-3.1	-2.9	-3 -1.8	offset	-3	offset	-1.8	4	709
-2.9	-2.7	-2.8 -1.8	offset	-2.8	offset	-1.8	4	659
-2.7	-2.5	-2.6 -1.8	offset	-2.6	offset	-1.8	4	609
-2.5	-2.3	-2.4 -1.8	offset	-2.4	offset	-1.8	4	559
-2.3	-2.1	-2.2 -1.8	offset	-2.2	offset	-1.8	4	509
-2.1	-1.9	-2 -1.8	offset	-2	offset	-1.8	4	459
-1.9	-1.7	1	offset	-1.8	offset	-1.8	4	1501
-1.7	-1.5	-1.6 -1.8	offset	-1.6	offset	-1.8	4	358
-1.5	-1.3	-1.4 -1.8	offset	-1.4	offset	-1.8	4	308
-1.3	-1.1	-1.2 -1.8	offset	-1.2	offset	-1.8	4	258
-1.1	-0.9	-1 -1.8	offset	-1	offset	-1.8	4	208
-0.9	-0.7	-0.8 -1.8	offset	-0.8	offset	-1.8	4	158
-0.7	-0.5	-0.6 -1.8	offset	-0.6	offset	-1.8	4	108
-0.5	-0.299999999999999	-0.399999999999999 -1.8	offset	-0.399999999999999	offset	-1.8	4	58
-0.299999999999999	-0.0999999999999996	-0.199999999999999 -1.8	offset	-0.199999999999999	offset	-1.8	4	8
-0.0999999999999996	0.1	0 -1.8	offset	0	offset	-1.8	4	1259
0.1	0.3	0.2 -1.8	offset	0.2	offset	-1.8	4	1309
0.3	0.5	0.4 -1.8	offset	0.4	offset	-1.8	4	1359
0.5	0.700000000000001	0.6 -1.8	offset	0.600000000000001	offset	-1.8	4	1409
0.700000000000001	0.9	0.800000000000001 -1.8	offset	0.800000000000001	offset	-1.8	4	1459
0.9	1.1	1 -1.8	offset	1	offset	-1.8	4	1510
1.1	1.3	1.2 -1.8	offset	1.2	offset	-1.8	4	1560
1.3	1.5	1.4 -1.8	offset	1.4	offset	-1.8	4	1610
1.5	1.7	1.6 -1.8	offset	1.6	offset	-1.8	4	1660
1.7	1.9	1.8 -1.8	offset	1.8	offset	-1.8	4	1710
1.9	2.1	2 -1.8	offset	2	offset	-1.8	4	1760
2.1	2.3	2.2 -1.8	offset	2.2	offset	-1.8	4	1810
2.3	2.5	2.4 -1.8	offset	2.4	offset	-1.8	4	1860
2.5	2.7	2.6 -1.8	offset	2.6	offset	-1.8	4	1910
2.7	2.9	2.8 -1.8	offset	2.8	offset	-1.8	4	1960
2.9	3.1	3 -1.8	offset	3	offset	-1.8	4	2010
3.1	3.3	3.2 -1.8	offset	3.2	offset	-1.8	4	2060
3.3	3.5	3.4 -1.8	offset	3.4	offset	-1.8	4	2110
3.5	3.7	3.6 -1.8	offset	3.6	offset	-1.8	4	2160
3.7	3.9	3.8 -1.8	offset	3.8	offset	-1.8	4	2210
3.9	4.1	4 -1.8	offset	4	offset	-1.8	4	2260
4.1	4.3	4.2 -1.8	offset	4.2	offset	-1.8	4	2310
4.3	4.5	4.4 -1.8	offset	4.4	offset	-1.8	4	2360
4.5	4.7	4.6 -1.8	offset	4.6	offset	-1.8	4	2410
4.7	4.9	4.8 -1.8	offset	4.8	offset	-1.8	4	2460
4.9	5.1	5 -1.8	offset	5	offset	-1.8	4	2510
-5.1	-4.9	-5 -1.6	offset	-5	offset	-1.6	4	1208
-4.9	-4.7	-4.8 -1.6	offset	-4.8	offset	-1.6	4	1158
-4.7	-4.5	-4.6 -1.6	offset	-4.6	offset	-1.6	4	1108
-4.5	-4.3	-4.4 -1.6	offset	-4.4	offset	-1.6	4	1058
-4.3	-4.1	-4.2 -1.6	offset	-4.2	offset	-1.6	4	1008
-4.1	-3.9	-4 -1.6	offset	-4	offset	-1.6	4	958
-3.9	-3.7	-3.8 -1.6	offset	-3.8	offset	-1.6	4	908
-3.7	-3.5	-3.6 -1.6	offset	-3.6	offset	-1.6	4	858
-3.5	-3.3	-3.4 -1.6	offset	-3.4	offset	-1.6	4	808
-3.3	-3.1	-3.2 -1.6	offset	-3.2	offset	-1.6	4	758
-3.1	-2.9	-3 -1.6	offset	-3	offset	-1.6	4	708
-2.9	-2.7	-2.8 -1.6	offset	-2.8	offset	-1.6	4	658
-2.7	-2.5	-2.6 -1.6	offset	-2.6	offset	-1.6	4	608
-2.5	-2.3	-2.4 -1.6	offset	-2.4	offset	-1.6	4	558
-2.3	-2.1	-2.2 -1.6	offset	-2.2	offset	-1.6	4	508
-2.1	-1.9	-2 -1.6	offset	-2	offset	-1.6	4	458
-1.9	-1.7	-1.8 -1.6	offset	-1.8	offset	-1.6	4	408
-1.7	-1.5	1	offset	-1.6	offset	-1.6	4	1501
-1.5	-1.3	-1.4 -1.6	offset	-1.4	offset	-1.6	4	307
-1.3	-1.1	-1.2 -1.6	offset	-1.2	offset	-1.6	4	257
-1.1	-0.9	-1 -1.6	offset	-1	offset	-1.6	4	207
-0.9	-0.7	-0.8 -1.6	offset	-0.8	offset	-1.6	4	157
-0.7	-0.5	-0.6 -1.6	offset	-0.6	offset	-1.6	4	107
-0.5	-0.299999999999999	-0.399999999999999 -1.6	offset	-0.399999999999999	offset	-1.6	4	57
-0.299999999999999	-0.0999999999999996	-0.199999999999999 -1.6	offset	-0.199999999999999	offset	-1.6	4	7
-0.0999999999999996	0.1	0 -1.6	offset	0	offset	-1.6	4	1258
0.1	0.3	0.2 -1.6	offset	0.2	offset	-1.6	4	1308
0.3	0.5	0.4 -1.6	offset	0.4	offset	-1.6	4	1358
0.5	0.700000000000001	0.6 -1.6	offset	0.600000000000001	offset	-1.6	4	1408
0.700000000000001	0.9	0.800000000000001 -1.6	offset	0.800000000000001	offset	-1.6	4	1458
0.9	1.1	1 -1.6	offset	1	offset	-1.6	4	1509
1.1	1.3	1.2 -1.6	offset	1.2	offset	-1.6	4	1559
1.3	1.5	1.4 -1.6	offset	1.4	offset	-1.6	4	1609
1.5	1.7	1.6 -1.6	offset	1.6	offset	-1.6	4	1659
1.7	1.9	1.8 -1.6	offset	1.8	offset	-1.6	4	1709
1.9	2.1	2 -1.6	offset	2	offset	-1.6	4	1759
2.1	2.3	2.2 -1.6	offset	2.2	offset	-1.6	4	1809
2.3	2.5	2.4 -1.6	offset	2.4	offset	-1.6	4	1859
2.5	2.7	2.6 -1.6	offset	2.6	offset	-1.6	4	1909
2.7	2.9	2.8 -1.6	offset	2.8	offset	-1.6	4	1959
2.9	3.1	3 -1.6	offset	3	offset	-1.6	4	2009
3.1	3.3	3.2 -1.6	offset	3.2	offset	-1.6	4	2059
3.3	3.5	3.4 -1.6	offset	3.4	offset	-1.6	4	2109
3.5	3.7	3.6 -1.6	offset	3.6	offset	-1.6	4	2159
3.7	3.9	3.8 -1.6	offset	3.8	offset	-1.6	4	2209
3.9	4.1	4 -1.6	offset	4	offset	-1.6	4	2259
4.1	4.3	4.2 -1.6	offset	4.2	offset	-1.6	4	2309
4.3	4.5	4.4 -1.6	offset	4.4	offset	-1.6	4	2359
4.5	4.7	4.6 -1.6	offset	4.6	offset	-1.6	4	2409
4.7	4.9	4.8 -1.6	offset	4.8	offset	-1.6	4	2459
4.9	5.1	5 -1.6	offset	5	offset	-1.6	4	2509
-5.1	-4.9	-5 -1.4	offset	-5	offset	-1.4	4	1207
-4.9	-4.7	-4.8 -1.4	offset	-4.8	offset	-1.4	4	1157
-4.7	-4.5	-4.6 -1.4	offset	-4.6	offset	-1.4	4	1107
-4.5	-4.3	-4.4 -1.4	offset	-4.4	offset	-1.4	4	1057
-4.3	-4.1	-4.2 -1.4	offset	-4.2	offset	-1.4	4	1007
-4.1	-3.9	-4 -1.4	offset	-4	offset	-1.4	4	957
-3.9	-3.7	-3.8 -1.4	offset	-3.8	offset	-1.4	4	907
-3.7	-3.5	-3.6 -1.4	offset	-3.6	offset	-1.4	4	857
-3.5	-3.3	-3.4 -1.4	offset	-3.4	offset	-1.4	4	807
-3.3	-3.1	-3.2 -1.4	offset	-3.2	offset	-1.4	4	757
-3.1	-2.9	-3 -1.4	offset	-3	offset	-1.4	4	707
-2.9	-2.7	-2.8 -1.4	offset	-2.8	offset	-1.4	4	657
-2.7	-2.5	-2.6 -1.4	offset	-2.6	offset	-1.4	4	607
-2.5	-2.3	-2.4 -1.4	offset	-2.4	offset	-1.4	4	557
-2.3	-2.1	-2.2 -1.4	offset	-2.2	offset	-1.4	4	507
-2.1	-1.9	-2 -1.4	offset	-2	offset	-1.4	4	457
-1.9	-1.7	-1.8 -1.4	offset	-1.8	offset	-1.4	4	407
-1.7	-1.5	-1.6 -1.4	offset	-1.6	offset	-1.4	4	357
-1.5	-1.3	1	offset	-1.4	offset	-1.4	4	1501
-1.3	-1.1	-1.2 -1.4	offset	-1.2	offset	-1.4	4	256
-1.1	-0.9	-1 -1.4	offset	-1	offset	-1.4	4	206
-0.9	-0.7	-0.8 -1.4	offset	-0.8	offset	-1.4	4	156
-0.7	-0.5	-0.6 -1.4	offset	-0.6	offset	-1.4	4	106
-0.5	-0.299999999999999	-0.399999999999999 -1.4	offset	-0.399999999999999	offset	-1.4	4	56
-0.299999999999999	-0.0999999999999996	-0.199999999999999 -1.4	offset	-0.199999999999999	offset	-1.4	4	6
-0.0999999999999996	0.1	0 -1.4	offset	0	offset	-1.4	4	1257
0.1	0.3	0.2 -1.4	offset	0.2	offset	-1.4	4	1307
0.3	0.5	0.4 -1.4	offset	0.4	offset	-1.4	4	1357
0.5	0.700000000000001	0.6 -1.4	offset	0.600000000000001	offset	-1.4	4	1407
0.700000000000001	0.9	0.800000000000001 -1.4	offset	0.800000000000001	offset	-1.4	4	1457
0.9	1.1	1 -1.4	offset	1	offset	-1.4	4	1508
1.1	1.3	1.2 -1.4	offset	1.2	offset	-1.4	4	1558
1.3	1.5	1.4 -1.4	offset	1.4	offset	-1.4	4	1608
1.5	1.7	1.6 -1.4	offset	1.6	offset	-1.4	4	1658
1.7	1.9	1.8 -1.4	offset	1.8	offset	-1.4	4	1708
1.9	2.1	2 -1.4	offset	2	offset	-1.4	4	1758
2.1	2.3	2.2 -1.4	offset	2.2	offset	-1.4	4	1808
2.3	2.5	2.4 -1.4	offset	2.4	offset	-1.4	4	1858
2.5	2.7	2.6 -1.4	offset	2.6	offset	-1.4	4	1908
2.7	2.9	2.8 -1.4	offset	2.8	offset	-1.4	4	1958
2.9	3.1	3 -1.4	offset	3	offset	-1.4	4	2008
3.1	3.3	3.2 -1.4	offset	3.2	offset	-1.4	4	2058
3.3	3.5	3.4 -1.4	offset	3.4	offset	-1.4	4	2108
3.5	3.7	3.6 -1.4	offset	3.6	offset	-1.4	4	2158
3.7	3.9	3.8 -1.4	offset	3.8	offset	-1.4	4	2208
3.9	4.1	4 -1.4	offset	4	offset	-1.4	4	2258
4.1	4.3	4.2 -1.4	offset	4.2	offset	-1.4	4	2308
4.3	4.5	4.4 -1.4	offset	4.4	offset	-1.4	4	2358
4.5	4.7	4.6 -1.4	offset	4.6	offset	-1.4	4	2408
4.7	4.9	4.8 -1.4	offset	4.8	offset	-1.4	4	2458
4.9	5.1	5 -1.4	offset	5	offset	-1.4	4	2508
-5.1	-4.9	-5 -1.2	offset	-5	offset	-1.2	4	1206
-4.9	-4.7	-4.8 -1.2	offset	-4.8	offset	-1.2	4	1156
-4.7	-4.5	-4.6 -1.2	offset	-4.6	offset	-1.2	4	1106
-4.5	-4.3	-4.4 -1.2	offset	-4.4	offset	-1.2	4	1056
-4.3	-4.1	-4.2 -1.2	offset	-4.2	offset	-1.2	4	1006
-4.1	-3.9	-4 -1.2	offset	-4	offset	-1.2	4	956
-3.9	-3.7	-3.8 -1.2	offset	-3.8	offset	-1.2	4	906
-3.7	-3.5	-3.6 -1.2	offset	-3.6	offset	-1.2	4	856
-3.5	-3.3	-3.4 -1.2	offset	-3.4	offset	-1.2	4	806
-3.3	-3.1	-3.2 -1.2	offset	-3.2	offset	-1.2	4	756
-3.1	-2.9	-3 -1.2	offset	-3	offset	-1.2	4	706
-2.9	-2.7	-2.8 -1.2	offset	-2.8	offset	-1.2	4	656
-2.7	-2.5	-2.6 -1.2	offset	-2.6	offset	-1.2	4	606
-2.5	-2.3	-2.4 -1.2	offset	-2.4	offset	-1.2	4	556
-2.3	-2.1	-2.2 -1.2	offset	-2.2	offset	-1.2	4	506
-2.1	-1.9	-2 -1.2	offset	-2	offset	-1.2	4	456
-1.9	-1.7	-1.8 -1.2	offset	-1.8	offset	-1.2	4	406
-1.7	-1.5	-1.6 -1.2	offset	-1.6	offset	-1.2	4	356
-1.5	-1.3	-1.4 -1.2	offset	-1.4	offset	-1.2	4	306
-1.3	-1.1	1	offset	-1.2	offset	-1.2	4	1501
-1.1	-0.9	-1 -1.2	offset	-1	offset	-1.2	4	205
-0.9	-0.7	-0.8 -1.2	offset	-0.8	offset	-1.2	4	155
-0.7	-0.5	-0.6 -1.2	offset	-0.6	offset	-1.2	4	105
-0.5	-0.299999999999999	-0.399999999999999 -1.2	offset	-0.399999999999999	offset	-1.2	4	55
-0.299999999999999	-0.0999999999999996	-0.199999999999999 -1.2	offset	-0.199999999999999	offset	-1.2	4	5
-0.0999999999999996	0.1	0 -1.2	offset	0	offset	-1.2	4	1256
0.1	0.3	0.2 -1.2	offset	0.2	offset	-1.2	4	1306
0.3	0.5	0.4 -1.2	offset	0.4	offset	-1.2	4	1356
0.5	0.700000000000001	0.6 -1.2	offset	0.600000000000001	offset	-1.2	4	1406
0.700000000000001	0.9	0.800000000000001 -1.2	offset	0.800000000000001	offset	-1.2	4	1456
0.9	1.1	1 -1.2	offset	1	offset	-1.2	4	1507
1.1	1.3	1.2 -1.2	offset	1.2	offset	-1.2	4	1557
1.3	1.5	1.4 -1.2	offset	1.4	offset	-1.2	4	1607
1.5	1.7	1.6 -1.2	offset	1.6	offset	-1.2	4	1657
1.7	1.9	1.8 -1.2	offset	1.8	offset	-1.2	4	1707
1.9	2.1	2 -1.2	offset	2	offset	-1.2	4	1757
2.1	2.3	2.2 -1.2	offset	2.2	offset	-1.2	4	1807
2.3	2.5	2.4 -1.2	offset	2.4	offset	-1.2	4	1857
2.5	2.7	2.6 -1.2	offset	2.6	offset	-1.2	4	1907
2.7	2.9	2.8 -1.2	offset	2.8	offset	-1.2	4	1957
2.9	3.1	3 -1.2	offset	3	offset	-1.2	4	2007
3.1	3.3	3.2 -1.2	offset	3.2	offset	-1.2	4	2057
3.3	3.5	3.4 -1.2	offset	3.4	offset	-1.2	4	2107
3.5	3.7	3.6 -1.2	offset	3.6	offset	-1.2	4	2157
3.7	3.9	3.8 -1.2	offset	3.8	offset	-1.2	4	2207
3.9	4.1	4 -1.2	offset	4	offset	-1.2	4	2257
4.1	4.3	4.2 -1.2	offset	4.2	offset	-1.2	4	2307
4.3	4.5	4.4 -1.2	offset	4.4	offset	-1.2	4	2357
4.5	4.7	4.6 -1.2	offset	4.6	offset	-1.2	4	2407
4.7	4.9	4.8 -1.2	offset	4.8	offset	-1.2	4	2457
4.9	5.1	5 -1.2	offset	5	offset	-1.2	4	2507
-5.1	-4.9	-5 -1	offset	-5	offset	-1	4	1205
-4.9	-4.7	-4.8 -1	offset	-4.8	offset	-1	4	1155
-4.7	-4.5	-4.6 -1	offset	-4.6	offset	-1	4	1105
-4.5	-4.3	-4.4 -1	offset	-4.4	offset	-1	4	1055
-4.3	-4.1	-4.2 -1	offset	-4.2	offset	-1	4	1005
-4.1	-3.9	-4 -1	offset	-4	offset	-1	4	955
-3.9	-3.7	-3.8 -1	offset	-3.8	offset	-1	4	905
-3.7	-3.5	-3.6 -1	offset	-3.6	offset	-1	4	855
-3.5	-3.3	-3.4 -1	offset	-3.4	offset	-1	4	805
-3.3	-3.1	-3.2 -1	offset	-3.2	offset	-1	4	755
-3.1	-2.9	-3 -1	offset	-3	offset	-1	4	705
-2.9	-2.7	-2.8 -1	offset	-2.8	offset	-1	4	655
-2.7	-2.5	-2.6 -1	offset	-2.6	offset	-1	4	605
-2.5	-2.3	-2.4 -1	offset	-2.4	offset	-1	4	555
-2.3	-2.1	-2.2 -1	offset	-2.2	offset	-1	4	505
-2.1	-1.9	-2 -1	offset	-2	offset	-1	4	455
-1.9	-1.7	-1.8 -1	offset	-1.8	offset	-1	4	405
-1.7	-1.5	-1.6 -1	offset	-1.6	offset	-1	4	355
-1.5	-1.3	-1.4 -1	offset	-1.4	offset	-1	4	305
-1.3	-1.1	-1.2 -1	offset	-1.2	offset	-1	4	255
-1.1	-0.9	1	offset	-1	offset	-1	4	1501
-0.9	-0.7	-0.8 -1	offset	-0.8	offset	-1	4	154
-0.7	-0.5	-0.6 -1	offset	-0.6	offset	-1	4	104
-0.5	-0.299999999999999	-0.399999999999999 -1	offset	-0.399999999999999	offset	-1	4	54
-0.299999999999999	-0.0999999999999996	-0.199999999999999 -1	offset	-0.199999999999999	offset	-1	4	4
-0.0999999999999996	0.1	0 -1	offset	0	offset	-1	4	1255
0.1	0.3	0.2 -1	offset	0.2	offset	-1	4	1305
0.3	0.5	0.4 -1	offset	0.4	offset	-1	4	1355
0.5	0.700000000000001	0.6 -1	offset	0.600000000000001	offset	-1	4	1405
0.700000000000001	0.9	0.800000000000001 -1	offset	0.800000000000001	offset	-1	4	1455
0.9	1.1	1 -1	offset	1	offset	-1	4	1506
1.1	1.3	1.2 -1	offset	1.2	offset	-1	4	1556
1.3	1.5	1.4 -1	offset	1.4	offset	-1	4	1606
1.5	1.7	1.6 -1	offset	1.6	offset	-1	4	1656
1.7	1.9	1.8 -1	offset	1.8	offset	-1	4	1706
1.9	2.1	2 -1	offset	2	offset	-1	4	1756
2.1	2.3	2.2 -1	offset	2.2	offset	-1	4	1806
2.3	2.5	2.4 -1	offset	2.4	offset	-1	4	1856
2.5	2.7	2.6 -1	offset	2.6	offset	-1	4	1906
2.7	2.9	2.8 -1	offset	2.8	offset	-1	4	1956
2.9	3.1	3 -1	offset	3	offset	-1	4	2006
3.1	3.3	3.2 -1	offset	3.2	offset	-1	4	2056
3.3	3.5	3.4 -1	offset	3.4	offset	-1	4	2106
3.5	3.7	3.6 -1	offset	3.6	offset	-1	4	2156
3.7	3.9	3.8 -1	offset	3.8	offset	-1	4	2206
3.9	4.1	4 -1	offset	4	offset	-1	4	2256
4.1	4.3	4.2 -1	offset	4.2	offset	-1	4	2306
4.3	4.5	4.4 -1	offset	4.4	offset	-1	4	2356
4.5	4.7	4.6 -1	offset	4.6	offset	-1	4	2406
4.7	4.9	4.8 -1	offset	4.8	offset	-1	4	2456
4.9	5.1	5 -1	offset	5	offset	-1	4	2506
-5.1	-4.9	-5 -0.8	offset	-5	offset	-0.8	4	1204
-4.9	-4.7	-4.8 -0.8	offset	-4.8	offset	-0.8	4	1154
-4.7	-4.5	-4.6 -0.8	offset	-4.6	offset	-0.8	4	1104
-4.5	-4.3	-4.4 -0.8	offset	-4.4	offset	-0.8	4	1054
-4.3	-4.1	-4.2 -0.8	offset	-4.2	offset	-0.8	4	1004
-4.1	-3.9	-4 -0.8	offset	-4	offset	-0.8	4	954
-3.9	-3.7	-3.8 -0.8	offset	-3.8	offset	-0.8	4	904
-3.7	-3.5	-3.6 -0.8	offset	-3.6	offset	-0.8	4	854
-3.5	-3.3	-3.4 -0.8	offset	-3.4	offset	-0.8	4	804
-3.3	-3.1	-3.2 -0.8	offset	-3.2	offset	-0.8	4	754
-3.1	-2.9	-3 -0.8	offset	-3	offset	-0.8	4	704
-2.9	-2.7	-2.8 -0.8	offset	-2.8	offset	-0.8	4	654
-2.7	-2.5	-2.6 -0.8	offset	-2.6	offset	-0.8	4	604
-2.5	-2.3	-2.4 -0.8	offset	-2.4	offset	-0.8	4	554
-2.3	-2.1	-2.2 -0.8	offset	-2.2	offset	-0.8	4	504
-2.1	-1.9	-2 -0.8	offset	-2	offset	-0.8	4	454
-1.9	-1.7	-1.8 -0.8	offset	-1.8	offset	-0.8	4	404
-1.7	-1.5	-1.6 -0.8	offset	-1.6	offset	-0.8	4	354
-1.5	-1.3	-1.4 -0.8	offset	-1.4	offset	-0.8	4	304
-1.3	-1.1	-1.2 -0.8	offset	-1.2	offset	-0.8	4	254
-1.1	-0.9	-1 -0.8	offset	-1	offset	-0.8	4	204
-0.9	-0.7	1	offset	-0.8	offset	-0.8	4	1501
-0.7	-0.5	-0.6 -0.8	offset	-0.6	offset	-0.8	4	103
-0.5	-0.299999999999999	-0.399999999999999 -0.8	offset	-0.399999999999999	offset	-0.8	4	53
-0.299999999999999	-0.0999999999999996	-0.199999999999999 -0.8	offset	-0.199999999999999	offset	-0.8	4	3
-0.0999999999999996	0.1	0 -0.8	offset	0	offset	-0.8	4	1254
0.1	0.3	0.2 -0.8	offset	0.2	offset	-0.8	4	1304
0.3	0.5	0.4 -0.8	offset	0.4	offset	-0.8	4	1354
0.5	0.700000000000001	0.6 -0.8	offset	0.600000000000001	offset	-0.8	4	1404
0.700000000000001	0.9	0.800000000000001 -0.8	offset	0.800000000000001	offset	-0.8	4	1454
0.9	1.1	1 -0.8	offset	1	offset	-0.8	4	1505
1.1	1.3	1.2 -0.8	offset	1.2	offset	-0.8	4	1555
1.3	1.5	1.4 -0.8	offset	1.4	offset	-0.8	4	1605
1.5	1.7	1.6 -0.8	offset	1.6	offset	-0.8	4	1655
1.7	1.9	1.8 -0.8	offset	1.8	offset	-0.8	4	1705
1.9	2.1	2 -0.8	offset	2	offset	-0.8	4	1755
2.1	2.3	2.2 -0.8	offset	2.2	offset	-0.8	4	1805
2.3	2.5	2.4 -0.8	offset	2.4	offset	-0.8	4	1855
2.5	2.7	2.6 -0.8	offset	2.6	offset	-0.8	4	1905
2.7	2.9	2.8 -0.8	offset	2.8	offset	-0.8	4	1955
2.9	3.1	3 -0.8	offset	3	offset	-0.8	4	2005
3.1	3.3	3.2 -0.8	offset	3.2	offset	-0.8	4	2055
3.3	3.5	3.4 -0.8	offset	3.4	offset	-0.8	4	2105
3.5	3.7	3.6 -0.8	offset	3.6	offset	-0.8	4	2155
3.7	3.9	3.8 -0.8	offset	3.8	offset	-0.8	4	2205
3.9	4.1	4 -0.8	offset	4	offset	-0.8	4	2255
4.1	4.3	4.2 -0.8	offset	4.2	offset	-0.8	4	2305
4.3	4.5	4.4 -0.8	offset	4.4	offset	-0.8	4	2355
4.5	4.7	4.6 -0.8	offset	4.6	offset	-0.8	4	2405
4.7	4.9	4.8 -0.8	offset	4.8	offset	-0.8	4	2455
4.9	5.1	5 -0.8	offset	5	offset	-0.8	4	2505
-5.1	-4.9	-5 -0.6	offset	-5	offset	-0.6	4	1203
-4.9	-4.7	-4.8 -0.6	offset	-4.8	offset	-0.6	4	1153
-4.7	-4.5	-4.6 -0.6	offset	-4.6	offset	-0.6	4	1103
-4.5	-4.3	-4.4 -0.6	offset	-4.4	offset	-0.6	4	1053
-4.3	-4.1	-4.2 -0.6	offset	-4.2	offset	-0.6	4	1003
-4.1	-3.9	-4 -0.6	offset	-4	offset	-0.6	4	953
-3.9	-3.7	-3.8 -0.6	offset	-3.8	offset	-0.6	4	903
-3.7	-3.5	-3.6 -0.6	offset	-3.6	offset	-0.6	4	853
-3.5	-3.3	-3.4 -0.6	offset	-3.4	offset	-0.6	4	803
-3.3	-3.1	-3.2 -0.6	offset	-3.2	offset	-0.6	4	753
-3.1	-2.9	-3 -0.6	offset	-3	offset	-0.6	4	703
-2.9	-2.7	-2.8 -0.6	offset	-2.8	offset	-0.6	4	653
-2.7	-2.5	-2.6 -0.6	offset	-2.6	offset	-0.6	4	603
-2.5	-2.3	-2.4 -0.6	offset	-2.4	offset	-0.6	4	553
-2.3	-2.1	-2.2 -0.6	offset	-2.2	offset	-0.6	4	503
-2.1	-1.9	-2 -0.6	offset	-2	offset	-0.6	4	453
-1.9	-1.7	-1.8 -0.6	offset	-1.8	offset	-0.6	4	403
-1.7	-1.5	-1.6 -0.6	offset	-1.6	offset	-0.6	4	353
-1.5	-1.3	-1.4 -0.6	offset	-1.4	offset	-0.6	4	303
-1.3	-1.1	-1.2 -0.6	offset	-1.2	offset	-0.6	4	253
-1.1	-0.9	-1 -0.6	offset	-1	offset	-0.6	4	203
-0.9	-0.7	-0.8 -0.6	offset	-0.8	offset	-0.6	4	153
-0.7	-0.5	1	offset	-0.6	offset	-0.6	4	1501
-0.5	-0.299999999999999	-0.399999999999999 -0.6	offset	-0.399999999999999	offset	-0.6	4	52
-0.299999999999999	-0.0999999999999996	-0.199999999999999 -0.6	offset	-0.199999999999999	offset	-0.6	4	2
-0.0999999999999996	0.1	0 -0.6	offset	0	offset	-0.6	4	1253
0.1	0.3	0.2 -0.6	offset	0.2	offset	-0.6	4	1303
0.3	0.5	0.4 -0.6	offset	0.4	offset	-0.6	4	1353
0.5	0.700000000000001	0.6 -0.6	offset	0.600000000000001	offset	-0.6	4	1403
0.700000000000001	0.9	0.800000000000001 -0.6	offset	0.800000000000001	offset	-0.6	4	1453
0.9	1.1	1 -0.6	offset	1	offset	-0.6	4	1504
1.1	1.3	1.2 -0.6	offset	1.2	offset	-0.6	4	1554
1.3	1.5	1.4 -0.6	offset	1.4	offset	-0.6	4	1604
1.5	1.7	1.6 -0.6	offset	1.6	offset	-0.6	4	1654
1.7	1.9	1.8 -0.6	offset	1.8	offset	-0.6	4	1704
1.9	2.1	2 -0.6	offset	2	offset	-0.6	4	1754
2.1	2.3	2.2 -0.6	offset	2.2	offset	-0.6	4	1804
2.3	2.5	2.4 -0.6	offset	2.4	offset	-0.6	4	1854
2.5	2.7	2.6 -0.6	offset	2.6	offset	-0.6	4	1904
2.7	2.9	2.8 -0.6	offset	2.8	offset	-0.6	4	1954
2.9	3.1	3 -0.6	offset	3	offset	-0.6	4	2004
3.1	3.3	3.2 -0.6	offset	3.2	offset	-0.6	4	2054
3.3	3.5	3.4 -0.6	offset	3.4	offset	-0.6	4	2104
3.5	3.7	3.6 -0.6	offset	3.6	offset	-0.6	4	2154
3.7	3.9	3.8 -0.6	offset	3.8	offset	-0.6	4	2204
3.9	4.1	4 -0.6	offset	4	offset	-0.6	4	2254
4.1	4.3	4.2 -0.6	offset	4.2	offset	-0.6	4	2304
4.3	4.5	4.4 -0.6	offset	4.4	offset	-0.6	4	2354
4.5	4.7	4.6 -0.6	offset	4.6	offset	-0.6	4	2404
4.7	4.9	4.8 -0.6	offset	4.8	offset	-0.6	4	2454
4.9	5.1	5 -0.6	offset	5	offset	-0.6	4	2504
-5.1	-4.9	-5 -0.399999999999999	offset	-5	offset	-0.399999999999999	4	1202
-4.9	-4.7	-4.8 -0.399999999999999	offset	-4.8	offset	-0.399999999999999	4	1152
-4.7	-4.5	-4.6 -0.399999999999999	offset	-4.6	offset	-0.399999999999999	4	1102
-4.5	-4.3	-4.4 -0.399999999999999	offset	-4.4	offset	-0.399999999999999	4	1052
-4.3	-4.1	-4.2 -0.399999999999999	offset	-4.2	offset	-0.399999999999999	4	1002
-4.1	-3.9	-4 -0.399999999999999	offset	-4	offset	-0.399999999999999	4	952
-3.9	-3.7	-3.8 -0.399999999999999	offset	-3.8	offset	-0.399999999999999	4	902
-3.7	-3.5	-3.6 -0.399999999999999	offset	-3.6	offset	-0.399999999999999	4	852
-3.5	-3.3	-3.4 -0.399999999999999	offset	-3.4	offset	-0.399999999999999	4	802
-3.3	-3.1	-3.2 -0.399999999999999	offset	-3.2	offset	-0.399999999999999	4	752
-3.1	-2.9	-3 -0.399999999999999	offset	-3	offset	-0.399999999999999	4	702
-2.9	-2.7	-2.8 -0.399999999999999	offset	-2.8	offset	-0.399999999999999	4	652
-2.7	-2.5	-2.6 -0.399999999999999	offset	-2.6	offset	-0.399999999999999	4	602
-2.5	-2.3	-2.4 -0.399999999999999	offset	-2.4	offset	-0.399999999999999	4	552
-2.3	-2.1	-2.2 -0.399999999999999	offset	-2.2	offset	-0.399999999999999	4	502
-2.1	-1.9	-2 -0.399999999999999	offset	-2	offset	-0.399999999999999	4	452
-1.9	-1.7	-1.8 -0.399999999999999	offset	-1.8	offset	-0.399999999999999	4	402
-1.7	-1.5	-1.6 -0.399999999999999	offset	-1.6	offset	-0.399999999999999	4	352
-1.5	-1.3	-1.4 -0.399999999999999	offset	-1.4	offset	-0.399999999999999	4	302
-1.3	-1.1	-1.2 -0.399999999999999	offset	-1.2	offset	-0.399999999999999	4	252
-1.1	-0.9	-1 -0.399999999999999	offset	-1	offset	-0.399999999999999	4	202
-0.9	-0.7	-0.8 -0.399999999999999	offset	-0.8	offset	-0.399999999999999	4	152
-0.7	-0.5	-0.6 -0.399999999999999	offset	-0.6	offset	-0.399999999999999	4	102
-0.5	-0.299999999999999	1	offset	-0.399999999999999	offset	-0.399999999999999	4	1501
-0.299999999999999	-0.0999999999999996	-0.199999999999999 -0.399999999999999	offset	-0.199999999999999	offset	-0.399999999999999	4	1
-0.0999999999999996	0.1	0 -0.399999999999999	offset	0	offset	-0.399999999999999	4	1252
0.1	0.3	0.2 -0.399999999999999	offset	0.2	offset	-0.399999999999999	4	1302
0.3	0.5	0.4 -0.399999999999999	offset	0.4	offset	-0.399999999999999	4	1352
0.5	0.700000000000001	0.6 -0.399999999999999	offset	0.600000000000001	offset	-0.399999999999999	4	1402
0.700000000000001	0.9	0.800000000000001 -0.399999999999999	offset	0.800000000000001	offset	-0.399999999999999	4	1452
0.9	1.1	1 -0.399999999999999	offset	1	offset	-0.399999999999999	4	1503
1.1	1.3	1.2 -0.399999999999999	offset	1.2	offset	-0.399999999999999	4	1553
1.3	1.5	1.4 -0.399999999999999	offset	1.4	offset	-0.399999999999999	4	1603
1.5	1.7	1.6 -0.399999999999999	offset	1.6	offset	-0.399999999999999	4	1653
1.7	1.9	1.8 -0.399999999999999	offset	1.8	offset	-0.399999999999999	4	1703
1.9	2.1	2 -0.399999999999999	offset	2	offset	-0.399999999999999	4	1753
2.1	2.3	2.2 -0.399999999999999	offset	2.2	offset	-0.399999999999999	4	1803
2.3	2.5	2.4 -0.399999999999999	offset	2.4	offset	-0.399999999999999	4	1853
2.5	2.7	2.6 -0.399999999999999	offset	2.6	offset	-0.399999999999999	4	1903
2.7	2.9	2.8 -0.399999999999999	offset	2.8	offset	-0.399999999999999	4	1953
2.9	3.1	3 -0.399999999999999	offset	3	offset	-0.399999999999999	4	2003
3.1	3.3	3.2 -0.399999999999999	offset	3.2	offset	-0.399999999999999	4	2053
3.3	3.5	3.4 -0.399999999999999	offset	3.4	offset	-0.399999999999999	4	2103
3.5	3.7	3.6 -0.399999999999999	offset	3.6	offset	-0.399999999999999	4	2153
3.7	3.9	3.8 -0.399999999999999	offset	3.8	offset	-0.399999999999999	4	2203
3.9	4.1	4 -0.399999999999999	offset	4	offset	-0.399999999999999	4	2253
4.1	4.3	4.2 -0.399999999999999	offset	4.2	offset	-0.399999999999999	4	2303
4.3	4.5	4.4 -0.399999999999999	offset	4.4	offset	-0.399999999999999	4	2353
4.5	4.7	4.6 -0.399999999999999	offset	4.6	offset	-0.399999999999999	4	2403
4.7	4.9	4.8 -0.399999999999999	offset	4.8	offset	-0.399999999999999	4	2453
4.9	5.1	5 -0.399999999999999	offset	5	offset	-0.399999999999999	4	2503
-5.1	-4.9	-5 -0.199999999999999	offset	-5	offset	-0.199999999999999	4	1201
-4.9	-4.7	-4.8 -0.199999999999999	offset	-4.8	offset	-0.199999999999999	4	1151
-4.7	-4.5	-4.6 -0.199999999999999	offset	-4.6	offset	-0.199999999999999	4	1101
-4.5	-4.3	-4.4 -0.199999999999999	offset	-4.4	offset	-0.199999999999999	4	1051
-4.3	-4.1	-4.2 -0.199999999999999	offset	-4.2	offset	-0.199999999999999	4	1001
-4.1	-3.9	-4 -0.199999999999999	offset	-4	offset	-0.199999999999999	4	951
-3.9	-3.7	-3.8 -0.199999999999999	offset	-3.8	offset	-0.199999999999999	4	901
-3.7	-3.5	-3.6 -0.199999999999999	offset	-3.6	offset	-0.199999999999999	4	851
-3.5	-3.3	-3.4 -0.199999999999999	offset	-3.4	offset	-0.199999999999999	4	801
-3.3	-3.1	-3.2 -0.199999999999999	offset	-3.2	offset	-0.199999999999999	4	751
-3.1	-2.9	-3 -0.199999999999999	offset	-3	offset	-0.199999999999999	4	701
-2.9	-2.7	-2.8 -0.199999999999999	offset	-2.8	offset	-0.199999999999999	4	651
-2.7	-2.5	-2.6 -0.199999999999999	offset	-2.6	offset	-0.199999999999999	4	601
-2.5	-2.3	-2.4 -0.199999999999999	offset	-2.4	offset	-0.199999999999999	4	551
-2.3	-2.1	-2.2 -0.199999999999999	offset	-2.2	offset	-0.199999999999999	4	501
-2.1	-1.9	-2 -0.199999999999999	offset	-2	offset	-0.199999999999999	4	451
-1.9	-1.7	-1.8 -0.199999999999999	offset	-1.8	offset	-0.199999999999999	4	401
-1.7	-1.5	-1.6 -0.199999999999999	offset	-1.6	offset	-0.199999999999999	4	351
-1.5	-1.3	-1.4 -0.199999999999999	offset	-1.4	offset	-0.199999999999999	4	301
-1.3	-1.1	-1.2 -0.199999999999999	offset	-1.2	offset	-0.199999999999999	4	251
-1.1	-0.9	-1 -0.199999999999999	offset	-1	offset	-0.199999999999999	4	201
-0.9	-0.7	-0.8 -0.199999999999999	offset	-0.8	offset	-0.199999999999999	4	151
-0.7	-0.5	-0.6 -0.199999999999999	offset	-0.6	offset	-0.199999999999999	4	101
-0.5	-0.299999999999999	-0.399999999999999 -0.199999999999999	offset	-0.399999999999999	offset	-0.199999999999999	4	51
-0.299999999999999	-0.0999999999999996	1	offset	-0.199999999999999	offset	-0.199999999999999	4	1501
-0.0999999999999996	0.1	0 -0.199999999999999	offset	0	offset	-0.199999999999999	4	1251
0.1	0.3	0.2 -0.199999999999999	offset	0.2	offset	-0.199999999999999	4	1301
0.3	0.5	0.4 -0.199999999999999	offset	0.4	offset	-0.199999999999999	4	1351
0.5	0.700000000000001	0.6 -0.199999999999999	offset	0.600000000000001	offset	-0.199999999999999	4	1401
0.700000000000001	0.9	0.800000000000001 -0.199999999999999	offset	0.800000000000001	offset	-0.199999999999999	4	1451
0.9	1.1	1 -0.199999999999999	offset	1	offset	-0.199999999999999	4	1502
1.1	1.3	1.2 -0.199999999999999	offset	1.2	offset	-0.199999999999999	4	1552
1.3	1.5	1.4 -0.199999999999999	offset	1.4	offset	-0.199999999999999	4	1602
1.5	1.7	1.6 -0.199999999999999	offset	1.6	offset	-0.199999999999999	4	1652
1.7	1.9	1.8 -0.199999999999999	offset	1.8	offset	-0.199999999999999	4	1702
1.9	2.1	2 -0.199999999999999	offset	2	offset	-0.199999999999999	4	1752
2.1	2.3	2.2 -0.199999999999999	offset	2.2	offset	-0.199999999999999	4	1802
2.3	2.5	2.4 -0.199999999999999	offset	2.4	offset	-0.199999999999999	4	1852
2.5	2.7	2.6 -0.199999999999999	offset	2.6	offset	-0.199999999999999	4	1902
2.7	2.9	2.8 -0.199999999999999	offset	2.8	offset	-0.199999999999999	4	1952
2.9	3.1	3 -0.199999999999999	offset	3	offset	-0.199999999999999	4	2002
3.1	3.3	3.2 -0.199999999999999	offset	3.2	offset	-0.199999999999999	4	2052
3.3	3.5	3.4 -0.199999999999999	offset	3.4	offset	-0.199999999999999	4	2102
3.5	3.7	3.6 -0.199999999999999	offset	3.6	offset	-0.199999999999999	4	2152
3.7	3.9	3.8 -0.199999999999999	offset	3.8	offset	-0.199999999999999	4	2202
3.9	4.1	4 -0.199999999999999	offset	4	offset	-0.199999999999999	4	2252
4.1	4.3	4.2 -0.199999999999999	offset	4.2	offset	-0.199999999999999	4	2302
4.3	4.5	4.4 -0.199999999999999	offset	4.4	offset	-0.199999999999999	4	2352
4.5	4.7	4.6 -0.199999999999999	offset	4.6	offset	-0.199999999999999	4	2402
4.7	4.9	4.8 -0.199999999999999	offset	4.8	offset	-0.199999999999999	4	2452
4.9	5.1	5 -0.199999999999999	offset	5	offset	-0.199999999999999	4	2502
-5.1	-4.9	-5 0	offset	-5	offset	0	4	1225
-4.9	-4.7	-4.8 0	offset	-4.8	offset	0	4	1175
-4.7	-4.5	-4.6 0	offset	-4.6	offset	0	4	1125
-4.5	-4.3	-4.4 0	offset	-4.4	offset	0	4	1075
-4.3	-4.1	-4.2 0	offset	-4.2	offset	0	4	1025
-4.1	-3.9	-4 0	offset	-4	offset	0	4	975
-3.9	-3.7	-3.8 0	offset	-3.8	offset	0	4	925
-3.7	-3.5	-3.6 0	offset	-3.6	offset	0	4	875
-3.5	-3.3	-3.4 0	offset	-3.4	offset	0	4	825
-3.3	-3.1	-3.2 0	offset	-3.2	offset	0	4	775
-3.1	-2.9	-3 0	offset	-3	offset	0	4	725
-2.9	-2.7	-2.8 0	offset	-2.8	offset	0	4	675
-2.7	-2.5	-2.6 0	offset	-2.6	offset	0	4	625
-2.5	-2.3	-2.4 0	offset	-2.4	offset	0	4	575
-2.3	-2.1	-2.2 0	offset	-2.2	offset	0	4	525
-2.1	-1.9	-2 0	offset	-2	offset	0	4	475
-1.9	-1.7	-1.8 0	offset	-1.8	offset	0	4	425
-1.7	-1.5	-1.6 0	offset	-1.6	offset	0	4	375
-1.5	-1.3	-1.4 0	offset	-1.4	offset	0	4	325
-1.3	-1.1	-1.2 0	offset	-1.2	offset	0	4	275
-1.1	-0.9	-1 0	offset	-1	offset	0	4	225
-0.9	-0.7	-0.8 0	offset	-0.8	offset	0	4	175
-0.7	-0.5	-0.6 0	offset	-0.6	offset	0	4	125
-0.5	-0.299999999999999	-0.399999999999999 0	offset	-0.399999999999999	offset	0	4	75
-0.299999999999999	-0.0999999999999996	-0.199999999999999 0	offset	-0.199999999999999	offset	0	4	25
-0.0999999999999996	0.1	1	offset	0	offset	0	4	1501
0.1	0.3	0.2 0	offset	0.2	offset	0	4	1326
0.3	0.5	0.4 0	offset	0.4	offset	0	4	1376
0.5	0.700000000000001	0.6 0	offset	0.600000000000001	offset	0	4	1426
0.700000000000001	0.9	0.800000000000001 0	offset	0.800000000000001	offset	0	4	1476
0.9	1.1	1 0	offset	1	offset	0	4	1527
1.1	1.3	1.2 0	offset	1.2	offset	0	4	1577
1.3	1.5	1.4 0	offset	1.4	offset	0	4	1627
1.5	1.7	1.6 0	offset	1.6	offset	0	4	1677
1.7	1.9	1.8 0	offset	1.8	offset	0	4	1727
1.9	2.1	2 0	offset	2	offset	0	4	1777
2.1	2.3	2.2 0	offset	2.2	offset	0	4	1827
2.3	2.5	2.4 0	offset	2.4	offset	0	4	1877
2.5	2.7	2.6 0	offset	2.6	offset	0	4	1927
2.7	2.9	2.8 0	offset	2.8	offset	0	4	1977
2.9	3.1	3 0	offset	3	offset	0	4	2027
3.1	3.3	3.2 0	offset	3.2	offset	0	4	2077
3.3	3.5	3.4 0	offset	3.4	offset	0	4	2127
3.5	3.7	3.6 0	offset	3.6	offset	0	4	2177
3.7	3.9	3.8 0	offset	3.8	offset	0	4	2227
3.9	4.1	4 0	offset	4	offset	0	4	2277
4.1	4.3	4.2 0	offset	4.2	offset	0	4	2327
4.3	4.5	4.4 0	offset	4.4	offset	0	4	2377
4.5	4.7	4.6 0	offset	4.6	offset	0	4	2427
4.7	4.9	4.8 0	offset	4.8	offset	0	4	2477
4.9	5.1	5 0	offset	5	offset	0	4	2527
-5.1	-4.9	-5 0.2	offset	-5	offset	0.2	4	1226
-4.9	-4.7	-4.8 0.2	offset	-4.8	offset	0.2	4	1176
-4.7	-4.5	-4.6 0.2	offset	-4.6	offset	0.2	4	1126
-4.5	-4.3	-4.4 0.2	offset	-4.4	offset	0.2	4	1076
-4.3	-4.1	-4.2 0.2	offset	-4.2	offset	0.2	4	1026
-4.1	-3.9	-4 0.2	offset	-4	offset	0.2	4	976
-3.9	-3.7	-3.8 0.2	offset	-3.8	offset	0.2	4	926
-3.7	-3.5	-3.6 0.2	offset	-3.6	offset	0.2	4	876
-3.5	-3.3	-3.4 0.2	offset	-3.4	offset	0.2	4	826
-3.3	-3.1	-3.2 0.2	offset	-3.2	offset	0.2	4	776
-3.1	-2.9	-3 0.2	offset	-3	offset	0.2	4	726
-2.9	-2.7	-2.8 0.2	offset	-2.8	offset	0.2	4	676
-2.7	-2.5	-2.6 0.2	offset	-2.6	offset	0.2	4	626
-2.5	-2.3	-2.4 0.2	offset	-2.4	offset	0.2	4	576
-2.3	-2.1	-2.2 0.2	offset	-2.2	offset	0.2	4	526
-2.1	-1.9	-2 0.2	offset	-2	offset	0.2	4	476
-1.9	-1.7	-1.8 0.2	offset	-1.8	offset	0.2	4	426
-1.7	-1.5	-1.6 0.2	offset	-1.6	offset	0.2	4	376
-1.5	-1.3	-1.4 0.2	offset	-1.4	offset	0.2	4	326
-1.3	-1.1	-1.2 0.2	offset	-1.2	offset	0.2	4	276
-1.1	-0.9	-1 0.2	offset	-1	offset	0.2	4	226
-0.9	-0.7	-0.8 0.2	offset	-0.8	offset	0.2	4	176
-0.7	-0.5	-0.6 0.2	offset	-0.6	offset	0.2	4	126
-0.5	-0.299999999999999	-0.399999999999999 0.2	offset	-0.399999999999999	offset	0.2	4	76
-0.299999999999999	-0.0999999999999996	-0.199999999999999 0.2	offset	-0.199999999999999	offset	0.2	4	26
-0.0999999999999996	0.1	0 0.2	offset	0	offset	0.2	4	1276
0.1	0.3	1	offset	0.2	offset	0.2	4	1501
0.3	0.5	0.4 0.2	offset	0.4	offset	0.2	4	1377
0.5	0.700000000000001	0.6 0.2	offset	0.600000000000001	offset	0.2	4	1427
0.700000000000001	0.9	0.800000000000001 0.2	offset	0.800000000000001	offset	0.2	4	1477
0.9	1.1	1 0.2	offset	1	offset	0.2	4	1528
1.1	1.3	1.2 0.2	offset	1.2	offset	0.2	4	1578
1.3	1.5	1.4 0.2	offset	1.4	offset	0.2	4	1628
1.5	1.7	1.6 0.2	offset	1.6	offset	0.2	4	1678
1.7	1.9	1.8 0.2	offset	1.8	offset	0.2	4	1728
1.9	2.1	2 0.2	offset	2	offset	0.2	4	1778
2.1	2.3	2.2 0.2	offset	2.2	offset	0.2	4	1828
2.3	2.5	2.4 0.2	offset	2.4	offset	0.2	4	1878
2.5	2.7	2.6 0.2	offset	2.6	offset	0.2	4	1928
2.7	2.9	2.8 0.2	offset	2.8	offset	0.2	4	1978
2.9	3.1	3 0.2	offset	3	offset	0.2	4	2028
3.1	3.3	3.2 0.2	offset	3.2	offset	0.2	4	2078
3.3	3.5	3.4 0.2	offset	3.4	offset	0.2	4	2128
3.5	3.7	3.6 0.2	offset	3.6	offset	0.2	4	2178
3.7	3.9	3.8 0.2	offset	3.8	offset	0.2	4	2228
3.9	4.1	4 0.2	offset	4	offset	0.2	4	2278
4.1	4.3	4.2 0.2	offset	4.2	offset	0.2	4	2328
4.3	4.5	4.4 0.2	offset	4.4	offset	0.2	4	2378
4.5	4.7	4.6 0.2	offset	4.6	offset	0.2	4	2428
4.7	4.9	4.8 0.2	offset	4.8	offset	0.2	4	2478
4.9	5.1	5 0.2	offset	5	offset	0.2	4	2528
-5.1	-4.9	-5 0.4	offset	-5	offset	0.4	4	1227
-4.9	-4.7	-4.8 0.4	offset	-4.8	offset	0.4	4	1177
-4.7	-4.5	-4.6 0.4	offset	-4.6	offset	0.4	4	1127
-4.5	-4.3	-4.4 0.4	offset	-4.4	offset	0.4	4	1077
-4.3	-4.1	-4.2 0.4	offset	-4.2	offset	0.4	4	1027
-4.1	-3.9	-4 0.4	offset	-4	offset	0.4	4	977
-3.9	-3.7	-3.8 0.4	offset	-3.8	offset	0.4	4	927
-3.7	-3.5	-3.6 0.4	offset	-3.6	offset	0.4	4	877
-3.5	-3.3	-3.4 0.4	offset	-3.4	offset	0.4	4	827
-3.3	-3.1	-3.2 0.4	offset	-3.2	offset	0.4	4	777
-3.1	-2.9	-3 0.4	offset	-3	offset	0.4	4	727
-2.9	-2.7	-2.8 0.4	offset	-2.8	offset	0.4	4	677
-2.7	-2.5	-2.6 0.4	offset	-2.6	offset	0.4	4	627
-2.5	-2.3	-2.4 0.4	offset	-2.4	offset	0.4	4	577
-2.3	-2.1	-2.2 0.4	offset	-2.2	offset	0.4	4	527
-2.1	-1.9	-2 0.4	offset	-2	offset	0.4	4	477
-1.9	-1.7	-1.8 0.4	offset	-1.8	offset	0.4	4	427
-1.7	-1.5	-1.6 0.4	offset	-1.6	offset	0.4	4	377
-1.5	-1.3	-1.4 0.4	offset	-1.4	offset	0.4	4	327
-1.3	-1.1	-1.2 0.4	offset	-1.2	offset	0.4	4	277
-1.1	-0.9	-1 0.4	offset	-1	offset	0.4	4	227
-0.9	-0.7	-0.8 0.4	offset	-0.8	offset	0.4	4	177
-0.7	-0.5	-0.6 0.4	offset	-0.6	offset	0.4	4	127
-0.5	-0.299999999999999	-0.399999999999999 0.4	offset	-0.399999999999999	offset	0.4	4	77
-0.299999999999999	-0.0999999999999996	-0.199999999999999 0.4	offset	-0.199999999999999	offset	0.4	4	27
-0.0999999999999996	0.1	0 0.4	offset	0	offset	0.4	4	1277
0.1	0.3	0.2 0.4	offset	0.2	offset	0.4	4	1327
0.3	0.5	1	offset	0.4	offset	0.4	4	1501
0.5	0.700000000000001	0.6 0.4	offset	0.600000000000001	offset	0.4	4	1428
0.700000000000001	0.9	0.800000000000001 0.4	offset	0.800000000000001	offset	0.4	4	1478
0.9	1.1	1 0.4	offset	1	offset	0.4	4	1529
1.1	1.3	1.2 0.4	offset	1.2	offset	0.4	4	1579
1.3	1.5	1.4 0.4	offset	1.4	offset	0.4	4	1629
1.5	1.7	1.6 0.4	offset	1.6	offset	0.4	4	1679
1.7	1.9	1.8 0.4	offset	1.8	offset	0.4	4	1729
1.9	2.1	2 0.4	offset	2	offset	0.4	4	1779
2.1	2.3	2.2 0.4	offset	2.2	offset	0.4	4	1829
2.3	2.5	2.4 0.4	offset	2.4	offset	0.4	4	1879
2.5	2.7	2.6 0.4	offset	2.6	offset	0.4	4	1929
2.7	2.9	2.8 0.4	offset	2.8	offset	0.4	4	1979
2.9	3.1	3 0.4	offset	3	offset	0.4	4	2029
3.1	3.3	3.2 0.4	offset	3.2	offset	0.4	4	2079
3.3	3.5	3.4 0.4	offset	3.4	offset	0.4	4	2129
3.5	3.7	3.6 0.4	offset	3.6	offset	0.4	4	2179
3.7	3.9	3.8 0.4	offset	3.8	offset	0.4	4	2229
3.9	4.1	4 0.4	offset	4	offset	0.4	4	2279
4.1	4.3	4.2 0.4	offset	4.2	offset	0.4	4	2329
4.3	4.5	4.4 0.4	offset	4.4	offset	0.4	4	2379
4.5	4.7	4.6 0.4	offset	4.6	offset	0.4	4	2429
4.7	4.9	4.8 0.4	offset	4.8	offset	0.4	4	2479
4.9	5.1	5 0.4	offset	5	offset	0.4	4	2529
-5.1	-4.9	-5 0.6	offset	-5	offset	0.600000000000001	4	1228
-4.9	-4.7	-4.8 0.6	offset	-4.8	offset	0.600000000000001	4	1178
-4.7	-4.5	-4.6 0.6	offset	-4.6	offset	0.600000000000001	4	1128
-4.5	-4.3	-4.4 0.6	offset	-4.4	offset	0.600000000000001	4	1078
-4.3	-4.1	-4.2 0.6	offset	-4.2	offset	0.600000000000001	4	1028
-4.1	-3.9	-4 0.6	offset	-4	offset	0.600000000000001	4	978
-3.9	-3.7	-3.8 0.6	offset	-3.8	offset	0.600000000000001	4	928
-3.7	-3.5	-3.6 0.6	offset	-3.6	offset	0.600000000000001	4	878
-3.5	-3.3	-3.4 0.6	offset	-3.4	offset	0.600000000000001	4	828
-3.3	-3.1	-3.2 0.6	offset	-3.2	offset	0.600000000000001	4	778
-3.1	-2.9	-3 0.6	offset	-3	offset	0.600000000000001	4	728
-2.9	-2.7	-2.8 0.6	offset	-2.8	offset	0.600000000000001	4	678
-2.7	-2.5	-2.6 0.6	offset	-2.6	offset	0.600000000000001	4	628
-2.5	-2.3	-2.4 0.6	offset	-2.4	offset	0.600000000000001	4	578
-2.3	-2.1	-2.2 0.6	offset	-2.2	offset	0.600000000000001	4	528
-2.1	-1.9	-2 0.6	offset	-2	offset	0.600000000000001	4	478
-1.9	-1.7	-1.8 0.6	offset	-1.8	offset	0.600000000000001	4	428
-1.7	-1.5	-1.6 0.6	offset	-1.6	offset	0.600000000000001	4	378
-1.5	-1.3	-1.4 0.6	offset	-1.4	offset	0.600000000000001	4	328
-1.3	-1.1	-1.2 0.6	offset	-1.2	offset	0.600000000000001	4	278
-1.1	-0.9	-1 0.6	offset	-1	offset	0.600000000000001	4	228
-0.9	-0.7	-0.8 0.6	offset	-0.8	offset	0.600000000000001	4	178
-0.7	-0.5	-0.6 0.6	offset	-0.6	offset	0.600000000000001	4	128
-0.5	-0.299999999999999	-0.399999999999999 0.6	offset	-0.399999999999999	offset	0.600000000000001	4	78
-0.299999999999999	-0.0999999999999996	-0.199999999999999 0.6	offset	-0.199999999999999	offset	0.600000000000001	4	28
-0.0999999999999996	0.1	0 0.6	offset	0	offset	0.600000000000001	4	1278
0.1	0.3	0.2 0.6	offset	0.2	offset	0.600000000000001	4	1328
0.3	0.5	0.4 0.6	offset	0.4	offset	0.600000000000001	4	1378
0.5	0.700000000000001	1	offset	0.600000000000001	offset	0.600000000000001	4	1501
0.700000000000001	0.9	0.800000000000001 0.6	offset	0.800000000000001	offset	0.600000000000001	4	1479
0.9	1.1	1 0.6	offset	1	offset	0.600000000000001	4	1530
1.1	1.3	1.2 0.6	offset	1.2	offset	0.600000000000001	4	1580
1.3	1.5	1.4 0.6	offset	1.4	offset	0.600000000000001	4	1630
1.5	1.7	1.6 0.6	offset	1.6	offset	0.600000000000001	4	1680
1.7	1.9	1.8 0.6	offset	1.8	offset	0.600000000000001	4	1730
1.9	2.1	2 0.6	offset	2	offset	0.600000000000001	4	1780
2.1	2.3	2.2 0.6	offset	2.2	offset	0.600000000000001	4	1830
2.3	2.5	2.4 0.6	offset	2.4	offset	0.600000000000001	4	1880
2.5	2.7	2.6 0.6	offset	2.6	offset	0.600000000000001	4	1930
2.7	2.9	2.8 0.6	offset	2.8	offset	0.600000000000001	4	1980
2.9	3.1	3 0.6	offset	3	offset	0.600000000000001	4	2030
3.1	3.3	3.2 0.6	offset	3.2	offset	0.600000000000001	4	2080
3.3	3.5	3.4 0.6	offset	3.4	offset	0.600000000000001	4	2130
3.5	3.7	3.6 0.6	offset	3.6	offset	0.600000000000001	4	2180
3.7	3.9	3.8 0.6	offset	3.8	offset	0.600000000000001	4	2230
3.9	4.1	4 0.6	offset	4	offset	0.600000000000001	4	2280
4.1	4.3	4.2 0.6	offset	4.2	offset	0.600000000000001	4	2330
4.3	4.5	4.4 0.6	offset	4.4	offset	0.600000000000001	4	2380
4.5	4.7	4.6 0.6	offset	4.6	offset	0.600000000000001	4	2430
4.7	4.9	4.8 0.6	offset	4.8	offset	0.600000000000001	4	2480
4.9	5.1	5 0.6	offset	5	offset	0.600000000000001	4	2530
-5.1	-4.9	-5 0.800000000000001	offset	-5	offset	0.800000000000001	4	1229
-4.9	-4.7	-4.8 0.800000000000001	offset	-4.8	offset	0.800000000000001	4	1179
-4.7	-4.5	-4.6 0.800000000000001	offset	-4.6	offset	0.800000000000001	4	1129
-4.5	-4.3	-4.4 0.800000000000001	offset	-4.4	offset	0.800000000000001	4	1079
-4.3	-4.1	-4.2 0.800000000000001	offset	-4.2	offset	0.800000000000001	4	1029
-4.1	-3.9	-4 0.800000000000001	offset	-4	offset	0.800000000000001	4	979
-3.9	-3.7	-3.8 0.800000000000001	offset	-3.8	offset	0.800000000000001	4	929
-3.7	-3.5	-3.6 0.800000000000001	offset	-3.6	offset	0.800000000000001	4	879
-3.5	-3.3	-3.4 0.800000000000001	offset	-3.4	offset	0.800000000000001	4	829
-3.3	-3.1	-3.2 0.800000000000001	offset	-3.2	offset	0.800000000000001	4	779
-3.1	-2.9	-3 0.800000000000001	offset	-3	offset	0.800000000000001	4	729
-2.9	-2.7	-2.8 0.800000000000001	offset	-2.8	offset	0.800000000000001	4	679
-2.7	-2.5	-2.6 0.800000000000001	offset	-2.6	offset	0.800000000000001	4	629
-2.5	-2.3	-2.4 0.800000000000001	offset	-2.4	offset	0.800000000000001	4	579
-2.3	-2.1	-2.2 0.800000000000001	offset	-2.2	offset	0.800000000000001	4	529
-2.1	-1.9	-2 0.800000000000001	offset	-2	offset	0.800000000000001	4	479
-1.9	-1.7	-1.8 0.800000000000001	offset	-1.8	offset	0.800000000000001	4	429
-1.7	-1.5	-1.6 0.800000000000001	offset	-1.6	offset	0.800000000000001	4	379
-1.5	-1.3	-1.4 0.800000000000001	offset	-1.4	offset	0.800000000000001	4	329
-1.3	-1.1	-1.2 0.800000000000001	offset	-1.2	offset	0.800000000000001	4	279
-1.1	-0.9	-1 0.800000000000001	offset	-1	offset	0.800000000000001	4	229
-0.9	-0.7	-0.8 0.800000000000001	offset	-0.8	offset	0.800000000000001	4	179
-0.7	-0.5	-0.6 0.800000000000001	offset	-0.6	offset	0.800000000000001	4	129
-0.5	-0.299999999999999	-0.399999999999999 0.800000000000001	offset	-0.399999999999999	offset	0.800000000000001	4	79
-0.299999999999999	-0.0999999999999996	-0.199999999999999 0.800000000000001	offset	-0.199999999999999	offset	0.800000000000001	4	29
-0.0999999999999996	0.1	0 0.800000000000001	offset	0	offset	0.800000000000001	4	1279
0.1	0.3	0.2 0.800000000000001	offset	0.2	offset	0.800000000000001	4	1329
0.3	0.5	0.4 0.800000000000001	offset	0.4	offset	0.800000000000001	4	1379
0.5	0.700000000000001	0.6 0.800000000000001	offset	0.600000000000001	offset	0.800000000000001	4	1429
0.700000000000001	0.9	1	offset	0.800000000000001	offset	0.800000000000001	4	1501
0.9	1.1	1 0.800000000000001	offset	1	offset	0.800000000000001	4	1531
1.1	1.3	1.2 0.800000000000001	offset	1.2	offset	0.800000000000001	4	1581
1.3	1.5	1.4 0.800000000000001	offset	1.4	offset	0.800000000000001	4	1631
1.5	1.7	1.6 0.800000000000001	offset	1.6	offset	0.800000000000001	4	1681
1.7	1.9	1.8 0.800000000000001	offset	1.8	offset	0.800000000000001	4	1731
1.9	2.1	2 0.800000000000001	offset	2	offset	0.800000000000001	4	1781
2.1	2.3	2.2 0.800000000000001	offset	2.2	offset	0.800000000000001	4	1831
2.3	2.5	2.4 0.800000000000001	offset	2.4	offset	0.800000000000001	4	1881
2.5	2.7	2.6 0.800000000000001	offset	2.6	offset	0.800000000000001	4	1931
2.7	2.9	2.8 0.800000000000001	offset	2.8	offset	0.800000000000001	4	1981
2.9	3.1	3 0.800000000000001	offset	3	offset	0.800000000000001	4	2031
3.1	3.3	3.2 0.800000000000001	offset	3.2	offset	0.800000000000001	4	2081
3.3	3.5	3.4 0.800000000000001	offset	3.4	offset	0.800000000000001	4	2131
3.5	3.7	3.6 0.800000000000001	offset	3.6	offset	0.800000000000001	4	2181
3.7	3.9	3.8 0.800000000000001	offset	3.8	offset	0.800000000000001	4	2231
3.9	4.1	4 0.800000000000001	offset	4	offset	0.800000000000001	4	2281
4.1	4.3	4.2 0.800000000000001	offset	4.2	offset	0.800000000000001	4	2331
4.3	4.5	4.4 0.800000000000001	offset	4.4	offset	0.800000000000001	4	2381
4.5	4.7	4.6 0.800000000000001	offset	4.6	offset	0.800000000000001	4	2431
4.7	4.9	4.8 0.800000000000001	offset	4.8	offset	0.800000000000001	4	2481
4.9	5.1	5 0.800000000000001	offset	5	offset	0.800000000000001	4	2531
-5.1	-4.9	-5 1	offset	-5	offset	1	4	1230
-4.9	-4.7	-4.8 1	offset	-4.8	offset	1	4	1180
-4.7	-4.5	-4.6 1	offset	-4.6	offset	1	4	1130
-4.5	-4.3	-4.4 1	offset	-4.4	offset	1	4	1080
-4.3	-4.1	-4.2 1	offset	-4.2	offset	1	4	1030
-4.1	-3.9	-4 1	offset	-4	offset	1	4	980
-3.9	-3.7	-3.8 1	offset	-3.8	offset	1	4	930
-3.7	-3.5	-3.6 1	offset	-3.6	offset	1	4	880
-3.5	-3.3	-3.4 1	offset	-3.4	offset	1	4	830
-3.3	-3.1	-3.2 1	offset	-3.2	offset	1	4	780
-3.1	-2.9	-3 1	offset	-3	offset	1	4	730
-2.9	-2.7	-2.8 1	offset	-2.8	offset	1	4	680
-2.7	-2.5	-2.6 1	offset	-2.6	offset	1	4	630
-2.5	-2.3	-2.4 1	offset	-2.4	offset	1	4	580
-2.3	-2.1	-2.2 1	offset	-2.2	offset	1	4	530
-2.1	-1.9	-2 1	offset	-2	offset	1	4	480
-1.9	-1.7	-1.8 1	offset	-1.8	offset	1	4	430
-1.7	-1.5	-1.6 1	offset	-1.6	offset	1	4	380
-1.5	-1.3	-1.4 1	offset	-1.4	offset	1	4	330
-1.3	-1.1	-1.2 1	offset	-1.2	offset	1	4	280
-1.1	-0.9	-1 1	offset	-1	offset	1	4	230
-0.9	-0.7	-0.8 1	offset	-0.8	offset	1	4	180
-0.7	-0.5	-0.6 1	offset	-0.6	offset	1	4	130
-0.5	-0.299999999999999	-0.399999999999999 1	offset	-0.399999999999999	offset	1	4	80
-0.299999999999999	-0.0999999999999996	-0.199999999999999 1	offset	-0.199999999999999	offset	1	4	30
-0.0999999999999996	0.1	0 1	offset	0	offset	1	4	1280
0.1	0.3	0.2 1	offset	0.2	offset	1	4	1330
0.3	0.5	0.4 1	offset	0.4	offset	1	4	1380
0.5	0.700000000000001	0.6 1	offset	0.600000000000001	offset	1	4	1430
0.700000000000001	0.9	0.800000000000001 1	offset	0.800000000000001	offset	1	4	1480
0.9	1.1	1	offset	1	offset	1	4	1501
1.1	1.3	1.2 1	offset	1.2	offset	1	4	1582
1.3	1.5	1.4 1	offset	1.4	offset	1	4	1632
1.5	1.7	1.6 1	offset	1.6	offset	1	4	1682
1.7	1.9	1.8 1	offset	1.8	offset	1	4	1732
1.9	2.1	2 1	offset	2	offset	1	4	1782
2.1	2.3	2.2 1	offset	2.2	offset	1	4	1832
2.3	2.5	2.4 1	offset	2.4	offset	1	4	1882
2.5	2.7	2.6 1	offset	2.6	offset	1	4	1932
2.7	2.9	2.8 1	offset	2.8	offset	1	4	1982
2.9	3.1	3 1	offset	3	offset	1	4	2032
3.1	3.3	3.2 1	offset	3.2	offset	1	4	2082
3.3	3.5	3.4 1	offset	3.4	offset	1	4	2132
3.5	3.7	3.6 1	offset	3.6	offset	1	4	2182
3.7	3.9	3.8 1	offset	3.8	offset	1	4	2232
3.9	4.1	4 1	offset	4	offset	1	4	2282
4.1	4.3	4.2 1	offset	4.2	offset	1	4	2332
4.3	4.5	4.4 1	offset	4.4	offset	1	4	2382
4.5	4.7	4.6 1	offset	4.6	offset	1	4	2432
4.7	4.9	4.8 1	offset	4.8	offset	1	4	2482
4.9	5.1	5 1	offset	5	offset	1	4	2532
-5.1	-4.9	-5 1.2	offset	-5	offset	1.2	4	1231
-4.9	-4.7	-4.8 1.2	offset	-4.8	offset	1.2	4	1181
-4.7	-4.5	-4.6 1.2	offset	-4.6	offset	1.2	4	1131
-4.5	-4.3	-4.4 1.2	offset	-4.4	offset	1.2	4	1081
-4.3	-4.1	-4.2 1.2	offset	-4.2	offset	1.2	4	1031
-4.1	-3.9	-4 1.2	offset	-4	offset	1.2	4	981
-3.9	-3.7	-3.8 1.2	offset	-3.8	offset	1.2	4	931
-3.7	-3.5	-3.6 1.2	offset	-3.6	offset	1.2	4	881
-3.5	-3.3	-3.4 1.2	offset	-3.4	offset	1.2	4	831
-3.3	-3.1	-3.2 1.2	offset	-3.2	offset	1.2	4	781
-3.1	-2.9	-3 1.2	offset	-3	offset	1.2	4	731
-2.9	-2.7	-2.8 1.2	offset	-2.8	offset	1.2	4	681
-2.7	-2.5	-2.6 1.2	offset	-2.6	offset	1.2	4	631
-2.5	-2.3	-2.4 1.2	offset	-2.4	offset	1.2	4	581
-2.3	-2.1	-2.2 1.2	offset	-2.2	offset	1.2	4	531
-2.1	-1.9	-2 1.2	offset	-2	offset	1.2	4	481
-1.9	-1.7	-1.8 1.2	offset	-1.8	offset	1.2	4	431
-1.7	-1.5	-1.6 1.2	offset	-1.6	offset	1.2	4	381
-1.5	-1.3	-1.4 1.2	offset	-1.4	offset	1.2	4	331
-1.3	-1.1	-1.2 1.2	offset	-1.2	offset	1.2	4	281
-1.1	-0.9	-1 1.2	offset	-1	offset	1.2	4	231
-0.9	-0.7	-0.8 1.2	offset	-0.8	offset	1.2	4	181
-0.7	-0.5	-0.6 1.2	offset	-0.6	offset	1.2	4	131
-0.5	-0.299999999999999	-0.399999999999999 1.2	offset	-0.399999999999999	offset	1.2	4	81
-0.299999999999999	-0.0999999999999996	-0.199999999999999 1.2	offset	-0.199999999999999	offset	1.2	4	31
-0.0999999999999996	0.1	0 1.2	offset	0	offset	1.2	4	1281
0.1	0.3	0.2 1.2	offset	0.2	offset	1.2	4	1331
0.3	0.5	0.4 1.2	offset	0.4	offset	1.2	4	1381
0.5	0.700000000000001	0.6 1.2	offset	0.600000000000001	offset	1.2	4	1431
0.700000000000001	0.9	0.800000000000001 1.2	offset	0.800000000000001	offset	1.2	4	1481
0.9	1.1	1 1.2	offset	1	offset	1.2	4	1532
1.1	1.3	1	offset	1.2	offset	1.2	4	1501
1.3	1.5	1.4 1.2	offset	1.4	offset	1.2	4	1633
1.5	1.7	1.6 1.2	offset	1.6	offset	1.2	4	1683
1.7	1.9	1.8 1.2	offset	1.8	offset	1.2	4	1733
1.9	2.1	2 1.2	offset	2	offset	1.2	4	1783
2.1	2.3	2.2 1.2	offset	2.2	offset	1.2	4	1833
2.3	2.5	2.4 1.2	offset	2.4	offset	1.2	4	1883
2.5	2.7	2.6 1.2	offset	2.6	offset	1.2	4	1933
2.7	2.9	2.8 1.2	offset	2.8	offset	1.2	4	1983
2.9	3.1	3 1.2	offset	3	offset	1.2	4	2033
3.1	3.3	3.2 1.2	offset	3.2	offset	1.2	4	2083
3.3	3.5	3.4 1.2	offset	3.4	offset	1.2	4	2133
3.5	3.7	3.6 1.2	offset	3.6	offset	1.2	4	2183
3.7	3.9	3.8 1.2	offset	3.8	offset	1.2	4	2233
3.9	4.1	4 1.2	offset	4	offset	1.2	4	2283
4.1	4.3	4.2 1.2	offset	4.2	offset	1.2	4	2333
4.3	4.5	4.4 1.2	offset	4.4	offset	1.2	4	2383
4.5	4.7	4.6 1.2	offset	4.6	offset	1.2	4	2433
4.7	4.9	4.8 1.2	offset	4.8	offset	1.2	4	2483
4.9	5.1	5 1.2	offset	5	offset	1.2	4	2533
-5.1	-4.9	-5 1.4	offset	-5	offset	1.4	4	1232
-4.9	-4.7	-4.8 1.4	offset	-4.8	offset	1.4	4	1182
-4.7	-4.5	-4.6 1.4	offset	-4.6	offset	1.4	4	1132
-4.5	-4.3	-4.4 1.4	offset	-4.4	offset	1.4	4	1082
-4.3	-4.1	-4.2 1.4	offset	-4.2	offset	1.4	4	1032
-4.1	-3.9	-4 1.4	offset	-4	offset	1.4	4	982
-3.9	-3.7	-3.8 1.4	offset	-3.8	offset	1.4	4	932
-3.7	-3.5	-3.6 1.4	offset	-3.6	offset	1.4	4	882
-3.5	-3.3	-3.4 1.4	offset	-3.4	offset	1.4	4	832
-3.3	-3.1	-3.2 1.4	offset	-3.2	offset	1.4	4	782
-3.1	-2.9	-3 1.4	offset	-3	offset	1.4	4	732
-2.9	-2.7	-2.8 1.4	offset	-2.8	offset	1.4	4	682
-2.7	-2.5	-2.6 1.4	offset	-2.6	offset	1.4	4	632
-2.5	-2.3	-2.4 1.4	offset	-2.4	offset	1.4	4	582
-2.3	-2.1	-2.2 1.4	offset	-2.2	offset	1.4	4	532
-2.1	-1.9	-2 1.4	offset	-2	offset	1.4	4	482
-1.9	-1.7	-1.8 1.4	offset	-1.8	offset	1.4	4	432
-1.7	-1.5	-1.6 1.4	offset	-1.6	offset	1.4	4	382
-1.5	-1.3	-1.4 1.4	offset	-1.4	offset	1.4	4	332
-1.3	-1.1	-1.2 1.4	offset	-1.2	offset	1.4	4	282
-1.1	-0.9	-1 1.4	offset	-1	offset	1.4	4	232
-0.9	-0.7	-0.8 1.4	offset	-0.8	offset	1.4	4	182
-0.7	-0.5	-0.6 1.4	offset	-0.6	offset	1.4	4	132
-0.5	-0.299999999999999	-0.399999999999999 1.4	offset	-0.399999999999999	offset	1.4	4	82
-0.299999999999999	-0.0999999999999996	-0.199999999999999 1.4	offset	-0.199999999999999	offset	1.4	4	32
-0.0999999999999996	0.1	0 1.4	offset	0	offset	1.4	4	1282
0.1	0.3	0.2 1.4	offset	0.2	offset	1.4	4	1332
0.3	0.5	0.4 1.4	offset	0.4	offset	1.4	4	1382
0.5	0.700000000000001	0.6 1.4	offset	0.600000000000001	offset	1.4	4	1432
0.700000000000001	0.9	0.800000000000001 1.4	offset	0.800000000000001	offset	1.4	4	1482
0.9	1.1	1 1.4	offset	1	offset	1.4	4	1533
1.1	1.3	1.2 1.4	offset	1.2	offset	1.4	4	1583
1.3	1.5	1	offset	1.4	offset	1.4	4	1501
1.5	1.7	1.6 1.4	offset	1.6	offset	1.4	4	1684
1.7	1.9	1.8 1.4	offset	1.8	offset	1.4	4	1734
1.9	2.1	2 1.4	offset	2	offset	1.4	4	1784
2.1	2.3	2.2 1.4	offset	2.2	offset	1.4	4	1834
2.3	2.5	2.4 1.4	offset	2.4	offset	1.4	4	1884
2.5	2.7	2.6 1.4	offset	2.6	offset	1.4	4	1934
2.7	2.9	2.8 1.4	offset	2.8	offset	1.4	4	1984
2.9	3.1	3 1.4	offset	3	offset	1.4	4	2034
3.1	3.3	3.2 1.4	offset	3.2	offset	1.4	4	2084
3.3	3.5	3.4 1.4	offset	3.4	offset	1.4	4	2134
3.5	3.7	3.6 1.4	offset	3.6	offset	1.4	4	2184
3.7	3.9	3.8 1.4	offset	3.8	offset	1.4	4	2234
3.9	4.1	4 1.4	offset	4	offset	1.4	4	2284
4.1	4.3	4.2 1.4	offset	4.2	offset	1.4	4	2334
4.3	4.5	4.4 1.4	offset	4.4	offset	1.4	4	2384
4.5	4.7	4.6 1.4	offset	4.6	offset	1.4	4	2434
4.7	4.9	4.8 1.4	offset	4.8	offset	1.4	4	2484
4.9	5.1	5 1.4	offset	5	offset	1.4	4	2534
-5.1	-4.9	-5 1.6	offset	-5	offset	1.6	4	1233
-4.9	-4.7	-4.8 1.6	offset	-4.8	offset	1.6	4	1183
-4.7	-4.5	-4.6 1.6	offset	-4.6	offset	1.6	4	1133
-4.5	-4.3	-4.4 1.6	offset	-4.4	offset	1.6	4	1083
-4.3	-4.1	-4.2 1.6	offset	-4.2	offset	1.6	4	1033
-4.1	-3.9	-4 1.6	offset	-4	offset	1.6	4	983
-3.9	-3.7	-3.8 1.6	offset	-3.8	offset	1.6	4	933
-3.7	-3.5	-3.6 1.6	offset	-3.6	offset	1.6	4	883
-3.5	-3.3	-3.4 1.6	offset	-3.4	offset	1.6	4	833
-3.3	-3.1	-3.2 1.6	offset	-3.2	offset	1.6	4	783
-3.1	-2.9	-3 1.6	offset	-3	offset	1.6	4	733
-2.9	-2.7	-2.8 1.6	offset	-2.8	offset	1.6	4	683
-2.7	-2.5	-2.6 1.6	offset	-2.6	offset	1.6	4	633
-2.5	-2.3	-2.4 1.6	offset	-2.4	offset	1.6	4	583
-2.3	-2.1	-2.2 1.6	offset	-2.2	offset	1.6	4	533
-2.1	-1.9	-2 1.6	offset	-2	offset	1.6	4	483
-1.9	-1.7	-1.8 1.6	offset	-1.8	offset	1.6	4	433
-1.7	-1.5	-1.6 1.6	offset	-1.6	offset	1.6	4	383
-1.5	-1.3	-1.4 1.6	offset	-1.4	offset	1.6	4	333
-1.3	-1.1	-1.2 1.6	offset	-1.2	offset	1.6	4	283
-1.1	-0.9	-1 1.6	offset	-1	offset	1.6	4	233
-0.9	-0.7	-0.8 1.6	offset	-0.8	offset	1.6	4	183
-0.7	-0.5	-0.6 1.6	offset	-0.6	offset	1.6	4	133
-0.5	-0.299999999999999	-0.399999999999999 1.6	offset	-0.399999999999999	offset	1.6	4	83
-0.299999999999999	-0.0999999999999996	-0.199999999999999 1.6	offset	-0.199999999999999	offset	1.6	4	33
-0.0999999999999996	0.1	0 1.6	offset	0	offset	1.6	4	1283
0.1	0.3	0.2 1.6	offset	0.2	offset	1.6	4	1333
0.3	0.5	0.4 1.6	offset	0.4	offset	1.6	4	1383
0.5	0.700000000000001	0.6 1.6	offset	0.600000000000001	offset	1.6	4	1433
0.700000000000001	0.9	0.800000000000001 1.6	offset	0.800000000000001	offset	1.6	4	1483
0.9	1.1	1 1.6	offset	1	offset	1.6	4	1534
1.1	1.3	1.2 1.6	offset	1.2	offset	1.6	4	1584
1.3	1.5	1.4 1.6	offset	1.4	offset	1.6	4	1634
1.5	1.7	1	offset	1.6	offset	1.6	4	1501
1.7	1.9	1.8 1.6	offset	1.8	offset	1.6	4	1735
1.9	2.1	2 1.6	offset	2	offset	1.6	4	1785
2.1	2.3	2.2 1.6	offset	2.2	offset	1.6	4	1835
2.3	2.5	2.4 1.6	offset	2.4	offset	1.6	4	1885
2.5	2.7	2.6 1.6	offset	2.6	offset	1.6	4	1935
2.7	2.9	2.8 1.6	offset	2.8	offset	1.6	4	1985
2.9	3.1	3 1.6	offset	3	offset	1.6	4	2035
3.1	3.3	3.2 1.6	offset	3.2	offset	1.6	4	2085
3.3	3.5	3.4 1.6	offset	3.4	offset	1.6	4	2135
3.5	3.7	3.6 1.6	offset	3.6	offset	1.6	4	2185
3.7	3.9	3.8 1.6	offset	3.8	offset	1.6	4	2235
3.9	4.1	4 1.6	offset	4	offset	1.6	4	2285
4.1	4.3	4.2 1.6	offset	4.2	offset	1.6	4	2335
4.3	4.5	4.4 1.6	offset	4.4	offset	1.6	4	2385
4.5	4.7	4.6 1.6	offset	4.6	offset	1.6	4	2435
4.7	4.9	4.8 1.6	offset	4.8	offset	1.6	4	2485
4.9	5.1	5 1.6	offset	5	offset	1.6	4	2535
-5.1	-4.9	-5 1.8	offset	-5	offset	1.8	4	1234
-4.9	-4.7	-4.8 1.8	offset	-4.8	offset	1.8	4	1184
-4.7	-4.5	-4.6 1.8	offset	-4.6	offset	1.8	4	1134
-4.5	-4.3	-4.4 1.8	offset	-4.4	offset	1.8	4	1084
-4.3	-4.1	-4.2 1.8	offset	-4.2	offset	1.8	4	1034
-4.1	-3.9	-4 1.8	offset	-4	offset	1.8	4	984
-3.9	-3.7	-3.8 1.8	offset	-3.8	offset	1.8	4	934
-3.7	-3.5	-3.6 1.8	offset	-3.6	offset	1.8	4	884
-3.5	-3.3	-3.4 1.8	offset	-3.4	offset	1.8	4	834
-3.3	-3.1	-3.2 1.8	offset	-3.2	offset	1.8	4	784
-3.1	-2.9	-3 1.8	offset	-3	offset	1.8	4	734
-2.9	-2.7	-2.8 1.8	offset	-2.8	offset	1.8	4	684
-2.7	-2.5	-2.6 1.8	offset	-2.6	offset	1.8	4	634
-2.5	-2.3	-2.4 1.8	offset	-2.4	offset	1.8	4	584
-2.3	-2.1	-2.2 1.8	offset	-2.2	offset	1.8	4	534
-2.1	-1.9	-2 1.8	offset	-2	offset	1.8	4	484
-1.9	-1.7	-1.8 1.8	offset	-1.8	offset	1.8	4	434
-1.7	-1.5	-1.6 1.8	offset	-1.6	offset	1.8	4	384
-1.5	-1.3	-1.4 1.8	offset	-1.4	offset	1.8	4	334
-1.3	-1.1	-1.2 1.8	offset	-1.2	offset	1.8	4	284
-1.1	-0.9	-1 1.8	offset	-1	offset	1.8	4	234
-0.9	-0.7	-0.8 1.8	offset	-0.8	offset	1.8	4	184
-0.7	-0.5	-0.6 1.8	offset	-0.6	offset	1.8	4	134
-0.5	-0.299999999999999	-0.399999999999999 1.8	offset	-0.399999999999999	offset	1.8	4	84
-0.299999999999999	-0.0999999999999996	-0.199999999999999 1.8	offset	-0.199999999999999	offset	1.8	4	34
-0.0999999999999996	0.1	0 1.8	offset	0	offset	1.8	4	1284
0.1	0.3	0.2 1.8	offset	0.2	offset	1.8	4	1334
0.3	0.5	0.4 1.8	offset	0.4	offset	1.8	4	1384
0.5	0.700000000000001	0.6 1.8	offset	0.600000000000001	offset	1.8	4	1434
0.700000000000001	0.9	0.800000000000001 1.8	offset	0.800000000000001	offset	1.8	4	1484
0.9	1.1	1 1.8	offset	1	offset	1.8	4	1535
1.1	1.3	1.2 1.8	offset	1.2	offset	1.8	4	1585
1.3	1.5	1.4 1.8	offset	1.4	offset	1.8	4	1635
1.5	1.7	1.6 1.8	offset	1.6	offset	1.8	4	1685
1.7	1.9	1	offset	1.8	offset	1.8	4	1501
1.9	2.1	2 1.8	offset	2	offset	1.8	4	1786
2.1	2.3	2.2 1.8	offset	2.2	offset	1.8	4	1836
2.3	2.5	2.4 1.8	offset	2.4	offset	1.8	4	1886
2.5	2.7	2.6 1.8	offset	2.6	offset	1.8	4	1936
2.7	2.9	2.8 1.8	offset	2.8	offset	1.8	4	1986
2.9	3.1	3 1.8	offset	3	offset	1.8	4	2036
3.1	3.3	3.2 1.8	offset	3.2	offset	1.8	4	2086
3.3	3.5	3.4 1.8	offset	3.4	offset	1.8	4	2136
3.5	3.7	3.6 1.8	offset	3.6	offset	1.8	4	2186
3.7	3.9	3.8 1.8	offset	3.8	offset	1.8	4	2236
3.9	4.1	4 1.8	offset	4	offset	1.8	4	2286
4.1	4.3	4.2 1.8	offset	4.2	offset	1.8	4	2336
4.3	4.5	4.4 1.8	offset	4.4	offset	1.8	4	2386
4.5	4.7	4.6 1.8	offset	4.6	offset	1.8	4	2436
4.7	4.9	4.8 1.8	offset	4.8	offset	1.8	4	2486
4.9	5.1	5 1.8	offset	5	offset	1.8	4	2536
-5.1	-4.9	-5 2	offset	-5	offset	2	4	1235
-4.9	-4.7	-4.8 2	offset	-4.8	offset	2	4	1185
-4.7	-4.5	-4.6 2	offset	-4.6	offset	2	4	1135
-4.5	-4.3	-4.4 2	offset	-4.4	offset	2	4	1085
-4.3	-4.1	-4.2 2	offset	-4.2	offset	2	4	1035
-4.1	-3.9	-4 2	offset	-4	offset	2	4	985
-3.9	-3.7	-3.8 2	offset	-3.8	offset	2	4	935
-3.7	-3.5	-3.6 2	offset	-3.6	offset	2	4	885
-3.5	-3.3	-3.4 2	offset	-3.4	offset	2	4	835
-3.3	-3.1	-3.2 2	offset	-3.2	offset	2	4	785
-3.1	-2.9	-3 2	offset	-3	offset	2	4	735
-2.9	-2.7	-2.8 2	offset	-2.8	offset	2	4	685
-2.7	-2.5	-2.6 2	offset	-2.6	offset	2	4	635
-2.5	-2.3	-2.4 2	offset	-2.4	offset	2	4	585
-2.3	-2.1	-2.2 2	offset	-2.2	offset	2	4	535
-2.1	-1.9	-2 2	offset	-2	offset	2	4	485
-1.9	-1.7	-1.8 2	offset	-1.8	offset	2	4	435
-1.7	-1.5	-1.6 2	offset	-1.6	offset	2	4	385
-1.5	-1.3	-1.4 2	offset	-1.4	offset	2	4	335
-1.3	-1.1	-1.2 2	offset	-1.2	offset	2	4	285
-1.1	-0.9	-1 2	offset	-1	offset	2	4	235
-0.9	-0.7	-0.8 2	offset	-0.8	offset	2	4	185
-0.7	-0.5	-0.6 2	offset	-0.6	offset	2	4	135
-0.5	-0.299999999999999	-0.399999999999999 2	offset	-0.399999999999999	offset	2	4	85
-0.299999999999999	-0.0999999999999996	-0.199999999999999 2	offset	-0.199999999999999	offset	2	4	35
-0.0999999999999996	0.1	0 2	offset	0	offset	2	4	1285
0.1	0.3	0.2 2	offset	0.2	offset	2	4	1335
0.3	0.5	0.4 2	offset	0.4	offset	2	4	1385
0.5	0.700000000000001	0.6 2	offset	0.600000000000001	offset	2	4	1435
0.700000000000001	0.9	0.800000000000001 2	offset	0.800000000000001	offset	2	4	1485
0.9	1.1	1 2	offset	1	offset	2	4	1536
1.1	1.3	1.2 2	offset	1.2	offset	2	4	1586
1.3	1.5	1.4 2	offset	1.4	offset	2	4	1636
1.5	1.7	1.6 2	offset	1.6	offset	2	4	1686
1.7	1.9	1.8 2	offset	1.8	offset	2	4	1736
1.9	2.1	1	offset	2	offset	2	4	1501
2.1	2.3	2.2 2	offset	2.2	offset	2	4	1837
2.3	2.5	2.4 2	offset	2.4	offset	2	4	1887
2.5	2.7	2.6 2	offset	2.6	offset	2	4	1937
2.7	2.9	2.8 2	offset	2.8	offset	2	4	1987
2.9	3.1	3 2	offset	3	offset	2	4	2037
3.1	3.3	3.2 2	offset	3.2	offset	2	4	2087
3.3	3.5	3.4 2	offset	3.4	offset	2	4	2137
3.5	3.7	3.6 2	offset	3.6	offset	2	4	2187
3.7	3.9	3.8 2	offset	3.8	offset	2	4	2237
3.9	4.1	4 2	offset	4	offset	2	4	2287
4.1	4.3	4.2 2	offset	4.2	offset	2	4	2337
4.3	4.5	4.4 2	offset	4.4	offset	2	4	2387
4.5	4.7	4.6 2	offset	4.6	offset	2	4	2437
4.7	4.9	4.8 2	offset	4.8	offset	2	4	2487
4.9	5.1	5 2	offset	5	offset	2	4	2537
-5.1	-4.9	-5 2.2	offset	-5	offset	2.2	4	1236
-4.9	-4.7	-4.8 2.2	offset	-4.8	offset	2.2	4	1186
-4.7	-4.5	-4.6 2.2	offset	-4.6	offset	2.2	4	1136
-4.5	-4.3	-4.4 2.2	offset	-4.4	offset	2.2	4	1086
-4.3	-4.1	-4.2 2.2	offset	-4.2	offset	2.2	4	1036
-4.1	-3.9	-4 2.2	offset	-4	offset	2.2	4	986
-3.9	-3.7	-3.8 2.2	offset	-3.8	offset	2.2	4	936
-3.7	-3.5	-3.6 2.2	offset	-3.6	offset	2.2	4	886
-3.5	-3.3	-3.4 2.2	offset	-3.4	offset	2.2	4	836
-3.3	-3.1	-3.2 2.2	offset	-3.2	offset	2.2	4	786
-3.1	-2.9	-3 2.2	offset	-3	offset	2.2	4	736
-2.9	-2.7	-2.8 2.2	offset	-2.8	offset	2.2	4	686
-2.7	-2.5	-2.6 2.2	offset	-2.6	offset	2.2	4	636
-2.5	-2.3	-2.4 2.2	offset	-2.4	offset	2.2	4	586
-2.3	-2.1	-2.2 2.2	offset	-2.2	offset	2.2	4	536
-2.1	-1.9	-2 2.2	offset	-2	offset	2.2	4	486
-1.9	-1.7	-1.8 2.2	offset	-1.8	offset	2.2	4	436
-1.7	-1.5	-1.6 2.2	offset	-1.6	offset	2.2	4	386
-1.5	-1.3	-1.4 2.2	offset	-1.4	offset	2.2	4	336
-1.3	-1.1	-1.2 2.2	offset	-1.2	offset	2.2	4	286
-1.1	-0.9	-1 2.2	offset	-1	offset	2.2	4	236
-0.9	-0.7	-0.8 2.2	offset	-0.8	offset	2.2	4	186
-0.7	-0.5	-0.6 2.2	offset	-0.6	offset	2.2	4	136
-0.5	-0.299999999999999	-0.399999999999999 2.2	offset	-0.399999999999999	offset	2.2	4	86
-0.299999999999999	-0.0999999999999996	-0.199999999999999 2.2	offset	-0.199999999999999	offset	2.2	4	36
-0.0999999999999996	0.1	0 2.2	offset	0	offset	2.2	4	1286
0.1	0.3	0.2 2.2	offset	0.2	offset	2.2	4	1336
0.3	0.5	0.4 2.2	offset	0.4	offset	2.2	4	1386
0.5	0.700000000000001	0.6 2.2	offset	0.600000000000001	offset	2.2	4	1436
0.700000000000001	0.9	0.800000000000001 2.2	offset	0.800000000000001	offset	2.2	4	1486
0.9	1.1	1 2.2	offset	1	offset	2.2	4	1537
1.1	1.3	1.2 2.2	offset	1.2	offset	2.2	4	1587
1.3	1.5	1.4 2.2	offset	1.4	offset	2.2	4	1637
1.5	1.7	1.6 2.2	offset	1.6	offset	2.2	4	1687
1.7	1.9	1.8 2.2	offset	1.8	offset	2.2	4	1737
1.9	2.1	2 2.2	offset	2	offset	2.2	4	1787
2.1	2.3	1	offset	2.2	offset	2.2	4	1501
2.3	2.5	2.4 2.2	offset	2.4	offset	2.2	4	1888
2.5	2.7	2.6 2.2	offset	2.6	offset	2.2	4	1938
2.7	2.9	2.8 2.2	offset	2.8	offset	2.2	4	1988
2.9	3.1	3 2.2	offset	3	offset	2.2	4	2038
3.1	3.3	3.2 2.2	offset	3.2	offset	2.2	4	2088
3.3	3.5	3.4 2.2	offset	3.4	offset	2.2	4	2138
3.5	3.7	3.6 2.2	offset	3.6	offset	2.2	4	2188
3.7	3.9	3.8 2.2	offset	3.8	offset	2.2	4	2238
3.9	4.1	4 2.2	offset	4	offset	2.2	4	2288
4.1	4.3	4.2 2.2	offset	4.2	offset	2.2	4	2338
4.3	4.5	4.4 2.2	offset	4.4	offset	2.2	4	2388
4.5	4.7	4.6 2.2	offset	4.6	offset	2.2	4	2438
4.7	4.9	4.8 2.2	offset	4.8	offset	2.2	4	2488
4.9	5.1	5 2.2	offset	5	offset	2.2	4	2538
-5.1	-4.9	-5 2.4	offset	-5	offset	2.4	4	1237
-4.9	-4.7	-4.8 2.4	offset	-4.8	offset	2.4	4	1187
-4.7	-4.5	-4.6 2.4	offset	-4.6	offset	2.4	4	1137
-4.5	-4.3	-4.4 2.4	offset	-4.4	offset	2.4	4	1087
-4.3	-4.1	-4.2 2.4	offset	-4.2	offset	2.4	4	1037
-4.1	-3.9	-4 2.4	offset	-4	offset	2.4	4	987
-3.9	-3.7	-3.8 2.4	offset	-3.8	offset	2.4	4	937
-3.7	-3.5	-3.6 2.4	offset	-3.6	offset	2.4	4	887
-3.5	-3.3	-3.4 2.4	offset	-3.4	offset	2.4	4	837
-3.3	-3.1	-3.2 2.4	offset	-3.2	offset	2.4	4	787
-3.1	-2.9	-3 2.4	offset	-3	offset	2.4	4	737
-2.9	-2.7	-2.8 2.4	offset	-2.8	offset	2.4	4	687
-2.7	-2.5	-2.6 2.4	offset	-2.6	offset	2.4	4	637
-2.5	-2.3	-2.4 2.4	offset	-2.4	offset	2.4	4	587
-2.3	-2.1	-2.2 2.4	offset	-2.2	offset	2.4	4	537
-2.1	-1.9	-2 2.4	offset	-2	offset	2.4	4	487
-1.9	-1.7	-1.8 2.4	offset	-1.8	offset	2.4	4	437
-1.7	-1.5	-1.6 2.4	offset	-1.6	offset	2.4	4	387
-1.5	-1.3	-1.4 2.4	offset	-1.4	offset	2.4	4	337
-1.3	-1.1	-1.2 2.4	offset	-1.2	offset	2.4	4	287
-1.1	-0.9	-1 2.4	offset	-1	offset	2.4	4	237
-0.9	-0.7	-0.8 2.4	offset	-0.8	offset	2.4	4	187
-0.7	-0.5	-0.6 2.4	offset	-0.6	offset	2.4	4	137
-0.5	-0.299999999999999	-0.399999999999999 2.4	offset	-0.399999999999999	offset	2.4	4	87
-0.299999999999999	-0.0999999999999996	-0.199999999999999 2.4	offset	-0.199999999999999	offset	2.4	4	37
-0.0999999999999996	0.1	0 2.4	offset	0	offset	2.4	4	1287
0.1	0.3	0.2 2.4	offset	0.2	offset	2.4	4	1337
0.3	0.5	0.4 2.4	offset	0.4	offset	2.4	4	1387
0.5	0.700000000000001	0.6 2.4	offset	0.600000000000001	offset	2.4	4	1437
0.700000000000001	0.9	0.800000000000001 2.4	offset	0.800000000000001	offset	2.4	4	1487
0.9	1.1	1 2.4	offset	1	offset	2.4	4	1538
1.1	1.3	1.2 2.4	offset	1.2	offset	2.4	4	1588
1.3	1.5	1.4 2.4	offset	1.4	offset	2.4	4	1638
1.5	1.7	1.6 2.4	offset	1.6	offset	2.4	4	1688
1.7	1.9	1.8 2.4	offset	1.8	offset	2.4	4	1738
1.9	2.1	2 2.4	offset	2	offset	2.4	4	1788
2.1	2.3	2.2 2.4	offset	2.2	offset	2.4	4	1838
2.3	2.5	1	offset	2.4	offset	2.4	4	1501
2.5	2.7	2.6 2.4	offset	2.6	offset	2.4	4	1939
2.7	2.9	2.8 2.4	offset	2.8	offset	2.4	4	1989
2.9	3.1	3 2.4	offset	3	offset	2.4	4	2039
3.1	3.3	3.2 2.4	offset	3.2	offset	2.4	4	2089
3.3	3.5	3.4 2.4	offset	3.4	offset	2.4	4	2139
3.5	3.7	3.6 2.4	offset	3.6	offset	2.4	4	2189
3.7	3.9	3.8 2.4	offset	3.8	offset	2.4	4	2239
3.9	4.1	4 2.4	offset	4	offset	2.4	4	2289
4.1	4.3	4.2 2.4	offset	4.2	offset	2.4	4	2339
4.3	4.5	4.4 2.4	offset	4.4	offset	2.4	4	2389
4.5	4.7	4.6 2.4	offset	4.6	offset	2.4	4	2439
4.7	4.9	4.8 2.4	offset	4.8	offset	2.4	4	2489
4.9	5.1	5 2.4	offset	5	offset	2.4	4	2539
-5.1	-4.9	-5 2.6	offset	-5	offset	2.6	4	1238
-4.9	-4.7	-4.8 2.6	offset	-4.8	offset	2.6	4	1188
-4.7	-4.5	-4.6 2.6	offset	-4.6	offset	2.6	4	1138
-4.5	-4.3	-4.4 2.6	offset	-4.4	offset	2.6	4	1088
-4.3	-4.1	-4.2 2.6	offset	-4.2	offset	2.6	4	1038
-4.1	-3.9	-4 2.6	offset	-4	offset	2.6	4	988
-3.9	-3.7	-3.8 2.6	offset	-3.8	offset	2.6	4	938
-3.7	-3.5	-3.6 2.6	offset	-3.6	offset	2.6	4	888
-3.5	-3.3	-3.4 2.6	offset	-3.4	offset	2.6	4	838
-3.3	-3.1	-3.2 2.6	offset	-3.2	offset	2.6	4	788
-3.1	-2.9	-3 2.6	offset	-3	offset	2.6	4	738
-2.9	-2.7	-2.8 2.6	offset	-2.8	offset	2.6	4	688
-2.7	-2.5	-2.6 2.6	offset	-2.6	offset	2.6	4	638
-2.5	-2.3	-2.4 2.6	offset	-2.4	offset	2.6	4	588
-2.3	-2.1	-2.2 2.6	offset	-2.2	offset	2.6	4	538
-2.1	-1.9	-2 2.6	offset	-2	offset	2.6	4	488
-1.9	-1.7	-1.8 2.6	offset	-1.8	offset	2.6	4	438
-1.7	-1.5	-1.6 2.6	offset	-1.6	offset	2.6	4	388
-1.5	-1.3	-1.4 2.6	offset	-1.4	offset	2.6	4	338
-1.3	-1.1	-1.2 2.6	offset	-1.2	offset	2.6	4	288
-1.1	-0.9	-1 2.6	offset	-1	offset	2.6	4	238
-0.9	-0.7	-0.8 2.6	offset	-0.8	offset	2.6	4	188
-0.7	-0.5	-0.6 2.6	offset	-0.6	offset	2.6	4	138
-0.5	-0.299999999999999	-0.399999999999999 2.6	offset	-0.399999999999999	offset	2.6	4	88
-0.299999999999999	-0.0999999999999996	-0.199999999999999 2.6	offset	-0.199999999999999	offset	2.6	4	38
-0.0999999999999996	0.1	0 2.6	offset	0	offset	2.6	4	1288
0.1	0.3	0.2 2.6	offset	0.2	offset	2.6	4	1338
0.3	0.5	0.4 2.6	offset	0.4	offset	2.6	4	1388
0.5	0.700000000000001	0.6 2.6	offset	0.600000000000001	offset	2.6	4	1438
0.700000000000001	0.9	0.800000000000001 2.6	offset	0.800000000000001	offset	2.6	4	1488
0.9	1.1	1 2.6	offset	1	offset	2.6	4	1539
1.1	1.3	1.2 2.6	offset	1.2	offset	2.6	4	1589
1.3	1.5	1.4 2.6	offset	1.4	offset	2.6	4	1639
1.5	1.7	1.6 2.6	offset	1.6	offset	2.6	4	1689
1.7	1.9	1.8 2.6	offset	1.8	offset	2.6	4	1739
1.9	2.1	2 2.6	offset	2	offset	2.6	4	1789
2.1	2.3	2.2 2.6	offset	2.2	offset	2.6	4	1839
2.3	2.5	2.4 2.6	offset	2.4	offset	2.6	4	1889
2.5	2.7	1	offset	2.6	offset	2.6	4	1501
2.7	2.9	2.8 2.6	offset	2.8	offset	2.6	4	1990
2.9	3.1	3 2.6	offset	3	offset	2.6	4	2040
3.1	3.3	3.2 2.6	offset	3.2	offset	2.6	4	2090
3.3	3.5	3.4 2.6	offset	3.4	offset	2.6	4	2140
3.5	3.7	3.6 2.6	offset	3.6	offset	2.6	4	2190
3.7	3.9	3.8 2.6	offset	3.8	offset	2.6	4	2240
3.9	4.1	4 2.6	offset	4	offset	2.6	4	2290
4.1	4.3	4.2 2.6	offset	4.2	offset	2.6	4	2340
4.3	4.5	4.4 2.6	offset	4.4	offset	2.6	4	2390
4.5	4.7	4.6 2.6	offset	4.6	offset	2.6	4	2440
4.7	4.9	4.8 2.6	offset	4.8	offset	2.6	4	2490
4.9	5.1	5 2.6	offset	5	offset	2.6	4	2540
-5.1	-4.9	-5 2.8	offset	-5	offset	2.8	4	1239
-4.9	-4.7	-4.8 2.8	offset	-4.8	offset	2.8	4	1189
-4.7	-4.5	-4.6 2.8	offset	-4.6	offset	2.8	4	1139
-4.5	-4.3	-4.4 2.8	offset	-4.4	offset	2.8	4	1089
-4.3	-4.1	-4.2 2.8	offset	-4.2	offset	2.8	4	1039
-4.1	-3.9	-4 2.8	offset	-4	offset	2.8	4	989
-3.9	-3.7	-3.8 2.8	offset	-3.8	offset	2.8	4	939
-3.7	-3.5	-3.6 2.8	offset	-3.6	offset	2.8	4	889
-3.5	-3.3	-3.4 2.8	offset	-3.4	offset	2.8	4	839
-3.3	-3.1	-3.2 2.8	offset	-3.2	offset	2.8	4	789
-3.1	-2.9	-3 2.8	offset	-3	offset	2.8	4	739
-2.9	-2.7	-2.8 2.8	offset	-2.8	offset	2.8	4	689
-2.7	-2.5	-2.6 2.8	offset	-2.6	offset	2.8	4	639
-2.5	-2.3	-2.4 2.8	offset	-2.4	offset	2.8	4	589
-2.3	-2.1	-2.2 2.8	offset	-2.2	offset	2.8	4	539
-2.1	-1.9	-2 2.8	offset	-2	offset	2.8	4	489
-1.9	-1.7	-1.8 2.8	offset	-1.8	offset	2.8	4	439
-1.7	-1.5	-1.6 2.8	offset	-1.6	offset	2.8	4	389
-1.5	-1.3	-1.4 2.8	offset	-1.4	offset	2.8	4	339
-1.3	-1.1	-1.2 2.8	offset	-1.2	offset	2.8	4	289
-1.1	-0.9	-1 2.8	offset	-1	offset	2.8	4	239
-0.9	-0.7	-0.8 2.8	offset	-0.8	offset	2.8	4	189
-0.7	-0.5	-0.6 2.8	offset	-0.6	offset	2.8	4	139
-0.5	-0.299999999999999	-0.399999999999999 2.8	offset	-0.399999999999999	offset	2.8	4	89
-0.299999999999999	-0.0999999999999996	-0.199999999999999 2.8	offset	-0.199999999999999	offset	2.8	4	39
-0.0999999999999996	0.1	0 2.8	offset	0	offset	2.8	4	1289
0.1	0.3	0.2 2.8	offset	0.2	offset	2.8	4	1339
0.3	0.5	0.4 2.8	offset	0.4	offset	2.8	4	1389
0.5	0.700000000000001	0.6 2.8	offset	0.600000000000001	offset	2.8	4	1439
0.700000000000001	0.9	0.800000000000001 2.8	offset	0.800000000000001	offset	2.8	4	1489
0.9	1.1	1 2.8	offset	1	offset	2.8	4	1540
1.1	1.3	1.2 2.8	offset	1.2	offset	2.8	4	1590
1.3	1.5	1.4 2.8	offset	1.4	offset	2.8	4	1640
1.5	1.7	1.6 2.8	offset	1.6	offset	2.8	4	1690
1.7	1.9	1.8 2.8	offset	1.8	offset	2.8	4	1740
1.9	2.1	2 2.8	offset	2	offset	2.8	4	1790
2.1	2.3	2.2 2.8	offset	2.2	offset	2.8	4	1840
2.3	2.5	2.4 2.8	offset	2.4	offset	2.8	4	1890
2.5	2.7	2.6 2.8	offset	2.6	offset	2.8	4	1940
2.7	2.9	1	offset	2.8	offset	2.8	4	1501
2.9	3.1	3 2.8	offset	3	offset	2.8	4	2041
3.1	3.3	3.2 2.8	offset	3.2	offset	2.8	4	2091
3.3	3.5	3.4 2.8	offset	3.4	offset	2.8	4	2141
3.5	3.7	3.6 2.8	offset	3.6	offset	2.8	4	2191
3.7	3.9	3.8 2.8	offset	3.8	offset	2.8	4	2241
3.9	4.1	4 2.8	offset	4	offset	2.8	4	2291
4.1	4.3	4.2 2.8	offset	4.2	offset	2.8	4	2341
4.3	4.5	4.4 2.8	offset	4.4	offset	2.8	4	2391
4.5	4.7	4.6 2.8	offset	4.6	offset	2.8	4	2441
4.7	4.9	4.8 2.8	offset	4.8	offset	2.8	4	2491
4.9	5.1	5 2.8	offset	5	offset	2.8	4	2541
-5.1	-4.9	-5 3	offset	-5	offset	3	4	1240
-4.9	-4.7	-4.8 3	offset	-4.8	offset	3	4	1190
-4.7	-4.5	-4.6 3	offset	-4.6	offset	3	4	1140
-4.5	-4.3	-4.4 3	offset	-4.4	offset	3	4	1090
-4.3	-4.1	-4.2 3	offset	-4.2	offset	3	4	1040
-4.1	-3.9	-4 3	offset	-4	offset	3	4	990
-3.9	-3.7	-3.8 3	offset	-3.8	offset	3	4	940
-3.7	-3.5	-3.6 3	offset	-3.6	offset	3	4	890
-3.5	-3.3	-3.4 3	offset	-3.4	offset	3	4	840
-3.3	-3.1	-3.2 3	offset	-3.2	offset	3	4	790
-3.1	-2.9	-3 3	offset	-3	offset	3	4	740
-2.9	-2.7	-2.8 3	offset	-2.8	offset	3	4	690
-2.7	-2.5	-2.6 3	offset	-2.6	offset	3	4	640
-2.5	-2.3	-2.4 3	offset	-2.4	offset	3	4	590
-2.3	-2.1	-2.2 3	offset	-2.2	offset	3	4	540
-2.1	-1.9	-2 3	offset	-2	offset	3	4	490
-1.9	-1.7	-1.8 3	offset	-1.8	offset	3	4	440
-1.7	-1.5	-1.6 3	offset	-1.6	offset	3	4	390
-1.5	-1.3	-1.4 3	offset	-1.4	offset	3	4	340
-1.3	-1.1	-1.2 3	offset	-1.2	offset	3	4	290
-1.1	-0.9	-1 3	offset	-1	offset	3	4	240
-0.9	-0.7	-0.8 3	offset	-0.8	offset	3	4	190
-0.7	-0.5	-0.6 3	offset	-0.6	offset	3	4	140
-0.5	-0.299999999999999	-0.399999999999999 3	offset	-0.399999999999999	offset	3	4	90
-0.299999999999999	-0.0999999999999996	-0.199999999999999 3	offset	-0.199999999999999	offset	3	4	40
-0.0999999999999996	0.1	0 3	offset	0	offset	3	4	1290
0.1	0.3	0.2 3	offset	0.2	offset	3	4	1340
0.3	0.5	0.4 3	offset	0.4	offset	3	4	1390
0.5	0.700000000000001	0.6 3	offset	0.600000000000001	offset	3	4	1440
0.700000000000001	0.9	0.800000000000001 3	offset	0.800000000000001	offset	3	4	1490
0.9	1.1	1 3	offset	1	offset	3	4	1541
1.1	1.3	1.2 3	offset	1.2	offset	3	4	1591
1.3	1.5	1.4 3	offset	1.4	offset	3	4	1641
1.5	1.7	1.6 3	offset	1.6	offset	3	4	1691
1.7	1.9	1.8 3	offset	1.8	offset	3	4	1741
1.9	2.1	2 3	offset	2	offset	3	4	1791
2.1	2.3	2.2 3	offset	2.2	offset	3	4	1841
2.3	2.5	2.4 3	offset	2.4	offset	3	4	1891
2.5	2.7	2.6 3	offset	2.6	offset	3	4	1941
2.7	2.9	2.8 3	offset	2.8	offset	3	4	1991
2.9	3.1	1	offset	3	offset	3	4	1501
3.1	3.3	3.2 3	offset	3.2	offset	3	4	2092
3.3	3.5	3.4 3	offset	3.4	offset	3	4	2142
3.5	3.7	3.6 3	offset	3.6	offset	3	4	2192
3.7	3.9	3.8 3	offset	3.8	offset	3	4	2242
3.9	4.1	4 3	offset	4	offset	3	4	2292
4.1	4.3	4.2 3	offset	4.2	offset	3	4	2342
4.3	4.5	4.4 3	offset	4.4	offset	3	4	2392
4.5	4.7	4.6 3	offset	4.6	offset	3	4	2442
4.7	4.9	4.8 3	offset	4.8	offset	3	4	2492
4.9	5.1	5 3	offset	5	offset	3	4	2542
-5.1	-4.9	-5 3.2	offset	-5	offset	3.2	4	1241
-4.9	-4.7	-4.8 3.2	offset	-4.8	offset	3.2	4	1191
-4.7	-4.5	-4.6 3.2	offset	-4.6	offset	3.2	4	1141
-4.5	-4.3	-4.4 3.2	offset	-4.4	offset	3.2	4	1091
-4.3	-4.1	-4.2 3.2	offset	-4.2	offset	3.2	4	1041
-4.1	-3.9	-4 3.2	offset	-4	offset	3.2	4	991
-3.9	-3.7	-3.8 3.2	offset	-3.8	offset	3.2	4	941
-3.7	-3.5	-3.6 3.2	offset	-3.6	offset	3.2	4	891
-3.5	-3.3	-3.4 3.2	offset	-3.4	offset	3.2	4	841
-3.3	-3.1	-3.2 3.2	offset	-3.2	offset	3.2	4	791
-3.1	-2.9	-3 3.2	offset	-3	offset	3.2	4	741
-2.9	-2.7	-2.8 3.2	offset	-2.8	offset	3.2	4	691
-2.7	-2.5	-2.6 3.2	offset	-2.6	offset	3.2	4	641
-2.5	-2.3	-2.4 3.2	offset	-2.4	offset	3.2	4	591
-2.3	-2.1	-2.2 3.2	offset	-2.2	offset	3.2	4	541
-2.1	-1.9	-2 3.2	offset	-2	offset	3.2	4	491
-1.9	-1.7	-1.8 3.2	offset	-1.8	offset	3.2	4	441
-1.7	-1.5	-1.6 3.2	offset	-1.6	offset	3.2	4	391
-1.5	-1.3	-1.4 3.2	offset	-1.4	offset	3.2	4	341
-1.3	-1.1	-1.2 3.2	offset	-1.2	offset	3.2	4	291
-1.1	-0.9	-1 3.2	offset	-1	offset	3.2	4	241
-0.9	-0.7	-0.8 3.2	offset	-0.8	offset	3.2	4	191
-0.7	-0.5	-0.6 3.2	offset	-0.6	offset	3.2	4	141
-0.5	-0.299999999999999	-0.399999999999999 3.2	offset	-0.399999999999999	offset	3.2	4	91
-0.299999999999999	-0.0999999999999996	-0.199999999999999 3.2	offset	-0.199999999999999	offset	3.2	4	41
-0.0999999999999996	0.1	0 3.2	offset	0	offset	3.2	4	1291
0.1	0.3	0.2 3.2	offset	0.2	offset	3.2	4	1341
0.3	0.5	0.4 3.2	offset	0.4	offset	3.2	4	1391
0.5	0.700000000000001	0.6 3.2	offset	0.600000000000001	offset	3.2	4	1441
0.700000000000001	0.9	0.800000000000001 3.2	offset	0.800000000000001	offset	3.2	4	1491
0.9	1.1	1 3.2	offset	1	offset	3.2	4	1542
1.1	1.3	1.2 3.2	offset	1.2	offset	3.2	4	1592
1.3	1.5	1.4 3.2	offset	1.4	offset	3.2	4	1642
1.5	1.7	1.6 3.2	offset	1.6	offset	3.2	4	1692
1.7	1.9	1.8 3.2	offset	1.8	offset	3.2	4	1742
1.9	2.1	2 3.2	offset	2	offset	3.2	4	1792
2.1	2.3	2.2 3.2	offset	2.2	offset	3.2	4	1842
2.3	2.5	2.4 3.2	offset	2.4	offset	3.2	4	1892
2.5	2.7	2.6 3.2	offset	2.6	offset	3.2	4	1942
2.7	2.9	2.8 3.2	offset	2.8	offset	3.2	4	1992
2.9	3.1	3 3.2	offset	3	offset	3.2	4	2042
3.1	3.3	1	offset	3.2	offset	3.2	4	1501
3.3	3.5	3.4 3.2	offset	3.4	offset	3.2	4	2143
3.5	3.7	3.6 3.2	offset	3.6	offset	3.2	4	2193
3.7	3.9	3.8 3.2	offset	3.8	offset	3.2	4	2243
3.9	4.1	4 3.2	offset	4	offset	3.2	4	2293
4.1	4.3	4.2 3.2	offset	4.2	offset	3.2	4	2343
4.3	4.5	4.4 3.2	offset	4.4	offset	3.2	4	2393
4.5	4.7	4.6 3.2	offset	4.6	offset	3.2	4	2443
4.7	4.9	4.8 3.2	offset	4.8	offset	3.2	4	2493
4.9	5.1	5 3.2	offset	5	offset	3.2	4	2543
-5.1	-4.9	-5 3.4	offset	-5	offset	3.4	4	1242
-4.9	-4.7	-4.8 3.4	offset	-4.8	offset	3.4	4	1192
-4.7	-4.5	-4.6 3.4	offset	-4.6	offset	3.4	4	1142
-4.5	-4.3	-4.4 3.4	offset	-4.4	offset	3.4	4	1092
-4.3	-4.1	-4.2 3.4	offset	-4.2	offset	3.4	4	1042
-4.1	-3.9	-4 3.4	offset	-4	offset	3.4	4	992
-3.9	-3.7	-3.8 3.4	offset	-3.8	offset	3.4	4	942
-3.7	-3.5	-3.6 3.4	offset	-3.6	offset	3.4	4	892
-3.5	-3.3	-3.4 3.4	offset	-3.4	offset	3.4	4	842
-3.3	-3.1	-3.2 3.4	offset	-3.2	offset	3.4	4	792
-3.1	-2.9	-3 3.4	offset	-3	offset	3.4	4	742
-2.9	-2.7	-2.8 3.4	offset	-2.8	offset	3.4	4	692
-2.7	-2.5	-2.6 3.4	offset	-2.6	offset	3.4	4	642
-2.5	-2.3	-2.4 3.4	offset	-2.4	offset	3.4	4	592
-2.3	-2.1	-2.2 3.4	offset	-2.2	offset	3.4	4	542
-2.1	-1.9	-2 3.4	offset	-2	offset	3.4	4	492
-1.9	-1.7	-1.8 3.4	offset	-1.8	offset	3.4	4	442
-1.7	-1.5	-1.6 3.4	offset	-1.6	offset	3.4	4	392
-1.5	-1.3	-1.4 3.4	offset	-1.4	offset	3.4	4	342
-1.3	-1.1	-1.2 3.4	offset	-1.2	offset	3.4	4	292
-1.1	-0.9	-1 3.4	offset	-1	offset	3.4	4	242
-0.9	-0.7	-0.8 3.4	offset	-0.8	offset	3.4	4	192
-0.7	-0.5	-0.6 3.4	offset	-0.6	offset	3.4	4	142
-0.5	-0.299999999999999	-0.399999999999999 3.4	offset	-0.399999999999999	offset	3.4	4	92
-0.299999999999999	-0.0999999999999996	-0.199999999999999 3.4	offset	-0.199999999999999	offset	3.4	4	42
-0.0999999999999996	0.1	0 3.4	offset	0	offset	3.4	4	1292
0.1	0.3	0.2 3.4	offset	0.2	offset	3.4	4	1342
0.3	0.5	0.4 3.4	offset	0.4	offset	3.4	4	1392
0.5	0.700000000000001	0.6 3.4	offset	0.600000000000001	offset	3.4	4	1442
0.700000000000001	0.9	0.800000000000001 3.4	offset	0.800000000000001	offset	3.4	4	1492
0.9	1.1	1 3.4	offset	1	offset	3.4	4	1543
1.1	1.3	1.2 3.4	offset	1.2	offset	3.4	4	1593
1.3	1.5	1.4 3.4	offset	1.4	offset	3.4	4	1643
1.5	1.7	1.6 3.4	offset	1.6	offset	3.4	4	1693
1.7	1.9	1.8 3.4	offset	1.8	offset	3.4	4	1743
1.9	2.1	2 3.4	offset	2	offset	3.4	4	1793
2.1	2.3	2.2 3.4	offset	2.2	offset	3.4	4	1843
2.3	2.5	2.4 3.4	offset	2.4	offset	3.4	4	1893
2.5	2.7	2.6 3.4	offset	2.6	offset	3.4	4	1943
2.7	2.9	2.8 3.4	offset	2.8	offset	3.4	4	1993
2.9	3.1	3 3.4	offset	3	offset	3.4	4	2043
3.1	3.3	3.2 3.4	offset	3.2	offset	3.4	4	2093
3.3	3.5	1	offset	3.4	offset	3.4	4	1501
3.5	3.7	3.6 3.4	offset	3.6	offset	3.4	4	2194
3.7	3.9	3.8 3.4	offset	3.8	offset	3.4	4	2244
3.9	4.1	4 3.4	offset	4	offset	3.4	4	2294
4.1	4.3	4.2 3.4	offset	4.2	offset	3.4	4	2344
4.3	4.5	4.4 3.4	offset	4.4	offset	3.4	4	2394
4.5	4.7	4.6 3.4	offset	4.6	offset	3.4	4	2444
4.7	4.9	4.8 3.4	offset	4.8	offset	3.4	4	2494
4.9	5.1	5 3.4	offset	5	offset	3.4	4	2544
-5.1	-4.9	-5 3.6	offset	-5	offset	3.6	4	1243
-4.9	-4.7	-4.8 3.6	offset	-4.8	offset	3.6	4	1193
-4.7	-4.5	-4.6 3.6	offset	-4.6	offset	3.6	4	1143
-4.5	-4.3	-4.4 3.6	offset	-4.4	offset	3.6	4	1093
-4.3	-4.1	-4.2 3.6	offset	-4.2	offset	3.6	4	1043
-4.1	-3.9	-4 3.6	offset	-4	offset	3.6	4	993
-3.9	-3.7	-3.8 3.6	offset	-3.8	offset	3.6	4	943
-3.7	-3.5	-3.6 3.6	offset	-3.6	offset	3.6	4	893
-3.5	-3.3	-3.4 3.6	offset	-3.4	offset	3.6	4	843
-3.3	-3.1	-3.2 3.6	offset	-3.2	offset	3.6	4	793
-3.1	-2.9	-3 3.6	offset	-3	offset	3.6	4	743
-2.9	-2.7	-2.8 3.6	offset	-2.8	offset	3.6	4	693
-2.7	-2.5	-2.6 3.6	offset	-2.6	offset	3.6	4	643
-2.5	-2.3	-2.4 3.6	offset	-2.4	offset	3.6	4	593
-2.3	-2.1	-2.2 3.6	offset	-2.2	offset	3.6	4	543
-2.1	-1.9	-2 3.6	offset	-2	offset	3.6	4	493
-1.9	-1.7	-1.8 3.6	offset	-1.8	offset	3.6	4	443
-1.7	-1.5	-1.6 3.6	offset	-1.6	offset	3.6	4	393
-1.5	-1.3	-1.4 3.6	offset	-1.4	offset	3.6	4	343
-1.3	-1.1	-1.2 3.6	offset	-1.2	offset	3.6	4	293
-1.1	-0.9	-1 3.6	offset	-1	offset	3.6	4	243
-0.9	-0.7	-0.8 3.6	offset	-0.8	offset	3.6	4	193
-0.7	-0.5	-0.6 3.6	offset	-0.6	offset	3.6	4	143
-0.5	-0.299999999999999	-0.399999999999999 3.6	offset	-0.399999999999999	offset	3.6	4	93
-0.299999999999999	-0.0999999999999996	-0.199999999999999 3.6	offset	-0.199999999999999	offset	3.6	4	43
-0.0999999999999996	0.1	0 3.6	offset	0	offset	3.6	4	1293
0.1	0.3	0.2 3.6	offset	0.2	offset	3.6	4	1343
0.3	0.5	0.4 3.6	offset	0.4	offset	3.6	4	1393
0.5	0.700000000000001	0.6 3.6	offset	0.600000000000001	offset	3.6	4	1443
0.700000000000001	0.9	0.800000000000001 3.6	offset	0.800000000000001	offset	3.6	4	1493
0.9	1.1	1 3.6	offset	1	offset	3.6	4	1544
1.1	1.3	1.2 3.6	offset	1.2	offset	3.6	4	1594
1.3	1.5	1.4 3.6	offset	1.4	offset	3.6	4	1644
1.5	1.7	1.6 3.6	offset	1.6	offset	3.6	4	1694
1.7	1.9	1.8 3.6	offset	1.8	offset	3.6	4	1744
1.9	2.1	2 3.6	offset	2	offset	3.6	4	1794
2.1	2.3	2.2 3.6	offset	2.2	offset	3.6	4	1844
2.3	2.5	2.4 3.6	offset	2.4	offset	3.6	4	1894
2.5	2.7	2.6 3.6	offset	2.6	offset	3.6	4	1944
2.7	2.9	2.8 3.6	offset	2.8	offset	3.6	4	1994
2.9	3.1	3 3.6	offset	3	offset	3.6	4	2044
3.1	3.3	3.2 3.6	offset	3.2	offset	3.6	4	2094
3.3	3.5	3.4 3.6	offset	3.4	offset	3.6	4	2144
3.5	3.7	1	offset	3.6	offset	3.6	4	1501
3.7	3.9	3.8 3.6	offset	3.8	offset	3.6	4	2245
3.9	4.1	4 3.6	offset	4	offset	3.6	4	2295
4.1	4.3	4.2 3.6	offset	4.2	offset	3.6	4	2345
4.3	4.5	4.4 3.6	offset	4.4	offset	3.6	4	2395
4.5	4.7	4.6 3.6	offset	4.6	offset	3.6	4	2445
4.7	4.9	4.8 3.6	offset	4.8	offset	3.6	4	2495
4.9	5.1	5 3.6	offset	5	offset	3.6	4	2545
-5.1	-4.9	-5 3.8	offset	-5	offset	3.8	4	1244
-4.9	-4.7	-4.8 3.8	offset	-4.8	offset	3.8	4	1194
-4.7	-4.5	-4.6 3.8	offset	-4.6	offset	3.8	4	1144
-4.5	-4.3	-4.4 3.8	offset	-4.4	offset	3.8	4	1094
-4.3	-4.1	-4.2 3.8	offset	-4.2	offset	3.8	4	1044
-4.1	-3.9	-4 3.8	offset	-4	offset	3.8	4	994
-3.9	-3.7	-3.8 3.8	offset	-3.8	offset	3.8	4	944
-3.7	-3.5	-3.6 3.8	offset	-3.6	offset	3.8	4	894
-3.5	-3.3	-3.4 3.8	offset	-3.4	offset	3.8	4	844
-3.3	-3.1	-3.2 3.8	offset	-3.2	offset	3.8	4	794
-3.1	-2.9	-3 3.8	offset	-3	offset	3.8	4	744
-2.9	-2.7	-2.8 3.8	offset	-2.8	offset	3.8	4	694
-2.7	-2.5	-2.6 3.8	offset	-2.6	offset	3.8	4	644
-2.5	-2.3	-2.4 3.8	offset	-2.4	offset	3.8	4	594
-2.3	-2.1	-2.2 3.8	offset	-2.2	offset	3.8	4	544
-2.1	-1.9	-2 3.8	offset	-2	offset	3.8	4	494
-1.9	-1.7	-1.8 3.8	offset	-1.8	offset	3.8	4	444
-1.7	-1.5	-1.6 3.8	offset	-1.6	offset	3.8	4	394
-1.5	-1.3	-1.4 3.8	offset	-1.4	offset	3.8	4	344
-1.3	-1.1	-1.2 3.8	offset	-1.2	offset	3.8	4	294
-1.1	-0.9	-1 3.8	offset	-1	offset	3.8	4	244
-0.9	-0.7	-0.8 3.8	offset	-0.8	offset	3.8	4	194
-0.7	-0.5	-0.6 3.8	offset	-0.6	offset	3.8	4	144
-0.5	-0.299999999999999	-0.399999999999999 3.8	offset	-0.399999999999999	offset	3.8	4	94
-0.299999999999999	-0.0999999999999996	-0.199999999999999 3.8	offset	-0.199999999999999	offset	3.8	4	44
-0.0999999999999996	0.1	0 3.8	offset	0	offset	3.8	4	1294
0.1	0.3	0.2 3.8	offset	0.2	offset	3.8	4	1344
0.3	0.5	0.4 3.8	offset	0.4	offset	3.8	4	1394
0.5	0.700000000000001	0.6 3.8	offset	0.600000000000001	offset	3.8	4	1444
0.700000000000001	0.9	0.800000000000001 3.8	offset	0.800000000000001	offset	3.8	4	1494
0.9	1.1	1 3.8	offset	1	offset	3.8	4	1545
1.1	1.3	1.2 3.8	offset	1.2	offset	3.8	4	1595
1.3	1.5	1.4 3.8	offset	1.4	offset	3.8	4	1645
1.5	1.7	1.6 3.8	offset	1.6	offset	3.8	4	1695
1.7	1.9	1.8 3.8	offset	1.8	offset	3.8	4	1745
1.9	2.1	2 3.8	offset	2	offset	3.8	4	1795
2.1	2.3	2.2 3.8	offset	2.2	offset	3.8	4	1845
2.3	2.5	2.4 3.8	offset	2.4	offset	3.8	4	1895
2.5	2.7	2.6 3.8	offset	2.6	offset	3.8	4	1945
2.7	2.9	2.8 3.8	offset	2.8	offset	3.8	4	1995
2.9	3.1	3 3.8	offset	3	offset	3.8	4	2045
3.1	3.3	3.2 3.8	offset	3.2	offset	3.8	4	2095
3.3	3.5	3.4 3.8	offset	3.4	offset	3.8	4	2145
3.5	3.7	3.6 3.8	offset	3.6	offset	3.8	4	2195
3.7	3.9	1	offset	3.8	offset	3.8	4	1501
3.9	4.1	4 3.8	offset	4	offset	3.8	4	2296
4.1	4.3	4.2 3.8	offset	4.2	offset	3.8	4	2346
4.3	4.5	4.4 3.8	offset	4.4	offset	3.8	4	2396
4.5	4.7	4.6 3.8	offset	4.6	offset	3.8	4	2446
4.7	4.9	4.8 3.8	offset	4.8	offset	3.8	4	2496
4.9	5.1	5 3.8	offset	5	offset	3.8	4	2546
-5.1	-4.9	-5 4	offset	-5	offset	4	4	1245
-4.9	-4.7	-4.8 4	offset	-4.8	offset	4	4	1195
-4.7	-4.5	-4.6 4	offset	-4.6	offset	4	4	1145
-4.5	-4.3	-4.4 4	offset	-4.4	offset	4	4	1095
-4.3	-4.1	-4.2 4	offset	-4.2	offset	4	4	1045
-4.1	-3.9	-4 4	offset	-4	offset	4	4	995
-3.9	-3.7	-3.8 4	offset	-3.8	offset	4	4	945
-3.7	-3.5	-3.6 4	offset	-3.6	offset	4	4	895
-3.5	-3.3	-3.4 4	offset	-3.4	offset	4	4	845
-3.3	-3.1	-3.2 4	offset	-3.2	offset	4	4	795
-3.1	-2.9	-3 4	offset	-3	offset	4	4	745
-2.9	-2.7	-2.8 4	offset	-2.8	offset	4	4	695
-2.7	-2.5	-2.6 4	offset	-2.6	offset	4	4	645
-2.5	-2.3	-2.4 4	offset	-2.4	offset	4	4	595
-2.3	-2.1	-2.2 4	offset	-2.2	offset	4	4	545
-2.1	-1.9	-2 4	offset	-2	offset	4	4	495
-1.9	-1.7	-1.8 4	offset	-1.8	offset	4	4	445
-1.7	-1.5	-1.6 4	offset	-1.6	offset	4	4	395
-1.5	-1.3	-1.4 4	offset	-1.4	offset	4	4	345
-1.3	-1.1	-1.2 4	offset	-1.2	offset	4	4	295
-1.1	-0.9	-1 4	offset	-1	offset	4	4	245
-0.9	-0.7	-0.8 4	offset	-0.8	offset	4	4	195
-0.7	-0.5	-0.6 4	offset	-0.6	offset	4	4	145
-0.5	-0.299999999999999	-0.399999999999999 4	offset	-0.399999999999999	offset	4	4	95
-0.299999999999999	-0.0999999999999996	-0.199999999999999 4	offset	-0.199999999999999	offset	4	4	45
-0.0999999999999996	0.1	0 4	offset	0	offset	4	4	1295
0.1	0.3	0.2 4	offset	0.2	offset	4	4	1345
0.3	0.5	0.4 4	offset	0.4	offset	4	4	1395
0.5	0.700000000000001	0.6 4	offset	0.600000000000001	offset	4	4	1445
0.700000000000001	0.9	0.800000000000001 4	offset	0.800000000000001	offset	4	4	1495
0.9	1.1	1 4	offset	1	offset	4	4	1546
1.1	1.3	1.2 4	offset	1.2	offset	4	4	1596
1.3	1.5	1.4 4	offset	1.4	offset	4	4	1646
1.5	1.7	1.6 4	offset	1.6	offset	4	4	1696
1.7	1.9	1.8 4	offset	1.8	offset	4	4	1746
1.9	2.1	2 4	offset	2	offset	4	4	1796
2.1	2.3	2.2 4	offset	2.2	offset	4	4	1846
2.3	2.5	2.4 4	offset	2.4	offset	4	4	1896
2.5	2.7	2.6 4	offset	2.6	offset	4	4	1946
2.7	2.9	2.8 4	offset	2.8	offset	4	4	1996
2.9	3.1	3 4	offset	3	offset	4	4	2046
3.1	3.3	3.2 4	offset	3.2	offset	4	4	2096
3.3	3.5	3.4 4	offset	3.4	offset	4	4	2146
3.5	3.7	3.6 4	offset	3.6	offset	4	4	2196
3.7	3.9	3.8 4	offset	3.8	offset	4	4	2246
3.9	4.1	1	offset	4	offset	4	4	1501
4.1	4.3	4.2 4	offset	4.2	offset	4	4	2347
4.3	4.5	4.4 4	offset	4.4	offset	4	4	2397
4.5	4.7	4.6 4	offset	4.6	offset	4	4	2447
4.7	4.9	4.8 4	offset	4.8	offset	4	4	2497
4.9	5.1	5 4	offset	5	offset	4	4	2547
-5.1	-4.9	-5 4.2	offset	-5	offset	4.2	4	1246
-4.9	-4.7	-4.8 4.2	offset	-4.8	offset	4.2	4	1196
-4.7	-4.5	-4.6 4.2	offset	-4.6	offset	4.2	4	1146
-4.5	-4.3	-4.4 4.2	offset	-4.4	offset	4.2	4	1096
-4.3	-4.1	-4.2 4.2	offset	-4.2	offset	4.2	4	1046
-4.1	-3.9	-4 4.2	offset	-4	offset	4.2	4	996
-3.9	-3.7	-3.8 4.2	offset	-3.8	offset	4.2	4	946
-3.7	-3.5	-3.6 4.2	offset	-3.6	offset	4.2	4	896
-3.5	-3.3	-3.4 4.2	offset	-3.4	offset	4.2	4	846
-3.3	-3.1	-3.2 4.2	offset	-3.2	offset	4.2	4	796
-3.1	-2.9	-3 4.2	offset	-3	offset	4.2	4	746
-2.9	-2.7	-2.8 4.2	offset	-2.8	offset	4.2	4	696
-2.7	-2.5	-2.6 4.2	offset	-2.6	offset	4.2	4	646
-2.5	-2.3	-2.4 4.2	offset	-2.4	offset	4.2	4	596
-2.3	-2.1	-2.2 4.2	offset	-2.2	offset	4.2	4	546
-2.1	-1.9	-2 4.2	offset	-2	offset	4.2	4	496
-1.9	-1.7	-1.8 4.2	offset	-1.8	offset	4.2	4	446
-1.7	-1.5	-1.6 4.2	offset	-1.6	offset	4.2	4	396
-1.5	-1.3	-1.4 4.2	offset	-1.4	offset	4.2	4	346
-1.3	-1.1	-1.2 4.2	offset	-1.2	offset	4.2	4	296
-1.1	-0.9	-1 4.2	offset	-1	offset	4.2	4	246
-0.9	-0.7	-0.8 4.2	offset	-0.8	offset	4.2	4	196
-0.7	-0.5	-0.6 4.2	offset	-0.6	offset	4.2	4	146
-0.5	-0.299999999999999	-0.399999999999999 4.2	offset	-0.399999999999999	offset	4.2	4	96
-0.299999999999999	-0.0999999999999996	-0.199999999999999 4.2	offset	-0.199999999999999	offset	4.2	4	46
-0.0999999999999996	0.1	0 4.2	offset	0	offset	4.2	4	1296
0.1	0.3	0.2 4.2	offset	0.2	offset	4.2	4	1346
0.3	0.5	0.4 4.2	offset	0.4	offset	4.2	4	1396
0.5	0.700000000000001	0.6 4.2	offset	0.600000000000001	offset	4.2	4	1446
0.700000000000001	0.9	0.800000000000001 4.2	offset	0.800000000000001	offset	4.2	4	1496
0.9	1.1	1 4.2	offset	1	offset	4.2	4	1547
1.1	1.3	1.2 4.2	offset	1.2	offset	4.2	4	1597
1.3	1.5	1.4 4.2	offset	1.4	offset	4.2	4	1647
1.5	1.7	1.6 4.2	offset	1.6	offset	4.2	4	1697
1.7	1.9	1.8 4.2	offset	1.8	offset	4.2	4	1747
1.9	2.1	2 4.2	offset	2	offset	4.2	4	1797
2.1	2.3	2.2 4.2	offset	2.2	offset	4.2	4	1847
2.3	2.5	2.4 4.2	offset	2.4	offset	4.2	4	1897
2.5	2.7	2.6 4.2	offset	2.6	offset	4.2	4	1947
2.7	2.9	2.8 4.2	offset	2.8	offset	4.2	4	1997
2.9	3.1	3 4.2	offset	3	offset	4.2	4	2047
3.1	3.3	3.2 4.2	offset	3.2	offset	4.2	4	2097
3.3	3.5	3.4 4.2	offset	3.4	offset	4.2	4	2147
3.5	3.7	3.6 4.2	offset	3.6	offset	4.2	4	2197
3.7	3.9	3.8 4.2	offset	3.8	offset	4.2	4	2247
3.9	4.1	4 4.2	offset	4	offset	4.2	4	2297
4.1	4.3	1	offset	4.2	offset	4.2	4	1501
4.3	4.5	4.4 4.2	offset	4.4	offset	4.2	4	2398
4.5	4.7	4.6 4.2	offset	4.6	offset	4.2	4	2448
4.7	4.9	4.8 4.2	offset	4.8	offset	4.2	4	2498
4.9	5.1	5 4.2	offset	5	offset	4.2	4	2548
-5.1	-4.9	-5 4.4	offset	-5	offset	4.4	4	1247
-4.9	-4.7	-4.8 4.4	offset	-4.8	offset	4.4	4	1197
-4.7	-4.5	-4.6 4.4	offset	-4.6	offset	4.4	4	1147
-4.5	-4.3	-4.4 4.4	offset	-4.4	offset	4.4	4	1097
-4.3	-4.1	-4.2 4.4	offset	-4.2	offset	4.4	4	1047
-4.1	-3.9	-4 4.4	offset	-4	offset	4.4	4	997
-3.9	-3.7	-3.8 4.4	offset	-3.8	offset	4.4	4	947
-3.7	-3.5	-3.6 4.4	offset	-3.6	offset	4.4	4	897
-3.5	-3.3	-3.4 4.4	offset	-3.4	offset	4.4	4	847
-3.3	-3.1	-3.2 4.4	offset	-3.2	offset	4.4	4	797
-3.1	-2.9	-3 4.4	offset	-3	offset	4.4	4	747
-2.9	-2.7	-2.8 4.4	offset	-2.8	offset	4.4	4	697
-2.7	-2.5	-2.6 4.4	offset	-2.6	offset	4.4	4	647
-2.5	-2.3	-2.4 4.4	offset	-2.4	offset	4.4	4	597
-2.3	-2.1	-2.2 4.4	offset	-2.2	offset	4.4	4	547
-2.1	-1.9	-2 4.4	offset	-2	offset	4.4	4	497
-1.9	-1.7	-1.8 4.4	offset	-1.8	offset	4.4	4	447
-1.7	-1.5	-1.6 4.4	offset	-1.6	offset	4.4	4	397
-1.5	-1.3	-1.4 4.4	offset	-1.4	offset	4.4	4	347
-1.3	-1.1	-1.2 4.4	offset	-1.2	offset	4.4	4	297
-1.1	-0.9	-1 4.4	offset	-1	offset	4.4	4	247
-0.9	-0.7	-0.8 4.4	offset	-0.8	offset	4.4	4	197
-0.7	-0.5	-0.6 4.4	offset	-0.6	offset	4.4	4	147
-0.5	-0.299999999999999	-0.399999999999999 4.4	offset	-0.399999999999999	offset	4.4	4	97
-0.299999999999999	-0.0999999999999996	-0.199999999999999 4.4	offset	-0.199999999999999	offset	4.4	4	47
-0.0999999999999996	0.1	0 4.4	offset	0	offset	4.4	4	1297
0.1	0.3	0.2 4.4	offset	0.2	offset	4.4	4	1347
0.3	0.5	0.4 4.4	offset	0.4	offset	4.4	4	1397
0.5	0.700000000000001	0.6 4.4	offset	0.600000000000001	offset	4.4	4	1447
0.700000000000001	0.9	0.800000000000001 4.4	offset	0.800000000000001	offset	4.4	4	1497
0.9	1.1	1 4.4	offset	1	offset	4.4	4	1548
1.1	1.3	1.2 4.4	offset	1.2	offset	4.4	4	1598
1.3	1.5	1.4 4.4	offset	1.4	offset	4.4	4	1648
1.5	1.7	1.6 4.4	offset	1.6	offset	4.4	4	1698
1.7	1.9	1.8 4.4	offset	1.8	offset	4.4	4	1748
1.9	2.1	2 4.4	offset	2	offset	4.4	4	1798
2.1	2.3	2.2 4.4	offset	2.2	offset	4.4	4	1848
2.3	2.5	2.4 4.4	offset	2.4	offset	4.4	4	1898
2.5	2.7	2.6 4.4	offset	2.6	offset	4.4	4	1948
2.7	2.9	2.8 4.4	offset	2.8	offset	4.4	4	1998
2.9	3.1	3 4.4	offset	3	offset	4.4	4	2048
3.1	3.3	3.2 4.4	offset	3.2	offset	4.4	4	2098
3.3	3.5	3.4 4.4	offset	3.4	offset	4.4	4	2148
3.5	3.7	3.6 4.4	offset	3.6	offset	4.4	4	2198
3.7	3.9	3.8 4.4	offset	3.8	offset	4.4	4	2248
3.9	4.1	4 4.4	offset	4	offset	4.4	4	2298
4.1	4.3	4.2 4.4	offset	4.2	offset	4.4	4	2348
4.3	4.5	1	offset	4.4	offset	4.4	4	1501
4.5	4.7	4.6 4.4	offset	4.6	offset	4.4	4	2449
4.7	4.9	4.8 4.4	offset	4.8	offset	4.4	4	2499
4.9	5.1	5 4.4	offset	5	offset	4.4	4	2549
-5.1	-4.9	-5 4.6	offset	-5	offset	4.6	4	1248
-4.9	-4.7	-4.8 4.6	offset	-4.8	offset	4.6	4	1198
-4.7	-4.5	-4.6 4.6	offset	-4.6	offset	4.6	4	1148
-4.5	-4.3	-4.4 4.6	offset	-4.4	offset	4.6	4	1098
-4.3	-4.1	-4.2 4.6	offset	-4.2	offset	4.6	4	1048
-4.1	-3.9	-4 4.6	offset	-4	offset	4.6	4	998
-3.9	-3.7	-3.8 4.6	offset	-3.8	offset	4.6	4	948
-3.7	-3.5	-3.6 4.6	offset	-3.6	offset	4.6	4	898
-3.5	-3.3	-3.4 4.6	offset	-3.4	offset	4.6	4	848
-3.3	-3.1	-3.2 4.6	offset	-3.2	offset	4.6	4	798
-3.1	-2.9	-3 4.6	offset	-3	offset	4.6	4	748
-2.9	-2.7	-2.8 4.6	offset	-2.8	offset	4.6	4	698
-2.7	-2.5	-2.6 4.6	offset	-2.6	offset	4.6	4	648
-2.5	-2.3	-2.4 4.6	offset	-2.4	offset	4.6	4	598
-2.3	-2.1	-2.2 4.6	offset	-2.2	offset	4.6	4	548
-2.1	-1.9	-2 4.6	offset	-2	offset	4.6	4	498
-1.9	-1.7	-1.8 4.6	offset	-1.8	offset	4.6	4	448
-1.7	-1.5	-1.6 4.6	offset	-1.6	offset	4.6	4	398
-1.5	-1.3	-1.4 4.6	offset	-1.4	offset	4.6	4	348
-1.3	-1.1	-1.2 4.6	offset	-1.2	offset	4.6	4	298
-1.1	-0.9	-1 4.6	offset	-1	offset	4.6	4	248
-0.9	-0.7	-0.8 4.6	offset	-0.8	offset	4.6	4	198
-0.7	-0.5	-0.6 4.6	offset	-0.6	offset	4.6	4	148
-0.5	-0.299999999999999	-0.399999999999999 4.6	offset	-0.399999999999999	offset	4.6	4	98
-0.299999999999999	-0.0999999999999996	-0.199999999999999 4.6	offset	-0.199999999999999	offset	4.6	4	48
-0.0999999999999996	0.1	0 4.6	offset	0	offset	4.6	4	1298
0.1	0.3	0.2 4.6	offset	0.2	offset	4.6	4	1348
0.3	0.5	0.4 4.6	offset	0.4	offset	4.6	4	1398
0.5	0.700000000000001	0.6 4.6	offset	0.600000000000001	offset	4.6	4	1448
0.700000000000001	0.9	0.800000000000001 4.6	offset	0.800000000000001	offset	4.6	4	1498
0.9	1.1	1 4.6	offset	1	offset	4.6	4	1549
1.1	1.3	1.2 4.6	offset	1.2	offset	4.6	4	1599
1.3	1.5	1.4 4.6	offset	1.4	offset	4.6	4	1649
1.5	1.7	1.6 4.6	offset	1.6	offset	4.6	4	1699
1.7	1.9	1.8 4.6	offset	1.8	offset	4.6	4	1749
1.9	2.1	2 4.6	offset	2	offset	4.6	4	1799
2.1	2.3	2.2 4.6	offset	2.2	offset	4.6	4	1849
2.3	2.5	2.4 4.6	offset	2.4	offset	4.6	4	1899
2.5	2.7	2.6 4.6	offset	2.6	offset	4.6	4	1949
2.7	2.9	2.8 4.6	offset	2.8	offset	4.6	4	1999
2.9	3.1	3 4.6	offset	3	offset	4.6	4	2049
3.1	3.3	3.2 4.6	offset	3.2	offset	4.6	4	2099
3.3	3.5	3.4 4.6	offset	3.4	offset	4.6	4	2149
3.5	3.7	3.6 4.6	offset	3.6	offset	4.6	4	2199
3.7	3.9	3.8 4.6	offset	3.8	offset	4.6	4	2249
3.9	4.1	4 4.6	offset	4	offset	4.6	4	2299
4.1	4.3	4.2 4.6	offset	4.2	offset	4.6	4	2349
4.3	4.5	4.4 4.6	offset	4.4	offset	4.6	4	2399
4.5	4.7	1	offset	4.6	offset	4.6	4	1501
4.7	4.9	4.8 4.6	offset	4.8	offset	4.6	4	2500
4.9	5.1	5 4.6	offset	5	offset	4.6	4	2550
-5.1	-4.9	-5 4.8	offset	-5	offset	4.8	4	1249
-4.9	-4.7	-4.8 4.8	offset	-4.8	offset	4.8	4	1199
-4.7	-4.5	-4.6 4.8	offset	-4.6	offset	4.8	4	1149
-4.5	-4.3	-4.4 4.8	offset	-4.4	offset	4.8	4	1099
-4.3	-4.1	-4.2 4.8	offset	-4.2	offset	4.8	4	1049
-4.1	-3.9	-4 4.8	offset	-4	offset	4.8	4	999
-3.9	-3.7	-3.8 4.8	offset	-3.8	offset	4.8	4	949
-3.7	-3.5	-3.6 4.8	offset	-3.6	offset	4.8	4	899
-3.5	-3.3	-3.4 4.8	offset	-3.4	offset	4.8	4	849
-3.3	-3.1	-3.2 4.8	offset	-3.2	offset	4.8	4	799
-3.1	-2.9	-3 4.8	offset	-3	offset	4.8	4	749
-2.9	-2.7	-2.8 4.8	offset	-2.8	offset	4.8	4	699
-2.7	-2.5	-2.6 4.8	offset	-2.6	offset	4.8	4	649
-2.5	-2.3	-2.4 4.8	offset	-2.4	offset	4.8	4	599
-2.3	-2.1	-2.2 4.8	offset	-2.2	offset	4.8	4	549
-2.1	-1.9	-2 4.8	offset	-2	offset	4.8	4	499
-1.9	-1.7	-1.8 4.8	offset	-1.8	offset	4.8	4	449
-1.7	-1.5	-1.6 4.8	offset	-1.6	offset	4.8	4	399
-1.5	-1.3	-1.4 4.8	offset	-1.4	offset	4.8	4	349
-1.3	-1.1	-1.2 4.8	offset	-1.2	offset	4.8	4	299
-1.1	-0.9	-1 4.8	offset	-1	offset	4.8	4	249
-0.9	-0.7	-0.8 4.8	offset	-0.8	offset	4.8	4	199
-0.7	-0.5	-0.6 4.8	offset	-0.6	offset	4.8	4	149
-0.5	-0.299999999999999	-0.399999999999999 4.8	offset	-0.399999999999999	offset	4.8	4	99
-0.299999999999999	-0.0999999999999996	-0.199999999999999 4.8	offset	-0.199999999999999	offset	4.8	4	49
-0.0999999999999996	0.1	0 4.8	offset	0	offset	4.8	4	1299
0.1	0.3	0.2 4.8	offset	0.2	offset	4.8	4	1349
0.3	0.5	0.4 4.8	offset	0.4	offset	4.8	4	1399
0.5	0.700000000000001	0.6 4.8	offset	0.600000000000001	offset	4.8	4	1449
0.700000000000001	0.9	0.800000000000001 4.8	offset	0.800000000000001	offset	4.8	4	1499
0.9	1.1	1 4.8	offset	1	offset	4.8	4	1550
1.1	1.3	1.2 4.8	offset	1.2	offset	4.8	4	1600
1.3	1.5	1.4 4.8	offset	1.4	offset	4.8	4	1650
1.5	1.7	1.6 4.8	offset	1.6	offset	4.8	4	1700
1.7	1.9	1.8 4.8	offset	1.8	offset	4.8	4	1750
1.9	2.1	2 4.8	offset	2	offset	4.8	4	1800
2.1	2.3	2.2 4.8	offset	2.2	offset	4.8	4	1850
2.3	2.5	2.4 4.8	offset	2.4	offset	4.8	4	1900
2.5	2.7	2.6 4.8	offset	2.6	offset	4.8	4	1950
2.7	2.9	2.8 4.8	offset	2.8	offset	4.8	4	2000
2.9	3.1	3 4.8	offset	3	offset	4.8	4	2050
3.1	3.3	3.2 4.8	offset	3.2	offset	4.8	4	2100
3.3	3.5	3.4 4.8	offset	3.4	offset	4.8	4	2150
3.5	3.7	3.6 4.8	offset	3.6	offset	4.8	4	2200
3.7	3.9	3.8 4.8	offset	3.8	offset	4.8	4	2250
3.9	4.1	4 4.8	offset	4	offset	4.8	4	2300
4.1	4.3	4.2 4.8	offset	4.2	offset	4.8	4	2350
4.3	4.5	4.4 4.8	offset	4.4	offset	4.8	4	2400
4.5	4.7	4.6 4.8	offset	4.6	offset	4.8	4	2450
4.7	4.9	1	offset	4.8	offset	4.8	4	1501
4.9	5.1	5 4.8	offset	5	offset	4.8	4	2551
-5.1	-4.9	-5 5	offset	-5	offset	5	4	1250
-4.9	-4.7	-4.8 5	offset	-4.8	offset	5	4	1200
-4.7	-4.5	-4.6 5	offset	-4.6	offset	5	4	1150
-4.5	-4.3	-4.4 5	offset	-4.4	offset	5	4	1100
-4.3	-4.1	-4.2 5	offset	-4.2	offset	5	4	1050
-4.1	-3.9	-4 5	offset	-4	offset	5	4	1000
-3.9	-3.7	-3.8 5	offset	-3.8	offset	5	4	950
-3.7	-3.5	-3.6 5	offset	-3.6	offset	5	4	900
-3.5	-3.3	-3.4 5	offset	-3.4	offset	5	4	850
-3.3	-3.1	-3.2 5	offset	-3.2	offset	5	4	800
-3.1	-2.9	-3 5	offset	-3	offset	5	4	750
-2.9	-2.7	-2.8 5	offset	-2.8	offset	5	4	700
-2.7	-2.5	-2.6 5	offset	-2.6	offset	5	4	650
-2.5	-2.3	-2.4 5	offset	-2.4	offset	5	4	600
-2.3	-2.1	-2.2 5	offset	-2.2	offset	5	4	550
-2.1	-1.9	-2 5	offset	-2	offset	5	4	500
-1.9	-1.7	-1.8 5	offset	-1.8	offset	5	4	450
-1.7	-1.5	-1.6 5	offset	-1.6	offset	5	4	400
-1.5	-1.3	-1.4 5	offset	-1.4	offset	5	4	350
-1.3	-1.1	-1.2 5	offset	-1.2	offset	5	4	300
-1.1	-0.9	-1 5	offset	-1	offset	5	4	250
-0.9	-0.7	-0.8 5	offset	-0.8	offset	5	4	200
-0.7	-0.5	-0.6 5	offset	-0.6	offset	5	4	150
-0.5	-0.299999999999999	-0.399999999999999 5	offset	-0.399999999999999	offset	5	4	100
-0.299999999999999	-0.0999999999999996	-0.199999999999999 5	offset	-0.199999999999999	offset	5	4	50
-0.0999999999999996	0.1	0 5	offset	0	offset	5	4	1300
0.1	0.3	0.2 5	offset	0.2	offset	5	4	1350
0.3	0.5	0.4 5	offset	0.4	offset	5	4	1400
0.5	0.700000000000001	0.6 5	offset	0.600000000000001	offset	5	4	1450
0.700000000000001	0.9	0.800000000000001 5	offset	0.800000000000001	offset	5	4	1500
0.9	1.1	1 5	offset	1	offset	5	4	1551
1.1	1.3	1.2 5	offset	1.2	offset	5	4	1601
1.3	1.5	1.4 5	offset	1.4	offset	5	4	1651
1.5	1.7	1.6 5	offset	1.6	offset	5	4	1701
1.7	1.9	1.8 5	offset	1.8	offset	5	4	1751
1.9	2.1	2 5	offset	2	offset	5	4	1801
2.1	2.3	2.2 5	offset	2.2	offset	5	4	1851
2.3	2.5	2.4 5	offset	2.4	offset	5	4	1901
2.5	2.7	2.6 5	offset	2.6	offset	5	4	1951
2.7	2.9	2.8 5	offset	2.8	offset	5	4	2001
2.9	3.1	3 5	offset	3	offset	5	4	2051
3.1	3.3	3.2 5	offset	3.2	offset	5	4	2101
3.3	3.5	3.4 5	offset	3.4	offset	5	4	2151
3.5	3.7	3.6 5	offset	3.6	offset	5	4	2201
3.7	3.9	3.8 5	offset	3.8	offset	5	4	2251
3.9	4.1	4 5	offset	4	offset	5	4	2301
4.1	4.3	4.2 5	offset	4.2	offset	5	4	2351
4.3	4.5	4.4 5	offset	4.4	offset	5	4	2401
4.5	4.7	4.6 5	offset	4.6	offset	5	4	2451
4.7	4.9	4.8 5	offset	4.8	offset	5	4	2501
4.9	5.1	1	offset	5	offset	5	4	1501
-5.1	-4.9	1	offset	-5	offset	-5	5	1501
-4.9	-4.7	-4.8 -5	offset	-4.8	offset	-5	5	1174
-4.7	-4.5	-4.6 -5	offset	-4.6	offset	-5	5	1124
-4.5	-4.3	-4.4 -5	offset	-4.4	offset	-5	5	1074
-4.3	-4.1	-4.2 -5	offset	-4.2	offset	-5	5	1024
-4.1	-3.9	-4 -5	offset	-4	offset	-5	5	974
-3.9	-3.7	-3.8 -5	offset	-3.8	offset	-5	5	924
-3.7	-3.5	-3.6 -5	offset	-3.6	offset	-5	5	874
-3.5	-3.3	-3.4 -5	offset	-3.4	offset	-5	5	824
-3.3	-3.1	-3.2 -5	offset	-3.2	offset	-5	5	774
-3.1	-2.9	-3 -5	offset	-3	offset	-5	5	724
-2.9	-2.7	-2.8 -5	offset	-2.8	offset	-5	5	674
-2.7	-2.5	-2.6 -5	offset	-2.6	offset	-5	5	624
-2.5	-2.3	-2.4 -5	offset	-2.4	offset	-5	5	574
-2.3	-2.1	-2.2 -5	offset	-2.2	offset	-5	5	524
-2.1	-1.9	-2 -5	offset	-2	offset	-5	5	474
-1.9	-1.7	-1.8 -5	offset	-1.8	offset	-5	5	424
-1.7	-1.5	-1.6 -5	offset	-1.6	offset	-5	5	374
-1.5	-1.3	-1.4 -5	offset	-1.4	offset	-5	5	324
-1.3	-1.1	-1.2 -5	offset	-1.2	offset	-5	5	274
-1.1	-0.9	-1 -5	offset	-1	offset	-5	5	224
-0.9	-0.7	-0.8 -5	offset	-0.8	offset	-5	5	174
-0.7	-0.5	-0.6 -5	offset	-0.6	offset	-5	5	124
-0.5	-0.299999999999999	-0.399999999999999 -5	offset	-0.399999999999999	offset	-5	5	74
-0.299999999999999	-0.0999999999999996	-0.199999999999999 -5	offset	-0.199999999999999	offset	-5	5	24
-0.0999999999999996	0.1	0 -5	offset	0	offset	-5	5	1275
0.1	0.3	0.2 -5	offset	0.2	offset	-5	5	1325
0.3	0.5	0.4 -5	offset	0.4	offset	-5	5	1375
0.5	0.700000000000001	0.6 -5	offset	0.600000000000001	offset	-5	5	1425
0.700000000000001	0.9	0.800000000000001 -5	offset	0.800000000000001	offset	-5	5	1475
0.9	1.1	1 -5	offset	1	offset	-5	5	1526
1.1	1.3	1.2 -5	offset	1.2	offset	-5	5	1576
1.3	1.5	1.4 -5	offset	1.4	offset	-5	5	1626
1.5	1.7	1.6 -5	offset	1.6	offset	-5	5	1676
1.7	1.9	1.8 -5	offset	1.8	offset	-5	5	1726
1.9	2.1	2 -5	offset	2	offset	-5	5	1776
2.1	2.3	2.2 -5	offset	2.2	offset	-5	5	1826
2.3	2.5	2.4 -5	offset	2.4	offset	-5	5	1876
2.5	2.7	2.6 -5	offset	2.6	offset	-5	5	1926
2.7	2.9	2.8 -5	offset	2.8	offset	-5	5	1976
2.9	3.1	3 -5	offset	3	offset	-5	5	2026
3.1	3.3	3.2 -5	offset	3.2	offset	-5	5	2076
3.3	3.5	3.4 -5	offset	3.4	offset	-5	5	2126
3.5	3.7	3.6 -5	offset	3.6	offset	-5	5	2176
3.7	3.9	3.8 -5	offset	3.8	offset	-5	5	2226
3.9	4.1	4 -5	offset	4	offset	-5	5	2276
4.1	4.3	4.2 -5	offset	4.2	offset	-5	5	2326
4.3	4.5	4.4 -5	offset	4.4	offset	-5	5	2376
4.5	4.7	4.6 -5	offset	4.6	offset	-5	5	2426
4.7	4.9	4.8 -5	offset	4.8	offset	-5	5	2476
4.9	5.1	5 -5	offset	5	offset	-5	5	2526
-5.1	-4.9	-5 -4.8	offset	-5	offset	-4.8	5	1224
-4.9	-4.7	1	offset	-4.8	offset	-4.8	5	1501
-4.7	-4.5	-4.6 -4.8	offset	-4.6	offset	-4.8	5	1123
-4.5	-4.3	-4.4 -4.8	offset	-4.4	offset	-4.8	5	1073
-4.3	-4.1	-4.2 -4.8	offset	-4.2	offset	-4.8	5	1023
-4.1	-3.9	-4 -4.8	offset	-4	offset	-4.8	5	973
-3.9	-3.7	-3.8 -4.8	offset	-3.8	offset	-4.8	5	923
-3.7	-3.5	-3.6 -4.8	offset	-3.6	offset	-4.8	5	873
-3.5	-3.3	-3.4 -4.8	offset	-3.4	offset	-4.8	5	823
-3.3	-3.1	-3.2 -4.8	offset	-3.2	offset	-4.8	5	773
-3.1	-2.9	-3 -4.8	offset	-3	offset	-4.8	5	723
-2.9	-2.7	-2.8 -4.8	offset	-2.8	offset	-4.8	5	673
-2.7	-2.5	-2.6 -4.8	offset	-2.6	offset	-4.8	5	623
-2.5	-2.3	-2.4 -4.8	offset	-2.4	offset	-4.8	5	573
-2.3	-2.1	-2.2 -4.8	offset	-2.2	offset	-4.8	5	523
-2.1	-1.9	-2 -4.8	offset	-2	offset	-4.8	5	473
-1.9	-1.7	-1.8 -4.8	offset	-1.8	offset	-4.8	5	423
-1.7	-1.5	-1.6 -4.8	offset	-1.6	offset	-4.8	5	373
-1.5	-1.3	-1.4 -4.8	offset	-1.4	offset	-4.8	5	323
-1.3	-1.1	-1.2 -4.8	offset	-1.2	offset	-4.8	5	273
-1.1	-0.9	-1 -4.8	offset	-1	offset	-4.8	5	223
-0.9	-0.7	-0.8 -4.8	offset	-0.8	offset	-4.8	5	173
-0.7	-0.5	-0.6 -4.8	offset	-0.6	offset	-4.8	5	123
-0.5	-0.299999999999999	-0.399999999999999 -4.8	offset	-0.399999999999999	offset	-4.8	5	73
-0.299999999999999	-0.0999999999999996	-0.199999999999999 -4.8	offset	-0.199999999999999	offset	-4.8	5	23
-0.0999999999999996	0.1	0 -4.8	offset	0	offset	-4.8	5	1274
0.1	0.3	0.2 -4.8	offset	0.2	offset	-4.8	5	1324
0.3	0.5	0.4 -4.8	offset	0.4	offset	-4.8	5	1374
0.5	0.700000000000001	0.6 -4.8	offset	0.600000000000001	offset	-4.8	5	1424
0.700000000000001	0.9	0.800000000000001 -4.8	offset	0.800000000000001	offset	-4.8	5	1474
0.9	1.1	1 -4.8	offset	1	offset	-4.8	5	1525
1.1	1.3	1.2 -4.8	offset	1.2	offset	-4.8	5	1575
1.3	1.5	1.4 -4.8	offset	1.4	offset	-4.8	5	1625
1.5	1.7	1.6 -4.8	offset	1.6	offset	-4.8	5	1675
1.7	1.9	1.8 -4.8	offset	1.8	offset	-4.8	5	1725
1.9	2.1	2 -4.8	offset	2	offset	-4.8	5	1775
2.1	2.3	2.2 -4.8	offset	2.2	offset	-4.8	5	1825
2.3	2.5	2.4 -4.8	offset	2.4	offset	-4.8	5	1875
2.5	2.7	2.6 -4.8	offset	2.6	offset	-4.8	5	1925
2.7	2.9	2.8 -4.8	offset	2.8	offset	-4.8	5	1975
2.9	3.1	3 -4.8	offset	3	offset	-4.8	5	2025
3.1	3.3	3.2 -4.8	offset	3.2	offset	-4.8	5	2075
3.3	3.5	3.4 -4.8	offset	3.4	offset	-4.8	5	2125
3.5	3.7	3.6 -4.8	offset	3.6	offset	-4.8	5	2175
3.7	3.9	3.8 -4.8	offset	3.8	offset	-4.8	5	2225
3.9	4.1	4 -4.8	offset	4	offset	-4.8	5	2275
4.1	4.3	4.2 -4.8	offset	4.2	offset	-4.8	5	2325
4.3	4.5	4.4 -4.8	offset	4.4	offset	-4.8	5	2375
4.5	4.7	4.6 -4.8	offset	4.6	offset	-4.8	5	2425
4.7	4.9	4.8 -4.8	offset	4.8	offset	-4.8	5	2475
4.9	5.1	5 -4.8	offset	5	offset	-4.8	5	2525
-5.1	-4.9	-5 -4.6	offset	-5	offset	-4.6	5	1223
-4.9	-4.7	-4.8 -4.6	offset	-4.8	offset	-4.6	5	1173
-4.7	-4.5	1	offset	-4.6	offset	-4.6	5	1501
-4.5	-4.3	-4.4 -4.6	offset	-4.4	offset	-4.6	5	1072
-4.3	-4.1	-4.2 -4.6	offset	-4.2	offset	-4.6	5	1022
-4.1	-3.9	-4 -4.6	offset	-4	offset	-4.6	5	972
-3.9	-3.7	-3.8 -4.6	offset	-3.8	offset	-4.6	5	922
-3.7	-3.5	-3.6 -4.6	offset	-3.6	offset	-4.6	5	872
-3.5	-3.3	-3.4 -4.6	offset	-3.4	offset	-4.6	5	822
-3.3	-3.1	-3.2 -4.6	offset	-3.2	offset	-4.6	5	772
-3.1	-2.9	-3 -4.6	offset	-3	offset	-4.6	5	722
-2.9	-2.7	-2.8 -4.6	offset	-2.8	offset	-4.6	5	672
-2.7	-2.5	-2.6 -4.6	offset	-2.6	offset	-4.6	5	622
-2.5	-2.3	-2.4 -4.6	offset	-2.4	offset	-4.6	5	572
-2.3	-2.1	-2.2 -4.6	offset	-2.2	offset	-4.6	5	522
-2.1	-1.9	-2 -4.6	offset	-2	offset	-4.6	5	472
-1.9	-1.7	-1.8 -4.6	offset	-1.8	offset	-4.6	5	422
-1.7	-1.5	-1.6 -4.6	offset	-1.6	offset	-4.6	5	372
-1.5	-1.3	-1.4 -4.6	offset	-1.4	offset	-4.6	5	322
-1.3	-1.1	-1.2 -4.6	offset	-1.2	offset	-4.6	5	272
-1.1	-0.9	-1 -4.6	offset	-1	offset	-4.6	5	222
-0.9	-0.7	-0.8 -4.6	offset	-0.8	offset	-4.6	5	172
-0.7	-0.5	-0.6 -4.6	offset	-0.6	offset	-4.6	5	122
-0.5	-0.299999999999999	-0.399999999999999 -4.6	offset	-0.399999999999999	offset	-4.6	5	72
-0.299999999999999	-0.0999999999999996	-0.199999999999999 -4.6	offset	-0.199999999999999	offset	-4.6	5	22
-0.0999999999999996	0.1	0 -4.6	offset	0	offset	-4.6	5	1273
0.1	0.3	0.2 -4.6	offset	0.2	offset	-4.6	5	1323
0.3	0.5	0.4 -4.6	offset	0.4	offset	-4.6	5	1373
0.5	0.700000000000001	0.6 -4.6	offset	0.600000000000001	offset	-4.6	5	1423
0.700000000000001	0.9	0.800000000000001 -4.6	offset	0.800000000000001	offset	-4.6	5	1473
0.9	1.1	1 -4.6	offset	1	offset	-4.6	5	1524
1.1	1.3	1.2 -4.6	offset	1.2	offset	-4.6	5	1574
1.3	1.5	1.4 -4.6	offset	1.4	offset	-4.6	5	1624
1.5	1.7	1.6 -4.6	offset	1.6	offset	-4.6	5	1674
1.7	1.9	1.8 -4.6	offset	1.8	offset	-4.6	5	1724
1.9	2.1	2 -4.6	offset	2	offset	-4.6	5	1774
2.1	2.3	2.2 -4.6	offset	2.2	offset	-4.6	5	1824
2.3	2.5	2.4 -4.6	offset	2.4	offset	-4.6	5	1874
2.5	2.7	2.6 -4.6	offset	2.6	offset	-4.6	5	1924
2.7	2.9	2.8 -4.6	offset	2.8	offset	-4.6	5	1974
2.9	3.1	3 -4.6	offset	3	offset	-4.6	5	2024
3.1	3.3	3.2 -4.6	offset	3.2	offset	-4.6	5	2074
3.3	3.5	3.4 -4.6	offset	3.4	offset	-4.6	5	2124
3.5	3.7	3.6 -4.6	offset	3.6	offset	-4.6	5	2174
3.7	3.9	3.8 -4.6	offset	3.8	offset	-4.6	5	2224
3.9	4.1	4 -4.6	offset	4	offset	-4.6	5	2274
4.1	4.3	4.2 -4.6	offset	4.2	offset	-4.6	5	2324
4.3	4.5	4.4 -4.6	offset	4.4	offset	-4.6	5	2374
4.5	4.7	4.6 -4.6	offset	4.6	offset	-4.6	5	2424
4.7	4.9	4.8 -4.6	offset	4.8	offset	-4.6	5	2474
4.9	5.1	5 -4.6	offset	5	offset	-4.6	5	2524
-5.1	-4.9	-5 -4.4	offset	-5	offset	-4.4	5	1222
-4.9	-4.7	-4.8 -4.4	offset	-4.8	offset	-4.4	5	1172
-4.7	-4.5	-4.6 -4.4	offset	-4.6	offset	-4.4	5	1122
-4.5	-4.3	1	offset	-4.4	offset	-4.4	5	1501
-4.3	-4.1	-4.2 -4.4	offset	-4.2	offset	-4.4	5	1021
-4.1	-3.9	-4 -4.4	offset	-4	offset	-4.4	5	971
-3.9	-3.7	-3.8 -4.4	offset	-3.8	offset	-4.4	5	921
-3.7	-3.5	-3.6 -4.4	offset	-3.6	offset	-4.4	5	871
-3.5	-3.3	-3.4 -4.4	offset	-3.4	offset	-4.4	5	821
-3.3	-3.1	-3.2 -4.4	offset	-3.2	offset	-4.4	5	771
-3.1	-2.9	-3 -4.4	offset	-3	offset	-4.4	5	721
-2.9	-2.7	-2.8 -4.4	offset	-2.8	offset	-4.4	5	671
-2.7	-2.5	-2.6 -4.4	offset	-2.6	offset	-4.4	5	621
-2.5	-2.3	-2.4 -4.4	offset	-2.4	offset	-4.4	5	571
-2.3	-2.1	-2.2 -4.4	offset	-2.2	offset	-4.4	5	521
-2.1	-1.9	-2 -4.4	offset	-2	offset	-4.4	5	471
-1.9	-1.7	-1.8 -4.4	offset	-1.8	offset	-4.4	5	421
-1.7	-1.5	-1.6 -4.4	offset	-1.6	offset	-4.4	5	371
-1.5	-1.3	-1.4 -4.4	offset	-1.4	offset	-4.4	5	321
-1.3	-1.1	-1.2 -4.4	offset	-1.2	offset	-4.4	5	271
-1.1	-0.9	-1 -4.4	offset	-1	offset	-4.4	5	221
-0.9	-0.7	-0.8 -4.4	offset	-0.8	offset	-4.4	5	171
-0.7	-0.5	-0.6 -4.4	offset	-0.6	offset	-4.4	5	121
-0.5	-0.299999999999999	-0.399999999999999 -4.4	offset	-0.399999999999999	offset	-4.4	5	71
-0.299999999999999	-0.0999999999999996	-0.199999999999999 -4.4	offset	-0.199999999999999	offset	-4.4	5	21
-0.0999999999999996	0.1	0 -4.4	offset	0	offset	-4.4	5	1272
0.1	0.3	0.2 -4.4	offset	0.2	offset	-4.4	5	1322
0.3	0.5	0.4 -4.4	offset	0.4	offset	-4.4	5	1372
0.5	0.700000000000001	0.6 -4.4	offset	0.600000000000001	offset	-4.4	5	1422
0.700000000000001	0.9	0.800000000000001 -4.4	offset	0.800000000000001	offset	-4.4	5	1472
0.9	1.1	1 -4.4	offset	1	offset	-4.4	5	1523
1.1	1.3	1.2 -4.4	offset	1.2	offset	-4.4	5	1573
1.3	1.5	1.4 -4.4	offset	1.4	offset	-4.4	5	1623
1.5	1.7	1.6 -4.4	offset	1.6	offset	-4.4	5	1673
1.7	1.9	1.8 -4.4	offset	1.8	offset	-4.4	5	1723
1.9	2.1	2 -4.4	offset	2	offset	-4.4	5	1773
2.1	2.3	2.2 -4.4	offset	2.2	offset	-4.4	5	1823
2.3	2.5	2.4 -4.4	offset	2.4	offset	-4.4	5	1873
2.5	2.7	2.6 -4.4	offset	2.6	offset	-4.4	5	1923
2.7	2.9	2.8 -4.4	offset	2.8	offset	-4.4	5	1973
2.9	3.1	3 -4.4	offset	3	offset	-4.4	5	2023
3.1	3.3	3.2 -4.4	offset	3.2	offset	-4.4	5	2073
3.3	3.5	3.4 -4.4	offset	3.4	offset	-4.4	5	2123
3.5	3.7	3.6 -4.4	offset	3.6	offset	-4.4	5	2173
3.7	3.9	3.8 -4.4	offset	3.8	offset	-4.4	5	2223
3.9	4.1	4 -4.4	offset	4	offset	-4.4	5	2273
4.1	4.3	4.2 -4.4	offset	4.2	offset	-4.4	5	2323
4.3	4.5	4.4 -4.4	offset	4.4	offset	-4.4	5	2373
4.5	4.7	4.6 -4.4	offset	4.6	offset	-4.4	5	2423
4.7	4.9	4.8 -4.4	offset	4.8	offset	-4.4	5	2473
4.9	5.1	5 -4.4	offset	5	offset	-4.4	5	2523
-5.1	-4.9	-5 -4.2	offset	-5	offset	-4.2	5	1221
-4.9	-4.7	-4.8 -4.2	offset	-4.8	offset	-4.2	5	1171
-4.7	-4.5	-4.6 -4.2	offset	-4.6	offset	-4.2	5	1121
-4.5	-4.3	-4.4 -4.2	offset	-4.4	offset	-4.2	5	1071
-4.3	-4.1	1	offset	-4.2	offset	-4.2	5	1501
-4.1	-3.9	-4 -4.2	offset	-4	offset	-4.2	5	970
-3.9	-3.7	-3.8 -4.2	offset	-3.8	offset	-4.2	5	920
-3.7	-3.5	-3.6 -4.2	offset	-3.6	offset	-4.2	5	870
-3.5	-3.3	-3.4 -4.2	offset	-3.4	offset	-4.2	5	820
-3.3	-3.1	-3.2 -4.2	offset	-3.2	offset	-4.2	5	770
-3.1	-2.9	-3 -4.2	offset	-3	offset	-4.2	5	720
-2.9	-2.7	-2.8 -4.2	offset	-2.8	offset	-4.2	5	670
-2.7	-2.5	-2.6 -4.2	offset	-2.6	offset	-4.2	5	620
-2.5	-2.3	-2.4 -4.2	offset	-2.4	offset	-4.2	5	570
-2.3	-2.1	-2.2 -4.2	offset	-2.2	offset	-4.2	5	520
-2.1	-1.9	-2 -4.2	offset	-2	offset	-4.2	5	470
-1.9	-1.7	-1.8 -4.2	offset	-1.8	offset	-4.2	5	420
-1.7	-1.5	-1.6 -4.2	offset	-1.6	offset	-4.2	5	370
-1.5	-1.3	-1.4 -4.2	offset	-1.4	offset	-4.2	5	320
-1.3	-1.1	-1.2 -4.2	offset	-1.2	offset	-4.2	5	270
-1.1	-0.9	-1 -4.2	offset	-1	offset	-4.2	5	220
-0.9	-0.7	-0.8 -4.2	offset	-0.8	offset	-4.2	5	170
-0.7	-0.5	-0.6 -4.2	offset	-0.6	offset	-4.2	5	120
-0.5	-0.299999999999999	-0.399999999999999 -4.2	offset	-0.399999999999999	offset	-4.2	5	70
-0.299999999999999	-0.0999999999999996	-0.199999999999999 -4.2	offset	-0.199999999999999	offset	-4.2	5	20
-0.0999999999999996	0.1	0 -4.2	offset	0	offset	-4.2	5	1271
0.1	0.3	0.2 -4.2	offset	0.2	offset	-4.2	5	1321
0.3	0.5	0.4 -4.2	offset	0.4	offset	-4.2	5	1371
0.5	0.700000000000001	0.6 -4.2	offset	0.600000000000001	offset	-4.2	5	1421
0.700000000000001	0.9	0.800000000000001 -4.2	offset	0.800000000000001	offset	-4.2	5	1471
0.9	1.1	1 -4.2	offset	1	offset	-4.2	5	1522
1.1	1.3	1.2 -4.2	offset	1.2	offset	-4.2	5	1572
1.3	1.5	1.4 -4.2	offset	1.4	offset	-4.2	5	1622
1.5	1.7	1.6 -4.2	offset	1.6	offset	-4.2	5	1672
1.7	1.9	1.8 -4.2	offset	1.8	offset	-4.2	5	1722
1.9	2.1	2 -4.2	offset	2	offset	-4.2	5	1772
2.1	2.3	2.2 -4.2	offset	2.2	offset	-4.2	5	1822
2.3	2.5	2.4 -4.2	offset	2.4	offset	-4.2	5	1872
2.5	2.7	2.6 -4.2	offset	2.6	offset	-4.2	5	1922
2.7	2.9	2.8 -4.2	offset	2.8	offset	-4.2	5	1972
2.9	3.1	3 -4.2	offset	3	offset	-4.2	5	2022
3.1	3.3	3.2 -4.2	offset	3.2	offset	-4.2	5	2072
3.3	3.5	3.4 -4.2	offset	3.4	offset	-4.2	5	2122
3.5	3.7	3.6 -4.2	offset	3.6	offset	-4.2	5	2172
3.7	3.9	3.8 -4.2	offset	3.8	offset	-4.2	5	2222
3.9	4.1	4 -4.2	offset	4	offset	-4.2	5	2272
4.1	4.3	4.2 -4.2	offset	4.2	offset	-4.2	5	2322
4.3	4.5	4.4 -4.2	offset	4.4	offset	-4.2	5	2372
4.5	4.7	4.6 -4.2	offset	4.6	offset	-4.2	5	2422
4.7	4.9	4.8 -4.2	offset	4.8	offset	-4.2	5	2472
4.9	5.1	5 -4.2	offset	5	offset	-4.2	5	2522
-5.1	-4.9	-5 -4	offset	-5	offset	-4	5	1220
-4.9	-4.7	-4.8 -4	offset	-4.8	offset	-4	5	1170
-4.7	-4.5	-4.6 -4	offset	-4.6	offset	-4	5	1120
-4.5	-4.3	-4.4 -4	offset	-4.4	offset	-4	5	1070
-4.3	-4.1	-4.2 -4	offset	-4.2	offset	-4	5	1020
-4.1	-3.9	1	offset	-4	offset	-4	5	1501
-3.9	-3.7	-3.8 -4	offset	-3.8	offset	-4	5	919
-3.7	-3.5	-3.6 -4	offset	-3.6	offset	-4	5	869
-3.5	-3.3	-3.4 -4	offset	-3.4	offset	-4	5	819
-3.3	-3.1	-3.2 -4	offset	-3.2	offset	-4	5	769
-3.1	-2.9	-3 -4	offset	-3	offset	-4	5	719
-2.9	-2.7	-2.8 -4	offset	-2.8	offset	-4	5	669
-2.7	-2.5	-2.6 -4	offset	-2.6	offset	-4	5	619
-2.5	-2.3	-2.4 -4	offset	-2.4	offset	-4	5	569
-2.3	-2.1	-2.2 -4	offset	-2.2	offset	-4	5	519
-2.1	-1.9	-2 -4	offset	-2	offset	-4	5	469
-1.9	-1.7	-1.8 -4	offset	-1.8	offset	-4	5	419
-1.7	-1.5	-1.6 -4	offset	-1.6	offset	-4	5	369
-1.5	-1.3	-1.4 -4	offset	-1.4	offset	-4	5	319
-1.3	-1.1	-1.2 -4	offset	-1.2	offset	-4	5	269
-1.1	-0.9	-1 -4	offset	-1	offset	-4	5	219
-0.9	-0.7	-0.8 -4	offset	-0.8	offset	-4	5	169
-0.7	-0.5	-0.6 -4	offset	-0.6	offset	-4	5	119
-0.5	-0.299999999999999	-0.399999999999999 -4	offset	-0.399999999999999	offset	-4	5	69
-0.299999999999999	-0.0999999999999996	-0.199999999999999 -4	offset	-0.199999999999999	offset	-4	5	19
-0.0999999999999996	0.1	0 -4	offset	0	offset	-4	5	1270
0.1	0.3	0.2 -4	offset	0.2	offset	-4	5	1320
0.3	0.5	0.4 -4	offset	0.4	offset	-4	5	1370
0.5	0.700000000000001	0.6 -4	offset	0.600000000000001	offset	-4	5	1420
0.700000000000001	0.9	0.800000000000001 -4	offset	0.800000000000001	offset	-4	5	1470
0.9	1.1	1 -4	offset	1	offset	-4	5	1521
1.1	1.3	1.2 -4	offset	1.2	offset	-4	5	1571
1.3	1.5	1.4 -4	offset	1.4	offset	-4	5	1621
1.5	1.7	1.6 -4	offset	1.6	offset	-4	5	1671
1.7	1.9	1.8 -4	offset	1.8	offset	-4	5	1721
1.9	2.1	2 -4	offset	2	offset	-4	5	1771
2.1	2.3	2.2 -4	offset	2.2	offset	-4	5	1821
2.3	2.5	2.4 -4	offset	2.4	offset	-4	5	1871
2.5	2.7	2.6 -4	offset	2.6	offset	-4	5	1921
2.7	2.9	2.8 -4	offset	2.8	offset	-4	5	1971
2.9	3.1	3 -4	offset	3	offset	-4	5	2021
3.1	3.3	3.2 -4	offset	3.2	offset	-4	5	2071
3.3	3.5	3.4 -4	offset	3.4	offset	-4	5	2121
3.5	3.7	3.6 -4	offset	3.6	offset	-4	5	2171
3.7	3.9	3.8 -4	offset	3.8	offset	-4	5	2221
3.9	4.1	4 -4	offset	4	offset	-4	5	2271
4.1	4.3	4.2 -4	offset	4.2	offset	-4	5	2321
4.3	4.5	4.4 -4	offset	4.4	offset	-4	5	2371
4.5	4.7	4.6 -4	offset	4.6	offset	-4	5	2421
4.7	4.9	4.8 -4	offset	4.8	offset	-4	5	2471
4.9	5.1	5 -4	offset	5	offset	-4	5	2521
-5.1	-4.9	-5 -3.8	offset	-5	offset	-3.8	5	1219
-4.9	-4.7	-4.8 -3.8	offset	-4.8	offset	-3.8	5	1169
-4.7	-4.5	-4.6 -3.8	offset	-4.6	offset	-3.8	5	1119
-4.5	-4.3	-4.4 -3.8	offset	-4.4	offset	-3.8	5	1069
-4.3	-4.1	-4.2 -3.8	offset	-4.2	offset	-3.8	5	1019
-4.1	-3.9	-4 -3.8	offset	-4	offset	-3.8	5	969
-3.9	-3.7	1	offset	-3.8	offset	-3.8	5	1501
-3.7	-3.5	-3.6 -3.8	offset	-3.6	offset	-3.8	5	868
-3.5	-3.3	-3.4 -3.8	offset	-3.4	offset	-3.8	5	818
-3.3	-3.1	-3.2 -3.8	offset	-3.2	offset	-3.8	5	768
-3.1	-2.9	-3 -3.8	offset	-3	offset	-3.8	5	718
-2.9	-2.7	-2.8 -3.8	offset	-2.8	offset	-3.8	5	668
-2.7	-2.5	-2.6 -3.8	offset	-2.6	offset	-3.8	5	618
-2.5	-2.3	-2.4 -3.8	offset	-2.4	offset	-3.8	5	568
-2.3	-2.1	-2.2 -3.8	offset	-2.2	offset	-3.8	5	518
-2.1	-1.9	-2 -3.8	offset	-2	offset	-3.8	5	468
-1.9	-1.7	-1.8 -3.8	offset	-1.8	offset	-3.8	5	418
-1.7	-1.5	-1.6 -3.8	offset	-1.6	offset	-3.8	5	368
-1.5	-1.3	-1.4 -3.8	offset	-1.4	offset	-3.8	5	318
-1.3	-1.1	-1.2 -3.8	offset	-1.2	offset	-3.8	5	268
-1.1	-0.9	-1 -3.8	offset	-1	offset	-3.8	5	218
-0.9	-0.7	-0.8 -3.8	offset	-0.8	offset	-3.8	5	168
-0.7	-0.5	-0.6 -3.8	offset	-0.6	offset	-3.8	5	118
-0.5	-0.299999999999999	-0.399999999999999 -3.8	offset	-0.399999999999999	offset	-3.8	5	68
-0.299999999999999	-0.0999999999999996	-0.199999999999999 -3.8	offset	-0.199999999999999	offset	-3.8	5	18
-0.0999999999999996	0.1	0 -3.8	offset	0	offset	-3.8	5	1269
0.1	0.3	0.2 -3.8	offset	0.2	offset	-3.8	5	1319
0.3	0.5	0.4 -3.8	offset	0.4	offset	-3.8	5	1369
0.5	0.700000000000001	0.6 -3.8	offset	0.600000000000001	offset	-3.8	5	1419
0.700000000000001	0.9	0.800000000000001 -3.8	offset	0.800000000000001	offset	-3.8	5	1469
0.9	1.1	1 -3.8	offset	1	offset	-3.8	5	1520
1.1	1.3	1.2 -3.8	offset	1.2	offset	-3.8	5	1570
1.3	1.5	1.4 -3.8	offset	1.4	offset	-3.8	5	1620
1.5	1.7	1.6 -3.8	offset	1.6	offset	-3.8	5	1670
1.7	1.9	1.8 -3.8	offset	1.8	offset	-3.8	5	1720
1.9	2.1	2 -3.8	offset	2	offset	-3.8	5	1770
2.1	2.3	2.2 -3.8	offset	2.2	offset	-3.8	5	1820
2.3	2.5	2.4 -3.8	offset	2.4	offset	-3.8	5	1870
2.5	2.7	2.6 -3.8	offset	2.6	offset	-3.8	5	1920
2.7	2.9	2.8 -3.8	offset	2.8	offset	-3.8	5	1970
2.9	3.1	3 -3.8	offset	3	offset	-3.8	5	2020
3.1	3.3	3.2 -3.8	offset	3.2	offset	-3.8	5	2070
3.3	3.5	3.4 -3.8	offset	3.4	offset	-3.8	5	2120
3.5	3.7	3.6 -3.8	offset	3.6	offset	-3.8	5	2170
3.7	3.9	3.8 -3.8	offset	3.8	offset	-3.8	5	2220
3.9	4.1	4 -3.8	offset	4	offset	-3.8	5	2270
4.1	4.3	4.2 -3.8	offset	4.2	offset	-3.8	5	2320
4.3	4.5	4.4 -3.8	offset	4.4	offset	-3.8	5	2370
4.5	4.7	4.6 -3.8	offset	4.6	offset	-3.8	5	2420
4.7	4.9	4.8 -3.8	offset	4.8	offset	-3.8	5	2470
4.9	5.1	5 -3.8	offset	5	offset	-3.8	5	2520
-5.1	-4.9	-5 -3.6	offset	-5	offset	-3.6	5	1218
-4.9	-4.7	-4.8 -3.6	offset	-4.8	offset	-3.6	5	1168
-4.7	-4.5	-4.6 -3.6	offset	-4.6	offset	-3.6	5	1118
-4.5	-4.3	-4.4 -3.6	offset	-4.4	offset	-3.6	5	1068
-4.3	-4.1	-4.2 -3.6	offset	-4.2	offset	-3.6	5	1018
-4.1	-3.9	-4 -3.6	offset	-4	offset	-3.6	5	968
-3.9	-3.7	-3.8 -3.6	offset	-3.8	offset	-3.6	5	918
-3.7	-3.5	1	offset	-3.6	offset	-3.6	5	1501
-3.5	-3.3	-3.4 -3.6	offset	-3.4	offset	-3.6	5	817
-3.3	-3.1	-3.2 -3.6	offset	-3.2	offset	-3.6	5	767
-3.1	-2.9	-3 -3.6	offset	-3	offset	-3.6	5	717
-2.9	-2.7	-2.8 -3.6	offset	-2.8	offset	-3.6	5	667
-2.7	-2.5	-2.6 -3.6	offset	-2.6	offset	-3.6	5	617
-2.5	-2.3	-2.4 -3.6	offset	-2.4	offset	-3.6	5	567
-2.3	-2.1	-2.2 -3.6	offset	-2.2	offset	-3.6	5	517
-2.1	-1.9	-2 -3.6	offset	-2	offset	-3.6	5	467
-1.9	-1.7	-1.8 -3.6	offset	-1.8	offset	-3.6	5	417
-1.7	-1.5	-1.6 -3.6	offset	-1.6	offset	-3.6	5	367
-1.5	-1.3	-1.4 -3.6	offset	-1.4	offset	-3.6	5	317
-1.3	-1.1	-1.2 -3.6	offset	-1.2	offset	-3.6	5	267
-1.1	-0.9	-1 -3.6	offset	-1	offset	-3.6	5	217
-0.9	-0.7	-0.8 -3.6	offset	-0.8	offset	-3.6	5	167
-0.7	-0.5	-0.6 -3.6	offset	-0.6	offset	-3.6	5	117
-0.5	-0.299999999999999	-0.399999999999999 -3.6	offset	-0.399999999999999	offset	-3.6	5	67
-0.299999999999999	-0.0999999999999996	-0.199999999999999 -3.6	offset	-0.199999999999999	offset	-3.6	5	17
-0.0999999999999996	0.1	0 -3.6	offset	0	offset	-3.6	5	1268
0.1	0.3	0.2 -3.6	offset	0.2	offset	-3.6	5	1318
0.3	0.5	0.4 -3.6	offset	0.4	offset	-3.6	5	1368
0.5	0.700000000000001	0.6 -3.6	offset	0.600000000000001	offset	-3.6	5	1418
0.700000000000001	0.9	0.800000000000001 -3.6	offset	0.800000000000001	offset	-3.6	5	1468
0.9	1.1	1 -3.6	offset	1	offset	-3.6	5	1519
1.1	1.3	1.2 -3.6	offset	1.2	offset	-3.6	5	1569
1.3	1.5	1.4 -3.6	offset	1.4	offset	-3.6	5	1619
1.5	1.7	1.6 -3.6	offset	1.6	offset	-3.6	5	1669
1.7	1.9	1.8 -3.6	offset	1.8	offset	-3.6	5	1719
1.9	2.1	2 -3.6	offset	2	offset	-3.6	5	1769
2.1	2.3	2.2 -3.6	offset	2.2	offset	-3.6	5	1819
2.3	2.5	2.4 -3.6	offset	2.4	offset	-3.6	5	1869
2.5	2.7	2.6 -3.6	offset	2.6	offset	-3.6	5	1919
2.7	2.9	2.8 -3.6	offset	2.8	offset	-3.6	5	1969
2.9	3.1	3 -3.6	offset	3	offset	-3.6	5	2019
3.1	3.3	3.2 -3.6	offset	3.2	offset	-3.6	5	2069
3.3	3.5	3.4 -3.6	offset	3.4	offset	-3.6	5	2119
3.5	3.7	3.6 -3.6	offset	3.6	offset	-3.6	5	2169
3.7	3.9	3.8 -3.6	offset	3.8	offset	-3.6	5	2219
3.9	4.1	4 -3.6	offset	4	offset	-3.6	5	2269
4.1	4.3	4.2 -3.6	offset	4.2	offset	-3.6	5	2319
4.3	4.5	4.4 -3.6	offset	4.4	offset	-3.6	5	2369
4.5	4.7	4.6 -3.6	offset	4.6	offset	-3.6	5	2419
4.7	4.9	4.8 -3.6	offset	4.8	offset	-3.6	5	2469
4.9	5.1	5 -3.6	offset	5	offset	-3.6	5	2519
-5.1	-4.9	-5 -3.4	offset	-5	offset	-3.4	5	1217
-4.9	-4.7	-4.8 -3.4	offset	-4.8	offset	-3.4	5	1167
-4.7	-4.5	-4.6 -3.4	offset	-4.6	offset	-3.4	5	1117
-4.5	-4.3	-4.4 -3.4	offset	-4.4	offset	-3.4	5	1067
-4.3	-4.1	-4.2 -3.4	offset	-4.2	offset	-3.4	5	1017
-4.1	-3.9	-4 -3.4	offset	-4	offset	-3.4	5	967
-3.9	-3.7	-3.8 -3.4	offset	-3.8	offset	-3.4	5	917
-3.7	-3.5	-3.6 -3.4	offset	-3.6	offset	-3.4	5	867
-3.5	-3.3	1	offset	-3.4	offset	-3.4	5	1501
-3.3	-3.1	-3.2 -3.4	offset	-3.2	offset	-3.4	5	766
-3.1	-2.9	-3 -3.4	offset	-3	offset	-3.4	5	716
-2.9	-2.7	-2.8 -3.4	offset	-2.8	offset	-3.4	5	666
-2.7	-2.5	-2.6 -3.4	offset	-2.6	offset	-3.4	5	616
-2.5	-2.3	-2.4 -3.4	offset	-2.4	offset	-3.4	5	566
-2.3	-2.1	-2.2 -3.4	offset	-2.2	offset	-3.4	5	516
-2.1	-1.9	-2 -3.4	offset	-2	offset	-3.4	5	466
-1.9	-1.7	-1.8 -3.4	offset	-1.8	offset	-3.4	5	416
-1.7	-1.5	-1.6 -3.4	offset	-1.6	offset	-3.4	5	366
-1.5	-1.3	-1.4 -3.4	offset	-1.4	offset	-3.4	5	316
-1.3	-1.1	-1.2 -3.4	offset	-1.2	offset	-3.4	5	266
-1.1	-0.9	-1 -3.4	offset	-1	offset	-3.4	5	216
-0.9	-0.7	-0.8 -3.4	offset	-0.8	offset	-3.4	5	166
-0.7	-0.5	-0.6 -3.4	offset	-0.6	offset	-3.4	5	116
-0.5	-0.299999999999999	-0.399999999999999 -3.4	offset	-0.399999999999999	offset	-3.4	5	66
-0.299999999999999	-0.0999999999999996	-0.199999999999999 -3.4	offset	-0.199999999999999	offset	-3.4	5	16
-0.0999999999999996	0.1	0 -3.4	offset	0	offset	-3.4	5	1267
0.1	0.3	0.2 -3.4	offset	0.2	offset	-3.4	5	1317
0.3	0.5	0.4 -3.4	offset	0.4	offset	-3.4	5	1367
0.5	0.700000000000001	0.6 -3.4	offset	0.600000000000001	offset	-3.4	5	1417
0.700000000000001	0.9	0.800000000000001 -3.4	offset	0.800000000000001	offset	-3.4	5	1467
0.9	1.1	1 -3.4	offset	1	offset	-3.4	5	1518
1.1	1.3	1.2 -3.4	offset	1.2	offset	-3.4	5	1568
1.3	1.5	1.4 -3.4	offset	1.4	offset	-3.4	5	1618
1.5	1.7	1.6 -3.4	offset	1.6	offset	-3.4	5	1668
1.7	1.9	1.8 -3.4	offset	1.8	offset	-3.4	5	1718
1.9	2.1	2 -3.4	offset	2	offset	-3.4	5	1768
2.1	2.3	2.2 -3.4	offset	2.2	offset	-3.4	5	1818
2.3	2.5	2.4 -3.4	offset	2.4	offset	-3.4	5	1868
2.5	2.7	2.6 -3.4	offset	2.6	offset	-3.4	5	1918
2.7	2.9	2.8 -3.4	offset	2.8	offset	-3.4	5	1968
2.9	3.1	3 -3.4	offset	3	offset	-3.4	5	2018
3.1	3.3	3.2 -3.4	offset	3.2	offset	-3.4	5	2068
3.3	3.5	3.4 -3.4	offset	3.4	offset	-3.4	5	2118
3.5	3.7	3.6 -3.4	offset	3.6	offset	-3.4	5	2168
3.7	3.9	3.8 -3.4	offset	3.8	offset	-3.4	5	2218
3.9	4.1	4 -3.4	offset	4	offset	-3.4	5	2268
4.1	4.3	4.2 -3.4	offset	4.2	offset	-3.4	5	2318
4.3	4.5	4.4 -3.4	offset	4.4	offset	-3.4	5	2368
4.5	4.7	4.6 -3.4	offset	4.6	offset	-3.4	5	2418
4.7	4.9	4.8 -3.4	offset	4.8	offset	-3.4	5	2468
4.9	5.1	5 -3.4	offset	5	offset	-3.4	5	2518
-5.1	-4.9	-5 -3.2	offset	-5	offset	-3.2	5	1216
-4.9	-4.7	-4.8 -3.2	offset	-4.8	offset	-3.2	5	1166
-4.7	-4.5	-4.6 -3.2	offset	-4.6	offset	-3.2	5	1116
-4.5	-4.3	-4.4 -3.2	offset	-4.4	offset	-3.2	5	1066
-4.3	-4.1	-4.2 -3.2	offset	-4.2	offset	-3.2	5	1016
-4.1	-3.9	-4 -3.2	offset	-4	offset	-3.2	5	966
-3.9	-3.7	-3.8 -3.2	offset	-3.8	offset	-3.2	5	916
-3.7	-3.5	-3.6 -3.2	offset	-3.6	offset	-3.2	5	866
-3.5	-3.3	-3.4 -3.2	offset	-3.4	offset	-3.2	5	816
-3.3	-3.1	1	offset	-3.2	offset	-3.2	5	1501
-3.1	-2.9	-3 -3.2	offset	-3	offset	-3.2	5	715
-2.9	-2.7	-2.8 -3.2	offset	-2.8	offset	-3.2	5	665
-2.7	-2.5	-2.6 -3.2	offset	-2.6	offset	-3.2	5	615
-2.5	-2.3	-2.4 -3.2	offset	-2.4	offset	-3.2	5	565
-2.3	-2.1	-2.2 -3.2	offset	-2.2	offset	-3.2	5	515
-2.1	-1.9	-2 -3.2	offset	-2	offset	-3.2	5	465
-1.9	-1.7	-1.8 -3.2	offset	-1.8	offset	-3.2	5	415
-1.7	-1.5	-1.6 -3.2	offset	-1.6	offset	-3.2	5	365
-1.5	-1.3	-1.4 -3.2	offset	-1.4	offset	-3.2	5	315
-1.3	-1.1	-1.2 -3.2	offset	-1.2	offset	-3.2	5	265
-1.1	-0.9	-1 -3.2	offset	-1	offset	-3.2	5	215
-0.9	-0.7	-0.8 -3.2	offset	-0.8	offset	-3.2	5	165
-0.7	-0.5	-0.6 -3.2	offset	-0.6	offset	-3.2	5	115
-0.5	-0.299999999999999	-0.399999999999999 -3.2	offset	-0.399999999999999	offset	-3.2	5	65
-0.299999999999999	-0.0999999999999996	-0.199999999999999 -3.2	offset	-0.199999999999999	offset	-3.2	5	15
-0.0999999999999996	0.1	0 -3.2	offset	0	offset	-3.2	5	1266
0.1	0.3	0.2 -3.2	offset	0.2	offset	-3.2	5	1316
0.3	0.5	0.4 -3.2	offset	0.4	offset	-3.2	5	1366
0.5	0.700000000000001	0.6 -3.2	offset	0.600000000000001	offset	-3.2	5	1416
0.700000000000001	0.9	0.800000000000001 -3.2	offset	0.800000000000001	offset	-3.2	5	1466
0.9	1.1	1 -3.2	offset	1	offset	-3.2	5	1517
1.1	1.3	1.2 -3.2	offset	1.2	offset	-3.2	5	1567
1.3	1.5	1.4 -3.2	offset	1.4	offset	-3.2	5	1617
1.5	1.7	1.6 -3.2	offset	1.6	offset	-3.2	5	1667
1.7	1.9	1.8 -3.2	offset	1.8	offset	-3.2	5	1717
1.9	2.1	2 -3.2	offset	2	offset	-3.2	5	1767
2.1	2.3	2.2 -3.2	offset	2.2	offset	-3.2	5	1817
2.3	2.5	2.4 -3.2	offset	2.4	offset	-3.2	5	1867
2.5	2.7	2.6 -3.2	offset	2.6	offset	-3.2	5	1917
2.7	2.9	2.8 -3.2	offset	2.8	offset	-3.2	5	1967
2.9	3.1	3 -3.2	offset	3	offset	-3.2	5	2017
3.1	3.3	3.2 -3.2	offset	3.2	offset	-3.2	5	2067
3.3	3.5	3.4 -3.2	offset	3.4	offset	-3.2	5	2117
3.5	3.7	3.6 -3.2	offset	3.6	offset	-3.2	5	2167
3.7	3.9	3.8 -3.2	offset	3.8	offset	-3.2	5	2217
3.9	4.1	4 -3.2	offset	4	offset	-3.2	5	2267
4.1	4.3	4.2 -3.2	offset	4.2	offset	-3.2	5	2317
4.3	4.5	4.4 -3.2	offset	4.4	offset	-3.2	5	2367
4.5	4.7	4.6 -3.2	offset	4.6	offset	-3.2	5	2417
4.7	4.9	4.8 -3.2	offset	4.8	offset	-3.2	5	2467
4.9	5.1	5 -3.2	offset	5	offset	-3.2	5	2517
-5.1	-4.9	-5 -3	offset	-5	offset	-3	5	1215
-4.9	-4.7	-4.8 -3	offset	-4.8	offset	-3	5	1165
-4.7	-4.5	-4.6 -3	offset	-4.6	offset	-3	5	1115
-4.5	-4.3	-4.4 -3	offset	-4.4	offset	-3	5	1065
-4.3	-4.1	-4.2 -3	offset	-4.2	offset	-3	5	1015
-4.1	-3.9	-4 -3	offset	-4	offset	-3	5	965
-3.9	-3.7	-3.8 -3	offset	-3.8	offset	-3	5	915
-3.7	-3.5	-3.6 -3	offset	-3.6	offset	-3	5	865
-3.5	-3.3	-3.4 -3	offset	-3.4	offset	-3	5	815
-3.3	-3.1	-3.2 -3	offset	-3.2	offset	-3	5	765
-3.1	-2.9	1	offset	-3	offset	-3	5	1501
-2.9	-2.7	-2.8 -3	offset	-2.8	offset	-3	5	664
-2.7	-2.5	-2.6 -3	offset	-2.6	offset	-3	5	614
-2.5	-2.3	-2.4 -3	offset	-2.4	offset	-3	5	564
-2.3	-2.1	-2.2 -3	offset	-2.2	offset	-3	5	514
-2.1	-1.9	-2 -3	offset	-2	offset	-3	5	464
-1.9	-1.7	-1.8 -3	offset	-1.8	offset	-3	5	414
-1.7	-1.5	-1.6 -3	offset	-1.6	offset	-3	5	364
-1.5	-1.3	-1.4 -3	offset	-1.4	offset	-3	5	314
-1.3	-1.1	-1.2 -3	offset	-1.2	offset	-3	5	264
-1.1	-0.9	-1 -3	offset	-1	offset	-3	5	214
-0.9	-0.7	-0.8 -3	offset	-0.8	offset	-3	5	164
-0.7	-0.5	-0.6 -3	offset	-0.6	offset	-3	5	114
-0.5	-0.299999999999999	-0.399999999999999 -3	offset	-0.399999999999999	offset	-3	5	64
-0.299999999999999	-0.0999999999999996	-0.199999999999999 -3	offset	-0.199999999999999	offset	-3	5	14
-0.0999999999999996	0.1	0 -3	offset	0	offset	-3	5	1265
0.1	0.3	0.2 -3	offset	0.2	offset	-3	5	1315
0.3	0.5	0.4 -3	offset	0.4	offset	-3	5	1365
0.5	0.700000000000001	0.6 -3	offset	0.600000000000001	offset	-3	5	1415
0.700000000000001	0.9	0.800000000000001 -3	offset	0.800000000000001	offset	-3	5	1465
0.9	1.1	1 -3	offset	1	offset	-3	5	1516
1.1	1.3	1.2 -3	offset	1.2	offset	-3	5	1566
1.3	1.5	1.4 -3	offset	1.4	offset	-3	5	1616
1.5	1.7	1.6 -3	offset	1.6	offset	-3	5	1666
1.7	1.9	1.8 -3	offset	1.8	offset	-3	5	1716
1.9	2.1	2 -3	offset	2	offset	-3	5	1766
2.1	2.3	2.2 -3	offset	2.2	offset	-3	5	1816
2.3	2.5	2.4 -3	offset	2.4	offset	-3	5	1866
2.5	2.7	2.6 -3	offset	2.6	offset	-3	5	1916
2.7	2.9	2.8 -3	offset	2.8	offset	-3	5	1966
2.9	3.1	3 -3	offset	3	offset	-3	5	2016
3.1	3.3	3.2 -3	offset	3.2	offset	-3	5	2066
3.3	3.5	3.4 -3	offset	3.4	offset	-3	5	2116
3.5	3.7	3.6 -3	offset	3.6	offset	-3	5	2166
3.7	3.9	3.8 -3	offset	3.8	offset	-3	5	2216
3.9	4.1	4 -3	offset	4	offset	-3	5	2266
4.1	4.3	4.2 -3	offset	4.2	offset	-3	5	2316
4.3	4.5	4.4 -3	offset	4.4	offset	-3	5	2366
4.5	4.7	4.6 -3	offset	4.6	offset	-3	5	2416
4.7	4.9	4.8 -3	offset	4.8	offset	-3	5	2466
4.9	5.1	5 -3	offset	5	offset	-3	5	2516
-5.1	-4.9	-5 -2.8	offset	-5	offset	-2.8	5	1214
-4.9	-4.7	-4.8 -2.8	offset	-4.8	offset	-2.8	5	1164
-4.7	-4.5	-4.6 -2.8	offset	-4.6	offset	-2.8	5	1114
-4.5	-4.3	-4.4 -2.8	offset	-4.4	offset	-2.8	5	1064
-4.3	-4.1	-4.2 -2.8	offset	-4.2	offset	-2.8	5	1014
-4.1	-3.9	-4 -2.8	offset	-4	offset	-2.8	5	964
-3.9	-3.7	-3.8 -2.8	offset	-3.8	offset	-2.8	5	914
-3.7	-3.5	-3.6 -2.8	offset	-3.6	offset	-2.8	5	864
-3.5	-3.3	-3.4 -2.8	offset	-3.4	offset	-2.8	5	814
-3.3	-3.1	-3.2 -2.8	offset	-3.2	offset	-2.8	5	764
-3.1	-2.9	-3 -2.8	offset	-3	offset	-2.8	5	714
-2.9	-2.7	1	offset	-2.8	offset	-2.8	5	1501
-2.7	-2.5	-2.6 -2.8	offset	-2.6	offset	-2.8	5	613
-2.5	-2.3	-2.4 -2.8	offset	-2.4	offset	-2.8	5	563
-2.3	-2.1	-2.2 -2.8	offset	-2.2	offset	-2.8	5	513
-2.1	-1.9	-2 -2.8	offset	-2	offset	-2.8	5	463
-1.9	-1.7	-1.8 -2.8	offset	-1.8	offset	-2.8	5	413
-1.7	-1.5	-1.6 -2.8	offset	-1.6	offset	-2.8	5	363
-1.5	-1.3	-1.4 -2.8	offset	-1.4	offset	-2.8	5	313
-1.3	-1.1	-1.2 -2.8	offset	-1.2	offset	-2.8	5	263
-1.1	-0.9	-1 -2.8	offset	-1	offset	-2.8	5	213
-0.9	-0.7	-0.8 -2.8	offset	-0.8	offset	-2.8	5	163
-0.7	-0.5	-0.6 -2.8	offset	-0.6	offset	-2.8	5	113
-0.5	-0.299999999999999	-0.399999999999999 -2.8	offset	-0.399999999999999	offset	-2.8	5	63
-0.299999999999999	-0.0999999999999996	-0.199999999999999 -2.8	offset	-0.199999999999999	offset	-2.8	5	13
-0.0999999999999996	0.1	0 -2.8	offset	0	offset	-2.8	5	1264
0.1	0.3	0.2 -2.8	offset	0.2	offset	-2.8	5	1314
0.3	0.5	0.4 -2.8	offset	0.4	offset	-2.8	5	1364
0.5	0.700000000000001	0.6 -2.8	offset	0.600000000000001	offset	-2.8	5	1414
0.700000000000001	0.9	0.800000000000001 -2.8	offset	0.800000000000001	offset	-2.8	5	1464
0.9	1.1	1 -2.8	offset	1	offset	-2.8	5	1515
1.1	1.3	1.2 -2.8	offset	1.2	offset	-2.8	5	1565
1.3	1.5	1.4 -2.8	offset	1.4	offset	-2.8	5	1615
1.5	1.7	1.6 -2.8	offset	1.6	offset	-2.8	5	1665
1.7	1.9	1.8 -2.8	offset	1.8	offset	-2.8	5	1715
1.9	2.1	2 -2.8	offset	2	offset	-2.8	5	1765
2.1	2.3	2.2 -2.8	offset	2.2	offset	-2.8	5	1815
2.3	2.5	2.4 -2.8	offset	2.4	offset	-2.8	5	1865
2.5	2.7	2.6 -2.8	offset	2.6	offset	-2.8	5	1915
2.7	2.9	2.8 -2.8	offset	2.8	offset	-2.8	5	1965
2.9	3.1	3 -2.8	offset	3	offset	-2.8	5	2015
3.1	3.3	3.2 -2.8	offset	3.2	offset	-2.8	5	2065
3.3	3.5	3.4 -2.8	offset	3.4	offset	-2.8	5	2115
3.5	3.7	3.6 -2.8	offset	3.6	offset	-2.8	5	2165
3.7	3.9	3.8 -2.8	offset	3.8	offset	-2.8	5	2215
3.9	4.1	4 -2.8	offset	4	offset	-2.8	5	2265
4.1	4.3	4.2 -2.8	offset	4.2	offset	-2.8	5	2315
4.3	4.5	4.4 -2.8	offset	4.4	offset	-2.8	5	2365
4.5	4.7	4.6 -2.8	offset	4.6	offset	-2.8	5	2415
4.7	4.9	4.8 -2.8	offset	4.8	offset	-2.8	5	2465
4.9	5.1	5 -2.8	offset	5	offset	-2.8	5	2515
-5.1	-4.9	-5 -2.6	offset	-5	offset	-2.6	5	1213
-4.9	-4.7	-4.8 -2.6	offset	-4.8	offset	-2.6	5	1163
-4.7	-4.5	-4.6 -2.6	offset	-4.6	offset	-2.6	5	1113
-4.5	-4.3	-4.4 -2.6	offset	-4.4	offset	-2.6	5	1063
-4.3	-4.1	-4.2 -2.6	offset	-4.2	offset	-2.6	5	1013
-4.1	-3.9	-4 -2.6	offset	-4	offset	-2.6	5	963
-3.9	-3.7	-3.8 -2.6	offset	-3.8	offset	-2.6	5	913
-3.7	-3.5	-3.6 -2.6	offset	-3.6	offset	-2.6	5	863
-3.5	-3.3	-3.4 -2.6	offset	-3.4	offset	-2.6	5	813
-3.3	-3.1	-3.2 -2.6	offset	-3.2	offset	-2.6	5	763
-3.1	-2.9	-3 -2.6	offset	-3	offset	-2.6	5	713
-2.9	-2.7	-2.8 -2.6	offset	-2.8	offset	-2.6	5	663
-2.7	-2.5	1	offset	-2.6	offset	-2.6	5	1501
-2.5	-2.3	-2.4 -2.6	offset	-2.4	offset	-2.6	5	562
-2.3	-2.1	-2.2 -2.6	offset	-2.2	offset	-2.6	5	512
-2.1	-1.9	-2 -2.6	offset	-2	offset	-2.6	5	462
-1.9	-1.7	-1.8 -2.6	offset	-1.8	offset	-2.6	5	412
-1.7	-1.5	-1.6 -2.6	offset	-1.6	offset	-2.6	5	362
-1.5	-1.3	-1.4 -2.6	offset	-1.4	offset	-2.6	5	312
-1.3	-1.1	-1.2 -2.6	offset	-1.2	offset	-2.6	5	262
-1.1	-0.9	-1 -2.6	offset	-1	offset	-2.6	5	212
-0.9	-0.7	-0.8 -2.6	offset	-0.8	offset	-2.6	5	162
-0.7	-0.5	-0.6 -2.6	offset	-0.6	offset	-2.6	5	112
-0.5	-0.299999999999999	-0.399999999999999 -2.6	offset	-0.399999999999999	offset	-2.6	5	62
-0.299999999999999	-0.0999999999999996	-0.199999999999999 -2.6	offset	-0.199999999999999	offset	-2.6	5	12
-0.0999999999999996	0.1	0 -2.6	offset	0	offset	-2.6	5	1263
0.1	0.3	0.2 -2.6	offset	0.2	offset	-2.6	5	1313
0.3	0.5	0.4 -2.6	offset	0.4	offset	-2.6	5	1363
0.5	0.700000000000001	0.6 -2.6	offset	0.600000000000001	offset	-2.6	5	1413
0.700000000000001	0.9	0.800000000000001 -2.6	offset	0.800000000000001	offset	-2.6	5	1463
0.9	1.1	1 -2.6	offset	1	offset	-2.6	5	1514
1.1	1.3	1.2 -2.6	offset	1.2	offset	-2.6	5	1564
1.3	1.5	1.4 -2.6	offset	1.4	offset	-2.6	5	1614
1.5	1.7	1.6 -2.6	offset	1.6	offset	-2.6	5	1664
1.7	1.9	1.8 -2.6	offset	1.8	offset	-2.6	5	1714
1.9	2.1	2 -2.6	offset	2	offset	-2.6	5	1764
2.1	2.3	2.2 -2.6	offset	2.2	offset	-2.6	5	1814
2.3	2.5	2.4 -2.6	offset	2.4	offset	-2.6	5	1864
2.5	2.7	2.6 -2.6	offset	2.6	offset	-2.6	5	1914
2.7	2.9	2.8 -2.6	offset	2.8	offset	-2.6	5	1964
2.9	3.1	3 -2.6	offset	3	offset	-2.6	5	2014
3.1	3.3	3.2 -2.6	offset	3.2	offset	-2.6	5	2064
3.3	3.5	3.4 -2.6	offset	3.4	offset	-2.6	5	2114
3.5	3.7	3.6 -2.6	offset	3.6	offset	-2.6	5	2164
3.7	3.9	3.8 -2.6	offset	3.8	offset	-2.6	5	2214
3.9	4.1	4 -2.6	offset	4	offset	-2.6	5	2264
4.1	4.3	4.2 -2.6	offset	4.2	offset	-2.6	5	2314
4.3	4.5	4.4 -2.6	offset	4.4	offset	-2.6	5	2364
4.5	4.7	4.6 -2.6	offset	4.6	offset	-2.6	5	2414
4.7	4.9	4.8 -2.6	offset	4.8	offset	-2.6	5	2464
4.9	5.1	5 -2.6	offset	5	offset	-2.6	5	2514
-5.1	-4.9	-5 -2.4	offset	-5	offset	-2.4	5	1212
-4.9	-4.7	-4.8 -2.4	offset	-4.8	offset	-2.4	5	1162
-4.7	-4.5	-4.6 -2.4	offset	-4.6	offset	-2.4	5	1112
-4.5	-4.3	-4.4 -2.4	offset	-4.4	offset	-2.4	5	1062
-4.3	-4.1	-4.2 -2.4	offset	-4.2	offset	-2.4	5	1012
-4.1	-3.9	-4 -2.4	offset	-4	offset	-2.4	5	962
-3.9	-3.7	-3.8 -2.4	offset	-3.8	offset	-2.4	5	912
-3.7	-3.5	-3.6 -2.4	offset	-3.6	offset	-2.4	5	862
-3.5	-3.3	-3.4 -2.4	offset	-3.4	offset	-2.4	5	812
-3.3	-3.1	-3.2 -2.4	offset	-3.2	offset	-2.4	5	762
-3.1	-2.9	-3 -2.4	offset	-3	offset	-2.4	5	712
-2.9	-2.7	-2.8 -2.4	offset	-2.8	offset	-2.4	5	662
-2.7	-2.5	-2.6 -2.4	offset	-2.6	offset	-2.4	5	612
-2.5	-2.3	1	offset	-2.4	offset	-2.4	5	1501
-2.3	-2.1	-2.2 -2.4	offset	-2.2	offset	-2.4	5	511
-2.1	-1.9	-2 -2.4	offset	-2	offset	-2.4	5	461
-1.9	-1.7	-1.8 -2.4	offset	-1.8	offset	-2.4	5	411
-1.7	-1.5	-1.6 -2.4	offset	-1.6	offset	-2.4	5	361
-1.5	-1.3	-1.4 -2.4	offset	-1.4	offset	-2.4	5	311
-1.3	-1.1	-1.2 -2.4	offset	-1.2	offset	-2.4	5	261
-1.1	-0.9	-1 -2.4	offset	-1	offset	-2.4	5	211
-0.9	-0.7	-0.8 -2.4	offset	-0.8	offset	-2.4	5	161
-0.7	-0.5	-0.6 -2.4	offset	-0.6	offset	-2.4	5	111
-0.5	-0.299999999999999	-0.399999999999999 -2.4	offset	-0.399999999999999	offset	-2.4	5	61
-0.299999999999999	-0.0999999999999996	-0.199999999999999 -2.4	offset	-0.199999999999999	offset	-2.4	5	11
-0.0999999999999996	0.1	0 -2.4	offset	0	offset	-2.4	5	1262
0.1	0.3	0.2 -2.4	offset	0.2	offset	-2.4	5	1312
0.3	0.5	0.4 -2.4	offset	0.4	offset	-2.4	5	1362
0.5	0.700000000000001	0.6 -2.4	offset	0.600000000000001	offset	-2.4	5	1412
0.700000000000001	0.9	0.800000000000001 -2.4	offset	0.800000000000001	offset	-2.4	5	1462
0.9	1.1	1 -2.4	offset	1	offset	-2.4	5	1513
1.1	1.3	1.2 -2.4	offset	1.2	offset	-2.4	5	1563
1.3	1.5	1.4 -2.4	offset	1.4	offset	-2.4	5	1613
1.5	1.7	1.6 -2.4	offset	1.6	offset	-2.4	5	1663
1.7	1.9	1.8 -2.4	offset	1.8	offset	-2.4	5	1713
1.9	2.1	2 -2.4	offset	2	offset	-2.4	5	1763
2.1	2.3	2.2 -2.4	offset	2.2	offset	-2.4	5	1813
2.3	2.5	2.4 -2.4	offset	2.4	offset	-2.4	5	1863
2.5	2.7	2.6 -2.4	offset	2.6	offset	-2.4	5	1913
2.7	2.9	2.8 -2.4	offset	2.8	offset	-2.4	5	1963
2.9	3.1	3 -2.4	offset	3	offset	-2.4	5	2013
3.1	3.3	3.2 -2.4	offset	3.2	offset	-2.4	5	2063
3.3	3.5	3.4 -2.4	offset	3.4	offset	-2.4	5	2113
3.5	3.7	3.6 -2.4	offset	3.6	offset	-2.4	5	2163
3.7	3.9	3.8 -2.4	offset	3.8	offset	-2.4	5	2213
3.9	4.1	4 -2.4	offset	4	offset	-2.4	5	2263
4.1	4.3	4.2 -2.4	offset	4.2	offset	-2.4	5	2313
4.3	4.5	4.4 -2.4	offset	4.4	offset	-2.4	5	2363
4.5	4.7	4.6 -2.4	offset	4.6	offset	-2.4	5	2413
4.7	4.9	4.8 -2.4	offset	4.8	offset	-2.4	5	2463
4.9	5.1	5 -2.4	offset	5	offset	-2.4	5	2513
-5.1	-4.9	-5 -2.2	offset	-5	offset	-2.2	5	1211
-4.9	-4.7	-4.8 -2.2	offset	-4.8	offset	-2.2	5	1161
-4.7	-4.5	-4.6 -2.2	offset	-4.6	offset	-2.2	5	1111
-4.5	-4.3	-4.4 -2.2	offset	-4.4	offset	-2.2	5	1061
-4.3	-4.1	-4.2 -2.2	offset	-4.2	offset	-2.2	5	1011
-4.1	-3.9	-4 -2.2	offset	-4	offset	-2.2	5	961
-3.9	-3.7	-3.8 -2.2	offset	-3.8	offset	-2.2	5	911
-3.7	-3.5	-3.6 -2.2	offset	-3.6	offset	-2.2	5	861
-3.5	-3.3	-3.4 -2.2	offset	-3.4	offset	-2.2	5	811
-3.3	-3.1	-3.2 -2.2	offset	-3.2	offset	-2.2	5	761
-3.1	-2.9	-3 -2.2	offset	-3	offset	-2.2	5	711
-2.9	-2.7	-2.8 -2.2	offset	-2.8	offset	-2.2	5	661
-2.7	-2.5	-2.6 -2.2	offset	-2.6	offset	-2.2	5	611
-2.5	-2.3	-2.4 -2.2	offset	-2.4	offset	-2.2	5	561
-2.3	-2.1	1	offset	-2.2	offset	-2.2	5	1501
-2.1	-1.9	-2 -2.2	offset	-2	offset	-2.2	5	460
-1.9	-1.7	-1.8 -2.2	offset	-1.8	offset	-2.2	5	410
-1.7	-1.5	-1.6 -2.2	offset	-1.6	offset	-2.2	5	360
-1.5	-1.3	-1.4 -2.2	offset	-1.4	offset	-2.2	5	310
-1.3	-1.1	-1.2 -2.2	offset	-1.2	offset	-2.2	5	260
-1.1	-0.9	-1 -2.2	offset	-1	offset	-2.2	5	210
-0.9	-0.7	-0.8 -2.2	offset	-0.8	offset	-2.2	5	160
-0.7	-0.5	-0.6 -2.2	offset	-0.6	offset	-2.2	5	110
-0.5	-0.299999999999999	-0.399999999999999 -2.2	offset	-0.399999999999999	offset	-2.2	5	60
-0.299999999999999	-0.0999999999999996	-0.199999999999999 -2.2	offset	-0.199999999999999	offset	-2.2	5	10
-0.0999999999999996	0.1	0 -2.2	offset	0	offset	-2.2	5	1261
0.1	0.3	0.2 -2.2	offset	0.2	offset	-2.2	5	1311
0.3	0.5	0.4 -2.2	offset	0.4	offset	-2.2	5	1361
0.5	0.700000000000001	0.6 -2.2	offset	0.600000000000001	offset	-2.2	5	1411
0.700000000000001	0.9	0.800000000000001 -2.2	offset	0.800000000000001	offset	-2.2	5	1461
0.9	1.1	1 -2.2	offset	1	offset	-2.2	5	1512
1.1	1.3	1.2 -2.2	offset	1.2	offset	-2.2	5	1562
1.3	1.5	1.4 -2.2	offset	1.4	offset	-2.2	5	1612
1.5	1.7	1.6 -2.2	offset	1.6	offset	-2.2	5	1662
1.7	1.9	1.8 -2.2	offset	1.8	offset	-2.2	5	1712
1.9	2.1	2 -2.2	offset	2	offset	-2.2	5	1762
2.1	2.3	2.2 -2.2	offset	2.2	offset	-2.2	5	1812
2.3	2.5	2.4 -2.2	offset	2.4	offset	-2.2	5	1862
2.5	2.7	2.6 -2.2	offset	2.6	offset	-2.2	5	1912
2.7	2.9	2.8 -2.2	offset	2.8	offset	-2.2	5	1962
2.9	3.1	3 -2.2	offset	3	offset	-2.2	5	2012
3.1	3.3	3.2 -2.2	offset	3.2	offset	-2.2	5	2062
3.3	3.5	3.4 -2.2	offset	3.4	offset	-2.2	5	2112
3.5	3.7	3.6 -2.2	offset	3.6	offset	-2.2	5	2162
3.7	3.9	3.8 -2.2	offset	3.8	offset	-2.2	5	2212
3.9	4.1	4 -2.2	offset	4	offset	-2.2	5	2262
4.1	4.3	4.2 -2.2	offset	4.2	offset	-2.2	5	2312
4.3	4.5	4.4 -2.2	offset	4.4	offset	-2.2	5	2362
4.5	4.7	4.6 -2.2	offset	4.6	offset	-2.2	5	2412
4.7	4.9	4.8 -2.2	offset	4.8	offset	-2.2	5	2462
4.9	5.1	5 -2.2	offset	5	offset	-2.2	5	2512
-5.1	-4.9	-5 -2	offset	-5	offset	-2	5	1210
-4.9	-4.7	-4.8 -2	offset	-4.8	offset	-2	5	1160
-4.7	-4.5	-4.6 -2	offset	-4.6	offset	-2	5	1110
-4.5	-4.3	-4.4 -2	offset	-4.4	offset	-2	5	1060
-4.3	-4.1	-4.2 -2	offset	-4.2	offset	-2	5	1010
-4.1	-3.9	-4 -2	offset	-4	offset	-2	5	960
-3.9	-3.7	-3.8 -2	offset	-3.8	offset	-2	5	910
-3.7	-3.5	-3.6 -2	offset	-3.6	offset	-2	5	860
-3.5	-3.3	-3.4 -2	offset	-3.4	offset	-2	5	810
-3.3	-3.1	-3.2 -2	offset	-3.2	offset	-2	5	760
-3.1	-2.9	-3 -2	offset	-3	offset	-2	5	710
-2.9	-2.7	-2.8 -2	offset	-2.8	offset	-2	5	660
-2.7	-2.5	-2.6 -2	offset	-2.6	offset	-2	5	610
-2.5	-2.3	-2.4 -2	offset	-2.4	offset	-2	5	560
-2.3	-2.1	-2.2 -2	offset	-2.2	offset	-2	5	510
-2.1	-1.9	1	offset	-2	offset	-2	5	1501
-1.9	-1.7	-1.8 -2	offset	-1.8	offset	-2	5	409
-1.7	-1.5	-1.6 -2	offset	-1.6	offset	-2	5	359
-1.5	-1.3	-1.4 -2	offset	-1.4	offset	-2	5	309
-1.3	-1.1	-1.2 -2	offset	-1.2	offset	-2	5	259
-1.1	-0.9	-1 -2	offset	-1	offset	-2	5	209
-0.9	-0.7	-0.8 -2	offset	-0.8	offset	-2	5	159
-0.7	-0.5	-0.6 -2	offset	-0.6	offset	-2	5	109
-0.5	-0.299999999999999	-0.399999999999999 -2	offset	-0.399999999999999	offset	-2	5	59
-0.299999999999999	-0.0999999999999996	-0.199999999999999 -2	offset	-0.199999999999999	offset	-2	5	9
-0.0999999999999996	0.1	0 -2	offset	0	offset	-2	5	1260
0.1	0.3	0.2 -2	offset	0.2	offset	-2	5	1310
0.3	0.5	0.4 -2	offset	0.4	offset	-2	5	1360
0.5	0.700000000000001	0.6 -2	offset	0.600000000000001	offset	-2	5	1410
0.700000000000001	0.9	0.800000000000001 -2	offset	0.800000000000001	offset	-2	5	1460
0.9	1.1	1 -2	offset	1	offset	-2	5	1511
1.1	1.3	1.2 -2	offset	1.2	offset	-2	5	1561
1.3	1.5	1.4 -2	offset	1.4	offset	-2	5	1611
1.5	1.7	1.6 -2	offset	1.6	offset	-2	5	1661
1.7	1.9	1.8 -2	offset	1.8	offset	-2	5	1711
1.9	2.1	2 -2	offset	2	offset	-2	5	1761
2.1	2.3	2.2 -2	offset	2.2	offset	-2	5	1811
2.3	2.5	2.4 -2	offset	2.4	offset	-2	5	1861
2.5	2.7	2.6 -2	offset	2.6	offset	-2	5	1911
2.7	2.9	2.8 -2	offset	2.8	offset	-2	5	1961
2.9	3.1	3 -2	offset	3	offset	-2	5	2011
3.1	3.3	3.2 -2	offset	3.2	offset	-2	5	2061
3.3	3.5	3.4 -2	offset	3.4	offset	-2	5	2111
3.5	3.7	3.6 -2	offset	3.6	offset	-2	5	2161
3.7	3.9	3.8 -2	offset	3.8	offset	-2	5	2211
3.9	4.1	4 -2	offset	4	offset	-2	5	2261
4.1	4.3	4.2 -2	offset	4.2	offset	-2	5	2311
4.3	4.5	4.4 -2	offset	4.4	offset	-2	5	2361
4.5	4.7	4.6 -2	offset	4.6	offset	-2	5	2411
4.7	4.9	4.8 -2	offset	4.8	offset	-2	5	2461
4.9	5.1	5 -2	offset	5	offset	-2	5	2511
-5.1	-4.9	-5 -1.8	offset	-5	offset	-1.8	5	1209
-4.9	-4.7	-4.8 -1.8	offset	-4.8	offset	-1.8	5	1159
-4.7	-4.5	-4.6 -1.8	offset	-4.6	offset	-1.8	5	1109
-4.5	-4.3	-4.4 -1.8	offset	-4.4	offset	-1.8	5	1059
-4.3	-4.1	-4.2 -1.8	offset	-4.2	offset	-1.8	5	1009
-4.1	-3.9	-4 -1.8	offset	-4	offset	-1.8	5	959
-3.9	-3.7	-3.8 -1.8	offset	-3.8	offset	-1.8	5	909
-3.7	-3.5	-3.6 -1.8	offset	-3.6	offset	-1.8	5	859
-3.5	-3.3	-3.4 -1.8	offset	-3.4	offset	-1.8	5	809
-3.3	-3.1	-3.2 -1.8	offset	-3.2	offset	-1.8	5	759
-3.1	-2.9	-3 -1.8	offset	-3	offset	-1.8	5	709
-2.9	-2.7	-2.8 -1.8	offset	-2.8	offset	-1.8	5	659
-2.7	-2.5	-2.6 -1.8	offset	-2.6	offset	-1.8	5	609
-2.5	-2.3	-2.4 -1.8	offset	-2.4	offset	-1.8	5	559
-2.3	-2.1	-2.2 -1.8	offset	-2.2	offset	-1.8	5	509
-2.1	-1.9	-2 -1.8	offset	-2	offset	-1.8	5	459
-1.9	-1.7	1	offset	-1.8	offset	-1.8	5	1501
-1.7	-1.5	-1.6 -1.8	offset	-1.6	offset	-1.8	5	358
-1.5	-1.3	-1.4 -1.8	offset	-1.4	offset	-1.8	5	308
-1.3	-1.1	-1.2 -1.8	offset	-1.2	offset	-1.8	5	258
-1.1	-0.9	-1 -1.8	offset	-1	offset	-1.8	5	208
-0.9	-0.7	-0.8 -1.8	offset	-0.8	offset	-1.8	5	158
-0.7	-0.5	-0.6 -1.8	offset	-0.6	offset	-1.8	5	108
-0.5	-0.299999999999999	-0.399999999999999 -1.8	offset	-0.399999999999999	offset	-1.8	5	58
-0.299999999999999	-0.0999999999999996	-0.199999999999999 -1.8	offset	-0.199999999999999	offset	-1.8	5	8
-0.0999999999999996	0.1	0 -1.8	offset	0	offset	-1.8	5	1259
0.1	0.3	0.2 -1.8	offset	0.2	offset	-1.8	5	1309
0.3	0.5	0.4 -1.8	offset	0.4	offset	-1.8	5	1359
0.5	0.700000000000001	0.6 -1.8	offset	0.600000000000001	offset	-1.8	5	1409
0.700000000000001	0.9	0.800000000000001 -1.8	offset	0.800000000000001	offset	-1.8	5	1459
0.9	1.1	1 -1.8	offset	1	offset	-1.8	5	1510
1.1	1.3	1.2 -1.8	offset	1.2	offset	-1.8	5	1560
1.3	1.5	1.4 -1.8	offset	1.4	offset	-1.8	5	1610
1.5	1.7	1.6 -1.8	offset	1.6	offset	-1.8	5	1660
1.7	1.9	1.8 -1.8	offset	1.8	offset	-1.8	5	1710
1.9	2.1	2 -1.8	offset	2	offset	-1.8	5	1760
2.1	2.3	2.2 -1.8	offset	2.2	offset	-1.8	5	1810
2.3	2.5	2.4 -1.8	offset	2.4	offset	-1.8	5	1860
2.5	2.7	2.6 -1.8	offset	2.6	offset	-1.8	5	1910
2.7	2.9	2.8 -1.8	offset	2.8	offset	-1.8	5	1960
2.9	3.1	3 -1.8	offset	3	offset	-1.8	5	2010
3.1	3.3	3.2 -1.8	offset	3.2	offset	-1.8	5	2060
3.3	3.5	3.4 -1.8	offset	3.4	offset	-1.8	5	2110
3.5	3.7	3.6 -1.8	offset	3.6	offset	-1.8	5	2160
3.7	3.9	3.8 -1.8	offset	3.8	offset	-1.8	5	2210
3.9	4.1	4 -1.8	offset	4	offset	-1.8	5	2260
4.1	4.3	4.2 -1.8	offset	4.2	offset	-1.8	5	2310
4.3	4.5	4.4 -1.8	offset	4.4	offset	-1.8	5	2360
4.5	4.7	4.6 -1.8	offset	4.6	offset	-1.8	5	2410
4.7	4.9	4.8 -1.8	offset	4.8	offset	-1.8	5	2460
4.9	5.1	5 -1.8	offset	5	offset	-1.8	5	2510
-5.1	-4.9	-5 -1.6	offset	-5	offset	-1.6	5	1208
-4.9	-4.7	-4.8 -1.6	offset	-4.8	offset	-1.6	5	1158
-4.7	-4.5	-4.6 -1.6	offset	-4.6	offset	-1.6	5	1108
-4.5	-4.3	-4.4 -1.6	offset	-4.4	offset	-1.6	5	1058
-4.3	-4.1	-4.2 -1.6	offset	-4.2	offset	-1.6	5	1008
-4.1	-3.9	-4 -1.6	offset	-4	offset	-1.6	5	958
-3.9	-3.7	-3.8 -1.6	offset	-3.8	offset	-1.6	5	908
-3.7	-3.5	-3.6 -1.6	offset	-3.6	offset	-1.6	5	858
-3.5	-3.3	-3.4 -1.6	offset	-3.4	offset	-1.6	5	808
-3.3	-3.1	-3.2 -1.6	offset	-3.2	offset	-1.6	5	758
-3.1	-2.9	-3 -1.6	offset	-3	offset	-1.6	5	708
-2.9	-2.7	-2.8 -1.6	offset	-2.8	offset	-1.6	5	658
-2.7	-2.5	-2.6 -1.6	offset	-2.6	offset	-1.6	5	608
-2.5	-2.3	-2.4 -1.6	offset	-2.4	offset	-1.6	5	558
-2.3	-2.1	-2.2 -1.6	offset	-2.2	offset	-1.6	5	508
-2.1	-1.9	-2 -1.6	offset	-2	offset	-1.6	5	458
-1.9	-1.7	-1.8 -1.6	offset	-1.8	offset	-1.6	5	408
-1.7	-1.5	1	offset	-1.6	offset	-1.6	5	1501
-1.5	-1.3	-1.4 -1.6	offset	-1.4	offset	-1.6	5	307
-1.3	-1.1	-1.2 -1.6	offset	-1.2	offset	-1.6	5	257
-1.1	-0.9	-1 -1.6	offset	-1	offset	-1.6	5	207
-0.9	-0.7	-0.8 -1.6	offset	-0.8	offset	-1.6	5	157
-0.7	-0.5	-0.6 -1.6	offset	-0.6	offset	-1.6	5	107
-0.5	-0.299999999999999	-0.399999999999999 -1.6	offset	-0.399999999999999	offset	-1.6	5	57
-0.299999999999999	-0.0999999999999996	-0.199999999999999 -1.6	offset	-0.199999999999999	offset	-1.6	5	7
-0.0999999999999996	0.1	0 -1.6	offset	0	offset	-1.6	5	1258
0.1	0.3	0.2 -1.6	offset	0.2	offset	-1.6	5	1308
0.3	0.5	0.4 -1.6	offset	0.4	offset	-1.6	5	1358
0.5	0.700000000000001	0.6 -1.6	offset	0.600000000000001	offset	-1.6	5	1408
0.700000000000001	0.9	0.800000000000001 -1.6	offset	0.800000000000001	offset	-1.6	5	1458
0.9	1.1	1 -1.6	offset	1	offset	-1.6	5	1509
1.1	1.3	1.2 -1.6	offset	1.2	offset	-1.6	5	1559
1.3	1.5	1.4 -1.6	offset	1.4	offset	-1.6	5	1609
1.5	1.7	1.6 -1.6	offset	1.6	offset	-1.6	5	1659
1.7	1.9	1.8 -1.6	offset	1.8	offset	-1.6	5	1709
1.9	2.1	2 -1.6	offset	2	offset	-1.6	5	1759
2.1	2.3	2.2 -1.6	offset	2.2	offset	-1.6	5	1809
2.3	2.5	2.4 -1.6	offset	2.4	offset	-1.6	5	1859
2.5	2.7	2.6 -1.6	offset	2.6	offset	-1.6	5	1909
2.7	2.9	2.8 -1.6	offset	2.8	offset	-1.6	5	1959
2.9	3.1	3 -1.6	offset	3	offset	-1.6	5	2009
3.1	3.3	3.2 -1.6	offset	3.2	offset	-1.6	5	2059
3.3	3.5	3.4 -1.6	offset	3.4	offset	-1.6	5	2109
3.5	3.7	3.6 -1.6	offset	3.6	offset	-1.6	5	2159
3.7	3.9	3.8 -1.6	offset	3.8	offset	-1.6	5	2209
3.9	4.1	4 -1.6	offset	4	offset	-1.6	5	2259
4.1	4.3	4.2 -1.6	offset	4.2	offset	-1.6	5	2309
4.3	4.5	4.4 -1.6	offset	4.4	offset	-1.6	5	2359
4.5	4.7	4.6 -1.6	offset	4.6	offset	-1.6	5	2409
4.7	4.9	4.8 -1.6	offset	4.8	offset	-1.6	5	2459
4.9	5.1	5 -1.6	offset	5	offset	-1.6	5	2509
-5.1	-4.9	-5 -1.4	offset	-5	offset	-1.4	5	1207
-4.9	-4.7	-4.8 -1.4	offset	-4.8	offset	-1.4	5	1157
-4.7	-4.5	-4.6 -1.4	offset	-4.6	offset	-1.4	5	1107
-4.5	-4.3	-4.4 -1.4	offset	-4.4	offset	-1.4	5	1057
-4.3	-4.1	-4.2 -1.4	offset	-4.2	offset	-1.4	5	1007
-4.1	-3.9	-4 -1.4	offset	-4	offset	-1.4	5	957
-3.9	-3.7	-3.8 -1.4	offset	-3.8	offset	-1.4	5	907
-3.7	-3.5	-3.6 -1.4	offset	-3.6	offset	-1.4	5	857
-3.5	-3.3	-3.4 -1.4	offset	-3.4	offset	-1.4	5	807
-3.3	-3.1	-3.2 -1.4	offset	-3.2	offset	-1.4	5	757
-3.1	-2.9	-3 -1.4	offset	-3	offset	-1.4	5	707
-2.9	-2.7	-2.8 -1.4	offset	-2.8	offset	-1.4	5	657
-2.7	-2.5	-2.6 -1.4	offset	-2.6	offset	-1.4	5	607
-2.5	-2.3	-2.4 -1.4	offset	-2.4	offset	-1.4	5	557
-2.3	-2.1	-2.2 -1.4	offset	-2.2	offset	-1.4	5	507
-2.1	-1.9	-2 -1.4	offset	-2	offset	-1.4	5	457
-1.9	-1.7	-1.8 -1.4	offset	-1.8	offset	-1.4	5	407
-1.7	-1.5	-1.6 -1.4	offset	-1.6	offset	-1.4	5	357
-1.5	-1.3	1	offset	-1.4	offset	-1.4	5	1501
-1.3	-1.1	-1.2 -1.4	offset	-1.2	offset	-1.4	5	256
-1.1	-0.9	-1 -1.4	offset	-1	offset	-1.4	5	206
-0.9	-0.7	-0.8 -1.4	offset	-0.8	offset	-1.4	5	156
-0.7	-0.5	-0.6 -1.4	offset	-0.6	offset	-1.4	5	106
-0.5	-0.299999999999999	-0.399999999999999 -1.4	offset	-0.399999999999999	offset	-1.4	5	56
-0.299999999999999	-0.0999999999999996	-0.199999999999999 -1.4	offset	-0.199999999999999	offset	-1.4	5	6
-0.0999999999999996	0.1	0 -1.4	offset	0	offset	-1.4	5	1257
0.1	0.3	0.2 -1.4	offset	0.2	offset	-1.4	5	1307
0.3	0.5	0.4 -1.4	offset	0.4	offset	-1.4	5	1357
0.5	0.700000000000001	0.6 -1.4	offset	0.600000000000001	offset	-1.4	5	1407
0.700000000000001	0.9	0.800000000000001 -1.4	offset	0.800000000000001	offset	-1.4	5	1457
0.9	1.1	1 -1.4	offset	1	offset	-1.4	5	1508
1.1	1.3	1.2 -1.4	offset	1.2	offset	-1.4	5	1558
1.3	1.5	1.4 -1.4	offset	1.4	offset	-1.4	5	1608
1.5	1.7	1.6 -1.4	offset	1.6	offset	-1.4	5	1658
1.7	1.9	1.8 -1.4	offset	1.8	offset	-1.4	5	1708
1.9	2.1	2 -1.4	offset	2	offset	-1.4	5	1758
2.1	2.3	2.2 -1.4	offset	2.2	offset	-1.4	5	1808
2.3	2.5	2.4 -1.4	offset	2.4	offset	-1.4	5	1858
2.5	2.7	2.6 -1.4	offset	2.6	offset	-1.4	5	1908
2.7	2.9	2.8 -1.4	offset	2.8	offset	-1.4	5	1958
2.9	3.1	3 -1.4	offset	3	offset	-1.4	5	2008
3.1	3.3	3.2 -1.4	offset	3.2	offset	-1.4	5	2058
3.3	3.5	3.4 -1.4	offset	3.4	offset	-1.4	5	2108
3.5	3.7	3.6 -1.4	offset	3.6	offset	-1.4	5	2158
3.7	3.9	3.8 -1.4	offset	3.8	offset	-1.4	5	2208
3.9	4.1	4 -1.4	offset	4	offset	-1.4	5	2258
4.1	4.3	4.2 -1.4	offset	4.2	offset	-1.4	5	2308
4.3	4.5	4.4 -1.4	offset	4.4	offset	-1.4	5	2358
4.5	4.7	4.6 -1.4	offset	4.6	offset	-1.4	5	2408
4.7	4.9	4.8 -1.4	offset	4.8	offset	-1.4	5	2458
4.9	5.1	5 -1.4	offset	5	offset	-1.4	5	2508
-5.1	-4.9	-5 -1.2	offset	-5	offset	-1.2	5	1206
-4.9	-4.7	-4.8 -1.2	offset	-4.8	offset	-1.2	5	1156
-4.7	-4.5	-4.6 -1.2	offset	-4.6	offset	-1.2	5	1106
-4.5	-4.3	-4.4 -1.2	offset	-4.4	offset	-1.2	5	1056
-4.3	-4.1	-4.2 -1.2	offset	-4.2	offset	-1.2	5	1006
-4.1	-3.9	-4 -1.2	offset	-4	offset	-1.2	5	956
-3.9	-3.7	-3.8 -1.2	offset	-3.8	offset	-1.2	5	906
-3.7	-3.5	-3.6 -1.2	offset	-3.6	offset	-1.2	5	856
-3.5	-3.3	-3.4 -1.2	offset	-3.4	offset	-1.2	5	806
-3.3	-3.1	-3.2 -1.2	offset	-3.2	offset	-1.2	5	756
-3.1	-2.9	-3 -1.2	offset	-3	offset	-1.2	5	706
-2.9	-2.7	-2.8 -1.2	offset	-2.8	offset	-1.2	5	656
-2.7	-2.5	-2.6 -1.2	offset	-2.6	offset	-1.2	5	606
-2.5	-2.3	-2.4 -1.2	offset	-2.4	offset	-1.2	5	556
-2.3	-2.1	-2.2 -1.2	offset	-2.2	offset	-1.2	5	506
-2.1	-1.9	-2 -1.2	offset	-2	offset	-1.2	5	456
-1.9	-1.7	-1.8 -1.2	offset	-1.8	offset	-1.2	5	406
-1.7	-1.5	-1.6 -1.2	offset	-1.6	offset	-1.2	5	356
-1.5	-1.3	-1.4 -1.2	offset	-1.4	offset	-1.2	5	306
-1.3	-1.1	1	offset	-1.2	offset	-1.2	5	1501
-1.1	-0.9	-1 -1.2	offset	-1	offset	-1.2	5	205
-0.9	-0.7	-0.8 -1.2	offset	-0.8	offset	-1.2	5	155
-0.7	-0.5	-0.6 -1.2	offset	-0.6	offset	-1.2	5	105
-0.5	-0.299999999999999	-0.399999999999999 -1.2	offset	-0.399999999999999	offset	-1.2	5	55
-0.299999999999999	-0.0999999999999996	-0.199999999999999 -1.2	offset	-0.199999999999999	offset	-1.2	5	5
-0.0999999999999996	0.1	0 -1.2	offset	0	offset	-1.2	5	1256
0.1	0.3	0.2 -1.2	offset	0.2	offset	-1.2	5	1306
0.3	0.5	0.4 -1.2	offset	0.4	offset	-1.2	5	1356
0.5	0.700000000000001	0.6 -1.2	offset	0.600000000000001	offset	-1.2	5	1406
0.700000000000001	0.9	0.800000000000001 -1.2	offset	0.800000000000001	offset	-1.2	5	1456
0.9	1.1	1 -1.2	offset	1	offset	-1.2	5	1507
1.1	1.3	1.2 -1.2	offset	1.2	offset	-1.2	5	1557
1.3	1.5	1.4 -1.2	offset	1.4	offset	-1.2	5	1607
1.5	1.7	1.6 -1.2	offset	1.6	offset	-1.2	5	1657
1.7	1.9	1.8 -1.2	offset	1.8	offset	-1.2	5	1707
1.9	2.1	2 -1.2	offset	2	offset	-1.2	5	1757
2.1	2.3	2.2 -1.2	offset	2.2	offset	-1.2	5	1807
2.3	2.5	2.4 -1.2	offset	2.4	offset	-1.2	5	1857
2.5	2.7	2.6 -1.2	offset	2.6	offset	-1.2	5	1907
2.7	2.9	2.8 -1.2	offset	2.8	offset	-1.2	5	1957
2.9	3.1	3 -1.2	offset	3	offset	-1.2	5	2007
3.1	3.3	3.2 -1.2	offset	3.2	offset	-1.2	5	2057
3.3	3.5	3.4 -1.2	offset	3.4	offset	-1.2	5	2107
3.5	3.7	3.6 -1.2	offset	3.6	offset	-1.2	5	2157
3.7	3.9	3.8 -1.2	offset	3.8	offset	-1.2	5	2207
3.9	4.1	4 -1.2	offset	4	offset	-1.2	5	2257
4.1	4.3	4.2 -1.2	offset	4.2	offset	-1.2	5	2307
4.3	4.5	4.4 -1.2	offset	4.4	offset	-1.2	5	2357
4.5	4.7	4.6 -1.2	offset	4.6	offset	-1.2	5	2407
4.7	4.9	4.8 -1.2	offset	4.8	offset	-1.2	5	2457
4.9	5.1	5 -1.2	offset	5	offset	-1.2	5	2507
-5.1	-4.9	-5 -1	offset	-5	offset	-1	5	1205
-4.9	-4.7	-4.8 -1	offset	-4.8	offset	-1	5	1155
-4.7	-4.5	-4.6 -1	offset	-4.6	offset	-1	5	1105
-4.5	-4.3	-4.4 -1	offset	-4.4	offset	-1	5	1055
-4.3	-4.1	-4.2 -1	offset	-4.2	offset	-1	5	1005
-4.1	-3.9	-4 -1	offset	-4	offset	-1	5	955
-3.9	-3.7	-3.8 -1	offset	-3.8	offset	-1	5	905
-3.7	-3.5	-3.6 -1	offset	-3.6	offset	-1	5	855
-3.5	-3.3	-3.4 -1	offset	-3.4	offset	-1	5	805
-3.3	-3.1	-3.2 -1	offset	-3.2	offset	-1	5	755
-3.1	-2.9	-3 -1	offset	-3	offset	-1	5	705
-2.9	-2.7	-2.8 -1	offset	-2.8	offset	-1	5	655
-2.7	-2.5	-2.6 -1	offset	-2.6	offset	-1	5	605
-2.5	-2.3	-2.4 -1	offset	-2.4	offset	-1	5	555
-2.3	-2.1	-2.2 -1	offset	-2.2	offset	-1	5	505
-2.1	-1.9	-2 -1	offset	-2	offset	-1	5	455
-1.9	-1.7	-1.8 -1	offset	-1.8	offset	-1	5	405
-1.7	-1.5	-1.6 -1	offset	-1.6	offset	-1	5	355
-1.5	-1.3	-1.4 -1	offset	-1.4	offset	-1	5	305
-1.3	-1.1	-1.2 -1	offset	-1.2	offset	-1	5	255
-1.1	-0.9	1	offset	-1	offset	-1	5	1501
-0.9	-0.7	-0.8 -1	offset	-0.8	offset	-1	5	154
-0.7	-0.5	-0.6 -1	offset	-0.6	offset	-1	5	104
-0.5	-0.299999999999999	-0.399999999999999 -1	offset	-0.399999999999999	offset	-1	5	54
-0.299999999999999	-0.0999999999999996	-0.199999999999999 -1	offset	-0.199999999999999	offset	-1	5	4
-0.0999999999999996	0.1	0 -1	offset	0	offset	-1	5	1255
0.1	0.3	0.2 -1	offset	0.2	offset	-1	5	1305
0.3	0.5	0.4 -1	offset	0.4	offset	-1	5	1355
0.5	0.700000000000001	0.6 -1	offset	0.600000000000001	offset	-1	5	1405
0.700000000000001	0.9	0.800000000000001 -1	offset	0.800000000000001	offset	-1	5	1455
0.9	1.1	1 -1	offset	1	offset	-1	5	1506
1.1	1.3	1.2 -1	offset	1.2	offset	-1	5	1556
1.3	1.5	1.4 -1	offset	1.4	offset	-1	5	1606
1.5	1.7	1.6 -1	offset	1.6	offset	-1	5	1656
1.7	1.9	1.8 -1	offset	1.8	offset	-1	5	1706
1.9	2.1	2 -1	offset	2	offset	-1	5	1756
2.1	2.3	2.2 -1	offset	2.2	offset	-1	5	1806
2.3	2.5	2.4 -1	offset	2.4	offset	-1	5	1856
2.5	2.7	2.6 -1	offset	2.6	offset	-1	5	1906
2.7	2.9	2.8 -1	offset	2.8	offset	-1	5	1956
2.9	3.1	3 -1	offset	3	offset	-1	5	2006
3.1	3.3	3.2 -1	offset	3.2	offset	-1	5	2056
3.3	3.5	3.4 -1	offset	3.4	offset	-1	5	2106
3.5	3.7	3.6 -1	offset	3.6	offset	-1	5	2156
3.7	3.9	3.8 -1	offset	3.8	offset	-1	5	2206
3.9	4.1	4 -1	offset	4	offset	-1	5	2256
4.1	4.3	4.2 -1	offset	4.2	offset	-1	5	2306
4.3	4.5	4.4 -1	offset	4.4	offset	-1	5	2356
4.5	4.7	4.6 -1	offset	4.6	offset	-1	5	2406
4.7	4.9	4.8 -1	offset	4.8	offset	-1	5	2456
4.9	5.1	5 -1	offset	5	offset	-1	5	2506
-5.1	-4.9	-5 -0.8	offset	-5	offset	-0.8	5	1204
-4.9	-4.7	-4.8 -0.8	offset	-4.8	offset	-0.8	5	1154
-4.7	-4.5	-4.6 -0.8	offset	-4.6	offset	-0.8	5	1104
-4.5	-4.3	-4.4 -0.8	offset	-4.4	offset	-0.8	5	1054
-4.3	-4.1	-4.2 -0.8	offset	-4.2	offset	-0.8	5	1004
-4.1	-3.9	-4 -0.8	offset	-4	offset	-0.8	5	954
-3.9	-3.7	-3.8 -0.8	offset	-3.8	offset	-0.8	5	904
-3.7	-3.5	-3.6 -0.8	offset	-3.6	offset	-0.8	5	854
-3.5	-3.3	-3.4 -0.8	offset	-3.4	offset	-0.8	5	804
-3.3	-3.1	-3.2 -0.8	offset	-3.2	offset	-0.8	5	754
-3.1	-2.9	-3 -0.8	offset	-3	offset	-0.8	5	704
-2.9	-2.7	-2.8 -0.8	offset	-2.8	offset	-0.8	5	654
-2.7	-2.5	-2.6 -0.8	offset	-2.6	offset	-0.8	5	604
-2.5	-2.3	-2.4 -0.8	offset	-2.4	offset	-0.8	5	554
-2.3	-2.1	-2.2 -0.8	offset	-2.2	offset	-0.8	5	504
-2.1	-1.9	-2 -0.8	offset	-2	offset	-0.8	5	454
-1.9	-1.7	-1.8 -0.8	offset	-1.8	offset	-0.8	5	404
-1.7	-1.5	-1.6 -0.8	offset	-1.6	offset	-0.8	5	354
-1.5	-1.3	-1.4 -0.8	offset	-1.4	offset	-0.8	5	304
-1.3	-1.1	-1.2 -0.8	offset	-1.2	offset	-0.8	5	254
-1.1	-0.9	-1 -0.8	offset	-1	offset	-0.8	5	204
-0.9	-0.7	1	offset	-0.8	offset	-0.8	5	1501
-0.7	-0.5	-0.6 -0.8	offset	-0.6	offset	-0.8	5	103
-0.5	-0.299999999999999	-0.399999999999999 -0.8	offset	-0.399999999999999	offset	-0.8	5	53
-0.299999999999999	-0.0999999999999996	-0.199999999999999 -0.8	offset	-0.199999999999999	offset	-0.8	5	3
-0.0999999999999996	0.1	0 -0.8	offset	0	offset	-0.8	5	1254
0.1	0.3	0.2 -0.8	offset	0.2	offset	-0.8	5	1304
0.3	0.5	0.4 -0.8	offset	0.4	offset	-0.8	5	1354
0.5	0.700000000000001	0.6 -0.8	offset	0.600000000000001	offset	-0.8	5	1404
0.700000000000001	0.9	0.800000000000001 -0.8	offset	0.800000000000001	offset	-0.8	5	1454
0.9	1.1	1 -0.8	offset	1	offset	-0.8	5	1505
1.1	1.3	1.2 -0.8	offset	1.2	offset	-0.8	5	1555
1.3	1.5	1.4 -0.8	offset	1.4	offset	-0.8	5	1605
1.5	1.7	1.6 -0.8	offset	1.6	offset	-0.8	5	1655
1.7	1.9	1.8 -0.8	offset	1.8	offset	-0.8	5	1705
1.9	2.1	2 -0.8	offset	2	offset	-0.8	5	1755
2.1	2.3	2.2 -0.8	offset	2.2	offset	-0.8	5	1805
2.3	2.5	2.4 -0.8	offset	2.4	offset	-0.8	5	1855
2.5	2.7	2.6 -0.8	offset	2.6	offset	-0.8	5	1905
2.7	2.9	2.8 -0.8	offset	2.8	offset	-0.8	5	1955
2.9	3.1	3 -0.8	offset	3	offset	-0.8	5	2005
3.1	3.3	3.2 -0.8	offset	3.2	offset	-0.8	5	2055
3.3	3.5	3.4 -0.8	offset	3.4	offset	-0.8	5	2105
3.5	3.7	3.6 -0.8	offset	3.6	offset	-0.8	5	2155
3.7	3.9	3.8 -0.8	offset	3.8	offset	-0.8	5	2205
3.9	4.1	4 -0.8	offset	4	offset	-0.8	5	2255
4.1	4.3	4.2 -0.8	offset	4.2	offset	-0.8	5	2305
4.3	4.5	4.4 -0.8	offset	4.4	offset	-0.8	5	2355
4.5	4.7	4.6 -0.8	offset	4.6	offset	-0.8	5	2405
4.7	4.9	4.8 -0.8	offset	4.8	offset	-0.8	5	2455
4.9	5.1	5 -0.8	offset	5	offset	-0.8	5	2505
-5.1	-4.9	-5 -0.6	offset	-5	offset	-0.6	5	1203
-4.9	-4.7	-4.8 -0.6	offset	-4.8	offset	-0.6	5	1153
-4.7	-4.5	-4.6 -0.6	offset	-4.6	offset	-0.6	5	1103
-4.5	-4.3	-4.4 -0.6	offset	-4.4	offset	-0.6	5	1053
-4.3	-4.1	-4.2 -0.6	offset	-4.2	offset	-0.6	5	1003
-4.1	-3.9	-4 -0.6	offset	-4	offset	-0.6	5	953
-3.9	-3.7	-3.8 -0.6	offset	-3.8	offset	-0.6	5	903
-3.7	-3.5	-3.6 -0.6	offset	-3.6	offset	-0.6	5	853
-3.5	-3.3	-3.4 -0.6	offset	-3.4	offset	-0.6	5	803
-3.3	-3.1	-3.2 -0.6	offset	-3.2	offset	-0.6	5	753
-3.1	-2.9	-3 -0.6	offset	-3	offset	-0.6	5	703
-2.9	-2.7	-2.8 -0.6	offset	-2.8	offset	-0.6	5	653
-2.7	-2.5	-2.6 -0.6	offset	-2.6	offset	-0.6	5	603
-2.5	-2.3	-2.4 -0.6	offset	-2.4	offset	-0.6	5	553
-2.3	-2.1	-2.2 -0.6	offset	-2.2	offset	-0.6	5	503
-2.1	-1.9	-2 -0.6	offset	-2	offset	-0.6	5	453
-1.9	-1.7	-1.8 -0.6	offset	-1.8	offset	-0.6	5	403
-1.7	-1.5	-1.6 -0.6	offset	-1.6	offset	-0.6	5	353
-1.5	-1.3	-1.4 -0.6	offset	-1.4	offset	-0.6	5	303
-1.3	-1.1	-1.2 -0.6	offset	-1.2	offset	-0.6	5	253
-1.1	-0.9	-1 -0.6	offset	-1	offset	-0.6	5	203
-0.9	-0.7	-0.8 -0.6	offset	-0.8	offset	-0.6	5	153
-0.7	-0.5	1	offset	-0.6	offset	-0.6	5	1501
-0.5	-0.299999999999999	-0.399999999999999 -0.6	offset	-0.399999999999999	offset	-0.6	5	52
-0.299999999999999	-0.0999999999999996	-0.199999999999999 -0.6	offset	-0.199999999999999	offset	-0.6	5	2
-0.0999999999999996	0.1	0 -0.6	offset	0	offset	-0.6	5	1253
0.1	0.3	0.2 -0.6	offset	0.2	offset	-0.6	5	1303
0.3	0.5	0.4 -0.6	offset	0.4	offset	-0.6	5	1353
0.5	0.700000000000001	0.6 -0.6	offset	0.600000000000001	offset	-0.6	5	1403
0.700000000000001	0.9	0.800000000000001 -0.6	offset	0.800000000000001	offset	-0.6	5	1453
0.9	1.1	1 -0.6	offset	1	offset	-0.6	5	1504
1.1	1.3	1.2 -0.6	offset	1.2	offset	-0.6	5	1554
1.3	1.5	1.4 -0.6	offset	1.4	offset	-0.6	5	1604
1.5	1.7	1.6 -0.6	offset	1.6	offset	-0.6	5	1654
1.7	1.9	1.8 -0.6	offset	1.8	offset	-0.6	5	1704
1.9	2.1	2 -0.6	offset	2	offset	-0.6	5	1754
2.1	2.3	2.2 -0.6	offset	2.2	offset	-0.6	5	1804
2.3	2.5	2.4 -0.6	offset	2.4	offset	-0.6	5	1854
2.5	2.7	2.6 -0.6	offset	2.6	offset	-0.6	5	1904
2.7	2.9	2.8 -0.6	offset	2.8	offset	-0.6	5	1954
2.9	3.1	3 -0.6	offset	3	offset	-0.6	5	2004
3.1	3.3	3.2 -0.6	offset	3.2	offset	-0.6	5	2054
3.3	3.5	3.4 -0.6	offset	3.4	offset	-0.6	5	2104
3.5	3.7	3.6 -0.6	offset	3.6	offset	-0.6	5	2154
3.7	3.9	3.8 -0.6	offset	3.8	offset	-0.6	5	2204
3.9	4.1	4 -0.6	offset	4	offset	-0.6	5	2254
4.1	4.3	4.2 -0.6	offset	4.2	offset	-0.6	5	2304
4.3	4.5	4.4 -0.6	offset	4.4	offset	-0.6	5	2354
4.5	4.7	4.6 -0.6	offset	4.6	offset	-0.6	5	2404
4.7	4.9	4.8 -0.6	offset	4.8	offset	-0.6	5	2454
4.9	5.1	5 -0.6	offset	5	offset	-0.6	5	2504
-5.1	-4.9	-5 -0.399999999999999	offset	-5	offset	-0.399999999999999	5	1202
-4.9	-4.7	-4.8 -0.399999999999999	offset	-4.8	offset	-0.399999999999999	5	1152
-4.7	-4.5	-4.6 -0.399999999999999	offset	-4.6	offset	-0.399999999999999	5	1102
-4.5	-4.3	-4.4 -0.399999999999999	offset	-4.4	offset	-0.399999999999999	5	1052
-4.3	-4.1	-4.2 -0.399999999999999	offset	-4.2	offset	-0.399999999999999	5	1002
-4.1	-3.9	-4 -0.399999999999999	offset	-4	offset	-0.399999999999999	5	952
-3.9	-3.7	-3.8 -0.399999999999999	offset	-3.8	offset	-0.399999999999999	5	902
-3.7	-3.5	-3.6 -0.399999999999999	offset	-3.6	offset	-0.399999999999999	5	852
-3.5	-3.3	-3.4 -0.399999999999999	offset	-3.4	offset	-0.399999999999999	5	802
-3.3	-3.1	-3.2 -0.399999999999999	offset	-3.2	offset	-0.399999999999999	5	752
-3.1	-2.9	-3 -0.399999999999999	offset	-3	offset	-0.399999999999999	5	702
-2.9	-2.7	-2.8 -0.399999999999999	offset	-2.8	offset	-0.399999999999999	5	652
-2.7	-2.5	-2.6 -0.399999999999999	offset	-2.6	offset	-0.399999999999999	5	602
-2.5	-2.3	-2.4 -0.399999999999999	offset	-2.4	offset	-0.399999999999999	5	552
-2.3	-2.1	-2.2 -0.399999999999999	offset	-2.2	offset	-0.399999999999999	5	502
-2.1	-1.9	-2 -0.399999999999999	offset	-2	offset	-0.399999999999999	5	452
-1.9	-1.7	-1.8 -0.399999999999999	offset	-1.8	offset	-0.399999999999999	5	402
-1.7	-1.5	-1.6 -0.399999999999999	offset	-1.6	offset	-0.399999999999999	5	352
-1.5	-1.3	-1.4 -0.399999999999999	offset	-1.4	offset	-0.399999999999999	5	302
-1.3	-1.1	-1.2 -0.399999999999999	offset	-1.2	offset	-0.399999999999999	5	252
-1.1	-0.9	-1 -0.399999999999999	offset	-1	offset	-0.399999999999999	5	202
-0.9	-0.7	-0.8 -0.399999999999999	offset	-0.8	offset	-0.399999999999999	5	152
-0.7	-0.5	-0.6 -0.399999999999999	offset	-0.6	offset	-0.399999999999999	5	102
-0.5	-0.299999999999999	1	offset	-0.399999999999999	offset	-0.399999999999999	5	1501
-0.299999999999999	-0.0999999999999996	-0.199999999999999 -0.399999999999999	offset	-0.199999999999999	offset	-0.399999999999999	5	1
-0.0999999999999996	0.1	0 -0.399999999999999	offset	0	offset	-0.399999999999999	5	1252
0.1	0.3	0.2 -0.399999999999999	offset	0.2	offset	-0.399999999999999	5	1302
0.3	0.5	0.4 -0.399999999999999	offset	0.4	offset	-0.399999999999999	5	1352
0.5	0.700000000000001	0.6 -0.399999999999999	offset	0.600000000000001	offset	-0.399999999999999	5	1402
0.700000000000001	0.9	0.800000000000001 -0.399999999999999	offset	0.800000000000001	offset	-0.399999999999999	5	1452
0.9	1.1	1 -0.399999999999999	offset	1	offset	-0.399999999999999	5	1503
1.1	1.3	1.2 -0.399999999999999	offset	1.2	offset	-0.399999999999999	5	1553
1.3	1.5	1.4 -0.399999999999999	offset	1.4	offset	-0.399999999999999	5	1603
1.5	1.7	1.6 -0.399999999999999	offset	1.6	offset	-0.399999999999999	5	1653
1.7	1.9	1.8 -0.399999999999999	offset	1.8	offset	-0.399999999999999	5	1703
1.9	2.1	2 -0.399999999999999	offset	2	offset	-0.399999999999999	5	1753
2.1	2.3	2.2 -0.399999999999999	offset	2.2	offset	-0.399999999999999	5	1803
2.3	2.5	2.4 -0.399999999999999	offset	2.4	offset	-0.399999999999999	5	1853
2.5	2.7	2.6 -0.399999999999999	offset	2.6	offset	-0.399999999999999	5	1903
2.7	2.9	2.8 -0.399999999999999	offset	2.8	offset	-0.399999999999999	5	1953
2.9	3.1	3 -0.399999999999999	offset	3	offset	-0.399999999999999	5	2003
3.1	3.3	3.2 -0.399999999999999	offset	3.2	offset	-0.399999999999999	5	2053
3.3	3.5	3.4 -0.399999999999999	offset	3.4	offset	-0.399999999999999	5	2103
3.5	3.7	3.6 -0.399999999999999	offset	3.6	offset	-0.399999999999999	5	2153
3.7	3.9	3.8 -0.399999999999999	offset	3.8	offset	-0.399999999999999	5	2203
3.9	4.1	4 -0.399999999999999	offset	4	offset	-0.399999999999999	5	2253
4.1	4.3	4.2 -0.399999999999999	offset	4.2	offset	-0.399999999999999	5	2303
4.3	4.5	4.4 -0.399999999999999	offset	4.4	offset	-0.399999999999999	5	2353
4.5	4.7	4.6 -0.399999999999999	offset	4.6	offset	-0.399999999999999	5	2403
4.7	4.9	4.8 -0.399999999999999	offset	4.8	offset	-0.399999999999999	5	2453
4.9	5.1	5 -0.399999999999999	offset	5	offset	-0.399999999999999	5	2503
-5.1	-4.9	-5 -0.199999999999999	offset	-5	offset	-0.199999999999999	5	1201
-4.9	-4.7	-4.8 -0.199999999999999	offset	-4.8	offset	-0.199999999999999	5	1151
-4.7	-4.5	-4.6 -0.199999999999999	offset	-4.6	offset	-0.199999999999999	5	1101
-4.5	-4.3	-4.4 -0.199999999999999	offset	-4.4	offset	-0.199999999999999	5	1051
-4.3	-4.1	-4.2 -0.199999999999999	offset	-4.2	offset	-0.199999999999999	5	1001
-4.1	-3.9	-4 -0.199999999999999	offset	-4	offset	-0.199999999999999	5	951
-3.9	-3.7	-3.8 -0.199999999999999	offset	-3.8	offset	-0.199999999999999	5	901
-3.7	-3.5	-3.6 -0.199999999999999	offset	-3.6	offset	-0.199999999999999	5	851
-3.5	-3.3	-3.4 -0.199999999999999	offset	-3.4	offset	-0.199999999999999	5	801
-3.3	-3.1	-3.2 -0.199999999999999	offset	-3.2	offset	-0.199999999999999	5	751
-3.1	-2.9	-3 -0.199999999999999	offset	-3	offset	-0.199999999999999	5	701
-2.9	-2.7	-2.8 -0.199999999999999	offset	-2.8	offset	-0.199999999999999	5	651
-2.7	-2.5	-2.6 -0.199999999999999	offset	-2.6	offset	-0.199999999999999	5	601
-2.5	-2.3	-2.4 -0.199999999999999	offset	-2.4	offset	-0.199999999999999	5	551
-2.3	-2.1	-2.2 -0.199999999999999	offset	-2.2	offset	-0.199999999999999	5	501
-2.1	-1.9	-2 -0.199999999999999	offset	-2	offset	-0.199999999999999	5	451
-1.9	-1.7	-1.8 -0.199999999999999	offset	-1.8	offset	-0.199999999999999	5	401
-1.7	-1.5	-1.6 -0.199999999999999	offset	-1.6	offset	-0.199999999999999	5	351
-1.5	-1.3	-1.4 -0.199999999999999	offset	-1.4	offset	-0.199999999999999	5	301
-1.3	-1.1	-1.2 -0.199999999999999	offset	-1.2	offset	-0.199999999999999	5	251
-1.1	-0.9	-1 -0.199999999999999	offset	-1	offset	-0.199999999999999	5	201
-0.9	-0.7	-0.8 -0.199999999999999	offset	-0.8	offset	-0.199999999999999	5	151
-0.7	-0.5	-0.6 -0.199999999999999	offset	-0.6	offset	-0.199999999999999	5	101
-0.5	-0.299999999999999	-0.399999999999999 -0.199999999999999	offset	-0.399999999999999	offset	-0.199999999999999	5	51
-0.299999999999999	-0.0999999999999996	1	offset	-0.199999999999999	offset	-0.199999999999999	5	1501
-0.0999999999999996	0.1	0 -0.199999999999999	offset	0	offset	-0.199999999999999	5	1251
0.1	0.3	0.2 -0.199999999999999	offset	0.2	offset	-0.199999999999999	5	1301
0.3	0.5	0.4 -0.199999999999999	offset	0.4	offset	-0.199999999999999	5	1351
0.5	0.700000000000001	0.6 -0.199999999999999	offset	0.600000000000001	offset	-0.199999999999999	5	1401
0.700000000000001	0.9	0.800000000000001 -0.199999999999999	offset	0.800000000000001	offset	-0.199999999999999	5	1451
0.9	1.1	1 -0.199999999999999	offset	1	offset	-0.199999999999999	5	1502
1.1	1.3	1.2 -0.199999999999999	offset	1.2	offset	-0.199999999999999	5	1552
1.3	1.5	1.4 -0.199999999999999	offset	1.4	offset	-0.199999999999999	5	1602
1.5	1.7	1.6 -0.199999999999999	offset	1.6	offset	-0.199999999999999	5	1652
1.7	1.9	1.8 -0.199999999999999	offset	1.8	offset	-0.199999999999999	5	1702
1.9	2.1	2 -0.199999999999999	offset	2	offset	-0.199999999999999	5	1752
2.1	2.3	2.2 -0.199999999999999	offset	2.2	offset	-0.199999999999999	5	1802
2.3	2.5	2.4 -0.199999999999999	offset	2.4	offset	-0.199999999999999	5	1852
2.5	2.7	2.6 -0.199999999999999	offset	2.6	offset	-0.199999999999999	5	1902
2.7	2.9	2.8 -0.199999999999999	offset	2.8	offset	-0.199999999999999	5	1952
2.9	3.1	3 -0.199999999999999	offset	3	offset	-0.199999999999999	5	2002
3.1	3.3	3.2 -0.199999999999999	offset	3.2	offset	-0.199999999999999	5	2052
3.3	3.5	3.4 -0.199999999999999	offset	3.4	offset	-0.199999999999999	5	2102
3.5	3.7	3.6 -0.199999999999999	offset	3.6	offset	-0.199999999999999	5	2152
3.7	3.9	3.8 -0.199999999999999	offset	3.8	offset	-0.199999999999999	5	2202
3.9	4.1	4 -0.199999999999999	offset	4	offset	-0.199999999999999	5	2252
4.1	4.3	4.2 -0.199999999999999	offset	4.2	offset	-0.199999999999999	5	2302
4.3	4.5	4.4 -0.199999999999999	offset	4.4	offset	-0.199999999999999	5	2352
4.5	4.7	4.6 -0.199999999999999	offset	4.6	offset	-0.199999999999999	5	2402
4.7	4.9	4.8 -0.199999999999999	offset	4.8	offset	-0.199999999999999	5	2452
4.9	5.1	5 -0.199999999999999	offset	5	offset	-0.199999999999999	5	2502
-5.1	-4.9	-5 0	offset	-5	offset	0	5	1225
-4.9	-4.7	-4.8 0	offset	-4.8	offset	0	5	1175
-4.7	-4.5	-4.6 0	offset	-4.6	offset	0	5	1125
-4.5	-4.3	-4.4 0	offset	-4.4	offset	0	5	1075
-4.3	-4.1	-4.2 0	offset	-4.2	offset	0	5	1025
-4.1	-3.9	-4 0	offset	-4	offset	0	5	975
-3.9	-3.7	-3.8 0	offset	-3.8	offset	0	5	925
-3.7	-3.5	-3.6 0	offset	-3.6	offset	0	5	875
-3.5	-3.3	-3.4 0	offset	-3.4	offset	0	5	825
-3.3	-3.1	-3.2 0	offset	-3.2	offset	0	5	775
-3.1	-2.9	-3 0	offset	-3	offset	0	5	725
-2.9	-2.7	-2.8 0	offset	-2.8	offset	0	5	675
-2.7	-2.5	-2.6 0	offset	-2.6	offset	0	5	625
-2.5	-2.3	-2.4 0	offset	-2.4	offset	0	5	575
-2.3	-2.1	-2.2 0	offset	-2.2	offset	0	5	525
-2.1	-1.9	-2 0	offset	-2	offset	0	5	475
-1.9	-1.7	-1.8 0	offset	-1.8	offset	0	5	425
-1.7	-1.5	-1.6 0	offset	-1.6	offset	0	5	375
-1.5	-1.3	-1.4 0	offset	-1.4	offset	0	5	325
-1.3	-1.1	-1.2 0	offset	-1.2	offset	0	5	275
-1.1	-0.9	-1 0	offset	-1	offset	0	5	225
-0.9	-0.7	-0.8 0	offset	-0.8	offset	0	5	175
-0.7	-0.5	-0.6 0	offset	-0.6	offset	0	5	125
-0.5	-0.299999999999999	-0.399999999999999 0	offset	-0.399999999999999	offset	0	5	75
-0.299999999999999	-0.0999999999999996	-0.199999999999999 0	offset	-0.199999999999999	offset	0	5	25
-0.0999999999999996	0.1	1	offset	0	offset	0	5	1501
0.1	0.3	0.2 0	offset	0.2	offset	0	5	1326
0.3	0.5	0.4 0	offset	0.4	offset	0	5	1376
0.5	0.700000000000001	0.6 0	offset	0.600000000000001	offset	0	5	1426
0.700000000000001	0.9	0.800000000000001 0	offset	0.800000000000001	offset	0	5	1476
0.9	1.1	1 0	offset	1	offset	0	5	1527
1.1	1.3	1.2 0	offset	1.2	offset	0	5	1577
1.3	1.5	1.4 0	offset	1.4	offset	0	5	1627
1.5	1.7	1.6 0	offset	1.6	offset	0	5	1677
1.7	1.9	1.8 0	offset	1.8	offset	0	5	1727
1.9	2.1	2 0	offset	2	offset	0	5	1777
2.1	2.3	2.2 0	offset	2.2	offset	0	5	1827
2.3	2.5	2.4 0	offset	2.4	offset	0	5	1877
2.5	2.7	2.6 0	offset	2.6	offset	0	5	1927
2.7	2.9	2.8 0	offset	2.8	offset	0	5	1977
2.9	3.1	3 0	offset	3	offset	0	5	2027
3.1	3.3	3.2 0	offset	3.2	offset	0	5	2077
3.3	3.5	3.4 0	offset	3.4	offset	0	5	2127
3.5	3.7	3.6 0	offset	3.6	offset	0	5	2177
3.7	3.9	3.8 0	offset	3.8	offset	0	5	2227
3.9	4.1	4 0	offset	4	offset	0	5	2277
4.1	4.3	4.2 0	offset	4.2	offset	0	5	2327
4.3	4.5	4.4 0	offset	4.4	offset	0	5	2377
4.5	4.7	4.6 0	offset	4.6	offset	0	5	2427
4.7	4.9	4.8 0	offset	4.8	offset	0	5	2477
4.9	5.1	5 0	offset	5	offset	0	5	2527
-5.1	-4.9	-5 0.2	offset	-5	offset	0.2	5	1226
-4.9	-4.7	-4.8 0.2	offset	-4.8	offset	0.2	5	1176
-4.7	-4.5	-4.6 0.2	offset	-4.6	offset	0.2	5	1126
-4.5	-4.3	-4.4 0.2	offset	-4.4	offset	0.2	5	1076
-4.3	-4.1	-4.2 0.2	offset	-4.2	offset	0.2	5	1026
-4.1	-3.9	-4 0.2	offset	-4	offset	0.2	5	976
-3.9	-3.7	-3.8 0.2	offset	-3.8	offset	0.2	5	926
-3.7	-3.5	-3.6 0.2	offset	-3.6	offset	0.2	5	876
-3.5	-3.3	-3.4 0.2	offset	-3.4	offset	0.2	5	826
-3.3	-3.1	-3.2 0.2	offset	-3.2	offset	0.2	5	776
-3.1	-2.9	-3 0.2	offset	-3	offset	0.2	5	726
-2.9	-2.7	-2.8 0.2	offset	-2.8	offset	0.2	5	676
-2.7	-2.5	-2.6 0.2	offset	-2.6	offset	0.2	5	626
-2.5	-2.3	-2.4 0.2	offset	-2.4	offset	0.2	5	576
-2.3	-2.1	-2.2 0.2	offset	-2.2	offset	0.2	5	526
-2.1	-1.9	-2 0.2	offset	-2	offset	0.2	5	476
-1.9	-1.7	-1.8 0.2	offset	-1.8	offset	0.2	5	426
-1.7	-1.5	-1.6 0.2	offset	-1.6	offset	0.2	5	376
-1.5	-1.3	-1.4 0.2	offset	-1.4	offset	0.2	5	326
-1.3	-1.1	-1.2 0.2	offset	-1.2	offset	0.2	5	276
-1.1	-0.9	-1 0.2	offset	-1	offset	0.2	5	226
-0.9	-0.7	-0.8 0.2	offset	-0.8	offset	0.2	5	176
-0.7	-0.5	-0.6 0.2	offset	-0.6	offset	0.2	5	126
-0.5	-0.299999999999999	-0.399999999999999 0.2	offset	-0.399999999999999	offset	0.2	5	76
-0.299999999999999	-0.0999999999999996	-0.199999999999999 0.2	offset	-0.199999999999999	offset	0.2	5	26
-0.0999999999999996	0.1	0 0.2	offset	0	offset	0.2	5	1276
0.1	0.3	1	offset	0.2	offset	0.2	5	1501
0.3	0.5	0.4 0.2	offset	0.4	offset	0.2	5	1377
0.5	0.700000000000001	0.6 0.2	offset	0.600000000000001	offset	0.2	5	1427
0.700000000000001	0.9	0.800000000000001 0.2	offset	0.800000000000001	offset	0.2	5	1477
0.9	1.1	1 0.2	offset	1	offset	0.2	5	1528
1.1	1.3	1.2 0.2	offset	1.2	offset	0.2	5	1578
1.3	1.5	1.4 0.2	offset	1.4	offset	0.2	5	1628
1.5	1.7	1.6 0.2	offset	1.6	offset	0.2	5	1678
1.7	1.9	1.8 0.2	offset	1.8	offset	0.2	5	1728
1.9	2.1	2 0.2	offset	2	offset	0.2	5	1778
2.1	2.3	2.2 0.2	offset	2.2	offset	0.2	5	1828
2.3	2.5	2.4 0.2	offset	2.4	offset	0.2	5	1878
2.5	2.7	2.6 0.2	offset	2.6	offset	0.2	5	1928
2.7	2.9	2.8 0.2	offset	2.8	offset	0.2	5	1978
2.9	3.1	3 0.2	offset	3	offset	0.2	5	2028
3.1	3.3	3.2 0.2	offset	3.2	offset	0.2	5	2078
3.3	3.5	3.4 0.2	offset	3.4	offset	0.2	5	2128
3.5	3.7	3.6 0.2	offset	3.6	offset	0.2	5	2178
3.7	3.9	3.8 0.2	offset	3.8	offset	0.2	5	2228
3.9	4.1	4 0.2	offset	4	offset	0.2	5	2278
4.1	4.3	4.2 0.2	offset	4.2	offset	0.2	5	2328
4.3	4.5	4.4 0.2	offset	4.4	offset	0.2	5	2378
4.5	4.7	4.6 0.2	offset	4.6	offset	0.2	5	2428
4.7	4.9	4.8 0.2	offset	4.8	offset	0.2	5	2478
4.9	5.1	5 0.2	offset	5	offset	0.2	5	2528
-5.1	-4.9	-5 0.4	offset	-5	offset	0.4	5	1227
-4.9	-4.7	-4.8 0.4	offset	-4.8	offset	0.4	5	1177
-4.7	-4.5	-4.6 0.4	offset	-4.6	offset	0.4	5	1127
-4.5	-4.3	-4.4 0.4	offset	-4.4	offset	0.4	5	1077
-4.3	-4.1	-4.2 0.4	offset	-4.2	offset	0.4	5	1027
-4.1	-3.9	-4 0.4	offset	-4	offset	0.4	5	977
-3.9	-3.7	-3.8 0.4	offset	-3.8	offset	0.4	5	927
-3.7	-3.5	-3.6 0.4	offset	-3.6	offset	0.4	5	877
-3.5	-3.3	-3.4 0.4	offset	-3.4	offset	0.4	5	827
-3.3	-3.1	-3.2 0.4	offset	-3.2	offset	0.4	5	777
-3.1	-2.9	-3 0.4	offset	-3	offset	0.4	5	727
-2.9	-2.7	-2.8 0.4	offset	-2.8	offset	0.4	5	677
-2.7	-2.5	-2.6 0.4	offset	-2.6	offset	0.4	5	627
-2.5	-2.3	-2.4 0.4	offset	-2.4	offset	0.4	5	577
-2.3	-2.1	-2.2 0.4	offset	-2.2	offset	0.4	5	527
-2.1	-1.9	-2 0.4	offset	-2	offset	0.4	5	477
-1.9	-1.7	-1.8 0.4	offset	-1.8	offset	0.4	5	427
-1.7	-1.5	-1.6 0.4	offset	-1.6	offset	0.4	5	377
-1.5	-1.3	-1.4 0.4	offset	-1.4	offset	0.4	5	327
-1.3	-1.1	-1.2 0.4	offset	-1.2	offset	0.4	5	277
-1.1	-0.9	-1 0.4	offset	-1	offset	0.4	5	227
-0.9	-0.7	-0.8 0.4	offset	-0.8	offset	0.4	5	177
-0.7	-0.5	-0.6 0.4	offset	-0.6	offset	0.4	5	127
-0.5	-0.299999999999999	-0.399999999999999 0.4	offset	-0.399999999999999	offset	0.4	5	77
-0.299999999999999	-0.0999999999999996	-0.199999999999999 0.4	offset	-0.199999999999999	offset	0.4	5	27
-0.0999999999999996	0.1	0 0.4	offset	0	offset	0.4	5	1277
0.1	0.3	0.2 0.4	offset	0.2	offset	0.4	5	1327
0.3	0.5	1	offset	0.4	offset	0.4	5	1501
0.5	0.700000000000001	0.6 0.4	offset	0.600000000000001	offset	0.4	5	1428
0.700000000000001	0.9	0.800000000000001 0.4	offset	0.800000000000001	offset	0.4	5	1478
0.9	1.1	1 0.4	offset	1	offset	0.4	5	1529
1.1	1.3	1.2 0.4	offset	1.2	offset	0.4	5	1579
1.3	1.5	1.4 0.4	offset	1.4	offset	0.4	5	1629
1.5	1.7	1.6 0.4	offset	1.6	offset	0.4	5	1679
1.7	1.9	1.8 0.4	offset	1.8	offset	0.4	5	1729
1.9	2.1	2 0.4	offset	2	offset	0.4	5	1779
2.1	2.3	2.2 0.4	offset	2.2	offset	0.4	5	1829
2.3	2.5	2.4 0.4	offset	2.4	offset	0.4	5	1879
2.5	2.7	2.6 0.4	offset	2.6	offset	0.4	5	1929
2.7	2.9	2.8 0.4	offset	2.8	offset	0.4	5	1979
2.9	3.1	3 0.4	offset	3	offset	0.4	5	2029
3.1	3.3	3.2 0.4	offset	3.2	offset	0.4	5	2079
3.3	3.5	3.4 0.4	offset	3.4	offset	0.4	5	2129
3.5	3.7	3.6 0.4	offset	3.6	offset	0.4	5	2179
3.7	3.9	3.8 0.4	offset	3.8	offset	0.4	5	2229
3.9	4.1	4 0.4	offset	4	offset	0.4	5	2279
4.1	4.3	4.2 0.4	offset	4.2	offset	0.4	5	2329
4.3	4.5	4.4 0.4	offset	4.4	offset	0.4	5	2379
4.5	4.7	4.6 0.4	offset	4.6	offset	0.4	5	2429
4.7	4.9	4.8 0.4	offset	4.8	offset	0.4	5	2479
4.9	5.1	5 0.4	offset	5	offset	0.4	5	2529
-5.1	-4.9	-5 0.6	offset	-5	offset	0.600000000000001	5	1228
-4.9	-4.7	-4.8 0.6	offset	-4.8	offset	0.600000000000001	5	1178
-4.7	-4.5	-4.6 0.6	offset	-4.6	offset	0.600000000000001	5	1128
-4.5	-4.3	-4.4 0.6	offset	-4.4	offset	0.600000000000001	5	1078
-4.3	-4.1	-4.2 0.6	offset	-4.2	offset	0.600000000000001	5	1028
-4.1	-3.9	-4 0.6	offset	-4	offset	0.600000000000001	5	978
-3.9	-3.7	-3.8 0.6	offset	-3.8	offset	0.600000000000001	5	928
-3.7	-3.5	-3.6 0.6	offset	-3.6	offset	0.600000000000001	5	878
-3.5	-3.3	-3.4 0.6	offset	-3.4	offset	0.600000000000001	5	828
-3.3	-3.1	-3.2 0.6	offset	-3.2	offset	0.600000000000001	5	778
-3.1	-2.9	-3 0.6	offset	-3	offset	0.600000000000001	5	728
-2.9	-2.7	-2.8 0.6	offset	-2.8	offset	0.600000000000001	5	678
-2.7	-2.5	-2.6 0.6	offset	-2.6	offset	0.600000000000001	5	628
-2.5	-2.3	-2.4 0.6	offset	-2.4	offset	0.600000000000001	5	578
-2.3	-2.1	-2.2 0.6	offset	-2.2	offset	0.600000000000001	5	528
-2.1	-1.9	-2 0.6	offset	-2	offset	0.600000000000001	5	478
-1.9	-1.7	-1.8 0.6	offset	-1.8	offset	0.600000000000001	5	428
-1.7	-1.5	-1.6 0.6	offset	-1.6	offset	0.600000000000001	5	378
-1.5	-1.3	-1.4 0.6	offset	-1.4	offset	0.600000000000001	5	328
-1.3	-1.1	-1.2 0.6	offset	-1.2	offset	0.600000000000001	5	278
-1.1	-0.9	-1 0.6	offset	-1	offset	0.600000000000001	5	228
-0.9	-0.7	-0.8 0.6	offset	-0.8	offset	0.600000000000001	5	178
-0.7	-0.5	-0.6 0.6	offset	-0.6	offset	0.600000000000001	5	128
-0.5	-0.299999999999999	-0.399999999999999 0.6	offset	-0.399999999999999	offset	0.600000000000001	5	78
-0.299999999999999	-0.0999999999999996	-0.199999999999999 0.6	offset	-0.199999999999999	offset	0.600000000000001	5	28
-0.0999999999999996	0.1	0 0.6	offset	0	offset	0.600000000000001	5	1278
0.1	0.3	0.2 0.6	offset	0.2	offset	0.600000000000001	5	1328
0.3	0.5	0.4 0.6	offset	0.4	offset	0.600000000000001	5	1378
0.5	0.700000000000001	1	offset	0.600000000000001	offset	0.600000000000001	5	1501
0.700000000000001	0.9	0.800000000000001 0.6	offset	0.800000000000001	offset	0.600000000000001	5	1479
0.9	1.1	1 0.6	offset	1	offset	0.600000000000001	5	1530
1.1	1.3	1.2 0.6	offset	1.2	offset	0.600000000000001	5	1580
1.3	1.5	1.4 0.6	offset	1.4	offset	0.600000000000001	5	1630
1.5	1.7	1.6 0.6	offset	1.6	offset	0.600000000000001	5	1680
1.7	1.9	1.8 0.6	offset	1.8	offset	0.600000000000001	5	1730
1.9	2.1	2 0.6	offset	2	offset	0.600000000000001	5	1780
2.1	2.3	2.2 0.6	offset	2.2	offset	0.600000000000001	5	1830
2.3	2.5	2.4 0.6	offset	2.4	offset	0.600000000000001	5	1880
2.5	2.7	2.6 0.6	offset	2.6	offset	0.600000000000001	5	1930
2.7	2.9	2.8 0.6	offset	2.8	offset	0.600000000000001	5	1980
2.9	3.1	3 0.6	offset	3	offset	0.600000000000001	5	2030
3.1	3.3	3.2 0.6	offset	3.2	offset	0.600000000000001	5	2080
3.3	3.5	3.4 0.6	offset	3.4	offset	0.600000000000001	5	2130
3.5	3.7	3.6 0.6	offset	3.6	offset	0.600000000000001	5	2180
3.7	3.9	3.8 0.6	offset	3.8	offset	0.600000000000001	5	2230
3.9	4.1	4 0.6	offset	4	offset	0.600000000000001	5	2280
4.1	4.3	4.2 0.6	offset	4.2	offset	0.600000000000001	5	2330
4.3	4.5	4.4 0.6	offset	4.4	offset	0.600000000000001	5	2380
4.5	4.7	4.6 0.6	offset	4.6	offset	0.600000000000001	5	2430
4.7	4.9	4.8 0.6	offset	4.8	offset	0.600000000000001	5	2480
4.9	5.1	5 0.6	offset	5	offset	0.600000000000001	5	2530
-5.1	-4.9	-5 0.800000000000001	offset	-5	offset	0.800000000000001	5	1229
-4.9	-4.7	-4.8 0.800000000000001	offset	-4.8	offset	0.800000000000001	5	1179
-4.7	-4.5	-4.6 0.800000000000001	offset	-4.6	offset	0.800000000000001	5	1129
-4.5	-4.3	-4.4 0.800000000000001	offset	-4.4	offset	0.800000000000001	5	1079
-4.3	-4.1	-4.2 0.800000000000001	offset	-4.2	offset	0.800000000000001	5	1029
-4.1	-3.9	-4 0.800000000000001	offset	-4	offset	0.800000000000001	5	979
-3.9	-3.7	-3.8 0.800000000000001	offset	-3.8	offset	0.800000000000001	5	929
-3.7	-3.5	-3.6 0.800000000000001	offset	-3.6	offset	0.800000000000001	5	879
-3.5	-3.3	-3.4 0.800000000000001	offset	-3.4	offset	0.800000000000001	5	829
-3.3	-3.1	-3.2 0.800000000000001	offset	-3.2	offset	0.800000000000001	5	779
-3.1	-2.9	-3 0.800000000000001	offset	-3	offset	0.800000000000001	5	729
-2.9	-2.7	-2.8 0.800000000000001	offset	-2.8	offset	0.800000000000001	5	679
-2.7	-2.5	-2.6 0.800000000000001	offset	-2.6	offset	0.800000000000001	5	629
-2.5	-2.3	-2.4 0.800000000000001	offset	-2.4	offset	0.800000000000001	5	579
-2.3	-2.1	-2.2 0.800000000000001	offset	-2.2	offset	0.800000000000001	5	529
-2.1	-1.9	-2 0.800000000000001	offset	-2	offset	0.800000000000001	5	479
-1.9	-1.7	-1.8 0.800000000000001	offset	-1.8	offset	0.800000000000001	5	429
-1.7	-1.5	-1.6 0.800000000000001	offset	-1.6	offset	0.800000000000001	5	379
-1.5	-1.3	-1.4 0.800000000000001	offset	-1.4	offset	0.800000000000001	5	329
-1.3	-1.1	-1.2 0.800000000000001	offset	-1.2	offset	0.800000000000001	5	279
-1.1	-0.9	-1 0.800000000000001	offset	-1	offset	0.800000000000001	5	229
-0.9	-0.7	-0.8 0.800000000000001	offset	-0.8	offset	0.800000000000001	5	179
-0.7	-0.5	-0.6 0.800000000000001	offset	-0.6	offset	0.800000000000001	5	129
-0.5	-0.299999999999999	-0.399999999999999 0.800000000000001	offset	-0.399999999999999	offset	0.800000000000001	5	79
-0.299999999999999	-0.0999999999999996	-0.199999999999999 0.800000000000001	offset	-0.199999999999999	offset	0.800000000000001	5	29
-0.0999999999999996	0.1	0 0.800000000000001	offset	0	offset	0.800000000000001	5	1279
0.1	0.3	0.2 0.800000000000001	offset	0.2	offset	0.800000000000001	5	1329
0.3	0.5	0.4 0.800000000000001	offset	0.4	offset	0.800000000000001	5	1379
0.5	0.700000000000001	0.6 0.800000000000001	offset	0.600000000000001	offset	0.800000000000001	5	1429
0.700000000000001	0.9	1	offset	0.800000000000001	offset	0.800000000000001	5	1501
0.9	1.1	1 0.800000000000001	offset	1	offset	0.800000000000001	5	1531
1.1	1.3	1.2 0.800000000000001	offset	1.2	offset	0.800000000000001	5	1581
1.3	1.5	1.4 0.800000000000001	offset	1.4	offset	0.800000000000001	5	1631
1.5	1.7	1.6 0.800000000000001	offset	1.6	offset	0.800000000000001	5	1681
1.7	1.9	1.8 0.800000000000001	offset	1.8	offset	0.800000000000001	5	1731
1.9	2.1	2 0.800000000000001	offset	2	offset	0.800000000000001	5	1781
2.1	2.3	2.2 0.800000000000001	offset	2.2	offset	0.800000000000001	5	1831
2.3	2.5	2.4 0.800000000000001	offset	2.4	offset	0.800000000000001	5	1881
2.5	2.7	2.6 0.800000000000001	offset	2.6	offset	0.800000000000001	5	1931
2.7	2.9	2.8 0.800000000000001	offset	2.8	offset	0.800000000000001	5	1981
2.9	3.1	3 0.800000000000001	offset	3	offset	0.800000000000001	5	2031
3.1	3.3	3.2 0.800000000000001	offset	3.2	offset	0.800000000000001	5	2081
3.3	3.5	3.4 0.800000000000001	offset	3.4	offset	0.800000000000001	5	2131
3.5	3.7	3.6 0.800000000000001	offset	3.6	offset	0.800000000000001	5	2181
3.7	3.9	3.8 0.800000000000001	offset	3.8	offset	0.800000000000001	5	2231
3.9	4.1	4 0.800000000000001	offset	4	offset	0.800000000000001	5	2281
4.1	4.3	4.2 0.800000000000001	offset	4.2	offset	0.800000000000001	5	2331
4.3	4.5	4.4 0.800000000000001	offset	4.4	offset	0.800000000000001	5	2381
4.5	4.7	4.6 0.800000000000001	offset	4.6	offset	0.800000000000001	5	2431
4.7	4.9	4.8 0.800000000000001	offset	4.8	offset	0.800000000000001	5	2481
4.9	5.1	5 0.800000000000001	offset	5	offset	0.800000000000001	5	2531
-5.1	-4.9	-5 1	offset	-5	offset	1	5	1230
-4.9	-4.7	-4.8 1	offset	-4.8	offset	1	5	1180
-4.7	-4.5	-4.6 1	offset	-4.6	offset	1	5	1130
-4.5	-4.3	-4.4 1	offset	-4.4	offset	1	5	1080
-4.3	-4.1	-4.2 1	offset	-4.2	offset	1	5	1030
-4.1	-3.9	-4 1	offset	-4	offset	1	5	980
-3.9	-3.7	-3.8 1	offset	-3.8	offset	1	5	930
-3.7	-3.5	-3.6 1	offset	-3.6	offset	1	5	880
-3.5	-3.3	-3.4 1	offset	-3.4	offset	1	5	830
-3.3	-3.1	-3.2 1	offset	-3.2	offset	1	5	780
-3.1	-2.9	-3 1	offset	-3	offset	1	5	730
-2.9	-2.7	-2.8 1	offset	-2.8	offset	1	5	680
-2.7	-2.5	-2.6 1	offset	-2.6	offset	1	5	630
-2.5	-2.3	-2.4 1	offset	-2.4	offset	1	5	580
-2.3	-2.1	-2.2 1	offset	-2.2	offset	1	5	530
-2.1	-1.9	-2 1	offset	-2	offset	1	5	480
-1.9	-1.7	-1.8 1	offset	-1.8	offset	1	5	430
-1.7	-1.5	-1.6 1	offset	-1.6	offset	1	5	380
-1.5	-1.3	-1.4 1	offset	-1.4	offset	1	5	330
-1.3	-1.1	-1.2 1	offset	-1.2	offset	1	5	280
-1.1	-0.9	-1 1	offset	-1	offset	1	5	230
-0.9	-0.7	-0.8 1	offset	-0.8	offset	1	5	180
-0.7	-0.5	-0.6 1	offset	-0.6	offset	1	5	130
-0.5	-0.299999999999999	-0.399999999999999 1	offset	-0.399999999999999	offset	1	5	80
-0.299999999999999	-0.0999999999999996	-0.199999999999999 1	offset	-0.199999999999999	offset	1	5	30
-0.0999999999999996	0.1	0 1	offset	0	offset	1	5	1280
0.1	0.3	0.2 1	offset	0.2	offset	1	5	1330
0.3	0.5	0.4 1	offset	0.4	offset	1	5	1380
0.5	0.700000000000001	0.6 1	offset	0.600000000000001	offset	1	5	1430
0.700000000000001	0.9	0.800000000000001 1	offset	0.800000000000001	offset	1	5	1480
0.9	1.1	1	offset	1	offset	1	5	1501
1.1	1.3	1.2 1	offset	1.2	offset	1	5	1582
1.3	1.5	1.4 1	offset	1.4	offset	1	5	1632
1.5	1.7	1.6 1	offset	1.6	offset	1	5	1682
1.7	1.9	1.8 1	offset	1.8	offset	1	5	1732
1.9	2.1	2 1	offset	2	offset	1	5	1782
2.1	2.3	2.2 1	offset	2.2	offset	1	5	1832
2.3	2.5	2.4 1	offset	2.4	offset	1	5	1882
2.5	2.7	2.6 1	offset	2.6	offset	1	5	1932
2.7	2.9	2.8 1	offset	2.8	offset	1	5	1982
2.9	3.1	3 1	offset	3	offset	1	5	2032
3.1	3.3	3.2 1	offset	3.2	offset	1	5	2082
3.3	3.5	3.4 1	offset	3.4	offset	1	5	2132
3.5	3.7	3.6 1	offset	3.6	offset	1	5	2182
3.7	3.9	3.8 1	offset	3.8	offset	1	5	2232
3.9	4.1	4 1	offset	4	offset	1	5	2282
4.1	4.3	4.2 1	offset	4.2	offset	1	5	2332
4.3	4.5	4.4 1	offset	4.4	offset	1	5	2382
4.5	4.7	4.6 1	offset	4.6	offset	1	5	2432
4.7	4.9	4.8 1	offset	4.8	offset	1	5	2482
4.9	5.1	5 1	offset	5	offset	1	5	2532
-5.1	-4.9	-5 1.2	offset	-5	offset	1.2	5	1231
-4.9	-4.7	-4.8 1.2	offset	-4.8	offset	1.2	5	1181
-4.7	-4.5	-4.6 1.2	offset	-4.6	offset	1.2	5	1131
-4.5	-4.3	-4.4 1.2	offset	-4.4	offset	1.2	5	1081
-4.3	-4.1	-4.2 1.2	offset	-4.2	offset	1.2	5	1031
-4.1	-3.9	-4 1.2	offset	-4	offset	1.2	5	981
-3.9	-3.7	-3.8 1.2	offset	-3.8	offset	1.2	5	931
-3.7	-3.5	-3.6 1.2	offset	-3.6	offset	1.2	5	881
-3.5	-3.3	-3.4 1.2	offset	-3.4	offset	1.2	5	831
-3.3	-3.1	-3.2 1.2	offset	-3.2	offset	1.2	5	781
-3.1	-2.9	-3 1.2	offset	-3	offset	1.2	5	731
-2.9	-2.7	-2.8 1.2	offset	-2.8	offset	1.2	5	681
-2.7	-2.5	-2.6 1.2	offset	-2.6	offset	1.2	5	631
-2.5	-2.3	-2.4 1.2	offset	-2.4	offset	1.2	5	581
-2.3	-2.1	-2.2 1.2	offset	-2.2	offset	1.2	5	531
-2.1	-1.9	-2 1.2	offset	-2	offset	1.2	5	481
-1.9	-1.7	-1.8 1.2	offset	-1.8	offset	1.2	5	431
-1.7	-1.5	-1.6 1.2	offset	-1.6	offset	1.2	5	381
-1.5	-1.3	-1.4 1.2	offset	-1.4	offset	1.2	5	331
-1.3	-1.1	-1.2 1.2	offset	-1.2	offset	1.2	5	281
-1.1	-0.9	-1 1.2	offset	-1	offset	1.2	5	231
-0.9	-0.7	-0.8 1.2	offset	-0.8	offset	1.2	5	181
-0.7	-0.5	-0.6 1.2	offset	-0.6	offset	1.2	5	131
-0.5	-0.299999999999999	-0.399999999999999 1.2	offset	-0.399999999999999	offset	1.2	5	81
-0.299999999999999	-0.0999999999999996	-0.199999999999999 1.2	offset	-0.199999999999999	offset	1.2	5	31
-0.0999999999999996	0.1	0 1.2	offset	0	offset	1.2	5	1281
0.1	0.3	0.2 1.2	offset	0.2	offset	1.2	5	1331
0.3	0.5	0.4 1.2	offset	0.4	offset	1.2	5	1381
0.5	0.700000000000001	0.6 1.2	offset	0.600000000000001	offset	1.2	5	1431
0.700000000000001	0.9	0.800000000000001 1.2	offset	0.800000000000001	offset	1.2	5	1481
0.9	1.1	1 1.2	offset	1	offset	1.2	5	1532
1.1	1.3	1	offset	1.2	offset	1.2	5	1501
1.3	1.5	1.4 1.2	offset	1.4	offset	1.2	5	1633
1.5	1.7	1.6 1.2	offset	1.6	offset	1.2	5	1683
1.7	1.9	1.8 1.2	offset	1.8	offset	1.2	5	1733
1.9	2.1	2 1.2	offset	2	offset	1.2	5	1783
2.1	2.3	2.2 1.2	offset	2.2	offset	1.2	5	1833
2.3	2.5	2.4 1.2	offset	2.4	offset	1.2	5	1883
2.5	2.7	2.6 1.2	offset	2.6	offset	1.2	5	1933
2.7	2.9	2.8 1.2	offset	2.8	offset	1.2	5	1983
2.9	3.1	3 1.2	offset	3	offset	1.2	5	2033
3.1	3.3	3.2 1.2	offset	3.2	offset	1.2	5	2083
3.3	3.5	3.4 1.2	offset	3.4	offset	1.2	5	2133
3.5	3.7	3.6 1.2	offset	3.6	offset	1.2	5	2183
3.7	3.9	3.8 1.2	offset	3.8	offset	1.2	5	2233
3.9	4.1	4 1.2	offset	4	offset	1.2	5	2283
4.1	4.3	4.2 1.2	offset	4.2	offset	1.2	5	2333
4.3	4.5	4.4 1.2	offset	4.4	offset	1.2	5	2383
4.5	4.7	4.6 1.2	offset	4.6	offset	1.2	5	2433
4.7	4.9	4.8 1.2	offset	4.8	offset	1.2	5	2483
4.9	5.1	5 1.2	offset	5	offset	1.2	5	2533
-5.1	-4.9	-5 1.4	offset	-5	offset	1.4	5	1232
-4.9	-4.7	-4.8 1.4	offset	-4.8	offset	1.4	5	1182
-4.7	-4.5	-4.6 1.4	offset	-4.6	offset	1.4	5	1132
-4.5	-4.3	-4.4 1.4	offset	-4.4	offset	1.4	5	1082
-4.3	-4.1	-4.2 1.4	offset	-4.2	offset	1.4	5	1032
-4.1	-3.9	-4 1.4	offset	-4	offset	1.4	5	982
-3.9	-3.7	-3.8 1.4	offset	-3.8	offset	1.4	5	932
-3.7	-3.5	-3.6 1.4	offset	-3.6	offset	1.4	5	882
-3.5	-3.3	-3.4 1.4	offset	-3.4	offset	1.4	5	832
-3.3	-3.1	-3.2 1.4	offset	-3.2	offset	1.4	5	782
-3.1	-2.9	-3 1.4	offset	-3	offset	1.4	5	732
-2.9	-2.7	-2.8 1.4	offset	-2.8	offset	1.4	5	682
-2.7	-2.5	-2.6 1.4	offset	-2.6	offset	1.4	5	632
-2.5	-2.3	-2.4 1.4	offset	-2.4	offset	1.4	5	582
-2.3	-2.1	-2.2 1.4	offset	-2.2	offset	1.4	5	532
-2.1	-1.9	-2 1.4	offset	-2	offset	1.4	5	482
-1.9	-1.7	-1.8 1.4	offset	-1.8	offset	1.4	5	432
-1.7	-1.5	-1.6 1.4	offset	-1.6	offset	1.4	5	382
-1.5	-1.3	-1.4 1.4	offset	-1.4	offset	1.4	5	332
-1.3	-1.1	-1.2 1.4	offset	-1.2	offset	1.4	5	282
-1.1	-0.9	-1 1.4	offset	-1	offset	1.4	5	232
-0.9	-0.7	-0.8 1.4	offset	-0.8	offset	1.4	5	182
-0.7	-0.5	-0.6 1.4	offset	-0.6	offset	1.4	5	132
-0.5	-0.299999999999999	-0.399999999999999 1.4	offset	-0.399999999999999	offset	1.4	5	82
-0.299999999999999	-0.0999999999999996	-0.199999999999999 1.4	offset	-0.199999999999999	offset	1.4	5	32
-0.0999999999999996	0.1	0 1.4	offset	0	offset	1.4	5	1282
0.1	0.3	0.2 1.4	offset	0.2	offset	1.4	5	1332
0.3	0.5	0.4 1.4	offset	0.4	offset	1.4	5	1382
0.5	0.700000000000001	0.6 1.4	offset	0.600000000000001	offset	1.4	5	1432
0.700000000000001	0.9	0.800000000000001 1.4	offset	0.800000000000001	offset	1.4	5	1482
0.9	1.1	1 1.4	offset	1	offset	1.4	5	1533
1.1	1.3	1.2 1.4	offset	1.2	offset	1.4	5	1583
1.3	1.5	1	offset	1.4	offset	1.4	5	1501
1.5	1.7	1.6 1.4	offset	1.6	offset	1.4	5	1684
1.7	1.9	1.8 1.4	offset	1.8	offset	1.4	5	1734
1.9	2.1	2 1.4	offset	2	offset	1.4	5	1784
2.1	2.3	2.2 1.4	offset	2.2	offset	1.4	5	1834
2.3	2.5	2.4 1.4	offset	2.4	offset	1.4	5	1884
2.5	2.7	2.6 1.4	offset	2.6	offset	1.4	5	1934
2.7	2.9	2.8 1.4	offset	2.8	offset	1.4	5	1984
2.9	3.1	3 1.4	offset	3	offset	1.4	5	2034
3.1	3.3	3.2 1.4	offset	3.2	offset	1.4	5	2084
3.3	3.5	3.4 1.4	offset	3.4	offset	1.4	5	2134
3.5	3.7	3.6 1.4	offset	3.6	offset	1.4	5	2184
3.7	3.9	3.8 1.4	offset	3.8	offset	1.4	5	2234
3.9	4.1	4 1.4	offset	4	offset	1.4	5	2284
4.1	4.3	4.2 1.4	offset	4.2	offset	1.4	5	2334
4.3	4.5	4.4 1.4	offset	4.4	offset	1.4	5	2384
4.5	4.7	4.6 1.4	offset	4.6	offset	1.4	5	2434
4.7	4.9	4.8 1.4	offset	4.8	offset	1.4	5	2484
4.9	5.1	5 1.4	offset	5	offset	1.4	5	2534
-5.1	-4.9	-5 1.6	offset	-5	offset	1.6	5	1233
-4.9	-4.7	-4.8 1.6	offset	-4.8	offset	1.6	5	1183
-4.7	-4.5	-4.6 1.6	offset	-4.6	offset	1.6	5	1133
-4.5	-4.3	-4.4 1.6	offset	-4.4	offset	1.6	5	1083
-4.3	-4.1	-4.2 1.6	offset	-4.2	offset	1.6	5	1033
-4.1	-3.9	-4 1.6	offset	-4	offset	1.6	5	983
-3.9	-3.7	-3.8 1.6	offset	-3.8	offset	1.6	5	933
-3.7	-3.5	-3.6 1.6	offset	-3.6	offset	1.6	5	883
-3.5	-3.3	-3.4 1.6	offset	-3.4	offset	1.6	5	833
-3.3	-3.1	-3.2 1.6	offset	-3.2	offset	1.6	5	783
-3.1	-2.9	-3 1.6	offset	-3	offset	1.6	5	733
-2.9	-2.7	-2.8 1.6	offset	-2.8	offset	1.6	5	683
-2.7	-2.5	-2.6 1.6	offset	-2.6	offset	1.6	5	633
-2.5	-2.3	-2.4 1.6	offset	-2.4	offset	1.6	5	583
-2.3	-2.1	-2.2 1.6	offset	-2.2	offset	1.6	5	533
-2.1	-1.9	-2 1.6	offset	-2	offset	1.6	5	483
-1.9	-1.7	-1.8 1.6	offset	-1.8	offset	1.6	5	433
-1.7	-1.5	-1.6 1.6	offset	-1.6	offset	1.6	5	383
-1.5	-1.3	-1.4 1.6	offset	-1.4	offset	1.6	5	333
-1.3	-1.1	-1.2 1.6	offset	-1.2	offset	1.6	5	283
-1.1	-0.9	-1 1.6	offset	-1	offset	1.6	5	233
-0.9	-0.7	-0.8 1.6	offset	-0.8	offset	1.6	5	183
-0.7	-0.5	-0.6 1.6	offset	-0.6	offset	1.6	5	133
-0.5	-0.299999999999999	-0.399999999999999 1.6	offset	-0.399999999999999	offset	1.6	5	83
-0.299999999999999	-0.0999999999999996	-0.199999999999999 1.6	offset	-0.199999999999999	offset	1.6	5	33
-0.0999999999999996	0.1	0 1.6	offset	0	offset	1.6	5	1283
0.1	0.3	0.2 1.6	offset	0.2	offset	1.6	5	1333
0.3	0.5	0.4 1.6	offset	0.4	offset	1.6	5	1383
0.5	0.700000000000001	0.6 1.6	offset	0.600000000000001	offset	1.6	5	1433
0.700000000000001	0.9	0.800000000000001 1.6	offset	0.800000000000001	offset	1.6	5	1483
0.9	1.1	1 1.6	offset	1	offset	1.6	5	1534
1.1	1.3	1.2 1.6	offset	1.2	offset	1.6	5	1584
1.3	1.5	1.4 1.6	offset	1.4	offset	1.6	5	1634
1.5	1.7	1	offset	1.6	offset	1.6	5	1501
1.7	1.9	1.8 1.6	offset	1.8	offset	1.6	5	1735
1.9	2.1	2 1.6	offset	2	offset	1.6	5	1785
2.1	2.3	2.2 1.6	offset	2.2	offset	1.6	5	1835
2.3	2.5	2.4 1.6	offset	2.4	offset	1.6	5	1885
2.5	2.7	2.6 1.6	offset	2.6	offset	1.6	5	1935
2.7	2.9	2.8 1.6	offset	2.8	offset	1.6	5	1985
2.9	3.1	3 1.6	offset	3	offset	1.6	5	2035
3.1	3.3	3.2 1.6	offset	3.2	offset	1.6	5	2085
3.3	3.5	3.4 1.6	offset	3.4	offset	1.6	5	2135
3.5	3.7	3.6 1.6	offset	3.6	offset	1.6	5	2185
3.7	3.9	3.8 1.6	offset	3.8	offset	1.6	5	2235
3.9	4.1	4 1.6	offset	4	offset	1.6	5	2285
4.1	4.3	4.2 1.6	offset	4.2	offset	1.6	5	2335
4.3	4.5	4.4 1.6	offset	4.4	offset	1.6	5	2385
4.5	4.7	4.6 1.6	offset	4.6	offset	1.6	5	2435
4.7	4.9	4.8 1.6	offset	4.8	offset	1.6	5	2485
4.9	5.1	5 1.6	offset	5	offset	1.6	5	2535
-5.1	-4.9	-5 1.8	offset	-5	offset	1.8	5	1234
-4.9	-4.7	-4.8 1.8	offset	-4.8	offset	1.8	5	1184
-4.7	-4.5	-4.6 1.8	offset	-4.6	offset	1.8	5	1134
-4.5	-4.3	-4.4 1.8	offset	-4.4	offset	1.8	5	1084
-4.3	-4.1	-4.2 1.8	offset	-4.2	offset	1.8	5	1034
-4.1	-3.9	-4 1.8	offset	-4	offset	1.8	5	984
-3.9	-3.7	-3.8 1.8	offset	-3.8	offset	1.8	5	934
-3.7	-3.5	-3.6 1.8	offset	-3.6	offset	1.8	5	884
-3.5	-3.3	-3.4 1.8	offset	-3.4	offset	1.8	5	834
-3.3	-3.1	-3.2 1.8	offset	-3.2	offset	1.8	5	784
-3.1	-2.9	-3 1.8	offset	-3	offset	1.8	5	734
-2.9	-2.7	-2.8 1.8	offset	-2.8	offset	1.8	5	684
-2.7	-2.5	-2.6 1.8	offset	-2.6	offset	1.8	5	634
-2.5	-2.3	-2.4 1.8	offset	-2.4	offset	1.8	5	584
-2.3	-2.1	-2.2 1.8	offset	-2.2	offset	1.8	5	534
-2.1	-1.9	-2 1.8	offset	-2	offset	1.8	5	484
-1.9	-1.7	-1.8 1.8	offset	-1.8	offset	1.8	5	434
-1.7	-1.5	-1.6 1.8	offset	-1.6	offset	1.8	5	384
-1.5	-1.3	-1.4 1.8	offset	-1.4	offset	1.8	5	334
-1.3	-1.1	-1.2 1.8	offset	-1.2	offset	1.8	5	284
-1.1	-0.9	-1 1.8	offset	-1	offset	1.8	5	234
-0.9	-0.7	-0.8 1.8	offset	-0.8	offset	1.8	5	184
-0.7	-0.5	-0.6 1.8	offset	-0.6	offset	1.8	5	134
-0.5	-0.299999999999999	-0.399999999999999 1.8	offset	-0.399999999999999	offset	1.8	5	84
-0.299999999999999	-0.0999999999999996	-0.199999999999999 1.8	offset	-0.199999999999999	offset	1.8	5	34
-0.0999999999999996	0.1	0 1.8	offset	0	offset	1.8	5	1284
0.1	0.3	0.2 1.8	offset	0.2	offset	1.8	5	1334
0.3	0.5	0.4 1.8	offset	0.4	offset	1.8	5	1384
0.5	0.700000000000001	0.6 1.8	offset	0.600000000000001	offset	1.8	5	1434
0.700000000000001	0.9	0.800000000000001 1.8	offset	0.800000000000001	offset	1.8	5	1484
0.9	1.1	1 1.8	offset	1	offset	1.8	5	1535
1.1	1.3	1.2 1.8	offset	1.2	offset	1.8	5	1585
1.3	1.5	1.4 1.8	offset	1.4	offset	1.8	5	1635
1.5	1.7	1.6 1.8	offset	1.6	offset	1.8	5	1685
1.7	1.9	1	offset	1.8	offset	1.8	5	1501
1.9	2.1	2 1.8	offset	2	offset	1.8	5	1786
2.1	2.3	2.2 1.8	offset	2.2	offset	1.8	5	1836
2.3	2.5	2.4 1.8	offset	2.4	offset	1.8	5	1886
2.5	2.7	2.6 1.8	offset	2.6	offset	1.8	5	1936
2.7	2.9	2.8 1.8	offset	2.8	offset	1.8	5	1986
2.9	3.1	3 1.8	offset	3	offset	1.8	5	2036
3.1	3.3	3.2 1.8	offset	3.2	offset	1.8	5	2086
3.3	3.5	3.4 1.8	offset	3.4	offset	1.8	5	2136
3.5	3.7	3.6 1.8	offset	3.6	offset	1.8	5	2186
3.7	3.9	3.8 1.8	offset	3.8	offset	1.8	5	2236
3.9	4.1	4 1.8	offset	4	offset	1.8	5	2286
4.1	4.3	4.2 1.8	offset	4.2	offset	1.8	5	2336
4.3	4.5	4.4 1.8	offset	4.4	offset	1.8	5	2386
4.5	4.7	4.6 1.8	offset	4.6	offset	1.8	5	2436
4.7	4.9	4.8 1.8	offset	4.8	offset	1.8	5	2486
4.9	5.1	5 1.8	offset	5	offset	1.8	5	2536
-5.1	-4.9	-5 2	offset	-5	offset	2	5	1235
-4.9	-4.7	-4.8 2	offset	-4.8	offset	2	5	1185
-4.7	-4.5	-4.6 2	offset	-4.6	offset	2	5	1135
-4.5	-4.3	-4.4 2	offset	-4.4	offset	2	5	1085
-4.3	-4.1	-4.2 2	offset	-4.2	offset	2	5	1035
-4.1	-3.9	-4 2	offset	-4	offset	2	5	985
-3.9	-3.7	-3.8 2	offset	-3.8	offset	2	5	935
-3.7	-3.5	-3.6 2	offset	-3.6	offset	2	5	885
-3.5	-3.3	-3.4 2	offset	-3.4	offset	2	5	835
-3.3	-3.1	-3.2 2	offset	-3.2	offset	2	5	785
-3.1	-2.9	-3 2	offset	-3	offset	2	5	735
-2.9	-2.7	-2.8 2	offset	-2.8	offset	2	5	685
-2.7	-2.5	-2.6 2	offset	-2.6	offset	2	5	635
-2.5	-2.3	-2.4 2	offset	-2.4	offset	2	5	585
-2.3	-2.1	-2.2 2	offset	-2.2	offset	2	5	535
-2.1	-1.9	-2 2	offset	-2	offset	2	5	485
-1.9	-1.7	-1.8 2	offset	-1.8	offset	2	5	435
-1.7	-1.5	-1.6 2	offset	-1.6	offset	2	5	385
-1.5	-1.3	-1.4 2	offset	-1.4	offset	2	5	335
-1.3	-1.1	-1.2 2	offset	-1.2	offset	2	5	285
-1.1	-0.9	-1 2	offset	-1	offset	2	5	235
-0.9	-0.7	-0.8 2	offset	-0.8	offset	2	5	185
-0.7	-0.5	-0.6 2	offset	-0.6	offset	2	5	135
-0.5	-0.299999999999999	-0.399999999999999 2	offset	-0.399999999999999	offset	2	5	85
-0.299999999999999	-0.0999999999999996	-0.199999999999999 2	offset	-0.199999999999999	offset	2	5	35
-0.0999999999999996	0.1	0 2	offset	0	offset	2	5	1285
0.1	0.3	0.2 2	offset	0.2	offset	2	5	1335
0.3	0.5	0.4 2	offset	0.4	offset	2	5	1385
0.5	0.700000000000001	0.6 2	offset	0.600000000000001	offset	2	5	1435
0.700000000000001	0.9	0.800000000000001 2	offset	0.800000000000001	offset	2	5	1485
0.9	1.1	1 2	offset	1	offset	2	5	1536
1.1	1.3	1.2 2	offset	1.2	offset	2	5	1586
1.3	1.5	1.4 2	offset	1.4	offset	2	5	1636
1.5	1.7	1.6 2	offset	1.6	offset	2	5	1686
1.7	1.9	1.8 2	offset	1.8	offset	2	5	1736
1.9	2.1	1	offset	2	offset	2	5	1501
2.1	2.3	2.2 2	offset	2.2	offset	2	5	1837
2.3	2.5	2.4 2	offset	2.4	offset	2	5	1887
2.5	2.7	2.6 2	offset	2.6	offset	2	5	1937
2.7	2.9	2.8 2	offset	2.8	offset	2	5	1987
2.9	3.1	3 2	offset	3	offset	2	5	2037
3.1	3.3	3.2 2	offset	3.2	offset	2	5	2087
3.3	3.5	3.4 2	offset	3.4	offset	2	5	2137
3.5	3.7	3.6 2	offset	3.6	offset	2	5	2187
3.7	3.9	3.8 2	offset	3.8	offset	2	5	2237
3.9	4.1	4 2	offset	4	offset	2	5	2287
4.1	4.3	4.2 2	offset	4.2	offset	2	5	2337
4.3	4.5	4.4 2	offset	4.4	offset	2	5	2387
4.5	4.7	4.6 2	offset	4.6	offset	2	5	2437
4.7	4.9	4.8 2	offset	4.8	offset	2	5	2487
4.9	5.1	5 2	offset	5	offset	2	5	2537
-5.1	-4.9	-5 2.2	offset	-5	offset	2.2	5	1236
-4.9	-4.7	-4.8 2.2	offset	-4.8	offset	2.2	5	1186
-4.7	-4.5	-4.6 2.2	offset	-4.6	offset	2.2	5	1136
-4.5	-4.3	-4.4 2.2	offset	-4.4	offset	2.2	5	1086
-4.3	-4.1	-4.2 2.2	offset	-4.2	offset	2.2	5	1036
-4.1	-3.9	-4 2.2	offset	-4	offset	2.2	5	986
-3.9	-3.7	-3.8 2.2	offset	-3.8	offset	2.2	5	936
-3.7	-3.5	-3.6 2.2	offset	-3.6	offset	2.2	5	886
-3.5	-3.3	-3.4 2.2	offset	-3.4	offset	2.2	5	836
-3.3	-3.1	-3.2 2.2	offset	-3.2	offset	2.2	5	786
-3.1	-2.9	-3 2.2	offset	-3	offset	2.2	5	736
-2.9	-2.7	-2.8 2.2	offset	-2.8	offset	2.2	5	686
-2.7	-2.5	-2.6 2.2	offset	-2.6	offset	2.2	5	636
-2.5	-2.3	-2.4 2.2	offset	-2.4	offset	2.2	5	586
-2.3	-2.1	-2.2 2.2	offset	-2.2	offset	2.2	5	536
-2.1	-1.9	-2 2.2	offset	-2	offset	2.2	5	486
-1.9	-1.7	-1.8 2.2	offset	-1.8	offset	2.2	5	436
-1.7	-1.5	-1.6 2.2	offset	-1.6	offset	2.2	5	386
-1.5	-1.3	-1.4 2.2	offset	-1.4	offset	2.2	5	336
-1.3	-1.1	-1.2 2.2	offset	-1.2	offset	2.2	5	286
-1.1	-0.9	-1 2.2	offset	-1	offset	2.2	5	236
-0.9	-0.7	-0.8 2.2	offset	-0.8	offset	2.2	5	186
-0.7	-0.5	-0.6 2.2	offset	-0.6	offset	2.2	5	136
-0.5	-0.299999999999999	-0.399999999999999 2.2	offset	-0.399999999999999	offset	2.2	5	86
-0.299999999999999	-0.0999999999999996	-0.199999999999999 2.2	offset	-0.199999999999999	offset	2.2	5	36
-0.0999999999999996	0.1	0 2.2	offset	0	offset	2.2	5	1286
0.1	0.3	0.2 2.2	offset	0.2	offset	2.2	5	1336
0.3	0.5	0.4 2.2	offset	0.4	offset	2.2	5	1386
0.5	0.700000000000001	0.6 2.2	offset	0.600000000000001	offset	2.2	5	1436
0.700000000000001	0.9	0.800000000000001 2.2	offset	0.800000000000001	offset	2.2	5	1486
0.9	1.1	1 2.2	offset	1	offset	2.2	5	1537
1.1	1.3	1.2 2.2	offset	1.2	offset	2.2	5	1587
1.3	1.5	1.4 2.2	offset	1.4	offset	2.2	5	1637
1.5	1.7	1.6 2.2	offset	1.6	offset	2.2	5	1687
1.7	1.9	1.8 2.2	offset	1.8	offset	2.2	5	1737
1.9	2.1	2 2.2	offset	2	offset	2.2	5	1787
2.1	2.3	1	offset	2.2	offset	2.2	5	1501
2.3	2.5	2.4 2.2	offset	2.4	offset	2.2	5	1888
2.5	2.7	2.6 2.2	offset	2.6	offset	2.2	5	1938
2.7	2.9	2.8 2.2	offset	2.8	offset	2.2	5	1988
2.9	3.1	3 2.2	offset	3	offset	2.2	5	2038
3.1	3.3	3.2 2.2	offset	3.2	offset	2.2	5	2088
3.3	3.5	3.4 2.2	offset	3.4	offset	2.2	5	2138
3.5	3.7	3.6 2.2	offset	3.6	offset	2.2	5	2188
3.7	3.9	3.8 2.2	offset	3.8	offset	2.2	5	2238
3.9	4.1	4 2.2	offset	4	offset	2.2	5	2288
4.1	4.3	4.2 2.2	offset	4.2	offset	2.2	5	2338
4.3	4.5	4.4 2.2	offset	4.4	offset	2.2	5	2388
4.5	4.7	4.6 2.2	offset	4.6	offset	2.2	5	2438
4.7	4.9	4.8 2.2	offset	4.8	offset	2.2	5	2488
4.9	5.1	5 2.2	offset	5	offset	2.2	5	2538
-5.1	-4.9	-5 2.4	offset	-5	offset	2.4	5	1237
-4.9	-4.7	-4.8 2.4	offset	-4.8	offset	2.4	5	1187
-4.7	-4.5	-4.6 2.4	offset	-4.6	offset	2.4	5	1137
-4.5	-4.3	-4.4 2.4	offset	-4.4	offset	2.4	5	1087
-4.3	-4.1	-4.2 2.4	offset	-4.2	offset	2.4	5	1037
-4.1	-3.9	-4 2.4	offset	-4	offset	2.4	5	987
-3.9	-3.7	-3.8 2.4	offset	-3.8	offset	2.4	5	937
-3.7	-3.5	-3.6 2.4	offset	-3.6	offset	2.4	5	887
-3.5	-3.3	-3.4 2.4	offset	-3.4	offset	2.4	5	837
-3.3	-3.1	-3.2 2.4	offset	-3.2	offset	2.4	5	787
-3.1	-2.9	-3 2.4	offset	-3	offset	2.4	5	737
-2.9	-2.7	-2.8 2.4	offset	-2.8	offset	2.4	5	687
-2.7	-2.5	-2.6 2.4	offset	-2.6	offset	2.4	5	637
-2.5	-2.3	-2.4 2.4	offset	-2.4	offset	2.4	5	587
-2.3	-2.1	-2.2 2.4	offset	-2.2	offset	2.4	5	537
-2.1	-1.9	-2 2.4	offset	-2	offset	2.4	5	487
-1.9	-1.7	-1.8 2.4	offset	-1.8	offset	2.4	5	437
-1.7	-1.5	-1.6 2.4	offset	-1.6	offset	2.4	5	387
-1.5	-1.3	-1.4 2.4	offset	-1.4	offset	2.4	5	337
-1.3	-1.1	-1.2 2.4	offset	-1.2	offset	2.4	5	287
-1.1	-0.9	-1 2.4	offset	-1	offset	2.4	5	237
-0.9	-0.7	-0.8 2.4	offset	-0.8	offset	2.4	5	187
-0.7	-0.5	-0.6 2.4	offset	-0.6	offset	2.4	5	137
-0.5	-0.299999999999999	-0.399999999999999 2.4	offset	-0.399999999999999	offset	2.4	5	87
-0.299999999999999	-0.0999999999999996	-0.199999999999999 2.4	offset	-0.199999999999999	offset	2.4	5	37
-0.0999999999999996	0.1	0 2.4	offset	0	offset	2.4	5	1287
0.1	0.3	0.2 2.4	offset	0.2	offset	2.4	5	1337
0.3	0.5	0.4 2.4	offset	0.4	offset	2.4	5	1387
0.5	0.700000000000001	0.6 2.4	offset	0.600000000000001	offset	2.4	5	1437
0.700000000000001	0.9	0.800000000000001 2.4	offset	0.800000000000001	offset	2.4	5	1487
0.9	1.1	1 2.4	offset	1	offset	2.4	5	1538
1.1	1.3	1.2 2.4	offset	1.2	offset	2.4	5	1588
1.3	1.5	1.4 2.4	offset	1.4	offset	2.4	5	1638
1.5	1.7	1.6 2.4	offset	1.6	offset	2.4	5	1688
1.7	1.9	1.8 2.4	offset	1.8	offset	2.4	5	1738
1.9	2.1	2 2.4	offset	2	offset	2.4	5	1788
2.1	2.3	2.2 2.4	offset	2.2	offset	2.4	5	1838
2.3	2.5	1	offset	2.4	offset	2.4	5	1501
2.5	2.7	2.6 2.4	offset	2.6	offset	2.4	5	1939
2.7	2.9	2.8 2.4	offset	2.8	offset	2.4	5	1989
2.9	3.1	3 2.4	offset	3	offset	2.4	5	2039
3.1	3.3	3.2 2.4	offset	3.2	offset	2.4	5	2089
3.3	3.5	3.4 2.4	offset	3.4	offset	2.4	5	2139
3.5	3.7	3.6 2.4	offset	3.6	offset	2.4	5	2189
3.7	3.9	3.8 2.4	offset	3.8	offset	2.4	5	2239
3.9	4.1	4 2.4	offset	4	offset	2.4	5	2289
4.1	4.3	4.2 2.4	offset	4.2	offset	2.4	5	2339
4.3	4.5	4.4 2.4	offset	4.4	offset	2.4	5	2389
4.5	4.7	4.6 2.4	offset	4.6	offset	2.4	5	2439
4.7	4.9	4.8 2.4	offset	4.8	offset	2.4	5	2489
4.9	5.1	5 2.4	offset	5	offset	2.4	5	2539
-5.1	-4.9	-5 2.6	offset	-5	offset	2.6	5	1238
-4.9	-4.7	-4.8 2.6	offset	-4.8	offset	2.6	5	1188
-4.7	-4.5	-4.6 2.6	offset	-4.6	offset	2.6	5	1138
-4.5	-4.3	-4.4 2.6	offset	-4.4	offset	2.6	5	1088
-4.3	-4.1	-4.2 2.6	offset	-4.2	offset	2.6	5	1038
-4.1	-3.9	-4 2.6	offset	-4	offset	2.6	5	988
-3.9	-3.7	-3.8 2.6	offset	-3.8	offset	2.6	5	938
-3.7	-3.5	-3.6 2.6	offset	-3.6	offset	2.6	5	888
-3.5	-3.3	-3.4 2.6	offset	-3.4	offset	2.6	5	838
-3.3	-3.1	-3.2 2.6	offset	-3.2	offset	2.6	5	788
-3.1	-2.9	-3 2.6	offset	-3	offset	2.6	5	738
-2.9	-2.7	-2.8 2.6	offset	-2.8	offset	2.6	5	688
-2.7	-2.5	-2.6 2.6	offset	-2.6	offset	2.6	5	638
-2.5	-2.3	-2.4 2.6	offset	-2.4	offset	2.6	5	588
-2.3	-2.1	-2.2 2.6	offset	-2.2	offset	2.6	5	538
-2.1	-1.9	-2 2.6	offset	-2	offset	2.6	5	488
-1.9	-1.7	-1.8 2.6	offset	-1.8	offset	2.6	5	438
-1.7	-1.5	-1.6 2.6	offset	-1.6	offset	2.6	5	388
-1.5	-1.3	-1.4 2.6	offset	-1.4	offset	2.6	5	338
-1.3	-1.1	-1.2 2.6	offset	-1.2	offset	2.6	5	288
-1.1	-0.9	-1 2.6	offset	-1	offset	2.6	5	238
-0.9	-0.7	-0.8 2.6	offset	-0.8	offset	2.6	5	188
-0.7	-0.5	-0.6 2.6	offset	-0.6	offset	2.6	5	138
-0.5	-0.299999999999999	-0.399999999999999 2.6	offset	-0.399999999999999	offset	2.6	5	88
-0.299999999999999	-0.0999999999999996	-0.199999999999999 2.6	offset	-0.199999999999999	offset	2.6	5	38
-0.0999999999999996	0.1	0 2.6	offset	0	offset	2.6	5	1288
0.1	0.3	0.2 2.6	offset	0.2	offset	2.6	5	1338
0.3	0.5	0.4 2.6	offset	0.4	offset	2.6	5	1388
0.5	0.700000000000001	0.6 2.6	offset	0.600000000000001	offset	2.6	5	1438
0.700000000000001	0.9	0.800000000000001 2.6	offset	0.800000000000001	offset	2.6	5	1488
0.9	1.1	1 2.6	offset	1	offset	2.6	5	1539
1.1	1.3	1.2 2.6	offset	1.2	offset	2.6	5	1589
1.3	1.5	1.4 2.6	offset	1.4	offset	2.6	5	1639
1.5	1.7	1.6 2.6	offset	1.6	offset	2.6	5	1689
1.7	1.9	1.8 2.6	offset	1.8	offset	2.6	5	1739
1.9	2.1	2 2.6	offset	2	offset	2.6	5	1789
2.1	2.3	2.2 2.6	offset	2.2	offset	2.6	5	1839
2.3	2.5	2.4 2.6	offset	2.4	offset	2.6	5	1889
2.5	2.7	1	offset	2.6	offset	2.6	5	1501
2.7	2.9	2.8 2.6	offset	2.8	offset	2.6	5	1990
2.9	3.1	3 2.6	offset	3	offset	2.6	5	2040
3.1	3.3	3.2 2.6	offset	3.2	offset	2.6	5	2090
3.3	3.5	3.4 2.6	offset	3.4	offset	2.6	5	2140
3.5	3.7	3.6 2.6	offset	3.6	offset	2.6	5	2190
3.7	3.9	3.8 2.6	offset	3.8	offset	2.6	5	2240
3.9	4.1	4 2.6	offset	4	offset	2.6	5	2290
4.1	4.3	4.2 2.6	offset	4.2	offset	2.6	5	2340
4.3	4.5	4.4 2.6	offset	4.4	offset	2.6	5	2390
4.5	4.7	4.6 2.6	offset	4.6	offset	2.6	5	2440
4.7	4.9	4.8 2.6	offset	4.8	offset	2.6	5	2490
4.9	5.1	5 2.6	offset	5	offset	2.6	5	2540
-5.1	-4.9	-5 2.8	offset	-5	offset	2.8	5	1239
-4.9	-4.7	-4.8 2.8	offset	-4.8	offset	2.8	5	1189
-4.7	-4.5	-4.6 2.8	offset	-4.6	offset	2.8	5	1139
-4.5	-4.3	-4.4 2.8	offset	-4.4	offset	2.8	5	1089
-4.3	-4.1	-4.2 2.8	offset	-4.2	offset	2.8	5	1039
-4.1	-3.9	-4 2.8	offset	-4	offset	2.8	5	989
-3.9	-3.7	-3.8 2.8	offset	-3.8	offset	2.8	5	939
-3.7	-3.5	-3.6 2.8	offset	-3.6	offset	2.8	5	889
-3.5	-3.3	-3.4 2.8	offset	-3.4	offset	2.8	5	839
-3.3	-3.1	-3.2 2.8	offset	-3.2	offset	2.8	5	789
-3.1	-2.9	-3 2.8	offset	-3	offset	2.8	5	739
-2.9	-2.7	-2.8 2.8	offset	-2.8	offset	2.8	5	689
-2.7	-2.5	-2.6 2.8	offset	-2.6	offset	2.8	5	639
-2.5	-2.3	-2.4 2.8	offset	-2.4	offset	2.8	5	589
-2.3	-2.1	-2.2 2.8	offset	-2.2	offset	2.8	5	539
-2.1	-1.9	-2 2.8	offset	-2	offset	2.8	5	489
-1.9	-1.7	-1.8 2.8	offset	-1.8	offset	2.8	5	439
-1.7	-1.5	-1.6 2.8	offset	-1.6	offset	2.8	5	389
-1.5	-1.3	-1.4 2.8	offset	-1.4	offset	2.8	5	339
-1.3	-1.1	-1.2 2.8	offset	-1.2	offset	2.8	5	289
-1.1	-0.9	-1 2.8	offset	-1	offset	2.8	5	239
-0.9	-0.7	-0.8 2.8	offset	-0.8	offset	2.8	5	189
-0.7	-0.5	-0.6 2.8	offset	-0.6	offset	2.8	5	139
-0.5	-0.299999999999999	-0.399999999999999 2.8	offset	-0.399999999999999	offset	2.8	5	89
-0.299999999999999	-0.0999999999999996	-0.199999999999999 2.8	offset	-0.199999999999999	offset	2.8	5	39
-0.0999999999999996	0.1	0 2.8	offset	0	offset	2.8	5	1289
0.1	0.3	0.2 2.8	offset	0.2	offset	2.8	5	1339
0.3	0.5	0.4 2.8	offset	0.4	offset	2.8	5	1389
0.5	0.700000000000001	0.6 2.8	offset	0.600000000000001	offset	2.8	5	1439
0.700000000000001	0.9	0.800000000000001 2.8	offset	0.800000000000001	offset	2.8	5	1489
0.9	1.1	1 2.8	offset	1	offset	2.8	5	1540
1.1	1.3	1.2 2.8	offset	1.2	offset	2.8	5	1590
1.3	1.5	1.4 2.8	offset	1.4	offset	2.8	5	1640
1.5	1.7	1.6 2.8	offset	1.6	offset	2.8	5	1690
1.7	1.9	1.8 2.8	offset	1.8	offset	2.8	5	1740
1.9	2.1	2 2.8	offset	2	offset	2.8	5	1790
2.1	2.3	2.2 2.8	offset	2.2	offset	2.8	5	1840
2.3	2.5	2.4 2.8	offset	2.4	offset	2.8	5	1890
2.5	2.7	2.6 2.8	offset	2.6	offset	2.8	5	1940
2.7	2.9	1	offset	2.8	offset	2.8	5	1501
2.9	3.1	3 2.8	offset	3	offset	2.8	5	2041
3.1	3.3	3.2 2.8	offset	3.2	offset	2.8	5	2091
3.3	3.5	3.4 2.8	offset	3.4	offset	2.8	5	2141
3.5	3.7	3.6 2.8	offset	3.6	offset	2.8	5	2191
3.7	3.9	3.8 2.8	offset	3.8	offset	2.8	5	2241
3.9	4.1	4 2.8	offset	4	offset	2.8	5	2291
4.1	4.3	4.2 2.8	offset	4.2	offset	2.8	5	2341
4.3	4.5	4.4 2.8	offset	4.4	offset	2.8	5	2391
4.5	4.7	4.6 2.8	offset	4.6	offset	2.8	5	2441
4.7	4.9	4.8 2.8	offset	4.8	offset	2.8	5	2491
4.9	5.1	5 2.8	offset	5	offset	2.8	5	2541
-5.1	-4.9	-5 3	offset	-5	offset	3	5	1240
-4.9	-4.7	-4.8 3	offset	-4.8	offset	3	5	1190
-4.7	-4.5	-4.6 3	offset	-4.6	offset	3	5	1140
-4.5	-4.3	-4.4 3	offset	-4.4	offset	3	5	1090
-4.3	-4.1	-4.2 3	offset	-4.2	offset	3	5	1040
-4.1	-3.9	-4 3	offset	-4	offset	3	5	990
-3.9	-3.7	-3.8 3	offset	-3.8	offset	3	5	940
-3.7	-3.5	-3.6 3	offset	-3.6	offset	3	5	890
-3.5	-3.3	-3.4 3	offset	-3.4	offset	3	5	840
-3.3	-3.1	-3.2 3	offset	-3.2	offset	3	5	790
-3.1	-2.9	-3 3	offset	-3	offset	3	5	740
-2.9	-2.7	-2.8 3	offset	-2.8	offset	3	5	690
-2.7	-2.5	-2.6 3	offset	-2.6	offset	3	5	640
-2.5	-2.3	-2.4 3	offset	-2.4	offset	3	5	590
-2.3	-2.1	-2.2 3	offset	-2.2	offset	3	5	540
-2.1	-1.9	-2 3	offset	-2	offset	3	5	490
-1.9	-1.7	-1.8 3	offset	-1.8	offset	3	5	440
-1.7	-1.5	-1.6 3	offset	-1.6	offset	3	5	390
-1.5	-1.3	-1.4 3	offset	-1.4	offset	3	5	340
-1.3	-1.1	-1.2 3	offset	-1.2	offset	3	5	290
-1.1	-0.9	-1 3	offset	-1	offset	3	5	240
-0.9	-0.7	-0.8 3	offset	-0.8	offset	3	5	190
-0.7	-0.5	-0.6 3	offset	-0.6	offset	3	5	140
-0.5	-0.299999999999999	-0.399999999999999 3	offset	-0.399999999999999	offset	3	5	90
-0.299999999999999	-0.0999999999999996	-0.199999999999999 3	offset	-0.199999999999999	offset	3	5	40
-0.0999999999999996	0.1	0 3	offset	0	offset	3	5	1290
0.1	0.3	0.2 3	offset	0.2	offset	3	5	1340
0.3	0.5	0.4 3	offset	0.4	offset	3	5	1390
0.5	0.700000000000001	0.6 3	offset	0.600000000000001	offset	3	5	1440
0.700000000000001	0.9	0.800000000000001 3	offset	0.800000000000001	offset	3	5	1490
0.9	1.1	1 3	offset	1	offset	3	5	1541
1.1	1.3	1.2 3	offset	1.2	offset	3	5	1591
1.3	1.5	1.4 3	offset	1.4	offset	3	5	1641
1.5	1.7	1.6 3	offset	1.6	offset	3	5	1691
1.7	1.9	1.8 3	offset	1.8	offset	3	5	1741
1.9	2.1	2 3	offset	2	offset	3	5	1791
2.1	2.3	2.2 3	offset	2.2	offset	3	5	1841
2.3	2.5	2.4 3	offset	2.4	offset	3	5	1891
2.5	2.7	2.6 3	offset	2.6	offset	3	5	1941
2.7	2.9	2.8 3	offset	2.8	offset	3	5	1991
2.9	3.1	1	offset	3	offset	3	5	1501
3.1	3.3	3.2 3	offset	3.2	offset	3	5	2092
3.3	3.5	3.4 3	offset	3.4	offset	3	5	2142
3.5	3.7	3.6 3	offset	3.6	offset	3	5	2192
3.7	3.9	3.8 3	offset	3.8	offset	3	5	2242
3.9	4.1	4 3	offset	4	offset	3	5	2292
4.1	4.3	4.2 3	offset	4.2	offset	3	5	2342
4.3	4.5	4.4 3	offset	4.4	offset	3	5	2392
4.5	4.7	4.6 3	offset	4.6	offset	3	5	2442
4.7	4.9	4.8 3	offset	4.8	offset	3	5	2492
4.9	5.1	5 3	offset	5	offset	3	5	2542
-5.1	-4.9	-5 3.2	offset	-5	offset	3.2	5	1241
-4.9	-4.7	-4.8 3.2	offset	-4.8	offset	3.2	5	1191
-4.7	-4.5	-4.6 3.2	offset	-4.6	offset	3.2	5	1141
-4.5	-4.3	-4.4 3.2	offset	-4.4	offset	3.2	5	1091
-4.3	-4.1	-4.2 3.2	offset	-4.2	offset	3.2	5	1041
-4.1	-3.9	-4 3.2	offset	-4	offset	3.2	5	991
-3.9	-3.7	-3.8 3.2	offset	-3.8	offset	3.2	5	941
-3.7	-3.5	-3.6 3.2	offset	-3.6	offset	3.2	5	891
-3.5	-3.3	-3.4 3.2	offset	-3.4	offset	3.2	5	841
-3.3	-3.1	-3.2 3.2	offset	-3.2	offset	3.2	5	791
-3.1	-2.9	-3 3.2	offset	-3	offset	3.2	5	741
-2.9	-2.7	-2.8 3.2	offset	-2.8	offset	3.2	5	691
-2.7	-2.5	-2.6 3.2	offset	-2.6	offset	3.2	5	641
-2.5	-2.3	-2.4 3.2	offset	-2.4	offset	3.2	5	591
-2.3	-2.1	-2.2 3.2	offset	-2.2	offset	3.2	5	541
-2.1	-1.9	-2 3.2	offset	-2	offset	3.2	5	491
-1.9	-1.7	-1.8 3.2	offset	-1.8	offset	3.2	5	441
-1.7	-1.5	-1.6 3.2	offset	-1.6	offset	3.2	5	391
-1.5	-1.3	-1.4 3.2	offset	-1.4	offset	3.2	5	341
-1.3	-1.1	-1.2 3.2	offset	-1.2	offset	3.2	5	291
-1.1	-0.9	-1 3.2	offset	-1	offset	3.2	5	241
-0.9	-0.7	-0.8 3.2	offset	-0.8	offset	3.2	5	191
-0.7	-0.5	-0.6 3.2	offset	-0.6	offset	3.2	5	141
-0.5	-0.299999999999999	-0.399999999999999 3.2	offset	-0.399999999999999	offset	3.2	5	91
-0.299999999999999	-0.0999999999999996	-0.199999999999999 3.2	offset	-0.199999999999999	offset	3.2	5	41
-0.0999999999999996	0.1	0 3.2	offset	0	offset	3.2	5	1291
0.1	0.3	0.2 3.2	offset	0.2	offset	3.2	5	1341
0.3	0.5	0.4 3.2	offset	0.4	offset	3.2	5	1391
0.5	0.700000000000001	0.6 3.2	offset	0.600000000000001	offset	3.2	5	1441
0.700000000000001	0.9	0.800000000000001 3.2	offset	0.800000000000001	offset	3.2	5	1491
0.9	1.1	1 3.2	offset	1	offset	3.2	5	1542
1.1	1.3	1.2 3.2	offset	1.2	offset	3.2	5	1592
1.3	1.5	1.4 3.2	offset	1.4	offset	3.2	5	1642
1.5	1.7	1.6 3.2	offset	1.6	offset	3.2	5	1692
1.7	1.9	1.8 3.2	offset	1.8	offset	3.2	5	1742
1.9	2.1	2 3.2	offset	2	offset	3.2	5	1792
2.1	2.3	2.2 3.2	offset	2.2	offset	3.2	5	1842
2.3	2.5	2.4 3.2	offset	2.4	offset	3.2	5	1892
2.5	2.7	2.6 3.2	offset	2.6	offset	3.2	5	1942
2.7	2.9	2.8 3.2	offset	2.8	offset	3.2	5	1992
2.9	3.1	3 3.2	offset	3	offset	3.2	5	2042
3.1	3.3	1	offset	3.2	offset	3.2	5	1501
3.3	3.5	3.4 3.2	offset	3.4	offset	3.2	5	2143
3.5	3.7	3.6 3.2	offset	3.6	offset	3.2	5	2193
3.7	3.9	3.8 3.2	offset	3.8	offset	3.2	5	2243
3.9	4.1	4 3.2	offset	4	offset	3.2	5	2293
4.1	4.3	4.2 3.2	offset	4.2	offset	3.2	5	2343
4.3	4.5	4.4 3.2	offset	4.4	offset	3.2	5	2393
4.5	4.7	4.6 3.2	offset	4.6	offset	3.2	5	2443
4.7	4.9	4.8 3.2	offset	4.8	offset	3.2	5	2493
4.9	5.1	5 3.2	offset	5	offset	3.2	5	2543
-5.1	-4.9	-5 3.4	offset	-5	offset	3.4	5	1242
-4.9	-4.7	-4.8 3.4	offset	-4.8	offset	3.4	5	1192
-4.7	-4.5	-4.6 3.4	offset	-4.6	offset	3.4	5	1142
-4.5	-4.3	-4.4 3.4	offset	-4.4	offset	3.4	5	1092
-4.3	-4.1	-4.2 3.4	offset	-4.2	offset	3.4	5	1042
-4.1	-3.9	-4 3.4	offset	-4	offset	3.4	5	992
-3.9	-3.7	-3.8 3.4	offset	-3.8	offset	3.4	5	942
-3.7	-3.5	-3.6 3.4	offset	-3.6	offset	3.4	5	892
-3.5	-3.3	-3.4 3.4	offset	-3.4	offset	3.4	5	842
-3.3	-3.1	-3.2 3.4	offset	-3.2	offset	3.4	5	792
-3.1	-2.9	-3 3.4	offset	-3	offset	3.4	5	742
-2.9	-2.7	-2.8 3.4	offset	-2.8	offset	3.4	5	692
-2.7	-2.5	-2.6 3.4	offset	-2.6	offset	3.4	5	642
-2.5	-2.3	-2.4 3.4	offset	-2.4	offset	3.4	5	592
-2.3	-2.1	-2.2 3.4	offset	-2.2	offset	3.4	5	542
-2.1	-1.9	-2 3.4	offset	-2	offset	3.4	5	492
-1.9	-1.7	-1.8 3.4	offset	-1.8	offset	3.4	5	442
-1.7	-1.5	-1.6 3.4	offset	-1.6	offset	3.4	5	392
-1.5	-1.3	-1.4 3.4	offset	-1.4	offset	3.4	5	342
-1.3	-1.1	-1.2 3.4	offset	-1.2	offset	3.4	5	292
-1.1	-0.9	-1 3.4	offset	-1	offset	3.4	5	242
-0.9	-0.7	-0.8 3.4	offset	-0.8	offset	3.4	5	192
-0.7	-0.5	-0.6 3.4	offset	-0.6	offset	3.4	5	142
-0.5	-0.299999999999999	-0.399999999999999 3.4	offset	-0.399999999999999	offset	3.4	5	92
-0.299999999999999	-0.0999999999999996	-0.199999999999999 3.4	offset	-0.199999999999999	offset	3.4	5	42
-0.0999999999999996	0.1	0 3.4	offset	0	offset	3.4	5	1292
0.1	0.3	0.2 3.4	offset	0.2	offset	3.4	5	1342
0.3	0.5	0.4 3.4	offset	0.4	offset	3.4	5	1392
0.5	0.700000000000001	0.6 3.4	offset	0.600000000000001	offset	3.4	5	1442
0.700000000000001	0.9	0.800000000000001 3.4	offset	0.800000000000001	offset	3.4	5	1492
0.9	1.1	1 3.4	offset	1	offset	3.4	5	1543
1.1	1.3	1.2 3.4	offset	1.2	offset	3.4	5	1593
1.3	1.5	1.4 3.4	offset	1.4	offset	3.4	5	1643
1.5	1.7	1.6 3.4	offset	1.6	offset	3.4	5	1693
1.7	1.9	1.8 3.4	offset	1.8	offset	3.4	5	1743
1.9	2.1	2 3.4	offset	2	offset	3.4	5	1793
2.1	2.3	2.2 3.4	offset	2.2	offset	3.4	5	1843
2.3	2.5	2.4 3.4	offset	2.4	offset	3.4	5	1893
2.5	2.7	2.6 3.4	offset	2.6	offset	3.4	5	1943
2.7	2.9	2.8 3.4	offset	2.8	offset	3.4	5	1993
2.9	3.1	3 3.4	offset	3	offset	3.4	5	2043
3.1	3.3	3.2 3.4	offset	3.2	offset	3.4	5	2093
3.3	3.5	1	offset	3.4	offset	3.4	5	1501
3.5	3.7	3.6 3.4	offset	3.6	offset	3.4	5	2194
3.7	3.9	3.8 3.4	offset	3.8	offset	3.4	5	2244
3.9	4.1	4 3.4	offset	4	offset	3.4	5	2294
4.1	4.3	4.2 3.4	offset	4.2	offset	3.4	5	2344
4.3	4.5	4.4 3.4	offset	4.4	offset	3.4	5	2394
4.5	4.7	4.6 3.4	offset	4.6	offset	3.4	5	2444
4.7	4.9	4.8 3.4	offset	4.8	offset	3.4	5	2494
4.9	5.1	5 3.4	offset	5	offset	3.4	5	2544
-5.1	-4.9	-5 3.6	offset	-5	offset	3.6	5	1243
-4.9	-4.7	-4.8 3.6	offset	-4.8	offset	3.6	5	1193
-4.7	-4.5	-4.6 3.6	offset	-4.6	offset	3.6	5	1143
-4.5	-4.3	-4.4 3.6	offset	-4.4	offset	3.6	5	1093
-4.3	-4.1	-4.2 3.6	offset	-4.2	offset	3.6	5	1043
-4.1	-3.9	-4 3.6	offset	-4	offset	3.6	5	993
-3.9	-3.7	-3.8 3.6	offset	-3.8	offset	3.6	5	943
-3.7	-3.5	-3.6 3.6	offset	-3.6	offset	3.6	5	893
-3.5	-3.3	-3.4 3.6	offset	-3.4	offset	3.6	5	843
-3.3	-3.1	-3.2 3.6	offset	-3.2	offset	3.6	5	793
-3.1	-2.9	-3 3.6	offset	-3	offset	3.6	5	743
-2.9	-2.7	-2.8 3.6	offset	-2.8	offset	3.6	5	693
-2.7	-2.5	-2.6 3.6	offset	-2.6	offset	3.6	5	643
-2.5	-2.3	-2.4 3.6	offset	-2.4	offset	3.6	5	593
-2.3	-2.1	-2.2 3.6	offset	-2.2	offset	3.6	5	543
-2.1	-1.9	-2 3.6	offset	-2	offset	3.6	5	493
-1.9	-1.7	-1.8 3.6	offset	-1.8	offset	3.6	5	443
-1.7	-1.5	-1.6 3.6	offset	-1.6	offset	3.6	5	393
-1.5	-1.3	-1.4 3.6	offset	-1.4	offset	3.6	5	343
-1.3	-1.1	-1.2 3.6	offset	-1.2	offset	3.6	5	293
-1.1	-0.9	-1 3.6	offset	-1	offset	3.6	5	243
-0.9	-0.7	-0.8 3.6	offset	-0.8	offset	3.6	5	193
-0.7	-0.5	-0.6 3.6	offset	-0.6	offset	3.6	5	143
-0.5	-0.299999999999999	-0.399999999999999 3.6	offset	-0.399999999999999	offset	3.6	5	93
-0.299999999999999	-0.0999999999999996	-0.199999999999999 3.6	offset	-0.199999999999999	offset	3.6	5	43
-0.0999999999999996	0.1	0 3.6	offset	0	offset	3.6	5	1293
0.1	0.3	0.2 3.6	offset	0.2	offset	3.6	5	1343
0.3	0.5	0.4 3.6	offset	0.4	offset	3.6	5	1393
0.5	0.700000000000001	0.6 3.6	offset	0.600000000000001	offset	3.6	5	1443
0.700000000000001	0.9	0.800000000000001 3.6	offset	0.800000000000001	offset	3.6	5	1493
0.9	1.1	1 3.6	offset	1	offset	3.6	5	1544
1.1	1.3	1.2 3.6	offset	1.2	offset	3.6	5	1594
1.3	1.5	1.4 3.6	offset	1.4	offset	3.6	5	1644
1.5	1.7	1.6 3.6	offset	1.6	offset	3.6	5	1694
1.7	1.9	1.8 3.6	offset	1.8	offset	3.6	5	1744
1.9	2.1	2 3.6	offset	2	offset	3.6	5	1794
2.1	2.3	2.2 3.6	offset	2.2	offset	3.6	5	1844
2.3	2.5	2.4 3.6	offset	2.4	offset	3.6	5	1894
2.5	2.7	2.6 3.6	offset	2.6	offset	3.6	5	1944
2.7	2.9	2.8 3.6	offset	2.8	offset	3.6	5	1994
2.9	3.1	3 3.6	offset	3	offset	3.6	5	2044
3.1	3.3	3.2 3.6	offset	3.2	offset	3.6	5	2094
3.3	3.5	3.4 3.6	offset	3.4	offset	3.6	5	2144
3.5	3.7	1	offset	3.6	offset	3.6	5	1501
3.7	3.9	3.8 3.6	offset	3.8	offset	3.6	5	2245
3.9	4.1	4 3.6	offset	4	offset	3.6	5	2295
4.1	4.3	4.2 3.6	offset	4.2	offset	3.6	5	2345
4.3	4.5	4.4 3.6	offset	4.4	offset	3.6	5	2395
4.5	4.7	4.6 3.6	offset	4.6	offset	3.6	5	2445
4.7	4.9	4.8 3.6	offset	4.8	offset	3.6	5	2495
4.9	5.1	5 3.6	offset	5	offset	3.6	5	2545
-5.1	-4.9	-5 3.8	offset	-5	offset	3.8	5	1244
-4.9	-4.7	-4.8 3.8	offset	-4.8	offset	3.8	5	1194
-4.7	-4.5	-4.6 3.8	offset	-4.6	offset	3.8	5	1144
-4.5	-4.3	-4.4 3.8	offset	-4.4	offset	3.8	5	1094
-4.3	-4.1	-4.2 3.8	offset	-4.2	offset	3.8	5	1044
-4.1	-3.9	-4 3.8	offset	-4	offset	3.8	5	994
-3.9	-3.7	-3.8 3.8	offset	-3.8	offset	3.8	5	944
-3.7	-3.5	-3.6 3.8	offset	-3.6	offset	3.8	5	894
-3.5	-3.3	-3.4 3.8	offset	-3.4	offset	3.8	5	844
-3.3	-3.1	-3.2 3.8	offset	-3.2	offset	3.8	5	794
-3.1	-2.9	-3 3.8	offset	-3	offset	3.8	5	744
-2.9	-2.7	-2.8 3.8	offset	-2.8	offset	3.8	5	694
-2.7	-2.5	-2.6 3.8	offset	-2.6	offset	3.8	5	644
-2.5	-2.3	-2.4 3.8	offset	-2.4	offset	3.8	5	594
-2.3	-2.1	-2.2 3.8	offset	-2.2	offset	3.8	5	544
-2.1	-1.9	-2 3.8	offset	-2	offset	3.8	5	494
-1.9	-1.7	-1.8 3.8	offset	-1.8	offset	3.8	5	444
-1.7	-1.5	-1.6 3.8	offset	-1.6	offset	3.8	5	394
-1.5	-1.3	-1.4 3.8	offset	-1.4	offset	3.8	5	344
-1.3	-1.1	-1.2 3.8	offset	-1.2	offset	3.8	5	294
-1.1	-0.9	-1 3.8	offset	-1	offset	3.8	5	244
-0.9	-0.7	-0.8 3.8	offset	-0.8	offset	3.8	5	194
-0.7	-0.5	-0.6 3.8	offset	-0.6	offset	3.8	5	144
-0.5	-0.299999999999999	-0.399999999999999 3.8	offset	-0.399999999999999	offset	3.8	5	94
-0.299999999999999	-0.0999999999999996	-0.199999999999999 3.8	offset	-0.199999999999999	offset	3.8	5	44
-0.0999999999999996	0.1	0 3.8	offset	0	offset	3.8	5	1294
0.1	0.3	0.2 3.8	offset	0.2	offset	3.8	5	1344
0.3	0.5	0.4 3.8	offset	0.4	offset	3.8	5	1394
0.5	0.700000000000001	0.6 3.8	offset	0.600000000000001	offset	3.8	5	1444
0.700000000000001	0.9	0.800000000000001 3.8	offset	0.800000000000001	offset	3.8	5	1494
0.9	1.1	1 3.8	offset	1	offset	3.8	5	1545
1.1	1.3	1.2 3.8	offset	1.2	offset	3.8	5	1595
1.3	1.5	1.4 3.8	offset	1.4	offset	3.8	5	1645
1.5	1.7	1.6 3.8	offset	1.6	offset	3.8	5	1695
1.7	1.9	1.8 3.8	offset	1.8	offset	3.8	5	1745
1.9	2.1	2 3.8	offset	2	offset	3.8	5	1795
2.1	2.3	2.2 3.8	offset	2.2	offset	3.8	5	1845
2.3	2.5	2.4 3.8	offset	2.4	offset	3.8	5	1895
2.5	2.7	2.6 3.8	offset	2.6	offset	3.8	5	1945
2.7	2.9	2.8 3.8	offset	2.8	offset	3.8	5	1995
2.9	3.1	3 3.8	offset	3	offset	3.8	5	2045
3.1	3.3	3.2 3.8	offset	3.2	offset	3.8	5	2095
3.3	3.5	3.4 3.8	offset	3.4	offset	3.8	5	2145
3.5	3.7	3.6 3.8	offset	3.6	offset	3.8	5	2195
3.7	3.9	1	offset	3.8	offset	3.8	5	1501
3.9	4.1	4 3.8	offset	4	offset	3.8	5	2296
4.1	4.3	4.2 3.8	offset	4.2	offset	3.8	5	2346
4.3	4.5	4.4 3.8	offset	4.4	offset	3.8	5	2396
4.5	4.7	4.6 3.8	offset	4.6	offset	3.8	5	2446
4.7	4.9	4.8 3.8	offset	4.8	offset	3.8	5	2496
4.9	5.1	5 3.8	offset	5	offset	3.8	5	2546
-5.1	-4.9	-5 4	offset	-5	offset	4	5	1245
-4.9	-4.7	-4.8 4	offset	-4.8	offset	4	5	1195
-4.7	-4.5	-4.6 4	offset	-4.6	offset	4	5	1145
-4.5	-4.3	-4.4 4	offset	-4.4	offset	4	5	1095
-4.3	-4.1	-4.2 4	offset	-4.2	offset	4	5	1045
-4.1	-3.9	-4 4	offset	-4	offset	4	5	995
-3.9	-3.7	-3.8 4	offset	-3.8	offset	4	5	945
-3.7	-3.5	-3.6 4	offset	-3.6	offset	4	5	895
-3.5	-3.3	-3.4 4	offset	-3.4	offset	4	5	845
-3.3	-3.1	-3.2 4	offset	-3.2	offset	4	5	795
-3.1	-2.9	-3 4	offset	-3	offset	4	5	745
-2.9	-2.7	-2.8 4	offset	-2.8	offset	4	5	695
-2.7	-2.5	-2.6 4	offset	-2.6	offset	4	5	645
-2.5	-2.3	-2.4 4	offset	-2.4	offset	4	5	595
-2.3	-2.1	-2.2 4	offset	-2.2	offset	4	5	545
-2.1	-1.9	-2 4	offset	-2	offset	4	5	495
-1.9	-1.7	-1.8 4	offset	-1.8	offset	4	5	445
-1.7	-1.5	-1.6 4	offset	-1.6	offset	4	5	395
-1.5	-1.3	-1.4 4	offset	-1.4	offset	4	5	345
-1.3	-1.1	-1.2 4	offset	-1.2	offset	4	5	295
-1.1	-0.9	-1 4	offset	-1	offset	4	5	245
-0.9	-0.7	-0.8 4	offset	-0.8	offset	4	5	195
-0.7	-0.5	-0.6 4	offset	-0.6	offset	4	5	145
-0.5	-0.299999999999999	-0.399999999999999 4	offset	-0.399999999999999	offset	4	5	95
-0.299999999999999	-0.0999999999999996	-0.199999999999999 4	offset	-0.199999999999999	offset	4	5	45
-0.0999999999999996	0.1	0 4	offset	0	offset	4	5	1295
0.1	0.3	0.2 4	offset	0.2	offset	4	5	1345
0.3	0.5	0.4 4	offset	0.4	offset	4	5	1395
0.5	0.700000000000001	0.6 4	offset	0.600000000000001	offset	4	5	1445
0.700000000000001	0.9	0.800000000000001 4	offset	0.800000000000001	offset	4	5	1495
0.9	1.1	1 4	offset	1	offset	4	5	1546
1.1	1.3	1.2 4	offset	1.2	offset	4	5	1596
1.3	1.5	1.4 4	offset	1.4	offset	4	5	1646
1.5	1.7	1.6 4	offset	1.6	offset	4	5	1696
1.7	1.9	1.8 4	offset	1.8	offset	4	5	1746
1.9	2.1	2 4	offset	2	offset	4	5	1796
2.1	2.3	2.2 4	offset	2.2	offset	4	5	1846
2.3	2.5	2.4 4	offset	2.4	offset	4	5	1896
2.5	2.7	2.6 4	offset	2.6	offset	4	5	1946
2.7	2.9	2.8 4	offset	2.8	offset	4	5	1996
2.9	3.1	3 4	offset	3	offset	4	5	2046
3.1	3.3	3.2 4	offset	3.2	offset	4	5	2096
3.3	3.5	3.4 4	offset	3.4	offset	4	5	2146
3.5	3.7	3.6 4	offset	3.6	offset	4	5	2196
3.7	3.9	3.8 4	offset	3.8	offset	4	5	2246
3.9	4.1	1	offset	4	offset	4	5	1501
4.1	4.3	4.2 4	offset	4.2	offset	4	5	2347
4.3	4.5	4.4 4	offset	4.4	offset	4	5	2397
4.5	4.7	4.6 4	offset	4.6	offset	4	5	2447
4.7	4.9	4.8 4	offset	4.8	offset	4	5	2497
4.9	5.1	5 4	offset	5	offset	4	5	2547
-5.1	-4.9	-5 4.2	offset	-5	offset	4.2	5	1246
-4.9	-4.7	-4.8 4.2	offset	-4.8	offset	4.2	5	1196
-4.7	-4.5	-4.6 4.2	offset	-4.6	offset	4.2	5	1146
-4.5	-4.3	-4.4 4.2	offset	-4.4	offset	4.2	5	1096
-4.3	-4.1	-4.2 4.2	offset	-4.2	offset	4.2	5	1046
-4.1	-3.9	-4 4.2	offset	-4	offset	4.2	5	996
-3.9	-3.7	-3.8 4.2	offset	-3.8	offset	4.2	5	946
-3.7	-3.5	-3.6 4.2	offset	-3.6	offset	4.2	5	896
-3.5	-3.3	-3.4 4.2	offset	-3.4	offset	4.2	5	846
-3.3	-3.1	-3.2 4.2	offset	-3.2	offset	4.2	5	796
-3.1	-2.9	-3 4.2	offset	-3	offset	4.2	5	746
-2.9	-2.7	-2.8 4.2	offset	-2.8	offset	4.2	5	696
-2.7	-2.5	-2.6 4.2	offset	-2.6	offset	4.2	5	646
-2.5	-2.3	-2.4 4.2	offset	-2.4	offset	4.2	5	596
-2.3	-2.1	-2.2 4.2	offset	-2.2	offset	4.2	5	546
-2.1	-1.9	-2 4.2	offset	-2	offset	4.2	5	496
-1.9	-1.7	-1.8 4.2	offset	-1.8	offset	4.2	5	446
-1.7	-1.5	-1.6 4.2	offset	-1.6	offset	4.2	5	396
-1.5	-1.3	-1.4 4.2	offset	-1.4	offset	4.2	5	346
-1.3	-1.1	-1.2 4.2	offset	-1.2	offset	4.2	5	296
-1.1	-0.9	-1 4.2	offset	-1	offset	4.2	5	246
-0.9	-0.7	-0.8 4.2	offset	-0.8	offset	4.2	5	196
-0.7	-0.5	-0.6 4.2	offset	-0.6	offset	4.2	5	146
-0.5	-0.299999999999999	-0.399999999999999 4.2	offset	-0.399999999999999	offset	4.2	5	96
-0.299999999999999	-0.0999999999999996	-0.199999999999999 4.2	offset	-0.199999999999999	offset	4.2	5	46
-0.0999999999999996	0.1	0 4.2	offset	0	offset	4.2	5	1296
0.1	0.3	0.2 4.2	offset	0.2	offset	4.2	5	1346
0.3	0.5	0.4 4.2	offset	0.4	offset	4.2	5	1396
0.5	0.700000000000001	0.6 4.2	offset	0.600000000000001	offset	4.2	5	1446
0.700000000000001	0.9	0.800000000000001 4.2	offset	0.800000000000001	offset	4.2	5	1496
0.9	1.1	1 4.2	offset	1	offset	4.2	5	1547
1.1	1.3	1.2 4.2	offset	1.2	offset	4.2	5	1597
1.3	1.5	1.4 4.2	offset	1.4	offset	4.2	5	1647
1.5	1.7	1.6 4.2	offset	1.6	offset	4.2	5	1697
1.7	1.9	1.8 4.2	offset	1.8	offset	4.2	5	1747
1.9	2.1	2 4.2	offset	2	offset	4.2	5	1797
2.1	2.3	2.2 4.2	offset	2.2	offset	4.2	5	1847
2.3	2.5	2.4 4.2	offset	2.4	offset	4.2	5	1897
2.5	2.7	2.6 4.2	offset	2.6	offset	4.2	5	1947
2.7	2.9	2.8 4.2	offset	2.8	offset	4.2	5	1997
2.9	3.1	3 4.2	offset	3	offset	4.2	5	2047
3.1	3.3	3.2 4.2	offset	3.2	offset	4.2	5	2097
3.3	3.5	3.4 4.2	offset	3.4	offset	4.2	5	2147
3.5	3.7	3.6 4.2	offset	3.6	offset	4.2	5	2197
3.7	3.9	3.8 4.2	offset	3.8	offset	4.2	5	2247
3.9	4.1	4 4.2	offset	4	offset	4.2	5	2297
4.1	4.3	1	offset	4.2	offset	4.2	5	1501
4.3	4.5	4.4 4.2	offset	4.4	offset	4.2	5	2398
4.5	4.7	4.6 4.2	offset	4.6	offset	4.2	5	2448
4.7	4.9	4.8 4.2	offset	4.8	offset	4.2	5	2498
4.9	5.1	5 4.2	offset	5	offset	4.2	5	2548
-5.1	-4.9	-5 4.4	offset	-5	offset	4.4	5	1247
-4.9	-4.7	-4.8 4.4	offset	-4.8	offset	4.4	5	1197
-4.7	-4.5	-4.6 4.4	offset	-4.6	offset	4.4	5	1147
-4.5	-4.3	-4.4 4.4	offset	-4.4	offset	4.4	5	1097
-4.3	-4.1	-4.2 4.4	offset	-4.2	offset	4.4	5	1047
-4.1	-3.9	-4 4.4	offset	-4	offset	4.4	5	997
-3.9	-3.7	-3.8 4.4	offset	-3.8	offset	4.4	5	947
-3.7	-3.5	-3.6 4.4	offset	-3.6	offset	4.4	5	897
-3.5	-3.3	-3.4 4.4	offset	-3.4	offset	4.4	5	847
-3.3	-3.1	-3.2 4.4	offset	-3.2	offset	4.4	5	797
-3.1	-2.9	-3 4.4	offset	-3	offset	4.4	5	747
-2.9	-2.7	-2.8 4.4	offset	-2.8	offset	4.4	5	697
-2.7	-2.5	-2.6 4.4	offset	-2.6	offset	4.4	5	647
-2.5	-2.3	-2.4 4.4	offset	-2.4	offset	4.4	5	597
-2.3	-2.1	-2.2 4.4	offset	-2.2	offset	4.4	5	547
-2.1	-1.9	-2 4.4	offset	-2	offset	4.4	5	497
-1.9	-1.7	-1.8 4.4	offset	-1.8	offset	4.4	5	447
-1.7	-1.5	-1.6 4.4	offset	-1.6	offset	4.4	5	397
-1.5	-1.3	-1.4 4.4	offset	-1.4	offset	4.4	5	347
-1.3	-1.1	-1.2 4.4	offset	-1.2	offset	4.4	5	297
-1.1	-0.9	-1 4.4	offset	-1	offset	4.4	5	247
-0.9	-0.7	-0.8 4.4	offset	-0.8	offset	4.4	5	197
-0.7	-0.5	-0.6 4.4	offset	-0.6	offset	4.4	5	147
-0.5	-0.299999999999999	-0.399999999999999 4.4	offset	-0.399999999999999	offset	4.4	5	97
-0.299999999999999	-0.0999999999999996	-0.199999999999999 4.4	offset	-0.199999999999999	offset	4.4	5	47
-0.0999999999999996	0.1	0 4.4	offset	0	offset	4.4	5	1297
0.1	0.3	0.2 4.4	offset	0.2	offset	4.4	5	1347
0.3	0.5	0.4 4.4	offset	0.4	offset	4.4	5	1397
0.5	0.700000000000001	0.6 4.4	offset	0.600000000000001	offset	4.4	5	1447
0.700000000000001	0.9	0.800000000000001 4.4	offset	0.800000000000001	offset	4.4	5	1497
0.9	1.1	1 4.4	offset	1	offset	4.4	5	1548
1.1	1.3	1.2 4.4	offset	1.2	offset	4.4	5	1598
1.3	1.5	1.4 4.4	offset	1.4	offset	4.4	5	1648
1.5	1.7	1.6 4.4	offset	1.6	offset	4.4	5	1698
1.7	1.9	1.8 4.4	offset	1.8	offset	4.4	5	1748
1.9	2.1	2 4.4	offset	2	offset	4.4	5	1798
2.1	2.3	2.2 4.4	offset	2.2	offset	4.4	5	1848
2.3	2.5	2.4 4.4	offset	2.4	offset	4.4	5	1898
2.5	2.7	2.6 4.4	offset	2.6	offset	4.4	5	1948
2.7	2.9	2.8 4.4	offset	2.8	offset	4.4	5	1998
2.9	3.1	3 4.4	offset	3	offset	4.4	5	2048
3.1	3.3	3.2 4.4	offset	3.2	offset	4.4	5	2098
3.3	3.5	3.4 4.4	offset	3.4	offset	4.4	5	2148
3.5	3.7	3.6 4.4	offset	3.6	offset	4.4	5	2198
3.7	3.9	3.8 4.4	offset	3.8	offset	4.4	5	2248
3.9	4.1	4 4.4	offset	4	offset	4.4	5	2298
4.1	4.3	4.2 4.4	offset	4.2	offset	4.4	5	2348
4.3	4.5	1	offset	4.4	offset	4.4	5	1501
4.5	4.7	4.6 4.4	offset	4.6	offset	4.4	5	2449
4.7	4.9	4.8 4.4	offset	4.8	offset	4.4	5	2499
4.9	5.1	5 4.4	offset	5	offset	4.4	5	2549
-5.1	-4.9	-5 4.6	offset	-5	offset	4.6	5	1248
-4.9	-4.7	-4.8 4.6	offset	-4.8	offset	4.6	5	1198
-4.7	-4.5	-4.6 4.6	offset	-4.6	offset	4.6	5	1148
-4.5	-4.3	-4.4 4.6	offset	-4.4	offset	4.6	5	1098
-4.3	-4.1	-4.2 4.6	offset	-4.2	offset	4.6	5	1048
-4.1	-3.9	-4 4.6	offset	-4	offset	4.6	5	998
-3.9	-3.7	-3.8 4.6	offset	-3.8	offset	4.6	5	948
-3.7	-3.5	-3.6 4.6	offset	-3.6	offset	4.6	5	898
-3.5	-3.3	-3.4 4.6	offset	-3.4	offset	4.6	5	848
-3.3	-3.1	-3.2 4.6	offset	-3.2	offset	4.6	5	798
-3.1	-2.9	-3 4.6	offset	-3	offset	4.6	5	748
-2.9	-2.7	-2.8 4.6	offset	-2.8	offset	4.6	5	698
-2.7	-2.5	-2.6 4.6	offset	-2.6	offset	4.6	5	648
-2.5	-2.3	-2.4 4.6	offset	-2.4	offset	4.6	5	598
-2.3	-2.1	-2.2 4.6	offset	-2.2	offset	4.6	5	548
-2.1	-1.9	-2 4.6	offset	-2	offset	4.6	5	498
-1.9	-1.7	-1.8 4.6	offset	-1.8	offset	4.6	5	448
-1.7	-1.5	-1.6 4.6	offset	-1.6	offset	4.6	5	398
-1.5	-1.3	-1.4 4.6	offset	-1.4	offset	4.6	5	348
-1.3	-1.1	-1.2 4.6	offset	-1.2	offset	4.6	5	298
-1.1	-0.9	-1 4.6	offset	-1	offset	4.6	5	248
-0.9	-0.7	-0.8 4.6	offset	-0.8	offset	4.6	5	198
-0.7	-0.5	-0.6 4.6	offset	-0.6	offset	4.6	5	148
-0.5	-0.299999999999999	-0.399999999999999 4.6	offset	-0.399999999999999	offset	4.6	5	98
-0.299999999999999	-0.0999999999999996	-0.199999999999999 4.6	offset	-0.199999999999999	offset	4.6	5	48
-0.0999999999999996	0.1	0 4.6	offset	0	offset	4.6	5	1298
0.1	0.3	0.2 4.6	offset	0.2	offset	4.6	5	1348
0.3	0.5	0.4 4.6	offset	0.4	offset	4.6	5	1398
0.5	0.700000000000001	0.6 4.6	offset	0.600000000000001	offset	4.6	5	1448
0.700000000000001	0.9	0.800000000000001 4.6	offset	0.800000000000001	offset	4.6	5	1498
0.9	1.1	1 4.6	offset	1	offset	4.6	5	1549
1.1	1.3	1.2 4.6	offset	1.2	offset	4.6	5	1599
1.3	1.5	1.4 4.6	offset	1.4	offset	4.6	5	1649
1.5	1.7	1.6 4.6	offset	1.6	offset	4.6	5	1699
1.7	1.9	1.8 4.6	offset	1.8	offset	4.6	5	1749
1.9	2.1	2 4.6	offset	2	offset	4.6	5	1799
2.1	2.3	2.2 4.6	offset	2.2	offset	4.6	5	1849
2.3	2.5	2.4 4.6	offset	2.4	offset	4.6	5	1899
2.5	2.7	2.6 4.6	offset	2.6	offset	4.6	5	1949
2.7	2.9	2.8 4.6	offset	2.8	offset	4.6	5	1999
2.9	3.1	3 4.6	offset	3	offset	4.6	5	2049
3.1	3.3	3.2 4.6	offset	3.2	offset	4.6	5	2099
3.3	3.5	3.4 4.6	offset	3.4	offset	4.6	5	2149
3.5	3.7	3.6 4.6	offset	3.6	offset	4.6	5	2199
3.7	3.9	3.8 4.6	offset	3.8	offset	4.6	5	2249
3.9	4.1	4 4.6	offset	4	offset	4.6	5	2299
4.1	4.3	4.2 4.6	offset	4.2	offset	4.6	5	2349
4.3	4.5	4.4 4.6	offset	4.4	offset	4.6	5	2399
4.5	4.7	1	offset	4.6	offset	4.6	5	1501
4.7	4.9	4.8 4.6	offset	4.8	offset	4.6	5	2500
4.9	5.1	5 4.6	offset	5	offset	4.6	5	2550
-5.1	-4.9	-5 4.8	offset	-5	offset	4.8	5	1249
-4.9	-4.7	-4.8 4.8	offset	-4.8	offset	4.8	5	1199
-4.7	-4.5	-4.6 4.8	offset	-4.6	offset	4.8	5	1149
-4.5	-4.3	-4.4 4.8	offset	-4.4	offset	4.8	5	1099
-4.3	-4.1	-4.2 4.8	offset	-4.2	offset	4.8	5	1049
-4.1	-3.9	-4 4.8	offset	-4	offset	4.8	5	999
-3.9	-3.7	-3.8 4.8	offset	-3.8	offset	4.8	5	949
-3.7	-3.5	-3.6 4.8	offset	-3.6	offset	4.8	5	899
-3.5	-3.3	-3.4 4.8	offset	-3.4	offset	4.8	5	849
-3.3	-3.1	-3.2 4.8	offset	-3.2	offset	4.8	5	799
-3.1	-2.9	-3 4.8	offset	-3	offset	4.8	5	749
-2.9	-2.7	-2.8 4.8	offset	-2.8	offset	4.8	5	699
-2.7	-2.5	-2.6 4.8	offset	-2.6	offset	4.8	5	649
-2.5	-2.3	-2.4 4.8	offset	-2.4	offset	4.8	5	599
-2.3	-2.1	-2.2 4.8	offset	-2.2	offset	4.8	5	549
-2.1	-1.9	-2 4.8	offset	-2	offset	4.8	5	499
-1.9	-1.7	-1.8 4.8	offset	-1.8	offset	4.8	5	449
-1.7	-1.5	-1.6 4.8	offset	-1.6	offset	4.8	5	399
-1.5	-1.3	-1.4 4.8	offset	-1.4	offset	4.8	5	349
-1.3	-1.1	-1.2 4.8	offset	-1.2	offset	4.8	5	299
-1.1	-0.9	-1 4.8	offset	-1	offset	4.8	5	249
-0.9	-0.7	-0.8 4.8	offset	-0.8	offset	4.8	5	199
-0.7	-0.5	-0.6 4.8	offset	-0.6	offset	4.8	5	149
-0.5	-0.299999999999999	-0.399999999999999 4.8	offset	-0.399999999999999	offset	4.8	5	99
-0.299999999999999	-0.0999999999999996	-0.199999999999999 4.8	offset	-0.199999999999999	offset	4.8	5	49
-0.0999999999999996	0.1	0 4.8	offset	0	offset	4.8	5	1299
0.1	0.3	0.2 4.8	offset	0.2	offset	4.8	5	1349
0.3	0.5	0.4 4.8	offset	0.4	offset	4.8	5	1399
0.5	0.700000000000001	0.6 4.8	offset	0.600000000000001	offset	4.8	5	1449
0.700000000000001	0.9	0.800000000000001 4.8	offset	0.800000000000001	offset	4.8	5	1499
0.9	1.1	1 4.8	offset	1	offset	4.8	5	1550
1.1	1.3	1.2 4.8	offset	1.2	offset	4.8	5	1600
1.3	1.5	1.4 4.8	offset	1.4	offset	4.8	5	1650
1.5	1.7	1.6 4.8	offset	1.6	offset	4.8	5	1700
1.7	1.9	1.8 4.8	offset	1.8	offset	4.8	5	1750
1.9	2.1	2 4.8	offset	2	offset	4.8	5	1800
2.1	2.3	2.2 4.8	offset	2.2	offset	4.8	5	1850
2.3	2.5	2.4 4.8	offset	2.4	offset	4.8	5	1900
2.5	2.7	2.6 4.8	offset	2.6	offset	4.8	5	1950
2.7	2.9	2.8 4.8	offset	2.8	offset	4.8	5	2000
2.9	3.1	3 4.8	offset	3	offset	4.8	5	2050
3.1	3.3	3.2 4.8	offset	3.2	offset	4.8	5	2100
3.3	3.5	3.4 4.8	offset	3.4	offset	4.8	5	2150
3.5	3.7	3.6 4.8	offset	3.6	offset	4.8	5	2200
3.7	3.9	3.8 4.8	offset	3.8	offset	4.8	5	2250
3.9	4.1	4 4.8	offset	4	offset	4.8	5	2300
4.1	4.3	4.2 4.8	offset	4.2	offset	4.8	5	2350
4.3	4.5	4.4 4.8	offset	4.4	offset	4.8	5	2400
4.5	4.7	4.6 4.8	offset	4.6	offset	4.8	5	2450
4.7	4.9	1	offset	4.8	offset	4.8	5	1501
4.9	5.1	5 4.8	offset	5	offset	4.8	5	2551
-5.1	-4.9	-5 5	offset	-5	offset	5	5	1250
-4.9	-4.7	-4.8 5	offset	-4.8	offset	5	5	1200
-4.7	-4.5	-4.6 5	offset	-4.6	offset	5	5	1150
-4.5	-4.3	-4.4 5	offset	-4.4	offset	5	5	1100
-4.3	-4.1	-4.2 5	offset	-4.2	offset	5	5	1050
-4.1	-3.9	-4 5	offset	-4	offset	5	5	1000
-3.9	-3.7	-3.8 5	offset	-3.8	offset	5	5	950
-3.7	-3.5	-3.6 5	offset	-3.6	offset	5	5	900
-3.5	-3.3	-3.4 5	offset	-3.4	offset	5	5	850
-3.3	-3.1	-3.2 5	offset	-3.2	offset	5	5	800
-3.1	-2.9	-3 5	offset	-3	offset	5	5	750
-2.9	-2.7	-2.8 5	offset	-2.8	offset	5	5	700
-2.7	-2.5	-2.6 5	offset	-2.6	offset	5	5	650
-2.5	-2.3	-2.4 5	offset	-2.4	offset	5	5	600
-2.3	-2.1	-2.2 5	offset	-2.2	offset	5	5	550
-2.1	-1.9	-2 5	offset	-2	offset	5	5	500
-1.9	-1.7	-1.8 5	offset	-1.8	offset	5	5	450
-1.7	-1.5	-1.6 5	offset	-1.6	offset	5	5	400
-1.5	-1.3	-1.4 5	offset	-1.4	offset	5	5	350
-1.3	-1.1	-1.2 5	offset	-1.2	offset	5	5	300
-1.1	-0.9	-1 5	offset	-1	offset	5	5	250
-0.9	-0.7	-0.8 5	offset	-0.8	offset	5	5	200
-0.7	-0.5	-0.6 5	offset	-0.6	offset	5	5	150
-0.5	-0.299999999999999	-0.399999999999999 5	offset	-0.399999999999999	offset	5	5	100
-0.299999999999999	-0.0999999999999996	-0.199999999999999 5	offset	-0.199999999999999	offset	5	5	50
-0.0999999999999996	0.1	0 5	offset	0	offset	5	5	1300
0.1	0.3	0.2 5	offset	0.2	offset	5	5	1350
0.3	0.5	0.4 5	offset	0.4	offset	5	5	1400
0.5	0.700000000000001	0.6 5	offset	0.600000000000001	offset	5	5	1450
0.700000000000001	0.9	0.800000000000001 5	offset	0.800000000000001	offset	5	5	1500
0.9	1.1	1 5	offset	1	offset	5	5	1551
1.1	1.3	1.2 5	offset	1.2	offset	5	5	1601
1.3	1.5	1.4 5	offset	1.4	offset	5	5	1651
1.5	1.7	1.6 5	offset	1.6	offset	5	5	1701
1.7	1.9	1.8 5	offset	1.8	offset	5	5	1751
1.9	2.1	2 5	offset	2	offset	5	5	1801
2.1	2.3	2.2 5	offset	2.2	offset	5	5	1851
2.3	2.5	2.4 5	offset	2.4	offset	5	5	1901
2.5	2.7	2.6 5	offset	2.6	offset	5	5	1951
2.7	2.9	2.8 5	offset	2.8	offset	5	5	2001
2.9	3.1	3 5	offset	3	offset	5	5	2051
3.1	3.3	3.2 5	offset	3.2	offset	5	5	2101
3.3	3.5	3.4 5	offset	3.4	offset	5	5	2151
3.5	3.7	3.6 5	offset	3.6	offset	5	5	2201
3.7	3.9	3.8 5	offset	3.8	offset	5	5	2251
3.9	4.1	4 5	offset	4	offset	5	5	2301
4.1	4.3	4.2 5	offset	4.2	offset	5	5	2351
4.3	4.5	4.4 5	offset	4.4	offset	5	5	2401
4.5	4.7	4.6 5	offset	4.6	offset	5	5	2451
4.7	4.9	4.8 5	offset	4.8	offset	5	5	2501
4.9	5.1	1	offset	5	offset	5	5	1501
