colour	size	y	yend	x	xend	key	showSelected1	showSelected2	PANEL
#FF0000	5	6	6	-13.3670578848165	-7.34199737119048	1 fp	-5	fp	1
#FF0000	5	6	6	-7.34199737119048	-4.04345598753607	2 fp	-5	fp	1
#FF0000	5	3	3	-4.04345598753607	-3.15405687671473	3 fp	-5	fp	1
#FF0000	5	2	2	-3.15405687671473	-2.72922035597277	4 fp	-5	fp	1
#FF0000	5	2	2	-2.72922035597277	-2.62170980403531	5 fp	-5	fp	1
#FF0000	5	2	2	-2.62170980403531	-2.60450907956303	6 fp	-5	fp	1
#FF0000	5	2	2	-2.60450907956303	-2.59508053724272	7 fp	-5	fp	1
#FF0000	5	2	2	-2.59508053724272	-2.58985635874694	8 fp	-5	fp	1
#FF0000	5	2	2	-2.58985635874694	-2.58814741115137	9 fp	-5	fp	1
#FF0000	5	1	1	-2.58814741115137	-2.58675174735288	10 fp	-5	fp	1
#FF0000	5	1	1	-2.58675174735288	-2.57149816677717	11 fp	-5	fp	1
#FF0000	5	1	1	-2.57149816677717	-2.55110196946485	12 fp	-5	fp	1
#FF0000	5	1	1	-2.55110196946485	-2.53938963344197	13 fp	-5	fp	1
#FF0000	5	1	1	-2.53938963344197	-2.52662158535874	14 fp	-5	fp	1
#FF0000	5	1	1	-2.52662158535874	-2.50930827993967	15 fp	-5	fp	1
#FF0000	5	1	1	-2.50930827993967	-2.49540807078698	16 fp	-5	fp	1
#FF0000	5	1	1	-2.49540807078698	-2.48261262953773	17 fp	-5	fp	1
#FF0000	5	1	1	-2.48261262953773	-2.47040257640679	18 fp	-5	fp	1
#FF0000	5	1	1	-2.47040257640679	-2.46326103820639	19 fp	-5	fp	1
#FF0000	5	1	1	-2.46326103820639	-2.46078307000063	20 fp	-5	fp	1
#FF0000	5	1	1	-2.46078307000063	-2.45871709842386	21 fp	-5	fp	1
#FF0000	5	1	1	-2.45871709842386	-2.45340475926054	22 fp	-5	fp	1
#FF0000	5	1	1	-2.45340475926054	-2.4403220724321	23 fp	-5	fp	1
#FF0000	5	1	1	-2.4403220724321	-2.19093202336509	24 fp	-5	fp	1
#FF0000	5	1	1	-2.19093202336509	-1.70975562988886	25 fp	-5	fp	1
#FF0000	5	1	1	-1.70975562988886	-1.30556678281946	26 fp	-5	fp	1
#FF0000	5	1	1	-1.30556678281946	-1.09932481093212	27 fp	-5	fp	1
#FF0000	5	1	1	-1.09932481093212	-1.0154227566525	28 fp	-5	fp	1
#FF0000	5	1	1	-1.0154227566525	-1.00135576037675	29 fp	-5	fp	1
#FF0000	5	1	1	-1.00135576037675	-0.989307006366561	30 fp	-5	fp	1
#FF0000	5	0	0	-0.989307006366561	-0.989134036202589	31 fp	-5	fp	1
#FF0000	5	0	0	-0.989134036202589	-0.988893231938196	32 fp	-5	fp	1
#FF0000	5	0	0	-0.988893231938196	-0.968263504582715	33 fp	-5	fp	1
#FF0000	5	0	0	-0.968263504582715	-0.899385467897039	34 fp	-5	fp	1
#FF0000	5	0	0	-0.899385467897039	-0.678987521191631	35 fp	-5	fp	1
#FF0000	5	0	0	-0.678987521191631	-0.408139872451828	36 fp	-5	fp	1
#FF0000	5	0	0	-0.408139872451828	-0.249624174041498	37 fp	-5	fp	1
#FF0000	5	0	0	-0.249624174041498	-0.0801910112768258	38 fp	-5	fp	1
#FF0000	5	0	0	-0.0801910112768258	0.115329151182443	39 fp	-5	fp	1
#FF0000	5	0	0	0.115329151182443	0.298544061873653	40 fp	-5	fp	1
#FF0000	5	0	0	0.298544061873653	0.460121155881064	41 fp	-5	fp	1
#FF0000	5	0	0	0.460121155881064	0.638045485540612	42 fp	-5	fp	1
#FF0000	5	0	0	0.638045485540612	0.822970604350525	43 fp	-5	fp	1
#FF0000	5	0	0	0.822970604350525	1.0127264501757	44 fp	-5	fp	1
#FF0000	5	0	0	1.0127264501757	1.21046541248413	45 fp	-5	fp	1
#FF0000	5	0	0	1.21046541248413	1.37891053583511	46 fp	-5	fp	1
#FF0000	5	0	0	1.37891053583511	1.54156862562895	47 fp	-5	fp	1
#FF0000	5	0	0	1.54156862562895	1.57578190167313	48 fp	-5	fp	1
#FF0000	5	0	0	1.57578190167313	1.57987566611961	49 fp	-5	fp	1
#FF0000	5	0	0	1.57987566611961	1.58225811468401	50 fp	-5	fp	1
#FF0000	5	0	0	1.58225811468401	1.64302098152048	51 fp	-5	fp	1
#FF0000	5	0	0	1.64302098152048	1.92288682248449	52 fp	-5	fp	1
#FF0000	5	0	0	1.92288682248449	3.08589939806206	53 fp	-5	fp	1
#FF0000	5	0	0	3.08589939806206	9.08500842897606	54 fp	-5	fp	1
#FF0000	5	6	6	-13.3670578848165	-7.34199737119048	1 fp	-4.8	fp	1
#FF0000	5	6	6	-7.34199737119048	-4.04345598753607	2 fp	-4.8	fp	1
#FF0000	5	3	3	-4.04345598753607	-3.15405687671473	3 fp	-4.8	fp	1
#FF0000	5	2	2	-3.15405687671473	-2.72922035597277	4 fp	-4.8	fp	1
#FF0000	5	2	2	-2.72922035597277	-2.62170980403531	5 fp	-4.8	fp	1
#FF0000	5	2	2	-2.62170980403531	-2.60450907956303	6 fp	-4.8	fp	1
#FF0000	5	2	2	-2.60450907956303	-2.59508053724272	7 fp	-4.8	fp	1
#FF0000	5	2	2	-2.59508053724272	-2.58985635874694	8 fp	-4.8	fp	1
#FF0000	5	2	2	-2.58985635874694	-2.58814741115137	9 fp	-4.8	fp	1
#FF0000	5	1	1	-2.58814741115137	-2.58675174735288	10 fp	-4.8	fp	1
#FF0000	5	1	1	-2.58675174735288	-2.57149816677717	11 fp	-4.8	fp	1
#FF0000	5	1	1	-2.57149816677717	-2.55110196946485	12 fp	-4.8	fp	1
#FF0000	5	1	1	-2.55110196946485	-2.53938963344197	13 fp	-4.8	fp	1
#FF0000	5	1	1	-2.53938963344197	-2.52662158535874	14 fp	-4.8	fp	1
#FF0000	5	1	1	-2.52662158535874	-2.50930827993967	15 fp	-4.8	fp	1
#FF0000	5	1	1	-2.50930827993967	-2.49540807078698	16 fp	-4.8	fp	1
#FF0000	5	1	1	-2.49540807078698	-2.48261262953773	17 fp	-4.8	fp	1
#FF0000	5	1	1	-2.48261262953773	-2.47040257640679	18 fp	-4.8	fp	1
#FF0000	5	1	1	-2.47040257640679	-2.46326103820639	19 fp	-4.8	fp	1
#FF0000	5	1	1	-2.46326103820639	-2.46078307000063	20 fp	-4.8	fp	1
#FF0000	5	1	1	-2.46078307000063	-2.45871709842386	21 fp	-4.8	fp	1
#FF0000	5	1	1	-2.45871709842386	-2.45340475926054	22 fp	-4.8	fp	1
#FF0000	5	1	1	-2.45340475926054	-2.4403220724321	23 fp	-4.8	fp	1
#FF0000	5	1	1	-2.4403220724321	-2.19093202336509	24 fp	-4.8	fp	1
#FF0000	5	1	1	-2.19093202336509	-1.70975562988886	25 fp	-4.8	fp	1
#FF0000	5	1	1	-1.70975562988886	-1.30556678281946	26 fp	-4.8	fp	1
#FF0000	5	1	1	-1.30556678281946	-1.09932481093212	27 fp	-4.8	fp	1
#FF0000	5	1	1	-1.09932481093212	-1.0154227566525	28 fp	-4.8	fp	1
#FF0000	5	1	1	-1.0154227566525	-1.00135576037675	29 fp	-4.8	fp	1
#FF0000	5	1	1	-1.00135576037675	-0.989307006366561	30 fp	-4.8	fp	1
#FF0000	5	0	0	-0.989307006366561	-0.989134036202589	31 fp	-4.8	fp	1
#FF0000	5	0	0	-0.989134036202589	-0.988893231938196	32 fp	-4.8	fp	1
#FF0000	5	0	0	-0.988893231938196	-0.968263504582715	33 fp	-4.8	fp	1
#FF0000	5	0	0	-0.968263504582715	-0.899385467897039	34 fp	-4.8	fp	1
#FF0000	5	0	0	-0.899385467897039	-0.678987521191631	35 fp	-4.8	fp	1
#FF0000	5	0	0	-0.678987521191631	-0.408139872451828	36 fp	-4.8	fp	1
#FF0000	5	0	0	-0.408139872451828	-0.249624174041498	37 fp	-4.8	fp	1
#FF0000	5	0	0	-0.249624174041498	-0.0801910112768258	38 fp	-4.8	fp	1
#FF0000	5	0	0	-0.0801910112768258	0.115329151182443	39 fp	-4.8	fp	1
#FF0000	5	0	0	0.115329151182443	0.298544061873653	40 fp	-4.8	fp	1
#FF0000	5	0	0	0.298544061873653	0.460121155881064	41 fp	-4.8	fp	1
#FF0000	5	0	0	0.460121155881064	0.638045485540612	42 fp	-4.8	fp	1
#FF0000	5	0	0	0.638045485540612	0.822970604350525	43 fp	-4.8	fp	1
#FF0000	5	0	0	0.822970604350525	1.0127264501757	44 fp	-4.8	fp	1
#FF0000	5	0	0	1.0127264501757	1.21046541248413	45 fp	-4.8	fp	1
#FF0000	5	0	0	1.21046541248413	1.37891053583511	46 fp	-4.8	fp	1
#FF0000	5	0	0	1.37891053583511	1.54156862562895	47 fp	-4.8	fp	1
#FF0000	5	0	0	1.54156862562895	1.57578190167313	48 fp	-4.8	fp	1
#FF0000	5	0	0	1.57578190167313	1.57987566611961	49 fp	-4.8	fp	1
#FF0000	5	0	0	1.57987566611961	1.58225811468401	50 fp	-4.8	fp	1
#FF0000	5	0	0	1.58225811468401	1.64302098152048	51 fp	-4.8	fp	1
#FF0000	5	0	0	1.64302098152048	1.92288682248449	52 fp	-4.8	fp	1
#FF0000	5	0	0	1.92288682248449	3.08589939806206	53 fp	-4.8	fp	1
#FF0000	5	0	0	3.08589939806206	9.08500842897606	54 fp	-4.8	fp	1
#FF0000	5	6	6	-13.3670578848165	-7.34199737119048	1 fp	-4.6	fp	1
#FF0000	5	6	6	-7.34199737119048	-4.04345598753607	2 fp	-4.6	fp	1
#FF0000	5	3	3	-4.04345598753607	-3.15405687671473	3 fp	-4.6	fp	1
#FF0000	5	2	2	-3.15405687671473	-2.72922035597277	4 fp	-4.6	fp	1
#FF0000	5	2	2	-2.72922035597277	-2.62170980403531	5 fp	-4.6	fp	1
#FF0000	5	2	2	-2.62170980403531	-2.60450907956303	6 fp	-4.6	fp	1
#FF0000	5	2	2	-2.60450907956303	-2.59508053724272	7 fp	-4.6	fp	1
#FF0000	5	2	2	-2.59508053724272	-2.58985635874694	8 fp	-4.6	fp	1
#FF0000	5	2	2	-2.58985635874694	-2.58814741115137	9 fp	-4.6	fp	1
#FF0000	5	1	1	-2.58814741115137	-2.58675174735288	10 fp	-4.6	fp	1
#FF0000	5	1	1	-2.58675174735288	-2.57149816677717	11 fp	-4.6	fp	1
#FF0000	5	1	1	-2.57149816677717	-2.55110196946485	12 fp	-4.6	fp	1
#FF0000	5	1	1	-2.55110196946485	-2.53938963344197	13 fp	-4.6	fp	1
#FF0000	5	1	1	-2.53938963344197	-2.52662158535874	14 fp	-4.6	fp	1
#FF0000	5	1	1	-2.52662158535874	-2.50930827993967	15 fp	-4.6	fp	1
#FF0000	5	1	1	-2.50930827993967	-2.49540807078698	16 fp	-4.6	fp	1
#FF0000	5	1	1	-2.49540807078698	-2.48261262953773	17 fp	-4.6	fp	1
#FF0000	5	1	1	-2.48261262953773	-2.47040257640679	18 fp	-4.6	fp	1
#FF0000	5	1	1	-2.47040257640679	-2.46326103820639	19 fp	-4.6	fp	1
#FF0000	5	1	1	-2.46326103820639	-2.46078307000063	20 fp	-4.6	fp	1
#FF0000	5	1	1	-2.46078307000063	-2.45871709842386	21 fp	-4.6	fp	1
#FF0000	5	1	1	-2.45871709842386	-2.45340475926054	22 fp	-4.6	fp	1
#FF0000	5	1	1	-2.45340475926054	-2.4403220724321	23 fp	-4.6	fp	1
#FF0000	5	1	1	-2.4403220724321	-2.19093202336509	24 fp	-4.6	fp	1
#FF0000	5	1	1	-2.19093202336509	-1.70975562988886	25 fp	-4.6	fp	1
#FF0000	5	1	1	-1.70975562988886	-1.30556678281946	26 fp	-4.6	fp	1
#FF0000	5	1	1	-1.30556678281946	-1.09932481093212	27 fp	-4.6	fp	1
#FF0000	5	1	1	-1.09932481093212	-1.0154227566525	28 fp	-4.6	fp	1
#FF0000	5	1	1	-1.0154227566525	-1.00135576037675	29 fp	-4.6	fp	1
#FF0000	5	1	1	-1.00135576037675	-0.989307006366561	30 fp	-4.6	fp	1
#FF0000	5	0	0	-0.989307006366561	-0.989134036202589	31 fp	-4.6	fp	1
#FF0000	5	0	0	-0.989134036202589	-0.988893231938196	32 fp	-4.6	fp	1
#FF0000	5	0	0	-0.988893231938196	-0.968263504582715	33 fp	-4.6	fp	1
#FF0000	5	0	0	-0.968263504582715	-0.899385467897039	34 fp	-4.6	fp	1
#FF0000	5	0	0	-0.899385467897039	-0.678987521191631	35 fp	-4.6	fp	1
#FF0000	5	0	0	-0.678987521191631	-0.408139872451828	36 fp	-4.6	fp	1
#FF0000	5	0	0	-0.408139872451828	-0.249624174041498	37 fp	-4.6	fp	1
#FF0000	5	0	0	-0.249624174041498	-0.0801910112768258	38 fp	-4.6	fp	1
#FF0000	5	0	0	-0.0801910112768258	0.115329151182443	39 fp	-4.6	fp	1
#FF0000	5	0	0	0.115329151182443	0.298544061873653	40 fp	-4.6	fp	1
#FF0000	5	0	0	0.298544061873653	0.460121155881064	41 fp	-4.6	fp	1
#FF0000	5	0	0	0.460121155881064	0.638045485540612	42 fp	-4.6	fp	1
#FF0000	5	0	0	0.638045485540612	0.822970604350525	43 fp	-4.6	fp	1
#FF0000	5	0	0	0.822970604350525	1.0127264501757	44 fp	-4.6	fp	1
#FF0000	5	0	0	1.0127264501757	1.21046541248413	45 fp	-4.6	fp	1
#FF0000	5	0	0	1.21046541248413	1.37891053583511	46 fp	-4.6	fp	1
#FF0000	5	0	0	1.37891053583511	1.54156862562895	47 fp	-4.6	fp	1
#FF0000	5	0	0	1.54156862562895	1.57578190167313	48 fp	-4.6	fp	1
#FF0000	5	0	0	1.57578190167313	1.57987566611961	49 fp	-4.6	fp	1
#FF0000	5	0	0	1.57987566611961	1.58225811468401	50 fp	-4.6	fp	1
#FF0000	5	0	0	1.58225811468401	1.64302098152048	51 fp	-4.6	fp	1
#FF0000	5	0	0	1.64302098152048	1.92288682248449	52 fp	-4.6	fp	1
#FF0000	5	0	0	1.92288682248449	3.08589939806206	53 fp	-4.6	fp	1
#FF0000	5	0	0	3.08589939806206	9.08500842897606	54 fp	-4.6	fp	1
#FF0000	5	6	6	-13.3670578848165	-7.34199737119048	1 fp	-4.4	fp	1
#FF0000	5	6	6	-7.34199737119048	-4.04345598753607	2 fp	-4.4	fp	1
#FF0000	5	3	3	-4.04345598753607	-3.15405687671473	3 fp	-4.4	fp	1
#FF0000	5	2	2	-3.15405687671473	-2.72922035597277	4 fp	-4.4	fp	1
#FF0000	5	2	2	-2.72922035597277	-2.62170980403531	5 fp	-4.4	fp	1
#FF0000	5	2	2	-2.62170980403531	-2.60450907956303	6 fp	-4.4	fp	1
#FF0000	5	2	2	-2.60450907956303	-2.59508053724272	7 fp	-4.4	fp	1
#FF0000	5	2	2	-2.59508053724272	-2.58985635874694	8 fp	-4.4	fp	1
#FF0000	5	2	2	-2.58985635874694	-2.58814741115137	9 fp	-4.4	fp	1
#FF0000	5	1	1	-2.58814741115137	-2.58675174735288	10 fp	-4.4	fp	1
#FF0000	5	1	1	-2.58675174735288	-2.57149816677717	11 fp	-4.4	fp	1
#FF0000	5	1	1	-2.57149816677717	-2.55110196946485	12 fp	-4.4	fp	1
#FF0000	5	1	1	-2.55110196946485	-2.53938963344197	13 fp	-4.4	fp	1
#FF0000	5	1	1	-2.53938963344197	-2.52662158535874	14 fp	-4.4	fp	1
#FF0000	5	1	1	-2.52662158535874	-2.50930827993967	15 fp	-4.4	fp	1
#FF0000	5	1	1	-2.50930827993967	-2.49540807078698	16 fp	-4.4	fp	1
#FF0000	5	1	1	-2.49540807078698	-2.48261262953773	17 fp	-4.4	fp	1
#FF0000	5	1	1	-2.48261262953773	-2.47040257640679	18 fp	-4.4	fp	1
#FF0000	5	1	1	-2.47040257640679	-2.46326103820639	19 fp	-4.4	fp	1
#FF0000	5	1	1	-2.46326103820639	-2.46078307000063	20 fp	-4.4	fp	1
#FF0000	5	1	1	-2.46078307000063	-2.45871709842386	21 fp	-4.4	fp	1
#FF0000	5	1	1	-2.45871709842386	-2.45340475926054	22 fp	-4.4	fp	1
#FF0000	5	1	1	-2.45340475926054	-2.4403220724321	23 fp	-4.4	fp	1
#FF0000	5	1	1	-2.4403220724321	-2.19093202336509	24 fp	-4.4	fp	1
#FF0000	5	1	1	-2.19093202336509	-1.70975562988886	25 fp	-4.4	fp	1
#FF0000	5	1	1	-1.70975562988886	-1.30556678281946	26 fp	-4.4	fp	1
#FF0000	5	1	1	-1.30556678281946	-1.09932481093212	27 fp	-4.4	fp	1
#FF0000	5	1	1	-1.09932481093212	-1.0154227566525	28 fp	-4.4	fp	1
#FF0000	5	1	1	-1.0154227566525	-1.00135576037675	29 fp	-4.4	fp	1
#FF0000	5	1	1	-1.00135576037675	-0.989307006366561	30 fp	-4.4	fp	1
#FF0000	5	0	0	-0.989307006366561	-0.989134036202589	31 fp	-4.4	fp	1
#FF0000	5	0	0	-0.989134036202589	-0.988893231938196	32 fp	-4.4	fp	1
#FF0000	5	0	0	-0.988893231938196	-0.968263504582715	33 fp	-4.4	fp	1
#FF0000	5	0	0	-0.968263504582715	-0.899385467897039	34 fp	-4.4	fp	1
#FF0000	5	0	0	-0.899385467897039	-0.678987521191631	35 fp	-4.4	fp	1
#FF0000	5	0	0	-0.678987521191631	-0.408139872451828	36 fp	-4.4	fp	1
#FF0000	5	0	0	-0.408139872451828	-0.249624174041498	37 fp	-4.4	fp	1
#FF0000	5	0	0	-0.249624174041498	-0.0801910112768258	38 fp	-4.4	fp	1
#FF0000	5	0	0	-0.0801910112768258	0.115329151182443	39 fp	-4.4	fp	1
#FF0000	5	0	0	0.115329151182443	0.298544061873653	40 fp	-4.4	fp	1
#FF0000	5	0	0	0.298544061873653	0.460121155881064	41 fp	-4.4	fp	1
#FF0000	5	0	0	0.460121155881064	0.638045485540612	42 fp	-4.4	fp	1
#FF0000	5	0	0	0.638045485540612	0.822970604350525	43 fp	-4.4	fp	1
#FF0000	5	0	0	0.822970604350525	1.0127264501757	44 fp	-4.4	fp	1
#FF0000	5	0	0	1.0127264501757	1.21046541248413	45 fp	-4.4	fp	1
#FF0000	5	0	0	1.21046541248413	1.37891053583511	46 fp	-4.4	fp	1
#FF0000	5	0	0	1.37891053583511	1.54156862562895	47 fp	-4.4	fp	1
#FF0000	5	0	0	1.54156862562895	1.57578190167313	48 fp	-4.4	fp	1
#FF0000	5	0	0	1.57578190167313	1.57987566611961	49 fp	-4.4	fp	1
#FF0000	5	0	0	1.57987566611961	1.58225811468401	50 fp	-4.4	fp	1
#FF0000	5	0	0	1.58225811468401	1.64302098152048	51 fp	-4.4	fp	1
#FF0000	5	0	0	1.64302098152048	1.92288682248449	52 fp	-4.4	fp	1
#FF0000	5	0	0	1.92288682248449	3.08589939806206	53 fp	-4.4	fp	1
#FF0000	5	0	0	3.08589939806206	9.08500842897606	54 fp	-4.4	fp	1
#FF0000	5	6	6	-13.3670578848165	-7.34199737119048	1 fp	-4.2	fp	1
#FF0000	5	6	6	-7.34199737119048	-4.04345598753607	2 fp	-4.2	fp	1
#FF0000	5	3	3	-4.04345598753607	-3.15405687671473	3 fp	-4.2	fp	1
#FF0000	5	2	2	-3.15405687671473	-2.72922035597277	4 fp	-4.2	fp	1
#FF0000	5	2	2	-2.72922035597277	-2.62170980403531	5 fp	-4.2	fp	1
#FF0000	5	2	2	-2.62170980403531	-2.60450907956303	6 fp	-4.2	fp	1
#FF0000	5	2	2	-2.60450907956303	-2.59508053724272	7 fp	-4.2	fp	1
#FF0000	5	2	2	-2.59508053724272	-2.58985635874694	8 fp	-4.2	fp	1
#FF0000	5	2	2	-2.58985635874694	-2.58814741115137	9 fp	-4.2	fp	1
#FF0000	5	1	1	-2.58814741115137	-2.58675174735288	10 fp	-4.2	fp	1
#FF0000	5	1	1	-2.58675174735288	-2.57149816677717	11 fp	-4.2	fp	1
#FF0000	5	1	1	-2.57149816677717	-2.55110196946485	12 fp	-4.2	fp	1
#FF0000	5	1	1	-2.55110196946485	-2.53938963344197	13 fp	-4.2	fp	1
#FF0000	5	1	1	-2.53938963344197	-2.52662158535874	14 fp	-4.2	fp	1
#FF0000	5	1	1	-2.52662158535874	-2.50930827993967	15 fp	-4.2	fp	1
#FF0000	5	1	1	-2.50930827993967	-2.49540807078698	16 fp	-4.2	fp	1
#FF0000	5	1	1	-2.49540807078698	-2.48261262953773	17 fp	-4.2	fp	1
#FF0000	5	1	1	-2.48261262953773	-2.47040257640679	18 fp	-4.2	fp	1
#FF0000	5	1	1	-2.47040257640679	-2.46326103820639	19 fp	-4.2	fp	1
#FF0000	5	1	1	-2.46326103820639	-2.46078307000063	20 fp	-4.2	fp	1
#FF0000	5	1	1	-2.46078307000063	-2.45871709842386	21 fp	-4.2	fp	1
#FF0000	5	1	1	-2.45871709842386	-2.45340475926054	22 fp	-4.2	fp	1
#FF0000	5	1	1	-2.45340475926054	-2.4403220724321	23 fp	-4.2	fp	1
#FF0000	5	1	1	-2.4403220724321	-2.19093202336509	24 fp	-4.2	fp	1
#FF0000	5	1	1	-2.19093202336509	-1.70975562988886	25 fp	-4.2	fp	1
#FF0000	5	1	1	-1.70975562988886	-1.30556678281946	26 fp	-4.2	fp	1
#FF0000	5	1	1	-1.30556678281946	-1.09932481093212	27 fp	-4.2	fp	1
#FF0000	5	1	1	-1.09932481093212	-1.0154227566525	28 fp	-4.2	fp	1
#FF0000	5	1	1	-1.0154227566525	-1.00135576037675	29 fp	-4.2	fp	1
#FF0000	5	1	1	-1.00135576037675	-0.989307006366561	30 fp	-4.2	fp	1
#FF0000	5	0	0	-0.989307006366561	-0.989134036202589	31 fp	-4.2	fp	1
#FF0000	5	0	0	-0.989134036202589	-0.988893231938196	32 fp	-4.2	fp	1
#FF0000	5	0	0	-0.988893231938196	-0.968263504582715	33 fp	-4.2	fp	1
#FF0000	5	0	0	-0.968263504582715	-0.899385467897039	34 fp	-4.2	fp	1
#FF0000	5	0	0	-0.899385467897039	-0.678987521191631	35 fp	-4.2	fp	1
#FF0000	5	0	0	-0.678987521191631	-0.408139872451828	36 fp	-4.2	fp	1
#FF0000	5	0	0	-0.408139872451828	-0.249624174041498	37 fp	-4.2	fp	1
#FF0000	5	0	0	-0.249624174041498	-0.0801910112768258	38 fp	-4.2	fp	1
#FF0000	5	0	0	-0.0801910112768258	0.115329151182443	39 fp	-4.2	fp	1
#FF0000	5	0	0	0.115329151182443	0.298544061873653	40 fp	-4.2	fp	1
#FF0000	5	0	0	0.298544061873653	0.460121155881064	41 fp	-4.2	fp	1
#FF0000	5	0	0	0.460121155881064	0.638045485540612	42 fp	-4.2	fp	1
#FF0000	5	0	0	0.638045485540612	0.822970604350525	43 fp	-4.2	fp	1
#FF0000	5	0	0	0.822970604350525	1.0127264501757	44 fp	-4.2	fp	1
#FF0000	5	0	0	1.0127264501757	1.21046541248413	45 fp	-4.2	fp	1
#FF0000	5	0	0	1.21046541248413	1.37891053583511	46 fp	-4.2	fp	1
#FF0000	5	0	0	1.37891053583511	1.54156862562895	47 fp	-4.2	fp	1
#FF0000	5	0	0	1.54156862562895	1.57578190167313	48 fp	-4.2	fp	1
#FF0000	5	0	0	1.57578190167313	1.57987566611961	49 fp	-4.2	fp	1
#FF0000	5	0	0	1.57987566611961	1.58225811468401	50 fp	-4.2	fp	1
#FF0000	5	0	0	1.58225811468401	1.64302098152048	51 fp	-4.2	fp	1
#FF0000	5	0	0	1.64302098152048	1.92288682248449	52 fp	-4.2	fp	1
#FF0000	5	0	0	1.92288682248449	3.08589939806206	53 fp	-4.2	fp	1
#FF0000	5	0	0	3.08589939806206	9.08500842897606	54 fp	-4.2	fp	1
#FF0000	5	6	6	-13.3670578848165	-7.34199737119048	1 fp	-4	fp	1
#FF0000	5	6	6	-7.34199737119048	-4.04345598753607	2 fp	-4	fp	1
#FF0000	5	3	3	-4.04345598753607	-3.15405687671473	3 fp	-4	fp	1
#FF0000	5	2	2	-3.15405687671473	-2.72922035597277	4 fp	-4	fp	1
#FF0000	5	2	2	-2.72922035597277	-2.62170980403531	5 fp	-4	fp	1
#FF0000	5	2	2	-2.62170980403531	-2.60450907956303	6 fp	-4	fp	1
#FF0000	5	2	2	-2.60450907956303	-2.59508053724272	7 fp	-4	fp	1
#FF0000	5	2	2	-2.59508053724272	-2.58985635874694	8 fp	-4	fp	1
#FF0000	5	2	2	-2.58985635874694	-2.58814741115137	9 fp	-4	fp	1
#FF0000	5	1	1	-2.58814741115137	-2.58675174735288	10 fp	-4	fp	1
#FF0000	5	1	1	-2.58675174735288	-2.57149816677717	11 fp	-4	fp	1
#FF0000	5	1	1	-2.57149816677717	-2.55110196946485	12 fp	-4	fp	1
#FF0000	5	1	1	-2.55110196946485	-2.53938963344197	13 fp	-4	fp	1
#FF0000	5	1	1	-2.53938963344197	-2.52662158535874	14 fp	-4	fp	1
#FF0000	5	1	1	-2.52662158535874	-2.50930827993967	15 fp	-4	fp	1
#FF0000	5	1	1	-2.50930827993967	-2.49540807078698	16 fp	-4	fp	1
#FF0000	5	1	1	-2.49540807078698	-2.48261262953773	17 fp	-4	fp	1
#FF0000	5	1	1	-2.48261262953773	-2.47040257640679	18 fp	-4	fp	1
#FF0000	5	1	1	-2.47040257640679	-2.46326103820639	19 fp	-4	fp	1
#FF0000	5	1	1	-2.46326103820639	-2.46078307000063	20 fp	-4	fp	1
#FF0000	5	1	1	-2.46078307000063	-2.45871709842386	21 fp	-4	fp	1
#FF0000	5	1	1	-2.45871709842386	-2.45340475926054	22 fp	-4	fp	1
#FF0000	5	1	1	-2.45340475926054	-2.4403220724321	23 fp	-4	fp	1
#FF0000	5	1	1	-2.4403220724321	-2.19093202336509	24 fp	-4	fp	1
#FF0000	5	1	1	-2.19093202336509	-1.70975562988886	25 fp	-4	fp	1
#FF0000	5	1	1	-1.70975562988886	-1.30556678281946	26 fp	-4	fp	1
#FF0000	5	1	1	-1.30556678281946	-1.09932481093212	27 fp	-4	fp	1
#FF0000	5	1	1	-1.09932481093212	-1.0154227566525	28 fp	-4	fp	1
#FF0000	5	1	1	-1.0154227566525	-1.00135576037675	29 fp	-4	fp	1
#FF0000	5	1	1	-1.00135576037675	-0.989307006366561	30 fp	-4	fp	1
#FF0000	5	0	0	-0.989307006366561	-0.989134036202589	31 fp	-4	fp	1
#FF0000	5	0	0	-0.989134036202589	-0.988893231938196	32 fp	-4	fp	1
#FF0000	5	0	0	-0.988893231938196	-0.968263504582715	33 fp	-4	fp	1
#FF0000	5	0	0	-0.968263504582715	-0.899385467897039	34 fp	-4	fp	1
#FF0000	5	0	0	-0.899385467897039	-0.678987521191631	35 fp	-4	fp	1
#FF0000	5	0	0	-0.678987521191631	-0.408139872451828	36 fp	-4	fp	1
#FF0000	5	0	0	-0.408139872451828	-0.249624174041498	37 fp	-4	fp	1
#FF0000	5	0	0	-0.249624174041498	-0.0801910112768258	38 fp	-4	fp	1
#FF0000	5	0	0	-0.0801910112768258	0.115329151182443	39 fp	-4	fp	1
#FF0000	5	0	0	0.115329151182443	0.298544061873653	40 fp	-4	fp	1
#FF0000	5	0	0	0.298544061873653	0.460121155881064	41 fp	-4	fp	1
#FF0000	5	0	0	0.460121155881064	0.638045485540612	42 fp	-4	fp	1
#FF0000	5	0	0	0.638045485540612	0.822970604350525	43 fp	-4	fp	1
#FF0000	5	0	0	0.822970604350525	1.0127264501757	44 fp	-4	fp	1
#FF0000	5	0	0	1.0127264501757	1.21046541248413	45 fp	-4	fp	1
#FF0000	5	0	0	1.21046541248413	1.37891053583511	46 fp	-4	fp	1
#FF0000	5	0	0	1.37891053583511	1.54156862562895	47 fp	-4	fp	1
#FF0000	5	0	0	1.54156862562895	1.57578190167313	48 fp	-4	fp	1
#FF0000	5	0	0	1.57578190167313	1.57987566611961	49 fp	-4	fp	1
#FF0000	5	0	0	1.57987566611961	1.58225811468401	50 fp	-4	fp	1
#FF0000	5	0	0	1.58225811468401	1.64302098152048	51 fp	-4	fp	1
#FF0000	5	0	0	1.64302098152048	1.92288682248449	52 fp	-4	fp	1
#FF0000	5	0	0	1.92288682248449	3.08589939806206	53 fp	-4	fp	1
#FF0000	5	0	0	3.08589939806206	9.08500842897606	54 fp	-4	fp	1
#FF0000	5	6	6	-13.3670578848165	-7.34199737119048	1 fp	-3.8	fp	1
#FF0000	5	6	6	-7.34199737119048	-4.04345598753607	2 fp	-3.8	fp	1
#FF0000	5	3	3	-4.04345598753607	-3.15405687671473	3 fp	-3.8	fp	1
#FF0000	5	2	2	-3.15405687671473	-2.72922035597277	4 fp	-3.8	fp	1
#FF0000	5	2	2	-2.72922035597277	-2.62170980403531	5 fp	-3.8	fp	1
#FF0000	5	2	2	-2.62170980403531	-2.60450907956303	6 fp	-3.8	fp	1
#FF0000	5	2	2	-2.60450907956303	-2.59508053724272	7 fp	-3.8	fp	1
#FF0000	5	2	2	-2.59508053724272	-2.58985635874694	8 fp	-3.8	fp	1
#FF0000	5	2	2	-2.58985635874694	-2.58814741115137	9 fp	-3.8	fp	1
#FF0000	5	1	1	-2.58814741115137	-2.58675174735288	10 fp	-3.8	fp	1
#FF0000	5	1	1	-2.58675174735288	-2.57149816677717	11 fp	-3.8	fp	1
#FF0000	5	1	1	-2.57149816677717	-2.55110196946485	12 fp	-3.8	fp	1
#FF0000	5	1	1	-2.55110196946485	-2.53938963344197	13 fp	-3.8	fp	1
#FF0000	5	1	1	-2.53938963344197	-2.52662158535874	14 fp	-3.8	fp	1
#FF0000	5	1	1	-2.52662158535874	-2.50930827993967	15 fp	-3.8	fp	1
#FF0000	5	1	1	-2.50930827993967	-2.49540807078698	16 fp	-3.8	fp	1
#FF0000	5	1	1	-2.49540807078698	-2.48261262953773	17 fp	-3.8	fp	1
#FF0000	5	1	1	-2.48261262953773	-2.47040257640679	18 fp	-3.8	fp	1
#FF0000	5	1	1	-2.47040257640679	-2.46326103820639	19 fp	-3.8	fp	1
#FF0000	5	1	1	-2.46326103820639	-2.46078307000063	20 fp	-3.8	fp	1
#FF0000	5	1	1	-2.46078307000063	-2.45871709842386	21 fp	-3.8	fp	1
#FF0000	5	1	1	-2.45871709842386	-2.45340475926054	22 fp	-3.8	fp	1
#FF0000	5	1	1	-2.45340475926054	-2.4403220724321	23 fp	-3.8	fp	1
#FF0000	5	1	1	-2.4403220724321	-2.19093202336509	24 fp	-3.8	fp	1
#FF0000	5	1	1	-2.19093202336509	-1.70975562988886	25 fp	-3.8	fp	1
#FF0000	5	1	1	-1.70975562988886	-1.30556678281946	26 fp	-3.8	fp	1
#FF0000	5	1	1	-1.30556678281946	-1.09932481093212	27 fp	-3.8	fp	1
#FF0000	5	1	1	-1.09932481093212	-1.0154227566525	28 fp	-3.8	fp	1
#FF0000	5	1	1	-1.0154227566525	-1.00135576037675	29 fp	-3.8	fp	1
#FF0000	5	1	1	-1.00135576037675	-0.989307006366561	30 fp	-3.8	fp	1
#FF0000	5	0	0	-0.989307006366561	-0.989134036202589	31 fp	-3.8	fp	1
#FF0000	5	0	0	-0.989134036202589	-0.988893231938196	32 fp	-3.8	fp	1
#FF0000	5	0	0	-0.988893231938196	-0.968263504582715	33 fp	-3.8	fp	1
#FF0000	5	0	0	-0.968263504582715	-0.899385467897039	34 fp	-3.8	fp	1
#FF0000	5	0	0	-0.899385467897039	-0.678987521191631	35 fp	-3.8	fp	1
#FF0000	5	0	0	-0.678987521191631	-0.408139872451828	36 fp	-3.8	fp	1
#FF0000	5	0	0	-0.408139872451828	-0.249624174041498	37 fp	-3.8	fp	1
#FF0000	5	0	0	-0.249624174041498	-0.0801910112768258	38 fp	-3.8	fp	1
#FF0000	5	0	0	-0.0801910112768258	0.115329151182443	39 fp	-3.8	fp	1
#FF0000	5	0	0	0.115329151182443	0.298544061873653	40 fp	-3.8	fp	1
#FF0000	5	0	0	0.298544061873653	0.460121155881064	41 fp	-3.8	fp	1
#FF0000	5	0	0	0.460121155881064	0.638045485540612	42 fp	-3.8	fp	1
#FF0000	5	0	0	0.638045485540612	0.822970604350525	43 fp	-3.8	fp	1
#FF0000	5	0	0	0.822970604350525	1.0127264501757	44 fp	-3.8	fp	1
#FF0000	5	0	0	1.0127264501757	1.21046541248413	45 fp	-3.8	fp	1
#FF0000	5	0	0	1.21046541248413	1.37891053583511	46 fp	-3.8	fp	1
#FF0000	5	0	0	1.37891053583511	1.54156862562895	47 fp	-3.8	fp	1
#FF0000	5	0	0	1.54156862562895	1.57578190167313	48 fp	-3.8	fp	1
#FF0000	5	0	0	1.57578190167313	1.57987566611961	49 fp	-3.8	fp	1
#FF0000	5	0	0	1.57987566611961	1.58225811468401	50 fp	-3.8	fp	1
#FF0000	5	0	0	1.58225811468401	1.64302098152048	51 fp	-3.8	fp	1
#FF0000	5	0	0	1.64302098152048	1.92288682248449	52 fp	-3.8	fp	1
#FF0000	5	0	0	1.92288682248449	3.08589939806206	53 fp	-3.8	fp	1
#FF0000	5	0	0	3.08589939806206	9.08500842897606	54 fp	-3.8	fp	1
#FF0000	5	6	6	-13.3670578848165	-7.34199737119048	1 fp	-3.6	fp	1
#FF0000	5	6	6	-7.34199737119048	-4.04345598753607	2 fp	-3.6	fp	1
#FF0000	5	3	3	-4.04345598753607	-3.15405687671473	3 fp	-3.6	fp	1
#FF0000	5	2	2	-3.15405687671473	-2.72922035597277	4 fp	-3.6	fp	1
#FF0000	5	2	2	-2.72922035597277	-2.62170980403531	5 fp	-3.6	fp	1
#FF0000	5	2	2	-2.62170980403531	-2.60450907956303	6 fp	-3.6	fp	1
#FF0000	5	2	2	-2.60450907956303	-2.59508053724272	7 fp	-3.6	fp	1
#FF0000	5	2	2	-2.59508053724272	-2.58985635874694	8 fp	-3.6	fp	1
#FF0000	5	2	2	-2.58985635874694	-2.58814741115137	9 fp	-3.6	fp	1
#FF0000	5	1	1	-2.58814741115137	-2.58675174735288	10 fp	-3.6	fp	1
#FF0000	5	1	1	-2.58675174735288	-2.57149816677717	11 fp	-3.6	fp	1
#FF0000	5	1	1	-2.57149816677717	-2.55110196946485	12 fp	-3.6	fp	1
#FF0000	5	1	1	-2.55110196946485	-2.53938963344197	13 fp	-3.6	fp	1
#FF0000	5	1	1	-2.53938963344197	-2.52662158535874	14 fp	-3.6	fp	1
#FF0000	5	1	1	-2.52662158535874	-2.50930827993967	15 fp	-3.6	fp	1
#FF0000	5	1	1	-2.50930827993967	-2.49540807078698	16 fp	-3.6	fp	1
#FF0000	5	1	1	-2.49540807078698	-2.48261262953773	17 fp	-3.6	fp	1
#FF0000	5	1	1	-2.48261262953773	-2.47040257640679	18 fp	-3.6	fp	1
#FF0000	5	1	1	-2.47040257640679	-2.46326103820639	19 fp	-3.6	fp	1
#FF0000	5	1	1	-2.46326103820639	-2.46078307000063	20 fp	-3.6	fp	1
#FF0000	5	1	1	-2.46078307000063	-2.45871709842386	21 fp	-3.6	fp	1
#FF0000	5	1	1	-2.45871709842386	-2.45340475926054	22 fp	-3.6	fp	1
#FF0000	5	1	1	-2.45340475926054	-2.4403220724321	23 fp	-3.6	fp	1
#FF0000	5	1	1	-2.4403220724321	-2.19093202336509	24 fp	-3.6	fp	1
#FF0000	5	1	1	-2.19093202336509	-1.70975562988886	25 fp	-3.6	fp	1
#FF0000	5	1	1	-1.70975562988886	-1.30556678281946	26 fp	-3.6	fp	1
#FF0000	5	1	1	-1.30556678281946	-1.09932481093212	27 fp	-3.6	fp	1
#FF0000	5	1	1	-1.09932481093212	-1.0154227566525	28 fp	-3.6	fp	1
#FF0000	5	1	1	-1.0154227566525	-1.00135576037675	29 fp	-3.6	fp	1
#FF0000	5	1	1	-1.00135576037675	-0.989307006366561	30 fp	-3.6	fp	1
#FF0000	5	0	0	-0.989307006366561	-0.989134036202589	31 fp	-3.6	fp	1
#FF0000	5	0	0	-0.989134036202589	-0.988893231938196	32 fp	-3.6	fp	1
#FF0000	5	0	0	-0.988893231938196	-0.968263504582715	33 fp	-3.6	fp	1
#FF0000	5	0	0	-0.968263504582715	-0.899385467897039	34 fp	-3.6	fp	1
#FF0000	5	0	0	-0.899385467897039	-0.678987521191631	35 fp	-3.6	fp	1
#FF0000	5	0	0	-0.678987521191631	-0.408139872451828	36 fp	-3.6	fp	1
#FF0000	5	0	0	-0.408139872451828	-0.249624174041498	37 fp	-3.6	fp	1
#FF0000	5	0	0	-0.249624174041498	-0.0801910112768258	38 fp	-3.6	fp	1
#FF0000	5	0	0	-0.0801910112768258	0.115329151182443	39 fp	-3.6	fp	1
#FF0000	5	0	0	0.115329151182443	0.298544061873653	40 fp	-3.6	fp	1
#FF0000	5	0	0	0.298544061873653	0.460121155881064	41 fp	-3.6	fp	1
#FF0000	5	0	0	0.460121155881064	0.638045485540612	42 fp	-3.6	fp	1
#FF0000	5	0	0	0.638045485540612	0.822970604350525	43 fp	-3.6	fp	1
#FF0000	5	0	0	0.822970604350525	1.0127264501757	44 fp	-3.6	fp	1
#FF0000	5	0	0	1.0127264501757	1.21046541248413	45 fp	-3.6	fp	1
#FF0000	5	0	0	1.21046541248413	1.37891053583511	46 fp	-3.6	fp	1
#FF0000	5	0	0	1.37891053583511	1.54156862562895	47 fp	-3.6	fp	1
#FF0000	5	0	0	1.54156862562895	1.57578190167313	48 fp	-3.6	fp	1
#FF0000	5	0	0	1.57578190167313	1.57987566611961	49 fp	-3.6	fp	1
#FF0000	5	0	0	1.57987566611961	1.58225811468401	50 fp	-3.6	fp	1
#FF0000	5	0	0	1.58225811468401	1.64302098152048	51 fp	-3.6	fp	1
#FF0000	5	0	0	1.64302098152048	1.92288682248449	52 fp	-3.6	fp	1
#FF0000	5	0	0	1.92288682248449	3.08589939806206	53 fp	-3.6	fp	1
#FF0000	5	0	0	3.08589939806206	9.08500842897606	54 fp	-3.6	fp	1
#FF0000	5	6	6	-13.3670578848165	-7.34199737119048	1 fp	-3.4	fp	1
#FF0000	5	6	6	-7.34199737119048	-4.04345598753607	2 fp	-3.4	fp	1
#FF0000	5	3	3	-4.04345598753607	-3.15405687671473	3 fp	-3.4	fp	1
#FF0000	5	2	2	-3.15405687671473	-2.72922035597277	4 fp	-3.4	fp	1
#FF0000	5	2	2	-2.72922035597277	-2.62170980403531	5 fp	-3.4	fp	1
#FF0000	5	2	2	-2.62170980403531	-2.60450907956303	6 fp	-3.4	fp	1
#FF0000	5	2	2	-2.60450907956303	-2.59508053724272	7 fp	-3.4	fp	1
#FF0000	5	2	2	-2.59508053724272	-2.58985635874694	8 fp	-3.4	fp	1
#FF0000	5	2	2	-2.58985635874694	-2.58814741115137	9 fp	-3.4	fp	1
#FF0000	5	1	1	-2.58814741115137	-2.58675174735288	10 fp	-3.4	fp	1
#FF0000	5	1	1	-2.58675174735288	-2.57149816677717	11 fp	-3.4	fp	1
#FF0000	5	1	1	-2.57149816677717	-2.55110196946485	12 fp	-3.4	fp	1
#FF0000	5	1	1	-2.55110196946485	-2.53938963344197	13 fp	-3.4	fp	1
#FF0000	5	1	1	-2.53938963344197	-2.52662158535874	14 fp	-3.4	fp	1
#FF0000	5	1	1	-2.52662158535874	-2.50930827993967	15 fp	-3.4	fp	1
#FF0000	5	1	1	-2.50930827993967	-2.49540807078698	16 fp	-3.4	fp	1
#FF0000	5	1	1	-2.49540807078698	-2.48261262953773	17 fp	-3.4	fp	1
#FF0000	5	1	1	-2.48261262953773	-2.47040257640679	18 fp	-3.4	fp	1
#FF0000	5	1	1	-2.47040257640679	-2.46326103820639	19 fp	-3.4	fp	1
#FF0000	5	1	1	-2.46326103820639	-2.46078307000063	20 fp	-3.4	fp	1
#FF0000	5	1	1	-2.46078307000063	-2.45871709842386	21 fp	-3.4	fp	1
#FF0000	5	1	1	-2.45871709842386	-2.45340475926054	22 fp	-3.4	fp	1
#FF0000	5	1	1	-2.45340475926054	-2.4403220724321	23 fp	-3.4	fp	1
#FF0000	5	1	1	-2.4403220724321	-2.19093202336509	24 fp	-3.4	fp	1
#FF0000	5	1	1	-2.19093202336509	-1.70975562988886	25 fp	-3.4	fp	1
#FF0000	5	1	1	-1.70975562988886	-1.30556678281946	26 fp	-3.4	fp	1
#FF0000	5	1	1	-1.30556678281946	-1.09932481093212	27 fp	-3.4	fp	1
#FF0000	5	1	1	-1.09932481093212	-1.0154227566525	28 fp	-3.4	fp	1
#FF0000	5	1	1	-1.0154227566525	-1.00135576037675	29 fp	-3.4	fp	1
#FF0000	5	1	1	-1.00135576037675	-0.989307006366561	30 fp	-3.4	fp	1
#FF0000	5	0	0	-0.989307006366561	-0.989134036202589	31 fp	-3.4	fp	1
#FF0000	5	0	0	-0.989134036202589	-0.988893231938196	32 fp	-3.4	fp	1
#FF0000	5	0	0	-0.988893231938196	-0.968263504582715	33 fp	-3.4	fp	1
#FF0000	5	0	0	-0.968263504582715	-0.899385467897039	34 fp	-3.4	fp	1
#FF0000	5	0	0	-0.899385467897039	-0.678987521191631	35 fp	-3.4	fp	1
#FF0000	5	0	0	-0.678987521191631	-0.408139872451828	36 fp	-3.4	fp	1
#FF0000	5	0	0	-0.408139872451828	-0.249624174041498	37 fp	-3.4	fp	1
#FF0000	5	0	0	-0.249624174041498	-0.0801910112768258	38 fp	-3.4	fp	1
#FF0000	5	0	0	-0.0801910112768258	0.115329151182443	39 fp	-3.4	fp	1
#FF0000	5	0	0	0.115329151182443	0.298544061873653	40 fp	-3.4	fp	1
#FF0000	5	0	0	0.298544061873653	0.460121155881064	41 fp	-3.4	fp	1
#FF0000	5	0	0	0.460121155881064	0.638045485540612	42 fp	-3.4	fp	1
#FF0000	5	0	0	0.638045485540612	0.822970604350525	43 fp	-3.4	fp	1
#FF0000	5	0	0	0.822970604350525	1.0127264501757	44 fp	-3.4	fp	1
#FF0000	5	0	0	1.0127264501757	1.21046541248413	45 fp	-3.4	fp	1
#FF0000	5	0	0	1.21046541248413	1.37891053583511	46 fp	-3.4	fp	1
#FF0000	5	0	0	1.37891053583511	1.54156862562895	47 fp	-3.4	fp	1
#FF0000	5	0	0	1.54156862562895	1.57578190167313	48 fp	-3.4	fp	1
#FF0000	5	0	0	1.57578190167313	1.57987566611961	49 fp	-3.4	fp	1
#FF0000	5	0	0	1.57987566611961	1.58225811468401	50 fp	-3.4	fp	1
#FF0000	5	0	0	1.58225811468401	1.64302098152048	51 fp	-3.4	fp	1
#FF0000	5	0	0	1.64302098152048	1.92288682248449	52 fp	-3.4	fp	1
#FF0000	5	0	0	1.92288682248449	3.08589939806206	53 fp	-3.4	fp	1
#FF0000	5	0	0	3.08589939806206	9.08500842897606	54 fp	-3.4	fp	1
#FF0000	5	6	6	-13.3670578848165	-7.34199737119048	1 fp	-3.2	fp	1
#FF0000	5	6	6	-7.34199737119048	-4.04345598753607	2 fp	-3.2	fp	1
#FF0000	5	3	3	-4.04345598753607	-3.15405687671473	3 fp	-3.2	fp	1
#FF0000	5	2	2	-3.15405687671473	-2.72922035597277	4 fp	-3.2	fp	1
#FF0000	5	2	2	-2.72922035597277	-2.62170980403531	5 fp	-3.2	fp	1
#FF0000	5	2	2	-2.62170980403531	-2.60450907956303	6 fp	-3.2	fp	1
#FF0000	5	2	2	-2.60450907956303	-2.59508053724272	7 fp	-3.2	fp	1
#FF0000	5	2	2	-2.59508053724272	-2.58985635874694	8 fp	-3.2	fp	1
#FF0000	5	2	2	-2.58985635874694	-2.58814741115137	9 fp	-3.2	fp	1
#FF0000	5	1	1	-2.58814741115137	-2.58675174735288	10 fp	-3.2	fp	1
#FF0000	5	1	1	-2.58675174735288	-2.57149816677717	11 fp	-3.2	fp	1
#FF0000	5	1	1	-2.57149816677717	-2.55110196946485	12 fp	-3.2	fp	1
#FF0000	5	1	1	-2.55110196946485	-2.53938963344197	13 fp	-3.2	fp	1
#FF0000	5	1	1	-2.53938963344197	-2.52662158535874	14 fp	-3.2	fp	1
#FF0000	5	1	1	-2.52662158535874	-2.50930827993967	15 fp	-3.2	fp	1
#FF0000	5	1	1	-2.50930827993967	-2.49540807078698	16 fp	-3.2	fp	1
#FF0000	5	1	1	-2.49540807078698	-2.48261262953773	17 fp	-3.2	fp	1
#FF0000	5	1	1	-2.48261262953773	-2.47040257640679	18 fp	-3.2	fp	1
#FF0000	5	1	1	-2.47040257640679	-2.46326103820639	19 fp	-3.2	fp	1
#FF0000	5	1	1	-2.46326103820639	-2.46078307000063	20 fp	-3.2	fp	1
#FF0000	5	1	1	-2.46078307000063	-2.45871709842386	21 fp	-3.2	fp	1
#FF0000	5	1	1	-2.45871709842386	-2.45340475926054	22 fp	-3.2	fp	1
#FF0000	5	1	1	-2.45340475926054	-2.4403220724321	23 fp	-3.2	fp	1
#FF0000	5	1	1	-2.4403220724321	-2.19093202336509	24 fp	-3.2	fp	1
#FF0000	5	1	1	-2.19093202336509	-1.70975562988886	25 fp	-3.2	fp	1
#FF0000	5	1	1	-1.70975562988886	-1.30556678281946	26 fp	-3.2	fp	1
#FF0000	5	1	1	-1.30556678281946	-1.09932481093212	27 fp	-3.2	fp	1
#FF0000	5	1	1	-1.09932481093212	-1.0154227566525	28 fp	-3.2	fp	1
#FF0000	5	1	1	-1.0154227566525	-1.00135576037675	29 fp	-3.2	fp	1
#FF0000	5	1	1	-1.00135576037675	-0.989307006366561	30 fp	-3.2	fp	1
#FF0000	5	0	0	-0.989307006366561	-0.989134036202589	31 fp	-3.2	fp	1
#FF0000	5	0	0	-0.989134036202589	-0.988893231938196	32 fp	-3.2	fp	1
#FF0000	5	0	0	-0.988893231938196	-0.968263504582715	33 fp	-3.2	fp	1
#FF0000	5	0	0	-0.968263504582715	-0.899385467897039	34 fp	-3.2	fp	1
#FF0000	5	0	0	-0.899385467897039	-0.678987521191631	35 fp	-3.2	fp	1
#FF0000	5	0	0	-0.678987521191631	-0.408139872451828	36 fp	-3.2	fp	1
#FF0000	5	0	0	-0.408139872451828	-0.249624174041498	37 fp	-3.2	fp	1
#FF0000	5	0	0	-0.249624174041498	-0.0801910112768258	38 fp	-3.2	fp	1
#FF0000	5	0	0	-0.0801910112768258	0.115329151182443	39 fp	-3.2	fp	1
#FF0000	5	0	0	0.115329151182443	0.298544061873653	40 fp	-3.2	fp	1
#FF0000	5	0	0	0.298544061873653	0.460121155881064	41 fp	-3.2	fp	1
#FF0000	5	0	0	0.460121155881064	0.638045485540612	42 fp	-3.2	fp	1
#FF0000	5	0	0	0.638045485540612	0.822970604350525	43 fp	-3.2	fp	1
#FF0000	5	0	0	0.822970604350525	1.0127264501757	44 fp	-3.2	fp	1
#FF0000	5	0	0	1.0127264501757	1.21046541248413	45 fp	-3.2	fp	1
#FF0000	5	0	0	1.21046541248413	1.37891053583511	46 fp	-3.2	fp	1
#FF0000	5	0	0	1.37891053583511	1.54156862562895	47 fp	-3.2	fp	1
#FF0000	5	0	0	1.54156862562895	1.57578190167313	48 fp	-3.2	fp	1
#FF0000	5	0	0	1.57578190167313	1.57987566611961	49 fp	-3.2	fp	1
#FF0000	5	0	0	1.57987566611961	1.58225811468401	50 fp	-3.2	fp	1
#FF0000	5	0	0	1.58225811468401	1.64302098152048	51 fp	-3.2	fp	1
#FF0000	5	0	0	1.64302098152048	1.92288682248449	52 fp	-3.2	fp	1
#FF0000	5	0	0	1.92288682248449	3.08589939806206	53 fp	-3.2	fp	1
#FF0000	5	0	0	3.08589939806206	9.08500842897606	54 fp	-3.2	fp	1
#FF0000	5	6	6	-13.3670578848165	-7.34199737119048	1 fp	-3	fp	1
#FF0000	5	6	6	-7.34199737119048	-4.04345598753607	2 fp	-3	fp	1
#FF0000	5	3	3	-4.04345598753607	-3.15405687671473	3 fp	-3	fp	1
#FF0000	5	2	2	-3.15405687671473	-2.72922035597277	4 fp	-3	fp	1
#FF0000	5	2	2	-2.72922035597277	-2.62170980403531	5 fp	-3	fp	1
#FF0000	5	2	2	-2.62170980403531	-2.60450907956303	6 fp	-3	fp	1
#FF0000	5	2	2	-2.60450907956303	-2.59508053724272	7 fp	-3	fp	1
#FF0000	5	2	2	-2.59508053724272	-2.58985635874694	8 fp	-3	fp	1
#FF0000	5	2	2	-2.58985635874694	-2.58814741115137	9 fp	-3	fp	1
#FF0000	5	1	1	-2.58814741115137	-2.58675174735288	10 fp	-3	fp	1
#FF0000	5	1	1	-2.58675174735288	-2.57149816677717	11 fp	-3	fp	1
#FF0000	5	1	1	-2.57149816677717	-2.55110196946485	12 fp	-3	fp	1
#FF0000	5	1	1	-2.55110196946485	-2.53938963344197	13 fp	-3	fp	1
#FF0000	5	1	1	-2.53938963344197	-2.52662158535874	14 fp	-3	fp	1
#FF0000	5	1	1	-2.52662158535874	-2.50930827993967	15 fp	-3	fp	1
#FF0000	5	1	1	-2.50930827993967	-2.49540807078698	16 fp	-3	fp	1
#FF0000	5	1	1	-2.49540807078698	-2.48261262953773	17 fp	-3	fp	1
#FF0000	5	1	1	-2.48261262953773	-2.47040257640679	18 fp	-3	fp	1
#FF0000	5	1	1	-2.47040257640679	-2.46326103820639	19 fp	-3	fp	1
#FF0000	5	1	1	-2.46326103820639	-2.46078307000063	20 fp	-3	fp	1
#FF0000	5	1	1	-2.46078307000063	-2.45871709842386	21 fp	-3	fp	1
#FF0000	5	1	1	-2.45871709842386	-2.45340475926054	22 fp	-3	fp	1
#FF0000	5	1	1	-2.45340475926054	-2.4403220724321	23 fp	-3	fp	1
#FF0000	5	1	1	-2.4403220724321	-2.19093202336509	24 fp	-3	fp	1
#FF0000	5	1	1	-2.19093202336509	-1.70975562988886	25 fp	-3	fp	1
#FF0000	5	1	1	-1.70975562988886	-1.30556678281946	26 fp	-3	fp	1
#FF0000	5	1	1	-1.30556678281946	-1.09932481093212	27 fp	-3	fp	1
#FF0000	5	1	1	-1.09932481093212	-1.0154227566525	28 fp	-3	fp	1
#FF0000	5	1	1	-1.0154227566525	-1.00135576037675	29 fp	-3	fp	1
#FF0000	5	1	1	-1.00135576037675	-0.989307006366561	30 fp	-3	fp	1
#FF0000	5	0	0	-0.989307006366561	-0.989134036202589	31 fp	-3	fp	1
#FF0000	5	0	0	-0.989134036202589	-0.988893231938196	32 fp	-3	fp	1
#FF0000	5	0	0	-0.988893231938196	-0.968263504582715	33 fp	-3	fp	1
#FF0000	5	0	0	-0.968263504582715	-0.899385467897039	34 fp	-3	fp	1
#FF0000	5	0	0	-0.899385467897039	-0.678987521191631	35 fp	-3	fp	1
#FF0000	5	0	0	-0.678987521191631	-0.408139872451828	36 fp	-3	fp	1
#FF0000	5	0	0	-0.408139872451828	-0.249624174041498	37 fp	-3	fp	1
#FF0000	5	0	0	-0.249624174041498	-0.0801910112768258	38 fp	-3	fp	1
#FF0000	5	0	0	-0.0801910112768258	0.115329151182443	39 fp	-3	fp	1
#FF0000	5	0	0	0.115329151182443	0.298544061873653	40 fp	-3	fp	1
#FF0000	5	0	0	0.298544061873653	0.460121155881064	41 fp	-3	fp	1
#FF0000	5	0	0	0.460121155881064	0.638045485540612	42 fp	-3	fp	1
#FF0000	5	0	0	0.638045485540612	0.822970604350525	43 fp	-3	fp	1
#FF0000	5	0	0	0.822970604350525	1.0127264501757	44 fp	-3	fp	1
#FF0000	5	0	0	1.0127264501757	1.21046541248413	45 fp	-3	fp	1
#FF0000	5	0	0	1.21046541248413	1.37891053583511	46 fp	-3	fp	1
#FF0000	5	0	0	1.37891053583511	1.54156862562895	47 fp	-3	fp	1
#FF0000	5	0	0	1.54156862562895	1.57578190167313	48 fp	-3	fp	1
#FF0000	5	0	0	1.57578190167313	1.57987566611961	49 fp	-3	fp	1
#FF0000	5	0	0	1.57987566611961	1.58225811468401	50 fp	-3	fp	1
#FF0000	5	0	0	1.58225811468401	1.64302098152048	51 fp	-3	fp	1
#FF0000	5	0	0	1.64302098152048	1.92288682248449	52 fp	-3	fp	1
#FF0000	5	0	0	1.92288682248449	3.08589939806206	53 fp	-3	fp	1
#FF0000	5	0	0	3.08589939806206	9.08500842897606	54 fp	-3	fp	1
#FF0000	5	6	6	-13.3670578848165	-7.34199737119048	1 fp	-2.8	fp	1
#FF0000	5	6	6	-7.34199737119048	-4.04345598753607	2 fp	-2.8	fp	1
#FF0000	5	3	3	-4.04345598753607	-3.15405687671473	3 fp	-2.8	fp	1
#FF0000	5	2	2	-3.15405687671473	-2.72922035597277	4 fp	-2.8	fp	1
#FF0000	5	2	2	-2.72922035597277	-2.62170980403531	5 fp	-2.8	fp	1
#FF0000	5	2	2	-2.62170980403531	-2.60450907956303	6 fp	-2.8	fp	1
#FF0000	5	2	2	-2.60450907956303	-2.59508053724272	7 fp	-2.8	fp	1
#FF0000	5	2	2	-2.59508053724272	-2.58985635874694	8 fp	-2.8	fp	1
#FF0000	5	2	2	-2.58985635874694	-2.58814741115137	9 fp	-2.8	fp	1
#FF0000	5	1	1	-2.58814741115137	-2.58675174735288	10 fp	-2.8	fp	1
#FF0000	5	1	1	-2.58675174735288	-2.57149816677717	11 fp	-2.8	fp	1
#FF0000	5	1	1	-2.57149816677717	-2.55110196946485	12 fp	-2.8	fp	1
#FF0000	5	1	1	-2.55110196946485	-2.53938963344197	13 fp	-2.8	fp	1
#FF0000	5	1	1	-2.53938963344197	-2.52662158535874	14 fp	-2.8	fp	1
#FF0000	5	1	1	-2.52662158535874	-2.50930827993967	15 fp	-2.8	fp	1
#FF0000	5	1	1	-2.50930827993967	-2.49540807078698	16 fp	-2.8	fp	1
#FF0000	5	1	1	-2.49540807078698	-2.48261262953773	17 fp	-2.8	fp	1
#FF0000	5	1	1	-2.48261262953773	-2.47040257640679	18 fp	-2.8	fp	1
#FF0000	5	1	1	-2.47040257640679	-2.46326103820639	19 fp	-2.8	fp	1
#FF0000	5	1	1	-2.46326103820639	-2.46078307000063	20 fp	-2.8	fp	1
#FF0000	5	1	1	-2.46078307000063	-2.45871709842386	21 fp	-2.8	fp	1
#FF0000	5	1	1	-2.45871709842386	-2.45340475926054	22 fp	-2.8	fp	1
#FF0000	5	1	1	-2.45340475926054	-2.4403220724321	23 fp	-2.8	fp	1
#FF0000	5	1	1	-2.4403220724321	-2.19093202336509	24 fp	-2.8	fp	1
#FF0000	5	1	1	-2.19093202336509	-1.70975562988886	25 fp	-2.8	fp	1
#FF0000	5	1	1	-1.70975562988886	-1.30556678281946	26 fp	-2.8	fp	1
#FF0000	5	1	1	-1.30556678281946	-1.09932481093212	27 fp	-2.8	fp	1
#FF0000	5	1	1	-1.09932481093212	-1.0154227566525	28 fp	-2.8	fp	1
#FF0000	5	1	1	-1.0154227566525	-1.00135576037675	29 fp	-2.8	fp	1
#FF0000	5	1	1	-1.00135576037675	-0.989307006366561	30 fp	-2.8	fp	1
#FF0000	5	0	0	-0.989307006366561	-0.989134036202589	31 fp	-2.8	fp	1
#FF0000	5	0	0	-0.989134036202589	-0.988893231938196	32 fp	-2.8	fp	1
#FF0000	5	0	0	-0.988893231938196	-0.968263504582715	33 fp	-2.8	fp	1
#FF0000	5	0	0	-0.968263504582715	-0.899385467897039	34 fp	-2.8	fp	1
#FF0000	5	0	0	-0.899385467897039	-0.678987521191631	35 fp	-2.8	fp	1
#FF0000	5	0	0	-0.678987521191631	-0.408139872451828	36 fp	-2.8	fp	1
#FF0000	5	0	0	-0.408139872451828	-0.249624174041498	37 fp	-2.8	fp	1
#FF0000	5	0	0	-0.249624174041498	-0.0801910112768258	38 fp	-2.8	fp	1
#FF0000	5	0	0	-0.0801910112768258	0.115329151182443	39 fp	-2.8	fp	1
#FF0000	5	0	0	0.115329151182443	0.298544061873653	40 fp	-2.8	fp	1
#FF0000	5	0	0	0.298544061873653	0.460121155881064	41 fp	-2.8	fp	1
#FF0000	5	0	0	0.460121155881064	0.638045485540612	42 fp	-2.8	fp	1
#FF0000	5	0	0	0.638045485540612	0.822970604350525	43 fp	-2.8	fp	1
#FF0000	5	0	0	0.822970604350525	1.0127264501757	44 fp	-2.8	fp	1
#FF0000	5	0	0	1.0127264501757	1.21046541248413	45 fp	-2.8	fp	1
#FF0000	5	0	0	1.21046541248413	1.37891053583511	46 fp	-2.8	fp	1
#FF0000	5	0	0	1.37891053583511	1.54156862562895	47 fp	-2.8	fp	1
#FF0000	5	0	0	1.54156862562895	1.57578190167313	48 fp	-2.8	fp	1
#FF0000	5	0	0	1.57578190167313	1.57987566611961	49 fp	-2.8	fp	1
#FF0000	5	0	0	1.57987566611961	1.58225811468401	50 fp	-2.8	fp	1
#FF0000	5	0	0	1.58225811468401	1.64302098152048	51 fp	-2.8	fp	1
#FF0000	5	0	0	1.64302098152048	1.92288682248449	52 fp	-2.8	fp	1
#FF0000	5	0	0	1.92288682248449	3.08589939806206	53 fp	-2.8	fp	1
#FF0000	5	0	0	3.08589939806206	9.08500842897606	54 fp	-2.8	fp	1
#FF0000	5	6	6	-13.3670578848165	-7.34199737119048	1 fp	-2.6	fp	1
#FF0000	5	6	6	-7.34199737119048	-4.04345598753607	2 fp	-2.6	fp	1
#FF0000	5	3	3	-4.04345598753607	-3.15405687671473	3 fp	-2.6	fp	1
#FF0000	5	2	2	-3.15405687671473	-2.72922035597277	4 fp	-2.6	fp	1
#FF0000	5	2	2	-2.72922035597277	-2.62170980403531	5 fp	-2.6	fp	1
#FF0000	5	2	2	-2.62170980403531	-2.60450907956303	6 fp	-2.6	fp	1
#FF0000	5	2	2	-2.60450907956303	-2.59508053724272	7 fp	-2.6	fp	1
#FF0000	5	2	2	-2.59508053724272	-2.58985635874694	8 fp	-2.6	fp	1
#FF0000	5	2	2	-2.58985635874694	-2.58814741115137	9 fp	-2.6	fp	1
#FF0000	5	1	1	-2.58814741115137	-2.58675174735288	10 fp	-2.6	fp	1
#FF0000	5	1	1	-2.58675174735288	-2.57149816677717	11 fp	-2.6	fp	1
#FF0000	5	1	1	-2.57149816677717	-2.55110196946485	12 fp	-2.6	fp	1
#FF0000	5	1	1	-2.55110196946485	-2.53938963344197	13 fp	-2.6	fp	1
#FF0000	5	1	1	-2.53938963344197	-2.52662158535874	14 fp	-2.6	fp	1
#FF0000	5	1	1	-2.52662158535874	-2.50930827993967	15 fp	-2.6	fp	1
#FF0000	5	1	1	-2.50930827993967	-2.49540807078698	16 fp	-2.6	fp	1
#FF0000	5	1	1	-2.49540807078698	-2.48261262953773	17 fp	-2.6	fp	1
#FF0000	5	1	1	-2.48261262953773	-2.47040257640679	18 fp	-2.6	fp	1
#FF0000	5	1	1	-2.47040257640679	-2.46326103820639	19 fp	-2.6	fp	1
#FF0000	5	1	1	-2.46326103820639	-2.46078307000063	20 fp	-2.6	fp	1
#FF0000	5	1	1	-2.46078307000063	-2.45871709842386	21 fp	-2.6	fp	1
#FF0000	5	1	1	-2.45871709842386	-2.45340475926054	22 fp	-2.6	fp	1
#FF0000	5	1	1	-2.45340475926054	-2.4403220724321	23 fp	-2.6	fp	1
#FF0000	5	1	1	-2.4403220724321	-2.19093202336509	24 fp	-2.6	fp	1
#FF0000	5	1	1	-2.19093202336509	-1.70975562988886	25 fp	-2.6	fp	1
#FF0000	5	1	1	-1.70975562988886	-1.30556678281946	26 fp	-2.6	fp	1
#FF0000	5	1	1	-1.30556678281946	-1.09932481093212	27 fp	-2.6	fp	1
#FF0000	5	1	1	-1.09932481093212	-1.0154227566525	28 fp	-2.6	fp	1
#FF0000	5	1	1	-1.0154227566525	-1.00135576037675	29 fp	-2.6	fp	1
#FF0000	5	1	1	-1.00135576037675	-0.989307006366561	30 fp	-2.6	fp	1
#FF0000	5	0	0	-0.989307006366561	-0.989134036202589	31 fp	-2.6	fp	1
#FF0000	5	0	0	-0.989134036202589	-0.988893231938196	32 fp	-2.6	fp	1
#FF0000	5	0	0	-0.988893231938196	-0.968263504582715	33 fp	-2.6	fp	1
#FF0000	5	0	0	-0.968263504582715	-0.899385467897039	34 fp	-2.6	fp	1
#FF0000	5	0	0	-0.899385467897039	-0.678987521191631	35 fp	-2.6	fp	1
#FF0000	5	0	0	-0.678987521191631	-0.408139872451828	36 fp	-2.6	fp	1
#FF0000	5	0	0	-0.408139872451828	-0.249624174041498	37 fp	-2.6	fp	1
#FF0000	5	0	0	-0.249624174041498	-0.0801910112768258	38 fp	-2.6	fp	1
#FF0000	5	0	0	-0.0801910112768258	0.115329151182443	39 fp	-2.6	fp	1
#FF0000	5	0	0	0.115329151182443	0.298544061873653	40 fp	-2.6	fp	1
#FF0000	5	0	0	0.298544061873653	0.460121155881064	41 fp	-2.6	fp	1
#FF0000	5	0	0	0.460121155881064	0.638045485540612	42 fp	-2.6	fp	1
#FF0000	5	0	0	0.638045485540612	0.822970604350525	43 fp	-2.6	fp	1
#FF0000	5	0	0	0.822970604350525	1.0127264501757	44 fp	-2.6	fp	1
#FF0000	5	0	0	1.0127264501757	1.21046541248413	45 fp	-2.6	fp	1
#FF0000	5	0	0	1.21046541248413	1.37891053583511	46 fp	-2.6	fp	1
#FF0000	5	0	0	1.37891053583511	1.54156862562895	47 fp	-2.6	fp	1
#FF0000	5	0	0	1.54156862562895	1.57578190167313	48 fp	-2.6	fp	1
#FF0000	5	0	0	1.57578190167313	1.57987566611961	49 fp	-2.6	fp	1
#FF0000	5	0	0	1.57987566611961	1.58225811468401	50 fp	-2.6	fp	1
#FF0000	5	0	0	1.58225811468401	1.64302098152048	51 fp	-2.6	fp	1
#FF0000	5	0	0	1.64302098152048	1.92288682248449	52 fp	-2.6	fp	1
#FF0000	5	0	0	1.92288682248449	3.08589939806206	53 fp	-2.6	fp	1
#FF0000	5	0	0	3.08589939806206	9.08500842897606	54 fp	-2.6	fp	1
#FF0000	5	6	6	-13.3670578848165	-7.34199737119048	1 fp	-2.4	fp	1
#FF0000	5	6	6	-7.34199737119048	-4.04345598753607	2 fp	-2.4	fp	1
#FF0000	5	3	3	-4.04345598753607	-3.15405687671473	3 fp	-2.4	fp	1
#FF0000	5	2	2	-3.15405687671473	-2.72922035597277	4 fp	-2.4	fp	1
#FF0000	5	2	2	-2.72922035597277	-2.62170980403531	5 fp	-2.4	fp	1
#FF0000	5	2	2	-2.62170980403531	-2.60450907956303	6 fp	-2.4	fp	1
#FF0000	5	2	2	-2.60450907956303	-2.59508053724272	7 fp	-2.4	fp	1
#FF0000	5	2	2	-2.59508053724272	-2.58985635874694	8 fp	-2.4	fp	1
#FF0000	5	2	2	-2.58985635874694	-2.58814741115137	9 fp	-2.4	fp	1
#FF0000	5	1	1	-2.58814741115137	-2.58675174735288	10 fp	-2.4	fp	1
#FF0000	5	1	1	-2.58675174735288	-2.57149816677717	11 fp	-2.4	fp	1
#FF0000	5	1	1	-2.57149816677717	-2.55110196946485	12 fp	-2.4	fp	1
#FF0000	5	1	1	-2.55110196946485	-2.53938963344197	13 fp	-2.4	fp	1
#FF0000	5	1	1	-2.53938963344197	-2.52662158535874	14 fp	-2.4	fp	1
#FF0000	5	1	1	-2.52662158535874	-2.50930827993967	15 fp	-2.4	fp	1
#FF0000	5	1	1	-2.50930827993967	-2.49540807078698	16 fp	-2.4	fp	1
#FF0000	5	1	1	-2.49540807078698	-2.48261262953773	17 fp	-2.4	fp	1
#FF0000	5	1	1	-2.48261262953773	-2.47040257640679	18 fp	-2.4	fp	1
#FF0000	5	1	1	-2.47040257640679	-2.46326103820639	19 fp	-2.4	fp	1
#FF0000	5	1	1	-2.46326103820639	-2.46078307000063	20 fp	-2.4	fp	1
#FF0000	5	1	1	-2.46078307000063	-2.45871709842386	21 fp	-2.4	fp	1
#FF0000	5	1	1	-2.45871709842386	-2.45340475926054	22 fp	-2.4	fp	1
#FF0000	5	1	1	-2.45340475926054	-2.4403220724321	23 fp	-2.4	fp	1
#FF0000	5	1	1	-2.4403220724321	-2.19093202336509	24 fp	-2.4	fp	1
#FF0000	5	1	1	-2.19093202336509	-1.70975562988886	25 fp	-2.4	fp	1
#FF0000	5	1	1	-1.70975562988886	-1.30556678281946	26 fp	-2.4	fp	1
#FF0000	5	1	1	-1.30556678281946	-1.09932481093212	27 fp	-2.4	fp	1
#FF0000	5	1	1	-1.09932481093212	-1.0154227566525	28 fp	-2.4	fp	1
#FF0000	5	1	1	-1.0154227566525	-1.00135576037675	29 fp	-2.4	fp	1
#FF0000	5	1	1	-1.00135576037675	-0.989307006366561	30 fp	-2.4	fp	1
#FF0000	5	0	0	-0.989307006366561	-0.989134036202589	31 fp	-2.4	fp	1
#FF0000	5	0	0	-0.989134036202589	-0.988893231938196	32 fp	-2.4	fp	1
#FF0000	5	0	0	-0.988893231938196	-0.968263504582715	33 fp	-2.4	fp	1
#FF0000	5	0	0	-0.968263504582715	-0.899385467897039	34 fp	-2.4	fp	1
#FF0000	5	0	0	-0.899385467897039	-0.678987521191631	35 fp	-2.4	fp	1
#FF0000	5	0	0	-0.678987521191631	-0.408139872451828	36 fp	-2.4	fp	1
#FF0000	5	0	0	-0.408139872451828	-0.249624174041498	37 fp	-2.4	fp	1
#FF0000	5	0	0	-0.249624174041498	-0.0801910112768258	38 fp	-2.4	fp	1
#FF0000	5	0	0	-0.0801910112768258	0.115329151182443	39 fp	-2.4	fp	1
#FF0000	5	0	0	0.115329151182443	0.298544061873653	40 fp	-2.4	fp	1
#FF0000	5	0	0	0.298544061873653	0.460121155881064	41 fp	-2.4	fp	1
#FF0000	5	0	0	0.460121155881064	0.638045485540612	42 fp	-2.4	fp	1
#FF0000	5	0	0	0.638045485540612	0.822970604350525	43 fp	-2.4	fp	1
#FF0000	5	0	0	0.822970604350525	1.0127264501757	44 fp	-2.4	fp	1
#FF0000	5	0	0	1.0127264501757	1.21046541248413	45 fp	-2.4	fp	1
#FF0000	5	0	0	1.21046541248413	1.37891053583511	46 fp	-2.4	fp	1
#FF0000	5	0	0	1.37891053583511	1.54156862562895	47 fp	-2.4	fp	1
#FF0000	5	0	0	1.54156862562895	1.57578190167313	48 fp	-2.4	fp	1
#FF0000	5	0	0	1.57578190167313	1.57987566611961	49 fp	-2.4	fp	1
#FF0000	5	0	0	1.57987566611961	1.58225811468401	50 fp	-2.4	fp	1
#FF0000	5	0	0	1.58225811468401	1.64302098152048	51 fp	-2.4	fp	1
#FF0000	5	0	0	1.64302098152048	1.92288682248449	52 fp	-2.4	fp	1
#FF0000	5	0	0	1.92288682248449	3.08589939806206	53 fp	-2.4	fp	1
#FF0000	5	0	0	3.08589939806206	9.08500842897606	54 fp	-2.4	fp	1
#FF0000	5	6	6	-13.3670578848165	-7.34199737119048	1 fp	-2.2	fp	1
#FF0000	5	6	6	-7.34199737119048	-4.04345598753607	2 fp	-2.2	fp	1
#FF0000	5	3	3	-4.04345598753607	-3.15405687671473	3 fp	-2.2	fp	1
#FF0000	5	2	2	-3.15405687671473	-2.72922035597277	4 fp	-2.2	fp	1
#FF0000	5	2	2	-2.72922035597277	-2.62170980403531	5 fp	-2.2	fp	1
#FF0000	5	2	2	-2.62170980403531	-2.60450907956303	6 fp	-2.2	fp	1
#FF0000	5	2	2	-2.60450907956303	-2.59508053724272	7 fp	-2.2	fp	1
#FF0000	5	2	2	-2.59508053724272	-2.58985635874694	8 fp	-2.2	fp	1
#FF0000	5	2	2	-2.58985635874694	-2.58814741115137	9 fp	-2.2	fp	1
#FF0000	5	1	1	-2.58814741115137	-2.58675174735288	10 fp	-2.2	fp	1
#FF0000	5	1	1	-2.58675174735288	-2.57149816677717	11 fp	-2.2	fp	1
#FF0000	5	1	1	-2.57149816677717	-2.55110196946485	12 fp	-2.2	fp	1
#FF0000	5	1	1	-2.55110196946485	-2.53938963344197	13 fp	-2.2	fp	1
#FF0000	5	1	1	-2.53938963344197	-2.52662158535874	14 fp	-2.2	fp	1
#FF0000	5	1	1	-2.52662158535874	-2.50930827993967	15 fp	-2.2	fp	1
#FF0000	5	1	1	-2.50930827993967	-2.49540807078698	16 fp	-2.2	fp	1
#FF0000	5	1	1	-2.49540807078698	-2.48261262953773	17 fp	-2.2	fp	1
#FF0000	5	1	1	-2.48261262953773	-2.47040257640679	18 fp	-2.2	fp	1
#FF0000	5	1	1	-2.47040257640679	-2.46326103820639	19 fp	-2.2	fp	1
#FF0000	5	1	1	-2.46326103820639	-2.46078307000063	20 fp	-2.2	fp	1
#FF0000	5	1	1	-2.46078307000063	-2.45871709842386	21 fp	-2.2	fp	1
#FF0000	5	1	1	-2.45871709842386	-2.45340475926054	22 fp	-2.2	fp	1
#FF0000	5	1	1	-2.45340475926054	-2.4403220724321	23 fp	-2.2	fp	1
#FF0000	5	1	1	-2.4403220724321	-2.19093202336509	24 fp	-2.2	fp	1
#FF0000	5	1	1	-2.19093202336509	-1.70975562988886	25 fp	-2.2	fp	1
#FF0000	5	1	1	-1.70975562988886	-1.30556678281946	26 fp	-2.2	fp	1
#FF0000	5	1	1	-1.30556678281946	-1.09932481093212	27 fp	-2.2	fp	1
#FF0000	5	1	1	-1.09932481093212	-1.0154227566525	28 fp	-2.2	fp	1
#FF0000	5	1	1	-1.0154227566525	-1.00135576037675	29 fp	-2.2	fp	1
#FF0000	5	1	1	-1.00135576037675	-0.989307006366561	30 fp	-2.2	fp	1
#FF0000	5	0	0	-0.989307006366561	-0.989134036202589	31 fp	-2.2	fp	1
#FF0000	5	0	0	-0.989134036202589	-0.988893231938196	32 fp	-2.2	fp	1
#FF0000	5	0	0	-0.988893231938196	-0.968263504582715	33 fp	-2.2	fp	1
#FF0000	5	0	0	-0.968263504582715	-0.899385467897039	34 fp	-2.2	fp	1
#FF0000	5	0	0	-0.899385467897039	-0.678987521191631	35 fp	-2.2	fp	1
#FF0000	5	0	0	-0.678987521191631	-0.408139872451828	36 fp	-2.2	fp	1
#FF0000	5	0	0	-0.408139872451828	-0.249624174041498	37 fp	-2.2	fp	1
#FF0000	5	0	0	-0.249624174041498	-0.0801910112768258	38 fp	-2.2	fp	1
#FF0000	5	0	0	-0.0801910112768258	0.115329151182443	39 fp	-2.2	fp	1
#FF0000	5	0	0	0.115329151182443	0.298544061873653	40 fp	-2.2	fp	1
#FF0000	5	0	0	0.298544061873653	0.460121155881064	41 fp	-2.2	fp	1
#FF0000	5	0	0	0.460121155881064	0.638045485540612	42 fp	-2.2	fp	1
#FF0000	5	0	0	0.638045485540612	0.822970604350525	43 fp	-2.2	fp	1
#FF0000	5	0	0	0.822970604350525	1.0127264501757	44 fp	-2.2	fp	1
#FF0000	5	0	0	1.0127264501757	1.21046541248413	45 fp	-2.2	fp	1
#FF0000	5	0	0	1.21046541248413	1.37891053583511	46 fp	-2.2	fp	1
#FF0000	5	0	0	1.37891053583511	1.54156862562895	47 fp	-2.2	fp	1
#FF0000	5	0	0	1.54156862562895	1.57578190167313	48 fp	-2.2	fp	1
#FF0000	5	0	0	1.57578190167313	1.57987566611961	49 fp	-2.2	fp	1
#FF0000	5	0	0	1.57987566611961	1.58225811468401	50 fp	-2.2	fp	1
#FF0000	5	0	0	1.58225811468401	1.64302098152048	51 fp	-2.2	fp	1
#FF0000	5	0	0	1.64302098152048	1.92288682248449	52 fp	-2.2	fp	1
#FF0000	5	0	0	1.92288682248449	3.08589939806206	53 fp	-2.2	fp	1
#FF0000	5	0	0	3.08589939806206	9.08500842897606	54 fp	-2.2	fp	1
#FF0000	5	6	6	-13.3670578848165	-7.34199737119048	1 fp	-2	fp	1
#FF0000	5	6	6	-7.34199737119048	-4.04345598753607	2 fp	-2	fp	1
#FF0000	5	3	3	-4.04345598753607	-3.15405687671473	3 fp	-2	fp	1
#FF0000	5	2	2	-3.15405687671473	-2.72922035597277	4 fp	-2	fp	1
#FF0000	5	2	2	-2.72922035597277	-2.62170980403531	5 fp	-2	fp	1
#FF0000	5	2	2	-2.62170980403531	-2.60450907956303	6 fp	-2	fp	1
#FF0000	5	2	2	-2.60450907956303	-2.59508053724272	7 fp	-2	fp	1
#FF0000	5	2	2	-2.59508053724272	-2.58985635874694	8 fp	-2	fp	1
#FF0000	5	2	2	-2.58985635874694	-2.58814741115137	9 fp	-2	fp	1
#FF0000	5	1	1	-2.58814741115137	-2.58675174735288	10 fp	-2	fp	1
#FF0000	5	1	1	-2.58675174735288	-2.57149816677717	11 fp	-2	fp	1
#FF0000	5	1	1	-2.57149816677717	-2.55110196946485	12 fp	-2	fp	1
#FF0000	5	1	1	-2.55110196946485	-2.53938963344197	13 fp	-2	fp	1
#FF0000	5	1	1	-2.53938963344197	-2.52662158535874	14 fp	-2	fp	1
#FF0000	5	1	1	-2.52662158535874	-2.50930827993967	15 fp	-2	fp	1
#FF0000	5	1	1	-2.50930827993967	-2.49540807078698	16 fp	-2	fp	1
#FF0000	5	1	1	-2.49540807078698	-2.48261262953773	17 fp	-2	fp	1
#FF0000	5	1	1	-2.48261262953773	-2.47040257640679	18 fp	-2	fp	1
#FF0000	5	1	1	-2.47040257640679	-2.46326103820639	19 fp	-2	fp	1
#FF0000	5	1	1	-2.46326103820639	-2.46078307000063	20 fp	-2	fp	1
#FF0000	5	1	1	-2.46078307000063	-2.45871709842386	21 fp	-2	fp	1
#FF0000	5	1	1	-2.45871709842386	-2.45340475926054	22 fp	-2	fp	1
#FF0000	5	1	1	-2.45340475926054	-2.4403220724321	23 fp	-2	fp	1
#FF0000	5	1	1	-2.4403220724321	-2.19093202336509	24 fp	-2	fp	1
#FF0000	5	1	1	-2.19093202336509	-1.70975562988886	25 fp	-2	fp	1
#FF0000	5	1	1	-1.70975562988886	-1.30556678281946	26 fp	-2	fp	1
#FF0000	5	1	1	-1.30556678281946	-1.09932481093212	27 fp	-2	fp	1
#FF0000	5	1	1	-1.09932481093212	-1.0154227566525	28 fp	-2	fp	1
#FF0000	5	1	1	-1.0154227566525	-1.00135576037675	29 fp	-2	fp	1
#FF0000	5	1	1	-1.00135576037675	-0.989307006366561	30 fp	-2	fp	1
#FF0000	5	0	0	-0.989307006366561	-0.989134036202589	31 fp	-2	fp	1
#FF0000	5	0	0	-0.989134036202589	-0.988893231938196	32 fp	-2	fp	1
#FF0000	5	0	0	-0.988893231938196	-0.968263504582715	33 fp	-2	fp	1
#FF0000	5	0	0	-0.968263504582715	-0.899385467897039	34 fp	-2	fp	1
#FF0000	5	0	0	-0.899385467897039	-0.678987521191631	35 fp	-2	fp	1
#FF0000	5	0	0	-0.678987521191631	-0.408139872451828	36 fp	-2	fp	1
#FF0000	5	0	0	-0.408139872451828	-0.249624174041498	37 fp	-2	fp	1
#FF0000	5	0	0	-0.249624174041498	-0.0801910112768258	38 fp	-2	fp	1
#FF0000	5	0	0	-0.0801910112768258	0.115329151182443	39 fp	-2	fp	1
#FF0000	5	0	0	0.115329151182443	0.298544061873653	40 fp	-2	fp	1
#FF0000	5	0	0	0.298544061873653	0.460121155881064	41 fp	-2	fp	1
#FF0000	5	0	0	0.460121155881064	0.638045485540612	42 fp	-2	fp	1
#FF0000	5	0	0	0.638045485540612	0.822970604350525	43 fp	-2	fp	1
#FF0000	5	0	0	0.822970604350525	1.0127264501757	44 fp	-2	fp	1
#FF0000	5	0	0	1.0127264501757	1.21046541248413	45 fp	-2	fp	1
#FF0000	5	0	0	1.21046541248413	1.37891053583511	46 fp	-2	fp	1
#FF0000	5	0	0	1.37891053583511	1.54156862562895	47 fp	-2	fp	1
#FF0000	5	0	0	1.54156862562895	1.57578190167313	48 fp	-2	fp	1
#FF0000	5	0	0	1.57578190167313	1.57987566611961	49 fp	-2	fp	1
#FF0000	5	0	0	1.57987566611961	1.58225811468401	50 fp	-2	fp	1
#FF0000	5	0	0	1.58225811468401	1.64302098152048	51 fp	-2	fp	1
#FF0000	5	0	0	1.64302098152048	1.92288682248449	52 fp	-2	fp	1
#FF0000	5	0	0	1.92288682248449	3.08589939806206	53 fp	-2	fp	1
#FF0000	5	0	0	3.08589939806206	9.08500842897606	54 fp	-2	fp	1
#FF0000	5	6	6	-13.3670578848165	-7.34199737119048	1 fp	-1.8	fp	1
#FF0000	5	6	6	-7.34199737119048	-4.04345598753607	2 fp	-1.8	fp	1
#FF0000	5	3	3	-4.04345598753607	-3.15405687671473	3 fp	-1.8	fp	1
#FF0000	5	2	2	-3.15405687671473	-2.72922035597277	4 fp	-1.8	fp	1
#FF0000	5	2	2	-2.72922035597277	-2.62170980403531	5 fp	-1.8	fp	1
#FF0000	5	2	2	-2.62170980403531	-2.60450907956303	6 fp	-1.8	fp	1
#FF0000	5	2	2	-2.60450907956303	-2.59508053724272	7 fp	-1.8	fp	1
#FF0000	5	2	2	-2.59508053724272	-2.58985635874694	8 fp	-1.8	fp	1
#FF0000	5	2	2	-2.58985635874694	-2.58814741115137	9 fp	-1.8	fp	1
#FF0000	5	1	1	-2.58814741115137	-2.58675174735288	10 fp	-1.8	fp	1
#FF0000	5	1	1	-2.58675174735288	-2.57149816677717	11 fp	-1.8	fp	1
#FF0000	5	1	1	-2.57149816677717	-2.55110196946485	12 fp	-1.8	fp	1
#FF0000	5	1	1	-2.55110196946485	-2.53938963344197	13 fp	-1.8	fp	1
#FF0000	5	1	1	-2.53938963344197	-2.52662158535874	14 fp	-1.8	fp	1
#FF0000	5	1	1	-2.52662158535874	-2.50930827993967	15 fp	-1.8	fp	1
#FF0000	5	1	1	-2.50930827993967	-2.49540807078698	16 fp	-1.8	fp	1
#FF0000	5	1	1	-2.49540807078698	-2.48261262953773	17 fp	-1.8	fp	1
#FF0000	5	1	1	-2.48261262953773	-2.47040257640679	18 fp	-1.8	fp	1
#FF0000	5	1	1	-2.47040257640679	-2.46326103820639	19 fp	-1.8	fp	1
#FF0000	5	1	1	-2.46326103820639	-2.46078307000063	20 fp	-1.8	fp	1
#FF0000	5	1	1	-2.46078307000063	-2.45871709842386	21 fp	-1.8	fp	1
#FF0000	5	1	1	-2.45871709842386	-2.45340475926054	22 fp	-1.8	fp	1
#FF0000	5	1	1	-2.45340475926054	-2.4403220724321	23 fp	-1.8	fp	1
#FF0000	5	1	1	-2.4403220724321	-2.19093202336509	24 fp	-1.8	fp	1
#FF0000	5	1	1	-2.19093202336509	-1.70975562988886	25 fp	-1.8	fp	1
#FF0000	5	1	1	-1.70975562988886	-1.30556678281946	26 fp	-1.8	fp	1
#FF0000	5	1	1	-1.30556678281946	-1.09932481093212	27 fp	-1.8	fp	1
#FF0000	5	1	1	-1.09932481093212	-1.0154227566525	28 fp	-1.8	fp	1
#FF0000	5	1	1	-1.0154227566525	-1.00135576037675	29 fp	-1.8	fp	1
#FF0000	5	1	1	-1.00135576037675	-0.989307006366561	30 fp	-1.8	fp	1
#FF0000	5	0	0	-0.989307006366561	-0.989134036202589	31 fp	-1.8	fp	1
#FF0000	5	0	0	-0.989134036202589	-0.988893231938196	32 fp	-1.8	fp	1
#FF0000	5	0	0	-0.988893231938196	-0.968263504582715	33 fp	-1.8	fp	1
#FF0000	5	0	0	-0.968263504582715	-0.899385467897039	34 fp	-1.8	fp	1
#FF0000	5	0	0	-0.899385467897039	-0.678987521191631	35 fp	-1.8	fp	1
#FF0000	5	0	0	-0.678987521191631	-0.408139872451828	36 fp	-1.8	fp	1
#FF0000	5	0	0	-0.408139872451828	-0.249624174041498	37 fp	-1.8	fp	1
#FF0000	5	0	0	-0.249624174041498	-0.0801910112768258	38 fp	-1.8	fp	1
#FF0000	5	0	0	-0.0801910112768258	0.115329151182443	39 fp	-1.8	fp	1
#FF0000	5	0	0	0.115329151182443	0.298544061873653	40 fp	-1.8	fp	1
#FF0000	5	0	0	0.298544061873653	0.460121155881064	41 fp	-1.8	fp	1
#FF0000	5	0	0	0.460121155881064	0.638045485540612	42 fp	-1.8	fp	1
#FF0000	5	0	0	0.638045485540612	0.822970604350525	43 fp	-1.8	fp	1
#FF0000	5	0	0	0.822970604350525	1.0127264501757	44 fp	-1.8	fp	1
#FF0000	5	0	0	1.0127264501757	1.21046541248413	45 fp	-1.8	fp	1
#FF0000	5	0	0	1.21046541248413	1.37891053583511	46 fp	-1.8	fp	1
#FF0000	5	0	0	1.37891053583511	1.54156862562895	47 fp	-1.8	fp	1
#FF0000	5	0	0	1.54156862562895	1.57578190167313	48 fp	-1.8	fp	1
#FF0000	5	0	0	1.57578190167313	1.57987566611961	49 fp	-1.8	fp	1
#FF0000	5	0	0	1.57987566611961	1.58225811468401	50 fp	-1.8	fp	1
#FF0000	5	0	0	1.58225811468401	1.64302098152048	51 fp	-1.8	fp	1
#FF0000	5	0	0	1.64302098152048	1.92288682248449	52 fp	-1.8	fp	1
#FF0000	5	0	0	1.92288682248449	3.08589939806206	53 fp	-1.8	fp	1
#FF0000	5	0	0	3.08589939806206	9.08500842897606	54 fp	-1.8	fp	1
#FF0000	5	6	6	-13.3670578848165	-7.34199737119048	1 fp	-1.6	fp	1
#FF0000	5	6	6	-7.34199737119048	-4.04345598753607	2 fp	-1.6	fp	1
#FF0000	5	3	3	-4.04345598753607	-3.15405687671473	3 fp	-1.6	fp	1
#FF0000	5	2	2	-3.15405687671473	-2.72922035597277	4 fp	-1.6	fp	1
#FF0000	5	2	2	-2.72922035597277	-2.62170980403531	5 fp	-1.6	fp	1
#FF0000	5	2	2	-2.62170980403531	-2.60450907956303	6 fp	-1.6	fp	1
#FF0000	5	2	2	-2.60450907956303	-2.59508053724272	7 fp	-1.6	fp	1
#FF0000	5	2	2	-2.59508053724272	-2.58985635874694	8 fp	-1.6	fp	1
#FF0000	5	2	2	-2.58985635874694	-2.58814741115137	9 fp	-1.6	fp	1
#FF0000	5	1	1	-2.58814741115137	-2.58675174735288	10 fp	-1.6	fp	1
#FF0000	5	1	1	-2.58675174735288	-2.57149816677717	11 fp	-1.6	fp	1
#FF0000	5	1	1	-2.57149816677717	-2.55110196946485	12 fp	-1.6	fp	1
#FF0000	5	1	1	-2.55110196946485	-2.53938963344197	13 fp	-1.6	fp	1
#FF0000	5	1	1	-2.53938963344197	-2.52662158535874	14 fp	-1.6	fp	1
#FF0000	5	1	1	-2.52662158535874	-2.50930827993967	15 fp	-1.6	fp	1
#FF0000	5	1	1	-2.50930827993967	-2.49540807078698	16 fp	-1.6	fp	1
#FF0000	5	1	1	-2.49540807078698	-2.48261262953773	17 fp	-1.6	fp	1
#FF0000	5	1	1	-2.48261262953773	-2.47040257640679	18 fp	-1.6	fp	1
#FF0000	5	1	1	-2.47040257640679	-2.46326103820639	19 fp	-1.6	fp	1
#FF0000	5	1	1	-2.46326103820639	-2.46078307000063	20 fp	-1.6	fp	1
#FF0000	5	1	1	-2.46078307000063	-2.45871709842386	21 fp	-1.6	fp	1
#FF0000	5	1	1	-2.45871709842386	-2.45340475926054	22 fp	-1.6	fp	1
#FF0000	5	1	1	-2.45340475926054	-2.4403220724321	23 fp	-1.6	fp	1
#FF0000	5	1	1	-2.4403220724321	-2.19093202336509	24 fp	-1.6	fp	1
#FF0000	5	1	1	-2.19093202336509	-1.70975562988886	25 fp	-1.6	fp	1
#FF0000	5	1	1	-1.70975562988886	-1.30556678281946	26 fp	-1.6	fp	1
#FF0000	5	1	1	-1.30556678281946	-1.09932481093212	27 fp	-1.6	fp	1
#FF0000	5	1	1	-1.09932481093212	-1.0154227566525	28 fp	-1.6	fp	1
#FF0000	5	1	1	-1.0154227566525	-1.00135576037675	29 fp	-1.6	fp	1
#FF0000	5	1	1	-1.00135576037675	-0.989307006366561	30 fp	-1.6	fp	1
#FF0000	5	0	0	-0.989307006366561	-0.989134036202589	31 fp	-1.6	fp	1
#FF0000	5	0	0	-0.989134036202589	-0.988893231938196	32 fp	-1.6	fp	1
#FF0000	5	0	0	-0.988893231938196	-0.968263504582715	33 fp	-1.6	fp	1
#FF0000	5	0	0	-0.968263504582715	-0.899385467897039	34 fp	-1.6	fp	1
#FF0000	5	0	0	-0.899385467897039	-0.678987521191631	35 fp	-1.6	fp	1
#FF0000	5	0	0	-0.678987521191631	-0.408139872451828	36 fp	-1.6	fp	1
#FF0000	5	0	0	-0.408139872451828	-0.249624174041498	37 fp	-1.6	fp	1
#FF0000	5	0	0	-0.249624174041498	-0.0801910112768258	38 fp	-1.6	fp	1
#FF0000	5	0	0	-0.0801910112768258	0.115329151182443	39 fp	-1.6	fp	1
#FF0000	5	0	0	0.115329151182443	0.298544061873653	40 fp	-1.6	fp	1
#FF0000	5	0	0	0.298544061873653	0.460121155881064	41 fp	-1.6	fp	1
#FF0000	5	0	0	0.460121155881064	0.638045485540612	42 fp	-1.6	fp	1
#FF0000	5	0	0	0.638045485540612	0.822970604350525	43 fp	-1.6	fp	1
#FF0000	5	0	0	0.822970604350525	1.0127264501757	44 fp	-1.6	fp	1
#FF0000	5	0	0	1.0127264501757	1.21046541248413	45 fp	-1.6	fp	1
#FF0000	5	0	0	1.21046541248413	1.37891053583511	46 fp	-1.6	fp	1
#FF0000	5	0	0	1.37891053583511	1.54156862562895	47 fp	-1.6	fp	1
#FF0000	5	0	0	1.54156862562895	1.57578190167313	48 fp	-1.6	fp	1
#FF0000	5	0	0	1.57578190167313	1.57987566611961	49 fp	-1.6	fp	1
#FF0000	5	0	0	1.57987566611961	1.58225811468401	50 fp	-1.6	fp	1
#FF0000	5	0	0	1.58225811468401	1.64302098152048	51 fp	-1.6	fp	1
#FF0000	5	0	0	1.64302098152048	1.92288682248449	52 fp	-1.6	fp	1
#FF0000	5	0	0	1.92288682248449	3.08589939806206	53 fp	-1.6	fp	1
#FF0000	5	0	0	3.08589939806206	9.08500842897606	54 fp	-1.6	fp	1
#FF0000	5	6	6	-13.3670578848165	-7.34199737119048	1 fp	-1.4	fp	1
#FF0000	5	6	6	-7.34199737119048	-4.04345598753607	2 fp	-1.4	fp	1
#FF0000	5	3	3	-4.04345598753607	-3.15405687671473	3 fp	-1.4	fp	1
#FF0000	5	2	2	-3.15405687671473	-2.72922035597277	4 fp	-1.4	fp	1
#FF0000	5	2	2	-2.72922035597277	-2.62170980403531	5 fp	-1.4	fp	1
#FF0000	5	2	2	-2.62170980403531	-2.60450907956303	6 fp	-1.4	fp	1
#FF0000	5	2	2	-2.60450907956303	-2.59508053724272	7 fp	-1.4	fp	1
#FF0000	5	2	2	-2.59508053724272	-2.58985635874694	8 fp	-1.4	fp	1
#FF0000	5	2	2	-2.58985635874694	-2.58814741115137	9 fp	-1.4	fp	1
#FF0000	5	1	1	-2.58814741115137	-2.58675174735288	10 fp	-1.4	fp	1
#FF0000	5	1	1	-2.58675174735288	-2.57149816677717	11 fp	-1.4	fp	1
#FF0000	5	1	1	-2.57149816677717	-2.55110196946485	12 fp	-1.4	fp	1
#FF0000	5	1	1	-2.55110196946485	-2.53938963344197	13 fp	-1.4	fp	1
#FF0000	5	1	1	-2.53938963344197	-2.52662158535874	14 fp	-1.4	fp	1
#FF0000	5	1	1	-2.52662158535874	-2.50930827993967	15 fp	-1.4	fp	1
#FF0000	5	1	1	-2.50930827993967	-2.49540807078698	16 fp	-1.4	fp	1
#FF0000	5	1	1	-2.49540807078698	-2.48261262953773	17 fp	-1.4	fp	1
#FF0000	5	1	1	-2.48261262953773	-2.47040257640679	18 fp	-1.4	fp	1
#FF0000	5	1	1	-2.47040257640679	-2.46326103820639	19 fp	-1.4	fp	1
#FF0000	5	1	1	-2.46326103820639	-2.46078307000063	20 fp	-1.4	fp	1
#FF0000	5	1	1	-2.46078307000063	-2.45871709842386	21 fp	-1.4	fp	1
#FF0000	5	1	1	-2.45871709842386	-2.45340475926054	22 fp	-1.4	fp	1
#FF0000	5	1	1	-2.45340475926054	-2.4403220724321	23 fp	-1.4	fp	1
#FF0000	5	1	1	-2.4403220724321	-2.19093202336509	24 fp	-1.4	fp	1
#FF0000	5	1	1	-2.19093202336509	-1.70975562988886	25 fp	-1.4	fp	1
#FF0000	5	1	1	-1.70975562988886	-1.30556678281946	26 fp	-1.4	fp	1
#FF0000	5	1	1	-1.30556678281946	-1.09932481093212	27 fp	-1.4	fp	1
#FF0000	5	1	1	-1.09932481093212	-1.0154227566525	28 fp	-1.4	fp	1
#FF0000	5	1	1	-1.0154227566525	-1.00135576037675	29 fp	-1.4	fp	1
#FF0000	5	1	1	-1.00135576037675	-0.989307006366561	30 fp	-1.4	fp	1
#FF0000	5	0	0	-0.989307006366561	-0.989134036202589	31 fp	-1.4	fp	1
#FF0000	5	0	0	-0.989134036202589	-0.988893231938196	32 fp	-1.4	fp	1
#FF0000	5	0	0	-0.988893231938196	-0.968263504582715	33 fp	-1.4	fp	1
#FF0000	5	0	0	-0.968263504582715	-0.899385467897039	34 fp	-1.4	fp	1
#FF0000	5	0	0	-0.899385467897039	-0.678987521191631	35 fp	-1.4	fp	1
#FF0000	5	0	0	-0.678987521191631	-0.408139872451828	36 fp	-1.4	fp	1
#FF0000	5	0	0	-0.408139872451828	-0.249624174041498	37 fp	-1.4	fp	1
#FF0000	5	0	0	-0.249624174041498	-0.0801910112768258	38 fp	-1.4	fp	1
#FF0000	5	0	0	-0.0801910112768258	0.115329151182443	39 fp	-1.4	fp	1
#FF0000	5	0	0	0.115329151182443	0.298544061873653	40 fp	-1.4	fp	1
#FF0000	5	0	0	0.298544061873653	0.460121155881064	41 fp	-1.4	fp	1
#FF0000	5	0	0	0.460121155881064	0.638045485540612	42 fp	-1.4	fp	1
#FF0000	5	0	0	0.638045485540612	0.822970604350525	43 fp	-1.4	fp	1
#FF0000	5	0	0	0.822970604350525	1.0127264501757	44 fp	-1.4	fp	1
#FF0000	5	0	0	1.0127264501757	1.21046541248413	45 fp	-1.4	fp	1
#FF0000	5	0	0	1.21046541248413	1.37891053583511	46 fp	-1.4	fp	1
#FF0000	5	0	0	1.37891053583511	1.54156862562895	47 fp	-1.4	fp	1
#FF0000	5	0	0	1.54156862562895	1.57578190167313	48 fp	-1.4	fp	1
#FF0000	5	0	0	1.57578190167313	1.57987566611961	49 fp	-1.4	fp	1
#FF0000	5	0	0	1.57987566611961	1.58225811468401	50 fp	-1.4	fp	1
#FF0000	5	0	0	1.58225811468401	1.64302098152048	51 fp	-1.4	fp	1
#FF0000	5	0	0	1.64302098152048	1.92288682248449	52 fp	-1.4	fp	1
#FF0000	5	0	0	1.92288682248449	3.08589939806206	53 fp	-1.4	fp	1
#FF0000	5	0	0	3.08589939806206	9.08500842897606	54 fp	-1.4	fp	1
#FF0000	5	6	6	-13.3670578848165	-7.34199737119048	1 fp	-1.2	fp	1
#FF0000	5	6	6	-7.34199737119048	-4.04345598753607	2 fp	-1.2	fp	1
#FF0000	5	3	3	-4.04345598753607	-3.15405687671473	3 fp	-1.2	fp	1
#FF0000	5	2	2	-3.15405687671473	-2.72922035597277	4 fp	-1.2	fp	1
#FF0000	5	2	2	-2.72922035597277	-2.62170980403531	5 fp	-1.2	fp	1
#FF0000	5	2	2	-2.62170980403531	-2.60450907956303	6 fp	-1.2	fp	1
#FF0000	5	2	2	-2.60450907956303	-2.59508053724272	7 fp	-1.2	fp	1
#FF0000	5	2	2	-2.59508053724272	-2.58985635874694	8 fp	-1.2	fp	1
#FF0000	5	2	2	-2.58985635874694	-2.58814741115137	9 fp	-1.2	fp	1
#FF0000	5	1	1	-2.58814741115137	-2.58675174735288	10 fp	-1.2	fp	1
#FF0000	5	1	1	-2.58675174735288	-2.57149816677717	11 fp	-1.2	fp	1
#FF0000	5	1	1	-2.57149816677717	-2.55110196946485	12 fp	-1.2	fp	1
#FF0000	5	1	1	-2.55110196946485	-2.53938963344197	13 fp	-1.2	fp	1
#FF0000	5	1	1	-2.53938963344197	-2.52662158535874	14 fp	-1.2	fp	1
#FF0000	5	1	1	-2.52662158535874	-2.50930827993967	15 fp	-1.2	fp	1
#FF0000	5	1	1	-2.50930827993967	-2.49540807078698	16 fp	-1.2	fp	1
#FF0000	5	1	1	-2.49540807078698	-2.48261262953773	17 fp	-1.2	fp	1
#FF0000	5	1	1	-2.48261262953773	-2.47040257640679	18 fp	-1.2	fp	1
#FF0000	5	1	1	-2.47040257640679	-2.46326103820639	19 fp	-1.2	fp	1
#FF0000	5	1	1	-2.46326103820639	-2.46078307000063	20 fp	-1.2	fp	1
#FF0000	5	1	1	-2.46078307000063	-2.45871709842386	21 fp	-1.2	fp	1
#FF0000	5	1	1	-2.45871709842386	-2.45340475926054	22 fp	-1.2	fp	1
#FF0000	5	1	1	-2.45340475926054	-2.4403220724321	23 fp	-1.2	fp	1
#FF0000	5	1	1	-2.4403220724321	-2.19093202336509	24 fp	-1.2	fp	1
#FF0000	5	1	1	-2.19093202336509	-1.70975562988886	25 fp	-1.2	fp	1
#FF0000	5	1	1	-1.70975562988886	-1.30556678281946	26 fp	-1.2	fp	1
#FF0000	5	1	1	-1.30556678281946	-1.09932481093212	27 fp	-1.2	fp	1
#FF0000	5	1	1	-1.09932481093212	-1.0154227566525	28 fp	-1.2	fp	1
#FF0000	5	1	1	-1.0154227566525	-1.00135576037675	29 fp	-1.2	fp	1
#FF0000	5	1	1	-1.00135576037675	-0.989307006366561	30 fp	-1.2	fp	1
#FF0000	5	0	0	-0.989307006366561	-0.989134036202589	31 fp	-1.2	fp	1
#FF0000	5	0	0	-0.989134036202589	-0.988893231938196	32 fp	-1.2	fp	1
#FF0000	5	0	0	-0.988893231938196	-0.968263504582715	33 fp	-1.2	fp	1
#FF0000	5	0	0	-0.968263504582715	-0.899385467897039	34 fp	-1.2	fp	1
#FF0000	5	0	0	-0.899385467897039	-0.678987521191631	35 fp	-1.2	fp	1
#FF0000	5	0	0	-0.678987521191631	-0.408139872451828	36 fp	-1.2	fp	1
#FF0000	5	0	0	-0.408139872451828	-0.249624174041498	37 fp	-1.2	fp	1
#FF0000	5	0	0	-0.249624174041498	-0.0801910112768258	38 fp	-1.2	fp	1
#FF0000	5	0	0	-0.0801910112768258	0.115329151182443	39 fp	-1.2	fp	1
#FF0000	5	0	0	0.115329151182443	0.298544061873653	40 fp	-1.2	fp	1
#FF0000	5	0	0	0.298544061873653	0.460121155881064	41 fp	-1.2	fp	1
#FF0000	5	0	0	0.460121155881064	0.638045485540612	42 fp	-1.2	fp	1
#FF0000	5	0	0	0.638045485540612	0.822970604350525	43 fp	-1.2	fp	1
#FF0000	5	0	0	0.822970604350525	1.0127264501757	44 fp	-1.2	fp	1
#FF0000	5	0	0	1.0127264501757	1.21046541248413	45 fp	-1.2	fp	1
#FF0000	5	0	0	1.21046541248413	1.37891053583511	46 fp	-1.2	fp	1
#FF0000	5	0	0	1.37891053583511	1.54156862562895	47 fp	-1.2	fp	1
#FF0000	5	0	0	1.54156862562895	1.57578190167313	48 fp	-1.2	fp	1
#FF0000	5	0	0	1.57578190167313	1.57987566611961	49 fp	-1.2	fp	1
#FF0000	5	0	0	1.57987566611961	1.58225811468401	50 fp	-1.2	fp	1
#FF0000	5	0	0	1.58225811468401	1.64302098152048	51 fp	-1.2	fp	1
#FF0000	5	0	0	1.64302098152048	1.92288682248449	52 fp	-1.2	fp	1
#FF0000	5	0	0	1.92288682248449	3.08589939806206	53 fp	-1.2	fp	1
#FF0000	5	0	0	3.08589939806206	9.08500842897606	54 fp	-1.2	fp	1
#FF0000	5	6	6	-13.3670578848165	-7.34199737119048	1 fp	-1	fp	1
#FF0000	5	6	6	-7.34199737119048	-4.04345598753607	2 fp	-1	fp	1
#FF0000	5	3	3	-4.04345598753607	-3.15405687671473	3 fp	-1	fp	1
#FF0000	5	2	2	-3.15405687671473	-2.72922035597277	4 fp	-1	fp	1
#FF0000	5	2	2	-2.72922035597277	-2.62170980403531	5 fp	-1	fp	1
#FF0000	5	2	2	-2.62170980403531	-2.60450907956303	6 fp	-1	fp	1
#FF0000	5	2	2	-2.60450907956303	-2.59508053724272	7 fp	-1	fp	1
#FF0000	5	2	2	-2.59508053724272	-2.58985635874694	8 fp	-1	fp	1
#FF0000	5	2	2	-2.58985635874694	-2.58814741115137	9 fp	-1	fp	1
#FF0000	5	1	1	-2.58814741115137	-2.58675174735288	10 fp	-1	fp	1
#FF0000	5	1	1	-2.58675174735288	-2.57149816677717	11 fp	-1	fp	1
#FF0000	5	1	1	-2.57149816677717	-2.55110196946485	12 fp	-1	fp	1
#FF0000	5	1	1	-2.55110196946485	-2.53938963344197	13 fp	-1	fp	1
#FF0000	5	1	1	-2.53938963344197	-2.52662158535874	14 fp	-1	fp	1
#FF0000	5	1	1	-2.52662158535874	-2.50930827993967	15 fp	-1	fp	1
#FF0000	5	1	1	-2.50930827993967	-2.49540807078698	16 fp	-1	fp	1
#FF0000	5	1	1	-2.49540807078698	-2.48261262953773	17 fp	-1	fp	1
#FF0000	5	1	1	-2.48261262953773	-2.47040257640679	18 fp	-1	fp	1
#FF0000	5	1	1	-2.47040257640679	-2.46326103820639	19 fp	-1	fp	1
#FF0000	5	1	1	-2.46326103820639	-2.46078307000063	20 fp	-1	fp	1
#FF0000	5	1	1	-2.46078307000063	-2.45871709842386	21 fp	-1	fp	1
#FF0000	5	1	1	-2.45871709842386	-2.45340475926054	22 fp	-1	fp	1
#FF0000	5	1	1	-2.45340475926054	-2.4403220724321	23 fp	-1	fp	1
#FF0000	5	1	1	-2.4403220724321	-2.19093202336509	24 fp	-1	fp	1
#FF0000	5	1	1	-2.19093202336509	-1.70975562988886	25 fp	-1	fp	1
#FF0000	5	1	1	-1.70975562988886	-1.30556678281946	26 fp	-1	fp	1
#FF0000	5	1	1	-1.30556678281946	-1.09932481093212	27 fp	-1	fp	1
#FF0000	5	1	1	-1.09932481093212	-1.0154227566525	28 fp	-1	fp	1
#FF0000	5	1	1	-1.0154227566525	-1.00135576037675	29 fp	-1	fp	1
#FF0000	5	1	1	-1.00135576037675	-0.989307006366561	30 fp	-1	fp	1
#FF0000	5	0	0	-0.989307006366561	-0.989134036202589	31 fp	-1	fp	1
#FF0000	5	0	0	-0.989134036202589	-0.988893231938196	32 fp	-1	fp	1
#FF0000	5	0	0	-0.988893231938196	-0.968263504582715	33 fp	-1	fp	1
#FF0000	5	0	0	-0.968263504582715	-0.899385467897039	34 fp	-1	fp	1
#FF0000	5	0	0	-0.899385467897039	-0.678987521191631	35 fp	-1	fp	1
#FF0000	5	0	0	-0.678987521191631	-0.408139872451828	36 fp	-1	fp	1
#FF0000	5	0	0	-0.408139872451828	-0.249624174041498	37 fp	-1	fp	1
#FF0000	5	0	0	-0.249624174041498	-0.0801910112768258	38 fp	-1	fp	1
#FF0000	5	0	0	-0.0801910112768258	0.115329151182443	39 fp	-1	fp	1
#FF0000	5	0	0	0.115329151182443	0.298544061873653	40 fp	-1	fp	1
#FF0000	5	0	0	0.298544061873653	0.460121155881064	41 fp	-1	fp	1
#FF0000	5	0	0	0.460121155881064	0.638045485540612	42 fp	-1	fp	1
#FF0000	5	0	0	0.638045485540612	0.822970604350525	43 fp	-1	fp	1
#FF0000	5	0	0	0.822970604350525	1.0127264501757	44 fp	-1	fp	1
#FF0000	5	0	0	1.0127264501757	1.21046541248413	45 fp	-1	fp	1
#FF0000	5	0	0	1.21046541248413	1.37891053583511	46 fp	-1	fp	1
#FF0000	5	0	0	1.37891053583511	1.54156862562895	47 fp	-1	fp	1
#FF0000	5	0	0	1.54156862562895	1.57578190167313	48 fp	-1	fp	1
#FF0000	5	0	0	1.57578190167313	1.57987566611961	49 fp	-1	fp	1
#FF0000	5	0	0	1.57987566611961	1.58225811468401	50 fp	-1	fp	1
#FF0000	5	0	0	1.58225811468401	1.64302098152048	51 fp	-1	fp	1
#FF0000	5	0	0	1.64302098152048	1.92288682248449	52 fp	-1	fp	1
#FF0000	5	0	0	1.92288682248449	3.08589939806206	53 fp	-1	fp	1
#FF0000	5	0	0	3.08589939806206	9.08500842897606	54 fp	-1	fp	1
#FF0000	5	6	6	-13.3670578848165	-7.34199737119048	1 fp	-0.8	fp	1
#FF0000	5	6	6	-7.34199737119048	-4.04345598753607	2 fp	-0.8	fp	1
#FF0000	5	3	3	-4.04345598753607	-3.15405687671473	3 fp	-0.8	fp	1
#FF0000	5	2	2	-3.15405687671473	-2.72922035597277	4 fp	-0.8	fp	1
#FF0000	5	2	2	-2.72922035597277	-2.62170980403531	5 fp	-0.8	fp	1
#FF0000	5	2	2	-2.62170980403531	-2.60450907956303	6 fp	-0.8	fp	1
#FF0000	5	2	2	-2.60450907956303	-2.59508053724272	7 fp	-0.8	fp	1
#FF0000	5	2	2	-2.59508053724272	-2.58985635874694	8 fp	-0.8	fp	1
#FF0000	5	2	2	-2.58985635874694	-2.58814741115137	9 fp	-0.8	fp	1
#FF0000	5	1	1	-2.58814741115137	-2.58675174735288	10 fp	-0.8	fp	1
#FF0000	5	1	1	-2.58675174735288	-2.57149816677717	11 fp	-0.8	fp	1
#FF0000	5	1	1	-2.57149816677717	-2.55110196946485	12 fp	-0.8	fp	1
#FF0000	5	1	1	-2.55110196946485	-2.53938963344197	13 fp	-0.8	fp	1
#FF0000	5	1	1	-2.53938963344197	-2.52662158535874	14 fp	-0.8	fp	1
#FF0000	5	1	1	-2.52662158535874	-2.50930827993967	15 fp	-0.8	fp	1
#FF0000	5	1	1	-2.50930827993967	-2.49540807078698	16 fp	-0.8	fp	1
#FF0000	5	1	1	-2.49540807078698	-2.48261262953773	17 fp	-0.8	fp	1
#FF0000	5	1	1	-2.48261262953773	-2.47040257640679	18 fp	-0.8	fp	1
#FF0000	5	1	1	-2.47040257640679	-2.46326103820639	19 fp	-0.8	fp	1
#FF0000	5	1	1	-2.46326103820639	-2.46078307000063	20 fp	-0.8	fp	1
#FF0000	5	1	1	-2.46078307000063	-2.45871709842386	21 fp	-0.8	fp	1
#FF0000	5	1	1	-2.45871709842386	-2.45340475926054	22 fp	-0.8	fp	1
#FF0000	5	1	1	-2.45340475926054	-2.4403220724321	23 fp	-0.8	fp	1
#FF0000	5	1	1	-2.4403220724321	-2.19093202336509	24 fp	-0.8	fp	1
#FF0000	5	1	1	-2.19093202336509	-1.70975562988886	25 fp	-0.8	fp	1
#FF0000	5	1	1	-1.70975562988886	-1.30556678281946	26 fp	-0.8	fp	1
#FF0000	5	1	1	-1.30556678281946	-1.09932481093212	27 fp	-0.8	fp	1
#FF0000	5	1	1	-1.09932481093212	-1.0154227566525	28 fp	-0.8	fp	1
#FF0000	5	1	1	-1.0154227566525	-1.00135576037675	29 fp	-0.8	fp	1
#FF0000	5	1	1	-1.00135576037675	-0.989307006366561	30 fp	-0.8	fp	1
#FF0000	5	0	0	-0.989307006366561	-0.989134036202589	31 fp	-0.8	fp	1
#FF0000	5	0	0	-0.989134036202589	-0.988893231938196	32 fp	-0.8	fp	1
#FF0000	5	0	0	-0.988893231938196	-0.968263504582715	33 fp	-0.8	fp	1
#FF0000	5	0	0	-0.968263504582715	-0.899385467897039	34 fp	-0.8	fp	1
#FF0000	5	0	0	-0.899385467897039	-0.678987521191631	35 fp	-0.8	fp	1
#FF0000	5	0	0	-0.678987521191631	-0.408139872451828	36 fp	-0.8	fp	1
#FF0000	5	0	0	-0.408139872451828	-0.249624174041498	37 fp	-0.8	fp	1
#FF0000	5	0	0	-0.249624174041498	-0.0801910112768258	38 fp	-0.8	fp	1
#FF0000	5	0	0	-0.0801910112768258	0.115329151182443	39 fp	-0.8	fp	1
#FF0000	5	0	0	0.115329151182443	0.298544061873653	40 fp	-0.8	fp	1
#FF0000	5	0	0	0.298544061873653	0.460121155881064	41 fp	-0.8	fp	1
#FF0000	5	0	0	0.460121155881064	0.638045485540612	42 fp	-0.8	fp	1
#FF0000	5	0	0	0.638045485540612	0.822970604350525	43 fp	-0.8	fp	1
#FF0000	5	0	0	0.822970604350525	1.0127264501757	44 fp	-0.8	fp	1
#FF0000	5	0	0	1.0127264501757	1.21046541248413	45 fp	-0.8	fp	1
#FF0000	5	0	0	1.21046541248413	1.37891053583511	46 fp	-0.8	fp	1
#FF0000	5	0	0	1.37891053583511	1.54156862562895	47 fp	-0.8	fp	1
#FF0000	5	0	0	1.54156862562895	1.57578190167313	48 fp	-0.8	fp	1
#FF0000	5	0	0	1.57578190167313	1.57987566611961	49 fp	-0.8	fp	1
#FF0000	5	0	0	1.57987566611961	1.58225811468401	50 fp	-0.8	fp	1
#FF0000	5	0	0	1.58225811468401	1.64302098152048	51 fp	-0.8	fp	1
#FF0000	5	0	0	1.64302098152048	1.92288682248449	52 fp	-0.8	fp	1
#FF0000	5	0	0	1.92288682248449	3.08589939806206	53 fp	-0.8	fp	1
#FF0000	5	0	0	3.08589939806206	9.08500842897606	54 fp	-0.8	fp	1
#FF0000	5	6	6	-13.3670578848165	-7.34199737119048	1 fp	-0.6	fp	1
#FF0000	5	6	6	-7.34199737119048	-4.04345598753607	2 fp	-0.6	fp	1
#FF0000	5	3	3	-4.04345598753607	-3.15405687671473	3 fp	-0.6	fp	1
#FF0000	5	2	2	-3.15405687671473	-2.72922035597277	4 fp	-0.6	fp	1
#FF0000	5	2	2	-2.72922035597277	-2.62170980403531	5 fp	-0.6	fp	1
#FF0000	5	2	2	-2.62170980403531	-2.60450907956303	6 fp	-0.6	fp	1
#FF0000	5	2	2	-2.60450907956303	-2.59508053724272	7 fp	-0.6	fp	1
#FF0000	5	2	2	-2.59508053724272	-2.58985635874694	8 fp	-0.6	fp	1
#FF0000	5	2	2	-2.58985635874694	-2.58814741115137	9 fp	-0.6	fp	1
#FF0000	5	1	1	-2.58814741115137	-2.58675174735288	10 fp	-0.6	fp	1
#FF0000	5	1	1	-2.58675174735288	-2.57149816677717	11 fp	-0.6	fp	1
#FF0000	5	1	1	-2.57149816677717	-2.55110196946485	12 fp	-0.6	fp	1
#FF0000	5	1	1	-2.55110196946485	-2.53938963344197	13 fp	-0.6	fp	1
#FF0000	5	1	1	-2.53938963344197	-2.52662158535874	14 fp	-0.6	fp	1
#FF0000	5	1	1	-2.52662158535874	-2.50930827993967	15 fp	-0.6	fp	1
#FF0000	5	1	1	-2.50930827993967	-2.49540807078698	16 fp	-0.6	fp	1
#FF0000	5	1	1	-2.49540807078698	-2.48261262953773	17 fp	-0.6	fp	1
#FF0000	5	1	1	-2.48261262953773	-2.47040257640679	18 fp	-0.6	fp	1
#FF0000	5	1	1	-2.47040257640679	-2.46326103820639	19 fp	-0.6	fp	1
#FF0000	5	1	1	-2.46326103820639	-2.46078307000063	20 fp	-0.6	fp	1
#FF0000	5	1	1	-2.46078307000063	-2.45871709842386	21 fp	-0.6	fp	1
#FF0000	5	1	1	-2.45871709842386	-2.45340475926054	22 fp	-0.6	fp	1
#FF0000	5	1	1	-2.45340475926054	-2.4403220724321	23 fp	-0.6	fp	1
#FF0000	5	1	1	-2.4403220724321	-2.19093202336509	24 fp	-0.6	fp	1
#FF0000	5	1	1	-2.19093202336509	-1.70975562988886	25 fp	-0.6	fp	1
#FF0000	5	1	1	-1.70975562988886	-1.30556678281946	26 fp	-0.6	fp	1
#FF0000	5	1	1	-1.30556678281946	-1.09932481093212	27 fp	-0.6	fp	1
#FF0000	5	1	1	-1.09932481093212	-1.0154227566525	28 fp	-0.6	fp	1
#FF0000	5	1	1	-1.0154227566525	-1.00135576037675	29 fp	-0.6	fp	1
#FF0000	5	1	1	-1.00135576037675	-0.989307006366561	30 fp	-0.6	fp	1
#FF0000	5	0	0	-0.989307006366561	-0.989134036202589	31 fp	-0.6	fp	1
#FF0000	5	0	0	-0.989134036202589	-0.988893231938196	32 fp	-0.6	fp	1
#FF0000	5	0	0	-0.988893231938196	-0.968263504582715	33 fp	-0.6	fp	1
#FF0000	5	0	0	-0.968263504582715	-0.899385467897039	34 fp	-0.6	fp	1
#FF0000	5	0	0	-0.899385467897039	-0.678987521191631	35 fp	-0.6	fp	1
#FF0000	5	0	0	-0.678987521191631	-0.408139872451828	36 fp	-0.6	fp	1
#FF0000	5	0	0	-0.408139872451828	-0.249624174041498	37 fp	-0.6	fp	1
#FF0000	5	0	0	-0.249624174041498	-0.0801910112768258	38 fp	-0.6	fp	1
#FF0000	5	0	0	-0.0801910112768258	0.115329151182443	39 fp	-0.6	fp	1
#FF0000	5	0	0	0.115329151182443	0.298544061873653	40 fp	-0.6	fp	1
#FF0000	5	0	0	0.298544061873653	0.460121155881064	41 fp	-0.6	fp	1
#FF0000	5	0	0	0.460121155881064	0.638045485540612	42 fp	-0.6	fp	1
#FF0000	5	0	0	0.638045485540612	0.822970604350525	43 fp	-0.6	fp	1
#FF0000	5	0	0	0.822970604350525	1.0127264501757	44 fp	-0.6	fp	1
#FF0000	5	0	0	1.0127264501757	1.21046541248413	45 fp	-0.6	fp	1
#FF0000	5	0	0	1.21046541248413	1.37891053583511	46 fp	-0.6	fp	1
#FF0000	5	0	0	1.37891053583511	1.54156862562895	47 fp	-0.6	fp	1
#FF0000	5	0	0	1.54156862562895	1.57578190167313	48 fp	-0.6	fp	1
#FF0000	5	0	0	1.57578190167313	1.57987566611961	49 fp	-0.6	fp	1
#FF0000	5	0	0	1.57987566611961	1.58225811468401	50 fp	-0.6	fp	1
#FF0000	5	0	0	1.58225811468401	1.64302098152048	51 fp	-0.6	fp	1
#FF0000	5	0	0	1.64302098152048	1.92288682248449	52 fp	-0.6	fp	1
#FF0000	5	0	0	1.92288682248449	3.08589939806206	53 fp	-0.6	fp	1
#FF0000	5	0	0	3.08589939806206	9.08500842897606	54 fp	-0.6	fp	1
#FF0000	5	6	6	-13.3670578848165	-7.34199737119048	1 fp	-0.399999999999999	fp	1
#FF0000	5	6	6	-7.34199737119048	-4.04345598753607	2 fp	-0.399999999999999	fp	1
#FF0000	5	3	3	-4.04345598753607	-3.15405687671473	3 fp	-0.399999999999999	fp	1
#FF0000	5	2	2	-3.15405687671473	-2.72922035597277	4 fp	-0.399999999999999	fp	1
#FF0000	5	2	2	-2.72922035597277	-2.62170980403531	5 fp	-0.399999999999999	fp	1
#FF0000	5	2	2	-2.62170980403531	-2.60450907956303	6 fp	-0.399999999999999	fp	1
#FF0000	5	2	2	-2.60450907956303	-2.59508053724272	7 fp	-0.399999999999999	fp	1
#FF0000	5	2	2	-2.59508053724272	-2.58985635874694	8 fp	-0.399999999999999	fp	1
#FF0000	5	2	2	-2.58985635874694	-2.58814741115137	9 fp	-0.399999999999999	fp	1
#FF0000	5	1	1	-2.58814741115137	-2.58675174735288	10 fp	-0.399999999999999	fp	1
#FF0000	5	1	1	-2.58675174735288	-2.57149816677717	11 fp	-0.399999999999999	fp	1
#FF0000	5	1	1	-2.57149816677717	-2.55110196946485	12 fp	-0.399999999999999	fp	1
#FF0000	5	1	1	-2.55110196946485	-2.53938963344197	13 fp	-0.399999999999999	fp	1
#FF0000	5	1	1	-2.53938963344197	-2.52662158535874	14 fp	-0.399999999999999	fp	1
#FF0000	5	1	1	-2.52662158535874	-2.50930827993967	15 fp	-0.399999999999999	fp	1
#FF0000	5	1	1	-2.50930827993967	-2.49540807078698	16 fp	-0.399999999999999	fp	1
#FF0000	5	1	1	-2.49540807078698	-2.48261262953773	17 fp	-0.399999999999999	fp	1
#FF0000	5	1	1	-2.48261262953773	-2.47040257640679	18 fp	-0.399999999999999	fp	1
#FF0000	5	1	1	-2.47040257640679	-2.46326103820639	19 fp	-0.399999999999999	fp	1
#FF0000	5	1	1	-2.46326103820639	-2.46078307000063	20 fp	-0.399999999999999	fp	1
#FF0000	5	1	1	-2.46078307000063	-2.45871709842386	21 fp	-0.399999999999999	fp	1
#FF0000	5	1	1	-2.45871709842386	-2.45340475926054	22 fp	-0.399999999999999	fp	1
#FF0000	5	1	1	-2.45340475926054	-2.4403220724321	23 fp	-0.399999999999999	fp	1
#FF0000	5	1	1	-2.4403220724321	-2.19093202336509	24 fp	-0.399999999999999	fp	1
#FF0000	5	1	1	-2.19093202336509	-1.70975562988886	25 fp	-0.399999999999999	fp	1
#FF0000	5	1	1	-1.70975562988886	-1.30556678281946	26 fp	-0.399999999999999	fp	1
#FF0000	5	1	1	-1.30556678281946	-1.09932481093212	27 fp	-0.399999999999999	fp	1
#FF0000	5	1	1	-1.09932481093212	-1.0154227566525	28 fp	-0.399999999999999	fp	1
#FF0000	5	1	1	-1.0154227566525	-1.00135576037675	29 fp	-0.399999999999999	fp	1
#FF0000	5	1	1	-1.00135576037675	-0.989307006366561	30 fp	-0.399999999999999	fp	1
#FF0000	5	0	0	-0.989307006366561	-0.989134036202589	31 fp	-0.399999999999999	fp	1
#FF0000	5	0	0	-0.989134036202589	-0.988893231938196	32 fp	-0.399999999999999	fp	1
#FF0000	5	0	0	-0.988893231938196	-0.968263504582715	33 fp	-0.399999999999999	fp	1
#FF0000	5	0	0	-0.968263504582715	-0.899385467897039	34 fp	-0.399999999999999	fp	1
#FF0000	5	0	0	-0.899385467897039	-0.678987521191631	35 fp	-0.399999999999999	fp	1
#FF0000	5	0	0	-0.678987521191631	-0.408139872451828	36 fp	-0.399999999999999	fp	1
#FF0000	5	0	0	-0.408139872451828	-0.249624174041498	37 fp	-0.399999999999999	fp	1
#FF0000	5	0	0	-0.249624174041498	-0.0801910112768258	38 fp	-0.399999999999999	fp	1
#FF0000	5	0	0	-0.0801910112768258	0.115329151182443	39 fp	-0.399999999999999	fp	1
#FF0000	5	0	0	0.115329151182443	0.298544061873653	40 fp	-0.399999999999999	fp	1
#FF0000	5	0	0	0.298544061873653	0.460121155881064	41 fp	-0.399999999999999	fp	1
#FF0000	5	0	0	0.460121155881064	0.638045485540612	42 fp	-0.399999999999999	fp	1
#FF0000	5	0	0	0.638045485540612	0.822970604350525	43 fp	-0.399999999999999	fp	1
#FF0000	5	0	0	0.822970604350525	1.0127264501757	44 fp	-0.399999999999999	fp	1
#FF0000	5	0	0	1.0127264501757	1.21046541248413	45 fp	-0.399999999999999	fp	1
#FF0000	5	0	0	1.21046541248413	1.37891053583511	46 fp	-0.399999999999999	fp	1
#FF0000	5	0	0	1.37891053583511	1.54156862562895	47 fp	-0.399999999999999	fp	1
#FF0000	5	0	0	1.54156862562895	1.57578190167313	48 fp	-0.399999999999999	fp	1
#FF0000	5	0	0	1.57578190167313	1.57987566611961	49 fp	-0.399999999999999	fp	1
#FF0000	5	0	0	1.57987566611961	1.58225811468401	50 fp	-0.399999999999999	fp	1
#FF0000	5	0	0	1.58225811468401	1.64302098152048	51 fp	-0.399999999999999	fp	1
#FF0000	5	0	0	1.64302098152048	1.92288682248449	52 fp	-0.399999999999999	fp	1
#FF0000	5	0	0	1.92288682248449	3.08589939806206	53 fp	-0.399999999999999	fp	1
#FF0000	5	0	0	3.08589939806206	9.08500842897606	54 fp	-0.399999999999999	fp	1
#FF0000	5	6	6	-13.3670578848165	-7.34199737119048	1 fp	-0.199999999999999	fp	1
#FF0000	5	6	6	-7.34199737119048	-4.04345598753607	2 fp	-0.199999999999999	fp	1
#FF0000	5	3	3	-4.04345598753607	-3.15405687671473	3 fp	-0.199999999999999	fp	1
#FF0000	5	2	2	-3.15405687671473	-2.72922035597277	4 fp	-0.199999999999999	fp	1
#FF0000	5	2	2	-2.72922035597277	-2.62170980403531	5 fp	-0.199999999999999	fp	1
#FF0000	5	2	2	-2.62170980403531	-2.60450907956303	6 fp	-0.199999999999999	fp	1
#FF0000	5	2	2	-2.60450907956303	-2.59508053724272	7 fp	-0.199999999999999	fp	1
#FF0000	5	2	2	-2.59508053724272	-2.58985635874694	8 fp	-0.199999999999999	fp	1
#FF0000	5	2	2	-2.58985635874694	-2.58814741115137	9 fp	-0.199999999999999	fp	1
#FF0000	5	1	1	-2.58814741115137	-2.58675174735288	10 fp	-0.199999999999999	fp	1
#FF0000	5	1	1	-2.58675174735288	-2.57149816677717	11 fp	-0.199999999999999	fp	1
#FF0000	5	1	1	-2.57149816677717	-2.55110196946485	12 fp	-0.199999999999999	fp	1
#FF0000	5	1	1	-2.55110196946485	-2.53938963344197	13 fp	-0.199999999999999	fp	1
#FF0000	5	1	1	-2.53938963344197	-2.52662158535874	14 fp	-0.199999999999999	fp	1
#FF0000	5	1	1	-2.52662158535874	-2.50930827993967	15 fp	-0.199999999999999	fp	1
#FF0000	5	1	1	-2.50930827993967	-2.49540807078698	16 fp	-0.199999999999999	fp	1
#FF0000	5	1	1	-2.49540807078698	-2.48261262953773	17 fp	-0.199999999999999	fp	1
#FF0000	5	1	1	-2.48261262953773	-2.47040257640679	18 fp	-0.199999999999999	fp	1
#FF0000	5	1	1	-2.47040257640679	-2.46326103820639	19 fp	-0.199999999999999	fp	1
#FF0000	5	1	1	-2.46326103820639	-2.46078307000063	20 fp	-0.199999999999999	fp	1
#FF0000	5	1	1	-2.46078307000063	-2.45871709842386	21 fp	-0.199999999999999	fp	1
#FF0000	5	1	1	-2.45871709842386	-2.45340475926054	22 fp	-0.199999999999999	fp	1
#FF0000	5	1	1	-2.45340475926054	-2.4403220724321	23 fp	-0.199999999999999	fp	1
#FF0000	5	1	1	-2.4403220724321	-2.19093202336509	24 fp	-0.199999999999999	fp	1
#FF0000	5	1	1	-2.19093202336509	-1.70975562988886	25 fp	-0.199999999999999	fp	1
#FF0000	5	1	1	-1.70975562988886	-1.30556678281946	26 fp	-0.199999999999999	fp	1
#FF0000	5	1	1	-1.30556678281946	-1.09932481093212	27 fp	-0.199999999999999	fp	1
#FF0000	5	1	1	-1.09932481093212	-1.0154227566525	28 fp	-0.199999999999999	fp	1
#FF0000	5	1	1	-1.0154227566525	-1.00135576037675	29 fp	-0.199999999999999	fp	1
#FF0000	5	1	1	-1.00135576037675	-0.989307006366561	30 fp	-0.199999999999999	fp	1
#FF0000	5	0	0	-0.989307006366561	-0.989134036202589	31 fp	-0.199999999999999	fp	1
#FF0000	5	0	0	-0.989134036202589	-0.988893231938196	32 fp	-0.199999999999999	fp	1
#FF0000	5	0	0	-0.988893231938196	-0.968263504582715	33 fp	-0.199999999999999	fp	1
#FF0000	5	0	0	-0.968263504582715	-0.899385467897039	34 fp	-0.199999999999999	fp	1
#FF0000	5	0	0	-0.899385467897039	-0.678987521191631	35 fp	-0.199999999999999	fp	1
#FF0000	5	0	0	-0.678987521191631	-0.408139872451828	36 fp	-0.199999999999999	fp	1
#FF0000	5	0	0	-0.408139872451828	-0.249624174041498	37 fp	-0.199999999999999	fp	1
#FF0000	5	0	0	-0.249624174041498	-0.0801910112768258	38 fp	-0.199999999999999	fp	1
#FF0000	5	0	0	-0.0801910112768258	0.115329151182443	39 fp	-0.199999999999999	fp	1
#FF0000	5	0	0	0.115329151182443	0.298544061873653	40 fp	-0.199999999999999	fp	1
#FF0000	5	0	0	0.298544061873653	0.460121155881064	41 fp	-0.199999999999999	fp	1
#FF0000	5	0	0	0.460121155881064	0.638045485540612	42 fp	-0.199999999999999	fp	1
#FF0000	5	0	0	0.638045485540612	0.822970604350525	43 fp	-0.199999999999999	fp	1
#FF0000	5	0	0	0.822970604350525	1.0127264501757	44 fp	-0.199999999999999	fp	1
#FF0000	5	0	0	1.0127264501757	1.21046541248413	45 fp	-0.199999999999999	fp	1
#FF0000	5	0	0	1.21046541248413	1.37891053583511	46 fp	-0.199999999999999	fp	1
#FF0000	5	0	0	1.37891053583511	1.54156862562895	47 fp	-0.199999999999999	fp	1
#FF0000	5	0	0	1.54156862562895	1.57578190167313	48 fp	-0.199999999999999	fp	1
#FF0000	5	0	0	1.57578190167313	1.57987566611961	49 fp	-0.199999999999999	fp	1
#FF0000	5	0	0	1.57987566611961	1.58225811468401	50 fp	-0.199999999999999	fp	1
#FF0000	5	0	0	1.58225811468401	1.64302098152048	51 fp	-0.199999999999999	fp	1
#FF0000	5	0	0	1.64302098152048	1.92288682248449	52 fp	-0.199999999999999	fp	1
#FF0000	5	0	0	1.92288682248449	3.08589939806206	53 fp	-0.199999999999999	fp	1
#FF0000	5	0	0	3.08589939806206	9.08500842897606	54 fp	-0.199999999999999	fp	1
#FF0000	5	6	6	-13.3670578848165	-7.34199737119048	1 fp	0	fp	1
#FF0000	5	6	6	-7.34199737119048	-4.04345598753607	2 fp	0	fp	1
#FF0000	5	3	3	-4.04345598753607	-3.15405687671473	3 fp	0	fp	1
#FF0000	5	2	2	-3.15405687671473	-2.72922035597277	4 fp	0	fp	1
#FF0000	5	2	2	-2.72922035597277	-2.62170980403531	5 fp	0	fp	1
#FF0000	5	2	2	-2.62170980403531	-2.60450907956303	6 fp	0	fp	1
#FF0000	5	2	2	-2.60450907956303	-2.59508053724272	7 fp	0	fp	1
#FF0000	5	2	2	-2.59508053724272	-2.58985635874694	8 fp	0	fp	1
#FF0000	5	2	2	-2.58985635874694	-2.58814741115137	9 fp	0	fp	1
#FF0000	5	1	1	-2.58814741115137	-2.58675174735288	10 fp	0	fp	1
#FF0000	5	1	1	-2.58675174735288	-2.57149816677717	11 fp	0	fp	1
#FF0000	5	1	1	-2.57149816677717	-2.55110196946485	12 fp	0	fp	1
#FF0000	5	1	1	-2.55110196946485	-2.53938963344197	13 fp	0	fp	1
#FF0000	5	1	1	-2.53938963344197	-2.52662158535874	14 fp	0	fp	1
#FF0000	5	1	1	-2.52662158535874	-2.50930827993967	15 fp	0	fp	1
#FF0000	5	1	1	-2.50930827993967	-2.49540807078698	16 fp	0	fp	1
#FF0000	5	1	1	-2.49540807078698	-2.48261262953773	17 fp	0	fp	1
#FF0000	5	1	1	-2.48261262953773	-2.47040257640679	18 fp	0	fp	1
#FF0000	5	1	1	-2.47040257640679	-2.46326103820639	19 fp	0	fp	1
#FF0000	5	1	1	-2.46326103820639	-2.46078307000063	20 fp	0	fp	1
#FF0000	5	1	1	-2.46078307000063	-2.45871709842386	21 fp	0	fp	1
#FF0000	5	1	1	-2.45871709842386	-2.45340475926054	22 fp	0	fp	1
#FF0000	5	1	1	-2.45340475926054	-2.4403220724321	23 fp	0	fp	1
#FF0000	5	1	1	-2.4403220724321	-2.19093202336509	24 fp	0	fp	1
#FF0000	5	1	1	-2.19093202336509	-1.70975562988886	25 fp	0	fp	1
#FF0000	5	1	1	-1.70975562988886	-1.30556678281946	26 fp	0	fp	1
#FF0000	5	1	1	-1.30556678281946	-1.09932481093212	27 fp	0	fp	1
#FF0000	5	1	1	-1.09932481093212	-1.0154227566525	28 fp	0	fp	1
#FF0000	5	1	1	-1.0154227566525	-1.00135576037675	29 fp	0	fp	1
#FF0000	5	1	1	-1.00135576037675	-0.989307006366561	30 fp	0	fp	1
#FF0000	5	0	0	-0.989307006366561	-0.989134036202589	31 fp	0	fp	1
#FF0000	5	0	0	-0.989134036202589	-0.988893231938196	32 fp	0	fp	1
#FF0000	5	0	0	-0.988893231938196	-0.968263504582715	33 fp	0	fp	1
#FF0000	5	0	0	-0.968263504582715	-0.899385467897039	34 fp	0	fp	1
#FF0000	5	0	0	-0.899385467897039	-0.678987521191631	35 fp	0	fp	1
#FF0000	5	0	0	-0.678987521191631	-0.408139872451828	36 fp	0	fp	1
#FF0000	5	0	0	-0.408139872451828	-0.249624174041498	37 fp	0	fp	1
#FF0000	5	0	0	-0.249624174041498	-0.0801910112768258	38 fp	0	fp	1
#FF0000	5	0	0	-0.0801910112768258	0.115329151182443	39 fp	0	fp	1
#FF0000	5	0	0	0.115329151182443	0.298544061873653	40 fp	0	fp	1
#FF0000	5	0	0	0.298544061873653	0.460121155881064	41 fp	0	fp	1
#FF0000	5	0	0	0.460121155881064	0.638045485540612	42 fp	0	fp	1
#FF0000	5	0	0	0.638045485540612	0.822970604350525	43 fp	0	fp	1
#FF0000	5	0	0	0.822970604350525	1.0127264501757	44 fp	0	fp	1
#FF0000	5	0	0	1.0127264501757	1.21046541248413	45 fp	0	fp	1
#FF0000	5	0	0	1.21046541248413	1.37891053583511	46 fp	0	fp	1
#FF0000	5	0	0	1.37891053583511	1.54156862562895	47 fp	0	fp	1
#FF0000	5	0	0	1.54156862562895	1.57578190167313	48 fp	0	fp	1
#FF0000	5	0	0	1.57578190167313	1.57987566611961	49 fp	0	fp	1
#FF0000	5	0	0	1.57987566611961	1.58225811468401	50 fp	0	fp	1
#FF0000	5	0	0	1.58225811468401	1.64302098152048	51 fp	0	fp	1
#FF0000	5	0	0	1.64302098152048	1.92288682248449	52 fp	0	fp	1
#FF0000	5	0	0	1.92288682248449	3.08589939806206	53 fp	0	fp	1
#FF0000	5	0	0	3.08589939806206	9.08500842897606	54 fp	0	fp	1
#FF0000	5	6	6	-13.3670578848165	-7.34199737119048	1 fp	0.2	fp	1
#FF0000	5	6	6	-7.34199737119048	-4.04345598753607	2 fp	0.2	fp	1
#FF0000	5	3	3	-4.04345598753607	-3.15405687671473	3 fp	0.2	fp	1
#FF0000	5	2	2	-3.15405687671473	-2.72922035597277	4 fp	0.2	fp	1
#FF0000	5	2	2	-2.72922035597277	-2.62170980403531	5 fp	0.2	fp	1
#FF0000	5	2	2	-2.62170980403531	-2.60450907956303	6 fp	0.2	fp	1
#FF0000	5	2	2	-2.60450907956303	-2.59508053724272	7 fp	0.2	fp	1
#FF0000	5	2	2	-2.59508053724272	-2.58985635874694	8 fp	0.2	fp	1
#FF0000	5	2	2	-2.58985635874694	-2.58814741115137	9 fp	0.2	fp	1
#FF0000	5	1	1	-2.58814741115137	-2.58675174735288	10 fp	0.2	fp	1
#FF0000	5	1	1	-2.58675174735288	-2.57149816677717	11 fp	0.2	fp	1
#FF0000	5	1	1	-2.57149816677717	-2.55110196946485	12 fp	0.2	fp	1
#FF0000	5	1	1	-2.55110196946485	-2.53938963344197	13 fp	0.2	fp	1
#FF0000	5	1	1	-2.53938963344197	-2.52662158535874	14 fp	0.2	fp	1
#FF0000	5	1	1	-2.52662158535874	-2.50930827993967	15 fp	0.2	fp	1
#FF0000	5	1	1	-2.50930827993967	-2.49540807078698	16 fp	0.2	fp	1
#FF0000	5	1	1	-2.49540807078698	-2.48261262953773	17 fp	0.2	fp	1
#FF0000	5	1	1	-2.48261262953773	-2.47040257640679	18 fp	0.2	fp	1
#FF0000	5	1	1	-2.47040257640679	-2.46326103820639	19 fp	0.2	fp	1
#FF0000	5	1	1	-2.46326103820639	-2.46078307000063	20 fp	0.2	fp	1
#FF0000	5	1	1	-2.46078307000063	-2.45871709842386	21 fp	0.2	fp	1
#FF0000	5	1	1	-2.45871709842386	-2.45340475926054	22 fp	0.2	fp	1
#FF0000	5	1	1	-2.45340475926054	-2.4403220724321	23 fp	0.2	fp	1
#FF0000	5	1	1	-2.4403220724321	-2.19093202336509	24 fp	0.2	fp	1
#FF0000	5	1	1	-2.19093202336509	-1.70975562988886	25 fp	0.2	fp	1
#FF0000	5	1	1	-1.70975562988886	-1.30556678281946	26 fp	0.2	fp	1
#FF0000	5	1	1	-1.30556678281946	-1.09932481093212	27 fp	0.2	fp	1
#FF0000	5	1	1	-1.09932481093212	-1.0154227566525	28 fp	0.2	fp	1
#FF0000	5	1	1	-1.0154227566525	-1.00135576037675	29 fp	0.2	fp	1
#FF0000	5	1	1	-1.00135576037675	-0.989307006366561	30 fp	0.2	fp	1
#FF0000	5	0	0	-0.989307006366561	-0.989134036202589	31 fp	0.2	fp	1
#FF0000	5	0	0	-0.989134036202589	-0.988893231938196	32 fp	0.2	fp	1
#FF0000	5	0	0	-0.988893231938196	-0.968263504582715	33 fp	0.2	fp	1
#FF0000	5	0	0	-0.968263504582715	-0.899385467897039	34 fp	0.2	fp	1
#FF0000	5	0	0	-0.899385467897039	-0.678987521191631	35 fp	0.2	fp	1
#FF0000	5	0	0	-0.678987521191631	-0.408139872451828	36 fp	0.2	fp	1
#FF0000	5	0	0	-0.408139872451828	-0.249624174041498	37 fp	0.2	fp	1
#FF0000	5	0	0	-0.249624174041498	-0.0801910112768258	38 fp	0.2	fp	1
#FF0000	5	0	0	-0.0801910112768258	0.115329151182443	39 fp	0.2	fp	1
#FF0000	5	0	0	0.115329151182443	0.298544061873653	40 fp	0.2	fp	1
#FF0000	5	0	0	0.298544061873653	0.460121155881064	41 fp	0.2	fp	1
#FF0000	5	0	0	0.460121155881064	0.638045485540612	42 fp	0.2	fp	1
#FF0000	5	0	0	0.638045485540612	0.822970604350525	43 fp	0.2	fp	1
#FF0000	5	0	0	0.822970604350525	1.0127264501757	44 fp	0.2	fp	1
#FF0000	5	0	0	1.0127264501757	1.21046541248413	45 fp	0.2	fp	1
#FF0000	5	0	0	1.21046541248413	1.37891053583511	46 fp	0.2	fp	1
#FF0000	5	0	0	1.37891053583511	1.54156862562895	47 fp	0.2	fp	1
#FF0000	5	0	0	1.54156862562895	1.57578190167313	48 fp	0.2	fp	1
#FF0000	5	0	0	1.57578190167313	1.57987566611961	49 fp	0.2	fp	1
#FF0000	5	0	0	1.57987566611961	1.58225811468401	50 fp	0.2	fp	1
#FF0000	5	0	0	1.58225811468401	1.64302098152048	51 fp	0.2	fp	1
#FF0000	5	0	0	1.64302098152048	1.92288682248449	52 fp	0.2	fp	1
#FF0000	5	0	0	1.92288682248449	3.08589939806206	53 fp	0.2	fp	1
#FF0000	5	0	0	3.08589939806206	9.08500842897606	54 fp	0.2	fp	1
#FF0000	5	6	6	-13.3670578848165	-7.34199737119048	1 fp	0.4	fp	1
#FF0000	5	6	6	-7.34199737119048	-4.04345598753607	2 fp	0.4	fp	1
#FF0000	5	3	3	-4.04345598753607	-3.15405687671473	3 fp	0.4	fp	1
#FF0000	5	2	2	-3.15405687671473	-2.72922035597277	4 fp	0.4	fp	1
#FF0000	5	2	2	-2.72922035597277	-2.62170980403531	5 fp	0.4	fp	1
#FF0000	5	2	2	-2.62170980403531	-2.60450907956303	6 fp	0.4	fp	1
#FF0000	5	2	2	-2.60450907956303	-2.59508053724272	7 fp	0.4	fp	1
#FF0000	5	2	2	-2.59508053724272	-2.58985635874694	8 fp	0.4	fp	1
#FF0000	5	2	2	-2.58985635874694	-2.58814741115137	9 fp	0.4	fp	1
#FF0000	5	1	1	-2.58814741115137	-2.58675174735288	10 fp	0.4	fp	1
#FF0000	5	1	1	-2.58675174735288	-2.57149816677717	11 fp	0.4	fp	1
#FF0000	5	1	1	-2.57149816677717	-2.55110196946485	12 fp	0.4	fp	1
#FF0000	5	1	1	-2.55110196946485	-2.53938963344197	13 fp	0.4	fp	1
#FF0000	5	1	1	-2.53938963344197	-2.52662158535874	14 fp	0.4	fp	1
#FF0000	5	1	1	-2.52662158535874	-2.50930827993967	15 fp	0.4	fp	1
#FF0000	5	1	1	-2.50930827993967	-2.49540807078698	16 fp	0.4	fp	1
#FF0000	5	1	1	-2.49540807078698	-2.48261262953773	17 fp	0.4	fp	1
#FF0000	5	1	1	-2.48261262953773	-2.47040257640679	18 fp	0.4	fp	1
#FF0000	5	1	1	-2.47040257640679	-2.46326103820639	19 fp	0.4	fp	1
#FF0000	5	1	1	-2.46326103820639	-2.46078307000063	20 fp	0.4	fp	1
#FF0000	5	1	1	-2.46078307000063	-2.45871709842386	21 fp	0.4	fp	1
#FF0000	5	1	1	-2.45871709842386	-2.45340475926054	22 fp	0.4	fp	1
#FF0000	5	1	1	-2.45340475926054	-2.4403220724321	23 fp	0.4	fp	1
#FF0000	5	1	1	-2.4403220724321	-2.19093202336509	24 fp	0.4	fp	1
#FF0000	5	1	1	-2.19093202336509	-1.70975562988886	25 fp	0.4	fp	1
#FF0000	5	1	1	-1.70975562988886	-1.30556678281946	26 fp	0.4	fp	1
#FF0000	5	1	1	-1.30556678281946	-1.09932481093212	27 fp	0.4	fp	1
#FF0000	5	1	1	-1.09932481093212	-1.0154227566525	28 fp	0.4	fp	1
#FF0000	5	1	1	-1.0154227566525	-1.00135576037675	29 fp	0.4	fp	1
#FF0000	5	1	1	-1.00135576037675	-0.989307006366561	30 fp	0.4	fp	1
#FF0000	5	0	0	-0.989307006366561	-0.989134036202589	31 fp	0.4	fp	1
#FF0000	5	0	0	-0.989134036202589	-0.988893231938196	32 fp	0.4	fp	1
#FF0000	5	0	0	-0.988893231938196	-0.968263504582715	33 fp	0.4	fp	1
#FF0000	5	0	0	-0.968263504582715	-0.899385467897039	34 fp	0.4	fp	1
#FF0000	5	0	0	-0.899385467897039	-0.678987521191631	35 fp	0.4	fp	1
#FF0000	5	0	0	-0.678987521191631	-0.408139872451828	36 fp	0.4	fp	1
#FF0000	5	0	0	-0.408139872451828	-0.249624174041498	37 fp	0.4	fp	1
#FF0000	5	0	0	-0.249624174041498	-0.0801910112768258	38 fp	0.4	fp	1
#FF0000	5	0	0	-0.0801910112768258	0.115329151182443	39 fp	0.4	fp	1
#FF0000	5	0	0	0.115329151182443	0.298544061873653	40 fp	0.4	fp	1
#FF0000	5	0	0	0.298544061873653	0.460121155881064	41 fp	0.4	fp	1
#FF0000	5	0	0	0.460121155881064	0.638045485540612	42 fp	0.4	fp	1
#FF0000	5	0	0	0.638045485540612	0.822970604350525	43 fp	0.4	fp	1
#FF0000	5	0	0	0.822970604350525	1.0127264501757	44 fp	0.4	fp	1
#FF0000	5	0	0	1.0127264501757	1.21046541248413	45 fp	0.4	fp	1
#FF0000	5	0	0	1.21046541248413	1.37891053583511	46 fp	0.4	fp	1
#FF0000	5	0	0	1.37891053583511	1.54156862562895	47 fp	0.4	fp	1
#FF0000	5	0	0	1.54156862562895	1.57578190167313	48 fp	0.4	fp	1
#FF0000	5	0	0	1.57578190167313	1.57987566611961	49 fp	0.4	fp	1
#FF0000	5	0	0	1.57987566611961	1.58225811468401	50 fp	0.4	fp	1
#FF0000	5	0	0	1.58225811468401	1.64302098152048	51 fp	0.4	fp	1
#FF0000	5	0	0	1.64302098152048	1.92288682248449	52 fp	0.4	fp	1
#FF0000	5	0	0	1.92288682248449	3.08589939806206	53 fp	0.4	fp	1
#FF0000	5	0	0	3.08589939806206	9.08500842897606	54 fp	0.4	fp	1
#FF0000	5	6	6	-13.3670578848165	-7.34199737119048	1 fp	0.600000000000001	fp	1
#FF0000	5	6	6	-7.34199737119048	-4.04345598753607	2 fp	0.600000000000001	fp	1
#FF0000	5	3	3	-4.04345598753607	-3.15405687671473	3 fp	0.600000000000001	fp	1
#FF0000	5	2	2	-3.15405687671473	-2.72922035597277	4 fp	0.600000000000001	fp	1
#FF0000	5	2	2	-2.72922035597277	-2.62170980403531	5 fp	0.600000000000001	fp	1
#FF0000	5	2	2	-2.62170980403531	-2.60450907956303	6 fp	0.600000000000001	fp	1
#FF0000	5	2	2	-2.60450907956303	-2.59508053724272	7 fp	0.600000000000001	fp	1
#FF0000	5	2	2	-2.59508053724272	-2.58985635874694	8 fp	0.600000000000001	fp	1
#FF0000	5	2	2	-2.58985635874694	-2.58814741115137	9 fp	0.600000000000001	fp	1
#FF0000	5	1	1	-2.58814741115137	-2.58675174735288	10 fp	0.600000000000001	fp	1
#FF0000	5	1	1	-2.58675174735288	-2.57149816677717	11 fp	0.600000000000001	fp	1
#FF0000	5	1	1	-2.57149816677717	-2.55110196946485	12 fp	0.600000000000001	fp	1
#FF0000	5	1	1	-2.55110196946485	-2.53938963344197	13 fp	0.600000000000001	fp	1
#FF0000	5	1	1	-2.53938963344197	-2.52662158535874	14 fp	0.600000000000001	fp	1
#FF0000	5	1	1	-2.52662158535874	-2.50930827993967	15 fp	0.600000000000001	fp	1
#FF0000	5	1	1	-2.50930827993967	-2.49540807078698	16 fp	0.600000000000001	fp	1
#FF0000	5	1	1	-2.49540807078698	-2.48261262953773	17 fp	0.600000000000001	fp	1
#FF0000	5	1	1	-2.48261262953773	-2.47040257640679	18 fp	0.600000000000001	fp	1
#FF0000	5	1	1	-2.47040257640679	-2.46326103820639	19 fp	0.600000000000001	fp	1
#FF0000	5	1	1	-2.46326103820639	-2.46078307000063	20 fp	0.600000000000001	fp	1
#FF0000	5	1	1	-2.46078307000063	-2.45871709842386	21 fp	0.600000000000001	fp	1
#FF0000	5	1	1	-2.45871709842386	-2.45340475926054	22 fp	0.600000000000001	fp	1
#FF0000	5	1	1	-2.45340475926054	-2.4403220724321	23 fp	0.600000000000001	fp	1
#FF0000	5	1	1	-2.4403220724321	-2.19093202336509	24 fp	0.600000000000001	fp	1
#FF0000	5	1	1	-2.19093202336509	-1.70975562988886	25 fp	0.600000000000001	fp	1
#FF0000	5	1	1	-1.70975562988886	-1.30556678281946	26 fp	0.600000000000001	fp	1
#FF0000	5	1	1	-1.30556678281946	-1.09932481093212	27 fp	0.600000000000001	fp	1
#FF0000	5	1	1	-1.09932481093212	-1.0154227566525	28 fp	0.600000000000001	fp	1
#FF0000	5	1	1	-1.0154227566525	-1.00135576037675	29 fp	0.600000000000001	fp	1
#FF0000	5	1	1	-1.00135576037675	-0.989307006366561	30 fp	0.600000000000001	fp	1
#FF0000	5	0	0	-0.989307006366561	-0.989134036202589	31 fp	0.600000000000001	fp	1
#FF0000	5	0	0	-0.989134036202589	-0.988893231938196	32 fp	0.600000000000001	fp	1
#FF0000	5	0	0	-0.988893231938196	-0.968263504582715	33 fp	0.600000000000001	fp	1
#FF0000	5	0	0	-0.968263504582715	-0.899385467897039	34 fp	0.600000000000001	fp	1
#FF0000	5	0	0	-0.899385467897039	-0.678987521191631	35 fp	0.600000000000001	fp	1
#FF0000	5	0	0	-0.678987521191631	-0.408139872451828	36 fp	0.600000000000001	fp	1
#FF0000	5	0	0	-0.408139872451828	-0.249624174041498	37 fp	0.600000000000001	fp	1
#FF0000	5	0	0	-0.249624174041498	-0.0801910112768258	38 fp	0.600000000000001	fp	1
#FF0000	5	0	0	-0.0801910112768258	0.115329151182443	39 fp	0.600000000000001	fp	1
#FF0000	5	0	0	0.115329151182443	0.298544061873653	40 fp	0.600000000000001	fp	1
#FF0000	5	0	0	0.298544061873653	0.460121155881064	41 fp	0.600000000000001	fp	1
#FF0000	5	0	0	0.460121155881064	0.638045485540612	42 fp	0.600000000000001	fp	1
#FF0000	5	0	0	0.638045485540612	0.822970604350525	43 fp	0.600000000000001	fp	1
#FF0000	5	0	0	0.822970604350525	1.0127264501757	44 fp	0.600000000000001	fp	1
#FF0000	5	0	0	1.0127264501757	1.21046541248413	45 fp	0.600000000000001	fp	1
#FF0000	5	0	0	1.21046541248413	1.37891053583511	46 fp	0.600000000000001	fp	1
#FF0000	5	0	0	1.37891053583511	1.54156862562895	47 fp	0.600000000000001	fp	1
#FF0000	5	0	0	1.54156862562895	1.57578190167313	48 fp	0.600000000000001	fp	1
#FF0000	5	0	0	1.57578190167313	1.57987566611961	49 fp	0.600000000000001	fp	1
#FF0000	5	0	0	1.57987566611961	1.58225811468401	50 fp	0.600000000000001	fp	1
#FF0000	5	0	0	1.58225811468401	1.64302098152048	51 fp	0.600000000000001	fp	1
#FF0000	5	0	0	1.64302098152048	1.92288682248449	52 fp	0.600000000000001	fp	1
#FF0000	5	0	0	1.92288682248449	3.08589939806206	53 fp	0.600000000000001	fp	1
#FF0000	5	0	0	3.08589939806206	9.08500842897606	54 fp	0.600000000000001	fp	1
#FF0000	5	6	6	-13.3670578848165	-7.34199737119048	1 fp	0.800000000000001	fp	1
#FF0000	5	6	6	-7.34199737119048	-4.04345598753607	2 fp	0.800000000000001	fp	1
#FF0000	5	3	3	-4.04345598753607	-3.15405687671473	3 fp	0.800000000000001	fp	1
#FF0000	5	2	2	-3.15405687671473	-2.72922035597277	4 fp	0.800000000000001	fp	1
#FF0000	5	2	2	-2.72922035597277	-2.62170980403531	5 fp	0.800000000000001	fp	1
#FF0000	5	2	2	-2.62170980403531	-2.60450907956303	6 fp	0.800000000000001	fp	1
#FF0000	5	2	2	-2.60450907956303	-2.59508053724272	7 fp	0.800000000000001	fp	1
#FF0000	5	2	2	-2.59508053724272	-2.58985635874694	8 fp	0.800000000000001	fp	1
#FF0000	5	2	2	-2.58985635874694	-2.58814741115137	9 fp	0.800000000000001	fp	1
#FF0000	5	1	1	-2.58814741115137	-2.58675174735288	10 fp	0.800000000000001	fp	1
#FF0000	5	1	1	-2.58675174735288	-2.57149816677717	11 fp	0.800000000000001	fp	1
#FF0000	5	1	1	-2.57149816677717	-2.55110196946485	12 fp	0.800000000000001	fp	1
#FF0000	5	1	1	-2.55110196946485	-2.53938963344197	13 fp	0.800000000000001	fp	1
#FF0000	5	1	1	-2.53938963344197	-2.52662158535874	14 fp	0.800000000000001	fp	1
#FF0000	5	1	1	-2.52662158535874	-2.50930827993967	15 fp	0.800000000000001	fp	1
#FF0000	5	1	1	-2.50930827993967	-2.49540807078698	16 fp	0.800000000000001	fp	1
#FF0000	5	1	1	-2.49540807078698	-2.48261262953773	17 fp	0.800000000000001	fp	1
#FF0000	5	1	1	-2.48261262953773	-2.47040257640679	18 fp	0.800000000000001	fp	1
#FF0000	5	1	1	-2.47040257640679	-2.46326103820639	19 fp	0.800000000000001	fp	1
#FF0000	5	1	1	-2.46326103820639	-2.46078307000063	20 fp	0.800000000000001	fp	1
#FF0000	5	1	1	-2.46078307000063	-2.45871709842386	21 fp	0.800000000000001	fp	1
#FF0000	5	1	1	-2.45871709842386	-2.45340475926054	22 fp	0.800000000000001	fp	1
#FF0000	5	1	1	-2.45340475926054	-2.4403220724321	23 fp	0.800000000000001	fp	1
#FF0000	5	1	1	-2.4403220724321	-2.19093202336509	24 fp	0.800000000000001	fp	1
#FF0000	5	1	1	-2.19093202336509	-1.70975562988886	25 fp	0.800000000000001	fp	1
#FF0000	5	1	1	-1.70975562988886	-1.30556678281946	26 fp	0.800000000000001	fp	1
#FF0000	5	1	1	-1.30556678281946	-1.09932481093212	27 fp	0.800000000000001	fp	1
#FF0000	5	1	1	-1.09932481093212	-1.0154227566525	28 fp	0.800000000000001	fp	1
#FF0000	5	1	1	-1.0154227566525	-1.00135576037675	29 fp	0.800000000000001	fp	1
#FF0000	5	1	1	-1.00135576037675	-0.989307006366561	30 fp	0.800000000000001	fp	1
#FF0000	5	0	0	-0.989307006366561	-0.989134036202589	31 fp	0.800000000000001	fp	1
#FF0000	5	0	0	-0.989134036202589	-0.988893231938196	32 fp	0.800000000000001	fp	1
#FF0000	5	0	0	-0.988893231938196	-0.968263504582715	33 fp	0.800000000000001	fp	1
#FF0000	5	0	0	-0.968263504582715	-0.899385467897039	34 fp	0.800000000000001	fp	1
#FF0000	5	0	0	-0.899385467897039	-0.678987521191631	35 fp	0.800000000000001	fp	1
#FF0000	5	0	0	-0.678987521191631	-0.408139872451828	36 fp	0.800000000000001	fp	1
#FF0000	5	0	0	-0.408139872451828	-0.249624174041498	37 fp	0.800000000000001	fp	1
#FF0000	5	0	0	-0.249624174041498	-0.0801910112768258	38 fp	0.800000000000001	fp	1
#FF0000	5	0	0	-0.0801910112768258	0.115329151182443	39 fp	0.800000000000001	fp	1
#FF0000	5	0	0	0.115329151182443	0.298544061873653	40 fp	0.800000000000001	fp	1
#FF0000	5	0	0	0.298544061873653	0.460121155881064	41 fp	0.800000000000001	fp	1
#FF0000	5	0	0	0.460121155881064	0.638045485540612	42 fp	0.800000000000001	fp	1
#FF0000	5	0	0	0.638045485540612	0.822970604350525	43 fp	0.800000000000001	fp	1
#FF0000	5	0	0	0.822970604350525	1.0127264501757	44 fp	0.800000000000001	fp	1
#FF0000	5	0	0	1.0127264501757	1.21046541248413	45 fp	0.800000000000001	fp	1
#FF0000	5	0	0	1.21046541248413	1.37891053583511	46 fp	0.800000000000001	fp	1
#FF0000	5	0	0	1.37891053583511	1.54156862562895	47 fp	0.800000000000001	fp	1
#FF0000	5	0	0	1.54156862562895	1.57578190167313	48 fp	0.800000000000001	fp	1
#FF0000	5	0	0	1.57578190167313	1.57987566611961	49 fp	0.800000000000001	fp	1
#FF0000	5	0	0	1.57987566611961	1.58225811468401	50 fp	0.800000000000001	fp	1
#FF0000	5	0	0	1.58225811468401	1.64302098152048	51 fp	0.800000000000001	fp	1
#FF0000	5	0	0	1.64302098152048	1.92288682248449	52 fp	0.800000000000001	fp	1
#FF0000	5	0	0	1.92288682248449	3.08589939806206	53 fp	0.800000000000001	fp	1
#FF0000	5	0	0	3.08589939806206	9.08500842897606	54 fp	0.800000000000001	fp	1
#FF0000	5	6	6	-13.3670578848165	-7.34199737119048	1 fp	1	fp	1
#FF0000	5	6	6	-7.34199737119048	-4.04345598753607	2 fp	1	fp	1
#FF0000	5	3	3	-4.04345598753607	-3.15405687671473	3 fp	1	fp	1
#FF0000	5	2	2	-3.15405687671473	-2.72922035597277	4 fp	1	fp	1
#FF0000	5	2	2	-2.72922035597277	-2.62170980403531	5 fp	1	fp	1
#FF0000	5	2	2	-2.62170980403531	-2.60450907956303	6 fp	1	fp	1
#FF0000	5	2	2	-2.60450907956303	-2.59508053724272	7 fp	1	fp	1
#FF0000	5	2	2	-2.59508053724272	-2.58985635874694	8 fp	1	fp	1
#FF0000	5	2	2	-2.58985635874694	-2.58814741115137	9 fp	1	fp	1
#FF0000	5	1	1	-2.58814741115137	-2.58675174735288	10 fp	1	fp	1
#FF0000	5	1	1	-2.58675174735288	-2.57149816677717	11 fp	1	fp	1
#FF0000	5	1	1	-2.57149816677717	-2.55110196946485	12 fp	1	fp	1
#FF0000	5	1	1	-2.55110196946485	-2.53938963344197	13 fp	1	fp	1
#FF0000	5	1	1	-2.53938963344197	-2.52662158535874	14 fp	1	fp	1
#FF0000	5	1	1	-2.52662158535874	-2.50930827993967	15 fp	1	fp	1
#FF0000	5	1	1	-2.50930827993967	-2.49540807078698	16 fp	1	fp	1
#FF0000	5	1	1	-2.49540807078698	-2.48261262953773	17 fp	1	fp	1
#FF0000	5	1	1	-2.48261262953773	-2.47040257640679	18 fp	1	fp	1
#FF0000	5	1	1	-2.47040257640679	-2.46326103820639	19 fp	1	fp	1
#FF0000	5	1	1	-2.46326103820639	-2.46078307000063	20 fp	1	fp	1
#FF0000	5	1	1	-2.46078307000063	-2.45871709842386	21 fp	1	fp	1
#FF0000	5	1	1	-2.45871709842386	-2.45340475926054	22 fp	1	fp	1
#FF0000	5	1	1	-2.45340475926054	-2.4403220724321	23 fp	1	fp	1
#FF0000	5	1	1	-2.4403220724321	-2.19093202336509	24 fp	1	fp	1
#FF0000	5	1	1	-2.19093202336509	-1.70975562988886	25 fp	1	fp	1
#FF0000	5	1	1	-1.70975562988886	-1.30556678281946	26 fp	1	fp	1
#FF0000	5	1	1	-1.30556678281946	-1.09932481093212	27 fp	1	fp	1
#FF0000	5	1	1	-1.09932481093212	-1.0154227566525	28 fp	1	fp	1
#FF0000	5	1	1	-1.0154227566525	-1.00135576037675	29 fp	1	fp	1
#FF0000	5	1	1	-1.00135576037675	-0.989307006366561	30 fp	1	fp	1
#FF0000	5	0	0	-0.989307006366561	-0.989134036202589	31 fp	1	fp	1
#FF0000	5	0	0	-0.989134036202589	-0.988893231938196	32 fp	1	fp	1
#FF0000	5	0	0	-0.988893231938196	-0.968263504582715	33 fp	1	fp	1
#FF0000	5	0	0	-0.968263504582715	-0.899385467897039	34 fp	1	fp	1
#FF0000	5	0	0	-0.899385467897039	-0.678987521191631	35 fp	1	fp	1
#FF0000	5	0	0	-0.678987521191631	-0.408139872451828	36 fp	1	fp	1
#FF0000	5	0	0	-0.408139872451828	-0.249624174041498	37 fp	1	fp	1
#FF0000	5	0	0	-0.249624174041498	-0.0801910112768258	38 fp	1	fp	1
#FF0000	5	0	0	-0.0801910112768258	0.115329151182443	39 fp	1	fp	1
#FF0000	5	0	0	0.115329151182443	0.298544061873653	40 fp	1	fp	1
#FF0000	5	0	0	0.298544061873653	0.460121155881064	41 fp	1	fp	1
#FF0000	5	0	0	0.460121155881064	0.638045485540612	42 fp	1	fp	1
#FF0000	5	0	0	0.638045485540612	0.822970604350525	43 fp	1	fp	1
#FF0000	5	0	0	0.822970604350525	1.0127264501757	44 fp	1	fp	1
#FF0000	5	0	0	1.0127264501757	1.21046541248413	45 fp	1	fp	1
#FF0000	5	0	0	1.21046541248413	1.37891053583511	46 fp	1	fp	1
#FF0000	5	0	0	1.37891053583511	1.54156862562895	47 fp	1	fp	1
#FF0000	5	0	0	1.54156862562895	1.57578190167313	48 fp	1	fp	1
#FF0000	5	0	0	1.57578190167313	1.57987566611961	49 fp	1	fp	1
#FF0000	5	0	0	1.57987566611961	1.58225811468401	50 fp	1	fp	1
#FF0000	5	0	0	1.58225811468401	1.64302098152048	51 fp	1	fp	1
#FF0000	5	0	0	1.64302098152048	1.92288682248449	52 fp	1	fp	1
#FF0000	5	0	0	1.92288682248449	3.08589939806206	53 fp	1	fp	1
#FF0000	5	0	0	3.08589939806206	9.08500842897606	54 fp	1	fp	1
#FF0000	5	6	6	-13.3670578848165	-7.34199737119048	1 fp	1.2	fp	1
#FF0000	5	6	6	-7.34199737119048	-4.04345598753607	2 fp	1.2	fp	1
#FF0000	5	3	3	-4.04345598753607	-3.15405687671473	3 fp	1.2	fp	1
#FF0000	5	2	2	-3.15405687671473	-2.72922035597277	4 fp	1.2	fp	1
#FF0000	5	2	2	-2.72922035597277	-2.62170980403531	5 fp	1.2	fp	1
#FF0000	5	2	2	-2.62170980403531	-2.60450907956303	6 fp	1.2	fp	1
#FF0000	5	2	2	-2.60450907956303	-2.59508053724272	7 fp	1.2	fp	1
#FF0000	5	2	2	-2.59508053724272	-2.58985635874694	8 fp	1.2	fp	1
#FF0000	5	2	2	-2.58985635874694	-2.58814741115137	9 fp	1.2	fp	1
#FF0000	5	1	1	-2.58814741115137	-2.58675174735288	10 fp	1.2	fp	1
#FF0000	5	1	1	-2.58675174735288	-2.57149816677717	11 fp	1.2	fp	1
#FF0000	5	1	1	-2.57149816677717	-2.55110196946485	12 fp	1.2	fp	1
#FF0000	5	1	1	-2.55110196946485	-2.53938963344197	13 fp	1.2	fp	1
#FF0000	5	1	1	-2.53938963344197	-2.52662158535874	14 fp	1.2	fp	1
#FF0000	5	1	1	-2.52662158535874	-2.50930827993967	15 fp	1.2	fp	1
#FF0000	5	1	1	-2.50930827993967	-2.49540807078698	16 fp	1.2	fp	1
#FF0000	5	1	1	-2.49540807078698	-2.48261262953773	17 fp	1.2	fp	1
#FF0000	5	1	1	-2.48261262953773	-2.47040257640679	18 fp	1.2	fp	1
#FF0000	5	1	1	-2.47040257640679	-2.46326103820639	19 fp	1.2	fp	1
#FF0000	5	1	1	-2.46326103820639	-2.46078307000063	20 fp	1.2	fp	1
#FF0000	5	1	1	-2.46078307000063	-2.45871709842386	21 fp	1.2	fp	1
#FF0000	5	1	1	-2.45871709842386	-2.45340475926054	22 fp	1.2	fp	1
#FF0000	5	1	1	-2.45340475926054	-2.4403220724321	23 fp	1.2	fp	1
#FF0000	5	1	1	-2.4403220724321	-2.19093202336509	24 fp	1.2	fp	1
#FF0000	5	1	1	-2.19093202336509	-1.70975562988886	25 fp	1.2	fp	1
#FF0000	5	1	1	-1.70975562988886	-1.30556678281946	26 fp	1.2	fp	1
#FF0000	5	1	1	-1.30556678281946	-1.09932481093212	27 fp	1.2	fp	1
#FF0000	5	1	1	-1.09932481093212	-1.0154227566525	28 fp	1.2	fp	1
#FF0000	5	1	1	-1.0154227566525	-1.00135576037675	29 fp	1.2	fp	1
#FF0000	5	1	1	-1.00135576037675	-0.989307006366561	30 fp	1.2	fp	1
#FF0000	5	0	0	-0.989307006366561	-0.989134036202589	31 fp	1.2	fp	1
#FF0000	5	0	0	-0.989134036202589	-0.988893231938196	32 fp	1.2	fp	1
#FF0000	5	0	0	-0.988893231938196	-0.968263504582715	33 fp	1.2	fp	1
#FF0000	5	0	0	-0.968263504582715	-0.899385467897039	34 fp	1.2	fp	1
#FF0000	5	0	0	-0.899385467897039	-0.678987521191631	35 fp	1.2	fp	1
#FF0000	5	0	0	-0.678987521191631	-0.408139872451828	36 fp	1.2	fp	1
#FF0000	5	0	0	-0.408139872451828	-0.249624174041498	37 fp	1.2	fp	1
#FF0000	5	0	0	-0.249624174041498	-0.0801910112768258	38 fp	1.2	fp	1
#FF0000	5	0	0	-0.0801910112768258	0.115329151182443	39 fp	1.2	fp	1
#FF0000	5	0	0	0.115329151182443	0.298544061873653	40 fp	1.2	fp	1
#FF0000	5	0	0	0.298544061873653	0.460121155881064	41 fp	1.2	fp	1
#FF0000	5	0	0	0.460121155881064	0.638045485540612	42 fp	1.2	fp	1
#FF0000	5	0	0	0.638045485540612	0.822970604350525	43 fp	1.2	fp	1
#FF0000	5	0	0	0.822970604350525	1.0127264501757	44 fp	1.2	fp	1
#FF0000	5	0	0	1.0127264501757	1.21046541248413	45 fp	1.2	fp	1
#FF0000	5	0	0	1.21046541248413	1.37891053583511	46 fp	1.2	fp	1
#FF0000	5	0	0	1.37891053583511	1.54156862562895	47 fp	1.2	fp	1
#FF0000	5	0	0	1.54156862562895	1.57578190167313	48 fp	1.2	fp	1
#FF0000	5	0	0	1.57578190167313	1.57987566611961	49 fp	1.2	fp	1
#FF0000	5	0	0	1.57987566611961	1.58225811468401	50 fp	1.2	fp	1
#FF0000	5	0	0	1.58225811468401	1.64302098152048	51 fp	1.2	fp	1
#FF0000	5	0	0	1.64302098152048	1.92288682248449	52 fp	1.2	fp	1
#FF0000	5	0	0	1.92288682248449	3.08589939806206	53 fp	1.2	fp	1
#FF0000	5	0	0	3.08589939806206	9.08500842897606	54 fp	1.2	fp	1
#FF0000	5	6	6	-13.3670578848165	-7.34199737119048	1 fp	1.4	fp	1
#FF0000	5	6	6	-7.34199737119048	-4.04345598753607	2 fp	1.4	fp	1
#FF0000	5	3	3	-4.04345598753607	-3.15405687671473	3 fp	1.4	fp	1
#FF0000	5	2	2	-3.15405687671473	-2.72922035597277	4 fp	1.4	fp	1
#FF0000	5	2	2	-2.72922035597277	-2.62170980403531	5 fp	1.4	fp	1
#FF0000	5	2	2	-2.62170980403531	-2.60450907956303	6 fp	1.4	fp	1
#FF0000	5	2	2	-2.60450907956303	-2.59508053724272	7 fp	1.4	fp	1
#FF0000	5	2	2	-2.59508053724272	-2.58985635874694	8 fp	1.4	fp	1
#FF0000	5	2	2	-2.58985635874694	-2.58814741115137	9 fp	1.4	fp	1
#FF0000	5	1	1	-2.58814741115137	-2.58675174735288	10 fp	1.4	fp	1
#FF0000	5	1	1	-2.58675174735288	-2.57149816677717	11 fp	1.4	fp	1
#FF0000	5	1	1	-2.57149816677717	-2.55110196946485	12 fp	1.4	fp	1
#FF0000	5	1	1	-2.55110196946485	-2.53938963344197	13 fp	1.4	fp	1
#FF0000	5	1	1	-2.53938963344197	-2.52662158535874	14 fp	1.4	fp	1
#FF0000	5	1	1	-2.52662158535874	-2.50930827993967	15 fp	1.4	fp	1
#FF0000	5	1	1	-2.50930827993967	-2.49540807078698	16 fp	1.4	fp	1
#FF0000	5	1	1	-2.49540807078698	-2.48261262953773	17 fp	1.4	fp	1
#FF0000	5	1	1	-2.48261262953773	-2.47040257640679	18 fp	1.4	fp	1
#FF0000	5	1	1	-2.47040257640679	-2.46326103820639	19 fp	1.4	fp	1
#FF0000	5	1	1	-2.46326103820639	-2.46078307000063	20 fp	1.4	fp	1
#FF0000	5	1	1	-2.46078307000063	-2.45871709842386	21 fp	1.4	fp	1
#FF0000	5	1	1	-2.45871709842386	-2.45340475926054	22 fp	1.4	fp	1
#FF0000	5	1	1	-2.45340475926054	-2.4403220724321	23 fp	1.4	fp	1
#FF0000	5	1	1	-2.4403220724321	-2.19093202336509	24 fp	1.4	fp	1
#FF0000	5	1	1	-2.19093202336509	-1.70975562988886	25 fp	1.4	fp	1
#FF0000	5	1	1	-1.70975562988886	-1.30556678281946	26 fp	1.4	fp	1
#FF0000	5	1	1	-1.30556678281946	-1.09932481093212	27 fp	1.4	fp	1
#FF0000	5	1	1	-1.09932481093212	-1.0154227566525	28 fp	1.4	fp	1
#FF0000	5	1	1	-1.0154227566525	-1.00135576037675	29 fp	1.4	fp	1
#FF0000	5	1	1	-1.00135576037675	-0.989307006366561	30 fp	1.4	fp	1
#FF0000	5	0	0	-0.989307006366561	-0.989134036202589	31 fp	1.4	fp	1
#FF0000	5	0	0	-0.989134036202589	-0.988893231938196	32 fp	1.4	fp	1
#FF0000	5	0	0	-0.988893231938196	-0.968263504582715	33 fp	1.4	fp	1
#FF0000	5	0	0	-0.968263504582715	-0.899385467897039	34 fp	1.4	fp	1
#FF0000	5	0	0	-0.899385467897039	-0.678987521191631	35 fp	1.4	fp	1
#FF0000	5	0	0	-0.678987521191631	-0.408139872451828	36 fp	1.4	fp	1
#FF0000	5	0	0	-0.408139872451828	-0.249624174041498	37 fp	1.4	fp	1
#FF0000	5	0	0	-0.249624174041498	-0.0801910112768258	38 fp	1.4	fp	1
#FF0000	5	0	0	-0.0801910112768258	0.115329151182443	39 fp	1.4	fp	1
#FF0000	5	0	0	0.115329151182443	0.298544061873653	40 fp	1.4	fp	1
#FF0000	5	0	0	0.298544061873653	0.460121155881064	41 fp	1.4	fp	1
#FF0000	5	0	0	0.460121155881064	0.638045485540612	42 fp	1.4	fp	1
#FF0000	5	0	0	0.638045485540612	0.822970604350525	43 fp	1.4	fp	1
#FF0000	5	0	0	0.822970604350525	1.0127264501757	44 fp	1.4	fp	1
#FF0000	5	0	0	1.0127264501757	1.21046541248413	45 fp	1.4	fp	1
#FF0000	5	0	0	1.21046541248413	1.37891053583511	46 fp	1.4	fp	1
#FF0000	5	0	0	1.37891053583511	1.54156862562895	47 fp	1.4	fp	1
#FF0000	5	0	0	1.54156862562895	1.57578190167313	48 fp	1.4	fp	1
#FF0000	5	0	0	1.57578190167313	1.57987566611961	49 fp	1.4	fp	1
#FF0000	5	0	0	1.57987566611961	1.58225811468401	50 fp	1.4	fp	1
#FF0000	5	0	0	1.58225811468401	1.64302098152048	51 fp	1.4	fp	1
#FF0000	5	0	0	1.64302098152048	1.92288682248449	52 fp	1.4	fp	1
#FF0000	5	0	0	1.92288682248449	3.08589939806206	53 fp	1.4	fp	1
#FF0000	5	0	0	3.08589939806206	9.08500842897606	54 fp	1.4	fp	1
#FF0000	5	6	6	-13.3670578848165	-7.34199737119048	1 fp	1.6	fp	1
#FF0000	5	6	6	-7.34199737119048	-4.04345598753607	2 fp	1.6	fp	1
#FF0000	5	3	3	-4.04345598753607	-3.15405687671473	3 fp	1.6	fp	1
#FF0000	5	2	2	-3.15405687671473	-2.72922035597277	4 fp	1.6	fp	1
#FF0000	5	2	2	-2.72922035597277	-2.62170980403531	5 fp	1.6	fp	1
#FF0000	5	2	2	-2.62170980403531	-2.60450907956303	6 fp	1.6	fp	1
#FF0000	5	2	2	-2.60450907956303	-2.59508053724272	7 fp	1.6	fp	1
#FF0000	5	2	2	-2.59508053724272	-2.58985635874694	8 fp	1.6	fp	1
#FF0000	5	2	2	-2.58985635874694	-2.58814741115137	9 fp	1.6	fp	1
#FF0000	5	1	1	-2.58814741115137	-2.58675174735288	10 fp	1.6	fp	1
#FF0000	5	1	1	-2.58675174735288	-2.57149816677717	11 fp	1.6	fp	1
#FF0000	5	1	1	-2.57149816677717	-2.55110196946485	12 fp	1.6	fp	1
#FF0000	5	1	1	-2.55110196946485	-2.53938963344197	13 fp	1.6	fp	1
#FF0000	5	1	1	-2.53938963344197	-2.52662158535874	14 fp	1.6	fp	1
#FF0000	5	1	1	-2.52662158535874	-2.50930827993967	15 fp	1.6	fp	1
#FF0000	5	1	1	-2.50930827993967	-2.49540807078698	16 fp	1.6	fp	1
#FF0000	5	1	1	-2.49540807078698	-2.48261262953773	17 fp	1.6	fp	1
#FF0000	5	1	1	-2.48261262953773	-2.47040257640679	18 fp	1.6	fp	1
#FF0000	5	1	1	-2.47040257640679	-2.46326103820639	19 fp	1.6	fp	1
#FF0000	5	1	1	-2.46326103820639	-2.46078307000063	20 fp	1.6	fp	1
#FF0000	5	1	1	-2.46078307000063	-2.45871709842386	21 fp	1.6	fp	1
#FF0000	5	1	1	-2.45871709842386	-2.45340475926054	22 fp	1.6	fp	1
#FF0000	5	1	1	-2.45340475926054	-2.4403220724321	23 fp	1.6	fp	1
#FF0000	5	1	1	-2.4403220724321	-2.19093202336509	24 fp	1.6	fp	1
#FF0000	5	1	1	-2.19093202336509	-1.70975562988886	25 fp	1.6	fp	1
#FF0000	5	1	1	-1.70975562988886	-1.30556678281946	26 fp	1.6	fp	1
#FF0000	5	1	1	-1.30556678281946	-1.09932481093212	27 fp	1.6	fp	1
#FF0000	5	1	1	-1.09932481093212	-1.0154227566525	28 fp	1.6	fp	1
#FF0000	5	1	1	-1.0154227566525	-1.00135576037675	29 fp	1.6	fp	1
#FF0000	5	1	1	-1.00135576037675	-0.989307006366561	30 fp	1.6	fp	1
#FF0000	5	0	0	-0.989307006366561	-0.989134036202589	31 fp	1.6	fp	1
#FF0000	5	0	0	-0.989134036202589	-0.988893231938196	32 fp	1.6	fp	1
#FF0000	5	0	0	-0.988893231938196	-0.968263504582715	33 fp	1.6	fp	1
#FF0000	5	0	0	-0.968263504582715	-0.899385467897039	34 fp	1.6	fp	1
#FF0000	5	0	0	-0.899385467897039	-0.678987521191631	35 fp	1.6	fp	1
#FF0000	5	0	0	-0.678987521191631	-0.408139872451828	36 fp	1.6	fp	1
#FF0000	5	0	0	-0.408139872451828	-0.249624174041498	37 fp	1.6	fp	1
#FF0000	5	0	0	-0.249624174041498	-0.0801910112768258	38 fp	1.6	fp	1
#FF0000	5	0	0	-0.0801910112768258	0.115329151182443	39 fp	1.6	fp	1
#FF0000	5	0	0	0.115329151182443	0.298544061873653	40 fp	1.6	fp	1
#FF0000	5	0	0	0.298544061873653	0.460121155881064	41 fp	1.6	fp	1
#FF0000	5	0	0	0.460121155881064	0.638045485540612	42 fp	1.6	fp	1
#FF0000	5	0	0	0.638045485540612	0.822970604350525	43 fp	1.6	fp	1
#FF0000	5	0	0	0.822970604350525	1.0127264501757	44 fp	1.6	fp	1
#FF0000	5	0	0	1.0127264501757	1.21046541248413	45 fp	1.6	fp	1
#FF0000	5	0	0	1.21046541248413	1.37891053583511	46 fp	1.6	fp	1
#FF0000	5	0	0	1.37891053583511	1.54156862562895	47 fp	1.6	fp	1
#FF0000	5	0	0	1.54156862562895	1.57578190167313	48 fp	1.6	fp	1
#FF0000	5	0	0	1.57578190167313	1.57987566611961	49 fp	1.6	fp	1
#FF0000	5	0	0	1.57987566611961	1.58225811468401	50 fp	1.6	fp	1
#FF0000	5	0	0	1.58225811468401	1.64302098152048	51 fp	1.6	fp	1
#FF0000	5	0	0	1.64302098152048	1.92288682248449	52 fp	1.6	fp	1
#FF0000	5	0	0	1.92288682248449	3.08589939806206	53 fp	1.6	fp	1
#FF0000	5	0	0	3.08589939806206	9.08500842897606	54 fp	1.6	fp	1
#FF0000	5	6	6	-13.3670578848165	-7.34199737119048	1 fp	1.8	fp	1
#FF0000	5	6	6	-7.34199737119048	-4.04345598753607	2 fp	1.8	fp	1
#FF0000	5	3	3	-4.04345598753607	-3.15405687671473	3 fp	1.8	fp	1
#FF0000	5	2	2	-3.15405687671473	-2.72922035597277	4 fp	1.8	fp	1
#FF0000	5	2	2	-2.72922035597277	-2.62170980403531	5 fp	1.8	fp	1
#FF0000	5	2	2	-2.62170980403531	-2.60450907956303	6 fp	1.8	fp	1
#FF0000	5	2	2	-2.60450907956303	-2.59508053724272	7 fp	1.8	fp	1
#FF0000	5	2	2	-2.59508053724272	-2.58985635874694	8 fp	1.8	fp	1
#FF0000	5	2	2	-2.58985635874694	-2.58814741115137	9 fp	1.8	fp	1
#FF0000	5	1	1	-2.58814741115137	-2.58675174735288	10 fp	1.8	fp	1
#FF0000	5	1	1	-2.58675174735288	-2.57149816677717	11 fp	1.8	fp	1
#FF0000	5	1	1	-2.57149816677717	-2.55110196946485	12 fp	1.8	fp	1
#FF0000	5	1	1	-2.55110196946485	-2.53938963344197	13 fp	1.8	fp	1
#FF0000	5	1	1	-2.53938963344197	-2.52662158535874	14 fp	1.8	fp	1
#FF0000	5	1	1	-2.52662158535874	-2.50930827993967	15 fp	1.8	fp	1
#FF0000	5	1	1	-2.50930827993967	-2.49540807078698	16 fp	1.8	fp	1
#FF0000	5	1	1	-2.49540807078698	-2.48261262953773	17 fp	1.8	fp	1
#FF0000	5	1	1	-2.48261262953773	-2.47040257640679	18 fp	1.8	fp	1
#FF0000	5	1	1	-2.47040257640679	-2.46326103820639	19 fp	1.8	fp	1
#FF0000	5	1	1	-2.46326103820639	-2.46078307000063	20 fp	1.8	fp	1
#FF0000	5	1	1	-2.46078307000063	-2.45871709842386	21 fp	1.8	fp	1
#FF0000	5	1	1	-2.45871709842386	-2.45340475926054	22 fp	1.8	fp	1
#FF0000	5	1	1	-2.45340475926054	-2.4403220724321	23 fp	1.8	fp	1
#FF0000	5	1	1	-2.4403220724321	-2.19093202336509	24 fp	1.8	fp	1
#FF0000	5	1	1	-2.19093202336509	-1.70975562988886	25 fp	1.8	fp	1
#FF0000	5	1	1	-1.70975562988886	-1.30556678281946	26 fp	1.8	fp	1
#FF0000	5	1	1	-1.30556678281946	-1.09932481093212	27 fp	1.8	fp	1
#FF0000	5	1	1	-1.09932481093212	-1.0154227566525	28 fp	1.8	fp	1
#FF0000	5	1	1	-1.0154227566525	-1.00135576037675	29 fp	1.8	fp	1
#FF0000	5	1	1	-1.00135576037675	-0.989307006366561	30 fp	1.8	fp	1
#FF0000	5	0	0	-0.989307006366561	-0.989134036202589	31 fp	1.8	fp	1
#FF0000	5	0	0	-0.989134036202589	-0.988893231938196	32 fp	1.8	fp	1
#FF0000	5	0	0	-0.988893231938196	-0.968263504582715	33 fp	1.8	fp	1
#FF0000	5	0	0	-0.968263504582715	-0.899385467897039	34 fp	1.8	fp	1
#FF0000	5	0	0	-0.899385467897039	-0.678987521191631	35 fp	1.8	fp	1
#FF0000	5	0	0	-0.678987521191631	-0.408139872451828	36 fp	1.8	fp	1
#FF0000	5	0	0	-0.408139872451828	-0.249624174041498	37 fp	1.8	fp	1
#FF0000	5	0	0	-0.249624174041498	-0.0801910112768258	38 fp	1.8	fp	1
#FF0000	5	0	0	-0.0801910112768258	0.115329151182443	39 fp	1.8	fp	1
#FF0000	5	0	0	0.115329151182443	0.298544061873653	40 fp	1.8	fp	1
#FF0000	5	0	0	0.298544061873653	0.460121155881064	41 fp	1.8	fp	1
#FF0000	5	0	0	0.460121155881064	0.638045485540612	42 fp	1.8	fp	1
#FF0000	5	0	0	0.638045485540612	0.822970604350525	43 fp	1.8	fp	1
#FF0000	5	0	0	0.822970604350525	1.0127264501757	44 fp	1.8	fp	1
#FF0000	5	0	0	1.0127264501757	1.21046541248413	45 fp	1.8	fp	1
#FF0000	5	0	0	1.21046541248413	1.37891053583511	46 fp	1.8	fp	1
#FF0000	5	0	0	1.37891053583511	1.54156862562895	47 fp	1.8	fp	1
#FF0000	5	0	0	1.54156862562895	1.57578190167313	48 fp	1.8	fp	1
#FF0000	5	0	0	1.57578190167313	1.57987566611961	49 fp	1.8	fp	1
#FF0000	5	0	0	1.57987566611961	1.58225811468401	50 fp	1.8	fp	1
#FF0000	5	0	0	1.58225811468401	1.64302098152048	51 fp	1.8	fp	1
#FF0000	5	0	0	1.64302098152048	1.92288682248449	52 fp	1.8	fp	1
#FF0000	5	0	0	1.92288682248449	3.08589939806206	53 fp	1.8	fp	1
#FF0000	5	0	0	3.08589939806206	9.08500842897606	54 fp	1.8	fp	1
#FF0000	5	6	6	-13.3670578848165	-7.34199737119048	1 fp	2	fp	1
#FF0000	5	6	6	-7.34199737119048	-4.04345598753607	2 fp	2	fp	1
#FF0000	5	3	3	-4.04345598753607	-3.15405687671473	3 fp	2	fp	1
#FF0000	5	2	2	-3.15405687671473	-2.72922035597277	4 fp	2	fp	1
#FF0000	5	2	2	-2.72922035597277	-2.62170980403531	5 fp	2	fp	1
#FF0000	5	2	2	-2.62170980403531	-2.60450907956303	6 fp	2	fp	1
#FF0000	5	2	2	-2.60450907956303	-2.59508053724272	7 fp	2	fp	1
#FF0000	5	2	2	-2.59508053724272	-2.58985635874694	8 fp	2	fp	1
#FF0000	5	2	2	-2.58985635874694	-2.58814741115137	9 fp	2	fp	1
#FF0000	5	1	1	-2.58814741115137	-2.58675174735288	10 fp	2	fp	1
#FF0000	5	1	1	-2.58675174735288	-2.57149816677717	11 fp	2	fp	1
#FF0000	5	1	1	-2.57149816677717	-2.55110196946485	12 fp	2	fp	1
#FF0000	5	1	1	-2.55110196946485	-2.53938963344197	13 fp	2	fp	1
#FF0000	5	1	1	-2.53938963344197	-2.52662158535874	14 fp	2	fp	1
#FF0000	5	1	1	-2.52662158535874	-2.50930827993967	15 fp	2	fp	1
#FF0000	5	1	1	-2.50930827993967	-2.49540807078698	16 fp	2	fp	1
#FF0000	5	1	1	-2.49540807078698	-2.48261262953773	17 fp	2	fp	1
#FF0000	5	1	1	-2.48261262953773	-2.47040257640679	18 fp	2	fp	1
#FF0000	5	1	1	-2.47040257640679	-2.46326103820639	19 fp	2	fp	1
#FF0000	5	1	1	-2.46326103820639	-2.46078307000063	20 fp	2	fp	1
#FF0000	5	1	1	-2.46078307000063	-2.45871709842386	21 fp	2	fp	1
#FF0000	5	1	1	-2.45871709842386	-2.45340475926054	22 fp	2	fp	1
#FF0000	5	1	1	-2.45340475926054	-2.4403220724321	23 fp	2	fp	1
#FF0000	5	1	1	-2.4403220724321	-2.19093202336509	24 fp	2	fp	1
#FF0000	5	1	1	-2.19093202336509	-1.70975562988886	25 fp	2	fp	1
#FF0000	5	1	1	-1.70975562988886	-1.30556678281946	26 fp	2	fp	1
#FF0000	5	1	1	-1.30556678281946	-1.09932481093212	27 fp	2	fp	1
#FF0000	5	1	1	-1.09932481093212	-1.0154227566525	28 fp	2	fp	1
#FF0000	5	1	1	-1.0154227566525	-1.00135576037675	29 fp	2	fp	1
#FF0000	5	1	1	-1.00135576037675	-0.989307006366561	30 fp	2	fp	1
#FF0000	5	0	0	-0.989307006366561	-0.989134036202589	31 fp	2	fp	1
#FF0000	5	0	0	-0.989134036202589	-0.988893231938196	32 fp	2	fp	1
#FF0000	5	0	0	-0.988893231938196	-0.968263504582715	33 fp	2	fp	1
#FF0000	5	0	0	-0.968263504582715	-0.899385467897039	34 fp	2	fp	1
#FF0000	5	0	0	-0.899385467897039	-0.678987521191631	35 fp	2	fp	1
#FF0000	5	0	0	-0.678987521191631	-0.408139872451828	36 fp	2	fp	1
#FF0000	5	0	0	-0.408139872451828	-0.249624174041498	37 fp	2	fp	1
#FF0000	5	0	0	-0.249624174041498	-0.0801910112768258	38 fp	2	fp	1
#FF0000	5	0	0	-0.0801910112768258	0.115329151182443	39 fp	2	fp	1
#FF0000	5	0	0	0.115329151182443	0.298544061873653	40 fp	2	fp	1
#FF0000	5	0	0	0.298544061873653	0.460121155881064	41 fp	2	fp	1
#FF0000	5	0	0	0.460121155881064	0.638045485540612	42 fp	2	fp	1
#FF0000	5	0	0	0.638045485540612	0.822970604350525	43 fp	2	fp	1
#FF0000	5	0	0	0.822970604350525	1.0127264501757	44 fp	2	fp	1
#FF0000	5	0	0	1.0127264501757	1.21046541248413	45 fp	2	fp	1
#FF0000	5	0	0	1.21046541248413	1.37891053583511	46 fp	2	fp	1
#FF0000	5	0	0	1.37891053583511	1.54156862562895	47 fp	2	fp	1
#FF0000	5	0	0	1.54156862562895	1.57578190167313	48 fp	2	fp	1
#FF0000	5	0	0	1.57578190167313	1.57987566611961	49 fp	2	fp	1
#FF0000	5	0	0	1.57987566611961	1.58225811468401	50 fp	2	fp	1
#FF0000	5	0	0	1.58225811468401	1.64302098152048	51 fp	2	fp	1
#FF0000	5	0	0	1.64302098152048	1.92288682248449	52 fp	2	fp	1
#FF0000	5	0	0	1.92288682248449	3.08589939806206	53 fp	2	fp	1
#FF0000	5	0	0	3.08589939806206	9.08500842897606	54 fp	2	fp	1
#FF0000	5	6	6	-13.3670578848165	-7.34199737119048	1 fp	2.2	fp	1
#FF0000	5	6	6	-7.34199737119048	-4.04345598753607	2 fp	2.2	fp	1
#FF0000	5	3	3	-4.04345598753607	-3.15405687671473	3 fp	2.2	fp	1
#FF0000	5	2	2	-3.15405687671473	-2.72922035597277	4 fp	2.2	fp	1
#FF0000	5	2	2	-2.72922035597277	-2.62170980403531	5 fp	2.2	fp	1
#FF0000	5	2	2	-2.62170980403531	-2.60450907956303	6 fp	2.2	fp	1
#FF0000	5	2	2	-2.60450907956303	-2.59508053724272	7 fp	2.2	fp	1
#FF0000	5	2	2	-2.59508053724272	-2.58985635874694	8 fp	2.2	fp	1
#FF0000	5	2	2	-2.58985635874694	-2.58814741115137	9 fp	2.2	fp	1
#FF0000	5	1	1	-2.58814741115137	-2.58675174735288	10 fp	2.2	fp	1
#FF0000	5	1	1	-2.58675174735288	-2.57149816677717	11 fp	2.2	fp	1
#FF0000	5	1	1	-2.57149816677717	-2.55110196946485	12 fp	2.2	fp	1
#FF0000	5	1	1	-2.55110196946485	-2.53938963344197	13 fp	2.2	fp	1
#FF0000	5	1	1	-2.53938963344197	-2.52662158535874	14 fp	2.2	fp	1
#FF0000	5	1	1	-2.52662158535874	-2.50930827993967	15 fp	2.2	fp	1
#FF0000	5	1	1	-2.50930827993967	-2.49540807078698	16 fp	2.2	fp	1
#FF0000	5	1	1	-2.49540807078698	-2.48261262953773	17 fp	2.2	fp	1
#FF0000	5	1	1	-2.48261262953773	-2.47040257640679	18 fp	2.2	fp	1
#FF0000	5	1	1	-2.47040257640679	-2.46326103820639	19 fp	2.2	fp	1
#FF0000	5	1	1	-2.46326103820639	-2.46078307000063	20 fp	2.2	fp	1
#FF0000	5	1	1	-2.46078307000063	-2.45871709842386	21 fp	2.2	fp	1
#FF0000	5	1	1	-2.45871709842386	-2.45340475926054	22 fp	2.2	fp	1
#FF0000	5	1	1	-2.45340475926054	-2.4403220724321	23 fp	2.2	fp	1
#FF0000	5	1	1	-2.4403220724321	-2.19093202336509	24 fp	2.2	fp	1
#FF0000	5	1	1	-2.19093202336509	-1.70975562988886	25 fp	2.2	fp	1
#FF0000	5	1	1	-1.70975562988886	-1.30556678281946	26 fp	2.2	fp	1
#FF0000	5	1	1	-1.30556678281946	-1.09932481093212	27 fp	2.2	fp	1
#FF0000	5	1	1	-1.09932481093212	-1.0154227566525	28 fp	2.2	fp	1
#FF0000	5	1	1	-1.0154227566525	-1.00135576037675	29 fp	2.2	fp	1
#FF0000	5	1	1	-1.00135576037675	-0.989307006366561	30 fp	2.2	fp	1
#FF0000	5	0	0	-0.989307006366561	-0.989134036202589	31 fp	2.2	fp	1
#FF0000	5	0	0	-0.989134036202589	-0.988893231938196	32 fp	2.2	fp	1
#FF0000	5	0	0	-0.988893231938196	-0.968263504582715	33 fp	2.2	fp	1
#FF0000	5	0	0	-0.968263504582715	-0.899385467897039	34 fp	2.2	fp	1
#FF0000	5	0	0	-0.899385467897039	-0.678987521191631	35 fp	2.2	fp	1
#FF0000	5	0	0	-0.678987521191631	-0.408139872451828	36 fp	2.2	fp	1
#FF0000	5	0	0	-0.408139872451828	-0.249624174041498	37 fp	2.2	fp	1
#FF0000	5	0	0	-0.249624174041498	-0.0801910112768258	38 fp	2.2	fp	1
#FF0000	5	0	0	-0.0801910112768258	0.115329151182443	39 fp	2.2	fp	1
#FF0000	5	0	0	0.115329151182443	0.298544061873653	40 fp	2.2	fp	1
#FF0000	5	0	0	0.298544061873653	0.460121155881064	41 fp	2.2	fp	1
#FF0000	5	0	0	0.460121155881064	0.638045485540612	42 fp	2.2	fp	1
#FF0000	5	0	0	0.638045485540612	0.822970604350525	43 fp	2.2	fp	1
#FF0000	5	0	0	0.822970604350525	1.0127264501757	44 fp	2.2	fp	1
#FF0000	5	0	0	1.0127264501757	1.21046541248413	45 fp	2.2	fp	1
#FF0000	5	0	0	1.21046541248413	1.37891053583511	46 fp	2.2	fp	1
#FF0000	5	0	0	1.37891053583511	1.54156862562895	47 fp	2.2	fp	1
#FF0000	5	0	0	1.54156862562895	1.57578190167313	48 fp	2.2	fp	1
#FF0000	5	0	0	1.57578190167313	1.57987566611961	49 fp	2.2	fp	1
#FF0000	5	0	0	1.57987566611961	1.58225811468401	50 fp	2.2	fp	1
#FF0000	5	0	0	1.58225811468401	1.64302098152048	51 fp	2.2	fp	1
#FF0000	5	0	0	1.64302098152048	1.92288682248449	52 fp	2.2	fp	1
#FF0000	5	0	0	1.92288682248449	3.08589939806206	53 fp	2.2	fp	1
#FF0000	5	0	0	3.08589939806206	9.08500842897606	54 fp	2.2	fp	1
#FF0000	5	6	6	-13.3670578848165	-7.34199737119048	1 fp	2.4	fp	1
#FF0000	5	6	6	-7.34199737119048	-4.04345598753607	2 fp	2.4	fp	1
#FF0000	5	3	3	-4.04345598753607	-3.15405687671473	3 fp	2.4	fp	1
#FF0000	5	2	2	-3.15405687671473	-2.72922035597277	4 fp	2.4	fp	1
#FF0000	5	2	2	-2.72922035597277	-2.62170980403531	5 fp	2.4	fp	1
#FF0000	5	2	2	-2.62170980403531	-2.60450907956303	6 fp	2.4	fp	1
#FF0000	5	2	2	-2.60450907956303	-2.59508053724272	7 fp	2.4	fp	1
#FF0000	5	2	2	-2.59508053724272	-2.58985635874694	8 fp	2.4	fp	1
#FF0000	5	2	2	-2.58985635874694	-2.58814741115137	9 fp	2.4	fp	1
#FF0000	5	1	1	-2.58814741115137	-2.58675174735288	10 fp	2.4	fp	1
#FF0000	5	1	1	-2.58675174735288	-2.57149816677717	11 fp	2.4	fp	1
#FF0000	5	1	1	-2.57149816677717	-2.55110196946485	12 fp	2.4	fp	1
#FF0000	5	1	1	-2.55110196946485	-2.53938963344197	13 fp	2.4	fp	1
#FF0000	5	1	1	-2.53938963344197	-2.52662158535874	14 fp	2.4	fp	1
#FF0000	5	1	1	-2.52662158535874	-2.50930827993967	15 fp	2.4	fp	1
#FF0000	5	1	1	-2.50930827993967	-2.49540807078698	16 fp	2.4	fp	1
#FF0000	5	1	1	-2.49540807078698	-2.48261262953773	17 fp	2.4	fp	1
#FF0000	5	1	1	-2.48261262953773	-2.47040257640679	18 fp	2.4	fp	1
#FF0000	5	1	1	-2.47040257640679	-2.46326103820639	19 fp	2.4	fp	1
#FF0000	5	1	1	-2.46326103820639	-2.46078307000063	20 fp	2.4	fp	1
#FF0000	5	1	1	-2.46078307000063	-2.45871709842386	21 fp	2.4	fp	1
#FF0000	5	1	1	-2.45871709842386	-2.45340475926054	22 fp	2.4	fp	1
#FF0000	5	1	1	-2.45340475926054	-2.4403220724321	23 fp	2.4	fp	1
#FF0000	5	1	1	-2.4403220724321	-2.19093202336509	24 fp	2.4	fp	1
#FF0000	5	1	1	-2.19093202336509	-1.70975562988886	25 fp	2.4	fp	1
#FF0000	5	1	1	-1.70975562988886	-1.30556678281946	26 fp	2.4	fp	1
#FF0000	5	1	1	-1.30556678281946	-1.09932481093212	27 fp	2.4	fp	1
#FF0000	5	1	1	-1.09932481093212	-1.0154227566525	28 fp	2.4	fp	1
#FF0000	5	1	1	-1.0154227566525	-1.00135576037675	29 fp	2.4	fp	1
#FF0000	5	1	1	-1.00135576037675	-0.989307006366561	30 fp	2.4	fp	1
#FF0000	5	0	0	-0.989307006366561	-0.989134036202589	31 fp	2.4	fp	1
#FF0000	5	0	0	-0.989134036202589	-0.988893231938196	32 fp	2.4	fp	1
#FF0000	5	0	0	-0.988893231938196	-0.968263504582715	33 fp	2.4	fp	1
#FF0000	5	0	0	-0.968263504582715	-0.899385467897039	34 fp	2.4	fp	1
#FF0000	5	0	0	-0.899385467897039	-0.678987521191631	35 fp	2.4	fp	1
#FF0000	5	0	0	-0.678987521191631	-0.408139872451828	36 fp	2.4	fp	1
#FF0000	5	0	0	-0.408139872451828	-0.249624174041498	37 fp	2.4	fp	1
#FF0000	5	0	0	-0.249624174041498	-0.0801910112768258	38 fp	2.4	fp	1
#FF0000	5	0	0	-0.0801910112768258	0.115329151182443	39 fp	2.4	fp	1
#FF0000	5	0	0	0.115329151182443	0.298544061873653	40 fp	2.4	fp	1
#FF0000	5	0	0	0.298544061873653	0.460121155881064	41 fp	2.4	fp	1
#FF0000	5	0	0	0.460121155881064	0.638045485540612	42 fp	2.4	fp	1
#FF0000	5	0	0	0.638045485540612	0.822970604350525	43 fp	2.4	fp	1
#FF0000	5	0	0	0.822970604350525	1.0127264501757	44 fp	2.4	fp	1
#FF0000	5	0	0	1.0127264501757	1.21046541248413	45 fp	2.4	fp	1
#FF0000	5	0	0	1.21046541248413	1.37891053583511	46 fp	2.4	fp	1
#FF0000	5	0	0	1.37891053583511	1.54156862562895	47 fp	2.4	fp	1
#FF0000	5	0	0	1.54156862562895	1.57578190167313	48 fp	2.4	fp	1
#FF0000	5	0	0	1.57578190167313	1.57987566611961	49 fp	2.4	fp	1
#FF0000	5	0	0	1.57987566611961	1.58225811468401	50 fp	2.4	fp	1
#FF0000	5	0	0	1.58225811468401	1.64302098152048	51 fp	2.4	fp	1
#FF0000	5	0	0	1.64302098152048	1.92288682248449	52 fp	2.4	fp	1
#FF0000	5	0	0	1.92288682248449	3.08589939806206	53 fp	2.4	fp	1
#FF0000	5	0	0	3.08589939806206	9.08500842897606	54 fp	2.4	fp	1
#FF0000	5	6	6	-13.3670578848165	-7.34199737119048	1 fp	2.6	fp	1
#FF0000	5	6	6	-7.34199737119048	-4.04345598753607	2 fp	2.6	fp	1
#FF0000	5	3	3	-4.04345598753607	-3.15405687671473	3 fp	2.6	fp	1
#FF0000	5	2	2	-3.15405687671473	-2.72922035597277	4 fp	2.6	fp	1
#FF0000	5	2	2	-2.72922035597277	-2.62170980403531	5 fp	2.6	fp	1
#FF0000	5	2	2	-2.62170980403531	-2.60450907956303	6 fp	2.6	fp	1
#FF0000	5	2	2	-2.60450907956303	-2.59508053724272	7 fp	2.6	fp	1
#FF0000	5	2	2	-2.59508053724272	-2.58985635874694	8 fp	2.6	fp	1
#FF0000	5	2	2	-2.58985635874694	-2.58814741115137	9 fp	2.6	fp	1
#FF0000	5	1	1	-2.58814741115137	-2.58675174735288	10 fp	2.6	fp	1
#FF0000	5	1	1	-2.58675174735288	-2.57149816677717	11 fp	2.6	fp	1
#FF0000	5	1	1	-2.57149816677717	-2.55110196946485	12 fp	2.6	fp	1
#FF0000	5	1	1	-2.55110196946485	-2.53938963344197	13 fp	2.6	fp	1
#FF0000	5	1	1	-2.53938963344197	-2.52662158535874	14 fp	2.6	fp	1
#FF0000	5	1	1	-2.52662158535874	-2.50930827993967	15 fp	2.6	fp	1
#FF0000	5	1	1	-2.50930827993967	-2.49540807078698	16 fp	2.6	fp	1
#FF0000	5	1	1	-2.49540807078698	-2.48261262953773	17 fp	2.6	fp	1
#FF0000	5	1	1	-2.48261262953773	-2.47040257640679	18 fp	2.6	fp	1
#FF0000	5	1	1	-2.47040257640679	-2.46326103820639	19 fp	2.6	fp	1
#FF0000	5	1	1	-2.46326103820639	-2.46078307000063	20 fp	2.6	fp	1
#FF0000	5	1	1	-2.46078307000063	-2.45871709842386	21 fp	2.6	fp	1
#FF0000	5	1	1	-2.45871709842386	-2.45340475926054	22 fp	2.6	fp	1
#FF0000	5	1	1	-2.45340475926054	-2.4403220724321	23 fp	2.6	fp	1
#FF0000	5	1	1	-2.4403220724321	-2.19093202336509	24 fp	2.6	fp	1
#FF0000	5	1	1	-2.19093202336509	-1.70975562988886	25 fp	2.6	fp	1
#FF0000	5	1	1	-1.70975562988886	-1.30556678281946	26 fp	2.6	fp	1
#FF0000	5	1	1	-1.30556678281946	-1.09932481093212	27 fp	2.6	fp	1
#FF0000	5	1	1	-1.09932481093212	-1.0154227566525	28 fp	2.6	fp	1
#FF0000	5	1	1	-1.0154227566525	-1.00135576037675	29 fp	2.6	fp	1
#FF0000	5	1	1	-1.00135576037675	-0.989307006366561	30 fp	2.6	fp	1
#FF0000	5	0	0	-0.989307006366561	-0.989134036202589	31 fp	2.6	fp	1
#FF0000	5	0	0	-0.989134036202589	-0.988893231938196	32 fp	2.6	fp	1
#FF0000	5	0	0	-0.988893231938196	-0.968263504582715	33 fp	2.6	fp	1
#FF0000	5	0	0	-0.968263504582715	-0.899385467897039	34 fp	2.6	fp	1
#FF0000	5	0	0	-0.899385467897039	-0.678987521191631	35 fp	2.6	fp	1
#FF0000	5	0	0	-0.678987521191631	-0.408139872451828	36 fp	2.6	fp	1
#FF0000	5	0	0	-0.408139872451828	-0.249624174041498	37 fp	2.6	fp	1
#FF0000	5	0	0	-0.249624174041498	-0.0801910112768258	38 fp	2.6	fp	1
#FF0000	5	0	0	-0.0801910112768258	0.115329151182443	39 fp	2.6	fp	1
#FF0000	5	0	0	0.115329151182443	0.298544061873653	40 fp	2.6	fp	1
#FF0000	5	0	0	0.298544061873653	0.460121155881064	41 fp	2.6	fp	1
#FF0000	5	0	0	0.460121155881064	0.638045485540612	42 fp	2.6	fp	1
#FF0000	5	0	0	0.638045485540612	0.822970604350525	43 fp	2.6	fp	1
#FF0000	5	0	0	0.822970604350525	1.0127264501757	44 fp	2.6	fp	1
#FF0000	5	0	0	1.0127264501757	1.21046541248413	45 fp	2.6	fp	1
#FF0000	5	0	0	1.21046541248413	1.37891053583511	46 fp	2.6	fp	1
#FF0000	5	0	0	1.37891053583511	1.54156862562895	47 fp	2.6	fp	1
#FF0000	5	0	0	1.54156862562895	1.57578190167313	48 fp	2.6	fp	1
#FF0000	5	0	0	1.57578190167313	1.57987566611961	49 fp	2.6	fp	1
#FF0000	5	0	0	1.57987566611961	1.58225811468401	50 fp	2.6	fp	1
#FF0000	5	0	0	1.58225811468401	1.64302098152048	51 fp	2.6	fp	1
#FF0000	5	0	0	1.64302098152048	1.92288682248449	52 fp	2.6	fp	1
#FF0000	5	0	0	1.92288682248449	3.08589939806206	53 fp	2.6	fp	1
#FF0000	5	0	0	3.08589939806206	9.08500842897606	54 fp	2.6	fp	1
#FF0000	5	6	6	-13.3670578848165	-7.34199737119048	1 fp	2.8	fp	1
#FF0000	5	6	6	-7.34199737119048	-4.04345598753607	2 fp	2.8	fp	1
#FF0000	5	3	3	-4.04345598753607	-3.15405687671473	3 fp	2.8	fp	1
#FF0000	5	2	2	-3.15405687671473	-2.72922035597277	4 fp	2.8	fp	1
#FF0000	5	2	2	-2.72922035597277	-2.62170980403531	5 fp	2.8	fp	1
#FF0000	5	2	2	-2.62170980403531	-2.60450907956303	6 fp	2.8	fp	1
#FF0000	5	2	2	-2.60450907956303	-2.59508053724272	7 fp	2.8	fp	1
#FF0000	5	2	2	-2.59508053724272	-2.58985635874694	8 fp	2.8	fp	1
#FF0000	5	2	2	-2.58985635874694	-2.58814741115137	9 fp	2.8	fp	1
#FF0000	5	1	1	-2.58814741115137	-2.58675174735288	10 fp	2.8	fp	1
#FF0000	5	1	1	-2.58675174735288	-2.57149816677717	11 fp	2.8	fp	1
#FF0000	5	1	1	-2.57149816677717	-2.55110196946485	12 fp	2.8	fp	1
#FF0000	5	1	1	-2.55110196946485	-2.53938963344197	13 fp	2.8	fp	1
#FF0000	5	1	1	-2.53938963344197	-2.52662158535874	14 fp	2.8	fp	1
#FF0000	5	1	1	-2.52662158535874	-2.50930827993967	15 fp	2.8	fp	1
#FF0000	5	1	1	-2.50930827993967	-2.49540807078698	16 fp	2.8	fp	1
#FF0000	5	1	1	-2.49540807078698	-2.48261262953773	17 fp	2.8	fp	1
#FF0000	5	1	1	-2.48261262953773	-2.47040257640679	18 fp	2.8	fp	1
#FF0000	5	1	1	-2.47040257640679	-2.46326103820639	19 fp	2.8	fp	1
#FF0000	5	1	1	-2.46326103820639	-2.46078307000063	20 fp	2.8	fp	1
#FF0000	5	1	1	-2.46078307000063	-2.45871709842386	21 fp	2.8	fp	1
#FF0000	5	1	1	-2.45871709842386	-2.45340475926054	22 fp	2.8	fp	1
#FF0000	5	1	1	-2.45340475926054	-2.4403220724321	23 fp	2.8	fp	1
#FF0000	5	1	1	-2.4403220724321	-2.19093202336509	24 fp	2.8	fp	1
#FF0000	5	1	1	-2.19093202336509	-1.70975562988886	25 fp	2.8	fp	1
#FF0000	5	1	1	-1.70975562988886	-1.30556678281946	26 fp	2.8	fp	1
#FF0000	5	1	1	-1.30556678281946	-1.09932481093212	27 fp	2.8	fp	1
#FF0000	5	1	1	-1.09932481093212	-1.0154227566525	28 fp	2.8	fp	1
#FF0000	5	1	1	-1.0154227566525	-1.00135576037675	29 fp	2.8	fp	1
#FF0000	5	1	1	-1.00135576037675	-0.989307006366561	30 fp	2.8	fp	1
#FF0000	5	0	0	-0.989307006366561	-0.989134036202589	31 fp	2.8	fp	1
#FF0000	5	0	0	-0.989134036202589	-0.988893231938196	32 fp	2.8	fp	1
#FF0000	5	0	0	-0.988893231938196	-0.968263504582715	33 fp	2.8	fp	1
#FF0000	5	0	0	-0.968263504582715	-0.899385467897039	34 fp	2.8	fp	1
#FF0000	5	0	0	-0.899385467897039	-0.678987521191631	35 fp	2.8	fp	1
#FF0000	5	0	0	-0.678987521191631	-0.408139872451828	36 fp	2.8	fp	1
#FF0000	5	0	0	-0.408139872451828	-0.249624174041498	37 fp	2.8	fp	1
#FF0000	5	0	0	-0.249624174041498	-0.0801910112768258	38 fp	2.8	fp	1
#FF0000	5	0	0	-0.0801910112768258	0.115329151182443	39 fp	2.8	fp	1
#FF0000	5	0	0	0.115329151182443	0.298544061873653	40 fp	2.8	fp	1
#FF0000	5	0	0	0.298544061873653	0.460121155881064	41 fp	2.8	fp	1
#FF0000	5	0	0	0.460121155881064	0.638045485540612	42 fp	2.8	fp	1
#FF0000	5	0	0	0.638045485540612	0.822970604350525	43 fp	2.8	fp	1
#FF0000	5	0	0	0.822970604350525	1.0127264501757	44 fp	2.8	fp	1
#FF0000	5	0	0	1.0127264501757	1.21046541248413	45 fp	2.8	fp	1
#FF0000	5	0	0	1.21046541248413	1.37891053583511	46 fp	2.8	fp	1
#FF0000	5	0	0	1.37891053583511	1.54156862562895	47 fp	2.8	fp	1
#FF0000	5	0	0	1.54156862562895	1.57578190167313	48 fp	2.8	fp	1
#FF0000	5	0	0	1.57578190167313	1.57987566611961	49 fp	2.8	fp	1
#FF0000	5	0	0	1.57987566611961	1.58225811468401	50 fp	2.8	fp	1
#FF0000	5	0	0	1.58225811468401	1.64302098152048	51 fp	2.8	fp	1
#FF0000	5	0	0	1.64302098152048	1.92288682248449	52 fp	2.8	fp	1
#FF0000	5	0	0	1.92288682248449	3.08589939806206	53 fp	2.8	fp	1
#FF0000	5	0	0	3.08589939806206	9.08500842897606	54 fp	2.8	fp	1
#FF0000	5	6	6	-13.3670578848165	-7.34199737119048	1 fp	3	fp	1
#FF0000	5	6	6	-7.34199737119048	-4.04345598753607	2 fp	3	fp	1
#FF0000	5	3	3	-4.04345598753607	-3.15405687671473	3 fp	3	fp	1
#FF0000	5	2	2	-3.15405687671473	-2.72922035597277	4 fp	3	fp	1
#FF0000	5	2	2	-2.72922035597277	-2.62170980403531	5 fp	3	fp	1
#FF0000	5	2	2	-2.62170980403531	-2.60450907956303	6 fp	3	fp	1
#FF0000	5	2	2	-2.60450907956303	-2.59508053724272	7 fp	3	fp	1
#FF0000	5	2	2	-2.59508053724272	-2.58985635874694	8 fp	3	fp	1
#FF0000	5	2	2	-2.58985635874694	-2.58814741115137	9 fp	3	fp	1
#FF0000	5	1	1	-2.58814741115137	-2.58675174735288	10 fp	3	fp	1
#FF0000	5	1	1	-2.58675174735288	-2.57149816677717	11 fp	3	fp	1
#FF0000	5	1	1	-2.57149816677717	-2.55110196946485	12 fp	3	fp	1
#FF0000	5	1	1	-2.55110196946485	-2.53938963344197	13 fp	3	fp	1
#FF0000	5	1	1	-2.53938963344197	-2.52662158535874	14 fp	3	fp	1
#FF0000	5	1	1	-2.52662158535874	-2.50930827993967	15 fp	3	fp	1
#FF0000	5	1	1	-2.50930827993967	-2.49540807078698	16 fp	3	fp	1
#FF0000	5	1	1	-2.49540807078698	-2.48261262953773	17 fp	3	fp	1
#FF0000	5	1	1	-2.48261262953773	-2.47040257640679	18 fp	3	fp	1
#FF0000	5	1	1	-2.47040257640679	-2.46326103820639	19 fp	3	fp	1
#FF0000	5	1	1	-2.46326103820639	-2.46078307000063	20 fp	3	fp	1
#FF0000	5	1	1	-2.46078307000063	-2.45871709842386	21 fp	3	fp	1
#FF0000	5	1	1	-2.45871709842386	-2.45340475926054	22 fp	3	fp	1
#FF0000	5	1	1	-2.45340475926054	-2.4403220724321	23 fp	3	fp	1
#FF0000	5	1	1	-2.4403220724321	-2.19093202336509	24 fp	3	fp	1
#FF0000	5	1	1	-2.19093202336509	-1.70975562988886	25 fp	3	fp	1
#FF0000	5	1	1	-1.70975562988886	-1.30556678281946	26 fp	3	fp	1
#FF0000	5	1	1	-1.30556678281946	-1.09932481093212	27 fp	3	fp	1
#FF0000	5	1	1	-1.09932481093212	-1.0154227566525	28 fp	3	fp	1
#FF0000	5	1	1	-1.0154227566525	-1.00135576037675	29 fp	3	fp	1
#FF0000	5	1	1	-1.00135576037675	-0.989307006366561	30 fp	3	fp	1
#FF0000	5	0	0	-0.989307006366561	-0.989134036202589	31 fp	3	fp	1
#FF0000	5	0	0	-0.989134036202589	-0.988893231938196	32 fp	3	fp	1
#FF0000	5	0	0	-0.988893231938196	-0.968263504582715	33 fp	3	fp	1
#FF0000	5	0	0	-0.968263504582715	-0.899385467897039	34 fp	3	fp	1
#FF0000	5	0	0	-0.899385467897039	-0.678987521191631	35 fp	3	fp	1
#FF0000	5	0	0	-0.678987521191631	-0.408139872451828	36 fp	3	fp	1
#FF0000	5	0	0	-0.408139872451828	-0.249624174041498	37 fp	3	fp	1
#FF0000	5	0	0	-0.249624174041498	-0.0801910112768258	38 fp	3	fp	1
#FF0000	5	0	0	-0.0801910112768258	0.115329151182443	39 fp	3	fp	1
#FF0000	5	0	0	0.115329151182443	0.298544061873653	40 fp	3	fp	1
#FF0000	5	0	0	0.298544061873653	0.460121155881064	41 fp	3	fp	1
#FF0000	5	0	0	0.460121155881064	0.638045485540612	42 fp	3	fp	1
#FF0000	5	0	0	0.638045485540612	0.822970604350525	43 fp	3	fp	1
#FF0000	5	0	0	0.822970604350525	1.0127264501757	44 fp	3	fp	1
#FF0000	5	0	0	1.0127264501757	1.21046541248413	45 fp	3	fp	1
#FF0000	5	0	0	1.21046541248413	1.37891053583511	46 fp	3	fp	1
#FF0000	5	0	0	1.37891053583511	1.54156862562895	47 fp	3	fp	1
#FF0000	5	0	0	1.54156862562895	1.57578190167313	48 fp	3	fp	1
#FF0000	5	0	0	1.57578190167313	1.57987566611961	49 fp	3	fp	1
#FF0000	5	0	0	1.57987566611961	1.58225811468401	50 fp	3	fp	1
#FF0000	5	0	0	1.58225811468401	1.64302098152048	51 fp	3	fp	1
#FF0000	5	0	0	1.64302098152048	1.92288682248449	52 fp	3	fp	1
#FF0000	5	0	0	1.92288682248449	3.08589939806206	53 fp	3	fp	1
#FF0000	5	0	0	3.08589939806206	9.08500842897606	54 fp	3	fp	1
#FF0000	5	6	6	-13.3670578848165	-7.34199737119048	1 fp	3.2	fp	1
#FF0000	5	6	6	-7.34199737119048	-4.04345598753607	2 fp	3.2	fp	1
#FF0000	5	3	3	-4.04345598753607	-3.15405687671473	3 fp	3.2	fp	1
#FF0000	5	2	2	-3.15405687671473	-2.72922035597277	4 fp	3.2	fp	1
#FF0000	5	2	2	-2.72922035597277	-2.62170980403531	5 fp	3.2	fp	1
#FF0000	5	2	2	-2.62170980403531	-2.60450907956303	6 fp	3.2	fp	1
#FF0000	5	2	2	-2.60450907956303	-2.59508053724272	7 fp	3.2	fp	1
#FF0000	5	2	2	-2.59508053724272	-2.58985635874694	8 fp	3.2	fp	1
#FF0000	5	2	2	-2.58985635874694	-2.58814741115137	9 fp	3.2	fp	1
#FF0000	5	1	1	-2.58814741115137	-2.58675174735288	10 fp	3.2	fp	1
#FF0000	5	1	1	-2.58675174735288	-2.57149816677717	11 fp	3.2	fp	1
#FF0000	5	1	1	-2.57149816677717	-2.55110196946485	12 fp	3.2	fp	1
#FF0000	5	1	1	-2.55110196946485	-2.53938963344197	13 fp	3.2	fp	1
#FF0000	5	1	1	-2.53938963344197	-2.52662158535874	14 fp	3.2	fp	1
#FF0000	5	1	1	-2.52662158535874	-2.50930827993967	15 fp	3.2	fp	1
#FF0000	5	1	1	-2.50930827993967	-2.49540807078698	16 fp	3.2	fp	1
#FF0000	5	1	1	-2.49540807078698	-2.48261262953773	17 fp	3.2	fp	1
#FF0000	5	1	1	-2.48261262953773	-2.47040257640679	18 fp	3.2	fp	1
#FF0000	5	1	1	-2.47040257640679	-2.46326103820639	19 fp	3.2	fp	1
#FF0000	5	1	1	-2.46326103820639	-2.46078307000063	20 fp	3.2	fp	1
#FF0000	5	1	1	-2.46078307000063	-2.45871709842386	21 fp	3.2	fp	1
#FF0000	5	1	1	-2.45871709842386	-2.45340475926054	22 fp	3.2	fp	1
#FF0000	5	1	1	-2.45340475926054	-2.4403220724321	23 fp	3.2	fp	1
#FF0000	5	1	1	-2.4403220724321	-2.19093202336509	24 fp	3.2	fp	1
#FF0000	5	1	1	-2.19093202336509	-1.70975562988886	25 fp	3.2	fp	1
#FF0000	5	1	1	-1.70975562988886	-1.30556678281946	26 fp	3.2	fp	1
#FF0000	5	1	1	-1.30556678281946	-1.09932481093212	27 fp	3.2	fp	1
#FF0000	5	1	1	-1.09932481093212	-1.0154227566525	28 fp	3.2	fp	1
#FF0000	5	1	1	-1.0154227566525	-1.00135576037675	29 fp	3.2	fp	1
#FF0000	5	1	1	-1.00135576037675	-0.989307006366561	30 fp	3.2	fp	1
#FF0000	5	0	0	-0.989307006366561	-0.989134036202589	31 fp	3.2	fp	1
#FF0000	5	0	0	-0.989134036202589	-0.988893231938196	32 fp	3.2	fp	1
#FF0000	5	0	0	-0.988893231938196	-0.968263504582715	33 fp	3.2	fp	1
#FF0000	5	0	0	-0.968263504582715	-0.899385467897039	34 fp	3.2	fp	1
#FF0000	5	0	0	-0.899385467897039	-0.678987521191631	35 fp	3.2	fp	1
#FF0000	5	0	0	-0.678987521191631	-0.408139872451828	36 fp	3.2	fp	1
#FF0000	5	0	0	-0.408139872451828	-0.249624174041498	37 fp	3.2	fp	1
#FF0000	5	0	0	-0.249624174041498	-0.0801910112768258	38 fp	3.2	fp	1
#FF0000	5	0	0	-0.0801910112768258	0.115329151182443	39 fp	3.2	fp	1
#FF0000	5	0	0	0.115329151182443	0.298544061873653	40 fp	3.2	fp	1
#FF0000	5	0	0	0.298544061873653	0.460121155881064	41 fp	3.2	fp	1
#FF0000	5	0	0	0.460121155881064	0.638045485540612	42 fp	3.2	fp	1
#FF0000	5	0	0	0.638045485540612	0.822970604350525	43 fp	3.2	fp	1
#FF0000	5	0	0	0.822970604350525	1.0127264501757	44 fp	3.2	fp	1
#FF0000	5	0	0	1.0127264501757	1.21046541248413	45 fp	3.2	fp	1
#FF0000	5	0	0	1.21046541248413	1.37891053583511	46 fp	3.2	fp	1
#FF0000	5	0	0	1.37891053583511	1.54156862562895	47 fp	3.2	fp	1
#FF0000	5	0	0	1.54156862562895	1.57578190167313	48 fp	3.2	fp	1
#FF0000	5	0	0	1.57578190167313	1.57987566611961	49 fp	3.2	fp	1
#FF0000	5	0	0	1.57987566611961	1.58225811468401	50 fp	3.2	fp	1
#FF0000	5	0	0	1.58225811468401	1.64302098152048	51 fp	3.2	fp	1
#FF0000	5	0	0	1.64302098152048	1.92288682248449	52 fp	3.2	fp	1
#FF0000	5	0	0	1.92288682248449	3.08589939806206	53 fp	3.2	fp	1
#FF0000	5	0	0	3.08589939806206	9.08500842897606	54 fp	3.2	fp	1
#FF0000	5	6	6	-13.3670578848165	-7.34199737119048	1 fp	3.4	fp	1
#FF0000	5	6	6	-7.34199737119048	-4.04345598753607	2 fp	3.4	fp	1
#FF0000	5	3	3	-4.04345598753607	-3.15405687671473	3 fp	3.4	fp	1
#FF0000	5	2	2	-3.15405687671473	-2.72922035597277	4 fp	3.4	fp	1
#FF0000	5	2	2	-2.72922035597277	-2.62170980403531	5 fp	3.4	fp	1
#FF0000	5	2	2	-2.62170980403531	-2.60450907956303	6 fp	3.4	fp	1
#FF0000	5	2	2	-2.60450907956303	-2.59508053724272	7 fp	3.4	fp	1
#FF0000	5	2	2	-2.59508053724272	-2.58985635874694	8 fp	3.4	fp	1
#FF0000	5	2	2	-2.58985635874694	-2.58814741115137	9 fp	3.4	fp	1
#FF0000	5	1	1	-2.58814741115137	-2.58675174735288	10 fp	3.4	fp	1
#FF0000	5	1	1	-2.58675174735288	-2.57149816677717	11 fp	3.4	fp	1
#FF0000	5	1	1	-2.57149816677717	-2.55110196946485	12 fp	3.4	fp	1
#FF0000	5	1	1	-2.55110196946485	-2.53938963344197	13 fp	3.4	fp	1
#FF0000	5	1	1	-2.53938963344197	-2.52662158535874	14 fp	3.4	fp	1
#FF0000	5	1	1	-2.52662158535874	-2.50930827993967	15 fp	3.4	fp	1
#FF0000	5	1	1	-2.50930827993967	-2.49540807078698	16 fp	3.4	fp	1
#FF0000	5	1	1	-2.49540807078698	-2.48261262953773	17 fp	3.4	fp	1
#FF0000	5	1	1	-2.48261262953773	-2.47040257640679	18 fp	3.4	fp	1
#FF0000	5	1	1	-2.47040257640679	-2.46326103820639	19 fp	3.4	fp	1
#FF0000	5	1	1	-2.46326103820639	-2.46078307000063	20 fp	3.4	fp	1
#FF0000	5	1	1	-2.46078307000063	-2.45871709842386	21 fp	3.4	fp	1
#FF0000	5	1	1	-2.45871709842386	-2.45340475926054	22 fp	3.4	fp	1
#FF0000	5	1	1	-2.45340475926054	-2.4403220724321	23 fp	3.4	fp	1
#FF0000	5	1	1	-2.4403220724321	-2.19093202336509	24 fp	3.4	fp	1
#FF0000	5	1	1	-2.19093202336509	-1.70975562988886	25 fp	3.4	fp	1
#FF0000	5	1	1	-1.70975562988886	-1.30556678281946	26 fp	3.4	fp	1
#FF0000	5	1	1	-1.30556678281946	-1.09932481093212	27 fp	3.4	fp	1
#FF0000	5	1	1	-1.09932481093212	-1.0154227566525	28 fp	3.4	fp	1
#FF0000	5	1	1	-1.0154227566525	-1.00135576037675	29 fp	3.4	fp	1
#FF0000	5	1	1	-1.00135576037675	-0.989307006366561	30 fp	3.4	fp	1
#FF0000	5	0	0	-0.989307006366561	-0.989134036202589	31 fp	3.4	fp	1
#FF0000	5	0	0	-0.989134036202589	-0.988893231938196	32 fp	3.4	fp	1
#FF0000	5	0	0	-0.988893231938196	-0.968263504582715	33 fp	3.4	fp	1
#FF0000	5	0	0	-0.968263504582715	-0.899385467897039	34 fp	3.4	fp	1
#FF0000	5	0	0	-0.899385467897039	-0.678987521191631	35 fp	3.4	fp	1
#FF0000	5	0	0	-0.678987521191631	-0.408139872451828	36 fp	3.4	fp	1
#FF0000	5	0	0	-0.408139872451828	-0.249624174041498	37 fp	3.4	fp	1
#FF0000	5	0	0	-0.249624174041498	-0.0801910112768258	38 fp	3.4	fp	1
#FF0000	5	0	0	-0.0801910112768258	0.115329151182443	39 fp	3.4	fp	1
#FF0000	5	0	0	0.115329151182443	0.298544061873653	40 fp	3.4	fp	1
#FF0000	5	0	0	0.298544061873653	0.460121155881064	41 fp	3.4	fp	1
#FF0000	5	0	0	0.460121155881064	0.638045485540612	42 fp	3.4	fp	1
#FF0000	5	0	0	0.638045485540612	0.822970604350525	43 fp	3.4	fp	1
#FF0000	5	0	0	0.822970604350525	1.0127264501757	44 fp	3.4	fp	1
#FF0000	5	0	0	1.0127264501757	1.21046541248413	45 fp	3.4	fp	1
#FF0000	5	0	0	1.21046541248413	1.37891053583511	46 fp	3.4	fp	1
#FF0000	5	0	0	1.37891053583511	1.54156862562895	47 fp	3.4	fp	1
#FF0000	5	0	0	1.54156862562895	1.57578190167313	48 fp	3.4	fp	1
#FF0000	5	0	0	1.57578190167313	1.57987566611961	49 fp	3.4	fp	1
#FF0000	5	0	0	1.57987566611961	1.58225811468401	50 fp	3.4	fp	1
#FF0000	5	0	0	1.58225811468401	1.64302098152048	51 fp	3.4	fp	1
#FF0000	5	0	0	1.64302098152048	1.92288682248449	52 fp	3.4	fp	1
#FF0000	5	0	0	1.92288682248449	3.08589939806206	53 fp	3.4	fp	1
#FF0000	5	0	0	3.08589939806206	9.08500842897606	54 fp	3.4	fp	1
#FF0000	5	6	6	-13.3670578848165	-7.34199737119048	1 fp	3.6	fp	1
#FF0000	5	6	6	-7.34199737119048	-4.04345598753607	2 fp	3.6	fp	1
#FF0000	5	3	3	-4.04345598753607	-3.15405687671473	3 fp	3.6	fp	1
#FF0000	5	2	2	-3.15405687671473	-2.72922035597277	4 fp	3.6	fp	1
#FF0000	5	2	2	-2.72922035597277	-2.62170980403531	5 fp	3.6	fp	1
#FF0000	5	2	2	-2.62170980403531	-2.60450907956303	6 fp	3.6	fp	1
#FF0000	5	2	2	-2.60450907956303	-2.59508053724272	7 fp	3.6	fp	1
#FF0000	5	2	2	-2.59508053724272	-2.58985635874694	8 fp	3.6	fp	1
#FF0000	5	2	2	-2.58985635874694	-2.58814741115137	9 fp	3.6	fp	1
#FF0000	5	1	1	-2.58814741115137	-2.58675174735288	10 fp	3.6	fp	1
#FF0000	5	1	1	-2.58675174735288	-2.57149816677717	11 fp	3.6	fp	1
#FF0000	5	1	1	-2.57149816677717	-2.55110196946485	12 fp	3.6	fp	1
#FF0000	5	1	1	-2.55110196946485	-2.53938963344197	13 fp	3.6	fp	1
#FF0000	5	1	1	-2.53938963344197	-2.52662158535874	14 fp	3.6	fp	1
#FF0000	5	1	1	-2.52662158535874	-2.50930827993967	15 fp	3.6	fp	1
#FF0000	5	1	1	-2.50930827993967	-2.49540807078698	16 fp	3.6	fp	1
#FF0000	5	1	1	-2.49540807078698	-2.48261262953773	17 fp	3.6	fp	1
#FF0000	5	1	1	-2.48261262953773	-2.47040257640679	18 fp	3.6	fp	1
#FF0000	5	1	1	-2.47040257640679	-2.46326103820639	19 fp	3.6	fp	1
#FF0000	5	1	1	-2.46326103820639	-2.46078307000063	20 fp	3.6	fp	1
#FF0000	5	1	1	-2.46078307000063	-2.45871709842386	21 fp	3.6	fp	1
#FF0000	5	1	1	-2.45871709842386	-2.45340475926054	22 fp	3.6	fp	1
#FF0000	5	1	1	-2.45340475926054	-2.4403220724321	23 fp	3.6	fp	1
#FF0000	5	1	1	-2.4403220724321	-2.19093202336509	24 fp	3.6	fp	1
#FF0000	5	1	1	-2.19093202336509	-1.70975562988886	25 fp	3.6	fp	1
#FF0000	5	1	1	-1.70975562988886	-1.30556678281946	26 fp	3.6	fp	1
#FF0000	5	1	1	-1.30556678281946	-1.09932481093212	27 fp	3.6	fp	1
#FF0000	5	1	1	-1.09932481093212	-1.0154227566525	28 fp	3.6	fp	1
#FF0000	5	1	1	-1.0154227566525	-1.00135576037675	29 fp	3.6	fp	1
#FF0000	5	1	1	-1.00135576037675	-0.989307006366561	30 fp	3.6	fp	1
#FF0000	5	0	0	-0.989307006366561	-0.989134036202589	31 fp	3.6	fp	1
#FF0000	5	0	0	-0.989134036202589	-0.988893231938196	32 fp	3.6	fp	1
#FF0000	5	0	0	-0.988893231938196	-0.968263504582715	33 fp	3.6	fp	1
#FF0000	5	0	0	-0.968263504582715	-0.899385467897039	34 fp	3.6	fp	1
#FF0000	5	0	0	-0.899385467897039	-0.678987521191631	35 fp	3.6	fp	1
#FF0000	5	0	0	-0.678987521191631	-0.408139872451828	36 fp	3.6	fp	1
#FF0000	5	0	0	-0.408139872451828	-0.249624174041498	37 fp	3.6	fp	1
#FF0000	5	0	0	-0.249624174041498	-0.0801910112768258	38 fp	3.6	fp	1
#FF0000	5	0	0	-0.0801910112768258	0.115329151182443	39 fp	3.6	fp	1
#FF0000	5	0	0	0.115329151182443	0.298544061873653	40 fp	3.6	fp	1
#FF0000	5	0	0	0.298544061873653	0.460121155881064	41 fp	3.6	fp	1
#FF0000	5	0	0	0.460121155881064	0.638045485540612	42 fp	3.6	fp	1
#FF0000	5	0	0	0.638045485540612	0.822970604350525	43 fp	3.6	fp	1
#FF0000	5	0	0	0.822970604350525	1.0127264501757	44 fp	3.6	fp	1
#FF0000	5	0	0	1.0127264501757	1.21046541248413	45 fp	3.6	fp	1
#FF0000	5	0	0	1.21046541248413	1.37891053583511	46 fp	3.6	fp	1
#FF0000	5	0	0	1.37891053583511	1.54156862562895	47 fp	3.6	fp	1
#FF0000	5	0	0	1.54156862562895	1.57578190167313	48 fp	3.6	fp	1
#FF0000	5	0	0	1.57578190167313	1.57987566611961	49 fp	3.6	fp	1
#FF0000	5	0	0	1.57987566611961	1.58225811468401	50 fp	3.6	fp	1
#FF0000	5	0	0	1.58225811468401	1.64302098152048	51 fp	3.6	fp	1
#FF0000	5	0	0	1.64302098152048	1.92288682248449	52 fp	3.6	fp	1
#FF0000	5	0	0	1.92288682248449	3.08589939806206	53 fp	3.6	fp	1
#FF0000	5	0	0	3.08589939806206	9.08500842897606	54 fp	3.6	fp	1
#FF0000	5	6	6	-13.3670578848165	-7.34199737119048	1 fp	3.8	fp	1
#FF0000	5	6	6	-7.34199737119048	-4.04345598753607	2 fp	3.8	fp	1
#FF0000	5	3	3	-4.04345598753607	-3.15405687671473	3 fp	3.8	fp	1
#FF0000	5	2	2	-3.15405687671473	-2.72922035597277	4 fp	3.8	fp	1
#FF0000	5	2	2	-2.72922035597277	-2.62170980403531	5 fp	3.8	fp	1
#FF0000	5	2	2	-2.62170980403531	-2.60450907956303	6 fp	3.8	fp	1
#FF0000	5	2	2	-2.60450907956303	-2.59508053724272	7 fp	3.8	fp	1
#FF0000	5	2	2	-2.59508053724272	-2.58985635874694	8 fp	3.8	fp	1
#FF0000	5	2	2	-2.58985635874694	-2.58814741115137	9 fp	3.8	fp	1
#FF0000	5	1	1	-2.58814741115137	-2.58675174735288	10 fp	3.8	fp	1
#FF0000	5	1	1	-2.58675174735288	-2.57149816677717	11 fp	3.8	fp	1
#FF0000	5	1	1	-2.57149816677717	-2.55110196946485	12 fp	3.8	fp	1
#FF0000	5	1	1	-2.55110196946485	-2.53938963344197	13 fp	3.8	fp	1
#FF0000	5	1	1	-2.53938963344197	-2.52662158535874	14 fp	3.8	fp	1
#FF0000	5	1	1	-2.52662158535874	-2.50930827993967	15 fp	3.8	fp	1
#FF0000	5	1	1	-2.50930827993967	-2.49540807078698	16 fp	3.8	fp	1
#FF0000	5	1	1	-2.49540807078698	-2.48261262953773	17 fp	3.8	fp	1
#FF0000	5	1	1	-2.48261262953773	-2.47040257640679	18 fp	3.8	fp	1
#FF0000	5	1	1	-2.47040257640679	-2.46326103820639	19 fp	3.8	fp	1
#FF0000	5	1	1	-2.46326103820639	-2.46078307000063	20 fp	3.8	fp	1
#FF0000	5	1	1	-2.46078307000063	-2.45871709842386	21 fp	3.8	fp	1
#FF0000	5	1	1	-2.45871709842386	-2.45340475926054	22 fp	3.8	fp	1
#FF0000	5	1	1	-2.45340475926054	-2.4403220724321	23 fp	3.8	fp	1
#FF0000	5	1	1	-2.4403220724321	-2.19093202336509	24 fp	3.8	fp	1
#FF0000	5	1	1	-2.19093202336509	-1.70975562988886	25 fp	3.8	fp	1
#FF0000	5	1	1	-1.70975562988886	-1.30556678281946	26 fp	3.8	fp	1
#FF0000	5	1	1	-1.30556678281946	-1.09932481093212	27 fp	3.8	fp	1
#FF0000	5	1	1	-1.09932481093212	-1.0154227566525	28 fp	3.8	fp	1
#FF0000	5	1	1	-1.0154227566525	-1.00135576037675	29 fp	3.8	fp	1
#FF0000	5	1	1	-1.00135576037675	-0.989307006366561	30 fp	3.8	fp	1
#FF0000	5	0	0	-0.989307006366561	-0.989134036202589	31 fp	3.8	fp	1
#FF0000	5	0	0	-0.989134036202589	-0.988893231938196	32 fp	3.8	fp	1
#FF0000	5	0	0	-0.988893231938196	-0.968263504582715	33 fp	3.8	fp	1
#FF0000	5	0	0	-0.968263504582715	-0.899385467897039	34 fp	3.8	fp	1
#FF0000	5	0	0	-0.899385467897039	-0.678987521191631	35 fp	3.8	fp	1
#FF0000	5	0	0	-0.678987521191631	-0.408139872451828	36 fp	3.8	fp	1
#FF0000	5	0	0	-0.408139872451828	-0.249624174041498	37 fp	3.8	fp	1
#FF0000	5	0	0	-0.249624174041498	-0.0801910112768258	38 fp	3.8	fp	1
#FF0000	5	0	0	-0.0801910112768258	0.115329151182443	39 fp	3.8	fp	1
#FF0000	5	0	0	0.115329151182443	0.298544061873653	40 fp	3.8	fp	1
#FF0000	5	0	0	0.298544061873653	0.460121155881064	41 fp	3.8	fp	1
#FF0000	5	0	0	0.460121155881064	0.638045485540612	42 fp	3.8	fp	1
#FF0000	5	0	0	0.638045485540612	0.822970604350525	43 fp	3.8	fp	1
#FF0000	5	0	0	0.822970604350525	1.0127264501757	44 fp	3.8	fp	1
#FF0000	5	0	0	1.0127264501757	1.21046541248413	45 fp	3.8	fp	1
#FF0000	5	0	0	1.21046541248413	1.37891053583511	46 fp	3.8	fp	1
#FF0000	5	0	0	1.37891053583511	1.54156862562895	47 fp	3.8	fp	1
#FF0000	5	0	0	1.54156862562895	1.57578190167313	48 fp	3.8	fp	1
#FF0000	5	0	0	1.57578190167313	1.57987566611961	49 fp	3.8	fp	1
#FF0000	5	0	0	1.57987566611961	1.58225811468401	50 fp	3.8	fp	1
#FF0000	5	0	0	1.58225811468401	1.64302098152048	51 fp	3.8	fp	1
#FF0000	5	0	0	1.64302098152048	1.92288682248449	52 fp	3.8	fp	1
#FF0000	5	0	0	1.92288682248449	3.08589939806206	53 fp	3.8	fp	1
#FF0000	5	0	0	3.08589939806206	9.08500842897606	54 fp	3.8	fp	1
#FF0000	5	6	6	-13.3670578848165	-7.34199737119048	1 fp	4	fp	1
#FF0000	5	6	6	-7.34199737119048	-4.04345598753607	2 fp	4	fp	1
#FF0000	5	3	3	-4.04345598753607	-3.15405687671473	3 fp	4	fp	1
#FF0000	5	2	2	-3.15405687671473	-2.72922035597277	4 fp	4	fp	1
#FF0000	5	2	2	-2.72922035597277	-2.62170980403531	5 fp	4	fp	1
#FF0000	5	2	2	-2.62170980403531	-2.60450907956303	6 fp	4	fp	1
#FF0000	5	2	2	-2.60450907956303	-2.59508053724272	7 fp	4	fp	1
#FF0000	5	2	2	-2.59508053724272	-2.58985635874694	8 fp	4	fp	1
#FF0000	5	2	2	-2.58985635874694	-2.58814741115137	9 fp	4	fp	1
#FF0000	5	1	1	-2.58814741115137	-2.58675174735288	10 fp	4	fp	1
#FF0000	5	1	1	-2.58675174735288	-2.57149816677717	11 fp	4	fp	1
#FF0000	5	1	1	-2.57149816677717	-2.55110196946485	12 fp	4	fp	1
#FF0000	5	1	1	-2.55110196946485	-2.53938963344197	13 fp	4	fp	1
#FF0000	5	1	1	-2.53938963344197	-2.52662158535874	14 fp	4	fp	1
#FF0000	5	1	1	-2.52662158535874	-2.50930827993967	15 fp	4	fp	1
#FF0000	5	1	1	-2.50930827993967	-2.49540807078698	16 fp	4	fp	1
#FF0000	5	1	1	-2.49540807078698	-2.48261262953773	17 fp	4	fp	1
#FF0000	5	1	1	-2.48261262953773	-2.47040257640679	18 fp	4	fp	1
#FF0000	5	1	1	-2.47040257640679	-2.46326103820639	19 fp	4	fp	1
#FF0000	5	1	1	-2.46326103820639	-2.46078307000063	20 fp	4	fp	1
#FF0000	5	1	1	-2.46078307000063	-2.45871709842386	21 fp	4	fp	1
#FF0000	5	1	1	-2.45871709842386	-2.45340475926054	22 fp	4	fp	1
#FF0000	5	1	1	-2.45340475926054	-2.4403220724321	23 fp	4	fp	1
#FF0000	5	1	1	-2.4403220724321	-2.19093202336509	24 fp	4	fp	1
#FF0000	5	1	1	-2.19093202336509	-1.70975562988886	25 fp	4	fp	1
#FF0000	5	1	1	-1.70975562988886	-1.30556678281946	26 fp	4	fp	1
#FF0000	5	1	1	-1.30556678281946	-1.09932481093212	27 fp	4	fp	1
#FF0000	5	1	1	-1.09932481093212	-1.0154227566525	28 fp	4	fp	1
#FF0000	5	1	1	-1.0154227566525	-1.00135576037675	29 fp	4	fp	1
#FF0000	5	1	1	-1.00135576037675	-0.989307006366561	30 fp	4	fp	1
#FF0000	5	0	0	-0.989307006366561	-0.989134036202589	31 fp	4	fp	1
#FF0000	5	0	0	-0.989134036202589	-0.988893231938196	32 fp	4	fp	1
#FF0000	5	0	0	-0.988893231938196	-0.968263504582715	33 fp	4	fp	1
#FF0000	5	0	0	-0.968263504582715	-0.899385467897039	34 fp	4	fp	1
#FF0000	5	0	0	-0.899385467897039	-0.678987521191631	35 fp	4	fp	1
#FF0000	5	0	0	-0.678987521191631	-0.408139872451828	36 fp	4	fp	1
#FF0000	5	0	0	-0.408139872451828	-0.249624174041498	37 fp	4	fp	1
#FF0000	5	0	0	-0.249624174041498	-0.0801910112768258	38 fp	4	fp	1
#FF0000	5	0	0	-0.0801910112768258	0.115329151182443	39 fp	4	fp	1
#FF0000	5	0	0	0.115329151182443	0.298544061873653	40 fp	4	fp	1
#FF0000	5	0	0	0.298544061873653	0.460121155881064	41 fp	4	fp	1
#FF0000	5	0	0	0.460121155881064	0.638045485540612	42 fp	4	fp	1
#FF0000	5	0	0	0.638045485540612	0.822970604350525	43 fp	4	fp	1
#FF0000	5	0	0	0.822970604350525	1.0127264501757	44 fp	4	fp	1
#FF0000	5	0	0	1.0127264501757	1.21046541248413	45 fp	4	fp	1
#FF0000	5	0	0	1.21046541248413	1.37891053583511	46 fp	4	fp	1
#FF0000	5	0	0	1.37891053583511	1.54156862562895	47 fp	4	fp	1
#FF0000	5	0	0	1.54156862562895	1.57578190167313	48 fp	4	fp	1
#FF0000	5	0	0	1.57578190167313	1.57987566611961	49 fp	4	fp	1
#FF0000	5	0	0	1.57987566611961	1.58225811468401	50 fp	4	fp	1
#FF0000	5	0	0	1.58225811468401	1.64302098152048	51 fp	4	fp	1
#FF0000	5	0	0	1.64302098152048	1.92288682248449	52 fp	4	fp	1
#FF0000	5	0	0	1.92288682248449	3.08589939806206	53 fp	4	fp	1
#FF0000	5	0	0	3.08589939806206	9.08500842897606	54 fp	4	fp	1
#FF0000	5	6	6	-13.3670578848165	-7.34199737119048	1 fp	4.2	fp	1
#FF0000	5	6	6	-7.34199737119048	-4.04345598753607	2 fp	4.2	fp	1
#FF0000	5	3	3	-4.04345598753607	-3.15405687671473	3 fp	4.2	fp	1
#FF0000	5	2	2	-3.15405687671473	-2.72922035597277	4 fp	4.2	fp	1
#FF0000	5	2	2	-2.72922035597277	-2.62170980403531	5 fp	4.2	fp	1
#FF0000	5	2	2	-2.62170980403531	-2.60450907956303	6 fp	4.2	fp	1
#FF0000	5	2	2	-2.60450907956303	-2.59508053724272	7 fp	4.2	fp	1
#FF0000	5	2	2	-2.59508053724272	-2.58985635874694	8 fp	4.2	fp	1
#FF0000	5	2	2	-2.58985635874694	-2.58814741115137	9 fp	4.2	fp	1
#FF0000	5	1	1	-2.58814741115137	-2.58675174735288	10 fp	4.2	fp	1
#FF0000	5	1	1	-2.58675174735288	-2.57149816677717	11 fp	4.2	fp	1
#FF0000	5	1	1	-2.57149816677717	-2.55110196946485	12 fp	4.2	fp	1
#FF0000	5	1	1	-2.55110196946485	-2.53938963344197	13 fp	4.2	fp	1
#FF0000	5	1	1	-2.53938963344197	-2.52662158535874	14 fp	4.2	fp	1
#FF0000	5	1	1	-2.52662158535874	-2.50930827993967	15 fp	4.2	fp	1
#FF0000	5	1	1	-2.50930827993967	-2.49540807078698	16 fp	4.2	fp	1
#FF0000	5	1	1	-2.49540807078698	-2.48261262953773	17 fp	4.2	fp	1
#FF0000	5	1	1	-2.48261262953773	-2.47040257640679	18 fp	4.2	fp	1
#FF0000	5	1	1	-2.47040257640679	-2.46326103820639	19 fp	4.2	fp	1
#FF0000	5	1	1	-2.46326103820639	-2.46078307000063	20 fp	4.2	fp	1
#FF0000	5	1	1	-2.46078307000063	-2.45871709842386	21 fp	4.2	fp	1
#FF0000	5	1	1	-2.45871709842386	-2.45340475926054	22 fp	4.2	fp	1
#FF0000	5	1	1	-2.45340475926054	-2.4403220724321	23 fp	4.2	fp	1
#FF0000	5	1	1	-2.4403220724321	-2.19093202336509	24 fp	4.2	fp	1
#FF0000	5	1	1	-2.19093202336509	-1.70975562988886	25 fp	4.2	fp	1
#FF0000	5	1	1	-1.70975562988886	-1.30556678281946	26 fp	4.2	fp	1
#FF0000	5	1	1	-1.30556678281946	-1.09932481093212	27 fp	4.2	fp	1
#FF0000	5	1	1	-1.09932481093212	-1.0154227566525	28 fp	4.2	fp	1
#FF0000	5	1	1	-1.0154227566525	-1.00135576037675	29 fp	4.2	fp	1
#FF0000	5	1	1	-1.00135576037675	-0.989307006366561	30 fp	4.2	fp	1
#FF0000	5	0	0	-0.989307006366561	-0.989134036202589	31 fp	4.2	fp	1
#FF0000	5	0	0	-0.989134036202589	-0.988893231938196	32 fp	4.2	fp	1
#FF0000	5	0	0	-0.988893231938196	-0.968263504582715	33 fp	4.2	fp	1
#FF0000	5	0	0	-0.968263504582715	-0.899385467897039	34 fp	4.2	fp	1
#FF0000	5	0	0	-0.899385467897039	-0.678987521191631	35 fp	4.2	fp	1
#FF0000	5	0	0	-0.678987521191631	-0.408139872451828	36 fp	4.2	fp	1
#FF0000	5	0	0	-0.408139872451828	-0.249624174041498	37 fp	4.2	fp	1
#FF0000	5	0	0	-0.249624174041498	-0.0801910112768258	38 fp	4.2	fp	1
#FF0000	5	0	0	-0.0801910112768258	0.115329151182443	39 fp	4.2	fp	1
#FF0000	5	0	0	0.115329151182443	0.298544061873653	40 fp	4.2	fp	1
#FF0000	5	0	0	0.298544061873653	0.460121155881064	41 fp	4.2	fp	1
#FF0000	5	0	0	0.460121155881064	0.638045485540612	42 fp	4.2	fp	1
#FF0000	5	0	0	0.638045485540612	0.822970604350525	43 fp	4.2	fp	1
#FF0000	5	0	0	0.822970604350525	1.0127264501757	44 fp	4.2	fp	1
#FF0000	5	0	0	1.0127264501757	1.21046541248413	45 fp	4.2	fp	1
#FF0000	5	0	0	1.21046541248413	1.37891053583511	46 fp	4.2	fp	1
#FF0000	5	0	0	1.37891053583511	1.54156862562895	47 fp	4.2	fp	1
#FF0000	5	0	0	1.54156862562895	1.57578190167313	48 fp	4.2	fp	1
#FF0000	5	0	0	1.57578190167313	1.57987566611961	49 fp	4.2	fp	1
#FF0000	5	0	0	1.57987566611961	1.58225811468401	50 fp	4.2	fp	1
#FF0000	5	0	0	1.58225811468401	1.64302098152048	51 fp	4.2	fp	1
#FF0000	5	0	0	1.64302098152048	1.92288682248449	52 fp	4.2	fp	1
#FF0000	5	0	0	1.92288682248449	3.08589939806206	53 fp	4.2	fp	1
#FF0000	5	0	0	3.08589939806206	9.08500842897606	54 fp	4.2	fp	1
#FF0000	5	6	6	-13.3670578848165	-7.34199737119048	1 fp	4.4	fp	1
#FF0000	5	6	6	-7.34199737119048	-4.04345598753607	2 fp	4.4	fp	1
#FF0000	5	3	3	-4.04345598753607	-3.15405687671473	3 fp	4.4	fp	1
#FF0000	5	2	2	-3.15405687671473	-2.72922035597277	4 fp	4.4	fp	1
#FF0000	5	2	2	-2.72922035597277	-2.62170980403531	5 fp	4.4	fp	1
#FF0000	5	2	2	-2.62170980403531	-2.60450907956303	6 fp	4.4	fp	1
#FF0000	5	2	2	-2.60450907956303	-2.59508053724272	7 fp	4.4	fp	1
#FF0000	5	2	2	-2.59508053724272	-2.58985635874694	8 fp	4.4	fp	1
#FF0000	5	2	2	-2.58985635874694	-2.58814741115137	9 fp	4.4	fp	1
#FF0000	5	1	1	-2.58814741115137	-2.58675174735288	10 fp	4.4	fp	1
#FF0000	5	1	1	-2.58675174735288	-2.57149816677717	11 fp	4.4	fp	1
#FF0000	5	1	1	-2.57149816677717	-2.55110196946485	12 fp	4.4	fp	1
#FF0000	5	1	1	-2.55110196946485	-2.53938963344197	13 fp	4.4	fp	1
#FF0000	5	1	1	-2.53938963344197	-2.52662158535874	14 fp	4.4	fp	1
#FF0000	5	1	1	-2.52662158535874	-2.50930827993967	15 fp	4.4	fp	1
#FF0000	5	1	1	-2.50930827993967	-2.49540807078698	16 fp	4.4	fp	1
#FF0000	5	1	1	-2.49540807078698	-2.48261262953773	17 fp	4.4	fp	1
#FF0000	5	1	1	-2.48261262953773	-2.47040257640679	18 fp	4.4	fp	1
#FF0000	5	1	1	-2.47040257640679	-2.46326103820639	19 fp	4.4	fp	1
#FF0000	5	1	1	-2.46326103820639	-2.46078307000063	20 fp	4.4	fp	1
#FF0000	5	1	1	-2.46078307000063	-2.45871709842386	21 fp	4.4	fp	1
#FF0000	5	1	1	-2.45871709842386	-2.45340475926054	22 fp	4.4	fp	1
#FF0000	5	1	1	-2.45340475926054	-2.4403220724321	23 fp	4.4	fp	1
#FF0000	5	1	1	-2.4403220724321	-2.19093202336509	24 fp	4.4	fp	1
#FF0000	5	1	1	-2.19093202336509	-1.70975562988886	25 fp	4.4	fp	1
#FF0000	5	1	1	-1.70975562988886	-1.30556678281946	26 fp	4.4	fp	1
#FF0000	5	1	1	-1.30556678281946	-1.09932481093212	27 fp	4.4	fp	1
#FF0000	5	1	1	-1.09932481093212	-1.0154227566525	28 fp	4.4	fp	1
#FF0000	5	1	1	-1.0154227566525	-1.00135576037675	29 fp	4.4	fp	1
#FF0000	5	1	1	-1.00135576037675	-0.989307006366561	30 fp	4.4	fp	1
#FF0000	5	0	0	-0.989307006366561	-0.989134036202589	31 fp	4.4	fp	1
#FF0000	5	0	0	-0.989134036202589	-0.988893231938196	32 fp	4.4	fp	1
#FF0000	5	0	0	-0.988893231938196	-0.968263504582715	33 fp	4.4	fp	1
#FF0000	5	0	0	-0.968263504582715	-0.899385467897039	34 fp	4.4	fp	1
#FF0000	5	0	0	-0.899385467897039	-0.678987521191631	35 fp	4.4	fp	1
#FF0000	5	0	0	-0.678987521191631	-0.408139872451828	36 fp	4.4	fp	1
#FF0000	5	0	0	-0.408139872451828	-0.249624174041498	37 fp	4.4	fp	1
#FF0000	5	0	0	-0.249624174041498	-0.0801910112768258	38 fp	4.4	fp	1
#FF0000	5	0	0	-0.0801910112768258	0.115329151182443	39 fp	4.4	fp	1
#FF0000	5	0	0	0.115329151182443	0.298544061873653	40 fp	4.4	fp	1
#FF0000	5	0	0	0.298544061873653	0.460121155881064	41 fp	4.4	fp	1
#FF0000	5	0	0	0.460121155881064	0.638045485540612	42 fp	4.4	fp	1
#FF0000	5	0	0	0.638045485540612	0.822970604350525	43 fp	4.4	fp	1
#FF0000	5	0	0	0.822970604350525	1.0127264501757	44 fp	4.4	fp	1
#FF0000	5	0	0	1.0127264501757	1.21046541248413	45 fp	4.4	fp	1
#FF0000	5	0	0	1.21046541248413	1.37891053583511	46 fp	4.4	fp	1
#FF0000	5	0	0	1.37891053583511	1.54156862562895	47 fp	4.4	fp	1
#FF0000	5	0	0	1.54156862562895	1.57578190167313	48 fp	4.4	fp	1
#FF0000	5	0	0	1.57578190167313	1.57987566611961	49 fp	4.4	fp	1
#FF0000	5	0	0	1.57987566611961	1.58225811468401	50 fp	4.4	fp	1
#FF0000	5	0	0	1.58225811468401	1.64302098152048	51 fp	4.4	fp	1
#FF0000	5	0	0	1.64302098152048	1.92288682248449	52 fp	4.4	fp	1
#FF0000	5	0	0	1.92288682248449	3.08589939806206	53 fp	4.4	fp	1
#FF0000	5	0	0	3.08589939806206	9.08500842897606	54 fp	4.4	fp	1
#FF0000	5	6	6	-13.3670578848165	-7.34199737119048	1 fp	4.6	fp	1
#FF0000	5	6	6	-7.34199737119048	-4.04345598753607	2 fp	4.6	fp	1
#FF0000	5	3	3	-4.04345598753607	-3.15405687671473	3 fp	4.6	fp	1
#FF0000	5	2	2	-3.15405687671473	-2.72922035597277	4 fp	4.6	fp	1
#FF0000	5	2	2	-2.72922035597277	-2.62170980403531	5 fp	4.6	fp	1
#FF0000	5	2	2	-2.62170980403531	-2.60450907956303	6 fp	4.6	fp	1
#FF0000	5	2	2	-2.60450907956303	-2.59508053724272	7 fp	4.6	fp	1
#FF0000	5	2	2	-2.59508053724272	-2.58985635874694	8 fp	4.6	fp	1
#FF0000	5	2	2	-2.58985635874694	-2.58814741115137	9 fp	4.6	fp	1
#FF0000	5	1	1	-2.58814741115137	-2.58675174735288	10 fp	4.6	fp	1
#FF0000	5	1	1	-2.58675174735288	-2.57149816677717	11 fp	4.6	fp	1
#FF0000	5	1	1	-2.57149816677717	-2.55110196946485	12 fp	4.6	fp	1
#FF0000	5	1	1	-2.55110196946485	-2.53938963344197	13 fp	4.6	fp	1
#FF0000	5	1	1	-2.53938963344197	-2.52662158535874	14 fp	4.6	fp	1
#FF0000	5	1	1	-2.52662158535874	-2.50930827993967	15 fp	4.6	fp	1
#FF0000	5	1	1	-2.50930827993967	-2.49540807078698	16 fp	4.6	fp	1
#FF0000	5	1	1	-2.49540807078698	-2.48261262953773	17 fp	4.6	fp	1
#FF0000	5	1	1	-2.48261262953773	-2.47040257640679	18 fp	4.6	fp	1
#FF0000	5	1	1	-2.47040257640679	-2.46326103820639	19 fp	4.6	fp	1
#FF0000	5	1	1	-2.46326103820639	-2.46078307000063	20 fp	4.6	fp	1
#FF0000	5	1	1	-2.46078307000063	-2.45871709842386	21 fp	4.6	fp	1
#FF0000	5	1	1	-2.45871709842386	-2.45340475926054	22 fp	4.6	fp	1
#FF0000	5	1	1	-2.45340475926054	-2.4403220724321	23 fp	4.6	fp	1
#FF0000	5	1	1	-2.4403220724321	-2.19093202336509	24 fp	4.6	fp	1
#FF0000	5	1	1	-2.19093202336509	-1.70975562988886	25 fp	4.6	fp	1
#FF0000	5	1	1	-1.70975562988886	-1.30556678281946	26 fp	4.6	fp	1
#FF0000	5	1	1	-1.30556678281946	-1.09932481093212	27 fp	4.6	fp	1
#FF0000	5	1	1	-1.09932481093212	-1.0154227566525	28 fp	4.6	fp	1
#FF0000	5	1	1	-1.0154227566525	-1.00135576037675	29 fp	4.6	fp	1
#FF0000	5	1	1	-1.00135576037675	-0.989307006366561	30 fp	4.6	fp	1
#FF0000	5	0	0	-0.989307006366561	-0.989134036202589	31 fp	4.6	fp	1
#FF0000	5	0	0	-0.989134036202589	-0.988893231938196	32 fp	4.6	fp	1
#FF0000	5	0	0	-0.988893231938196	-0.968263504582715	33 fp	4.6	fp	1
#FF0000	5	0	0	-0.968263504582715	-0.899385467897039	34 fp	4.6	fp	1
#FF0000	5	0	0	-0.899385467897039	-0.678987521191631	35 fp	4.6	fp	1
#FF0000	5	0	0	-0.678987521191631	-0.408139872451828	36 fp	4.6	fp	1
#FF0000	5	0	0	-0.408139872451828	-0.249624174041498	37 fp	4.6	fp	1
#FF0000	5	0	0	-0.249624174041498	-0.0801910112768258	38 fp	4.6	fp	1
#FF0000	5	0	0	-0.0801910112768258	0.115329151182443	39 fp	4.6	fp	1
#FF0000	5	0	0	0.115329151182443	0.298544061873653	40 fp	4.6	fp	1
#FF0000	5	0	0	0.298544061873653	0.460121155881064	41 fp	4.6	fp	1
#FF0000	5	0	0	0.460121155881064	0.638045485540612	42 fp	4.6	fp	1
#FF0000	5	0	0	0.638045485540612	0.822970604350525	43 fp	4.6	fp	1
#FF0000	5	0	0	0.822970604350525	1.0127264501757	44 fp	4.6	fp	1
#FF0000	5	0	0	1.0127264501757	1.21046541248413	45 fp	4.6	fp	1
#FF0000	5	0	0	1.21046541248413	1.37891053583511	46 fp	4.6	fp	1
#FF0000	5	0	0	1.37891053583511	1.54156862562895	47 fp	4.6	fp	1
#FF0000	5	0	0	1.54156862562895	1.57578190167313	48 fp	4.6	fp	1
#FF0000	5	0	0	1.57578190167313	1.57987566611961	49 fp	4.6	fp	1
#FF0000	5	0	0	1.57987566611961	1.58225811468401	50 fp	4.6	fp	1
#FF0000	5	0	0	1.58225811468401	1.64302098152048	51 fp	4.6	fp	1
#FF0000	5	0	0	1.64302098152048	1.92288682248449	52 fp	4.6	fp	1
#FF0000	5	0	0	1.92288682248449	3.08589939806206	53 fp	4.6	fp	1
#FF0000	5	0	0	3.08589939806206	9.08500842897606	54 fp	4.6	fp	1
#FF0000	5	6	6	-13.3670578848165	-7.34199737119048	1 fp	4.8	fp	1
#FF0000	5	6	6	-7.34199737119048	-4.04345598753607	2 fp	4.8	fp	1
#FF0000	5	3	3	-4.04345598753607	-3.15405687671473	3 fp	4.8	fp	1
#FF0000	5	2	2	-3.15405687671473	-2.72922035597277	4 fp	4.8	fp	1
#FF0000	5	2	2	-2.72922035597277	-2.62170980403531	5 fp	4.8	fp	1
#FF0000	5	2	2	-2.62170980403531	-2.60450907956303	6 fp	4.8	fp	1
#FF0000	5	2	2	-2.60450907956303	-2.59508053724272	7 fp	4.8	fp	1
#FF0000	5	2	2	-2.59508053724272	-2.58985635874694	8 fp	4.8	fp	1
#FF0000	5	2	2	-2.58985635874694	-2.58814741115137	9 fp	4.8	fp	1
#FF0000	5	1	1	-2.58814741115137	-2.58675174735288	10 fp	4.8	fp	1
#FF0000	5	1	1	-2.58675174735288	-2.57149816677717	11 fp	4.8	fp	1
#FF0000	5	1	1	-2.57149816677717	-2.55110196946485	12 fp	4.8	fp	1
#FF0000	5	1	1	-2.55110196946485	-2.53938963344197	13 fp	4.8	fp	1
#FF0000	5	1	1	-2.53938963344197	-2.52662158535874	14 fp	4.8	fp	1
#FF0000	5	1	1	-2.52662158535874	-2.50930827993967	15 fp	4.8	fp	1
#FF0000	5	1	1	-2.50930827993967	-2.49540807078698	16 fp	4.8	fp	1
#FF0000	5	1	1	-2.49540807078698	-2.48261262953773	17 fp	4.8	fp	1
#FF0000	5	1	1	-2.48261262953773	-2.47040257640679	18 fp	4.8	fp	1
#FF0000	5	1	1	-2.47040257640679	-2.46326103820639	19 fp	4.8	fp	1
#FF0000	5	1	1	-2.46326103820639	-2.46078307000063	20 fp	4.8	fp	1
#FF0000	5	1	1	-2.46078307000063	-2.45871709842386	21 fp	4.8	fp	1
#FF0000	5	1	1	-2.45871709842386	-2.45340475926054	22 fp	4.8	fp	1
#FF0000	5	1	1	-2.45340475926054	-2.4403220724321	23 fp	4.8	fp	1
#FF0000	5	1	1	-2.4403220724321	-2.19093202336509	24 fp	4.8	fp	1
#FF0000	5	1	1	-2.19093202336509	-1.70975562988886	25 fp	4.8	fp	1
#FF0000	5	1	1	-1.70975562988886	-1.30556678281946	26 fp	4.8	fp	1
#FF0000	5	1	1	-1.30556678281946	-1.09932481093212	27 fp	4.8	fp	1
#FF0000	5	1	1	-1.09932481093212	-1.0154227566525	28 fp	4.8	fp	1
#FF0000	5	1	1	-1.0154227566525	-1.00135576037675	29 fp	4.8	fp	1
#FF0000	5	1	1	-1.00135576037675	-0.989307006366561	30 fp	4.8	fp	1
#FF0000	5	0	0	-0.989307006366561	-0.989134036202589	31 fp	4.8	fp	1
#FF0000	5	0	0	-0.989134036202589	-0.988893231938196	32 fp	4.8	fp	1
#FF0000	5	0	0	-0.988893231938196	-0.968263504582715	33 fp	4.8	fp	1
#FF0000	5	0	0	-0.968263504582715	-0.899385467897039	34 fp	4.8	fp	1
#FF0000	5	0	0	-0.899385467897039	-0.678987521191631	35 fp	4.8	fp	1
#FF0000	5	0	0	-0.678987521191631	-0.408139872451828	36 fp	4.8	fp	1
#FF0000	5	0	0	-0.408139872451828	-0.249624174041498	37 fp	4.8	fp	1
#FF0000	5	0	0	-0.249624174041498	-0.0801910112768258	38 fp	4.8	fp	1
#FF0000	5	0	0	-0.0801910112768258	0.115329151182443	39 fp	4.8	fp	1
#FF0000	5	0	0	0.115329151182443	0.298544061873653	40 fp	4.8	fp	1
#FF0000	5	0	0	0.298544061873653	0.460121155881064	41 fp	4.8	fp	1
#FF0000	5	0	0	0.460121155881064	0.638045485540612	42 fp	4.8	fp	1
#FF0000	5	0	0	0.638045485540612	0.822970604350525	43 fp	4.8	fp	1
#FF0000	5	0	0	0.822970604350525	1.0127264501757	44 fp	4.8	fp	1
#FF0000	5	0	0	1.0127264501757	1.21046541248413	45 fp	4.8	fp	1
#FF0000	5	0	0	1.21046541248413	1.37891053583511	46 fp	4.8	fp	1
#FF0000	5	0	0	1.37891053583511	1.54156862562895	47 fp	4.8	fp	1
#FF0000	5	0	0	1.54156862562895	1.57578190167313	48 fp	4.8	fp	1
#FF0000	5	0	0	1.57578190167313	1.57987566611961	49 fp	4.8	fp	1
#FF0000	5	0	0	1.57987566611961	1.58225811468401	50 fp	4.8	fp	1
#FF0000	5	0	0	1.58225811468401	1.64302098152048	51 fp	4.8	fp	1
#FF0000	5	0	0	1.64302098152048	1.92288682248449	52 fp	4.8	fp	1
#FF0000	5	0	0	1.92288682248449	3.08589939806206	53 fp	4.8	fp	1
#FF0000	5	0	0	3.08589939806206	9.08500842897606	54 fp	4.8	fp	1
#FF0000	5	6	6	-13.3670578848165	-7.34199737119048	1 fp	5	fp	1
#FF0000	5	6	6	-7.34199737119048	-4.04345598753607	2 fp	5	fp	1
#FF0000	5	3	3	-4.04345598753607	-3.15405687671473	3 fp	5	fp	1
#FF0000	5	2	2	-3.15405687671473	-2.72922035597277	4 fp	5	fp	1
#FF0000	5	2	2	-2.72922035597277	-2.62170980403531	5 fp	5	fp	1
#FF0000	5	2	2	-2.62170980403531	-2.60450907956303	6 fp	5	fp	1
#FF0000	5	2	2	-2.60450907956303	-2.59508053724272	7 fp	5	fp	1
#FF0000	5	2	2	-2.59508053724272	-2.58985635874694	8 fp	5	fp	1
#FF0000	5	2	2	-2.58985635874694	-2.58814741115137	9 fp	5	fp	1
#FF0000	5	1	1	-2.58814741115137	-2.58675174735288	10 fp	5	fp	1
#FF0000	5	1	1	-2.58675174735288	-2.57149816677717	11 fp	5	fp	1
#FF0000	5	1	1	-2.57149816677717	-2.55110196946485	12 fp	5	fp	1
#FF0000	5	1	1	-2.55110196946485	-2.53938963344197	13 fp	5	fp	1
#FF0000	5	1	1	-2.53938963344197	-2.52662158535874	14 fp	5	fp	1
#FF0000	5	1	1	-2.52662158535874	-2.50930827993967	15 fp	5	fp	1
#FF0000	5	1	1	-2.50930827993967	-2.49540807078698	16 fp	5	fp	1
#FF0000	5	1	1	-2.49540807078698	-2.48261262953773	17 fp	5	fp	1
#FF0000	5	1	1	-2.48261262953773	-2.47040257640679	18 fp	5	fp	1
#FF0000	5	1	1	-2.47040257640679	-2.46326103820639	19 fp	5	fp	1
#FF0000	5	1	1	-2.46326103820639	-2.46078307000063	20 fp	5	fp	1
#FF0000	5	1	1	-2.46078307000063	-2.45871709842386	21 fp	5	fp	1
#FF0000	5	1	1	-2.45871709842386	-2.45340475926054	22 fp	5	fp	1
#FF0000	5	1	1	-2.45340475926054	-2.4403220724321	23 fp	5	fp	1
#FF0000	5	1	1	-2.4403220724321	-2.19093202336509	24 fp	5	fp	1
#FF0000	5	1	1	-2.19093202336509	-1.70975562988886	25 fp	5	fp	1
#FF0000	5	1	1	-1.70975562988886	-1.30556678281946	26 fp	5	fp	1
#FF0000	5	1	1	-1.30556678281946	-1.09932481093212	27 fp	5	fp	1
#FF0000	5	1	1	-1.09932481093212	-1.0154227566525	28 fp	5	fp	1
#FF0000	5	1	1	-1.0154227566525	-1.00135576037675	29 fp	5	fp	1
#FF0000	5	1	1	-1.00135576037675	-0.989307006366561	30 fp	5	fp	1
#FF0000	5	0	0	-0.989307006366561	-0.989134036202589	31 fp	5	fp	1
#FF0000	5	0	0	-0.989134036202589	-0.988893231938196	32 fp	5	fp	1
#FF0000	5	0	0	-0.988893231938196	-0.968263504582715	33 fp	5	fp	1
#FF0000	5	0	0	-0.968263504582715	-0.899385467897039	34 fp	5	fp	1
#FF0000	5	0	0	-0.899385467897039	-0.678987521191631	35 fp	5	fp	1
#FF0000	5	0	0	-0.678987521191631	-0.408139872451828	36 fp	5	fp	1
#FF0000	5	0	0	-0.408139872451828	-0.249624174041498	37 fp	5	fp	1
#FF0000	5	0	0	-0.249624174041498	-0.0801910112768258	38 fp	5	fp	1
#FF0000	5	0	0	-0.0801910112768258	0.115329151182443	39 fp	5	fp	1
#FF0000	5	0	0	0.115329151182443	0.298544061873653	40 fp	5	fp	1
#FF0000	5	0	0	0.298544061873653	0.460121155881064	41 fp	5	fp	1
#FF0000	5	0	0	0.460121155881064	0.638045485540612	42 fp	5	fp	1
#FF0000	5	0	0	0.638045485540612	0.822970604350525	43 fp	5	fp	1
#FF0000	5	0	0	0.822970604350525	1.0127264501757	44 fp	5	fp	1
#FF0000	5	0	0	1.0127264501757	1.21046541248413	45 fp	5	fp	1
#FF0000	5	0	0	1.21046541248413	1.37891053583511	46 fp	5	fp	1
#FF0000	5	0	0	1.37891053583511	1.54156862562895	47 fp	5	fp	1
#FF0000	5	0	0	1.54156862562895	1.57578190167313	48 fp	5	fp	1
#FF0000	5	0	0	1.57578190167313	1.57987566611961	49 fp	5	fp	1
#FF0000	5	0	0	1.57987566611961	1.58225811468401	50 fp	5	fp	1
#FF0000	5	0	0	1.58225811468401	1.64302098152048	51 fp	5	fp	1
#FF0000	5	0	0	1.64302098152048	1.92288682248449	52 fp	5	fp	1
#FF0000	5	0	0	1.92288682248449	3.08589939806206	53 fp	5	fp	1
#FF0000	5	0	0	3.08589939806206	9.08500842897606	54 fp	5	fp	1
#00BFFF	3	0	0	-13.3670578848165	-7.34199737119048	1 fn	-5	fn	1
#00BFFF	3	0	0	-7.34199737119048	-4.04345598753607	2 fn	-5	fn	1
#00BFFF	3	0	0	-4.04345598753607	-3.15405687671473	3 fn	-5	fn	1
#00BFFF	3	0	0	-3.15405687671473	-2.72922035597277	4 fn	-5	fn	1
#00BFFF	3	0	0	-2.72922035597277	-2.62170980403531	5 fn	-5	fn	1
#00BFFF	3	0	0	-2.62170980403531	-2.60450907956303	6 fn	-5	fn	1
#00BFFF	3	0	0	-2.60450907956303	-2.59508053724272	7 fn	-5	fn	1
#00BFFF	3	0	0	-2.59508053724272	-2.58985635874694	8 fn	-5	fn	1
#00BFFF	3	0	0	-2.58985635874694	-2.58814741115137	9 fn	-5	fn	1
#00BFFF	3	0	0	-2.58814741115137	-2.58675174735288	10 fn	-5	fn	1
#00BFFF	3	0	0	-2.58675174735288	-2.57149816677717	11 fn	-5	fn	1
#00BFFF	3	0	0	-2.57149816677717	-2.55110196946485	12 fn	-5	fn	1
#00BFFF	3	0	0	-2.55110196946485	-2.53938963344197	13 fn	-5	fn	1
#00BFFF	3	0	0	-2.53938963344197	-2.52662158535874	14 fn	-5	fn	1
#00BFFF	3	0	0	-2.52662158535874	-2.50930827993967	15 fn	-5	fn	1
#00BFFF	3	0	0	-2.50930827993967	-2.49540807078698	16 fn	-5	fn	1
#00BFFF	3	0	0	-2.49540807078698	-2.48261262953773	17 fn	-5	fn	1
#00BFFF	3	0	0	-2.48261262953773	-2.47040257640679	18 fn	-5	fn	1
#00BFFF	3	0	0	-2.47040257640679	-2.46326103820639	19 fn	-5	fn	1
#00BFFF	3	0	0	-2.46326103820639	-2.46078307000063	20 fn	-5	fn	1
#00BFFF	3	1	1	-2.46078307000063	-2.45871709842386	21 fn	-5	fn	1
#00BFFF	3	1	1	-2.45871709842386	-2.45340475926054	22 fn	-5	fn	1
#00BFFF	3	1	1	-2.45340475926054	-2.4403220724321	23 fn	-5	fn	1
#00BFFF	3	1	1	-2.4403220724321	-2.19093202336509	24 fn	-5	fn	1
#00BFFF	3	1	1	-2.19093202336509	-1.70975562988886	25 fn	-5	fn	1
#00BFFF	3	1	1	-1.70975562988886	-1.30556678281946	26 fn	-5	fn	1
#00BFFF	3	1	1	-1.30556678281946	-1.09932481093212	27 fn	-5	fn	1
#00BFFF	3	1	1	-1.09932481093212	-1.0154227566525	28 fn	-5	fn	1
#00BFFF	3	1	1	-1.0154227566525	-1.00135576037675	29 fn	-5	fn	1
#00BFFF	3	1	1	-1.00135576037675	-0.989307006366561	30 fn	-5	fn	1
#00BFFF	3	1	1	-0.989307006366561	-0.989134036202589	31 fn	-5	fn	1
#00BFFF	3	1	1	-0.989134036202589	-0.988893231938196	32 fn	-5	fn	1
#00BFFF	3	1	1	-0.988893231938196	-0.968263504582715	33 fn	-5	fn	1
#00BFFF	3	1	1	-0.968263504582715	-0.899385467897039	34 fn	-5	fn	1
#00BFFF	3	1	1	-0.899385467897039	-0.678987521191631	35 fn	-5	fn	1
#00BFFF	3	1	1	-0.678987521191631	-0.408139872451828	36 fn	-5	fn	1
#00BFFF	3	1	1	-0.408139872451828	-0.249624174041498	37 fn	-5	fn	1
#00BFFF	3	1	1	-0.249624174041498	-0.0801910112768258	38 fn	-5	fn	1
#00BFFF	3	1	1	-0.0801910112768258	0.115329151182443	39 fn	-5	fn	1
#00BFFF	3	1	1	0.115329151182443	0.298544061873653	40 fn	-5	fn	1
#00BFFF	3	1	1	0.298544061873653	0.460121155881064	41 fn	-5	fn	1
#00BFFF	3	1	1	0.460121155881064	0.638045485540612	42 fn	-5	fn	1
#00BFFF	3	1	1	0.638045485540612	0.822970604350525	43 fn	-5	fn	1
#00BFFF	3	1	1	0.822970604350525	1.0127264501757	44 fn	-5	fn	1
#00BFFF	3	1	1	1.0127264501757	1.21046541248413	45 fn	-5	fn	1
#00BFFF	3	1	1	1.21046541248413	1.37891053583511	46 fn	-5	fn	1
#00BFFF	3	1	1	1.37891053583511	1.54156862562895	47 fn	-5	fn	1
#00BFFF	3	1	1	1.54156862562895	1.57578190167313	48 fn	-5	fn	1
#00BFFF	3	2	2	1.57578190167313	1.57987566611961	49 fn	-5	fn	1
#00BFFF	3	2	2	1.57987566611961	1.58225811468401	50 fn	-5	fn	1
#00BFFF	3	2	2	1.58225811468401	1.64302098152048	51 fn	-5	fn	1
#00BFFF	3	2	2	1.64302098152048	1.92288682248449	52 fn	-5	fn	1
#00BFFF	3	2	2	1.92288682248449	3.08589939806206	53 fn	-5	fn	1
#00BFFF	3	2	2	3.08589939806206	9.08500842897606	54 fn	-5	fn	1
#00BFFF	3	0	0	-13.3670578848165	-7.34199737119048	1 fn	-4.8	fn	1
#00BFFF	3	0	0	-7.34199737119048	-4.04345598753607	2 fn	-4.8	fn	1
#00BFFF	3	0	0	-4.04345598753607	-3.15405687671473	3 fn	-4.8	fn	1
#00BFFF	3	0	0	-3.15405687671473	-2.72922035597277	4 fn	-4.8	fn	1
#00BFFF	3	0	0	-2.72922035597277	-2.62170980403531	5 fn	-4.8	fn	1
#00BFFF	3	0	0	-2.62170980403531	-2.60450907956303	6 fn	-4.8	fn	1
#00BFFF	3	0	0	-2.60450907956303	-2.59508053724272	7 fn	-4.8	fn	1
#00BFFF	3	0	0	-2.59508053724272	-2.58985635874694	8 fn	-4.8	fn	1
#00BFFF	3	0	0	-2.58985635874694	-2.58814741115137	9 fn	-4.8	fn	1
#00BFFF	3	0	0	-2.58814741115137	-2.58675174735288	10 fn	-4.8	fn	1
#00BFFF	3	0	0	-2.58675174735288	-2.57149816677717	11 fn	-4.8	fn	1
#00BFFF	3	0	0	-2.57149816677717	-2.55110196946485	12 fn	-4.8	fn	1
#00BFFF	3	0	0	-2.55110196946485	-2.53938963344197	13 fn	-4.8	fn	1
#00BFFF	3	0	0	-2.53938963344197	-2.52662158535874	14 fn	-4.8	fn	1
#00BFFF	3	0	0	-2.52662158535874	-2.50930827993967	15 fn	-4.8	fn	1
#00BFFF	3	0	0	-2.50930827993967	-2.49540807078698	16 fn	-4.8	fn	1
#00BFFF	3	0	0	-2.49540807078698	-2.48261262953773	17 fn	-4.8	fn	1
#00BFFF	3	0	0	-2.48261262953773	-2.47040257640679	18 fn	-4.8	fn	1
#00BFFF	3	0	0	-2.47040257640679	-2.46326103820639	19 fn	-4.8	fn	1
#00BFFF	3	0	0	-2.46326103820639	-2.46078307000063	20 fn	-4.8	fn	1
#00BFFF	3	1	1	-2.46078307000063	-2.45871709842386	21 fn	-4.8	fn	1
#00BFFF	3	1	1	-2.45871709842386	-2.45340475926054	22 fn	-4.8	fn	1
#00BFFF	3	1	1	-2.45340475926054	-2.4403220724321	23 fn	-4.8	fn	1
#00BFFF	3	1	1	-2.4403220724321	-2.19093202336509	24 fn	-4.8	fn	1
#00BFFF	3	1	1	-2.19093202336509	-1.70975562988886	25 fn	-4.8	fn	1
#00BFFF	3	1	1	-1.70975562988886	-1.30556678281946	26 fn	-4.8	fn	1
#00BFFF	3	1	1	-1.30556678281946	-1.09932481093212	27 fn	-4.8	fn	1
#00BFFF	3	1	1	-1.09932481093212	-1.0154227566525	28 fn	-4.8	fn	1
#00BFFF	3	1	1	-1.0154227566525	-1.00135576037675	29 fn	-4.8	fn	1
#00BFFF	3	1	1	-1.00135576037675	-0.989307006366561	30 fn	-4.8	fn	1
#00BFFF	3	1	1	-0.989307006366561	-0.989134036202589	31 fn	-4.8	fn	1
#00BFFF	3	1	1	-0.989134036202589	-0.988893231938196	32 fn	-4.8	fn	1
#00BFFF	3	1	1	-0.988893231938196	-0.968263504582715	33 fn	-4.8	fn	1
#00BFFF	3	1	1	-0.968263504582715	-0.899385467897039	34 fn	-4.8	fn	1
#00BFFF	3	1	1	-0.899385467897039	-0.678987521191631	35 fn	-4.8	fn	1
#00BFFF	3	1	1	-0.678987521191631	-0.408139872451828	36 fn	-4.8	fn	1
#00BFFF	3	1	1	-0.408139872451828	-0.249624174041498	37 fn	-4.8	fn	1
#00BFFF	3	1	1	-0.249624174041498	-0.0801910112768258	38 fn	-4.8	fn	1
#00BFFF	3	1	1	-0.0801910112768258	0.115329151182443	39 fn	-4.8	fn	1
#00BFFF	3	1	1	0.115329151182443	0.298544061873653	40 fn	-4.8	fn	1
#00BFFF	3	1	1	0.298544061873653	0.460121155881064	41 fn	-4.8	fn	1
#00BFFF	3	1	1	0.460121155881064	0.638045485540612	42 fn	-4.8	fn	1
#00BFFF	3	1	1	0.638045485540612	0.822970604350525	43 fn	-4.8	fn	1
#00BFFF	3	1	1	0.822970604350525	1.0127264501757	44 fn	-4.8	fn	1
#00BFFF	3	1	1	1.0127264501757	1.21046541248413	45 fn	-4.8	fn	1
#00BFFF	3	1	1	1.21046541248413	1.37891053583511	46 fn	-4.8	fn	1
#00BFFF	3	1	1	1.37891053583511	1.54156862562895	47 fn	-4.8	fn	1
#00BFFF	3	1	1	1.54156862562895	1.57578190167313	48 fn	-4.8	fn	1
#00BFFF	3	2	2	1.57578190167313	1.57987566611961	49 fn	-4.8	fn	1
#00BFFF	3	2	2	1.57987566611961	1.58225811468401	50 fn	-4.8	fn	1
#00BFFF	3	2	2	1.58225811468401	1.64302098152048	51 fn	-4.8	fn	1
#00BFFF	3	2	2	1.64302098152048	1.92288682248449	52 fn	-4.8	fn	1
#00BFFF	3	2	2	1.92288682248449	3.08589939806206	53 fn	-4.8	fn	1
#00BFFF	3	2	2	3.08589939806206	9.08500842897606	54 fn	-4.8	fn	1
#00BFFF	3	0	0	-13.3670578848165	-7.34199737119048	1 fn	-4.6	fn	1
#00BFFF	3	0	0	-7.34199737119048	-4.04345598753607	2 fn	-4.6	fn	1
#00BFFF	3	0	0	-4.04345598753607	-3.15405687671473	3 fn	-4.6	fn	1
#00BFFF	3	0	0	-3.15405687671473	-2.72922035597277	4 fn	-4.6	fn	1
#00BFFF	3	0	0	-2.72922035597277	-2.62170980403531	5 fn	-4.6	fn	1
#00BFFF	3	0	0	-2.62170980403531	-2.60450907956303	6 fn	-4.6	fn	1
#00BFFF	3	0	0	-2.60450907956303	-2.59508053724272	7 fn	-4.6	fn	1
#00BFFF	3	0	0	-2.59508053724272	-2.58985635874694	8 fn	-4.6	fn	1
#00BFFF	3	0	0	-2.58985635874694	-2.58814741115137	9 fn	-4.6	fn	1
#00BFFF	3	0	0	-2.58814741115137	-2.58675174735288	10 fn	-4.6	fn	1
#00BFFF	3	0	0	-2.58675174735288	-2.57149816677717	11 fn	-4.6	fn	1
#00BFFF	3	0	0	-2.57149816677717	-2.55110196946485	12 fn	-4.6	fn	1
#00BFFF	3	0	0	-2.55110196946485	-2.53938963344197	13 fn	-4.6	fn	1
#00BFFF	3	0	0	-2.53938963344197	-2.52662158535874	14 fn	-4.6	fn	1
#00BFFF	3	0	0	-2.52662158535874	-2.50930827993967	15 fn	-4.6	fn	1
#00BFFF	3	0	0	-2.50930827993967	-2.49540807078698	16 fn	-4.6	fn	1
#00BFFF	3	0	0	-2.49540807078698	-2.48261262953773	17 fn	-4.6	fn	1
#00BFFF	3	0	0	-2.48261262953773	-2.47040257640679	18 fn	-4.6	fn	1
#00BFFF	3	0	0	-2.47040257640679	-2.46326103820639	19 fn	-4.6	fn	1
#00BFFF	3	0	0	-2.46326103820639	-2.46078307000063	20 fn	-4.6	fn	1
#00BFFF	3	1	1	-2.46078307000063	-2.45871709842386	21 fn	-4.6	fn	1
#00BFFF	3	1	1	-2.45871709842386	-2.45340475926054	22 fn	-4.6	fn	1
#00BFFF	3	1	1	-2.45340475926054	-2.4403220724321	23 fn	-4.6	fn	1
#00BFFF	3	1	1	-2.4403220724321	-2.19093202336509	24 fn	-4.6	fn	1
#00BFFF	3	1	1	-2.19093202336509	-1.70975562988886	25 fn	-4.6	fn	1
#00BFFF	3	1	1	-1.70975562988886	-1.30556678281946	26 fn	-4.6	fn	1
#00BFFF	3	1	1	-1.30556678281946	-1.09932481093212	27 fn	-4.6	fn	1
#00BFFF	3	1	1	-1.09932481093212	-1.0154227566525	28 fn	-4.6	fn	1
#00BFFF	3	1	1	-1.0154227566525	-1.00135576037675	29 fn	-4.6	fn	1
#00BFFF	3	1	1	-1.00135576037675	-0.989307006366561	30 fn	-4.6	fn	1
#00BFFF	3	1	1	-0.989307006366561	-0.989134036202589	31 fn	-4.6	fn	1
#00BFFF	3	1	1	-0.989134036202589	-0.988893231938196	32 fn	-4.6	fn	1
#00BFFF	3	1	1	-0.988893231938196	-0.968263504582715	33 fn	-4.6	fn	1
#00BFFF	3	1	1	-0.968263504582715	-0.899385467897039	34 fn	-4.6	fn	1
#00BFFF	3	1	1	-0.899385467897039	-0.678987521191631	35 fn	-4.6	fn	1
#00BFFF	3	1	1	-0.678987521191631	-0.408139872451828	36 fn	-4.6	fn	1
#00BFFF	3	1	1	-0.408139872451828	-0.249624174041498	37 fn	-4.6	fn	1
#00BFFF	3	1	1	-0.249624174041498	-0.0801910112768258	38 fn	-4.6	fn	1
#00BFFF	3	1	1	-0.0801910112768258	0.115329151182443	39 fn	-4.6	fn	1
#00BFFF	3	1	1	0.115329151182443	0.298544061873653	40 fn	-4.6	fn	1
#00BFFF	3	1	1	0.298544061873653	0.460121155881064	41 fn	-4.6	fn	1
#00BFFF	3	1	1	0.460121155881064	0.638045485540612	42 fn	-4.6	fn	1
#00BFFF	3	1	1	0.638045485540612	0.822970604350525	43 fn	-4.6	fn	1
#00BFFF	3	1	1	0.822970604350525	1.0127264501757	44 fn	-4.6	fn	1
#00BFFF	3	1	1	1.0127264501757	1.21046541248413	45 fn	-4.6	fn	1
#00BFFF	3	1	1	1.21046541248413	1.37891053583511	46 fn	-4.6	fn	1
#00BFFF	3	1	1	1.37891053583511	1.54156862562895	47 fn	-4.6	fn	1
#00BFFF	3	1	1	1.54156862562895	1.57578190167313	48 fn	-4.6	fn	1
#00BFFF	3	2	2	1.57578190167313	1.57987566611961	49 fn	-4.6	fn	1
#00BFFF	3	2	2	1.57987566611961	1.58225811468401	50 fn	-4.6	fn	1
#00BFFF	3	2	2	1.58225811468401	1.64302098152048	51 fn	-4.6	fn	1
#00BFFF	3	2	2	1.64302098152048	1.92288682248449	52 fn	-4.6	fn	1
#00BFFF	3	2	2	1.92288682248449	3.08589939806206	53 fn	-4.6	fn	1
#00BFFF	3	2	2	3.08589939806206	9.08500842897606	54 fn	-4.6	fn	1
#00BFFF	3	0	0	-13.3670578848165	-7.34199737119048	1 fn	-4.4	fn	1
#00BFFF	3	0	0	-7.34199737119048	-4.04345598753607	2 fn	-4.4	fn	1
#00BFFF	3	0	0	-4.04345598753607	-3.15405687671473	3 fn	-4.4	fn	1
#00BFFF	3	0	0	-3.15405687671473	-2.72922035597277	4 fn	-4.4	fn	1
#00BFFF	3	0	0	-2.72922035597277	-2.62170980403531	5 fn	-4.4	fn	1
#00BFFF	3	0	0	-2.62170980403531	-2.60450907956303	6 fn	-4.4	fn	1
#00BFFF	3	0	0	-2.60450907956303	-2.59508053724272	7 fn	-4.4	fn	1
#00BFFF	3	0	0	-2.59508053724272	-2.58985635874694	8 fn	-4.4	fn	1
#00BFFF	3	0	0	-2.58985635874694	-2.58814741115137	9 fn	-4.4	fn	1
#00BFFF	3	0	0	-2.58814741115137	-2.58675174735288	10 fn	-4.4	fn	1
#00BFFF	3	0	0	-2.58675174735288	-2.57149816677717	11 fn	-4.4	fn	1
#00BFFF	3	0	0	-2.57149816677717	-2.55110196946485	12 fn	-4.4	fn	1
#00BFFF	3	0	0	-2.55110196946485	-2.53938963344197	13 fn	-4.4	fn	1
#00BFFF	3	0	0	-2.53938963344197	-2.52662158535874	14 fn	-4.4	fn	1
#00BFFF	3	0	0	-2.52662158535874	-2.50930827993967	15 fn	-4.4	fn	1
#00BFFF	3	0	0	-2.50930827993967	-2.49540807078698	16 fn	-4.4	fn	1
#00BFFF	3	0	0	-2.49540807078698	-2.48261262953773	17 fn	-4.4	fn	1
#00BFFF	3	0	0	-2.48261262953773	-2.47040257640679	18 fn	-4.4	fn	1
#00BFFF	3	0	0	-2.47040257640679	-2.46326103820639	19 fn	-4.4	fn	1
#00BFFF	3	0	0	-2.46326103820639	-2.46078307000063	20 fn	-4.4	fn	1
#00BFFF	3	1	1	-2.46078307000063	-2.45871709842386	21 fn	-4.4	fn	1
#00BFFF	3	1	1	-2.45871709842386	-2.45340475926054	22 fn	-4.4	fn	1
#00BFFF	3	1	1	-2.45340475926054	-2.4403220724321	23 fn	-4.4	fn	1
#00BFFF	3	1	1	-2.4403220724321	-2.19093202336509	24 fn	-4.4	fn	1
#00BFFF	3	1	1	-2.19093202336509	-1.70975562988886	25 fn	-4.4	fn	1
#00BFFF	3	1	1	-1.70975562988886	-1.30556678281946	26 fn	-4.4	fn	1
#00BFFF	3	1	1	-1.30556678281946	-1.09932481093212	27 fn	-4.4	fn	1
#00BFFF	3	1	1	-1.09932481093212	-1.0154227566525	28 fn	-4.4	fn	1
#00BFFF	3	1	1	-1.0154227566525	-1.00135576037675	29 fn	-4.4	fn	1
#00BFFF	3	1	1	-1.00135576037675	-0.989307006366561	30 fn	-4.4	fn	1
#00BFFF	3	1	1	-0.989307006366561	-0.989134036202589	31 fn	-4.4	fn	1
#00BFFF	3	1	1	-0.989134036202589	-0.988893231938196	32 fn	-4.4	fn	1
#00BFFF	3	1	1	-0.988893231938196	-0.968263504582715	33 fn	-4.4	fn	1
#00BFFF	3	1	1	-0.968263504582715	-0.899385467897039	34 fn	-4.4	fn	1
#00BFFF	3	1	1	-0.899385467897039	-0.678987521191631	35 fn	-4.4	fn	1
#00BFFF	3	1	1	-0.678987521191631	-0.408139872451828	36 fn	-4.4	fn	1
#00BFFF	3	1	1	-0.408139872451828	-0.249624174041498	37 fn	-4.4	fn	1
#00BFFF	3	1	1	-0.249624174041498	-0.0801910112768258	38 fn	-4.4	fn	1
#00BFFF	3	1	1	-0.0801910112768258	0.115329151182443	39 fn	-4.4	fn	1
#00BFFF	3	1	1	0.115329151182443	0.298544061873653	40 fn	-4.4	fn	1
#00BFFF	3	1	1	0.298544061873653	0.460121155881064	41 fn	-4.4	fn	1
#00BFFF	3	1	1	0.460121155881064	0.638045485540612	42 fn	-4.4	fn	1
#00BFFF	3	1	1	0.638045485540612	0.822970604350525	43 fn	-4.4	fn	1
#00BFFF	3	1	1	0.822970604350525	1.0127264501757	44 fn	-4.4	fn	1
#00BFFF	3	1	1	1.0127264501757	1.21046541248413	45 fn	-4.4	fn	1
#00BFFF	3	1	1	1.21046541248413	1.37891053583511	46 fn	-4.4	fn	1
#00BFFF	3	1	1	1.37891053583511	1.54156862562895	47 fn	-4.4	fn	1
#00BFFF	3	1	1	1.54156862562895	1.57578190167313	48 fn	-4.4	fn	1
#00BFFF	3	2	2	1.57578190167313	1.57987566611961	49 fn	-4.4	fn	1
#00BFFF	3	2	2	1.57987566611961	1.58225811468401	50 fn	-4.4	fn	1
#00BFFF	3	2	2	1.58225811468401	1.64302098152048	51 fn	-4.4	fn	1
#00BFFF	3	2	2	1.64302098152048	1.92288682248449	52 fn	-4.4	fn	1
#00BFFF	3	2	2	1.92288682248449	3.08589939806206	53 fn	-4.4	fn	1
#00BFFF	3	2	2	3.08589939806206	9.08500842897606	54 fn	-4.4	fn	1
#00BFFF	3	0	0	-13.3670578848165	-7.34199737119048	1 fn	-4.2	fn	1
#00BFFF	3	0	0	-7.34199737119048	-4.04345598753607	2 fn	-4.2	fn	1
#00BFFF	3	0	0	-4.04345598753607	-3.15405687671473	3 fn	-4.2	fn	1
#00BFFF	3	0	0	-3.15405687671473	-2.72922035597277	4 fn	-4.2	fn	1
#00BFFF	3	0	0	-2.72922035597277	-2.62170980403531	5 fn	-4.2	fn	1
#00BFFF	3	0	0	-2.62170980403531	-2.60450907956303	6 fn	-4.2	fn	1
#00BFFF	3	0	0	-2.60450907956303	-2.59508053724272	7 fn	-4.2	fn	1
#00BFFF	3	0	0	-2.59508053724272	-2.58985635874694	8 fn	-4.2	fn	1
#00BFFF	3	0	0	-2.58985635874694	-2.58814741115137	9 fn	-4.2	fn	1
#00BFFF	3	0	0	-2.58814741115137	-2.58675174735288	10 fn	-4.2	fn	1
#00BFFF	3	0	0	-2.58675174735288	-2.57149816677717	11 fn	-4.2	fn	1
#00BFFF	3	0	0	-2.57149816677717	-2.55110196946485	12 fn	-4.2	fn	1
#00BFFF	3	0	0	-2.55110196946485	-2.53938963344197	13 fn	-4.2	fn	1
#00BFFF	3	0	0	-2.53938963344197	-2.52662158535874	14 fn	-4.2	fn	1
#00BFFF	3	0	0	-2.52662158535874	-2.50930827993967	15 fn	-4.2	fn	1
#00BFFF	3	0	0	-2.50930827993967	-2.49540807078698	16 fn	-4.2	fn	1
#00BFFF	3	0	0	-2.49540807078698	-2.48261262953773	17 fn	-4.2	fn	1
#00BFFF	3	0	0	-2.48261262953773	-2.47040257640679	18 fn	-4.2	fn	1
#00BFFF	3	0	0	-2.47040257640679	-2.46326103820639	19 fn	-4.2	fn	1
#00BFFF	3	0	0	-2.46326103820639	-2.46078307000063	20 fn	-4.2	fn	1
#00BFFF	3	1	1	-2.46078307000063	-2.45871709842386	21 fn	-4.2	fn	1
#00BFFF	3	1	1	-2.45871709842386	-2.45340475926054	22 fn	-4.2	fn	1
#00BFFF	3	1	1	-2.45340475926054	-2.4403220724321	23 fn	-4.2	fn	1
#00BFFF	3	1	1	-2.4403220724321	-2.19093202336509	24 fn	-4.2	fn	1
#00BFFF	3	1	1	-2.19093202336509	-1.70975562988886	25 fn	-4.2	fn	1
#00BFFF	3	1	1	-1.70975562988886	-1.30556678281946	26 fn	-4.2	fn	1
#00BFFF	3	1	1	-1.30556678281946	-1.09932481093212	27 fn	-4.2	fn	1
#00BFFF	3	1	1	-1.09932481093212	-1.0154227566525	28 fn	-4.2	fn	1
#00BFFF	3	1	1	-1.0154227566525	-1.00135576037675	29 fn	-4.2	fn	1
#00BFFF	3	1	1	-1.00135576037675	-0.989307006366561	30 fn	-4.2	fn	1
#00BFFF	3	1	1	-0.989307006366561	-0.989134036202589	31 fn	-4.2	fn	1
#00BFFF	3	1	1	-0.989134036202589	-0.988893231938196	32 fn	-4.2	fn	1
#00BFFF	3	1	1	-0.988893231938196	-0.968263504582715	33 fn	-4.2	fn	1
#00BFFF	3	1	1	-0.968263504582715	-0.899385467897039	34 fn	-4.2	fn	1
#00BFFF	3	1	1	-0.899385467897039	-0.678987521191631	35 fn	-4.2	fn	1
#00BFFF	3	1	1	-0.678987521191631	-0.408139872451828	36 fn	-4.2	fn	1
#00BFFF	3	1	1	-0.408139872451828	-0.249624174041498	37 fn	-4.2	fn	1
#00BFFF	3	1	1	-0.249624174041498	-0.0801910112768258	38 fn	-4.2	fn	1
#00BFFF	3	1	1	-0.0801910112768258	0.115329151182443	39 fn	-4.2	fn	1
#00BFFF	3	1	1	0.115329151182443	0.298544061873653	40 fn	-4.2	fn	1
#00BFFF	3	1	1	0.298544061873653	0.460121155881064	41 fn	-4.2	fn	1
#00BFFF	3	1	1	0.460121155881064	0.638045485540612	42 fn	-4.2	fn	1
#00BFFF	3	1	1	0.638045485540612	0.822970604350525	43 fn	-4.2	fn	1
#00BFFF	3	1	1	0.822970604350525	1.0127264501757	44 fn	-4.2	fn	1
#00BFFF	3	1	1	1.0127264501757	1.21046541248413	45 fn	-4.2	fn	1
#00BFFF	3	1	1	1.21046541248413	1.37891053583511	46 fn	-4.2	fn	1
#00BFFF	3	1	1	1.37891053583511	1.54156862562895	47 fn	-4.2	fn	1
#00BFFF	3	1	1	1.54156862562895	1.57578190167313	48 fn	-4.2	fn	1
#00BFFF	3	2	2	1.57578190167313	1.57987566611961	49 fn	-4.2	fn	1
#00BFFF	3	2	2	1.57987566611961	1.58225811468401	50 fn	-4.2	fn	1
#00BFFF	3	2	2	1.58225811468401	1.64302098152048	51 fn	-4.2	fn	1
#00BFFF	3	2	2	1.64302098152048	1.92288682248449	52 fn	-4.2	fn	1
#00BFFF	3	2	2	1.92288682248449	3.08589939806206	53 fn	-4.2	fn	1
#00BFFF	3	2	2	3.08589939806206	9.08500842897606	54 fn	-4.2	fn	1
#00BFFF	3	0	0	-13.3670578848165	-7.34199737119048	1 fn	-4	fn	1
#00BFFF	3	0	0	-7.34199737119048	-4.04345598753607	2 fn	-4	fn	1
#00BFFF	3	0	0	-4.04345598753607	-3.15405687671473	3 fn	-4	fn	1
#00BFFF	3	0	0	-3.15405687671473	-2.72922035597277	4 fn	-4	fn	1
#00BFFF	3	0	0	-2.72922035597277	-2.62170980403531	5 fn	-4	fn	1
#00BFFF	3	0	0	-2.62170980403531	-2.60450907956303	6 fn	-4	fn	1
#00BFFF	3	0	0	-2.60450907956303	-2.59508053724272	7 fn	-4	fn	1
#00BFFF	3	0	0	-2.59508053724272	-2.58985635874694	8 fn	-4	fn	1
#00BFFF	3	0	0	-2.58985635874694	-2.58814741115137	9 fn	-4	fn	1
#00BFFF	3	0	0	-2.58814741115137	-2.58675174735288	10 fn	-4	fn	1
#00BFFF	3	0	0	-2.58675174735288	-2.57149816677717	11 fn	-4	fn	1
#00BFFF	3	0	0	-2.57149816677717	-2.55110196946485	12 fn	-4	fn	1
#00BFFF	3	0	0	-2.55110196946485	-2.53938963344197	13 fn	-4	fn	1
#00BFFF	3	0	0	-2.53938963344197	-2.52662158535874	14 fn	-4	fn	1
#00BFFF	3	0	0	-2.52662158535874	-2.50930827993967	15 fn	-4	fn	1
#00BFFF	3	0	0	-2.50930827993967	-2.49540807078698	16 fn	-4	fn	1
#00BFFF	3	0	0	-2.49540807078698	-2.48261262953773	17 fn	-4	fn	1
#00BFFF	3	0	0	-2.48261262953773	-2.47040257640679	18 fn	-4	fn	1
#00BFFF	3	0	0	-2.47040257640679	-2.46326103820639	19 fn	-4	fn	1
#00BFFF	3	0	0	-2.46326103820639	-2.46078307000063	20 fn	-4	fn	1
#00BFFF	3	1	1	-2.46078307000063	-2.45871709842386	21 fn	-4	fn	1
#00BFFF	3	1	1	-2.45871709842386	-2.45340475926054	22 fn	-4	fn	1
#00BFFF	3	1	1	-2.45340475926054	-2.4403220724321	23 fn	-4	fn	1
#00BFFF	3	1	1	-2.4403220724321	-2.19093202336509	24 fn	-4	fn	1
#00BFFF	3	1	1	-2.19093202336509	-1.70975562988886	25 fn	-4	fn	1
#00BFFF	3	1	1	-1.70975562988886	-1.30556678281946	26 fn	-4	fn	1
#00BFFF	3	1	1	-1.30556678281946	-1.09932481093212	27 fn	-4	fn	1
#00BFFF	3	1	1	-1.09932481093212	-1.0154227566525	28 fn	-4	fn	1
#00BFFF	3	1	1	-1.0154227566525	-1.00135576037675	29 fn	-4	fn	1
#00BFFF	3	1	1	-1.00135576037675	-0.989307006366561	30 fn	-4	fn	1
#00BFFF	3	1	1	-0.989307006366561	-0.989134036202589	31 fn	-4	fn	1
#00BFFF	3	1	1	-0.989134036202589	-0.988893231938196	32 fn	-4	fn	1
#00BFFF	3	1	1	-0.988893231938196	-0.968263504582715	33 fn	-4	fn	1
#00BFFF	3	1	1	-0.968263504582715	-0.899385467897039	34 fn	-4	fn	1
#00BFFF	3	1	1	-0.899385467897039	-0.678987521191631	35 fn	-4	fn	1
#00BFFF	3	1	1	-0.678987521191631	-0.408139872451828	36 fn	-4	fn	1
#00BFFF	3	1	1	-0.408139872451828	-0.249624174041498	37 fn	-4	fn	1
#00BFFF	3	1	1	-0.249624174041498	-0.0801910112768258	38 fn	-4	fn	1
#00BFFF	3	1	1	-0.0801910112768258	0.115329151182443	39 fn	-4	fn	1
#00BFFF	3	1	1	0.115329151182443	0.298544061873653	40 fn	-4	fn	1
#00BFFF	3	1	1	0.298544061873653	0.460121155881064	41 fn	-4	fn	1
#00BFFF	3	1	1	0.460121155881064	0.638045485540612	42 fn	-4	fn	1
#00BFFF	3	1	1	0.638045485540612	0.822970604350525	43 fn	-4	fn	1
#00BFFF	3	1	1	0.822970604350525	1.0127264501757	44 fn	-4	fn	1
#00BFFF	3	1	1	1.0127264501757	1.21046541248413	45 fn	-4	fn	1
#00BFFF	3	1	1	1.21046541248413	1.37891053583511	46 fn	-4	fn	1
#00BFFF	3	1	1	1.37891053583511	1.54156862562895	47 fn	-4	fn	1
#00BFFF	3	1	1	1.54156862562895	1.57578190167313	48 fn	-4	fn	1
#00BFFF	3	2	2	1.57578190167313	1.57987566611961	49 fn	-4	fn	1
#00BFFF	3	2	2	1.57987566611961	1.58225811468401	50 fn	-4	fn	1
#00BFFF	3	2	2	1.58225811468401	1.64302098152048	51 fn	-4	fn	1
#00BFFF	3	2	2	1.64302098152048	1.92288682248449	52 fn	-4	fn	1
#00BFFF	3	2	2	1.92288682248449	3.08589939806206	53 fn	-4	fn	1
#00BFFF	3	2	2	3.08589939806206	9.08500842897606	54 fn	-4	fn	1
#00BFFF	3	0	0	-13.3670578848165	-7.34199737119048	1 fn	-3.8	fn	1
#00BFFF	3	0	0	-7.34199737119048	-4.04345598753607	2 fn	-3.8	fn	1
#00BFFF	3	0	0	-4.04345598753607	-3.15405687671473	3 fn	-3.8	fn	1
#00BFFF	3	0	0	-3.15405687671473	-2.72922035597277	4 fn	-3.8	fn	1
#00BFFF	3	0	0	-2.72922035597277	-2.62170980403531	5 fn	-3.8	fn	1
#00BFFF	3	0	0	-2.62170980403531	-2.60450907956303	6 fn	-3.8	fn	1
#00BFFF	3	0	0	-2.60450907956303	-2.59508053724272	7 fn	-3.8	fn	1
#00BFFF	3	0	0	-2.59508053724272	-2.58985635874694	8 fn	-3.8	fn	1
#00BFFF	3	0	0	-2.58985635874694	-2.58814741115137	9 fn	-3.8	fn	1
#00BFFF	3	0	0	-2.58814741115137	-2.58675174735288	10 fn	-3.8	fn	1
#00BFFF	3	0	0	-2.58675174735288	-2.57149816677717	11 fn	-3.8	fn	1
#00BFFF	3	0	0	-2.57149816677717	-2.55110196946485	12 fn	-3.8	fn	1
#00BFFF	3	0	0	-2.55110196946485	-2.53938963344197	13 fn	-3.8	fn	1
#00BFFF	3	0	0	-2.53938963344197	-2.52662158535874	14 fn	-3.8	fn	1
#00BFFF	3	0	0	-2.52662158535874	-2.50930827993967	15 fn	-3.8	fn	1
#00BFFF	3	0	0	-2.50930827993967	-2.49540807078698	16 fn	-3.8	fn	1
#00BFFF	3	0	0	-2.49540807078698	-2.48261262953773	17 fn	-3.8	fn	1
#00BFFF	3	0	0	-2.48261262953773	-2.47040257640679	18 fn	-3.8	fn	1
#00BFFF	3	0	0	-2.47040257640679	-2.46326103820639	19 fn	-3.8	fn	1
#00BFFF	3	0	0	-2.46326103820639	-2.46078307000063	20 fn	-3.8	fn	1
#00BFFF	3	1	1	-2.46078307000063	-2.45871709842386	21 fn	-3.8	fn	1
#00BFFF	3	1	1	-2.45871709842386	-2.45340475926054	22 fn	-3.8	fn	1
#00BFFF	3	1	1	-2.45340475926054	-2.4403220724321	23 fn	-3.8	fn	1
#00BFFF	3	1	1	-2.4403220724321	-2.19093202336509	24 fn	-3.8	fn	1
#00BFFF	3	1	1	-2.19093202336509	-1.70975562988886	25 fn	-3.8	fn	1
#00BFFF	3	1	1	-1.70975562988886	-1.30556678281946	26 fn	-3.8	fn	1
#00BFFF	3	1	1	-1.30556678281946	-1.09932481093212	27 fn	-3.8	fn	1
#00BFFF	3	1	1	-1.09932481093212	-1.0154227566525	28 fn	-3.8	fn	1
#00BFFF	3	1	1	-1.0154227566525	-1.00135576037675	29 fn	-3.8	fn	1
#00BFFF	3	1	1	-1.00135576037675	-0.989307006366561	30 fn	-3.8	fn	1
#00BFFF	3	1	1	-0.989307006366561	-0.989134036202589	31 fn	-3.8	fn	1
#00BFFF	3	1	1	-0.989134036202589	-0.988893231938196	32 fn	-3.8	fn	1
#00BFFF	3	1	1	-0.988893231938196	-0.968263504582715	33 fn	-3.8	fn	1
#00BFFF	3	1	1	-0.968263504582715	-0.899385467897039	34 fn	-3.8	fn	1
#00BFFF	3	1	1	-0.899385467897039	-0.678987521191631	35 fn	-3.8	fn	1
#00BFFF	3	1	1	-0.678987521191631	-0.408139872451828	36 fn	-3.8	fn	1
#00BFFF	3	1	1	-0.408139872451828	-0.249624174041498	37 fn	-3.8	fn	1
#00BFFF	3	1	1	-0.249624174041498	-0.0801910112768258	38 fn	-3.8	fn	1
#00BFFF	3	1	1	-0.0801910112768258	0.115329151182443	39 fn	-3.8	fn	1
#00BFFF	3	1	1	0.115329151182443	0.298544061873653	40 fn	-3.8	fn	1
#00BFFF	3	1	1	0.298544061873653	0.460121155881064	41 fn	-3.8	fn	1
#00BFFF	3	1	1	0.460121155881064	0.638045485540612	42 fn	-3.8	fn	1
#00BFFF	3	1	1	0.638045485540612	0.822970604350525	43 fn	-3.8	fn	1
#00BFFF	3	1	1	0.822970604350525	1.0127264501757	44 fn	-3.8	fn	1
#00BFFF	3	1	1	1.0127264501757	1.21046541248413	45 fn	-3.8	fn	1
#00BFFF	3	1	1	1.21046541248413	1.37891053583511	46 fn	-3.8	fn	1
#00BFFF	3	1	1	1.37891053583511	1.54156862562895	47 fn	-3.8	fn	1
#00BFFF	3	1	1	1.54156862562895	1.57578190167313	48 fn	-3.8	fn	1
#00BFFF	3	2	2	1.57578190167313	1.57987566611961	49 fn	-3.8	fn	1
#00BFFF	3	2	2	1.57987566611961	1.58225811468401	50 fn	-3.8	fn	1
#00BFFF	3	2	2	1.58225811468401	1.64302098152048	51 fn	-3.8	fn	1
#00BFFF	3	2	2	1.64302098152048	1.92288682248449	52 fn	-3.8	fn	1
#00BFFF	3	2	2	1.92288682248449	3.08589939806206	53 fn	-3.8	fn	1
#00BFFF	3	2	2	3.08589939806206	9.08500842897606	54 fn	-3.8	fn	1
#00BFFF	3	0	0	-13.3670578848165	-7.34199737119048	1 fn	-3.6	fn	1
#00BFFF	3	0	0	-7.34199737119048	-4.04345598753607	2 fn	-3.6	fn	1
#00BFFF	3	0	0	-4.04345598753607	-3.15405687671473	3 fn	-3.6	fn	1
#00BFFF	3	0	0	-3.15405687671473	-2.72922035597277	4 fn	-3.6	fn	1
#00BFFF	3	0	0	-2.72922035597277	-2.62170980403531	5 fn	-3.6	fn	1
#00BFFF	3	0	0	-2.62170980403531	-2.60450907956303	6 fn	-3.6	fn	1
#00BFFF	3	0	0	-2.60450907956303	-2.59508053724272	7 fn	-3.6	fn	1
#00BFFF	3	0	0	-2.59508053724272	-2.58985635874694	8 fn	-3.6	fn	1
#00BFFF	3	0	0	-2.58985635874694	-2.58814741115137	9 fn	-3.6	fn	1
#00BFFF	3	0	0	-2.58814741115137	-2.58675174735288	10 fn	-3.6	fn	1
#00BFFF	3	0	0	-2.58675174735288	-2.57149816677717	11 fn	-3.6	fn	1
#00BFFF	3	0	0	-2.57149816677717	-2.55110196946485	12 fn	-3.6	fn	1
#00BFFF	3	0	0	-2.55110196946485	-2.53938963344197	13 fn	-3.6	fn	1
#00BFFF	3	0	0	-2.53938963344197	-2.52662158535874	14 fn	-3.6	fn	1
#00BFFF	3	0	0	-2.52662158535874	-2.50930827993967	15 fn	-3.6	fn	1
#00BFFF	3	0	0	-2.50930827993967	-2.49540807078698	16 fn	-3.6	fn	1
#00BFFF	3	0	0	-2.49540807078698	-2.48261262953773	17 fn	-3.6	fn	1
#00BFFF	3	0	0	-2.48261262953773	-2.47040257640679	18 fn	-3.6	fn	1
#00BFFF	3	0	0	-2.47040257640679	-2.46326103820639	19 fn	-3.6	fn	1
#00BFFF	3	0	0	-2.46326103820639	-2.46078307000063	20 fn	-3.6	fn	1
#00BFFF	3	1	1	-2.46078307000063	-2.45871709842386	21 fn	-3.6	fn	1
#00BFFF	3	1	1	-2.45871709842386	-2.45340475926054	22 fn	-3.6	fn	1
#00BFFF	3	1	1	-2.45340475926054	-2.4403220724321	23 fn	-3.6	fn	1
#00BFFF	3	1	1	-2.4403220724321	-2.19093202336509	24 fn	-3.6	fn	1
#00BFFF	3	1	1	-2.19093202336509	-1.70975562988886	25 fn	-3.6	fn	1
#00BFFF	3	1	1	-1.70975562988886	-1.30556678281946	26 fn	-3.6	fn	1
#00BFFF	3	1	1	-1.30556678281946	-1.09932481093212	27 fn	-3.6	fn	1
#00BFFF	3	1	1	-1.09932481093212	-1.0154227566525	28 fn	-3.6	fn	1
#00BFFF	3	1	1	-1.0154227566525	-1.00135576037675	29 fn	-3.6	fn	1
#00BFFF	3	1	1	-1.00135576037675	-0.989307006366561	30 fn	-3.6	fn	1
#00BFFF	3	1	1	-0.989307006366561	-0.989134036202589	31 fn	-3.6	fn	1
#00BFFF	3	1	1	-0.989134036202589	-0.988893231938196	32 fn	-3.6	fn	1
#00BFFF	3	1	1	-0.988893231938196	-0.968263504582715	33 fn	-3.6	fn	1
#00BFFF	3	1	1	-0.968263504582715	-0.899385467897039	34 fn	-3.6	fn	1
#00BFFF	3	1	1	-0.899385467897039	-0.678987521191631	35 fn	-3.6	fn	1
#00BFFF	3	1	1	-0.678987521191631	-0.408139872451828	36 fn	-3.6	fn	1
#00BFFF	3	1	1	-0.408139872451828	-0.249624174041498	37 fn	-3.6	fn	1
#00BFFF	3	1	1	-0.249624174041498	-0.0801910112768258	38 fn	-3.6	fn	1
#00BFFF	3	1	1	-0.0801910112768258	0.115329151182443	39 fn	-3.6	fn	1
#00BFFF	3	1	1	0.115329151182443	0.298544061873653	40 fn	-3.6	fn	1
#00BFFF	3	1	1	0.298544061873653	0.460121155881064	41 fn	-3.6	fn	1
#00BFFF	3	1	1	0.460121155881064	0.638045485540612	42 fn	-3.6	fn	1
#00BFFF	3	1	1	0.638045485540612	0.822970604350525	43 fn	-3.6	fn	1
#00BFFF	3	1	1	0.822970604350525	1.0127264501757	44 fn	-3.6	fn	1
#00BFFF	3	1	1	1.0127264501757	1.21046541248413	45 fn	-3.6	fn	1
#00BFFF	3	1	1	1.21046541248413	1.37891053583511	46 fn	-3.6	fn	1
#00BFFF	3	1	1	1.37891053583511	1.54156862562895	47 fn	-3.6	fn	1
#00BFFF	3	1	1	1.54156862562895	1.57578190167313	48 fn	-3.6	fn	1
#00BFFF	3	2	2	1.57578190167313	1.57987566611961	49 fn	-3.6	fn	1
#00BFFF	3	2	2	1.57987566611961	1.58225811468401	50 fn	-3.6	fn	1
#00BFFF	3	2	2	1.58225811468401	1.64302098152048	51 fn	-3.6	fn	1
#00BFFF	3	2	2	1.64302098152048	1.92288682248449	52 fn	-3.6	fn	1
#00BFFF	3	2	2	1.92288682248449	3.08589939806206	53 fn	-3.6	fn	1
#00BFFF	3	2	2	3.08589939806206	9.08500842897606	54 fn	-3.6	fn	1
#00BFFF	3	0	0	-13.3670578848165	-7.34199737119048	1 fn	-3.4	fn	1
#00BFFF	3	0	0	-7.34199737119048	-4.04345598753607	2 fn	-3.4	fn	1
#00BFFF	3	0	0	-4.04345598753607	-3.15405687671473	3 fn	-3.4	fn	1
#00BFFF	3	0	0	-3.15405687671473	-2.72922035597277	4 fn	-3.4	fn	1
#00BFFF	3	0	0	-2.72922035597277	-2.62170980403531	5 fn	-3.4	fn	1
#00BFFF	3	0	0	-2.62170980403531	-2.60450907956303	6 fn	-3.4	fn	1
#00BFFF	3	0	0	-2.60450907956303	-2.59508053724272	7 fn	-3.4	fn	1
#00BFFF	3	0	0	-2.59508053724272	-2.58985635874694	8 fn	-3.4	fn	1
#00BFFF	3	0	0	-2.58985635874694	-2.58814741115137	9 fn	-3.4	fn	1
#00BFFF	3	0	0	-2.58814741115137	-2.58675174735288	10 fn	-3.4	fn	1
#00BFFF	3	0	0	-2.58675174735288	-2.57149816677717	11 fn	-3.4	fn	1
#00BFFF	3	0	0	-2.57149816677717	-2.55110196946485	12 fn	-3.4	fn	1
#00BFFF	3	0	0	-2.55110196946485	-2.53938963344197	13 fn	-3.4	fn	1
#00BFFF	3	0	0	-2.53938963344197	-2.52662158535874	14 fn	-3.4	fn	1
#00BFFF	3	0	0	-2.52662158535874	-2.50930827993967	15 fn	-3.4	fn	1
#00BFFF	3	0	0	-2.50930827993967	-2.49540807078698	16 fn	-3.4	fn	1
#00BFFF	3	0	0	-2.49540807078698	-2.48261262953773	17 fn	-3.4	fn	1
#00BFFF	3	0	0	-2.48261262953773	-2.47040257640679	18 fn	-3.4	fn	1
#00BFFF	3	0	0	-2.47040257640679	-2.46326103820639	19 fn	-3.4	fn	1
#00BFFF	3	0	0	-2.46326103820639	-2.46078307000063	20 fn	-3.4	fn	1
#00BFFF	3	1	1	-2.46078307000063	-2.45871709842386	21 fn	-3.4	fn	1
#00BFFF	3	1	1	-2.45871709842386	-2.45340475926054	22 fn	-3.4	fn	1
#00BFFF	3	1	1	-2.45340475926054	-2.4403220724321	23 fn	-3.4	fn	1
#00BFFF	3	1	1	-2.4403220724321	-2.19093202336509	24 fn	-3.4	fn	1
#00BFFF	3	1	1	-2.19093202336509	-1.70975562988886	25 fn	-3.4	fn	1
#00BFFF	3	1	1	-1.70975562988886	-1.30556678281946	26 fn	-3.4	fn	1
#00BFFF	3	1	1	-1.30556678281946	-1.09932481093212	27 fn	-3.4	fn	1
#00BFFF	3	1	1	-1.09932481093212	-1.0154227566525	28 fn	-3.4	fn	1
#00BFFF	3	1	1	-1.0154227566525	-1.00135576037675	29 fn	-3.4	fn	1
#00BFFF	3	1	1	-1.00135576037675	-0.989307006366561	30 fn	-3.4	fn	1
#00BFFF	3	1	1	-0.989307006366561	-0.989134036202589	31 fn	-3.4	fn	1
#00BFFF	3	1	1	-0.989134036202589	-0.988893231938196	32 fn	-3.4	fn	1
#00BFFF	3	1	1	-0.988893231938196	-0.968263504582715	33 fn	-3.4	fn	1
#00BFFF	3	1	1	-0.968263504582715	-0.899385467897039	34 fn	-3.4	fn	1
#00BFFF	3	1	1	-0.899385467897039	-0.678987521191631	35 fn	-3.4	fn	1
#00BFFF	3	1	1	-0.678987521191631	-0.408139872451828	36 fn	-3.4	fn	1
#00BFFF	3	1	1	-0.408139872451828	-0.249624174041498	37 fn	-3.4	fn	1
#00BFFF	3	1	1	-0.249624174041498	-0.0801910112768258	38 fn	-3.4	fn	1
#00BFFF	3	1	1	-0.0801910112768258	0.115329151182443	39 fn	-3.4	fn	1
#00BFFF	3	1	1	0.115329151182443	0.298544061873653	40 fn	-3.4	fn	1
#00BFFF	3	1	1	0.298544061873653	0.460121155881064	41 fn	-3.4	fn	1
#00BFFF	3	1	1	0.460121155881064	0.638045485540612	42 fn	-3.4	fn	1
#00BFFF	3	1	1	0.638045485540612	0.822970604350525	43 fn	-3.4	fn	1
#00BFFF	3	1	1	0.822970604350525	1.0127264501757	44 fn	-3.4	fn	1
#00BFFF	3	1	1	1.0127264501757	1.21046541248413	45 fn	-3.4	fn	1
#00BFFF	3	1	1	1.21046541248413	1.37891053583511	46 fn	-3.4	fn	1
#00BFFF	3	1	1	1.37891053583511	1.54156862562895	47 fn	-3.4	fn	1
#00BFFF	3	1	1	1.54156862562895	1.57578190167313	48 fn	-3.4	fn	1
#00BFFF	3	2	2	1.57578190167313	1.57987566611961	49 fn	-3.4	fn	1
#00BFFF	3	2	2	1.57987566611961	1.58225811468401	50 fn	-3.4	fn	1
#00BFFF	3	2	2	1.58225811468401	1.64302098152048	51 fn	-3.4	fn	1
#00BFFF	3	2	2	1.64302098152048	1.92288682248449	52 fn	-3.4	fn	1
#00BFFF	3	2	2	1.92288682248449	3.08589939806206	53 fn	-3.4	fn	1
#00BFFF	3	2	2	3.08589939806206	9.08500842897606	54 fn	-3.4	fn	1
#00BFFF	3	0	0	-13.3670578848165	-7.34199737119048	1 fn	-3.2	fn	1
#00BFFF	3	0	0	-7.34199737119048	-4.04345598753607	2 fn	-3.2	fn	1
#00BFFF	3	0	0	-4.04345598753607	-3.15405687671473	3 fn	-3.2	fn	1
#00BFFF	3	0	0	-3.15405687671473	-2.72922035597277	4 fn	-3.2	fn	1
#00BFFF	3	0	0	-2.72922035597277	-2.62170980403531	5 fn	-3.2	fn	1
#00BFFF	3	0	0	-2.62170980403531	-2.60450907956303	6 fn	-3.2	fn	1
#00BFFF	3	0	0	-2.60450907956303	-2.59508053724272	7 fn	-3.2	fn	1
#00BFFF	3	0	0	-2.59508053724272	-2.58985635874694	8 fn	-3.2	fn	1
#00BFFF	3	0	0	-2.58985635874694	-2.58814741115137	9 fn	-3.2	fn	1
#00BFFF	3	0	0	-2.58814741115137	-2.58675174735288	10 fn	-3.2	fn	1
#00BFFF	3	0	0	-2.58675174735288	-2.57149816677717	11 fn	-3.2	fn	1
#00BFFF	3	0	0	-2.57149816677717	-2.55110196946485	12 fn	-3.2	fn	1
#00BFFF	3	0	0	-2.55110196946485	-2.53938963344197	13 fn	-3.2	fn	1
#00BFFF	3	0	0	-2.53938963344197	-2.52662158535874	14 fn	-3.2	fn	1
#00BFFF	3	0	0	-2.52662158535874	-2.50930827993967	15 fn	-3.2	fn	1
#00BFFF	3	0	0	-2.50930827993967	-2.49540807078698	16 fn	-3.2	fn	1
#00BFFF	3	0	0	-2.49540807078698	-2.48261262953773	17 fn	-3.2	fn	1
#00BFFF	3	0	0	-2.48261262953773	-2.47040257640679	18 fn	-3.2	fn	1
#00BFFF	3	0	0	-2.47040257640679	-2.46326103820639	19 fn	-3.2	fn	1
#00BFFF	3	0	0	-2.46326103820639	-2.46078307000063	20 fn	-3.2	fn	1
#00BFFF	3	1	1	-2.46078307000063	-2.45871709842386	21 fn	-3.2	fn	1
#00BFFF	3	1	1	-2.45871709842386	-2.45340475926054	22 fn	-3.2	fn	1
#00BFFF	3	1	1	-2.45340475926054	-2.4403220724321	23 fn	-3.2	fn	1
#00BFFF	3	1	1	-2.4403220724321	-2.19093202336509	24 fn	-3.2	fn	1
#00BFFF	3	1	1	-2.19093202336509	-1.70975562988886	25 fn	-3.2	fn	1
#00BFFF	3	1	1	-1.70975562988886	-1.30556678281946	26 fn	-3.2	fn	1
#00BFFF	3	1	1	-1.30556678281946	-1.09932481093212	27 fn	-3.2	fn	1
#00BFFF	3	1	1	-1.09932481093212	-1.0154227566525	28 fn	-3.2	fn	1
#00BFFF	3	1	1	-1.0154227566525	-1.00135576037675	29 fn	-3.2	fn	1
#00BFFF	3	1	1	-1.00135576037675	-0.989307006366561	30 fn	-3.2	fn	1
#00BFFF	3	1	1	-0.989307006366561	-0.989134036202589	31 fn	-3.2	fn	1
#00BFFF	3	1	1	-0.989134036202589	-0.988893231938196	32 fn	-3.2	fn	1
#00BFFF	3	1	1	-0.988893231938196	-0.968263504582715	33 fn	-3.2	fn	1
#00BFFF	3	1	1	-0.968263504582715	-0.899385467897039	34 fn	-3.2	fn	1
#00BFFF	3	1	1	-0.899385467897039	-0.678987521191631	35 fn	-3.2	fn	1
#00BFFF	3	1	1	-0.678987521191631	-0.408139872451828	36 fn	-3.2	fn	1
#00BFFF	3	1	1	-0.408139872451828	-0.249624174041498	37 fn	-3.2	fn	1
#00BFFF	3	1	1	-0.249624174041498	-0.0801910112768258	38 fn	-3.2	fn	1
#00BFFF	3	1	1	-0.0801910112768258	0.115329151182443	39 fn	-3.2	fn	1
#00BFFF	3	1	1	0.115329151182443	0.298544061873653	40 fn	-3.2	fn	1
#00BFFF	3	1	1	0.298544061873653	0.460121155881064	41 fn	-3.2	fn	1
#00BFFF	3	1	1	0.460121155881064	0.638045485540612	42 fn	-3.2	fn	1
#00BFFF	3	1	1	0.638045485540612	0.822970604350525	43 fn	-3.2	fn	1
#00BFFF	3	1	1	0.822970604350525	1.0127264501757	44 fn	-3.2	fn	1
#00BFFF	3	1	1	1.0127264501757	1.21046541248413	45 fn	-3.2	fn	1
#00BFFF	3	1	1	1.21046541248413	1.37891053583511	46 fn	-3.2	fn	1
#00BFFF	3	1	1	1.37891053583511	1.54156862562895	47 fn	-3.2	fn	1
#00BFFF	3	1	1	1.54156862562895	1.57578190167313	48 fn	-3.2	fn	1
#00BFFF	3	2	2	1.57578190167313	1.57987566611961	49 fn	-3.2	fn	1
#00BFFF	3	2	2	1.57987566611961	1.58225811468401	50 fn	-3.2	fn	1
#00BFFF	3	2	2	1.58225811468401	1.64302098152048	51 fn	-3.2	fn	1
#00BFFF	3	2	2	1.64302098152048	1.92288682248449	52 fn	-3.2	fn	1
#00BFFF	3	2	2	1.92288682248449	3.08589939806206	53 fn	-3.2	fn	1
#00BFFF	3	2	2	3.08589939806206	9.08500842897606	54 fn	-3.2	fn	1
#00BFFF	3	0	0	-13.3670578848165	-7.34199737119048	1 fn	-3	fn	1
#00BFFF	3	0	0	-7.34199737119048	-4.04345598753607	2 fn	-3	fn	1
#00BFFF	3	0	0	-4.04345598753607	-3.15405687671473	3 fn	-3	fn	1
#00BFFF	3	0	0	-3.15405687671473	-2.72922035597277	4 fn	-3	fn	1
#00BFFF	3	0	0	-2.72922035597277	-2.62170980403531	5 fn	-3	fn	1
#00BFFF	3	0	0	-2.62170980403531	-2.60450907956303	6 fn	-3	fn	1
#00BFFF	3	0	0	-2.60450907956303	-2.59508053724272	7 fn	-3	fn	1
#00BFFF	3	0	0	-2.59508053724272	-2.58985635874694	8 fn	-3	fn	1
#00BFFF	3	0	0	-2.58985635874694	-2.58814741115137	9 fn	-3	fn	1
#00BFFF	3	0	0	-2.58814741115137	-2.58675174735288	10 fn	-3	fn	1
#00BFFF	3	0	0	-2.58675174735288	-2.57149816677717	11 fn	-3	fn	1
#00BFFF	3	0	0	-2.57149816677717	-2.55110196946485	12 fn	-3	fn	1
#00BFFF	3	0	0	-2.55110196946485	-2.53938963344197	13 fn	-3	fn	1
#00BFFF	3	0	0	-2.53938963344197	-2.52662158535874	14 fn	-3	fn	1
#00BFFF	3	0	0	-2.52662158535874	-2.50930827993967	15 fn	-3	fn	1
#00BFFF	3	0	0	-2.50930827993967	-2.49540807078698	16 fn	-3	fn	1
#00BFFF	3	0	0	-2.49540807078698	-2.48261262953773	17 fn	-3	fn	1
#00BFFF	3	0	0	-2.48261262953773	-2.47040257640679	18 fn	-3	fn	1
#00BFFF	3	0	0	-2.47040257640679	-2.46326103820639	19 fn	-3	fn	1
#00BFFF	3	0	0	-2.46326103820639	-2.46078307000063	20 fn	-3	fn	1
#00BFFF	3	1	1	-2.46078307000063	-2.45871709842386	21 fn	-3	fn	1
#00BFFF	3	1	1	-2.45871709842386	-2.45340475926054	22 fn	-3	fn	1
#00BFFF	3	1	1	-2.45340475926054	-2.4403220724321	23 fn	-3	fn	1
#00BFFF	3	1	1	-2.4403220724321	-2.19093202336509	24 fn	-3	fn	1
#00BFFF	3	1	1	-2.19093202336509	-1.70975562988886	25 fn	-3	fn	1
#00BFFF	3	1	1	-1.70975562988886	-1.30556678281946	26 fn	-3	fn	1
#00BFFF	3	1	1	-1.30556678281946	-1.09932481093212	27 fn	-3	fn	1
#00BFFF	3	1	1	-1.09932481093212	-1.0154227566525	28 fn	-3	fn	1
#00BFFF	3	1	1	-1.0154227566525	-1.00135576037675	29 fn	-3	fn	1
#00BFFF	3	1	1	-1.00135576037675	-0.989307006366561	30 fn	-3	fn	1
#00BFFF	3	1	1	-0.989307006366561	-0.989134036202589	31 fn	-3	fn	1
#00BFFF	3	1	1	-0.989134036202589	-0.988893231938196	32 fn	-3	fn	1
#00BFFF	3	1	1	-0.988893231938196	-0.968263504582715	33 fn	-3	fn	1
#00BFFF	3	1	1	-0.968263504582715	-0.899385467897039	34 fn	-3	fn	1
#00BFFF	3	1	1	-0.899385467897039	-0.678987521191631	35 fn	-3	fn	1
#00BFFF	3	1	1	-0.678987521191631	-0.408139872451828	36 fn	-3	fn	1
#00BFFF	3	1	1	-0.408139872451828	-0.249624174041498	37 fn	-3	fn	1
#00BFFF	3	1	1	-0.249624174041498	-0.0801910112768258	38 fn	-3	fn	1
#00BFFF	3	1	1	-0.0801910112768258	0.115329151182443	39 fn	-3	fn	1
#00BFFF	3	1	1	0.115329151182443	0.298544061873653	40 fn	-3	fn	1
#00BFFF	3	1	1	0.298544061873653	0.460121155881064	41 fn	-3	fn	1
#00BFFF	3	1	1	0.460121155881064	0.638045485540612	42 fn	-3	fn	1
#00BFFF	3	1	1	0.638045485540612	0.822970604350525	43 fn	-3	fn	1
#00BFFF	3	1	1	0.822970604350525	1.0127264501757	44 fn	-3	fn	1
#00BFFF	3	1	1	1.0127264501757	1.21046541248413	45 fn	-3	fn	1
#00BFFF	3	1	1	1.21046541248413	1.37891053583511	46 fn	-3	fn	1
#00BFFF	3	1	1	1.37891053583511	1.54156862562895	47 fn	-3	fn	1
#00BFFF	3	1	1	1.54156862562895	1.57578190167313	48 fn	-3	fn	1
#00BFFF	3	2	2	1.57578190167313	1.57987566611961	49 fn	-3	fn	1
#00BFFF	3	2	2	1.57987566611961	1.58225811468401	50 fn	-3	fn	1
#00BFFF	3	2	2	1.58225811468401	1.64302098152048	51 fn	-3	fn	1
#00BFFF	3	2	2	1.64302098152048	1.92288682248449	52 fn	-3	fn	1
#00BFFF	3	2	2	1.92288682248449	3.08589939806206	53 fn	-3	fn	1
#00BFFF	3	2	2	3.08589939806206	9.08500842897606	54 fn	-3	fn	1
#00BFFF	3	0	0	-13.3670578848165	-7.34199737119048	1 fn	-2.8	fn	1
#00BFFF	3	0	0	-7.34199737119048	-4.04345598753607	2 fn	-2.8	fn	1
#00BFFF	3	0	0	-4.04345598753607	-3.15405687671473	3 fn	-2.8	fn	1
#00BFFF	3	0	0	-3.15405687671473	-2.72922035597277	4 fn	-2.8	fn	1
#00BFFF	3	0	0	-2.72922035597277	-2.62170980403531	5 fn	-2.8	fn	1
#00BFFF	3	0	0	-2.62170980403531	-2.60450907956303	6 fn	-2.8	fn	1
#00BFFF	3	0	0	-2.60450907956303	-2.59508053724272	7 fn	-2.8	fn	1
#00BFFF	3	0	0	-2.59508053724272	-2.58985635874694	8 fn	-2.8	fn	1
#00BFFF	3	0	0	-2.58985635874694	-2.58814741115137	9 fn	-2.8	fn	1
#00BFFF	3	0	0	-2.58814741115137	-2.58675174735288	10 fn	-2.8	fn	1
#00BFFF	3	0	0	-2.58675174735288	-2.57149816677717	11 fn	-2.8	fn	1
#00BFFF	3	0	0	-2.57149816677717	-2.55110196946485	12 fn	-2.8	fn	1
#00BFFF	3	0	0	-2.55110196946485	-2.53938963344197	13 fn	-2.8	fn	1
#00BFFF	3	0	0	-2.53938963344197	-2.52662158535874	14 fn	-2.8	fn	1
#00BFFF	3	0	0	-2.52662158535874	-2.50930827993967	15 fn	-2.8	fn	1
#00BFFF	3	0	0	-2.50930827993967	-2.49540807078698	16 fn	-2.8	fn	1
#00BFFF	3	0	0	-2.49540807078698	-2.48261262953773	17 fn	-2.8	fn	1
#00BFFF	3	0	0	-2.48261262953773	-2.47040257640679	18 fn	-2.8	fn	1
#00BFFF	3	0	0	-2.47040257640679	-2.46326103820639	19 fn	-2.8	fn	1
#00BFFF	3	0	0	-2.46326103820639	-2.46078307000063	20 fn	-2.8	fn	1
#00BFFF	3	1	1	-2.46078307000063	-2.45871709842386	21 fn	-2.8	fn	1
#00BFFF	3	1	1	-2.45871709842386	-2.45340475926054	22 fn	-2.8	fn	1
#00BFFF	3	1	1	-2.45340475926054	-2.4403220724321	23 fn	-2.8	fn	1
#00BFFF	3	1	1	-2.4403220724321	-2.19093202336509	24 fn	-2.8	fn	1
#00BFFF	3	1	1	-2.19093202336509	-1.70975562988886	25 fn	-2.8	fn	1
#00BFFF	3	1	1	-1.70975562988886	-1.30556678281946	26 fn	-2.8	fn	1
#00BFFF	3	1	1	-1.30556678281946	-1.09932481093212	27 fn	-2.8	fn	1
#00BFFF	3	1	1	-1.09932481093212	-1.0154227566525	28 fn	-2.8	fn	1
#00BFFF	3	1	1	-1.0154227566525	-1.00135576037675	29 fn	-2.8	fn	1
#00BFFF	3	1	1	-1.00135576037675	-0.989307006366561	30 fn	-2.8	fn	1
#00BFFF	3	1	1	-0.989307006366561	-0.989134036202589	31 fn	-2.8	fn	1
#00BFFF	3	1	1	-0.989134036202589	-0.988893231938196	32 fn	-2.8	fn	1
#00BFFF	3	1	1	-0.988893231938196	-0.968263504582715	33 fn	-2.8	fn	1
#00BFFF	3	1	1	-0.968263504582715	-0.899385467897039	34 fn	-2.8	fn	1
#00BFFF	3	1	1	-0.899385467897039	-0.678987521191631	35 fn	-2.8	fn	1
#00BFFF	3	1	1	-0.678987521191631	-0.408139872451828	36 fn	-2.8	fn	1
#00BFFF	3	1	1	-0.408139872451828	-0.249624174041498	37 fn	-2.8	fn	1
#00BFFF	3	1	1	-0.249624174041498	-0.0801910112768258	38 fn	-2.8	fn	1
#00BFFF	3	1	1	-0.0801910112768258	0.115329151182443	39 fn	-2.8	fn	1
#00BFFF	3	1	1	0.115329151182443	0.298544061873653	40 fn	-2.8	fn	1
#00BFFF	3	1	1	0.298544061873653	0.460121155881064	41 fn	-2.8	fn	1
#00BFFF	3	1	1	0.460121155881064	0.638045485540612	42 fn	-2.8	fn	1
#00BFFF	3	1	1	0.638045485540612	0.822970604350525	43 fn	-2.8	fn	1
#00BFFF	3	1	1	0.822970604350525	1.0127264501757	44 fn	-2.8	fn	1
#00BFFF	3	1	1	1.0127264501757	1.21046541248413	45 fn	-2.8	fn	1
#00BFFF	3	1	1	1.21046541248413	1.37891053583511	46 fn	-2.8	fn	1
#00BFFF	3	1	1	1.37891053583511	1.54156862562895	47 fn	-2.8	fn	1
#00BFFF	3	1	1	1.54156862562895	1.57578190167313	48 fn	-2.8	fn	1
#00BFFF	3	2	2	1.57578190167313	1.57987566611961	49 fn	-2.8	fn	1
#00BFFF	3	2	2	1.57987566611961	1.58225811468401	50 fn	-2.8	fn	1
#00BFFF	3	2	2	1.58225811468401	1.64302098152048	51 fn	-2.8	fn	1
#00BFFF	3	2	2	1.64302098152048	1.92288682248449	52 fn	-2.8	fn	1
#00BFFF	3	2	2	1.92288682248449	3.08589939806206	53 fn	-2.8	fn	1
#00BFFF	3	2	2	3.08589939806206	9.08500842897606	54 fn	-2.8	fn	1
#00BFFF	3	0	0	-13.3670578848165	-7.34199737119048	1 fn	-2.6	fn	1
#00BFFF	3	0	0	-7.34199737119048	-4.04345598753607	2 fn	-2.6	fn	1
#00BFFF	3	0	0	-4.04345598753607	-3.15405687671473	3 fn	-2.6	fn	1
#00BFFF	3	0	0	-3.15405687671473	-2.72922035597277	4 fn	-2.6	fn	1
#00BFFF	3	0	0	-2.72922035597277	-2.62170980403531	5 fn	-2.6	fn	1
#00BFFF	3	0	0	-2.62170980403531	-2.60450907956303	6 fn	-2.6	fn	1
#00BFFF	3	0	0	-2.60450907956303	-2.59508053724272	7 fn	-2.6	fn	1
#00BFFF	3	0	0	-2.59508053724272	-2.58985635874694	8 fn	-2.6	fn	1
#00BFFF	3	0	0	-2.58985635874694	-2.58814741115137	9 fn	-2.6	fn	1
#00BFFF	3	0	0	-2.58814741115137	-2.58675174735288	10 fn	-2.6	fn	1
#00BFFF	3	0	0	-2.58675174735288	-2.57149816677717	11 fn	-2.6	fn	1
#00BFFF	3	0	0	-2.57149816677717	-2.55110196946485	12 fn	-2.6	fn	1
#00BFFF	3	0	0	-2.55110196946485	-2.53938963344197	13 fn	-2.6	fn	1
#00BFFF	3	0	0	-2.53938963344197	-2.52662158535874	14 fn	-2.6	fn	1
#00BFFF	3	0	0	-2.52662158535874	-2.50930827993967	15 fn	-2.6	fn	1
#00BFFF	3	0	0	-2.50930827993967	-2.49540807078698	16 fn	-2.6	fn	1
#00BFFF	3	0	0	-2.49540807078698	-2.48261262953773	17 fn	-2.6	fn	1
#00BFFF	3	0	0	-2.48261262953773	-2.47040257640679	18 fn	-2.6	fn	1
#00BFFF	3	0	0	-2.47040257640679	-2.46326103820639	19 fn	-2.6	fn	1
#00BFFF	3	0	0	-2.46326103820639	-2.46078307000063	20 fn	-2.6	fn	1
#00BFFF	3	1	1	-2.46078307000063	-2.45871709842386	21 fn	-2.6	fn	1
#00BFFF	3	1	1	-2.45871709842386	-2.45340475926054	22 fn	-2.6	fn	1
#00BFFF	3	1	1	-2.45340475926054	-2.4403220724321	23 fn	-2.6	fn	1
#00BFFF	3	1	1	-2.4403220724321	-2.19093202336509	24 fn	-2.6	fn	1
#00BFFF	3	1	1	-2.19093202336509	-1.70975562988886	25 fn	-2.6	fn	1
#00BFFF	3	1	1	-1.70975562988886	-1.30556678281946	26 fn	-2.6	fn	1
#00BFFF	3	1	1	-1.30556678281946	-1.09932481093212	27 fn	-2.6	fn	1
#00BFFF	3	1	1	-1.09932481093212	-1.0154227566525	28 fn	-2.6	fn	1
#00BFFF	3	1	1	-1.0154227566525	-1.00135576037675	29 fn	-2.6	fn	1
#00BFFF	3	1	1	-1.00135576037675	-0.989307006366561	30 fn	-2.6	fn	1
#00BFFF	3	1	1	-0.989307006366561	-0.989134036202589	31 fn	-2.6	fn	1
#00BFFF	3	1	1	-0.989134036202589	-0.988893231938196	32 fn	-2.6	fn	1
#00BFFF	3	1	1	-0.988893231938196	-0.968263504582715	33 fn	-2.6	fn	1
#00BFFF	3	1	1	-0.968263504582715	-0.899385467897039	34 fn	-2.6	fn	1
#00BFFF	3	1	1	-0.899385467897039	-0.678987521191631	35 fn	-2.6	fn	1
#00BFFF	3	1	1	-0.678987521191631	-0.408139872451828	36 fn	-2.6	fn	1
#00BFFF	3	1	1	-0.408139872451828	-0.249624174041498	37 fn	-2.6	fn	1
#00BFFF	3	1	1	-0.249624174041498	-0.0801910112768258	38 fn	-2.6	fn	1
#00BFFF	3	1	1	-0.0801910112768258	0.115329151182443	39 fn	-2.6	fn	1
#00BFFF	3	1	1	0.115329151182443	0.298544061873653	40 fn	-2.6	fn	1
#00BFFF	3	1	1	0.298544061873653	0.460121155881064	41 fn	-2.6	fn	1
#00BFFF	3	1	1	0.460121155881064	0.638045485540612	42 fn	-2.6	fn	1
#00BFFF	3	1	1	0.638045485540612	0.822970604350525	43 fn	-2.6	fn	1
#00BFFF	3	1	1	0.822970604350525	1.0127264501757	44 fn	-2.6	fn	1
#00BFFF	3	1	1	1.0127264501757	1.21046541248413	45 fn	-2.6	fn	1
#00BFFF	3	1	1	1.21046541248413	1.37891053583511	46 fn	-2.6	fn	1
#00BFFF	3	1	1	1.37891053583511	1.54156862562895	47 fn	-2.6	fn	1
#00BFFF	3	1	1	1.54156862562895	1.57578190167313	48 fn	-2.6	fn	1
#00BFFF	3	2	2	1.57578190167313	1.57987566611961	49 fn	-2.6	fn	1
#00BFFF	3	2	2	1.57987566611961	1.58225811468401	50 fn	-2.6	fn	1
#00BFFF	3	2	2	1.58225811468401	1.64302098152048	51 fn	-2.6	fn	1
#00BFFF	3	2	2	1.64302098152048	1.92288682248449	52 fn	-2.6	fn	1
#00BFFF	3	2	2	1.92288682248449	3.08589939806206	53 fn	-2.6	fn	1
#00BFFF	3	2	2	3.08589939806206	9.08500842897606	54 fn	-2.6	fn	1
#00BFFF	3	0	0	-13.3670578848165	-7.34199737119048	1 fn	-2.4	fn	1
#00BFFF	3	0	0	-7.34199737119048	-4.04345598753607	2 fn	-2.4	fn	1
#00BFFF	3	0	0	-4.04345598753607	-3.15405687671473	3 fn	-2.4	fn	1
#00BFFF	3	0	0	-3.15405687671473	-2.72922035597277	4 fn	-2.4	fn	1
#00BFFF	3	0	0	-2.72922035597277	-2.62170980403531	5 fn	-2.4	fn	1
#00BFFF	3	0	0	-2.62170980403531	-2.60450907956303	6 fn	-2.4	fn	1
#00BFFF	3	0	0	-2.60450907956303	-2.59508053724272	7 fn	-2.4	fn	1
#00BFFF	3	0	0	-2.59508053724272	-2.58985635874694	8 fn	-2.4	fn	1
#00BFFF	3	0	0	-2.58985635874694	-2.58814741115137	9 fn	-2.4	fn	1
#00BFFF	3	0	0	-2.58814741115137	-2.58675174735288	10 fn	-2.4	fn	1
#00BFFF	3	0	0	-2.58675174735288	-2.57149816677717	11 fn	-2.4	fn	1
#00BFFF	3	0	0	-2.57149816677717	-2.55110196946485	12 fn	-2.4	fn	1
#00BFFF	3	0	0	-2.55110196946485	-2.53938963344197	13 fn	-2.4	fn	1
#00BFFF	3	0	0	-2.53938963344197	-2.52662158535874	14 fn	-2.4	fn	1
#00BFFF	3	0	0	-2.52662158535874	-2.50930827993967	15 fn	-2.4	fn	1
#00BFFF	3	0	0	-2.50930827993967	-2.49540807078698	16 fn	-2.4	fn	1
#00BFFF	3	0	0	-2.49540807078698	-2.48261262953773	17 fn	-2.4	fn	1
#00BFFF	3	0	0	-2.48261262953773	-2.47040257640679	18 fn	-2.4	fn	1
#00BFFF	3	0	0	-2.47040257640679	-2.46326103820639	19 fn	-2.4	fn	1
#00BFFF	3	0	0	-2.46326103820639	-2.46078307000063	20 fn	-2.4	fn	1
#00BFFF	3	1	1	-2.46078307000063	-2.45871709842386	21 fn	-2.4	fn	1
#00BFFF	3	1	1	-2.45871709842386	-2.45340475926054	22 fn	-2.4	fn	1
#00BFFF	3	1	1	-2.45340475926054	-2.4403220724321	23 fn	-2.4	fn	1
#00BFFF	3	1	1	-2.4403220724321	-2.19093202336509	24 fn	-2.4	fn	1
#00BFFF	3	1	1	-2.19093202336509	-1.70975562988886	25 fn	-2.4	fn	1
#00BFFF	3	1	1	-1.70975562988886	-1.30556678281946	26 fn	-2.4	fn	1
#00BFFF	3	1	1	-1.30556678281946	-1.09932481093212	27 fn	-2.4	fn	1
#00BFFF	3	1	1	-1.09932481093212	-1.0154227566525	28 fn	-2.4	fn	1
#00BFFF	3	1	1	-1.0154227566525	-1.00135576037675	29 fn	-2.4	fn	1
#00BFFF	3	1	1	-1.00135576037675	-0.989307006366561	30 fn	-2.4	fn	1
#00BFFF	3	1	1	-0.989307006366561	-0.989134036202589	31 fn	-2.4	fn	1
#00BFFF	3	1	1	-0.989134036202589	-0.988893231938196	32 fn	-2.4	fn	1
#00BFFF	3	1	1	-0.988893231938196	-0.968263504582715	33 fn	-2.4	fn	1
#00BFFF	3	1	1	-0.968263504582715	-0.899385467897039	34 fn	-2.4	fn	1
#00BFFF	3	1	1	-0.899385467897039	-0.678987521191631	35 fn	-2.4	fn	1
#00BFFF	3	1	1	-0.678987521191631	-0.408139872451828	36 fn	-2.4	fn	1
#00BFFF	3	1	1	-0.408139872451828	-0.249624174041498	37 fn	-2.4	fn	1
#00BFFF	3	1	1	-0.249624174041498	-0.0801910112768258	38 fn	-2.4	fn	1
#00BFFF	3	1	1	-0.0801910112768258	0.115329151182443	39 fn	-2.4	fn	1
#00BFFF	3	1	1	0.115329151182443	0.298544061873653	40 fn	-2.4	fn	1
#00BFFF	3	1	1	0.298544061873653	0.460121155881064	41 fn	-2.4	fn	1
#00BFFF	3	1	1	0.460121155881064	0.638045485540612	42 fn	-2.4	fn	1
#00BFFF	3	1	1	0.638045485540612	0.822970604350525	43 fn	-2.4	fn	1
#00BFFF	3	1	1	0.822970604350525	1.0127264501757	44 fn	-2.4	fn	1
#00BFFF	3	1	1	1.0127264501757	1.21046541248413	45 fn	-2.4	fn	1
#00BFFF	3	1	1	1.21046541248413	1.37891053583511	46 fn	-2.4	fn	1
#00BFFF	3	1	1	1.37891053583511	1.54156862562895	47 fn	-2.4	fn	1
#00BFFF	3	1	1	1.54156862562895	1.57578190167313	48 fn	-2.4	fn	1
#00BFFF	3	2	2	1.57578190167313	1.57987566611961	49 fn	-2.4	fn	1
#00BFFF	3	2	2	1.57987566611961	1.58225811468401	50 fn	-2.4	fn	1
#00BFFF	3	2	2	1.58225811468401	1.64302098152048	51 fn	-2.4	fn	1
#00BFFF	3	2	2	1.64302098152048	1.92288682248449	52 fn	-2.4	fn	1
#00BFFF	3	2	2	1.92288682248449	3.08589939806206	53 fn	-2.4	fn	1
#00BFFF	3	2	2	3.08589939806206	9.08500842897606	54 fn	-2.4	fn	1
#00BFFF	3	0	0	-13.3670578848165	-7.34199737119048	1 fn	-2.2	fn	1
#00BFFF	3	0	0	-7.34199737119048	-4.04345598753607	2 fn	-2.2	fn	1
#00BFFF	3	0	0	-4.04345598753607	-3.15405687671473	3 fn	-2.2	fn	1
#00BFFF	3	0	0	-3.15405687671473	-2.72922035597277	4 fn	-2.2	fn	1
#00BFFF	3	0	0	-2.72922035597277	-2.62170980403531	5 fn	-2.2	fn	1
#00BFFF	3	0	0	-2.62170980403531	-2.60450907956303	6 fn	-2.2	fn	1
#00BFFF	3	0	0	-2.60450907956303	-2.59508053724272	7 fn	-2.2	fn	1
#00BFFF	3	0	0	-2.59508053724272	-2.58985635874694	8 fn	-2.2	fn	1
#00BFFF	3	0	0	-2.58985635874694	-2.58814741115137	9 fn	-2.2	fn	1
#00BFFF	3	0	0	-2.58814741115137	-2.58675174735288	10 fn	-2.2	fn	1
#00BFFF	3	0	0	-2.58675174735288	-2.57149816677717	11 fn	-2.2	fn	1
#00BFFF	3	0	0	-2.57149816677717	-2.55110196946485	12 fn	-2.2	fn	1
#00BFFF	3	0	0	-2.55110196946485	-2.53938963344197	13 fn	-2.2	fn	1
#00BFFF	3	0	0	-2.53938963344197	-2.52662158535874	14 fn	-2.2	fn	1
#00BFFF	3	0	0	-2.52662158535874	-2.50930827993967	15 fn	-2.2	fn	1
#00BFFF	3	0	0	-2.50930827993967	-2.49540807078698	16 fn	-2.2	fn	1
#00BFFF	3	0	0	-2.49540807078698	-2.48261262953773	17 fn	-2.2	fn	1
#00BFFF	3	0	0	-2.48261262953773	-2.47040257640679	18 fn	-2.2	fn	1
#00BFFF	3	0	0	-2.47040257640679	-2.46326103820639	19 fn	-2.2	fn	1
#00BFFF	3	0	0	-2.46326103820639	-2.46078307000063	20 fn	-2.2	fn	1
#00BFFF	3	1	1	-2.46078307000063	-2.45871709842386	21 fn	-2.2	fn	1
#00BFFF	3	1	1	-2.45871709842386	-2.45340475926054	22 fn	-2.2	fn	1
#00BFFF	3	1	1	-2.45340475926054	-2.4403220724321	23 fn	-2.2	fn	1
#00BFFF	3	1	1	-2.4403220724321	-2.19093202336509	24 fn	-2.2	fn	1
#00BFFF	3	1	1	-2.19093202336509	-1.70975562988886	25 fn	-2.2	fn	1
#00BFFF	3	1	1	-1.70975562988886	-1.30556678281946	26 fn	-2.2	fn	1
#00BFFF	3	1	1	-1.30556678281946	-1.09932481093212	27 fn	-2.2	fn	1
#00BFFF	3	1	1	-1.09932481093212	-1.0154227566525	28 fn	-2.2	fn	1
#00BFFF	3	1	1	-1.0154227566525	-1.00135576037675	29 fn	-2.2	fn	1
#00BFFF	3	1	1	-1.00135576037675	-0.989307006366561	30 fn	-2.2	fn	1
#00BFFF	3	1	1	-0.989307006366561	-0.989134036202589	31 fn	-2.2	fn	1
#00BFFF	3	1	1	-0.989134036202589	-0.988893231938196	32 fn	-2.2	fn	1
#00BFFF	3	1	1	-0.988893231938196	-0.968263504582715	33 fn	-2.2	fn	1
#00BFFF	3	1	1	-0.968263504582715	-0.899385467897039	34 fn	-2.2	fn	1
#00BFFF	3	1	1	-0.899385467897039	-0.678987521191631	35 fn	-2.2	fn	1
#00BFFF	3	1	1	-0.678987521191631	-0.408139872451828	36 fn	-2.2	fn	1
#00BFFF	3	1	1	-0.408139872451828	-0.249624174041498	37 fn	-2.2	fn	1
#00BFFF	3	1	1	-0.249624174041498	-0.0801910112768258	38 fn	-2.2	fn	1
#00BFFF	3	1	1	-0.0801910112768258	0.115329151182443	39 fn	-2.2	fn	1
#00BFFF	3	1	1	0.115329151182443	0.298544061873653	40 fn	-2.2	fn	1
#00BFFF	3	1	1	0.298544061873653	0.460121155881064	41 fn	-2.2	fn	1
#00BFFF	3	1	1	0.460121155881064	0.638045485540612	42 fn	-2.2	fn	1
#00BFFF	3	1	1	0.638045485540612	0.822970604350525	43 fn	-2.2	fn	1
#00BFFF	3	1	1	0.822970604350525	1.0127264501757	44 fn	-2.2	fn	1
#00BFFF	3	1	1	1.0127264501757	1.21046541248413	45 fn	-2.2	fn	1
#00BFFF	3	1	1	1.21046541248413	1.37891053583511	46 fn	-2.2	fn	1
#00BFFF	3	1	1	1.37891053583511	1.54156862562895	47 fn	-2.2	fn	1
#00BFFF	3	1	1	1.54156862562895	1.57578190167313	48 fn	-2.2	fn	1
#00BFFF	3	2	2	1.57578190167313	1.57987566611961	49 fn	-2.2	fn	1
#00BFFF	3	2	2	1.57987566611961	1.58225811468401	50 fn	-2.2	fn	1
#00BFFF	3	2	2	1.58225811468401	1.64302098152048	51 fn	-2.2	fn	1
#00BFFF	3	2	2	1.64302098152048	1.92288682248449	52 fn	-2.2	fn	1
#00BFFF	3	2	2	1.92288682248449	3.08589939806206	53 fn	-2.2	fn	1
#00BFFF	3	2	2	3.08589939806206	9.08500842897606	54 fn	-2.2	fn	1
#00BFFF	3	0	0	-13.3670578848165	-7.34199737119048	1 fn	-2	fn	1
#00BFFF	3	0	0	-7.34199737119048	-4.04345598753607	2 fn	-2	fn	1
#00BFFF	3	0	0	-4.04345598753607	-3.15405687671473	3 fn	-2	fn	1
#00BFFF	3	0	0	-3.15405687671473	-2.72922035597277	4 fn	-2	fn	1
#00BFFF	3	0	0	-2.72922035597277	-2.62170980403531	5 fn	-2	fn	1
#00BFFF	3	0	0	-2.62170980403531	-2.60450907956303	6 fn	-2	fn	1
#00BFFF	3	0	0	-2.60450907956303	-2.59508053724272	7 fn	-2	fn	1
#00BFFF	3	0	0	-2.59508053724272	-2.58985635874694	8 fn	-2	fn	1
#00BFFF	3	0	0	-2.58985635874694	-2.58814741115137	9 fn	-2	fn	1
#00BFFF	3	0	0	-2.58814741115137	-2.58675174735288	10 fn	-2	fn	1
#00BFFF	3	0	0	-2.58675174735288	-2.57149816677717	11 fn	-2	fn	1
#00BFFF	3	0	0	-2.57149816677717	-2.55110196946485	12 fn	-2	fn	1
#00BFFF	3	0	0	-2.55110196946485	-2.53938963344197	13 fn	-2	fn	1
#00BFFF	3	0	0	-2.53938963344197	-2.52662158535874	14 fn	-2	fn	1
#00BFFF	3	0	0	-2.52662158535874	-2.50930827993967	15 fn	-2	fn	1
#00BFFF	3	0	0	-2.50930827993967	-2.49540807078698	16 fn	-2	fn	1
#00BFFF	3	0	0	-2.49540807078698	-2.48261262953773	17 fn	-2	fn	1
#00BFFF	3	0	0	-2.48261262953773	-2.47040257640679	18 fn	-2	fn	1
#00BFFF	3	0	0	-2.47040257640679	-2.46326103820639	19 fn	-2	fn	1
#00BFFF	3	0	0	-2.46326103820639	-2.46078307000063	20 fn	-2	fn	1
#00BFFF	3	1	1	-2.46078307000063	-2.45871709842386	21 fn	-2	fn	1
#00BFFF	3	1	1	-2.45871709842386	-2.45340475926054	22 fn	-2	fn	1
#00BFFF	3	1	1	-2.45340475926054	-2.4403220724321	23 fn	-2	fn	1
#00BFFF	3	1	1	-2.4403220724321	-2.19093202336509	24 fn	-2	fn	1
#00BFFF	3	1	1	-2.19093202336509	-1.70975562988886	25 fn	-2	fn	1
#00BFFF	3	1	1	-1.70975562988886	-1.30556678281946	26 fn	-2	fn	1
#00BFFF	3	1	1	-1.30556678281946	-1.09932481093212	27 fn	-2	fn	1
#00BFFF	3	1	1	-1.09932481093212	-1.0154227566525	28 fn	-2	fn	1
#00BFFF	3	1	1	-1.0154227566525	-1.00135576037675	29 fn	-2	fn	1
#00BFFF	3	1	1	-1.00135576037675	-0.989307006366561	30 fn	-2	fn	1
#00BFFF	3	1	1	-0.989307006366561	-0.989134036202589	31 fn	-2	fn	1
#00BFFF	3	1	1	-0.989134036202589	-0.988893231938196	32 fn	-2	fn	1
#00BFFF	3	1	1	-0.988893231938196	-0.968263504582715	33 fn	-2	fn	1
#00BFFF	3	1	1	-0.968263504582715	-0.899385467897039	34 fn	-2	fn	1
#00BFFF	3	1	1	-0.899385467897039	-0.678987521191631	35 fn	-2	fn	1
#00BFFF	3	1	1	-0.678987521191631	-0.408139872451828	36 fn	-2	fn	1
#00BFFF	3	1	1	-0.408139872451828	-0.249624174041498	37 fn	-2	fn	1
#00BFFF	3	1	1	-0.249624174041498	-0.0801910112768258	38 fn	-2	fn	1
#00BFFF	3	1	1	-0.0801910112768258	0.115329151182443	39 fn	-2	fn	1
#00BFFF	3	1	1	0.115329151182443	0.298544061873653	40 fn	-2	fn	1
#00BFFF	3	1	1	0.298544061873653	0.460121155881064	41 fn	-2	fn	1
#00BFFF	3	1	1	0.460121155881064	0.638045485540612	42 fn	-2	fn	1
#00BFFF	3	1	1	0.638045485540612	0.822970604350525	43 fn	-2	fn	1
#00BFFF	3	1	1	0.822970604350525	1.0127264501757	44 fn	-2	fn	1
#00BFFF	3	1	1	1.0127264501757	1.21046541248413	45 fn	-2	fn	1
#00BFFF	3	1	1	1.21046541248413	1.37891053583511	46 fn	-2	fn	1
#00BFFF	3	1	1	1.37891053583511	1.54156862562895	47 fn	-2	fn	1
#00BFFF	3	1	1	1.54156862562895	1.57578190167313	48 fn	-2	fn	1
#00BFFF	3	2	2	1.57578190167313	1.57987566611961	49 fn	-2	fn	1
#00BFFF	3	2	2	1.57987566611961	1.58225811468401	50 fn	-2	fn	1
#00BFFF	3	2	2	1.58225811468401	1.64302098152048	51 fn	-2	fn	1
#00BFFF	3	2	2	1.64302098152048	1.92288682248449	52 fn	-2	fn	1
#00BFFF	3	2	2	1.92288682248449	3.08589939806206	53 fn	-2	fn	1
#00BFFF	3	2	2	3.08589939806206	9.08500842897606	54 fn	-2	fn	1
#00BFFF	3	0	0	-13.3670578848165	-7.34199737119048	1 fn	-1.8	fn	1
#00BFFF	3	0	0	-7.34199737119048	-4.04345598753607	2 fn	-1.8	fn	1
#00BFFF	3	0	0	-4.04345598753607	-3.15405687671473	3 fn	-1.8	fn	1
#00BFFF	3	0	0	-3.15405687671473	-2.72922035597277	4 fn	-1.8	fn	1
#00BFFF	3	0	0	-2.72922035597277	-2.62170980403531	5 fn	-1.8	fn	1
#00BFFF	3	0	0	-2.62170980403531	-2.60450907956303	6 fn	-1.8	fn	1
#00BFFF	3	0	0	-2.60450907956303	-2.59508053724272	7 fn	-1.8	fn	1
#00BFFF	3	0	0	-2.59508053724272	-2.58985635874694	8 fn	-1.8	fn	1
#00BFFF	3	0	0	-2.58985635874694	-2.58814741115137	9 fn	-1.8	fn	1
#00BFFF	3	0	0	-2.58814741115137	-2.58675174735288	10 fn	-1.8	fn	1
#00BFFF	3	0	0	-2.58675174735288	-2.57149816677717	11 fn	-1.8	fn	1
#00BFFF	3	0	0	-2.57149816677717	-2.55110196946485	12 fn	-1.8	fn	1
#00BFFF	3	0	0	-2.55110196946485	-2.53938963344197	13 fn	-1.8	fn	1
#00BFFF	3	0	0	-2.53938963344197	-2.52662158535874	14 fn	-1.8	fn	1
#00BFFF	3	0	0	-2.52662158535874	-2.50930827993967	15 fn	-1.8	fn	1
#00BFFF	3	0	0	-2.50930827993967	-2.49540807078698	16 fn	-1.8	fn	1
#00BFFF	3	0	0	-2.49540807078698	-2.48261262953773	17 fn	-1.8	fn	1
#00BFFF	3	0	0	-2.48261262953773	-2.47040257640679	18 fn	-1.8	fn	1
#00BFFF	3	0	0	-2.47040257640679	-2.46326103820639	19 fn	-1.8	fn	1
#00BFFF	3	0	0	-2.46326103820639	-2.46078307000063	20 fn	-1.8	fn	1
#00BFFF	3	1	1	-2.46078307000063	-2.45871709842386	21 fn	-1.8	fn	1
#00BFFF	3	1	1	-2.45871709842386	-2.45340475926054	22 fn	-1.8	fn	1
#00BFFF	3	1	1	-2.45340475926054	-2.4403220724321	23 fn	-1.8	fn	1
#00BFFF	3	1	1	-2.4403220724321	-2.19093202336509	24 fn	-1.8	fn	1
#00BFFF	3	1	1	-2.19093202336509	-1.70975562988886	25 fn	-1.8	fn	1
#00BFFF	3	1	1	-1.70975562988886	-1.30556678281946	26 fn	-1.8	fn	1
#00BFFF	3	1	1	-1.30556678281946	-1.09932481093212	27 fn	-1.8	fn	1
#00BFFF	3	1	1	-1.09932481093212	-1.0154227566525	28 fn	-1.8	fn	1
#00BFFF	3	1	1	-1.0154227566525	-1.00135576037675	29 fn	-1.8	fn	1
#00BFFF	3	1	1	-1.00135576037675	-0.989307006366561	30 fn	-1.8	fn	1
#00BFFF	3	1	1	-0.989307006366561	-0.989134036202589	31 fn	-1.8	fn	1
#00BFFF	3	1	1	-0.989134036202589	-0.988893231938196	32 fn	-1.8	fn	1
#00BFFF	3	1	1	-0.988893231938196	-0.968263504582715	33 fn	-1.8	fn	1
#00BFFF	3	1	1	-0.968263504582715	-0.899385467897039	34 fn	-1.8	fn	1
#00BFFF	3	1	1	-0.899385467897039	-0.678987521191631	35 fn	-1.8	fn	1
#00BFFF	3	1	1	-0.678987521191631	-0.408139872451828	36 fn	-1.8	fn	1
#00BFFF	3	1	1	-0.408139872451828	-0.249624174041498	37 fn	-1.8	fn	1
#00BFFF	3	1	1	-0.249624174041498	-0.0801910112768258	38 fn	-1.8	fn	1
#00BFFF	3	1	1	-0.0801910112768258	0.115329151182443	39 fn	-1.8	fn	1
#00BFFF	3	1	1	0.115329151182443	0.298544061873653	40 fn	-1.8	fn	1
#00BFFF	3	1	1	0.298544061873653	0.460121155881064	41 fn	-1.8	fn	1
#00BFFF	3	1	1	0.460121155881064	0.638045485540612	42 fn	-1.8	fn	1
#00BFFF	3	1	1	0.638045485540612	0.822970604350525	43 fn	-1.8	fn	1
#00BFFF	3	1	1	0.822970604350525	1.0127264501757	44 fn	-1.8	fn	1
#00BFFF	3	1	1	1.0127264501757	1.21046541248413	45 fn	-1.8	fn	1
#00BFFF	3	1	1	1.21046541248413	1.37891053583511	46 fn	-1.8	fn	1
#00BFFF	3	1	1	1.37891053583511	1.54156862562895	47 fn	-1.8	fn	1
#00BFFF	3	1	1	1.54156862562895	1.57578190167313	48 fn	-1.8	fn	1
#00BFFF	3	2	2	1.57578190167313	1.57987566611961	49 fn	-1.8	fn	1
#00BFFF	3	2	2	1.57987566611961	1.58225811468401	50 fn	-1.8	fn	1
#00BFFF	3	2	2	1.58225811468401	1.64302098152048	51 fn	-1.8	fn	1
#00BFFF	3	2	2	1.64302098152048	1.92288682248449	52 fn	-1.8	fn	1
#00BFFF	3	2	2	1.92288682248449	3.08589939806206	53 fn	-1.8	fn	1
#00BFFF	3	2	2	3.08589939806206	9.08500842897606	54 fn	-1.8	fn	1
#00BFFF	3	0	0	-13.3670578848165	-7.34199737119048	1 fn	-1.6	fn	1
#00BFFF	3	0	0	-7.34199737119048	-4.04345598753607	2 fn	-1.6	fn	1
#00BFFF	3	0	0	-4.04345598753607	-3.15405687671473	3 fn	-1.6	fn	1
#00BFFF	3	0	0	-3.15405687671473	-2.72922035597277	4 fn	-1.6	fn	1
#00BFFF	3	0	0	-2.72922035597277	-2.62170980403531	5 fn	-1.6	fn	1
#00BFFF	3	0	0	-2.62170980403531	-2.60450907956303	6 fn	-1.6	fn	1
#00BFFF	3	0	0	-2.60450907956303	-2.59508053724272	7 fn	-1.6	fn	1
#00BFFF	3	0	0	-2.59508053724272	-2.58985635874694	8 fn	-1.6	fn	1
#00BFFF	3	0	0	-2.58985635874694	-2.58814741115137	9 fn	-1.6	fn	1
#00BFFF	3	0	0	-2.58814741115137	-2.58675174735288	10 fn	-1.6	fn	1
#00BFFF	3	0	0	-2.58675174735288	-2.57149816677717	11 fn	-1.6	fn	1
#00BFFF	3	0	0	-2.57149816677717	-2.55110196946485	12 fn	-1.6	fn	1
#00BFFF	3	0	0	-2.55110196946485	-2.53938963344197	13 fn	-1.6	fn	1
#00BFFF	3	0	0	-2.53938963344197	-2.52662158535874	14 fn	-1.6	fn	1
#00BFFF	3	0	0	-2.52662158535874	-2.50930827993967	15 fn	-1.6	fn	1
#00BFFF	3	0	0	-2.50930827993967	-2.49540807078698	16 fn	-1.6	fn	1
#00BFFF	3	0	0	-2.49540807078698	-2.48261262953773	17 fn	-1.6	fn	1
#00BFFF	3	0	0	-2.48261262953773	-2.47040257640679	18 fn	-1.6	fn	1
#00BFFF	3	0	0	-2.47040257640679	-2.46326103820639	19 fn	-1.6	fn	1
#00BFFF	3	0	0	-2.46326103820639	-2.46078307000063	20 fn	-1.6	fn	1
#00BFFF	3	1	1	-2.46078307000063	-2.45871709842386	21 fn	-1.6	fn	1
#00BFFF	3	1	1	-2.45871709842386	-2.45340475926054	22 fn	-1.6	fn	1
#00BFFF	3	1	1	-2.45340475926054	-2.4403220724321	23 fn	-1.6	fn	1
#00BFFF	3	1	1	-2.4403220724321	-2.19093202336509	24 fn	-1.6	fn	1
#00BFFF	3	1	1	-2.19093202336509	-1.70975562988886	25 fn	-1.6	fn	1
#00BFFF	3	1	1	-1.70975562988886	-1.30556678281946	26 fn	-1.6	fn	1
#00BFFF	3	1	1	-1.30556678281946	-1.09932481093212	27 fn	-1.6	fn	1
#00BFFF	3	1	1	-1.09932481093212	-1.0154227566525	28 fn	-1.6	fn	1
#00BFFF	3	1	1	-1.0154227566525	-1.00135576037675	29 fn	-1.6	fn	1
#00BFFF	3	1	1	-1.00135576037675	-0.989307006366561	30 fn	-1.6	fn	1
#00BFFF	3	1	1	-0.989307006366561	-0.989134036202589	31 fn	-1.6	fn	1
#00BFFF	3	1	1	-0.989134036202589	-0.988893231938196	32 fn	-1.6	fn	1
#00BFFF	3	1	1	-0.988893231938196	-0.968263504582715	33 fn	-1.6	fn	1
#00BFFF	3	1	1	-0.968263504582715	-0.899385467897039	34 fn	-1.6	fn	1
#00BFFF	3	1	1	-0.899385467897039	-0.678987521191631	35 fn	-1.6	fn	1
#00BFFF	3	1	1	-0.678987521191631	-0.408139872451828	36 fn	-1.6	fn	1
#00BFFF	3	1	1	-0.408139872451828	-0.249624174041498	37 fn	-1.6	fn	1
#00BFFF	3	1	1	-0.249624174041498	-0.0801910112768258	38 fn	-1.6	fn	1
#00BFFF	3	1	1	-0.0801910112768258	0.115329151182443	39 fn	-1.6	fn	1
#00BFFF	3	1	1	0.115329151182443	0.298544061873653	40 fn	-1.6	fn	1
#00BFFF	3	1	1	0.298544061873653	0.460121155881064	41 fn	-1.6	fn	1
#00BFFF	3	1	1	0.460121155881064	0.638045485540612	42 fn	-1.6	fn	1
#00BFFF	3	1	1	0.638045485540612	0.822970604350525	43 fn	-1.6	fn	1
#00BFFF	3	1	1	0.822970604350525	1.0127264501757	44 fn	-1.6	fn	1
#00BFFF	3	1	1	1.0127264501757	1.21046541248413	45 fn	-1.6	fn	1
#00BFFF	3	1	1	1.21046541248413	1.37891053583511	46 fn	-1.6	fn	1
#00BFFF	3	1	1	1.37891053583511	1.54156862562895	47 fn	-1.6	fn	1
#00BFFF	3	1	1	1.54156862562895	1.57578190167313	48 fn	-1.6	fn	1
#00BFFF	3	2	2	1.57578190167313	1.57987566611961	49 fn	-1.6	fn	1
#00BFFF	3	2	2	1.57987566611961	1.58225811468401	50 fn	-1.6	fn	1
#00BFFF	3	2	2	1.58225811468401	1.64302098152048	51 fn	-1.6	fn	1
#00BFFF	3	2	2	1.64302098152048	1.92288682248449	52 fn	-1.6	fn	1
#00BFFF	3	2	2	1.92288682248449	3.08589939806206	53 fn	-1.6	fn	1
#00BFFF	3	2	2	3.08589939806206	9.08500842897606	54 fn	-1.6	fn	1
#00BFFF	3	0	0	-13.3670578848165	-7.34199737119048	1 fn	-1.4	fn	1
#00BFFF	3	0	0	-7.34199737119048	-4.04345598753607	2 fn	-1.4	fn	1
#00BFFF	3	0	0	-4.04345598753607	-3.15405687671473	3 fn	-1.4	fn	1
#00BFFF	3	0	0	-3.15405687671473	-2.72922035597277	4 fn	-1.4	fn	1
#00BFFF	3	0	0	-2.72922035597277	-2.62170980403531	5 fn	-1.4	fn	1
#00BFFF	3	0	0	-2.62170980403531	-2.60450907956303	6 fn	-1.4	fn	1
#00BFFF	3	0	0	-2.60450907956303	-2.59508053724272	7 fn	-1.4	fn	1
#00BFFF	3	0	0	-2.59508053724272	-2.58985635874694	8 fn	-1.4	fn	1
#00BFFF	3	0	0	-2.58985635874694	-2.58814741115137	9 fn	-1.4	fn	1
#00BFFF	3	0	0	-2.58814741115137	-2.58675174735288	10 fn	-1.4	fn	1
#00BFFF	3	0	0	-2.58675174735288	-2.57149816677717	11 fn	-1.4	fn	1
#00BFFF	3	0	0	-2.57149816677717	-2.55110196946485	12 fn	-1.4	fn	1
#00BFFF	3	0	0	-2.55110196946485	-2.53938963344197	13 fn	-1.4	fn	1
#00BFFF	3	0	0	-2.53938963344197	-2.52662158535874	14 fn	-1.4	fn	1
#00BFFF	3	0	0	-2.52662158535874	-2.50930827993967	15 fn	-1.4	fn	1
#00BFFF	3	0	0	-2.50930827993967	-2.49540807078698	16 fn	-1.4	fn	1
#00BFFF	3	0	0	-2.49540807078698	-2.48261262953773	17 fn	-1.4	fn	1
#00BFFF	3	0	0	-2.48261262953773	-2.47040257640679	18 fn	-1.4	fn	1
#00BFFF	3	0	0	-2.47040257640679	-2.46326103820639	19 fn	-1.4	fn	1
#00BFFF	3	0	0	-2.46326103820639	-2.46078307000063	20 fn	-1.4	fn	1
#00BFFF	3	1	1	-2.46078307000063	-2.45871709842386	21 fn	-1.4	fn	1
#00BFFF	3	1	1	-2.45871709842386	-2.45340475926054	22 fn	-1.4	fn	1
#00BFFF	3	1	1	-2.45340475926054	-2.4403220724321	23 fn	-1.4	fn	1
#00BFFF	3	1	1	-2.4403220724321	-2.19093202336509	24 fn	-1.4	fn	1
#00BFFF	3	1	1	-2.19093202336509	-1.70975562988886	25 fn	-1.4	fn	1
#00BFFF	3	1	1	-1.70975562988886	-1.30556678281946	26 fn	-1.4	fn	1
#00BFFF	3	1	1	-1.30556678281946	-1.09932481093212	27 fn	-1.4	fn	1
#00BFFF	3	1	1	-1.09932481093212	-1.0154227566525	28 fn	-1.4	fn	1
#00BFFF	3	1	1	-1.0154227566525	-1.00135576037675	29 fn	-1.4	fn	1
#00BFFF	3	1	1	-1.00135576037675	-0.989307006366561	30 fn	-1.4	fn	1
#00BFFF	3	1	1	-0.989307006366561	-0.989134036202589	31 fn	-1.4	fn	1
#00BFFF	3	1	1	-0.989134036202589	-0.988893231938196	32 fn	-1.4	fn	1
#00BFFF	3	1	1	-0.988893231938196	-0.968263504582715	33 fn	-1.4	fn	1
#00BFFF	3	1	1	-0.968263504582715	-0.899385467897039	34 fn	-1.4	fn	1
#00BFFF	3	1	1	-0.899385467897039	-0.678987521191631	35 fn	-1.4	fn	1
#00BFFF	3	1	1	-0.678987521191631	-0.408139872451828	36 fn	-1.4	fn	1
#00BFFF	3	1	1	-0.408139872451828	-0.249624174041498	37 fn	-1.4	fn	1
#00BFFF	3	1	1	-0.249624174041498	-0.0801910112768258	38 fn	-1.4	fn	1
#00BFFF	3	1	1	-0.0801910112768258	0.115329151182443	39 fn	-1.4	fn	1
#00BFFF	3	1	1	0.115329151182443	0.298544061873653	40 fn	-1.4	fn	1
#00BFFF	3	1	1	0.298544061873653	0.460121155881064	41 fn	-1.4	fn	1
#00BFFF	3	1	1	0.460121155881064	0.638045485540612	42 fn	-1.4	fn	1
#00BFFF	3	1	1	0.638045485540612	0.822970604350525	43 fn	-1.4	fn	1
#00BFFF	3	1	1	0.822970604350525	1.0127264501757	44 fn	-1.4	fn	1
#00BFFF	3	1	1	1.0127264501757	1.21046541248413	45 fn	-1.4	fn	1
#00BFFF	3	1	1	1.21046541248413	1.37891053583511	46 fn	-1.4	fn	1
#00BFFF	3	1	1	1.37891053583511	1.54156862562895	47 fn	-1.4	fn	1
#00BFFF	3	1	1	1.54156862562895	1.57578190167313	48 fn	-1.4	fn	1
#00BFFF	3	2	2	1.57578190167313	1.57987566611961	49 fn	-1.4	fn	1
#00BFFF	3	2	2	1.57987566611961	1.58225811468401	50 fn	-1.4	fn	1
#00BFFF	3	2	2	1.58225811468401	1.64302098152048	51 fn	-1.4	fn	1
#00BFFF	3	2	2	1.64302098152048	1.92288682248449	52 fn	-1.4	fn	1
#00BFFF	3	2	2	1.92288682248449	3.08589939806206	53 fn	-1.4	fn	1
#00BFFF	3	2	2	3.08589939806206	9.08500842897606	54 fn	-1.4	fn	1
#00BFFF	3	0	0	-13.3670578848165	-7.34199737119048	1 fn	-1.2	fn	1
#00BFFF	3	0	0	-7.34199737119048	-4.04345598753607	2 fn	-1.2	fn	1
#00BFFF	3	0	0	-4.04345598753607	-3.15405687671473	3 fn	-1.2	fn	1
#00BFFF	3	0	0	-3.15405687671473	-2.72922035597277	4 fn	-1.2	fn	1
#00BFFF	3	0	0	-2.72922035597277	-2.62170980403531	5 fn	-1.2	fn	1
#00BFFF	3	0	0	-2.62170980403531	-2.60450907956303	6 fn	-1.2	fn	1
#00BFFF	3	0	0	-2.60450907956303	-2.59508053724272	7 fn	-1.2	fn	1
#00BFFF	3	0	0	-2.59508053724272	-2.58985635874694	8 fn	-1.2	fn	1
#00BFFF	3	0	0	-2.58985635874694	-2.58814741115137	9 fn	-1.2	fn	1
#00BFFF	3	0	0	-2.58814741115137	-2.58675174735288	10 fn	-1.2	fn	1
#00BFFF	3	0	0	-2.58675174735288	-2.57149816677717	11 fn	-1.2	fn	1
#00BFFF	3	0	0	-2.57149816677717	-2.55110196946485	12 fn	-1.2	fn	1
#00BFFF	3	0	0	-2.55110196946485	-2.53938963344197	13 fn	-1.2	fn	1
#00BFFF	3	0	0	-2.53938963344197	-2.52662158535874	14 fn	-1.2	fn	1
#00BFFF	3	0	0	-2.52662158535874	-2.50930827993967	15 fn	-1.2	fn	1
#00BFFF	3	0	0	-2.50930827993967	-2.49540807078698	16 fn	-1.2	fn	1
#00BFFF	3	0	0	-2.49540807078698	-2.48261262953773	17 fn	-1.2	fn	1
#00BFFF	3	0	0	-2.48261262953773	-2.47040257640679	18 fn	-1.2	fn	1
#00BFFF	3	0	0	-2.47040257640679	-2.46326103820639	19 fn	-1.2	fn	1
#00BFFF	3	0	0	-2.46326103820639	-2.46078307000063	20 fn	-1.2	fn	1
#00BFFF	3	1	1	-2.46078307000063	-2.45871709842386	21 fn	-1.2	fn	1
#00BFFF	3	1	1	-2.45871709842386	-2.45340475926054	22 fn	-1.2	fn	1
#00BFFF	3	1	1	-2.45340475926054	-2.4403220724321	23 fn	-1.2	fn	1
#00BFFF	3	1	1	-2.4403220724321	-2.19093202336509	24 fn	-1.2	fn	1
#00BFFF	3	1	1	-2.19093202336509	-1.70975562988886	25 fn	-1.2	fn	1
#00BFFF	3	1	1	-1.70975562988886	-1.30556678281946	26 fn	-1.2	fn	1
#00BFFF	3	1	1	-1.30556678281946	-1.09932481093212	27 fn	-1.2	fn	1
#00BFFF	3	1	1	-1.09932481093212	-1.0154227566525	28 fn	-1.2	fn	1
#00BFFF	3	1	1	-1.0154227566525	-1.00135576037675	29 fn	-1.2	fn	1
#00BFFF	3	1	1	-1.00135576037675	-0.989307006366561	30 fn	-1.2	fn	1
#00BFFF	3	1	1	-0.989307006366561	-0.989134036202589	31 fn	-1.2	fn	1
#00BFFF	3	1	1	-0.989134036202589	-0.988893231938196	32 fn	-1.2	fn	1
#00BFFF	3	1	1	-0.988893231938196	-0.968263504582715	33 fn	-1.2	fn	1
#00BFFF	3	1	1	-0.968263504582715	-0.899385467897039	34 fn	-1.2	fn	1
#00BFFF	3	1	1	-0.899385467897039	-0.678987521191631	35 fn	-1.2	fn	1
#00BFFF	3	1	1	-0.678987521191631	-0.408139872451828	36 fn	-1.2	fn	1
#00BFFF	3	1	1	-0.408139872451828	-0.249624174041498	37 fn	-1.2	fn	1
#00BFFF	3	1	1	-0.249624174041498	-0.0801910112768258	38 fn	-1.2	fn	1
#00BFFF	3	1	1	-0.0801910112768258	0.115329151182443	39 fn	-1.2	fn	1
#00BFFF	3	1	1	0.115329151182443	0.298544061873653	40 fn	-1.2	fn	1
#00BFFF	3	1	1	0.298544061873653	0.460121155881064	41 fn	-1.2	fn	1
#00BFFF	3	1	1	0.460121155881064	0.638045485540612	42 fn	-1.2	fn	1
#00BFFF	3	1	1	0.638045485540612	0.822970604350525	43 fn	-1.2	fn	1
#00BFFF	3	1	1	0.822970604350525	1.0127264501757	44 fn	-1.2	fn	1
#00BFFF	3	1	1	1.0127264501757	1.21046541248413	45 fn	-1.2	fn	1
#00BFFF	3	1	1	1.21046541248413	1.37891053583511	46 fn	-1.2	fn	1
#00BFFF	3	1	1	1.37891053583511	1.54156862562895	47 fn	-1.2	fn	1
#00BFFF	3	1	1	1.54156862562895	1.57578190167313	48 fn	-1.2	fn	1
#00BFFF	3	2	2	1.57578190167313	1.57987566611961	49 fn	-1.2	fn	1
#00BFFF	3	2	2	1.57987566611961	1.58225811468401	50 fn	-1.2	fn	1
#00BFFF	3	2	2	1.58225811468401	1.64302098152048	51 fn	-1.2	fn	1
#00BFFF	3	2	2	1.64302098152048	1.92288682248449	52 fn	-1.2	fn	1
#00BFFF	3	2	2	1.92288682248449	3.08589939806206	53 fn	-1.2	fn	1
#00BFFF	3	2	2	3.08589939806206	9.08500842897606	54 fn	-1.2	fn	1
#00BFFF	3	0	0	-13.3670578848165	-7.34199737119048	1 fn	-1	fn	1
#00BFFF	3	0	0	-7.34199737119048	-4.04345598753607	2 fn	-1	fn	1
#00BFFF	3	0	0	-4.04345598753607	-3.15405687671473	3 fn	-1	fn	1
#00BFFF	3	0	0	-3.15405687671473	-2.72922035597277	4 fn	-1	fn	1
#00BFFF	3	0	0	-2.72922035597277	-2.62170980403531	5 fn	-1	fn	1
#00BFFF	3	0	0	-2.62170980403531	-2.60450907956303	6 fn	-1	fn	1
#00BFFF	3	0	0	-2.60450907956303	-2.59508053724272	7 fn	-1	fn	1
#00BFFF	3	0	0	-2.59508053724272	-2.58985635874694	8 fn	-1	fn	1
#00BFFF	3	0	0	-2.58985635874694	-2.58814741115137	9 fn	-1	fn	1
#00BFFF	3	0	0	-2.58814741115137	-2.58675174735288	10 fn	-1	fn	1
#00BFFF	3	0	0	-2.58675174735288	-2.57149816677717	11 fn	-1	fn	1
#00BFFF	3	0	0	-2.57149816677717	-2.55110196946485	12 fn	-1	fn	1
#00BFFF	3	0	0	-2.55110196946485	-2.53938963344197	13 fn	-1	fn	1
#00BFFF	3	0	0	-2.53938963344197	-2.52662158535874	14 fn	-1	fn	1
#00BFFF	3	0	0	-2.52662158535874	-2.50930827993967	15 fn	-1	fn	1
#00BFFF	3	0	0	-2.50930827993967	-2.49540807078698	16 fn	-1	fn	1
#00BFFF	3	0	0	-2.49540807078698	-2.48261262953773	17 fn	-1	fn	1
#00BFFF	3	0	0	-2.48261262953773	-2.47040257640679	18 fn	-1	fn	1
#00BFFF	3	0	0	-2.47040257640679	-2.46326103820639	19 fn	-1	fn	1
#00BFFF	3	0	0	-2.46326103820639	-2.46078307000063	20 fn	-1	fn	1
#00BFFF	3	1	1	-2.46078307000063	-2.45871709842386	21 fn	-1	fn	1
#00BFFF	3	1	1	-2.45871709842386	-2.45340475926054	22 fn	-1	fn	1
#00BFFF	3	1	1	-2.45340475926054	-2.4403220724321	23 fn	-1	fn	1
#00BFFF	3	1	1	-2.4403220724321	-2.19093202336509	24 fn	-1	fn	1
#00BFFF	3	1	1	-2.19093202336509	-1.70975562988886	25 fn	-1	fn	1
#00BFFF	3	1	1	-1.70975562988886	-1.30556678281946	26 fn	-1	fn	1
#00BFFF	3	1	1	-1.30556678281946	-1.09932481093212	27 fn	-1	fn	1
#00BFFF	3	1	1	-1.09932481093212	-1.0154227566525	28 fn	-1	fn	1
#00BFFF	3	1	1	-1.0154227566525	-1.00135576037675	29 fn	-1	fn	1
#00BFFF	3	1	1	-1.00135576037675	-0.989307006366561	30 fn	-1	fn	1
#00BFFF	3	1	1	-0.989307006366561	-0.989134036202589	31 fn	-1	fn	1
#00BFFF	3	1	1	-0.989134036202589	-0.988893231938196	32 fn	-1	fn	1
#00BFFF	3	1	1	-0.988893231938196	-0.968263504582715	33 fn	-1	fn	1
#00BFFF	3	1	1	-0.968263504582715	-0.899385467897039	34 fn	-1	fn	1
#00BFFF	3	1	1	-0.899385467897039	-0.678987521191631	35 fn	-1	fn	1
#00BFFF	3	1	1	-0.678987521191631	-0.408139872451828	36 fn	-1	fn	1
#00BFFF	3	1	1	-0.408139872451828	-0.249624174041498	37 fn	-1	fn	1
#00BFFF	3	1	1	-0.249624174041498	-0.0801910112768258	38 fn	-1	fn	1
#00BFFF	3	1	1	-0.0801910112768258	0.115329151182443	39 fn	-1	fn	1
#00BFFF	3	1	1	0.115329151182443	0.298544061873653	40 fn	-1	fn	1
#00BFFF	3	1	1	0.298544061873653	0.460121155881064	41 fn	-1	fn	1
#00BFFF	3	1	1	0.460121155881064	0.638045485540612	42 fn	-1	fn	1
#00BFFF	3	1	1	0.638045485540612	0.822970604350525	43 fn	-1	fn	1
#00BFFF	3	1	1	0.822970604350525	1.0127264501757	44 fn	-1	fn	1
#00BFFF	3	1	1	1.0127264501757	1.21046541248413	45 fn	-1	fn	1
#00BFFF	3	1	1	1.21046541248413	1.37891053583511	46 fn	-1	fn	1
#00BFFF	3	1	1	1.37891053583511	1.54156862562895	47 fn	-1	fn	1
#00BFFF	3	1	1	1.54156862562895	1.57578190167313	48 fn	-1	fn	1
#00BFFF	3	2	2	1.57578190167313	1.57987566611961	49 fn	-1	fn	1
#00BFFF	3	2	2	1.57987566611961	1.58225811468401	50 fn	-1	fn	1
#00BFFF	3	2	2	1.58225811468401	1.64302098152048	51 fn	-1	fn	1
#00BFFF	3	2	2	1.64302098152048	1.92288682248449	52 fn	-1	fn	1
#00BFFF	3	2	2	1.92288682248449	3.08589939806206	53 fn	-1	fn	1
#00BFFF	3	2	2	3.08589939806206	9.08500842897606	54 fn	-1	fn	1
#00BFFF	3	0	0	-13.3670578848165	-7.34199737119048	1 fn	-0.8	fn	1
#00BFFF	3	0	0	-7.34199737119048	-4.04345598753607	2 fn	-0.8	fn	1
#00BFFF	3	0	0	-4.04345598753607	-3.15405687671473	3 fn	-0.8	fn	1
#00BFFF	3	0	0	-3.15405687671473	-2.72922035597277	4 fn	-0.8	fn	1
#00BFFF	3	0	0	-2.72922035597277	-2.62170980403531	5 fn	-0.8	fn	1
#00BFFF	3	0	0	-2.62170980403531	-2.60450907956303	6 fn	-0.8	fn	1
#00BFFF	3	0	0	-2.60450907956303	-2.59508053724272	7 fn	-0.8	fn	1
#00BFFF	3	0	0	-2.59508053724272	-2.58985635874694	8 fn	-0.8	fn	1
#00BFFF	3	0	0	-2.58985635874694	-2.58814741115137	9 fn	-0.8	fn	1
#00BFFF	3	0	0	-2.58814741115137	-2.58675174735288	10 fn	-0.8	fn	1
#00BFFF	3	0	0	-2.58675174735288	-2.57149816677717	11 fn	-0.8	fn	1
#00BFFF	3	0	0	-2.57149816677717	-2.55110196946485	12 fn	-0.8	fn	1
#00BFFF	3	0	0	-2.55110196946485	-2.53938963344197	13 fn	-0.8	fn	1
#00BFFF	3	0	0	-2.53938963344197	-2.52662158535874	14 fn	-0.8	fn	1
#00BFFF	3	0	0	-2.52662158535874	-2.50930827993967	15 fn	-0.8	fn	1
#00BFFF	3	0	0	-2.50930827993967	-2.49540807078698	16 fn	-0.8	fn	1
#00BFFF	3	0	0	-2.49540807078698	-2.48261262953773	17 fn	-0.8	fn	1
#00BFFF	3	0	0	-2.48261262953773	-2.47040257640679	18 fn	-0.8	fn	1
#00BFFF	3	0	0	-2.47040257640679	-2.46326103820639	19 fn	-0.8	fn	1
#00BFFF	3	0	0	-2.46326103820639	-2.46078307000063	20 fn	-0.8	fn	1
#00BFFF	3	1	1	-2.46078307000063	-2.45871709842386	21 fn	-0.8	fn	1
#00BFFF	3	1	1	-2.45871709842386	-2.45340475926054	22 fn	-0.8	fn	1
#00BFFF	3	1	1	-2.45340475926054	-2.4403220724321	23 fn	-0.8	fn	1
#00BFFF	3	1	1	-2.4403220724321	-2.19093202336509	24 fn	-0.8	fn	1
#00BFFF	3	1	1	-2.19093202336509	-1.70975562988886	25 fn	-0.8	fn	1
#00BFFF	3	1	1	-1.70975562988886	-1.30556678281946	26 fn	-0.8	fn	1
#00BFFF	3	1	1	-1.30556678281946	-1.09932481093212	27 fn	-0.8	fn	1
#00BFFF	3	1	1	-1.09932481093212	-1.0154227566525	28 fn	-0.8	fn	1
#00BFFF	3	1	1	-1.0154227566525	-1.00135576037675	29 fn	-0.8	fn	1
#00BFFF	3	1	1	-1.00135576037675	-0.989307006366561	30 fn	-0.8	fn	1
#00BFFF	3	1	1	-0.989307006366561	-0.989134036202589	31 fn	-0.8	fn	1
#00BFFF	3	1	1	-0.989134036202589	-0.988893231938196	32 fn	-0.8	fn	1
#00BFFF	3	1	1	-0.988893231938196	-0.968263504582715	33 fn	-0.8	fn	1
#00BFFF	3	1	1	-0.968263504582715	-0.899385467897039	34 fn	-0.8	fn	1
#00BFFF	3	1	1	-0.899385467897039	-0.678987521191631	35 fn	-0.8	fn	1
#00BFFF	3	1	1	-0.678987521191631	-0.408139872451828	36 fn	-0.8	fn	1
#00BFFF	3	1	1	-0.408139872451828	-0.249624174041498	37 fn	-0.8	fn	1
#00BFFF	3	1	1	-0.249624174041498	-0.0801910112768258	38 fn	-0.8	fn	1
#00BFFF	3	1	1	-0.0801910112768258	0.115329151182443	39 fn	-0.8	fn	1
#00BFFF	3	1	1	0.115329151182443	0.298544061873653	40 fn	-0.8	fn	1
#00BFFF	3	1	1	0.298544061873653	0.460121155881064	41 fn	-0.8	fn	1
#00BFFF	3	1	1	0.460121155881064	0.638045485540612	42 fn	-0.8	fn	1
#00BFFF	3	1	1	0.638045485540612	0.822970604350525	43 fn	-0.8	fn	1
#00BFFF	3	1	1	0.822970604350525	1.0127264501757	44 fn	-0.8	fn	1
#00BFFF	3	1	1	1.0127264501757	1.21046541248413	45 fn	-0.8	fn	1
#00BFFF	3	1	1	1.21046541248413	1.37891053583511	46 fn	-0.8	fn	1
#00BFFF	3	1	1	1.37891053583511	1.54156862562895	47 fn	-0.8	fn	1
#00BFFF	3	1	1	1.54156862562895	1.57578190167313	48 fn	-0.8	fn	1
#00BFFF	3	2	2	1.57578190167313	1.57987566611961	49 fn	-0.8	fn	1
#00BFFF	3	2	2	1.57987566611961	1.58225811468401	50 fn	-0.8	fn	1
#00BFFF	3	2	2	1.58225811468401	1.64302098152048	51 fn	-0.8	fn	1
#00BFFF	3	2	2	1.64302098152048	1.92288682248449	52 fn	-0.8	fn	1
#00BFFF	3	2	2	1.92288682248449	3.08589939806206	53 fn	-0.8	fn	1
#00BFFF	3	2	2	3.08589939806206	9.08500842897606	54 fn	-0.8	fn	1
#00BFFF	3	0	0	-13.3670578848165	-7.34199737119048	1 fn	-0.6	fn	1
#00BFFF	3	0	0	-7.34199737119048	-4.04345598753607	2 fn	-0.6	fn	1
#00BFFF	3	0	0	-4.04345598753607	-3.15405687671473	3 fn	-0.6	fn	1
#00BFFF	3	0	0	-3.15405687671473	-2.72922035597277	4 fn	-0.6	fn	1
#00BFFF	3	0	0	-2.72922035597277	-2.62170980403531	5 fn	-0.6	fn	1
#00BFFF	3	0	0	-2.62170980403531	-2.60450907956303	6 fn	-0.6	fn	1
#00BFFF	3	0	0	-2.60450907956303	-2.59508053724272	7 fn	-0.6	fn	1
#00BFFF	3	0	0	-2.59508053724272	-2.58985635874694	8 fn	-0.6	fn	1
#00BFFF	3	0	0	-2.58985635874694	-2.58814741115137	9 fn	-0.6	fn	1
#00BFFF	3	0	0	-2.58814741115137	-2.58675174735288	10 fn	-0.6	fn	1
#00BFFF	3	0	0	-2.58675174735288	-2.57149816677717	11 fn	-0.6	fn	1
#00BFFF	3	0	0	-2.57149816677717	-2.55110196946485	12 fn	-0.6	fn	1
#00BFFF	3	0	0	-2.55110196946485	-2.53938963344197	13 fn	-0.6	fn	1
#00BFFF	3	0	0	-2.53938963344197	-2.52662158535874	14 fn	-0.6	fn	1
#00BFFF	3	0	0	-2.52662158535874	-2.50930827993967	15 fn	-0.6	fn	1
#00BFFF	3	0	0	-2.50930827993967	-2.49540807078698	16 fn	-0.6	fn	1
#00BFFF	3	0	0	-2.49540807078698	-2.48261262953773	17 fn	-0.6	fn	1
#00BFFF	3	0	0	-2.48261262953773	-2.47040257640679	18 fn	-0.6	fn	1
#00BFFF	3	0	0	-2.47040257640679	-2.46326103820639	19 fn	-0.6	fn	1
#00BFFF	3	0	0	-2.46326103820639	-2.46078307000063	20 fn	-0.6	fn	1
#00BFFF	3	1	1	-2.46078307000063	-2.45871709842386	21 fn	-0.6	fn	1
#00BFFF	3	1	1	-2.45871709842386	-2.45340475926054	22 fn	-0.6	fn	1
#00BFFF	3	1	1	-2.45340475926054	-2.4403220724321	23 fn	-0.6	fn	1
#00BFFF	3	1	1	-2.4403220724321	-2.19093202336509	24 fn	-0.6	fn	1
#00BFFF	3	1	1	-2.19093202336509	-1.70975562988886	25 fn	-0.6	fn	1
#00BFFF	3	1	1	-1.70975562988886	-1.30556678281946	26 fn	-0.6	fn	1
#00BFFF	3	1	1	-1.30556678281946	-1.09932481093212	27 fn	-0.6	fn	1
#00BFFF	3	1	1	-1.09932481093212	-1.0154227566525	28 fn	-0.6	fn	1
#00BFFF	3	1	1	-1.0154227566525	-1.00135576037675	29 fn	-0.6	fn	1
#00BFFF	3	1	1	-1.00135576037675	-0.989307006366561	30 fn	-0.6	fn	1
#00BFFF	3	1	1	-0.989307006366561	-0.989134036202589	31 fn	-0.6	fn	1
#00BFFF	3	1	1	-0.989134036202589	-0.988893231938196	32 fn	-0.6	fn	1
#00BFFF	3	1	1	-0.988893231938196	-0.968263504582715	33 fn	-0.6	fn	1
#00BFFF	3	1	1	-0.968263504582715	-0.899385467897039	34 fn	-0.6	fn	1
#00BFFF	3	1	1	-0.899385467897039	-0.678987521191631	35 fn	-0.6	fn	1
#00BFFF	3	1	1	-0.678987521191631	-0.408139872451828	36 fn	-0.6	fn	1
#00BFFF	3	1	1	-0.408139872451828	-0.249624174041498	37 fn	-0.6	fn	1
#00BFFF	3	1	1	-0.249624174041498	-0.0801910112768258	38 fn	-0.6	fn	1
#00BFFF	3	1	1	-0.0801910112768258	0.115329151182443	39 fn	-0.6	fn	1
#00BFFF	3	1	1	0.115329151182443	0.298544061873653	40 fn	-0.6	fn	1
#00BFFF	3	1	1	0.298544061873653	0.460121155881064	41 fn	-0.6	fn	1
#00BFFF	3	1	1	0.460121155881064	0.638045485540612	42 fn	-0.6	fn	1
#00BFFF	3	1	1	0.638045485540612	0.822970604350525	43 fn	-0.6	fn	1
#00BFFF	3	1	1	0.822970604350525	1.0127264501757	44 fn	-0.6	fn	1
#00BFFF	3	1	1	1.0127264501757	1.21046541248413	45 fn	-0.6	fn	1
#00BFFF	3	1	1	1.21046541248413	1.37891053583511	46 fn	-0.6	fn	1
#00BFFF	3	1	1	1.37891053583511	1.54156862562895	47 fn	-0.6	fn	1
#00BFFF	3	1	1	1.54156862562895	1.57578190167313	48 fn	-0.6	fn	1
#00BFFF	3	2	2	1.57578190167313	1.57987566611961	49 fn	-0.6	fn	1
#00BFFF	3	2	2	1.57987566611961	1.58225811468401	50 fn	-0.6	fn	1
#00BFFF	3	2	2	1.58225811468401	1.64302098152048	51 fn	-0.6	fn	1
#00BFFF	3	2	2	1.64302098152048	1.92288682248449	52 fn	-0.6	fn	1
#00BFFF	3	2	2	1.92288682248449	3.08589939806206	53 fn	-0.6	fn	1
#00BFFF	3	2	2	3.08589939806206	9.08500842897606	54 fn	-0.6	fn	1
#00BFFF	3	0	0	-13.3670578848165	-7.34199737119048	1 fn	-0.399999999999999	fn	1
#00BFFF	3	0	0	-7.34199737119048	-4.04345598753607	2 fn	-0.399999999999999	fn	1
#00BFFF	3	0	0	-4.04345598753607	-3.15405687671473	3 fn	-0.399999999999999	fn	1
#00BFFF	3	0	0	-3.15405687671473	-2.72922035597277	4 fn	-0.399999999999999	fn	1
#00BFFF	3	0	0	-2.72922035597277	-2.62170980403531	5 fn	-0.399999999999999	fn	1
#00BFFF	3	0	0	-2.62170980403531	-2.60450907956303	6 fn	-0.399999999999999	fn	1
#00BFFF	3	0	0	-2.60450907956303	-2.59508053724272	7 fn	-0.399999999999999	fn	1
#00BFFF	3	0	0	-2.59508053724272	-2.58985635874694	8 fn	-0.399999999999999	fn	1
#00BFFF	3	0	0	-2.58985635874694	-2.58814741115137	9 fn	-0.399999999999999	fn	1
#00BFFF	3	0	0	-2.58814741115137	-2.58675174735288	10 fn	-0.399999999999999	fn	1
#00BFFF	3	0	0	-2.58675174735288	-2.57149816677717	11 fn	-0.399999999999999	fn	1
#00BFFF	3	0	0	-2.57149816677717	-2.55110196946485	12 fn	-0.399999999999999	fn	1
#00BFFF	3	0	0	-2.55110196946485	-2.53938963344197	13 fn	-0.399999999999999	fn	1
#00BFFF	3	0	0	-2.53938963344197	-2.52662158535874	14 fn	-0.399999999999999	fn	1
#00BFFF	3	0	0	-2.52662158535874	-2.50930827993967	15 fn	-0.399999999999999	fn	1
#00BFFF	3	0	0	-2.50930827993967	-2.49540807078698	16 fn	-0.399999999999999	fn	1
#00BFFF	3	0	0	-2.49540807078698	-2.48261262953773	17 fn	-0.399999999999999	fn	1
#00BFFF	3	0	0	-2.48261262953773	-2.47040257640679	18 fn	-0.399999999999999	fn	1
#00BFFF	3	0	0	-2.47040257640679	-2.46326103820639	19 fn	-0.399999999999999	fn	1
#00BFFF	3	0	0	-2.46326103820639	-2.46078307000063	20 fn	-0.399999999999999	fn	1
#00BFFF	3	1	1	-2.46078307000063	-2.45871709842386	21 fn	-0.399999999999999	fn	1
#00BFFF	3	1	1	-2.45871709842386	-2.45340475926054	22 fn	-0.399999999999999	fn	1
#00BFFF	3	1	1	-2.45340475926054	-2.4403220724321	23 fn	-0.399999999999999	fn	1
#00BFFF	3	1	1	-2.4403220724321	-2.19093202336509	24 fn	-0.399999999999999	fn	1
#00BFFF	3	1	1	-2.19093202336509	-1.70975562988886	25 fn	-0.399999999999999	fn	1
#00BFFF	3	1	1	-1.70975562988886	-1.30556678281946	26 fn	-0.399999999999999	fn	1
#00BFFF	3	1	1	-1.30556678281946	-1.09932481093212	27 fn	-0.399999999999999	fn	1
#00BFFF	3	1	1	-1.09932481093212	-1.0154227566525	28 fn	-0.399999999999999	fn	1
#00BFFF	3	1	1	-1.0154227566525	-1.00135576037675	29 fn	-0.399999999999999	fn	1
#00BFFF	3	1	1	-1.00135576037675	-0.989307006366561	30 fn	-0.399999999999999	fn	1
#00BFFF	3	1	1	-0.989307006366561	-0.989134036202589	31 fn	-0.399999999999999	fn	1
#00BFFF	3	1	1	-0.989134036202589	-0.988893231938196	32 fn	-0.399999999999999	fn	1
#00BFFF	3	1	1	-0.988893231938196	-0.968263504582715	33 fn	-0.399999999999999	fn	1
#00BFFF	3	1	1	-0.968263504582715	-0.899385467897039	34 fn	-0.399999999999999	fn	1
#00BFFF	3	1	1	-0.899385467897039	-0.678987521191631	35 fn	-0.399999999999999	fn	1
#00BFFF	3	1	1	-0.678987521191631	-0.408139872451828	36 fn	-0.399999999999999	fn	1
#00BFFF	3	1	1	-0.408139872451828	-0.249624174041498	37 fn	-0.399999999999999	fn	1
#00BFFF	3	1	1	-0.249624174041498	-0.0801910112768258	38 fn	-0.399999999999999	fn	1
#00BFFF	3	1	1	-0.0801910112768258	0.115329151182443	39 fn	-0.399999999999999	fn	1
#00BFFF	3	1	1	0.115329151182443	0.298544061873653	40 fn	-0.399999999999999	fn	1
#00BFFF	3	1	1	0.298544061873653	0.460121155881064	41 fn	-0.399999999999999	fn	1
#00BFFF	3	1	1	0.460121155881064	0.638045485540612	42 fn	-0.399999999999999	fn	1
#00BFFF	3	1	1	0.638045485540612	0.822970604350525	43 fn	-0.399999999999999	fn	1
#00BFFF	3	1	1	0.822970604350525	1.0127264501757	44 fn	-0.399999999999999	fn	1
#00BFFF	3	1	1	1.0127264501757	1.21046541248413	45 fn	-0.399999999999999	fn	1
#00BFFF	3	1	1	1.21046541248413	1.37891053583511	46 fn	-0.399999999999999	fn	1
#00BFFF	3	1	1	1.37891053583511	1.54156862562895	47 fn	-0.399999999999999	fn	1
#00BFFF	3	1	1	1.54156862562895	1.57578190167313	48 fn	-0.399999999999999	fn	1
#00BFFF	3	2	2	1.57578190167313	1.57987566611961	49 fn	-0.399999999999999	fn	1
#00BFFF	3	2	2	1.57987566611961	1.58225811468401	50 fn	-0.399999999999999	fn	1
#00BFFF	3	2	2	1.58225811468401	1.64302098152048	51 fn	-0.399999999999999	fn	1
#00BFFF	3	2	2	1.64302098152048	1.92288682248449	52 fn	-0.399999999999999	fn	1
#00BFFF	3	2	2	1.92288682248449	3.08589939806206	53 fn	-0.399999999999999	fn	1
#00BFFF	3	2	2	3.08589939806206	9.08500842897606	54 fn	-0.399999999999999	fn	1
#00BFFF	3	0	0	-13.3670578848165	-7.34199737119048	1 fn	-0.199999999999999	fn	1
#00BFFF	3	0	0	-7.34199737119048	-4.04345598753607	2 fn	-0.199999999999999	fn	1
#00BFFF	3	0	0	-4.04345598753607	-3.15405687671473	3 fn	-0.199999999999999	fn	1
#00BFFF	3	0	0	-3.15405687671473	-2.72922035597277	4 fn	-0.199999999999999	fn	1
#00BFFF	3	0	0	-2.72922035597277	-2.62170980403531	5 fn	-0.199999999999999	fn	1
#00BFFF	3	0	0	-2.62170980403531	-2.60450907956303	6 fn	-0.199999999999999	fn	1
#00BFFF	3	0	0	-2.60450907956303	-2.59508053724272	7 fn	-0.199999999999999	fn	1
#00BFFF	3	0	0	-2.59508053724272	-2.58985635874694	8 fn	-0.199999999999999	fn	1
#00BFFF	3	0	0	-2.58985635874694	-2.58814741115137	9 fn	-0.199999999999999	fn	1
#00BFFF	3	0	0	-2.58814741115137	-2.58675174735288	10 fn	-0.199999999999999	fn	1
#00BFFF	3	0	0	-2.58675174735288	-2.57149816677717	11 fn	-0.199999999999999	fn	1
#00BFFF	3	0	0	-2.57149816677717	-2.55110196946485	12 fn	-0.199999999999999	fn	1
#00BFFF	3	0	0	-2.55110196946485	-2.53938963344197	13 fn	-0.199999999999999	fn	1
#00BFFF	3	0	0	-2.53938963344197	-2.52662158535874	14 fn	-0.199999999999999	fn	1
#00BFFF	3	0	0	-2.52662158535874	-2.50930827993967	15 fn	-0.199999999999999	fn	1
#00BFFF	3	0	0	-2.50930827993967	-2.49540807078698	16 fn	-0.199999999999999	fn	1
#00BFFF	3	0	0	-2.49540807078698	-2.48261262953773	17 fn	-0.199999999999999	fn	1
#00BFFF	3	0	0	-2.48261262953773	-2.47040257640679	18 fn	-0.199999999999999	fn	1
#00BFFF	3	0	0	-2.47040257640679	-2.46326103820639	19 fn	-0.199999999999999	fn	1
#00BFFF	3	0	0	-2.46326103820639	-2.46078307000063	20 fn	-0.199999999999999	fn	1
#00BFFF	3	1	1	-2.46078307000063	-2.45871709842386	21 fn	-0.199999999999999	fn	1
#00BFFF	3	1	1	-2.45871709842386	-2.45340475926054	22 fn	-0.199999999999999	fn	1
#00BFFF	3	1	1	-2.45340475926054	-2.4403220724321	23 fn	-0.199999999999999	fn	1
#00BFFF	3	1	1	-2.4403220724321	-2.19093202336509	24 fn	-0.199999999999999	fn	1
#00BFFF	3	1	1	-2.19093202336509	-1.70975562988886	25 fn	-0.199999999999999	fn	1
#00BFFF	3	1	1	-1.70975562988886	-1.30556678281946	26 fn	-0.199999999999999	fn	1
#00BFFF	3	1	1	-1.30556678281946	-1.09932481093212	27 fn	-0.199999999999999	fn	1
#00BFFF	3	1	1	-1.09932481093212	-1.0154227566525	28 fn	-0.199999999999999	fn	1
#00BFFF	3	1	1	-1.0154227566525	-1.00135576037675	29 fn	-0.199999999999999	fn	1
#00BFFF	3	1	1	-1.00135576037675	-0.989307006366561	30 fn	-0.199999999999999	fn	1
#00BFFF	3	1	1	-0.989307006366561	-0.989134036202589	31 fn	-0.199999999999999	fn	1
#00BFFF	3	1	1	-0.989134036202589	-0.988893231938196	32 fn	-0.199999999999999	fn	1
#00BFFF	3	1	1	-0.988893231938196	-0.968263504582715	33 fn	-0.199999999999999	fn	1
#00BFFF	3	1	1	-0.968263504582715	-0.899385467897039	34 fn	-0.199999999999999	fn	1
#00BFFF	3	1	1	-0.899385467897039	-0.678987521191631	35 fn	-0.199999999999999	fn	1
#00BFFF	3	1	1	-0.678987521191631	-0.408139872451828	36 fn	-0.199999999999999	fn	1
#00BFFF	3	1	1	-0.408139872451828	-0.249624174041498	37 fn	-0.199999999999999	fn	1
#00BFFF	3	1	1	-0.249624174041498	-0.0801910112768258	38 fn	-0.199999999999999	fn	1
#00BFFF	3	1	1	-0.0801910112768258	0.115329151182443	39 fn	-0.199999999999999	fn	1
#00BFFF	3	1	1	0.115329151182443	0.298544061873653	40 fn	-0.199999999999999	fn	1
#00BFFF	3	1	1	0.298544061873653	0.460121155881064	41 fn	-0.199999999999999	fn	1
#00BFFF	3	1	1	0.460121155881064	0.638045485540612	42 fn	-0.199999999999999	fn	1
#00BFFF	3	1	1	0.638045485540612	0.822970604350525	43 fn	-0.199999999999999	fn	1
#00BFFF	3	1	1	0.822970604350525	1.0127264501757	44 fn	-0.199999999999999	fn	1
#00BFFF	3	1	1	1.0127264501757	1.21046541248413	45 fn	-0.199999999999999	fn	1
#00BFFF	3	1	1	1.21046541248413	1.37891053583511	46 fn	-0.199999999999999	fn	1
#00BFFF	3	1	1	1.37891053583511	1.54156862562895	47 fn	-0.199999999999999	fn	1
#00BFFF	3	1	1	1.54156862562895	1.57578190167313	48 fn	-0.199999999999999	fn	1
#00BFFF	3	2	2	1.57578190167313	1.57987566611961	49 fn	-0.199999999999999	fn	1
#00BFFF	3	2	2	1.57987566611961	1.58225811468401	50 fn	-0.199999999999999	fn	1
#00BFFF	3	2	2	1.58225811468401	1.64302098152048	51 fn	-0.199999999999999	fn	1
#00BFFF	3	2	2	1.64302098152048	1.92288682248449	52 fn	-0.199999999999999	fn	1
#00BFFF	3	2	2	1.92288682248449	3.08589939806206	53 fn	-0.199999999999999	fn	1
#00BFFF	3	2	2	3.08589939806206	9.08500842897606	54 fn	-0.199999999999999	fn	1
#00BFFF	3	0	0	-13.3670578848165	-7.34199737119048	1 fn	0	fn	1
#00BFFF	3	0	0	-7.34199737119048	-4.04345598753607	2 fn	0	fn	1
#00BFFF	3	0	0	-4.04345598753607	-3.15405687671473	3 fn	0	fn	1
#00BFFF	3	0	0	-3.15405687671473	-2.72922035597277	4 fn	0	fn	1
#00BFFF	3	0	0	-2.72922035597277	-2.62170980403531	5 fn	0	fn	1
#00BFFF	3	0	0	-2.62170980403531	-2.60450907956303	6 fn	0	fn	1
#00BFFF	3	0	0	-2.60450907956303	-2.59508053724272	7 fn	0	fn	1
#00BFFF	3	0	0	-2.59508053724272	-2.58985635874694	8 fn	0	fn	1
#00BFFF	3	0	0	-2.58985635874694	-2.58814741115137	9 fn	0	fn	1
#00BFFF	3	0	0	-2.58814741115137	-2.58675174735288	10 fn	0	fn	1
#00BFFF	3	0	0	-2.58675174735288	-2.57149816677717	11 fn	0	fn	1
#00BFFF	3	0	0	-2.57149816677717	-2.55110196946485	12 fn	0	fn	1
#00BFFF	3	0	0	-2.55110196946485	-2.53938963344197	13 fn	0	fn	1
#00BFFF	3	0	0	-2.53938963344197	-2.52662158535874	14 fn	0	fn	1
#00BFFF	3	0	0	-2.52662158535874	-2.50930827993967	15 fn	0	fn	1
#00BFFF	3	0	0	-2.50930827993967	-2.49540807078698	16 fn	0	fn	1
#00BFFF	3	0	0	-2.49540807078698	-2.48261262953773	17 fn	0	fn	1
#00BFFF	3	0	0	-2.48261262953773	-2.47040257640679	18 fn	0	fn	1
#00BFFF	3	0	0	-2.47040257640679	-2.46326103820639	19 fn	0	fn	1
#00BFFF	3	0	0	-2.46326103820639	-2.46078307000063	20 fn	0	fn	1
#00BFFF	3	1	1	-2.46078307000063	-2.45871709842386	21 fn	0	fn	1
#00BFFF	3	1	1	-2.45871709842386	-2.45340475926054	22 fn	0	fn	1
#00BFFF	3	1	1	-2.45340475926054	-2.4403220724321	23 fn	0	fn	1
#00BFFF	3	1	1	-2.4403220724321	-2.19093202336509	24 fn	0	fn	1
#00BFFF	3	1	1	-2.19093202336509	-1.70975562988886	25 fn	0	fn	1
#00BFFF	3	1	1	-1.70975562988886	-1.30556678281946	26 fn	0	fn	1
#00BFFF	3	1	1	-1.30556678281946	-1.09932481093212	27 fn	0	fn	1
#00BFFF	3	1	1	-1.09932481093212	-1.0154227566525	28 fn	0	fn	1
#00BFFF	3	1	1	-1.0154227566525	-1.00135576037675	29 fn	0	fn	1
#00BFFF	3	1	1	-1.00135576037675	-0.989307006366561	30 fn	0	fn	1
#00BFFF	3	1	1	-0.989307006366561	-0.989134036202589	31 fn	0	fn	1
#00BFFF	3	1	1	-0.989134036202589	-0.988893231938196	32 fn	0	fn	1
#00BFFF	3	1	1	-0.988893231938196	-0.968263504582715	33 fn	0	fn	1
#00BFFF	3	1	1	-0.968263504582715	-0.899385467897039	34 fn	0	fn	1
#00BFFF	3	1	1	-0.899385467897039	-0.678987521191631	35 fn	0	fn	1
#00BFFF	3	1	1	-0.678987521191631	-0.408139872451828	36 fn	0	fn	1
#00BFFF	3	1	1	-0.408139872451828	-0.249624174041498	37 fn	0	fn	1
#00BFFF	3	1	1	-0.249624174041498	-0.0801910112768258	38 fn	0	fn	1
#00BFFF	3	1	1	-0.0801910112768258	0.115329151182443	39 fn	0	fn	1
#00BFFF	3	1	1	0.115329151182443	0.298544061873653	40 fn	0	fn	1
#00BFFF	3	1	1	0.298544061873653	0.460121155881064	41 fn	0	fn	1
#00BFFF	3	1	1	0.460121155881064	0.638045485540612	42 fn	0	fn	1
#00BFFF	3	1	1	0.638045485540612	0.822970604350525	43 fn	0	fn	1
#00BFFF	3	1	1	0.822970604350525	1.0127264501757	44 fn	0	fn	1
#00BFFF	3	1	1	1.0127264501757	1.21046541248413	45 fn	0	fn	1
#00BFFF	3	1	1	1.21046541248413	1.37891053583511	46 fn	0	fn	1
#00BFFF	3	1	1	1.37891053583511	1.54156862562895	47 fn	0	fn	1
#00BFFF	3	1	1	1.54156862562895	1.57578190167313	48 fn	0	fn	1
#00BFFF	3	2	2	1.57578190167313	1.57987566611961	49 fn	0	fn	1
#00BFFF	3	2	2	1.57987566611961	1.58225811468401	50 fn	0	fn	1
#00BFFF	3	2	2	1.58225811468401	1.64302098152048	51 fn	0	fn	1
#00BFFF	3	2	2	1.64302098152048	1.92288682248449	52 fn	0	fn	1
#00BFFF	3	2	2	1.92288682248449	3.08589939806206	53 fn	0	fn	1
#00BFFF	3	2	2	3.08589939806206	9.08500842897606	54 fn	0	fn	1
#00BFFF	3	0	0	-13.3670578848165	-7.34199737119048	1 fn	0.2	fn	1
#00BFFF	3	0	0	-7.34199737119048	-4.04345598753607	2 fn	0.2	fn	1
#00BFFF	3	0	0	-4.04345598753607	-3.15405687671473	3 fn	0.2	fn	1
#00BFFF	3	0	0	-3.15405687671473	-2.72922035597277	4 fn	0.2	fn	1
#00BFFF	3	0	0	-2.72922035597277	-2.62170980403531	5 fn	0.2	fn	1
#00BFFF	3	0	0	-2.62170980403531	-2.60450907956303	6 fn	0.2	fn	1
#00BFFF	3	0	0	-2.60450907956303	-2.59508053724272	7 fn	0.2	fn	1
#00BFFF	3	0	0	-2.59508053724272	-2.58985635874694	8 fn	0.2	fn	1
#00BFFF	3	0	0	-2.58985635874694	-2.58814741115137	9 fn	0.2	fn	1
#00BFFF	3	0	0	-2.58814741115137	-2.58675174735288	10 fn	0.2	fn	1
#00BFFF	3	0	0	-2.58675174735288	-2.57149816677717	11 fn	0.2	fn	1
#00BFFF	3	0	0	-2.57149816677717	-2.55110196946485	12 fn	0.2	fn	1
#00BFFF	3	0	0	-2.55110196946485	-2.53938963344197	13 fn	0.2	fn	1
#00BFFF	3	0	0	-2.53938963344197	-2.52662158535874	14 fn	0.2	fn	1
#00BFFF	3	0	0	-2.52662158535874	-2.50930827993967	15 fn	0.2	fn	1
#00BFFF	3	0	0	-2.50930827993967	-2.49540807078698	16 fn	0.2	fn	1
#00BFFF	3	0	0	-2.49540807078698	-2.48261262953773	17 fn	0.2	fn	1
#00BFFF	3	0	0	-2.48261262953773	-2.47040257640679	18 fn	0.2	fn	1
#00BFFF	3	0	0	-2.47040257640679	-2.46326103820639	19 fn	0.2	fn	1
#00BFFF	3	0	0	-2.46326103820639	-2.46078307000063	20 fn	0.2	fn	1
#00BFFF	3	1	1	-2.46078307000063	-2.45871709842386	21 fn	0.2	fn	1
#00BFFF	3	1	1	-2.45871709842386	-2.45340475926054	22 fn	0.2	fn	1
#00BFFF	3	1	1	-2.45340475926054	-2.4403220724321	23 fn	0.2	fn	1
#00BFFF	3	1	1	-2.4403220724321	-2.19093202336509	24 fn	0.2	fn	1
#00BFFF	3	1	1	-2.19093202336509	-1.70975562988886	25 fn	0.2	fn	1
#00BFFF	3	1	1	-1.70975562988886	-1.30556678281946	26 fn	0.2	fn	1
#00BFFF	3	1	1	-1.30556678281946	-1.09932481093212	27 fn	0.2	fn	1
#00BFFF	3	1	1	-1.09932481093212	-1.0154227566525	28 fn	0.2	fn	1
#00BFFF	3	1	1	-1.0154227566525	-1.00135576037675	29 fn	0.2	fn	1
#00BFFF	3	1	1	-1.00135576037675	-0.989307006366561	30 fn	0.2	fn	1
#00BFFF	3	1	1	-0.989307006366561	-0.989134036202589	31 fn	0.2	fn	1
#00BFFF	3	1	1	-0.989134036202589	-0.988893231938196	32 fn	0.2	fn	1
#00BFFF	3	1	1	-0.988893231938196	-0.968263504582715	33 fn	0.2	fn	1
#00BFFF	3	1	1	-0.968263504582715	-0.899385467897039	34 fn	0.2	fn	1
#00BFFF	3	1	1	-0.899385467897039	-0.678987521191631	35 fn	0.2	fn	1
#00BFFF	3	1	1	-0.678987521191631	-0.408139872451828	36 fn	0.2	fn	1
#00BFFF	3	1	1	-0.408139872451828	-0.249624174041498	37 fn	0.2	fn	1
#00BFFF	3	1	1	-0.249624174041498	-0.0801910112768258	38 fn	0.2	fn	1
#00BFFF	3	1	1	-0.0801910112768258	0.115329151182443	39 fn	0.2	fn	1
#00BFFF	3	1	1	0.115329151182443	0.298544061873653	40 fn	0.2	fn	1
#00BFFF	3	1	1	0.298544061873653	0.460121155881064	41 fn	0.2	fn	1
#00BFFF	3	1	1	0.460121155881064	0.638045485540612	42 fn	0.2	fn	1
#00BFFF	3	1	1	0.638045485540612	0.822970604350525	43 fn	0.2	fn	1
#00BFFF	3	1	1	0.822970604350525	1.0127264501757	44 fn	0.2	fn	1
#00BFFF	3	1	1	1.0127264501757	1.21046541248413	45 fn	0.2	fn	1
#00BFFF	3	1	1	1.21046541248413	1.37891053583511	46 fn	0.2	fn	1
#00BFFF	3	1	1	1.37891053583511	1.54156862562895	47 fn	0.2	fn	1
#00BFFF	3	1	1	1.54156862562895	1.57578190167313	48 fn	0.2	fn	1
#00BFFF	3	2	2	1.57578190167313	1.57987566611961	49 fn	0.2	fn	1
#00BFFF	3	2	2	1.57987566611961	1.58225811468401	50 fn	0.2	fn	1
#00BFFF	3	2	2	1.58225811468401	1.64302098152048	51 fn	0.2	fn	1
#00BFFF	3	2	2	1.64302098152048	1.92288682248449	52 fn	0.2	fn	1
#00BFFF	3	2	2	1.92288682248449	3.08589939806206	53 fn	0.2	fn	1
#00BFFF	3	2	2	3.08589939806206	9.08500842897606	54 fn	0.2	fn	1
#00BFFF	3	0	0	-13.3670578848165	-7.34199737119048	1 fn	0.4	fn	1
#00BFFF	3	0	0	-7.34199737119048	-4.04345598753607	2 fn	0.4	fn	1
#00BFFF	3	0	0	-4.04345598753607	-3.15405687671473	3 fn	0.4	fn	1
#00BFFF	3	0	0	-3.15405687671473	-2.72922035597277	4 fn	0.4	fn	1
#00BFFF	3	0	0	-2.72922035597277	-2.62170980403531	5 fn	0.4	fn	1
#00BFFF	3	0	0	-2.62170980403531	-2.60450907956303	6 fn	0.4	fn	1
#00BFFF	3	0	0	-2.60450907956303	-2.59508053724272	7 fn	0.4	fn	1
#00BFFF	3	0	0	-2.59508053724272	-2.58985635874694	8 fn	0.4	fn	1
#00BFFF	3	0	0	-2.58985635874694	-2.58814741115137	9 fn	0.4	fn	1
#00BFFF	3	0	0	-2.58814741115137	-2.58675174735288	10 fn	0.4	fn	1
#00BFFF	3	0	0	-2.58675174735288	-2.57149816677717	11 fn	0.4	fn	1
#00BFFF	3	0	0	-2.57149816677717	-2.55110196946485	12 fn	0.4	fn	1
#00BFFF	3	0	0	-2.55110196946485	-2.53938963344197	13 fn	0.4	fn	1
#00BFFF	3	0	0	-2.53938963344197	-2.52662158535874	14 fn	0.4	fn	1
#00BFFF	3	0	0	-2.52662158535874	-2.50930827993967	15 fn	0.4	fn	1
#00BFFF	3	0	0	-2.50930827993967	-2.49540807078698	16 fn	0.4	fn	1
#00BFFF	3	0	0	-2.49540807078698	-2.48261262953773	17 fn	0.4	fn	1
#00BFFF	3	0	0	-2.48261262953773	-2.47040257640679	18 fn	0.4	fn	1
#00BFFF	3	0	0	-2.47040257640679	-2.46326103820639	19 fn	0.4	fn	1
#00BFFF	3	0	0	-2.46326103820639	-2.46078307000063	20 fn	0.4	fn	1
#00BFFF	3	1	1	-2.46078307000063	-2.45871709842386	21 fn	0.4	fn	1
#00BFFF	3	1	1	-2.45871709842386	-2.45340475926054	22 fn	0.4	fn	1
#00BFFF	3	1	1	-2.45340475926054	-2.4403220724321	23 fn	0.4	fn	1
#00BFFF	3	1	1	-2.4403220724321	-2.19093202336509	24 fn	0.4	fn	1
#00BFFF	3	1	1	-2.19093202336509	-1.70975562988886	25 fn	0.4	fn	1
#00BFFF	3	1	1	-1.70975562988886	-1.30556678281946	26 fn	0.4	fn	1
#00BFFF	3	1	1	-1.30556678281946	-1.09932481093212	27 fn	0.4	fn	1
#00BFFF	3	1	1	-1.09932481093212	-1.0154227566525	28 fn	0.4	fn	1
#00BFFF	3	1	1	-1.0154227566525	-1.00135576037675	29 fn	0.4	fn	1
#00BFFF	3	1	1	-1.00135576037675	-0.989307006366561	30 fn	0.4	fn	1
#00BFFF	3	1	1	-0.989307006366561	-0.989134036202589	31 fn	0.4	fn	1
#00BFFF	3	1	1	-0.989134036202589	-0.988893231938196	32 fn	0.4	fn	1
#00BFFF	3	1	1	-0.988893231938196	-0.968263504582715	33 fn	0.4	fn	1
#00BFFF	3	1	1	-0.968263504582715	-0.899385467897039	34 fn	0.4	fn	1
#00BFFF	3	1	1	-0.899385467897039	-0.678987521191631	35 fn	0.4	fn	1
#00BFFF	3	1	1	-0.678987521191631	-0.408139872451828	36 fn	0.4	fn	1
#00BFFF	3	1	1	-0.408139872451828	-0.249624174041498	37 fn	0.4	fn	1
#00BFFF	3	1	1	-0.249624174041498	-0.0801910112768258	38 fn	0.4	fn	1
#00BFFF	3	1	1	-0.0801910112768258	0.115329151182443	39 fn	0.4	fn	1
#00BFFF	3	1	1	0.115329151182443	0.298544061873653	40 fn	0.4	fn	1
#00BFFF	3	1	1	0.298544061873653	0.460121155881064	41 fn	0.4	fn	1
#00BFFF	3	1	1	0.460121155881064	0.638045485540612	42 fn	0.4	fn	1
#00BFFF	3	1	1	0.638045485540612	0.822970604350525	43 fn	0.4	fn	1
#00BFFF	3	1	1	0.822970604350525	1.0127264501757	44 fn	0.4	fn	1
#00BFFF	3	1	1	1.0127264501757	1.21046541248413	45 fn	0.4	fn	1
#00BFFF	3	1	1	1.21046541248413	1.37891053583511	46 fn	0.4	fn	1
#00BFFF	3	1	1	1.37891053583511	1.54156862562895	47 fn	0.4	fn	1
#00BFFF	3	1	1	1.54156862562895	1.57578190167313	48 fn	0.4	fn	1
#00BFFF	3	2	2	1.57578190167313	1.57987566611961	49 fn	0.4	fn	1
#00BFFF	3	2	2	1.57987566611961	1.58225811468401	50 fn	0.4	fn	1
#00BFFF	3	2	2	1.58225811468401	1.64302098152048	51 fn	0.4	fn	1
#00BFFF	3	2	2	1.64302098152048	1.92288682248449	52 fn	0.4	fn	1
#00BFFF	3	2	2	1.92288682248449	3.08589939806206	53 fn	0.4	fn	1
#00BFFF	3	2	2	3.08589939806206	9.08500842897606	54 fn	0.4	fn	1
#00BFFF	3	0	0	-13.3670578848165	-7.34199737119048	1 fn	0.600000000000001	fn	1
#00BFFF	3	0	0	-7.34199737119048	-4.04345598753607	2 fn	0.600000000000001	fn	1
#00BFFF	3	0	0	-4.04345598753607	-3.15405687671473	3 fn	0.600000000000001	fn	1
#00BFFF	3	0	0	-3.15405687671473	-2.72922035597277	4 fn	0.600000000000001	fn	1
#00BFFF	3	0	0	-2.72922035597277	-2.62170980403531	5 fn	0.600000000000001	fn	1
#00BFFF	3	0	0	-2.62170980403531	-2.60450907956303	6 fn	0.600000000000001	fn	1
#00BFFF	3	0	0	-2.60450907956303	-2.59508053724272	7 fn	0.600000000000001	fn	1
#00BFFF	3	0	0	-2.59508053724272	-2.58985635874694	8 fn	0.600000000000001	fn	1
#00BFFF	3	0	0	-2.58985635874694	-2.58814741115137	9 fn	0.600000000000001	fn	1
#00BFFF	3	0	0	-2.58814741115137	-2.58675174735288	10 fn	0.600000000000001	fn	1
#00BFFF	3	0	0	-2.58675174735288	-2.57149816677717	11 fn	0.600000000000001	fn	1
#00BFFF	3	0	0	-2.57149816677717	-2.55110196946485	12 fn	0.600000000000001	fn	1
#00BFFF	3	0	0	-2.55110196946485	-2.53938963344197	13 fn	0.600000000000001	fn	1
#00BFFF	3	0	0	-2.53938963344197	-2.52662158535874	14 fn	0.600000000000001	fn	1
#00BFFF	3	0	0	-2.52662158535874	-2.50930827993967	15 fn	0.600000000000001	fn	1
#00BFFF	3	0	0	-2.50930827993967	-2.49540807078698	16 fn	0.600000000000001	fn	1
#00BFFF	3	0	0	-2.49540807078698	-2.48261262953773	17 fn	0.600000000000001	fn	1
#00BFFF	3	0	0	-2.48261262953773	-2.47040257640679	18 fn	0.600000000000001	fn	1
#00BFFF	3	0	0	-2.47040257640679	-2.46326103820639	19 fn	0.600000000000001	fn	1
#00BFFF	3	0	0	-2.46326103820639	-2.46078307000063	20 fn	0.600000000000001	fn	1
#00BFFF	3	1	1	-2.46078307000063	-2.45871709842386	21 fn	0.600000000000001	fn	1
#00BFFF	3	1	1	-2.45871709842386	-2.45340475926054	22 fn	0.600000000000001	fn	1
#00BFFF	3	1	1	-2.45340475926054	-2.4403220724321	23 fn	0.600000000000001	fn	1
#00BFFF	3	1	1	-2.4403220724321	-2.19093202336509	24 fn	0.600000000000001	fn	1
#00BFFF	3	1	1	-2.19093202336509	-1.70975562988886	25 fn	0.600000000000001	fn	1
#00BFFF	3	1	1	-1.70975562988886	-1.30556678281946	26 fn	0.600000000000001	fn	1
#00BFFF	3	1	1	-1.30556678281946	-1.09932481093212	27 fn	0.600000000000001	fn	1
#00BFFF	3	1	1	-1.09932481093212	-1.0154227566525	28 fn	0.600000000000001	fn	1
#00BFFF	3	1	1	-1.0154227566525	-1.00135576037675	29 fn	0.600000000000001	fn	1
#00BFFF	3	1	1	-1.00135576037675	-0.989307006366561	30 fn	0.600000000000001	fn	1
#00BFFF	3	1	1	-0.989307006366561	-0.989134036202589	31 fn	0.600000000000001	fn	1
#00BFFF	3	1	1	-0.989134036202589	-0.988893231938196	32 fn	0.600000000000001	fn	1
#00BFFF	3	1	1	-0.988893231938196	-0.968263504582715	33 fn	0.600000000000001	fn	1
#00BFFF	3	1	1	-0.968263504582715	-0.899385467897039	34 fn	0.600000000000001	fn	1
#00BFFF	3	1	1	-0.899385467897039	-0.678987521191631	35 fn	0.600000000000001	fn	1
#00BFFF	3	1	1	-0.678987521191631	-0.408139872451828	36 fn	0.600000000000001	fn	1
#00BFFF	3	1	1	-0.408139872451828	-0.249624174041498	37 fn	0.600000000000001	fn	1
#00BFFF	3	1	1	-0.249624174041498	-0.0801910112768258	38 fn	0.600000000000001	fn	1
#00BFFF	3	1	1	-0.0801910112768258	0.115329151182443	39 fn	0.600000000000001	fn	1
#00BFFF	3	1	1	0.115329151182443	0.298544061873653	40 fn	0.600000000000001	fn	1
#00BFFF	3	1	1	0.298544061873653	0.460121155881064	41 fn	0.600000000000001	fn	1
#00BFFF	3	1	1	0.460121155881064	0.638045485540612	42 fn	0.600000000000001	fn	1
#00BFFF	3	1	1	0.638045485540612	0.822970604350525	43 fn	0.600000000000001	fn	1
#00BFFF	3	1	1	0.822970604350525	1.0127264501757	44 fn	0.600000000000001	fn	1
#00BFFF	3	1	1	1.0127264501757	1.21046541248413	45 fn	0.600000000000001	fn	1
#00BFFF	3	1	1	1.21046541248413	1.37891053583511	46 fn	0.600000000000001	fn	1
#00BFFF	3	1	1	1.37891053583511	1.54156862562895	47 fn	0.600000000000001	fn	1
#00BFFF	3	1	1	1.54156862562895	1.57578190167313	48 fn	0.600000000000001	fn	1
#00BFFF	3	2	2	1.57578190167313	1.57987566611961	49 fn	0.600000000000001	fn	1
#00BFFF	3	2	2	1.57987566611961	1.58225811468401	50 fn	0.600000000000001	fn	1
#00BFFF	3	2	2	1.58225811468401	1.64302098152048	51 fn	0.600000000000001	fn	1
#00BFFF	3	2	2	1.64302098152048	1.92288682248449	52 fn	0.600000000000001	fn	1
#00BFFF	3	2	2	1.92288682248449	3.08589939806206	53 fn	0.600000000000001	fn	1
#00BFFF	3	2	2	3.08589939806206	9.08500842897606	54 fn	0.600000000000001	fn	1
#00BFFF	3	0	0	-13.3670578848165	-7.34199737119048	1 fn	0.800000000000001	fn	1
#00BFFF	3	0	0	-7.34199737119048	-4.04345598753607	2 fn	0.800000000000001	fn	1
#00BFFF	3	0	0	-4.04345598753607	-3.15405687671473	3 fn	0.800000000000001	fn	1
#00BFFF	3	0	0	-3.15405687671473	-2.72922035597277	4 fn	0.800000000000001	fn	1
#00BFFF	3	0	0	-2.72922035597277	-2.62170980403531	5 fn	0.800000000000001	fn	1
#00BFFF	3	0	0	-2.62170980403531	-2.60450907956303	6 fn	0.800000000000001	fn	1
#00BFFF	3	0	0	-2.60450907956303	-2.59508053724272	7 fn	0.800000000000001	fn	1
#00BFFF	3	0	0	-2.59508053724272	-2.58985635874694	8 fn	0.800000000000001	fn	1
#00BFFF	3	0	0	-2.58985635874694	-2.58814741115137	9 fn	0.800000000000001	fn	1
#00BFFF	3	0	0	-2.58814741115137	-2.58675174735288	10 fn	0.800000000000001	fn	1
#00BFFF	3	0	0	-2.58675174735288	-2.57149816677717	11 fn	0.800000000000001	fn	1
#00BFFF	3	0	0	-2.57149816677717	-2.55110196946485	12 fn	0.800000000000001	fn	1
#00BFFF	3	0	0	-2.55110196946485	-2.53938963344197	13 fn	0.800000000000001	fn	1
#00BFFF	3	0	0	-2.53938963344197	-2.52662158535874	14 fn	0.800000000000001	fn	1
#00BFFF	3	0	0	-2.52662158535874	-2.50930827993967	15 fn	0.800000000000001	fn	1
#00BFFF	3	0	0	-2.50930827993967	-2.49540807078698	16 fn	0.800000000000001	fn	1
#00BFFF	3	0	0	-2.49540807078698	-2.48261262953773	17 fn	0.800000000000001	fn	1
#00BFFF	3	0	0	-2.48261262953773	-2.47040257640679	18 fn	0.800000000000001	fn	1
#00BFFF	3	0	0	-2.47040257640679	-2.46326103820639	19 fn	0.800000000000001	fn	1
#00BFFF	3	0	0	-2.46326103820639	-2.46078307000063	20 fn	0.800000000000001	fn	1
#00BFFF	3	1	1	-2.46078307000063	-2.45871709842386	21 fn	0.800000000000001	fn	1
#00BFFF	3	1	1	-2.45871709842386	-2.45340475926054	22 fn	0.800000000000001	fn	1
#00BFFF	3	1	1	-2.45340475926054	-2.4403220724321	23 fn	0.800000000000001	fn	1
#00BFFF	3	1	1	-2.4403220724321	-2.19093202336509	24 fn	0.800000000000001	fn	1
#00BFFF	3	1	1	-2.19093202336509	-1.70975562988886	25 fn	0.800000000000001	fn	1
#00BFFF	3	1	1	-1.70975562988886	-1.30556678281946	26 fn	0.800000000000001	fn	1
#00BFFF	3	1	1	-1.30556678281946	-1.09932481093212	27 fn	0.800000000000001	fn	1
#00BFFF	3	1	1	-1.09932481093212	-1.0154227566525	28 fn	0.800000000000001	fn	1
#00BFFF	3	1	1	-1.0154227566525	-1.00135576037675	29 fn	0.800000000000001	fn	1
#00BFFF	3	1	1	-1.00135576037675	-0.989307006366561	30 fn	0.800000000000001	fn	1
#00BFFF	3	1	1	-0.989307006366561	-0.989134036202589	31 fn	0.800000000000001	fn	1
#00BFFF	3	1	1	-0.989134036202589	-0.988893231938196	32 fn	0.800000000000001	fn	1
#00BFFF	3	1	1	-0.988893231938196	-0.968263504582715	33 fn	0.800000000000001	fn	1
#00BFFF	3	1	1	-0.968263504582715	-0.899385467897039	34 fn	0.800000000000001	fn	1
#00BFFF	3	1	1	-0.899385467897039	-0.678987521191631	35 fn	0.800000000000001	fn	1
#00BFFF	3	1	1	-0.678987521191631	-0.408139872451828	36 fn	0.800000000000001	fn	1
#00BFFF	3	1	1	-0.408139872451828	-0.249624174041498	37 fn	0.800000000000001	fn	1
#00BFFF	3	1	1	-0.249624174041498	-0.0801910112768258	38 fn	0.800000000000001	fn	1
#00BFFF	3	1	1	-0.0801910112768258	0.115329151182443	39 fn	0.800000000000001	fn	1
#00BFFF	3	1	1	0.115329151182443	0.298544061873653	40 fn	0.800000000000001	fn	1
#00BFFF	3	1	1	0.298544061873653	0.460121155881064	41 fn	0.800000000000001	fn	1
#00BFFF	3	1	1	0.460121155881064	0.638045485540612	42 fn	0.800000000000001	fn	1
#00BFFF	3	1	1	0.638045485540612	0.822970604350525	43 fn	0.800000000000001	fn	1
#00BFFF	3	1	1	0.822970604350525	1.0127264501757	44 fn	0.800000000000001	fn	1
#00BFFF	3	1	1	1.0127264501757	1.21046541248413	45 fn	0.800000000000001	fn	1
#00BFFF	3	1	1	1.21046541248413	1.37891053583511	46 fn	0.800000000000001	fn	1
#00BFFF	3	1	1	1.37891053583511	1.54156862562895	47 fn	0.800000000000001	fn	1
#00BFFF	3	1	1	1.54156862562895	1.57578190167313	48 fn	0.800000000000001	fn	1
#00BFFF	3	2	2	1.57578190167313	1.57987566611961	49 fn	0.800000000000001	fn	1
#00BFFF	3	2	2	1.57987566611961	1.58225811468401	50 fn	0.800000000000001	fn	1
#00BFFF	3	2	2	1.58225811468401	1.64302098152048	51 fn	0.800000000000001	fn	1
#00BFFF	3	2	2	1.64302098152048	1.92288682248449	52 fn	0.800000000000001	fn	1
#00BFFF	3	2	2	1.92288682248449	3.08589939806206	53 fn	0.800000000000001	fn	1
#00BFFF	3	2	2	3.08589939806206	9.08500842897606	54 fn	0.800000000000001	fn	1
#00BFFF	3	0	0	-13.3670578848165	-7.34199737119048	1 fn	1	fn	1
#00BFFF	3	0	0	-7.34199737119048	-4.04345598753607	2 fn	1	fn	1
#00BFFF	3	0	0	-4.04345598753607	-3.15405687671473	3 fn	1	fn	1
#00BFFF	3	0	0	-3.15405687671473	-2.72922035597277	4 fn	1	fn	1
#00BFFF	3	0	0	-2.72922035597277	-2.62170980403531	5 fn	1	fn	1
#00BFFF	3	0	0	-2.62170980403531	-2.60450907956303	6 fn	1	fn	1
#00BFFF	3	0	0	-2.60450907956303	-2.59508053724272	7 fn	1	fn	1
#00BFFF	3	0	0	-2.59508053724272	-2.58985635874694	8 fn	1	fn	1
#00BFFF	3	0	0	-2.58985635874694	-2.58814741115137	9 fn	1	fn	1
#00BFFF	3	0	0	-2.58814741115137	-2.58675174735288	10 fn	1	fn	1
#00BFFF	3	0	0	-2.58675174735288	-2.57149816677717	11 fn	1	fn	1
#00BFFF	3	0	0	-2.57149816677717	-2.55110196946485	12 fn	1	fn	1
#00BFFF	3	0	0	-2.55110196946485	-2.53938963344197	13 fn	1	fn	1
#00BFFF	3	0	0	-2.53938963344197	-2.52662158535874	14 fn	1	fn	1
#00BFFF	3	0	0	-2.52662158535874	-2.50930827993967	15 fn	1	fn	1
#00BFFF	3	0	0	-2.50930827993967	-2.49540807078698	16 fn	1	fn	1
#00BFFF	3	0	0	-2.49540807078698	-2.48261262953773	17 fn	1	fn	1
#00BFFF	3	0	0	-2.48261262953773	-2.47040257640679	18 fn	1	fn	1
#00BFFF	3	0	0	-2.47040257640679	-2.46326103820639	19 fn	1	fn	1
#00BFFF	3	0	0	-2.46326103820639	-2.46078307000063	20 fn	1	fn	1
#00BFFF	3	1	1	-2.46078307000063	-2.45871709842386	21 fn	1	fn	1
#00BFFF	3	1	1	-2.45871709842386	-2.45340475926054	22 fn	1	fn	1
#00BFFF	3	1	1	-2.45340475926054	-2.4403220724321	23 fn	1	fn	1
#00BFFF	3	1	1	-2.4403220724321	-2.19093202336509	24 fn	1	fn	1
#00BFFF	3	1	1	-2.19093202336509	-1.70975562988886	25 fn	1	fn	1
#00BFFF	3	1	1	-1.70975562988886	-1.30556678281946	26 fn	1	fn	1
#00BFFF	3	1	1	-1.30556678281946	-1.09932481093212	27 fn	1	fn	1
#00BFFF	3	1	1	-1.09932481093212	-1.0154227566525	28 fn	1	fn	1
#00BFFF	3	1	1	-1.0154227566525	-1.00135576037675	29 fn	1	fn	1
#00BFFF	3	1	1	-1.00135576037675	-0.989307006366561	30 fn	1	fn	1
#00BFFF	3	1	1	-0.989307006366561	-0.989134036202589	31 fn	1	fn	1
#00BFFF	3	1	1	-0.989134036202589	-0.988893231938196	32 fn	1	fn	1
#00BFFF	3	1	1	-0.988893231938196	-0.968263504582715	33 fn	1	fn	1
#00BFFF	3	1	1	-0.968263504582715	-0.899385467897039	34 fn	1	fn	1
#00BFFF	3	1	1	-0.899385467897039	-0.678987521191631	35 fn	1	fn	1
#00BFFF	3	1	1	-0.678987521191631	-0.408139872451828	36 fn	1	fn	1
#00BFFF	3	1	1	-0.408139872451828	-0.249624174041498	37 fn	1	fn	1
#00BFFF	3	1	1	-0.249624174041498	-0.0801910112768258	38 fn	1	fn	1
#00BFFF	3	1	1	-0.0801910112768258	0.115329151182443	39 fn	1	fn	1
#00BFFF	3	1	1	0.115329151182443	0.298544061873653	40 fn	1	fn	1
#00BFFF	3	1	1	0.298544061873653	0.460121155881064	41 fn	1	fn	1
#00BFFF	3	1	1	0.460121155881064	0.638045485540612	42 fn	1	fn	1
#00BFFF	3	1	1	0.638045485540612	0.822970604350525	43 fn	1	fn	1
#00BFFF	3	1	1	0.822970604350525	1.0127264501757	44 fn	1	fn	1
#00BFFF	3	1	1	1.0127264501757	1.21046541248413	45 fn	1	fn	1
#00BFFF	3	1	1	1.21046541248413	1.37891053583511	46 fn	1	fn	1
#00BFFF	3	1	1	1.37891053583511	1.54156862562895	47 fn	1	fn	1
#00BFFF	3	1	1	1.54156862562895	1.57578190167313	48 fn	1	fn	1
#00BFFF	3	2	2	1.57578190167313	1.57987566611961	49 fn	1	fn	1
#00BFFF	3	2	2	1.57987566611961	1.58225811468401	50 fn	1	fn	1
#00BFFF	3	2	2	1.58225811468401	1.64302098152048	51 fn	1	fn	1
#00BFFF	3	2	2	1.64302098152048	1.92288682248449	52 fn	1	fn	1
#00BFFF	3	2	2	1.92288682248449	3.08589939806206	53 fn	1	fn	1
#00BFFF	3	2	2	3.08589939806206	9.08500842897606	54 fn	1	fn	1
#00BFFF	3	0	0	-13.3670578848165	-7.34199737119048	1 fn	1.2	fn	1
#00BFFF	3	0	0	-7.34199737119048	-4.04345598753607	2 fn	1.2	fn	1
#00BFFF	3	0	0	-4.04345598753607	-3.15405687671473	3 fn	1.2	fn	1
#00BFFF	3	0	0	-3.15405687671473	-2.72922035597277	4 fn	1.2	fn	1
#00BFFF	3	0	0	-2.72922035597277	-2.62170980403531	5 fn	1.2	fn	1
#00BFFF	3	0	0	-2.62170980403531	-2.60450907956303	6 fn	1.2	fn	1
#00BFFF	3	0	0	-2.60450907956303	-2.59508053724272	7 fn	1.2	fn	1
#00BFFF	3	0	0	-2.59508053724272	-2.58985635874694	8 fn	1.2	fn	1
#00BFFF	3	0	0	-2.58985635874694	-2.58814741115137	9 fn	1.2	fn	1
#00BFFF	3	0	0	-2.58814741115137	-2.58675174735288	10 fn	1.2	fn	1
#00BFFF	3	0	0	-2.58675174735288	-2.57149816677717	11 fn	1.2	fn	1
#00BFFF	3	0	0	-2.57149816677717	-2.55110196946485	12 fn	1.2	fn	1
#00BFFF	3	0	0	-2.55110196946485	-2.53938963344197	13 fn	1.2	fn	1
#00BFFF	3	0	0	-2.53938963344197	-2.52662158535874	14 fn	1.2	fn	1
#00BFFF	3	0	0	-2.52662158535874	-2.50930827993967	15 fn	1.2	fn	1
#00BFFF	3	0	0	-2.50930827993967	-2.49540807078698	16 fn	1.2	fn	1
#00BFFF	3	0	0	-2.49540807078698	-2.48261262953773	17 fn	1.2	fn	1
#00BFFF	3	0	0	-2.48261262953773	-2.47040257640679	18 fn	1.2	fn	1
#00BFFF	3	0	0	-2.47040257640679	-2.46326103820639	19 fn	1.2	fn	1
#00BFFF	3	0	0	-2.46326103820639	-2.46078307000063	20 fn	1.2	fn	1
#00BFFF	3	1	1	-2.46078307000063	-2.45871709842386	21 fn	1.2	fn	1
#00BFFF	3	1	1	-2.45871709842386	-2.45340475926054	22 fn	1.2	fn	1
#00BFFF	3	1	1	-2.45340475926054	-2.4403220724321	23 fn	1.2	fn	1
#00BFFF	3	1	1	-2.4403220724321	-2.19093202336509	24 fn	1.2	fn	1
#00BFFF	3	1	1	-2.19093202336509	-1.70975562988886	25 fn	1.2	fn	1
#00BFFF	3	1	1	-1.70975562988886	-1.30556678281946	26 fn	1.2	fn	1
#00BFFF	3	1	1	-1.30556678281946	-1.09932481093212	27 fn	1.2	fn	1
#00BFFF	3	1	1	-1.09932481093212	-1.0154227566525	28 fn	1.2	fn	1
#00BFFF	3	1	1	-1.0154227566525	-1.00135576037675	29 fn	1.2	fn	1
#00BFFF	3	1	1	-1.00135576037675	-0.989307006366561	30 fn	1.2	fn	1
#00BFFF	3	1	1	-0.989307006366561	-0.989134036202589	31 fn	1.2	fn	1
#00BFFF	3	1	1	-0.989134036202589	-0.988893231938196	32 fn	1.2	fn	1
#00BFFF	3	1	1	-0.988893231938196	-0.968263504582715	33 fn	1.2	fn	1
#00BFFF	3	1	1	-0.968263504582715	-0.899385467897039	34 fn	1.2	fn	1
#00BFFF	3	1	1	-0.899385467897039	-0.678987521191631	35 fn	1.2	fn	1
#00BFFF	3	1	1	-0.678987521191631	-0.408139872451828	36 fn	1.2	fn	1
#00BFFF	3	1	1	-0.408139872451828	-0.249624174041498	37 fn	1.2	fn	1
#00BFFF	3	1	1	-0.249624174041498	-0.0801910112768258	38 fn	1.2	fn	1
#00BFFF	3	1	1	-0.0801910112768258	0.115329151182443	39 fn	1.2	fn	1
#00BFFF	3	1	1	0.115329151182443	0.298544061873653	40 fn	1.2	fn	1
#00BFFF	3	1	1	0.298544061873653	0.460121155881064	41 fn	1.2	fn	1
#00BFFF	3	1	1	0.460121155881064	0.638045485540612	42 fn	1.2	fn	1
#00BFFF	3	1	1	0.638045485540612	0.822970604350525	43 fn	1.2	fn	1
#00BFFF	3	1	1	0.822970604350525	1.0127264501757	44 fn	1.2	fn	1
#00BFFF	3	1	1	1.0127264501757	1.21046541248413	45 fn	1.2	fn	1
#00BFFF	3	1	1	1.21046541248413	1.37891053583511	46 fn	1.2	fn	1
#00BFFF	3	1	1	1.37891053583511	1.54156862562895	47 fn	1.2	fn	1
#00BFFF	3	1	1	1.54156862562895	1.57578190167313	48 fn	1.2	fn	1
#00BFFF	3	2	2	1.57578190167313	1.57987566611961	49 fn	1.2	fn	1
#00BFFF	3	2	2	1.57987566611961	1.58225811468401	50 fn	1.2	fn	1
#00BFFF	3	2	2	1.58225811468401	1.64302098152048	51 fn	1.2	fn	1
#00BFFF	3	2	2	1.64302098152048	1.92288682248449	52 fn	1.2	fn	1
#00BFFF	3	2	2	1.92288682248449	3.08589939806206	53 fn	1.2	fn	1
#00BFFF	3	2	2	3.08589939806206	9.08500842897606	54 fn	1.2	fn	1
#00BFFF	3	0	0	-13.3670578848165	-7.34199737119048	1 fn	1.4	fn	1
#00BFFF	3	0	0	-7.34199737119048	-4.04345598753607	2 fn	1.4	fn	1
#00BFFF	3	0	0	-4.04345598753607	-3.15405687671473	3 fn	1.4	fn	1
#00BFFF	3	0	0	-3.15405687671473	-2.72922035597277	4 fn	1.4	fn	1
#00BFFF	3	0	0	-2.72922035597277	-2.62170980403531	5 fn	1.4	fn	1
#00BFFF	3	0	0	-2.62170980403531	-2.60450907956303	6 fn	1.4	fn	1
#00BFFF	3	0	0	-2.60450907956303	-2.59508053724272	7 fn	1.4	fn	1
#00BFFF	3	0	0	-2.59508053724272	-2.58985635874694	8 fn	1.4	fn	1
#00BFFF	3	0	0	-2.58985635874694	-2.58814741115137	9 fn	1.4	fn	1
#00BFFF	3	0	0	-2.58814741115137	-2.58675174735288	10 fn	1.4	fn	1
#00BFFF	3	0	0	-2.58675174735288	-2.57149816677717	11 fn	1.4	fn	1
#00BFFF	3	0	0	-2.57149816677717	-2.55110196946485	12 fn	1.4	fn	1
#00BFFF	3	0	0	-2.55110196946485	-2.53938963344197	13 fn	1.4	fn	1
#00BFFF	3	0	0	-2.53938963344197	-2.52662158535874	14 fn	1.4	fn	1
#00BFFF	3	0	0	-2.52662158535874	-2.50930827993967	15 fn	1.4	fn	1
#00BFFF	3	0	0	-2.50930827993967	-2.49540807078698	16 fn	1.4	fn	1
#00BFFF	3	0	0	-2.49540807078698	-2.48261262953773	17 fn	1.4	fn	1
#00BFFF	3	0	0	-2.48261262953773	-2.47040257640679	18 fn	1.4	fn	1
#00BFFF	3	0	0	-2.47040257640679	-2.46326103820639	19 fn	1.4	fn	1
#00BFFF	3	0	0	-2.46326103820639	-2.46078307000063	20 fn	1.4	fn	1
#00BFFF	3	1	1	-2.46078307000063	-2.45871709842386	21 fn	1.4	fn	1
#00BFFF	3	1	1	-2.45871709842386	-2.45340475926054	22 fn	1.4	fn	1
#00BFFF	3	1	1	-2.45340475926054	-2.4403220724321	23 fn	1.4	fn	1
#00BFFF	3	1	1	-2.4403220724321	-2.19093202336509	24 fn	1.4	fn	1
#00BFFF	3	1	1	-2.19093202336509	-1.70975562988886	25 fn	1.4	fn	1
#00BFFF	3	1	1	-1.70975562988886	-1.30556678281946	26 fn	1.4	fn	1
#00BFFF	3	1	1	-1.30556678281946	-1.09932481093212	27 fn	1.4	fn	1
#00BFFF	3	1	1	-1.09932481093212	-1.0154227566525	28 fn	1.4	fn	1
#00BFFF	3	1	1	-1.0154227566525	-1.00135576037675	29 fn	1.4	fn	1
#00BFFF	3	1	1	-1.00135576037675	-0.989307006366561	30 fn	1.4	fn	1
#00BFFF	3	1	1	-0.989307006366561	-0.989134036202589	31 fn	1.4	fn	1
#00BFFF	3	1	1	-0.989134036202589	-0.988893231938196	32 fn	1.4	fn	1
#00BFFF	3	1	1	-0.988893231938196	-0.968263504582715	33 fn	1.4	fn	1
#00BFFF	3	1	1	-0.968263504582715	-0.899385467897039	34 fn	1.4	fn	1
#00BFFF	3	1	1	-0.899385467897039	-0.678987521191631	35 fn	1.4	fn	1
#00BFFF	3	1	1	-0.678987521191631	-0.408139872451828	36 fn	1.4	fn	1
#00BFFF	3	1	1	-0.408139872451828	-0.249624174041498	37 fn	1.4	fn	1
#00BFFF	3	1	1	-0.249624174041498	-0.0801910112768258	38 fn	1.4	fn	1
#00BFFF	3	1	1	-0.0801910112768258	0.115329151182443	39 fn	1.4	fn	1
#00BFFF	3	1	1	0.115329151182443	0.298544061873653	40 fn	1.4	fn	1
#00BFFF	3	1	1	0.298544061873653	0.460121155881064	41 fn	1.4	fn	1
#00BFFF	3	1	1	0.460121155881064	0.638045485540612	42 fn	1.4	fn	1
#00BFFF	3	1	1	0.638045485540612	0.822970604350525	43 fn	1.4	fn	1
#00BFFF	3	1	1	0.822970604350525	1.0127264501757	44 fn	1.4	fn	1
#00BFFF	3	1	1	1.0127264501757	1.21046541248413	45 fn	1.4	fn	1
#00BFFF	3	1	1	1.21046541248413	1.37891053583511	46 fn	1.4	fn	1
#00BFFF	3	1	1	1.37891053583511	1.54156862562895	47 fn	1.4	fn	1
#00BFFF	3	1	1	1.54156862562895	1.57578190167313	48 fn	1.4	fn	1
#00BFFF	3	2	2	1.57578190167313	1.57987566611961	49 fn	1.4	fn	1
#00BFFF	3	2	2	1.57987566611961	1.58225811468401	50 fn	1.4	fn	1
#00BFFF	3	2	2	1.58225811468401	1.64302098152048	51 fn	1.4	fn	1
#00BFFF	3	2	2	1.64302098152048	1.92288682248449	52 fn	1.4	fn	1
#00BFFF	3	2	2	1.92288682248449	3.08589939806206	53 fn	1.4	fn	1
#00BFFF	3	2	2	3.08589939806206	9.08500842897606	54 fn	1.4	fn	1
#00BFFF	3	0	0	-13.3670578848165	-7.34199737119048	1 fn	1.6	fn	1
#00BFFF	3	0	0	-7.34199737119048	-4.04345598753607	2 fn	1.6	fn	1
#00BFFF	3	0	0	-4.04345598753607	-3.15405687671473	3 fn	1.6	fn	1
#00BFFF	3	0	0	-3.15405687671473	-2.72922035597277	4 fn	1.6	fn	1
#00BFFF	3	0	0	-2.72922035597277	-2.62170980403531	5 fn	1.6	fn	1
#00BFFF	3	0	0	-2.62170980403531	-2.60450907956303	6 fn	1.6	fn	1
#00BFFF	3	0	0	-2.60450907956303	-2.59508053724272	7 fn	1.6	fn	1
#00BFFF	3	0	0	-2.59508053724272	-2.58985635874694	8 fn	1.6	fn	1
#00BFFF	3	0	0	-2.58985635874694	-2.58814741115137	9 fn	1.6	fn	1
#00BFFF	3	0	0	-2.58814741115137	-2.58675174735288	10 fn	1.6	fn	1
#00BFFF	3	0	0	-2.58675174735288	-2.57149816677717	11 fn	1.6	fn	1
#00BFFF	3	0	0	-2.57149816677717	-2.55110196946485	12 fn	1.6	fn	1
#00BFFF	3	0	0	-2.55110196946485	-2.53938963344197	13 fn	1.6	fn	1
#00BFFF	3	0	0	-2.53938963344197	-2.52662158535874	14 fn	1.6	fn	1
#00BFFF	3	0	0	-2.52662158535874	-2.50930827993967	15 fn	1.6	fn	1
#00BFFF	3	0	0	-2.50930827993967	-2.49540807078698	16 fn	1.6	fn	1
#00BFFF	3	0	0	-2.49540807078698	-2.48261262953773	17 fn	1.6	fn	1
#00BFFF	3	0	0	-2.48261262953773	-2.47040257640679	18 fn	1.6	fn	1
#00BFFF	3	0	0	-2.47040257640679	-2.46326103820639	19 fn	1.6	fn	1
#00BFFF	3	0	0	-2.46326103820639	-2.46078307000063	20 fn	1.6	fn	1
#00BFFF	3	1	1	-2.46078307000063	-2.45871709842386	21 fn	1.6	fn	1
#00BFFF	3	1	1	-2.45871709842386	-2.45340475926054	22 fn	1.6	fn	1
#00BFFF	3	1	1	-2.45340475926054	-2.4403220724321	23 fn	1.6	fn	1
#00BFFF	3	1	1	-2.4403220724321	-2.19093202336509	24 fn	1.6	fn	1
#00BFFF	3	1	1	-2.19093202336509	-1.70975562988886	25 fn	1.6	fn	1
#00BFFF	3	1	1	-1.70975562988886	-1.30556678281946	26 fn	1.6	fn	1
#00BFFF	3	1	1	-1.30556678281946	-1.09932481093212	27 fn	1.6	fn	1
#00BFFF	3	1	1	-1.09932481093212	-1.0154227566525	28 fn	1.6	fn	1
#00BFFF	3	1	1	-1.0154227566525	-1.00135576037675	29 fn	1.6	fn	1
#00BFFF	3	1	1	-1.00135576037675	-0.989307006366561	30 fn	1.6	fn	1
#00BFFF	3	1	1	-0.989307006366561	-0.989134036202589	31 fn	1.6	fn	1
#00BFFF	3	1	1	-0.989134036202589	-0.988893231938196	32 fn	1.6	fn	1
#00BFFF	3	1	1	-0.988893231938196	-0.968263504582715	33 fn	1.6	fn	1
#00BFFF	3	1	1	-0.968263504582715	-0.899385467897039	34 fn	1.6	fn	1
#00BFFF	3	1	1	-0.899385467897039	-0.678987521191631	35 fn	1.6	fn	1
#00BFFF	3	1	1	-0.678987521191631	-0.408139872451828	36 fn	1.6	fn	1
#00BFFF	3	1	1	-0.408139872451828	-0.249624174041498	37 fn	1.6	fn	1
#00BFFF	3	1	1	-0.249624174041498	-0.0801910112768258	38 fn	1.6	fn	1
#00BFFF	3	1	1	-0.0801910112768258	0.115329151182443	39 fn	1.6	fn	1
#00BFFF	3	1	1	0.115329151182443	0.298544061873653	40 fn	1.6	fn	1
#00BFFF	3	1	1	0.298544061873653	0.460121155881064	41 fn	1.6	fn	1
#00BFFF	3	1	1	0.460121155881064	0.638045485540612	42 fn	1.6	fn	1
#00BFFF	3	1	1	0.638045485540612	0.822970604350525	43 fn	1.6	fn	1
#00BFFF	3	1	1	0.822970604350525	1.0127264501757	44 fn	1.6	fn	1
#00BFFF	3	1	1	1.0127264501757	1.21046541248413	45 fn	1.6	fn	1
#00BFFF	3	1	1	1.21046541248413	1.37891053583511	46 fn	1.6	fn	1
#00BFFF	3	1	1	1.37891053583511	1.54156862562895	47 fn	1.6	fn	1
#00BFFF	3	1	1	1.54156862562895	1.57578190167313	48 fn	1.6	fn	1
#00BFFF	3	2	2	1.57578190167313	1.57987566611961	49 fn	1.6	fn	1
#00BFFF	3	2	2	1.57987566611961	1.58225811468401	50 fn	1.6	fn	1
#00BFFF	3	2	2	1.58225811468401	1.64302098152048	51 fn	1.6	fn	1
#00BFFF	3	2	2	1.64302098152048	1.92288682248449	52 fn	1.6	fn	1
#00BFFF	3	2	2	1.92288682248449	3.08589939806206	53 fn	1.6	fn	1
#00BFFF	3	2	2	3.08589939806206	9.08500842897606	54 fn	1.6	fn	1
#00BFFF	3	0	0	-13.3670578848165	-7.34199737119048	1 fn	1.8	fn	1
#00BFFF	3	0	0	-7.34199737119048	-4.04345598753607	2 fn	1.8	fn	1
#00BFFF	3	0	0	-4.04345598753607	-3.15405687671473	3 fn	1.8	fn	1
#00BFFF	3	0	0	-3.15405687671473	-2.72922035597277	4 fn	1.8	fn	1
#00BFFF	3	0	0	-2.72922035597277	-2.62170980403531	5 fn	1.8	fn	1
#00BFFF	3	0	0	-2.62170980403531	-2.60450907956303	6 fn	1.8	fn	1
#00BFFF	3	0	0	-2.60450907956303	-2.59508053724272	7 fn	1.8	fn	1
#00BFFF	3	0	0	-2.59508053724272	-2.58985635874694	8 fn	1.8	fn	1
#00BFFF	3	0	0	-2.58985635874694	-2.58814741115137	9 fn	1.8	fn	1
#00BFFF	3	0	0	-2.58814741115137	-2.58675174735288	10 fn	1.8	fn	1
#00BFFF	3	0	0	-2.58675174735288	-2.57149816677717	11 fn	1.8	fn	1
#00BFFF	3	0	0	-2.57149816677717	-2.55110196946485	12 fn	1.8	fn	1
#00BFFF	3	0	0	-2.55110196946485	-2.53938963344197	13 fn	1.8	fn	1
#00BFFF	3	0	0	-2.53938963344197	-2.52662158535874	14 fn	1.8	fn	1
#00BFFF	3	0	0	-2.52662158535874	-2.50930827993967	15 fn	1.8	fn	1
#00BFFF	3	0	0	-2.50930827993967	-2.49540807078698	16 fn	1.8	fn	1
#00BFFF	3	0	0	-2.49540807078698	-2.48261262953773	17 fn	1.8	fn	1
#00BFFF	3	0	0	-2.48261262953773	-2.47040257640679	18 fn	1.8	fn	1
#00BFFF	3	0	0	-2.47040257640679	-2.46326103820639	19 fn	1.8	fn	1
#00BFFF	3	0	0	-2.46326103820639	-2.46078307000063	20 fn	1.8	fn	1
#00BFFF	3	1	1	-2.46078307000063	-2.45871709842386	21 fn	1.8	fn	1
#00BFFF	3	1	1	-2.45871709842386	-2.45340475926054	22 fn	1.8	fn	1
#00BFFF	3	1	1	-2.45340475926054	-2.4403220724321	23 fn	1.8	fn	1
#00BFFF	3	1	1	-2.4403220724321	-2.19093202336509	24 fn	1.8	fn	1
#00BFFF	3	1	1	-2.19093202336509	-1.70975562988886	25 fn	1.8	fn	1
#00BFFF	3	1	1	-1.70975562988886	-1.30556678281946	26 fn	1.8	fn	1
#00BFFF	3	1	1	-1.30556678281946	-1.09932481093212	27 fn	1.8	fn	1
#00BFFF	3	1	1	-1.09932481093212	-1.0154227566525	28 fn	1.8	fn	1
#00BFFF	3	1	1	-1.0154227566525	-1.00135576037675	29 fn	1.8	fn	1
#00BFFF	3	1	1	-1.00135576037675	-0.989307006366561	30 fn	1.8	fn	1
#00BFFF	3	1	1	-0.989307006366561	-0.989134036202589	31 fn	1.8	fn	1
#00BFFF	3	1	1	-0.989134036202589	-0.988893231938196	32 fn	1.8	fn	1
#00BFFF	3	1	1	-0.988893231938196	-0.968263504582715	33 fn	1.8	fn	1
#00BFFF	3	1	1	-0.968263504582715	-0.899385467897039	34 fn	1.8	fn	1
#00BFFF	3	1	1	-0.899385467897039	-0.678987521191631	35 fn	1.8	fn	1
#00BFFF	3	1	1	-0.678987521191631	-0.408139872451828	36 fn	1.8	fn	1
#00BFFF	3	1	1	-0.408139872451828	-0.249624174041498	37 fn	1.8	fn	1
#00BFFF	3	1	1	-0.249624174041498	-0.0801910112768258	38 fn	1.8	fn	1
#00BFFF	3	1	1	-0.0801910112768258	0.115329151182443	39 fn	1.8	fn	1
#00BFFF	3	1	1	0.115329151182443	0.298544061873653	40 fn	1.8	fn	1
#00BFFF	3	1	1	0.298544061873653	0.460121155881064	41 fn	1.8	fn	1
#00BFFF	3	1	1	0.460121155881064	0.638045485540612	42 fn	1.8	fn	1
#00BFFF	3	1	1	0.638045485540612	0.822970604350525	43 fn	1.8	fn	1
#00BFFF	3	1	1	0.822970604350525	1.0127264501757	44 fn	1.8	fn	1
#00BFFF	3	1	1	1.0127264501757	1.21046541248413	45 fn	1.8	fn	1
#00BFFF	3	1	1	1.21046541248413	1.37891053583511	46 fn	1.8	fn	1
#00BFFF	3	1	1	1.37891053583511	1.54156862562895	47 fn	1.8	fn	1
#00BFFF	3	1	1	1.54156862562895	1.57578190167313	48 fn	1.8	fn	1
#00BFFF	3	2	2	1.57578190167313	1.57987566611961	49 fn	1.8	fn	1
#00BFFF	3	2	2	1.57987566611961	1.58225811468401	50 fn	1.8	fn	1
#00BFFF	3	2	2	1.58225811468401	1.64302098152048	51 fn	1.8	fn	1
#00BFFF	3	2	2	1.64302098152048	1.92288682248449	52 fn	1.8	fn	1
#00BFFF	3	2	2	1.92288682248449	3.08589939806206	53 fn	1.8	fn	1
#00BFFF	3	2	2	3.08589939806206	9.08500842897606	54 fn	1.8	fn	1
#00BFFF	3	0	0	-13.3670578848165	-7.34199737119048	1 fn	2	fn	1
#00BFFF	3	0	0	-7.34199737119048	-4.04345598753607	2 fn	2	fn	1
#00BFFF	3	0	0	-4.04345598753607	-3.15405687671473	3 fn	2	fn	1
#00BFFF	3	0	0	-3.15405687671473	-2.72922035597277	4 fn	2	fn	1
#00BFFF	3	0	0	-2.72922035597277	-2.62170980403531	5 fn	2	fn	1
#00BFFF	3	0	0	-2.62170980403531	-2.60450907956303	6 fn	2	fn	1
#00BFFF	3	0	0	-2.60450907956303	-2.59508053724272	7 fn	2	fn	1
#00BFFF	3	0	0	-2.59508053724272	-2.58985635874694	8 fn	2	fn	1
#00BFFF	3	0	0	-2.58985635874694	-2.58814741115137	9 fn	2	fn	1
#00BFFF	3	0	0	-2.58814741115137	-2.58675174735288	10 fn	2	fn	1
#00BFFF	3	0	0	-2.58675174735288	-2.57149816677717	11 fn	2	fn	1
#00BFFF	3	0	0	-2.57149816677717	-2.55110196946485	12 fn	2	fn	1
#00BFFF	3	0	0	-2.55110196946485	-2.53938963344197	13 fn	2	fn	1
#00BFFF	3	0	0	-2.53938963344197	-2.52662158535874	14 fn	2	fn	1
#00BFFF	3	0	0	-2.52662158535874	-2.50930827993967	15 fn	2	fn	1
#00BFFF	3	0	0	-2.50930827993967	-2.49540807078698	16 fn	2	fn	1
#00BFFF	3	0	0	-2.49540807078698	-2.48261262953773	17 fn	2	fn	1
#00BFFF	3	0	0	-2.48261262953773	-2.47040257640679	18 fn	2	fn	1
#00BFFF	3	0	0	-2.47040257640679	-2.46326103820639	19 fn	2	fn	1
#00BFFF	3	0	0	-2.46326103820639	-2.46078307000063	20 fn	2	fn	1
#00BFFF	3	1	1	-2.46078307000063	-2.45871709842386	21 fn	2	fn	1
#00BFFF	3	1	1	-2.45871709842386	-2.45340475926054	22 fn	2	fn	1
#00BFFF	3	1	1	-2.45340475926054	-2.4403220724321	23 fn	2	fn	1
#00BFFF	3	1	1	-2.4403220724321	-2.19093202336509	24 fn	2	fn	1
#00BFFF	3	1	1	-2.19093202336509	-1.70975562988886	25 fn	2	fn	1
#00BFFF	3	1	1	-1.70975562988886	-1.30556678281946	26 fn	2	fn	1
#00BFFF	3	1	1	-1.30556678281946	-1.09932481093212	27 fn	2	fn	1
#00BFFF	3	1	1	-1.09932481093212	-1.0154227566525	28 fn	2	fn	1
#00BFFF	3	1	1	-1.0154227566525	-1.00135576037675	29 fn	2	fn	1
#00BFFF	3	1	1	-1.00135576037675	-0.989307006366561	30 fn	2	fn	1
#00BFFF	3	1	1	-0.989307006366561	-0.989134036202589	31 fn	2	fn	1
#00BFFF	3	1	1	-0.989134036202589	-0.988893231938196	32 fn	2	fn	1
#00BFFF	3	1	1	-0.988893231938196	-0.968263504582715	33 fn	2	fn	1
#00BFFF	3	1	1	-0.968263504582715	-0.899385467897039	34 fn	2	fn	1
#00BFFF	3	1	1	-0.899385467897039	-0.678987521191631	35 fn	2	fn	1
#00BFFF	3	1	1	-0.678987521191631	-0.408139872451828	36 fn	2	fn	1
#00BFFF	3	1	1	-0.408139872451828	-0.249624174041498	37 fn	2	fn	1
#00BFFF	3	1	1	-0.249624174041498	-0.0801910112768258	38 fn	2	fn	1
#00BFFF	3	1	1	-0.0801910112768258	0.115329151182443	39 fn	2	fn	1
#00BFFF	3	1	1	0.115329151182443	0.298544061873653	40 fn	2	fn	1
#00BFFF	3	1	1	0.298544061873653	0.460121155881064	41 fn	2	fn	1
#00BFFF	3	1	1	0.460121155881064	0.638045485540612	42 fn	2	fn	1
#00BFFF	3	1	1	0.638045485540612	0.822970604350525	43 fn	2	fn	1
#00BFFF	3	1	1	0.822970604350525	1.0127264501757	44 fn	2	fn	1
#00BFFF	3	1	1	1.0127264501757	1.21046541248413	45 fn	2	fn	1
#00BFFF	3	1	1	1.21046541248413	1.37891053583511	46 fn	2	fn	1
#00BFFF	3	1	1	1.37891053583511	1.54156862562895	47 fn	2	fn	1
#00BFFF	3	1	1	1.54156862562895	1.57578190167313	48 fn	2	fn	1
#00BFFF	3	2	2	1.57578190167313	1.57987566611961	49 fn	2	fn	1
#00BFFF	3	2	2	1.57987566611961	1.58225811468401	50 fn	2	fn	1
#00BFFF	3	2	2	1.58225811468401	1.64302098152048	51 fn	2	fn	1
#00BFFF	3	2	2	1.64302098152048	1.92288682248449	52 fn	2	fn	1
#00BFFF	3	2	2	1.92288682248449	3.08589939806206	53 fn	2	fn	1
#00BFFF	3	2	2	3.08589939806206	9.08500842897606	54 fn	2	fn	1
#00BFFF	3	0	0	-13.3670578848165	-7.34199737119048	1 fn	2.2	fn	1
#00BFFF	3	0	0	-7.34199737119048	-4.04345598753607	2 fn	2.2	fn	1
#00BFFF	3	0	0	-4.04345598753607	-3.15405687671473	3 fn	2.2	fn	1
#00BFFF	3	0	0	-3.15405687671473	-2.72922035597277	4 fn	2.2	fn	1
#00BFFF	3	0	0	-2.72922035597277	-2.62170980403531	5 fn	2.2	fn	1
#00BFFF	3	0	0	-2.62170980403531	-2.60450907956303	6 fn	2.2	fn	1
#00BFFF	3	0	0	-2.60450907956303	-2.59508053724272	7 fn	2.2	fn	1
#00BFFF	3	0	0	-2.59508053724272	-2.58985635874694	8 fn	2.2	fn	1
#00BFFF	3	0	0	-2.58985635874694	-2.58814741115137	9 fn	2.2	fn	1
#00BFFF	3	0	0	-2.58814741115137	-2.58675174735288	10 fn	2.2	fn	1
#00BFFF	3	0	0	-2.58675174735288	-2.57149816677717	11 fn	2.2	fn	1
#00BFFF	3	0	0	-2.57149816677717	-2.55110196946485	12 fn	2.2	fn	1
#00BFFF	3	0	0	-2.55110196946485	-2.53938963344197	13 fn	2.2	fn	1
#00BFFF	3	0	0	-2.53938963344197	-2.52662158535874	14 fn	2.2	fn	1
#00BFFF	3	0	0	-2.52662158535874	-2.50930827993967	15 fn	2.2	fn	1
#00BFFF	3	0	0	-2.50930827993967	-2.49540807078698	16 fn	2.2	fn	1
#00BFFF	3	0	0	-2.49540807078698	-2.48261262953773	17 fn	2.2	fn	1
#00BFFF	3	0	0	-2.48261262953773	-2.47040257640679	18 fn	2.2	fn	1
#00BFFF	3	0	0	-2.47040257640679	-2.46326103820639	19 fn	2.2	fn	1
#00BFFF	3	0	0	-2.46326103820639	-2.46078307000063	20 fn	2.2	fn	1
#00BFFF	3	1	1	-2.46078307000063	-2.45871709842386	21 fn	2.2	fn	1
#00BFFF	3	1	1	-2.45871709842386	-2.45340475926054	22 fn	2.2	fn	1
#00BFFF	3	1	1	-2.45340475926054	-2.4403220724321	23 fn	2.2	fn	1
#00BFFF	3	1	1	-2.4403220724321	-2.19093202336509	24 fn	2.2	fn	1
#00BFFF	3	1	1	-2.19093202336509	-1.70975562988886	25 fn	2.2	fn	1
#00BFFF	3	1	1	-1.70975562988886	-1.30556678281946	26 fn	2.2	fn	1
#00BFFF	3	1	1	-1.30556678281946	-1.09932481093212	27 fn	2.2	fn	1
#00BFFF	3	1	1	-1.09932481093212	-1.0154227566525	28 fn	2.2	fn	1
#00BFFF	3	1	1	-1.0154227566525	-1.00135576037675	29 fn	2.2	fn	1
#00BFFF	3	1	1	-1.00135576037675	-0.989307006366561	30 fn	2.2	fn	1
#00BFFF	3	1	1	-0.989307006366561	-0.989134036202589	31 fn	2.2	fn	1
#00BFFF	3	1	1	-0.989134036202589	-0.988893231938196	32 fn	2.2	fn	1
#00BFFF	3	1	1	-0.988893231938196	-0.968263504582715	33 fn	2.2	fn	1
#00BFFF	3	1	1	-0.968263504582715	-0.899385467897039	34 fn	2.2	fn	1
#00BFFF	3	1	1	-0.899385467897039	-0.678987521191631	35 fn	2.2	fn	1
#00BFFF	3	1	1	-0.678987521191631	-0.408139872451828	36 fn	2.2	fn	1
#00BFFF	3	1	1	-0.408139872451828	-0.249624174041498	37 fn	2.2	fn	1
#00BFFF	3	1	1	-0.249624174041498	-0.0801910112768258	38 fn	2.2	fn	1
#00BFFF	3	1	1	-0.0801910112768258	0.115329151182443	39 fn	2.2	fn	1
#00BFFF	3	1	1	0.115329151182443	0.298544061873653	40 fn	2.2	fn	1
#00BFFF	3	1	1	0.298544061873653	0.460121155881064	41 fn	2.2	fn	1
#00BFFF	3	1	1	0.460121155881064	0.638045485540612	42 fn	2.2	fn	1
#00BFFF	3	1	1	0.638045485540612	0.822970604350525	43 fn	2.2	fn	1
#00BFFF	3	1	1	0.822970604350525	1.0127264501757	44 fn	2.2	fn	1
#00BFFF	3	1	1	1.0127264501757	1.21046541248413	45 fn	2.2	fn	1
#00BFFF	3	1	1	1.21046541248413	1.37891053583511	46 fn	2.2	fn	1
#00BFFF	3	1	1	1.37891053583511	1.54156862562895	47 fn	2.2	fn	1
#00BFFF	3	1	1	1.54156862562895	1.57578190167313	48 fn	2.2	fn	1
#00BFFF	3	2	2	1.57578190167313	1.57987566611961	49 fn	2.2	fn	1
#00BFFF	3	2	2	1.57987566611961	1.58225811468401	50 fn	2.2	fn	1
#00BFFF	3	2	2	1.58225811468401	1.64302098152048	51 fn	2.2	fn	1
#00BFFF	3	2	2	1.64302098152048	1.92288682248449	52 fn	2.2	fn	1
#00BFFF	3	2	2	1.92288682248449	3.08589939806206	53 fn	2.2	fn	1
#00BFFF	3	2	2	3.08589939806206	9.08500842897606	54 fn	2.2	fn	1
#00BFFF	3	0	0	-13.3670578848165	-7.34199737119048	1 fn	2.4	fn	1
#00BFFF	3	0	0	-7.34199737119048	-4.04345598753607	2 fn	2.4	fn	1
#00BFFF	3	0	0	-4.04345598753607	-3.15405687671473	3 fn	2.4	fn	1
#00BFFF	3	0	0	-3.15405687671473	-2.72922035597277	4 fn	2.4	fn	1
#00BFFF	3	0	0	-2.72922035597277	-2.62170980403531	5 fn	2.4	fn	1
#00BFFF	3	0	0	-2.62170980403531	-2.60450907956303	6 fn	2.4	fn	1
#00BFFF	3	0	0	-2.60450907956303	-2.59508053724272	7 fn	2.4	fn	1
#00BFFF	3	0	0	-2.59508053724272	-2.58985635874694	8 fn	2.4	fn	1
#00BFFF	3	0	0	-2.58985635874694	-2.58814741115137	9 fn	2.4	fn	1
#00BFFF	3	0	0	-2.58814741115137	-2.58675174735288	10 fn	2.4	fn	1
#00BFFF	3	0	0	-2.58675174735288	-2.57149816677717	11 fn	2.4	fn	1
#00BFFF	3	0	0	-2.57149816677717	-2.55110196946485	12 fn	2.4	fn	1
#00BFFF	3	0	0	-2.55110196946485	-2.53938963344197	13 fn	2.4	fn	1
#00BFFF	3	0	0	-2.53938963344197	-2.52662158535874	14 fn	2.4	fn	1
#00BFFF	3	0	0	-2.52662158535874	-2.50930827993967	15 fn	2.4	fn	1
#00BFFF	3	0	0	-2.50930827993967	-2.49540807078698	16 fn	2.4	fn	1
#00BFFF	3	0	0	-2.49540807078698	-2.48261262953773	17 fn	2.4	fn	1
#00BFFF	3	0	0	-2.48261262953773	-2.47040257640679	18 fn	2.4	fn	1
#00BFFF	3	0	0	-2.47040257640679	-2.46326103820639	19 fn	2.4	fn	1
#00BFFF	3	0	0	-2.46326103820639	-2.46078307000063	20 fn	2.4	fn	1
#00BFFF	3	1	1	-2.46078307000063	-2.45871709842386	21 fn	2.4	fn	1
#00BFFF	3	1	1	-2.45871709842386	-2.45340475926054	22 fn	2.4	fn	1
#00BFFF	3	1	1	-2.45340475926054	-2.4403220724321	23 fn	2.4	fn	1
#00BFFF	3	1	1	-2.4403220724321	-2.19093202336509	24 fn	2.4	fn	1
#00BFFF	3	1	1	-2.19093202336509	-1.70975562988886	25 fn	2.4	fn	1
#00BFFF	3	1	1	-1.70975562988886	-1.30556678281946	26 fn	2.4	fn	1
#00BFFF	3	1	1	-1.30556678281946	-1.09932481093212	27 fn	2.4	fn	1
#00BFFF	3	1	1	-1.09932481093212	-1.0154227566525	28 fn	2.4	fn	1
#00BFFF	3	1	1	-1.0154227566525	-1.00135576037675	29 fn	2.4	fn	1
#00BFFF	3	1	1	-1.00135576037675	-0.989307006366561	30 fn	2.4	fn	1
#00BFFF	3	1	1	-0.989307006366561	-0.989134036202589	31 fn	2.4	fn	1
#00BFFF	3	1	1	-0.989134036202589	-0.988893231938196	32 fn	2.4	fn	1
#00BFFF	3	1	1	-0.988893231938196	-0.968263504582715	33 fn	2.4	fn	1
#00BFFF	3	1	1	-0.968263504582715	-0.899385467897039	34 fn	2.4	fn	1
#00BFFF	3	1	1	-0.899385467897039	-0.678987521191631	35 fn	2.4	fn	1
#00BFFF	3	1	1	-0.678987521191631	-0.408139872451828	36 fn	2.4	fn	1
#00BFFF	3	1	1	-0.408139872451828	-0.249624174041498	37 fn	2.4	fn	1
#00BFFF	3	1	1	-0.249624174041498	-0.0801910112768258	38 fn	2.4	fn	1
#00BFFF	3	1	1	-0.0801910112768258	0.115329151182443	39 fn	2.4	fn	1
#00BFFF	3	1	1	0.115329151182443	0.298544061873653	40 fn	2.4	fn	1
#00BFFF	3	1	1	0.298544061873653	0.460121155881064	41 fn	2.4	fn	1
#00BFFF	3	1	1	0.460121155881064	0.638045485540612	42 fn	2.4	fn	1
#00BFFF	3	1	1	0.638045485540612	0.822970604350525	43 fn	2.4	fn	1
#00BFFF	3	1	1	0.822970604350525	1.0127264501757	44 fn	2.4	fn	1
#00BFFF	3	1	1	1.0127264501757	1.21046541248413	45 fn	2.4	fn	1
#00BFFF	3	1	1	1.21046541248413	1.37891053583511	46 fn	2.4	fn	1
#00BFFF	3	1	1	1.37891053583511	1.54156862562895	47 fn	2.4	fn	1
#00BFFF	3	1	1	1.54156862562895	1.57578190167313	48 fn	2.4	fn	1
#00BFFF	3	2	2	1.57578190167313	1.57987566611961	49 fn	2.4	fn	1
#00BFFF	3	2	2	1.57987566611961	1.58225811468401	50 fn	2.4	fn	1
#00BFFF	3	2	2	1.58225811468401	1.64302098152048	51 fn	2.4	fn	1
#00BFFF	3	2	2	1.64302098152048	1.92288682248449	52 fn	2.4	fn	1
#00BFFF	3	2	2	1.92288682248449	3.08589939806206	53 fn	2.4	fn	1
#00BFFF	3	2	2	3.08589939806206	9.08500842897606	54 fn	2.4	fn	1
#00BFFF	3	0	0	-13.3670578848165	-7.34199737119048	1 fn	2.6	fn	1
#00BFFF	3	0	0	-7.34199737119048	-4.04345598753607	2 fn	2.6	fn	1
#00BFFF	3	0	0	-4.04345598753607	-3.15405687671473	3 fn	2.6	fn	1
#00BFFF	3	0	0	-3.15405687671473	-2.72922035597277	4 fn	2.6	fn	1
#00BFFF	3	0	0	-2.72922035597277	-2.62170980403531	5 fn	2.6	fn	1
#00BFFF	3	0	0	-2.62170980403531	-2.60450907956303	6 fn	2.6	fn	1
#00BFFF	3	0	0	-2.60450907956303	-2.59508053724272	7 fn	2.6	fn	1
#00BFFF	3	0	0	-2.59508053724272	-2.58985635874694	8 fn	2.6	fn	1
#00BFFF	3	0	0	-2.58985635874694	-2.58814741115137	9 fn	2.6	fn	1
#00BFFF	3	0	0	-2.58814741115137	-2.58675174735288	10 fn	2.6	fn	1
#00BFFF	3	0	0	-2.58675174735288	-2.57149816677717	11 fn	2.6	fn	1
#00BFFF	3	0	0	-2.57149816677717	-2.55110196946485	12 fn	2.6	fn	1
#00BFFF	3	0	0	-2.55110196946485	-2.53938963344197	13 fn	2.6	fn	1
#00BFFF	3	0	0	-2.53938963344197	-2.52662158535874	14 fn	2.6	fn	1
#00BFFF	3	0	0	-2.52662158535874	-2.50930827993967	15 fn	2.6	fn	1
#00BFFF	3	0	0	-2.50930827993967	-2.49540807078698	16 fn	2.6	fn	1
#00BFFF	3	0	0	-2.49540807078698	-2.48261262953773	17 fn	2.6	fn	1
#00BFFF	3	0	0	-2.48261262953773	-2.47040257640679	18 fn	2.6	fn	1
#00BFFF	3	0	0	-2.47040257640679	-2.46326103820639	19 fn	2.6	fn	1
#00BFFF	3	0	0	-2.46326103820639	-2.46078307000063	20 fn	2.6	fn	1
#00BFFF	3	1	1	-2.46078307000063	-2.45871709842386	21 fn	2.6	fn	1
#00BFFF	3	1	1	-2.45871709842386	-2.45340475926054	22 fn	2.6	fn	1
#00BFFF	3	1	1	-2.45340475926054	-2.4403220724321	23 fn	2.6	fn	1
#00BFFF	3	1	1	-2.4403220724321	-2.19093202336509	24 fn	2.6	fn	1
#00BFFF	3	1	1	-2.19093202336509	-1.70975562988886	25 fn	2.6	fn	1
#00BFFF	3	1	1	-1.70975562988886	-1.30556678281946	26 fn	2.6	fn	1
#00BFFF	3	1	1	-1.30556678281946	-1.09932481093212	27 fn	2.6	fn	1
#00BFFF	3	1	1	-1.09932481093212	-1.0154227566525	28 fn	2.6	fn	1
#00BFFF	3	1	1	-1.0154227566525	-1.00135576037675	29 fn	2.6	fn	1
#00BFFF	3	1	1	-1.00135576037675	-0.989307006366561	30 fn	2.6	fn	1
#00BFFF	3	1	1	-0.989307006366561	-0.989134036202589	31 fn	2.6	fn	1
#00BFFF	3	1	1	-0.989134036202589	-0.988893231938196	32 fn	2.6	fn	1
#00BFFF	3	1	1	-0.988893231938196	-0.968263504582715	33 fn	2.6	fn	1
#00BFFF	3	1	1	-0.968263504582715	-0.899385467897039	34 fn	2.6	fn	1
#00BFFF	3	1	1	-0.899385467897039	-0.678987521191631	35 fn	2.6	fn	1
#00BFFF	3	1	1	-0.678987521191631	-0.408139872451828	36 fn	2.6	fn	1
#00BFFF	3	1	1	-0.408139872451828	-0.249624174041498	37 fn	2.6	fn	1
#00BFFF	3	1	1	-0.249624174041498	-0.0801910112768258	38 fn	2.6	fn	1
#00BFFF	3	1	1	-0.0801910112768258	0.115329151182443	39 fn	2.6	fn	1
#00BFFF	3	1	1	0.115329151182443	0.298544061873653	40 fn	2.6	fn	1
#00BFFF	3	1	1	0.298544061873653	0.460121155881064	41 fn	2.6	fn	1
#00BFFF	3	1	1	0.460121155881064	0.638045485540612	42 fn	2.6	fn	1
#00BFFF	3	1	1	0.638045485540612	0.822970604350525	43 fn	2.6	fn	1
#00BFFF	3	1	1	0.822970604350525	1.0127264501757	44 fn	2.6	fn	1
#00BFFF	3	1	1	1.0127264501757	1.21046541248413	45 fn	2.6	fn	1
#00BFFF	3	1	1	1.21046541248413	1.37891053583511	46 fn	2.6	fn	1
#00BFFF	3	1	1	1.37891053583511	1.54156862562895	47 fn	2.6	fn	1
#00BFFF	3	1	1	1.54156862562895	1.57578190167313	48 fn	2.6	fn	1
#00BFFF	3	2	2	1.57578190167313	1.57987566611961	49 fn	2.6	fn	1
#00BFFF	3	2	2	1.57987566611961	1.58225811468401	50 fn	2.6	fn	1
#00BFFF	3	2	2	1.58225811468401	1.64302098152048	51 fn	2.6	fn	1
#00BFFF	3	2	2	1.64302098152048	1.92288682248449	52 fn	2.6	fn	1
#00BFFF	3	2	2	1.92288682248449	3.08589939806206	53 fn	2.6	fn	1
#00BFFF	3	2	2	3.08589939806206	9.08500842897606	54 fn	2.6	fn	1
#00BFFF	3	0	0	-13.3670578848165	-7.34199737119048	1 fn	2.8	fn	1
#00BFFF	3	0	0	-7.34199737119048	-4.04345598753607	2 fn	2.8	fn	1
#00BFFF	3	0	0	-4.04345598753607	-3.15405687671473	3 fn	2.8	fn	1
#00BFFF	3	0	0	-3.15405687671473	-2.72922035597277	4 fn	2.8	fn	1
#00BFFF	3	0	0	-2.72922035597277	-2.62170980403531	5 fn	2.8	fn	1
#00BFFF	3	0	0	-2.62170980403531	-2.60450907956303	6 fn	2.8	fn	1
#00BFFF	3	0	0	-2.60450907956303	-2.59508053724272	7 fn	2.8	fn	1
#00BFFF	3	0	0	-2.59508053724272	-2.58985635874694	8 fn	2.8	fn	1
#00BFFF	3	0	0	-2.58985635874694	-2.58814741115137	9 fn	2.8	fn	1
#00BFFF	3	0	0	-2.58814741115137	-2.58675174735288	10 fn	2.8	fn	1
#00BFFF	3	0	0	-2.58675174735288	-2.57149816677717	11 fn	2.8	fn	1
#00BFFF	3	0	0	-2.57149816677717	-2.55110196946485	12 fn	2.8	fn	1
#00BFFF	3	0	0	-2.55110196946485	-2.53938963344197	13 fn	2.8	fn	1
#00BFFF	3	0	0	-2.53938963344197	-2.52662158535874	14 fn	2.8	fn	1
#00BFFF	3	0	0	-2.52662158535874	-2.50930827993967	15 fn	2.8	fn	1
#00BFFF	3	0	0	-2.50930827993967	-2.49540807078698	16 fn	2.8	fn	1
#00BFFF	3	0	0	-2.49540807078698	-2.48261262953773	17 fn	2.8	fn	1
#00BFFF	3	0	0	-2.48261262953773	-2.47040257640679	18 fn	2.8	fn	1
#00BFFF	3	0	0	-2.47040257640679	-2.46326103820639	19 fn	2.8	fn	1
#00BFFF	3	0	0	-2.46326103820639	-2.46078307000063	20 fn	2.8	fn	1
#00BFFF	3	1	1	-2.46078307000063	-2.45871709842386	21 fn	2.8	fn	1
#00BFFF	3	1	1	-2.45871709842386	-2.45340475926054	22 fn	2.8	fn	1
#00BFFF	3	1	1	-2.45340475926054	-2.4403220724321	23 fn	2.8	fn	1
#00BFFF	3	1	1	-2.4403220724321	-2.19093202336509	24 fn	2.8	fn	1
#00BFFF	3	1	1	-2.19093202336509	-1.70975562988886	25 fn	2.8	fn	1
#00BFFF	3	1	1	-1.70975562988886	-1.30556678281946	26 fn	2.8	fn	1
#00BFFF	3	1	1	-1.30556678281946	-1.09932481093212	27 fn	2.8	fn	1
#00BFFF	3	1	1	-1.09932481093212	-1.0154227566525	28 fn	2.8	fn	1
#00BFFF	3	1	1	-1.0154227566525	-1.00135576037675	29 fn	2.8	fn	1
#00BFFF	3	1	1	-1.00135576037675	-0.989307006366561	30 fn	2.8	fn	1
#00BFFF	3	1	1	-0.989307006366561	-0.989134036202589	31 fn	2.8	fn	1
#00BFFF	3	1	1	-0.989134036202589	-0.988893231938196	32 fn	2.8	fn	1
#00BFFF	3	1	1	-0.988893231938196	-0.968263504582715	33 fn	2.8	fn	1
#00BFFF	3	1	1	-0.968263504582715	-0.899385467897039	34 fn	2.8	fn	1
#00BFFF	3	1	1	-0.899385467897039	-0.678987521191631	35 fn	2.8	fn	1
#00BFFF	3	1	1	-0.678987521191631	-0.408139872451828	36 fn	2.8	fn	1
#00BFFF	3	1	1	-0.408139872451828	-0.249624174041498	37 fn	2.8	fn	1
#00BFFF	3	1	1	-0.249624174041498	-0.0801910112768258	38 fn	2.8	fn	1
#00BFFF	3	1	1	-0.0801910112768258	0.115329151182443	39 fn	2.8	fn	1
#00BFFF	3	1	1	0.115329151182443	0.298544061873653	40 fn	2.8	fn	1
#00BFFF	3	1	1	0.298544061873653	0.460121155881064	41 fn	2.8	fn	1
#00BFFF	3	1	1	0.460121155881064	0.638045485540612	42 fn	2.8	fn	1
#00BFFF	3	1	1	0.638045485540612	0.822970604350525	43 fn	2.8	fn	1
#00BFFF	3	1	1	0.822970604350525	1.0127264501757	44 fn	2.8	fn	1
#00BFFF	3	1	1	1.0127264501757	1.21046541248413	45 fn	2.8	fn	1
#00BFFF	3	1	1	1.21046541248413	1.37891053583511	46 fn	2.8	fn	1
#00BFFF	3	1	1	1.37891053583511	1.54156862562895	47 fn	2.8	fn	1
#00BFFF	3	1	1	1.54156862562895	1.57578190167313	48 fn	2.8	fn	1
#00BFFF	3	2	2	1.57578190167313	1.57987566611961	49 fn	2.8	fn	1
#00BFFF	3	2	2	1.57987566611961	1.58225811468401	50 fn	2.8	fn	1
#00BFFF	3	2	2	1.58225811468401	1.64302098152048	51 fn	2.8	fn	1
#00BFFF	3	2	2	1.64302098152048	1.92288682248449	52 fn	2.8	fn	1
#00BFFF	3	2	2	1.92288682248449	3.08589939806206	53 fn	2.8	fn	1
#00BFFF	3	2	2	3.08589939806206	9.08500842897606	54 fn	2.8	fn	1
#00BFFF	3	0	0	-13.3670578848165	-7.34199737119048	1 fn	3	fn	1
#00BFFF	3	0	0	-7.34199737119048	-4.04345598753607	2 fn	3	fn	1
#00BFFF	3	0	0	-4.04345598753607	-3.15405687671473	3 fn	3	fn	1
#00BFFF	3	0	0	-3.15405687671473	-2.72922035597277	4 fn	3	fn	1
#00BFFF	3	0	0	-2.72922035597277	-2.62170980403531	5 fn	3	fn	1
#00BFFF	3	0	0	-2.62170980403531	-2.60450907956303	6 fn	3	fn	1
#00BFFF	3	0	0	-2.60450907956303	-2.59508053724272	7 fn	3	fn	1
#00BFFF	3	0	0	-2.59508053724272	-2.58985635874694	8 fn	3	fn	1
#00BFFF	3	0	0	-2.58985635874694	-2.58814741115137	9 fn	3	fn	1
#00BFFF	3	0	0	-2.58814741115137	-2.58675174735288	10 fn	3	fn	1
#00BFFF	3	0	0	-2.58675174735288	-2.57149816677717	11 fn	3	fn	1
#00BFFF	3	0	0	-2.57149816677717	-2.55110196946485	12 fn	3	fn	1
#00BFFF	3	0	0	-2.55110196946485	-2.53938963344197	13 fn	3	fn	1
#00BFFF	3	0	0	-2.53938963344197	-2.52662158535874	14 fn	3	fn	1
#00BFFF	3	0	0	-2.52662158535874	-2.50930827993967	15 fn	3	fn	1
#00BFFF	3	0	0	-2.50930827993967	-2.49540807078698	16 fn	3	fn	1
#00BFFF	3	0	0	-2.49540807078698	-2.48261262953773	17 fn	3	fn	1
#00BFFF	3	0	0	-2.48261262953773	-2.47040257640679	18 fn	3	fn	1
#00BFFF	3	0	0	-2.47040257640679	-2.46326103820639	19 fn	3	fn	1
#00BFFF	3	0	0	-2.46326103820639	-2.46078307000063	20 fn	3	fn	1
#00BFFF	3	1	1	-2.46078307000063	-2.45871709842386	21 fn	3	fn	1
#00BFFF	3	1	1	-2.45871709842386	-2.45340475926054	22 fn	3	fn	1
#00BFFF	3	1	1	-2.45340475926054	-2.4403220724321	23 fn	3	fn	1
#00BFFF	3	1	1	-2.4403220724321	-2.19093202336509	24 fn	3	fn	1
#00BFFF	3	1	1	-2.19093202336509	-1.70975562988886	25 fn	3	fn	1
#00BFFF	3	1	1	-1.70975562988886	-1.30556678281946	26 fn	3	fn	1
#00BFFF	3	1	1	-1.30556678281946	-1.09932481093212	27 fn	3	fn	1
#00BFFF	3	1	1	-1.09932481093212	-1.0154227566525	28 fn	3	fn	1
#00BFFF	3	1	1	-1.0154227566525	-1.00135576037675	29 fn	3	fn	1
#00BFFF	3	1	1	-1.00135576037675	-0.989307006366561	30 fn	3	fn	1
#00BFFF	3	1	1	-0.989307006366561	-0.989134036202589	31 fn	3	fn	1
#00BFFF	3	1	1	-0.989134036202589	-0.988893231938196	32 fn	3	fn	1
#00BFFF	3	1	1	-0.988893231938196	-0.968263504582715	33 fn	3	fn	1
#00BFFF	3	1	1	-0.968263504582715	-0.899385467897039	34 fn	3	fn	1
#00BFFF	3	1	1	-0.899385467897039	-0.678987521191631	35 fn	3	fn	1
#00BFFF	3	1	1	-0.678987521191631	-0.408139872451828	36 fn	3	fn	1
#00BFFF	3	1	1	-0.408139872451828	-0.249624174041498	37 fn	3	fn	1
#00BFFF	3	1	1	-0.249624174041498	-0.0801910112768258	38 fn	3	fn	1
#00BFFF	3	1	1	-0.0801910112768258	0.115329151182443	39 fn	3	fn	1
#00BFFF	3	1	1	0.115329151182443	0.298544061873653	40 fn	3	fn	1
#00BFFF	3	1	1	0.298544061873653	0.460121155881064	41 fn	3	fn	1
#00BFFF	3	1	1	0.460121155881064	0.638045485540612	42 fn	3	fn	1
#00BFFF	3	1	1	0.638045485540612	0.822970604350525	43 fn	3	fn	1
#00BFFF	3	1	1	0.822970604350525	1.0127264501757	44 fn	3	fn	1
#00BFFF	3	1	1	1.0127264501757	1.21046541248413	45 fn	3	fn	1
#00BFFF	3	1	1	1.21046541248413	1.37891053583511	46 fn	3	fn	1
#00BFFF	3	1	1	1.37891053583511	1.54156862562895	47 fn	3	fn	1
#00BFFF	3	1	1	1.54156862562895	1.57578190167313	48 fn	3	fn	1
#00BFFF	3	2	2	1.57578190167313	1.57987566611961	49 fn	3	fn	1
#00BFFF	3	2	2	1.57987566611961	1.58225811468401	50 fn	3	fn	1
#00BFFF	3	2	2	1.58225811468401	1.64302098152048	51 fn	3	fn	1
#00BFFF	3	2	2	1.64302098152048	1.92288682248449	52 fn	3	fn	1
#00BFFF	3	2	2	1.92288682248449	3.08589939806206	53 fn	3	fn	1
#00BFFF	3	2	2	3.08589939806206	9.08500842897606	54 fn	3	fn	1
#00BFFF	3	0	0	-13.3670578848165	-7.34199737119048	1 fn	3.2	fn	1
#00BFFF	3	0	0	-7.34199737119048	-4.04345598753607	2 fn	3.2	fn	1
#00BFFF	3	0	0	-4.04345598753607	-3.15405687671473	3 fn	3.2	fn	1
#00BFFF	3	0	0	-3.15405687671473	-2.72922035597277	4 fn	3.2	fn	1
#00BFFF	3	0	0	-2.72922035597277	-2.62170980403531	5 fn	3.2	fn	1
#00BFFF	3	0	0	-2.62170980403531	-2.60450907956303	6 fn	3.2	fn	1
#00BFFF	3	0	0	-2.60450907956303	-2.59508053724272	7 fn	3.2	fn	1
#00BFFF	3	0	0	-2.59508053724272	-2.58985635874694	8 fn	3.2	fn	1
#00BFFF	3	0	0	-2.58985635874694	-2.58814741115137	9 fn	3.2	fn	1
#00BFFF	3	0	0	-2.58814741115137	-2.58675174735288	10 fn	3.2	fn	1
#00BFFF	3	0	0	-2.58675174735288	-2.57149816677717	11 fn	3.2	fn	1
#00BFFF	3	0	0	-2.57149816677717	-2.55110196946485	12 fn	3.2	fn	1
#00BFFF	3	0	0	-2.55110196946485	-2.53938963344197	13 fn	3.2	fn	1
#00BFFF	3	0	0	-2.53938963344197	-2.52662158535874	14 fn	3.2	fn	1
#00BFFF	3	0	0	-2.52662158535874	-2.50930827993967	15 fn	3.2	fn	1
#00BFFF	3	0	0	-2.50930827993967	-2.49540807078698	16 fn	3.2	fn	1
#00BFFF	3	0	0	-2.49540807078698	-2.48261262953773	17 fn	3.2	fn	1
#00BFFF	3	0	0	-2.48261262953773	-2.47040257640679	18 fn	3.2	fn	1
#00BFFF	3	0	0	-2.47040257640679	-2.46326103820639	19 fn	3.2	fn	1
#00BFFF	3	0	0	-2.46326103820639	-2.46078307000063	20 fn	3.2	fn	1
#00BFFF	3	1	1	-2.46078307000063	-2.45871709842386	21 fn	3.2	fn	1
#00BFFF	3	1	1	-2.45871709842386	-2.45340475926054	22 fn	3.2	fn	1
#00BFFF	3	1	1	-2.45340475926054	-2.4403220724321	23 fn	3.2	fn	1
#00BFFF	3	1	1	-2.4403220724321	-2.19093202336509	24 fn	3.2	fn	1
#00BFFF	3	1	1	-2.19093202336509	-1.70975562988886	25 fn	3.2	fn	1
#00BFFF	3	1	1	-1.70975562988886	-1.30556678281946	26 fn	3.2	fn	1
#00BFFF	3	1	1	-1.30556678281946	-1.09932481093212	27 fn	3.2	fn	1
#00BFFF	3	1	1	-1.09932481093212	-1.0154227566525	28 fn	3.2	fn	1
#00BFFF	3	1	1	-1.0154227566525	-1.00135576037675	29 fn	3.2	fn	1
#00BFFF	3	1	1	-1.00135576037675	-0.989307006366561	30 fn	3.2	fn	1
#00BFFF	3	1	1	-0.989307006366561	-0.989134036202589	31 fn	3.2	fn	1
#00BFFF	3	1	1	-0.989134036202589	-0.988893231938196	32 fn	3.2	fn	1
#00BFFF	3	1	1	-0.988893231938196	-0.968263504582715	33 fn	3.2	fn	1
#00BFFF	3	1	1	-0.968263504582715	-0.899385467897039	34 fn	3.2	fn	1
#00BFFF	3	1	1	-0.899385467897039	-0.678987521191631	35 fn	3.2	fn	1
#00BFFF	3	1	1	-0.678987521191631	-0.408139872451828	36 fn	3.2	fn	1
#00BFFF	3	1	1	-0.408139872451828	-0.249624174041498	37 fn	3.2	fn	1
#00BFFF	3	1	1	-0.249624174041498	-0.0801910112768258	38 fn	3.2	fn	1
#00BFFF	3	1	1	-0.0801910112768258	0.115329151182443	39 fn	3.2	fn	1
#00BFFF	3	1	1	0.115329151182443	0.298544061873653	40 fn	3.2	fn	1
#00BFFF	3	1	1	0.298544061873653	0.460121155881064	41 fn	3.2	fn	1
#00BFFF	3	1	1	0.460121155881064	0.638045485540612	42 fn	3.2	fn	1
#00BFFF	3	1	1	0.638045485540612	0.822970604350525	43 fn	3.2	fn	1
#00BFFF	3	1	1	0.822970604350525	1.0127264501757	44 fn	3.2	fn	1
#00BFFF	3	1	1	1.0127264501757	1.21046541248413	45 fn	3.2	fn	1
#00BFFF	3	1	1	1.21046541248413	1.37891053583511	46 fn	3.2	fn	1
#00BFFF	3	1	1	1.37891053583511	1.54156862562895	47 fn	3.2	fn	1
#00BFFF	3	1	1	1.54156862562895	1.57578190167313	48 fn	3.2	fn	1
#00BFFF	3	2	2	1.57578190167313	1.57987566611961	49 fn	3.2	fn	1
#00BFFF	3	2	2	1.57987566611961	1.58225811468401	50 fn	3.2	fn	1
#00BFFF	3	2	2	1.58225811468401	1.64302098152048	51 fn	3.2	fn	1
#00BFFF	3	2	2	1.64302098152048	1.92288682248449	52 fn	3.2	fn	1
#00BFFF	3	2	2	1.92288682248449	3.08589939806206	53 fn	3.2	fn	1
#00BFFF	3	2	2	3.08589939806206	9.08500842897606	54 fn	3.2	fn	1
#00BFFF	3	0	0	-13.3670578848165	-7.34199737119048	1 fn	3.4	fn	1
#00BFFF	3	0	0	-7.34199737119048	-4.04345598753607	2 fn	3.4	fn	1
#00BFFF	3	0	0	-4.04345598753607	-3.15405687671473	3 fn	3.4	fn	1
#00BFFF	3	0	0	-3.15405687671473	-2.72922035597277	4 fn	3.4	fn	1
#00BFFF	3	0	0	-2.72922035597277	-2.62170980403531	5 fn	3.4	fn	1
#00BFFF	3	0	0	-2.62170980403531	-2.60450907956303	6 fn	3.4	fn	1
#00BFFF	3	0	0	-2.60450907956303	-2.59508053724272	7 fn	3.4	fn	1
#00BFFF	3	0	0	-2.59508053724272	-2.58985635874694	8 fn	3.4	fn	1
#00BFFF	3	0	0	-2.58985635874694	-2.58814741115137	9 fn	3.4	fn	1
#00BFFF	3	0	0	-2.58814741115137	-2.58675174735288	10 fn	3.4	fn	1
#00BFFF	3	0	0	-2.58675174735288	-2.57149816677717	11 fn	3.4	fn	1
#00BFFF	3	0	0	-2.57149816677717	-2.55110196946485	12 fn	3.4	fn	1
#00BFFF	3	0	0	-2.55110196946485	-2.53938963344197	13 fn	3.4	fn	1
#00BFFF	3	0	0	-2.53938963344197	-2.52662158535874	14 fn	3.4	fn	1
#00BFFF	3	0	0	-2.52662158535874	-2.50930827993967	15 fn	3.4	fn	1
#00BFFF	3	0	0	-2.50930827993967	-2.49540807078698	16 fn	3.4	fn	1
#00BFFF	3	0	0	-2.49540807078698	-2.48261262953773	17 fn	3.4	fn	1
#00BFFF	3	0	0	-2.48261262953773	-2.47040257640679	18 fn	3.4	fn	1
#00BFFF	3	0	0	-2.47040257640679	-2.46326103820639	19 fn	3.4	fn	1
#00BFFF	3	0	0	-2.46326103820639	-2.46078307000063	20 fn	3.4	fn	1
#00BFFF	3	1	1	-2.46078307000063	-2.45871709842386	21 fn	3.4	fn	1
#00BFFF	3	1	1	-2.45871709842386	-2.45340475926054	22 fn	3.4	fn	1
#00BFFF	3	1	1	-2.45340475926054	-2.4403220724321	23 fn	3.4	fn	1
#00BFFF	3	1	1	-2.4403220724321	-2.19093202336509	24 fn	3.4	fn	1
#00BFFF	3	1	1	-2.19093202336509	-1.70975562988886	25 fn	3.4	fn	1
#00BFFF	3	1	1	-1.70975562988886	-1.30556678281946	26 fn	3.4	fn	1
#00BFFF	3	1	1	-1.30556678281946	-1.09932481093212	27 fn	3.4	fn	1
#00BFFF	3	1	1	-1.09932481093212	-1.0154227566525	28 fn	3.4	fn	1
#00BFFF	3	1	1	-1.0154227566525	-1.00135576037675	29 fn	3.4	fn	1
#00BFFF	3	1	1	-1.00135576037675	-0.989307006366561	30 fn	3.4	fn	1
#00BFFF	3	1	1	-0.989307006366561	-0.989134036202589	31 fn	3.4	fn	1
#00BFFF	3	1	1	-0.989134036202589	-0.988893231938196	32 fn	3.4	fn	1
#00BFFF	3	1	1	-0.988893231938196	-0.968263504582715	33 fn	3.4	fn	1
#00BFFF	3	1	1	-0.968263504582715	-0.899385467897039	34 fn	3.4	fn	1
#00BFFF	3	1	1	-0.899385467897039	-0.678987521191631	35 fn	3.4	fn	1
#00BFFF	3	1	1	-0.678987521191631	-0.408139872451828	36 fn	3.4	fn	1
#00BFFF	3	1	1	-0.408139872451828	-0.249624174041498	37 fn	3.4	fn	1
#00BFFF	3	1	1	-0.249624174041498	-0.0801910112768258	38 fn	3.4	fn	1
#00BFFF	3	1	1	-0.0801910112768258	0.115329151182443	39 fn	3.4	fn	1
#00BFFF	3	1	1	0.115329151182443	0.298544061873653	40 fn	3.4	fn	1
#00BFFF	3	1	1	0.298544061873653	0.460121155881064	41 fn	3.4	fn	1
#00BFFF	3	1	1	0.460121155881064	0.638045485540612	42 fn	3.4	fn	1
#00BFFF	3	1	1	0.638045485540612	0.822970604350525	43 fn	3.4	fn	1
#00BFFF	3	1	1	0.822970604350525	1.0127264501757	44 fn	3.4	fn	1
#00BFFF	3	1	1	1.0127264501757	1.21046541248413	45 fn	3.4	fn	1
#00BFFF	3	1	1	1.21046541248413	1.37891053583511	46 fn	3.4	fn	1
#00BFFF	3	1	1	1.37891053583511	1.54156862562895	47 fn	3.4	fn	1
#00BFFF	3	1	1	1.54156862562895	1.57578190167313	48 fn	3.4	fn	1
#00BFFF	3	2	2	1.57578190167313	1.57987566611961	49 fn	3.4	fn	1
#00BFFF	3	2	2	1.57987566611961	1.58225811468401	50 fn	3.4	fn	1
#00BFFF	3	2	2	1.58225811468401	1.64302098152048	51 fn	3.4	fn	1
#00BFFF	3	2	2	1.64302098152048	1.92288682248449	52 fn	3.4	fn	1
#00BFFF	3	2	2	1.92288682248449	3.08589939806206	53 fn	3.4	fn	1
#00BFFF	3	2	2	3.08589939806206	9.08500842897606	54 fn	3.4	fn	1
#00BFFF	3	0	0	-13.3670578848165	-7.34199737119048	1 fn	3.6	fn	1
#00BFFF	3	0	0	-7.34199737119048	-4.04345598753607	2 fn	3.6	fn	1
#00BFFF	3	0	0	-4.04345598753607	-3.15405687671473	3 fn	3.6	fn	1
#00BFFF	3	0	0	-3.15405687671473	-2.72922035597277	4 fn	3.6	fn	1
#00BFFF	3	0	0	-2.72922035597277	-2.62170980403531	5 fn	3.6	fn	1
#00BFFF	3	0	0	-2.62170980403531	-2.60450907956303	6 fn	3.6	fn	1
#00BFFF	3	0	0	-2.60450907956303	-2.59508053724272	7 fn	3.6	fn	1
#00BFFF	3	0	0	-2.59508053724272	-2.58985635874694	8 fn	3.6	fn	1
#00BFFF	3	0	0	-2.58985635874694	-2.58814741115137	9 fn	3.6	fn	1
#00BFFF	3	0	0	-2.58814741115137	-2.58675174735288	10 fn	3.6	fn	1
#00BFFF	3	0	0	-2.58675174735288	-2.57149816677717	11 fn	3.6	fn	1
#00BFFF	3	0	0	-2.57149816677717	-2.55110196946485	12 fn	3.6	fn	1
#00BFFF	3	0	0	-2.55110196946485	-2.53938963344197	13 fn	3.6	fn	1
#00BFFF	3	0	0	-2.53938963344197	-2.52662158535874	14 fn	3.6	fn	1
#00BFFF	3	0	0	-2.52662158535874	-2.50930827993967	15 fn	3.6	fn	1
#00BFFF	3	0	0	-2.50930827993967	-2.49540807078698	16 fn	3.6	fn	1
#00BFFF	3	0	0	-2.49540807078698	-2.48261262953773	17 fn	3.6	fn	1
#00BFFF	3	0	0	-2.48261262953773	-2.47040257640679	18 fn	3.6	fn	1
#00BFFF	3	0	0	-2.47040257640679	-2.46326103820639	19 fn	3.6	fn	1
#00BFFF	3	0	0	-2.46326103820639	-2.46078307000063	20 fn	3.6	fn	1
#00BFFF	3	1	1	-2.46078307000063	-2.45871709842386	21 fn	3.6	fn	1
#00BFFF	3	1	1	-2.45871709842386	-2.45340475926054	22 fn	3.6	fn	1
#00BFFF	3	1	1	-2.45340475926054	-2.4403220724321	23 fn	3.6	fn	1
#00BFFF	3	1	1	-2.4403220724321	-2.19093202336509	24 fn	3.6	fn	1
#00BFFF	3	1	1	-2.19093202336509	-1.70975562988886	25 fn	3.6	fn	1
#00BFFF	3	1	1	-1.70975562988886	-1.30556678281946	26 fn	3.6	fn	1
#00BFFF	3	1	1	-1.30556678281946	-1.09932481093212	27 fn	3.6	fn	1
#00BFFF	3	1	1	-1.09932481093212	-1.0154227566525	28 fn	3.6	fn	1
#00BFFF	3	1	1	-1.0154227566525	-1.00135576037675	29 fn	3.6	fn	1
#00BFFF	3	1	1	-1.00135576037675	-0.989307006366561	30 fn	3.6	fn	1
#00BFFF	3	1	1	-0.989307006366561	-0.989134036202589	31 fn	3.6	fn	1
#00BFFF	3	1	1	-0.989134036202589	-0.988893231938196	32 fn	3.6	fn	1
#00BFFF	3	1	1	-0.988893231938196	-0.968263504582715	33 fn	3.6	fn	1
#00BFFF	3	1	1	-0.968263504582715	-0.899385467897039	34 fn	3.6	fn	1
#00BFFF	3	1	1	-0.899385467897039	-0.678987521191631	35 fn	3.6	fn	1
#00BFFF	3	1	1	-0.678987521191631	-0.408139872451828	36 fn	3.6	fn	1
#00BFFF	3	1	1	-0.408139872451828	-0.249624174041498	37 fn	3.6	fn	1
#00BFFF	3	1	1	-0.249624174041498	-0.0801910112768258	38 fn	3.6	fn	1
#00BFFF	3	1	1	-0.0801910112768258	0.115329151182443	39 fn	3.6	fn	1
#00BFFF	3	1	1	0.115329151182443	0.298544061873653	40 fn	3.6	fn	1
#00BFFF	3	1	1	0.298544061873653	0.460121155881064	41 fn	3.6	fn	1
#00BFFF	3	1	1	0.460121155881064	0.638045485540612	42 fn	3.6	fn	1
#00BFFF	3	1	1	0.638045485540612	0.822970604350525	43 fn	3.6	fn	1
#00BFFF	3	1	1	0.822970604350525	1.0127264501757	44 fn	3.6	fn	1
#00BFFF	3	1	1	1.0127264501757	1.21046541248413	45 fn	3.6	fn	1
#00BFFF	3	1	1	1.21046541248413	1.37891053583511	46 fn	3.6	fn	1
#00BFFF	3	1	1	1.37891053583511	1.54156862562895	47 fn	3.6	fn	1
#00BFFF	3	1	1	1.54156862562895	1.57578190167313	48 fn	3.6	fn	1
#00BFFF	3	2	2	1.57578190167313	1.57987566611961	49 fn	3.6	fn	1
#00BFFF	3	2	2	1.57987566611961	1.58225811468401	50 fn	3.6	fn	1
#00BFFF	3	2	2	1.58225811468401	1.64302098152048	51 fn	3.6	fn	1
#00BFFF	3	2	2	1.64302098152048	1.92288682248449	52 fn	3.6	fn	1
#00BFFF	3	2	2	1.92288682248449	3.08589939806206	53 fn	3.6	fn	1
#00BFFF	3	2	2	3.08589939806206	9.08500842897606	54 fn	3.6	fn	1
#00BFFF	3	0	0	-13.3670578848165	-7.34199737119048	1 fn	3.8	fn	1
#00BFFF	3	0	0	-7.34199737119048	-4.04345598753607	2 fn	3.8	fn	1
#00BFFF	3	0	0	-4.04345598753607	-3.15405687671473	3 fn	3.8	fn	1
#00BFFF	3	0	0	-3.15405687671473	-2.72922035597277	4 fn	3.8	fn	1
#00BFFF	3	0	0	-2.72922035597277	-2.62170980403531	5 fn	3.8	fn	1
#00BFFF	3	0	0	-2.62170980403531	-2.60450907956303	6 fn	3.8	fn	1
#00BFFF	3	0	0	-2.60450907956303	-2.59508053724272	7 fn	3.8	fn	1
#00BFFF	3	0	0	-2.59508053724272	-2.58985635874694	8 fn	3.8	fn	1
#00BFFF	3	0	0	-2.58985635874694	-2.58814741115137	9 fn	3.8	fn	1
#00BFFF	3	0	0	-2.58814741115137	-2.58675174735288	10 fn	3.8	fn	1
#00BFFF	3	0	0	-2.58675174735288	-2.57149816677717	11 fn	3.8	fn	1
#00BFFF	3	0	0	-2.57149816677717	-2.55110196946485	12 fn	3.8	fn	1
#00BFFF	3	0	0	-2.55110196946485	-2.53938963344197	13 fn	3.8	fn	1
#00BFFF	3	0	0	-2.53938963344197	-2.52662158535874	14 fn	3.8	fn	1
#00BFFF	3	0	0	-2.52662158535874	-2.50930827993967	15 fn	3.8	fn	1
#00BFFF	3	0	0	-2.50930827993967	-2.49540807078698	16 fn	3.8	fn	1
#00BFFF	3	0	0	-2.49540807078698	-2.48261262953773	17 fn	3.8	fn	1
#00BFFF	3	0	0	-2.48261262953773	-2.47040257640679	18 fn	3.8	fn	1
#00BFFF	3	0	0	-2.47040257640679	-2.46326103820639	19 fn	3.8	fn	1
#00BFFF	3	0	0	-2.46326103820639	-2.46078307000063	20 fn	3.8	fn	1
#00BFFF	3	1	1	-2.46078307000063	-2.45871709842386	21 fn	3.8	fn	1
#00BFFF	3	1	1	-2.45871709842386	-2.45340475926054	22 fn	3.8	fn	1
#00BFFF	3	1	1	-2.45340475926054	-2.4403220724321	23 fn	3.8	fn	1
#00BFFF	3	1	1	-2.4403220724321	-2.19093202336509	24 fn	3.8	fn	1
#00BFFF	3	1	1	-2.19093202336509	-1.70975562988886	25 fn	3.8	fn	1
#00BFFF	3	1	1	-1.70975562988886	-1.30556678281946	26 fn	3.8	fn	1
#00BFFF	3	1	1	-1.30556678281946	-1.09932481093212	27 fn	3.8	fn	1
#00BFFF	3	1	1	-1.09932481093212	-1.0154227566525	28 fn	3.8	fn	1
#00BFFF	3	1	1	-1.0154227566525	-1.00135576037675	29 fn	3.8	fn	1
#00BFFF	3	1	1	-1.00135576037675	-0.989307006366561	30 fn	3.8	fn	1
#00BFFF	3	1	1	-0.989307006366561	-0.989134036202589	31 fn	3.8	fn	1
#00BFFF	3	1	1	-0.989134036202589	-0.988893231938196	32 fn	3.8	fn	1
#00BFFF	3	1	1	-0.988893231938196	-0.968263504582715	33 fn	3.8	fn	1
#00BFFF	3	1	1	-0.968263504582715	-0.899385467897039	34 fn	3.8	fn	1
#00BFFF	3	1	1	-0.899385467897039	-0.678987521191631	35 fn	3.8	fn	1
#00BFFF	3	1	1	-0.678987521191631	-0.408139872451828	36 fn	3.8	fn	1
#00BFFF	3	1	1	-0.408139872451828	-0.249624174041498	37 fn	3.8	fn	1
#00BFFF	3	1	1	-0.249624174041498	-0.0801910112768258	38 fn	3.8	fn	1
#00BFFF	3	1	1	-0.0801910112768258	0.115329151182443	39 fn	3.8	fn	1
#00BFFF	3	1	1	0.115329151182443	0.298544061873653	40 fn	3.8	fn	1
#00BFFF	3	1	1	0.298544061873653	0.460121155881064	41 fn	3.8	fn	1
#00BFFF	3	1	1	0.460121155881064	0.638045485540612	42 fn	3.8	fn	1
#00BFFF	3	1	1	0.638045485540612	0.822970604350525	43 fn	3.8	fn	1
#00BFFF	3	1	1	0.822970604350525	1.0127264501757	44 fn	3.8	fn	1
#00BFFF	3	1	1	1.0127264501757	1.21046541248413	45 fn	3.8	fn	1
#00BFFF	3	1	1	1.21046541248413	1.37891053583511	46 fn	3.8	fn	1
#00BFFF	3	1	1	1.37891053583511	1.54156862562895	47 fn	3.8	fn	1
#00BFFF	3	1	1	1.54156862562895	1.57578190167313	48 fn	3.8	fn	1
#00BFFF	3	2	2	1.57578190167313	1.57987566611961	49 fn	3.8	fn	1
#00BFFF	3	2	2	1.57987566611961	1.58225811468401	50 fn	3.8	fn	1
#00BFFF	3	2	2	1.58225811468401	1.64302098152048	51 fn	3.8	fn	1
#00BFFF	3	2	2	1.64302098152048	1.92288682248449	52 fn	3.8	fn	1
#00BFFF	3	2	2	1.92288682248449	3.08589939806206	53 fn	3.8	fn	1
#00BFFF	3	2	2	3.08589939806206	9.08500842897606	54 fn	3.8	fn	1
#00BFFF	3	0	0	-13.3670578848165	-7.34199737119048	1 fn	4	fn	1
#00BFFF	3	0	0	-7.34199737119048	-4.04345598753607	2 fn	4	fn	1
#00BFFF	3	0	0	-4.04345598753607	-3.15405687671473	3 fn	4	fn	1
#00BFFF	3	0	0	-3.15405687671473	-2.72922035597277	4 fn	4	fn	1
#00BFFF	3	0	0	-2.72922035597277	-2.62170980403531	5 fn	4	fn	1
#00BFFF	3	0	0	-2.62170980403531	-2.60450907956303	6 fn	4	fn	1
#00BFFF	3	0	0	-2.60450907956303	-2.59508053724272	7 fn	4	fn	1
#00BFFF	3	0	0	-2.59508053724272	-2.58985635874694	8 fn	4	fn	1
#00BFFF	3	0	0	-2.58985635874694	-2.58814741115137	9 fn	4	fn	1
#00BFFF	3	0	0	-2.58814741115137	-2.58675174735288	10 fn	4	fn	1
#00BFFF	3	0	0	-2.58675174735288	-2.57149816677717	11 fn	4	fn	1
#00BFFF	3	0	0	-2.57149816677717	-2.55110196946485	12 fn	4	fn	1
#00BFFF	3	0	0	-2.55110196946485	-2.53938963344197	13 fn	4	fn	1
#00BFFF	3	0	0	-2.53938963344197	-2.52662158535874	14 fn	4	fn	1
#00BFFF	3	0	0	-2.52662158535874	-2.50930827993967	15 fn	4	fn	1
#00BFFF	3	0	0	-2.50930827993967	-2.49540807078698	16 fn	4	fn	1
#00BFFF	3	0	0	-2.49540807078698	-2.48261262953773	17 fn	4	fn	1
#00BFFF	3	0	0	-2.48261262953773	-2.47040257640679	18 fn	4	fn	1
#00BFFF	3	0	0	-2.47040257640679	-2.46326103820639	19 fn	4	fn	1
#00BFFF	3	0	0	-2.46326103820639	-2.46078307000063	20 fn	4	fn	1
#00BFFF	3	1	1	-2.46078307000063	-2.45871709842386	21 fn	4	fn	1
#00BFFF	3	1	1	-2.45871709842386	-2.45340475926054	22 fn	4	fn	1
#00BFFF	3	1	1	-2.45340475926054	-2.4403220724321	23 fn	4	fn	1
#00BFFF	3	1	1	-2.4403220724321	-2.19093202336509	24 fn	4	fn	1
#00BFFF	3	1	1	-2.19093202336509	-1.70975562988886	25 fn	4	fn	1
#00BFFF	3	1	1	-1.70975562988886	-1.30556678281946	26 fn	4	fn	1
#00BFFF	3	1	1	-1.30556678281946	-1.09932481093212	27 fn	4	fn	1
#00BFFF	3	1	1	-1.09932481093212	-1.0154227566525	28 fn	4	fn	1
#00BFFF	3	1	1	-1.0154227566525	-1.00135576037675	29 fn	4	fn	1
#00BFFF	3	1	1	-1.00135576037675	-0.989307006366561	30 fn	4	fn	1
#00BFFF	3	1	1	-0.989307006366561	-0.989134036202589	31 fn	4	fn	1
#00BFFF	3	1	1	-0.989134036202589	-0.988893231938196	32 fn	4	fn	1
#00BFFF	3	1	1	-0.988893231938196	-0.968263504582715	33 fn	4	fn	1
#00BFFF	3	1	1	-0.968263504582715	-0.899385467897039	34 fn	4	fn	1
#00BFFF	3	1	1	-0.899385467897039	-0.678987521191631	35 fn	4	fn	1
#00BFFF	3	1	1	-0.678987521191631	-0.408139872451828	36 fn	4	fn	1
#00BFFF	3	1	1	-0.408139872451828	-0.249624174041498	37 fn	4	fn	1
#00BFFF	3	1	1	-0.249624174041498	-0.0801910112768258	38 fn	4	fn	1
#00BFFF	3	1	1	-0.0801910112768258	0.115329151182443	39 fn	4	fn	1
#00BFFF	3	1	1	0.115329151182443	0.298544061873653	40 fn	4	fn	1
#00BFFF	3	1	1	0.298544061873653	0.460121155881064	41 fn	4	fn	1
#00BFFF	3	1	1	0.460121155881064	0.638045485540612	42 fn	4	fn	1
#00BFFF	3	1	1	0.638045485540612	0.822970604350525	43 fn	4	fn	1
#00BFFF	3	1	1	0.822970604350525	1.0127264501757	44 fn	4	fn	1
#00BFFF	3	1	1	1.0127264501757	1.21046541248413	45 fn	4	fn	1
#00BFFF	3	1	1	1.21046541248413	1.37891053583511	46 fn	4	fn	1
#00BFFF	3	1	1	1.37891053583511	1.54156862562895	47 fn	4	fn	1
#00BFFF	3	1	1	1.54156862562895	1.57578190167313	48 fn	4	fn	1
#00BFFF	3	2	2	1.57578190167313	1.57987566611961	49 fn	4	fn	1
#00BFFF	3	2	2	1.57987566611961	1.58225811468401	50 fn	4	fn	1
#00BFFF	3	2	2	1.58225811468401	1.64302098152048	51 fn	4	fn	1
#00BFFF	3	2	2	1.64302098152048	1.92288682248449	52 fn	4	fn	1
#00BFFF	3	2	2	1.92288682248449	3.08589939806206	53 fn	4	fn	1
#00BFFF	3	2	2	3.08589939806206	9.08500842897606	54 fn	4	fn	1
#00BFFF	3	0	0	-13.3670578848165	-7.34199737119048	1 fn	4.2	fn	1
#00BFFF	3	0	0	-7.34199737119048	-4.04345598753607	2 fn	4.2	fn	1
#00BFFF	3	0	0	-4.04345598753607	-3.15405687671473	3 fn	4.2	fn	1
#00BFFF	3	0	0	-3.15405687671473	-2.72922035597277	4 fn	4.2	fn	1
#00BFFF	3	0	0	-2.72922035597277	-2.62170980403531	5 fn	4.2	fn	1
#00BFFF	3	0	0	-2.62170980403531	-2.60450907956303	6 fn	4.2	fn	1
#00BFFF	3	0	0	-2.60450907956303	-2.59508053724272	7 fn	4.2	fn	1
#00BFFF	3	0	0	-2.59508053724272	-2.58985635874694	8 fn	4.2	fn	1
#00BFFF	3	0	0	-2.58985635874694	-2.58814741115137	9 fn	4.2	fn	1
#00BFFF	3	0	0	-2.58814741115137	-2.58675174735288	10 fn	4.2	fn	1
#00BFFF	3	0	0	-2.58675174735288	-2.57149816677717	11 fn	4.2	fn	1
#00BFFF	3	0	0	-2.57149816677717	-2.55110196946485	12 fn	4.2	fn	1
#00BFFF	3	0	0	-2.55110196946485	-2.53938963344197	13 fn	4.2	fn	1
#00BFFF	3	0	0	-2.53938963344197	-2.52662158535874	14 fn	4.2	fn	1
#00BFFF	3	0	0	-2.52662158535874	-2.50930827993967	15 fn	4.2	fn	1
#00BFFF	3	0	0	-2.50930827993967	-2.49540807078698	16 fn	4.2	fn	1
#00BFFF	3	0	0	-2.49540807078698	-2.48261262953773	17 fn	4.2	fn	1
#00BFFF	3	0	0	-2.48261262953773	-2.47040257640679	18 fn	4.2	fn	1
#00BFFF	3	0	0	-2.47040257640679	-2.46326103820639	19 fn	4.2	fn	1
#00BFFF	3	0	0	-2.46326103820639	-2.46078307000063	20 fn	4.2	fn	1
#00BFFF	3	1	1	-2.46078307000063	-2.45871709842386	21 fn	4.2	fn	1
#00BFFF	3	1	1	-2.45871709842386	-2.45340475926054	22 fn	4.2	fn	1
#00BFFF	3	1	1	-2.45340475926054	-2.4403220724321	23 fn	4.2	fn	1
#00BFFF	3	1	1	-2.4403220724321	-2.19093202336509	24 fn	4.2	fn	1
#00BFFF	3	1	1	-2.19093202336509	-1.70975562988886	25 fn	4.2	fn	1
#00BFFF	3	1	1	-1.70975562988886	-1.30556678281946	26 fn	4.2	fn	1
#00BFFF	3	1	1	-1.30556678281946	-1.09932481093212	27 fn	4.2	fn	1
#00BFFF	3	1	1	-1.09932481093212	-1.0154227566525	28 fn	4.2	fn	1
#00BFFF	3	1	1	-1.0154227566525	-1.00135576037675	29 fn	4.2	fn	1
#00BFFF	3	1	1	-1.00135576037675	-0.989307006366561	30 fn	4.2	fn	1
#00BFFF	3	1	1	-0.989307006366561	-0.989134036202589	31 fn	4.2	fn	1
#00BFFF	3	1	1	-0.989134036202589	-0.988893231938196	32 fn	4.2	fn	1
#00BFFF	3	1	1	-0.988893231938196	-0.968263504582715	33 fn	4.2	fn	1
#00BFFF	3	1	1	-0.968263504582715	-0.899385467897039	34 fn	4.2	fn	1
#00BFFF	3	1	1	-0.899385467897039	-0.678987521191631	35 fn	4.2	fn	1
#00BFFF	3	1	1	-0.678987521191631	-0.408139872451828	36 fn	4.2	fn	1
#00BFFF	3	1	1	-0.408139872451828	-0.249624174041498	37 fn	4.2	fn	1
#00BFFF	3	1	1	-0.249624174041498	-0.0801910112768258	38 fn	4.2	fn	1
#00BFFF	3	1	1	-0.0801910112768258	0.115329151182443	39 fn	4.2	fn	1
#00BFFF	3	1	1	0.115329151182443	0.298544061873653	40 fn	4.2	fn	1
#00BFFF	3	1	1	0.298544061873653	0.460121155881064	41 fn	4.2	fn	1
#00BFFF	3	1	1	0.460121155881064	0.638045485540612	42 fn	4.2	fn	1
#00BFFF	3	1	1	0.638045485540612	0.822970604350525	43 fn	4.2	fn	1
#00BFFF	3	1	1	0.822970604350525	1.0127264501757	44 fn	4.2	fn	1
#00BFFF	3	1	1	1.0127264501757	1.21046541248413	45 fn	4.2	fn	1
#00BFFF	3	1	1	1.21046541248413	1.37891053583511	46 fn	4.2	fn	1
#00BFFF	3	1	1	1.37891053583511	1.54156862562895	47 fn	4.2	fn	1
#00BFFF	3	1	1	1.54156862562895	1.57578190167313	48 fn	4.2	fn	1
#00BFFF	3	2	2	1.57578190167313	1.57987566611961	49 fn	4.2	fn	1
#00BFFF	3	2	2	1.57987566611961	1.58225811468401	50 fn	4.2	fn	1
#00BFFF	3	2	2	1.58225811468401	1.64302098152048	51 fn	4.2	fn	1
#00BFFF	3	2	2	1.64302098152048	1.92288682248449	52 fn	4.2	fn	1
#00BFFF	3	2	2	1.92288682248449	3.08589939806206	53 fn	4.2	fn	1
#00BFFF	3	2	2	3.08589939806206	9.08500842897606	54 fn	4.2	fn	1
#00BFFF	3	0	0	-13.3670578848165	-7.34199737119048	1 fn	4.4	fn	1
#00BFFF	3	0	0	-7.34199737119048	-4.04345598753607	2 fn	4.4	fn	1
#00BFFF	3	0	0	-4.04345598753607	-3.15405687671473	3 fn	4.4	fn	1
#00BFFF	3	0	0	-3.15405687671473	-2.72922035597277	4 fn	4.4	fn	1
#00BFFF	3	0	0	-2.72922035597277	-2.62170980403531	5 fn	4.4	fn	1
#00BFFF	3	0	0	-2.62170980403531	-2.60450907956303	6 fn	4.4	fn	1
#00BFFF	3	0	0	-2.60450907956303	-2.59508053724272	7 fn	4.4	fn	1
#00BFFF	3	0	0	-2.59508053724272	-2.58985635874694	8 fn	4.4	fn	1
#00BFFF	3	0	0	-2.58985635874694	-2.58814741115137	9 fn	4.4	fn	1
#00BFFF	3	0	0	-2.58814741115137	-2.58675174735288	10 fn	4.4	fn	1
#00BFFF	3	0	0	-2.58675174735288	-2.57149816677717	11 fn	4.4	fn	1
#00BFFF	3	0	0	-2.57149816677717	-2.55110196946485	12 fn	4.4	fn	1
#00BFFF	3	0	0	-2.55110196946485	-2.53938963344197	13 fn	4.4	fn	1
#00BFFF	3	0	0	-2.53938963344197	-2.52662158535874	14 fn	4.4	fn	1
#00BFFF	3	0	0	-2.52662158535874	-2.50930827993967	15 fn	4.4	fn	1
#00BFFF	3	0	0	-2.50930827993967	-2.49540807078698	16 fn	4.4	fn	1
#00BFFF	3	0	0	-2.49540807078698	-2.48261262953773	17 fn	4.4	fn	1
#00BFFF	3	0	0	-2.48261262953773	-2.47040257640679	18 fn	4.4	fn	1
#00BFFF	3	0	0	-2.47040257640679	-2.46326103820639	19 fn	4.4	fn	1
#00BFFF	3	0	0	-2.46326103820639	-2.46078307000063	20 fn	4.4	fn	1
#00BFFF	3	1	1	-2.46078307000063	-2.45871709842386	21 fn	4.4	fn	1
#00BFFF	3	1	1	-2.45871709842386	-2.45340475926054	22 fn	4.4	fn	1
#00BFFF	3	1	1	-2.45340475926054	-2.4403220724321	23 fn	4.4	fn	1
#00BFFF	3	1	1	-2.4403220724321	-2.19093202336509	24 fn	4.4	fn	1
#00BFFF	3	1	1	-2.19093202336509	-1.70975562988886	25 fn	4.4	fn	1
#00BFFF	3	1	1	-1.70975562988886	-1.30556678281946	26 fn	4.4	fn	1
#00BFFF	3	1	1	-1.30556678281946	-1.09932481093212	27 fn	4.4	fn	1
#00BFFF	3	1	1	-1.09932481093212	-1.0154227566525	28 fn	4.4	fn	1
#00BFFF	3	1	1	-1.0154227566525	-1.00135576037675	29 fn	4.4	fn	1
#00BFFF	3	1	1	-1.00135576037675	-0.989307006366561	30 fn	4.4	fn	1
#00BFFF	3	1	1	-0.989307006366561	-0.989134036202589	31 fn	4.4	fn	1
#00BFFF	3	1	1	-0.989134036202589	-0.988893231938196	32 fn	4.4	fn	1
#00BFFF	3	1	1	-0.988893231938196	-0.968263504582715	33 fn	4.4	fn	1
#00BFFF	3	1	1	-0.968263504582715	-0.899385467897039	34 fn	4.4	fn	1
#00BFFF	3	1	1	-0.899385467897039	-0.678987521191631	35 fn	4.4	fn	1
#00BFFF	3	1	1	-0.678987521191631	-0.408139872451828	36 fn	4.4	fn	1
#00BFFF	3	1	1	-0.408139872451828	-0.249624174041498	37 fn	4.4	fn	1
#00BFFF	3	1	1	-0.249624174041498	-0.0801910112768258	38 fn	4.4	fn	1
#00BFFF	3	1	1	-0.0801910112768258	0.115329151182443	39 fn	4.4	fn	1
#00BFFF	3	1	1	0.115329151182443	0.298544061873653	40 fn	4.4	fn	1
#00BFFF	3	1	1	0.298544061873653	0.460121155881064	41 fn	4.4	fn	1
#00BFFF	3	1	1	0.460121155881064	0.638045485540612	42 fn	4.4	fn	1
#00BFFF	3	1	1	0.638045485540612	0.822970604350525	43 fn	4.4	fn	1
#00BFFF	3	1	1	0.822970604350525	1.0127264501757	44 fn	4.4	fn	1
#00BFFF	3	1	1	1.0127264501757	1.21046541248413	45 fn	4.4	fn	1
#00BFFF	3	1	1	1.21046541248413	1.37891053583511	46 fn	4.4	fn	1
#00BFFF	3	1	1	1.37891053583511	1.54156862562895	47 fn	4.4	fn	1
#00BFFF	3	1	1	1.54156862562895	1.57578190167313	48 fn	4.4	fn	1
#00BFFF	3	2	2	1.57578190167313	1.57987566611961	49 fn	4.4	fn	1
#00BFFF	3	2	2	1.57987566611961	1.58225811468401	50 fn	4.4	fn	1
#00BFFF	3	2	2	1.58225811468401	1.64302098152048	51 fn	4.4	fn	1
#00BFFF	3	2	2	1.64302098152048	1.92288682248449	52 fn	4.4	fn	1
#00BFFF	3	2	2	1.92288682248449	3.08589939806206	53 fn	4.4	fn	1
#00BFFF	3	2	2	3.08589939806206	9.08500842897606	54 fn	4.4	fn	1
#00BFFF	3	0	0	-13.3670578848165	-7.34199737119048	1 fn	4.6	fn	1
#00BFFF	3	0	0	-7.34199737119048	-4.04345598753607	2 fn	4.6	fn	1
#00BFFF	3	0	0	-4.04345598753607	-3.15405687671473	3 fn	4.6	fn	1
#00BFFF	3	0	0	-3.15405687671473	-2.72922035597277	4 fn	4.6	fn	1
#00BFFF	3	0	0	-2.72922035597277	-2.62170980403531	5 fn	4.6	fn	1
#00BFFF	3	0	0	-2.62170980403531	-2.60450907956303	6 fn	4.6	fn	1
#00BFFF	3	0	0	-2.60450907956303	-2.59508053724272	7 fn	4.6	fn	1
#00BFFF	3	0	0	-2.59508053724272	-2.58985635874694	8 fn	4.6	fn	1
#00BFFF	3	0	0	-2.58985635874694	-2.58814741115137	9 fn	4.6	fn	1
#00BFFF	3	0	0	-2.58814741115137	-2.58675174735288	10 fn	4.6	fn	1
#00BFFF	3	0	0	-2.58675174735288	-2.57149816677717	11 fn	4.6	fn	1
#00BFFF	3	0	0	-2.57149816677717	-2.55110196946485	12 fn	4.6	fn	1
#00BFFF	3	0	0	-2.55110196946485	-2.53938963344197	13 fn	4.6	fn	1
#00BFFF	3	0	0	-2.53938963344197	-2.52662158535874	14 fn	4.6	fn	1
#00BFFF	3	0	0	-2.52662158535874	-2.50930827993967	15 fn	4.6	fn	1
#00BFFF	3	0	0	-2.50930827993967	-2.49540807078698	16 fn	4.6	fn	1
#00BFFF	3	0	0	-2.49540807078698	-2.48261262953773	17 fn	4.6	fn	1
#00BFFF	3	0	0	-2.48261262953773	-2.47040257640679	18 fn	4.6	fn	1
#00BFFF	3	0	0	-2.47040257640679	-2.46326103820639	19 fn	4.6	fn	1
#00BFFF	3	0	0	-2.46326103820639	-2.46078307000063	20 fn	4.6	fn	1
#00BFFF	3	1	1	-2.46078307000063	-2.45871709842386	21 fn	4.6	fn	1
#00BFFF	3	1	1	-2.45871709842386	-2.45340475926054	22 fn	4.6	fn	1
#00BFFF	3	1	1	-2.45340475926054	-2.4403220724321	23 fn	4.6	fn	1
#00BFFF	3	1	1	-2.4403220724321	-2.19093202336509	24 fn	4.6	fn	1
#00BFFF	3	1	1	-2.19093202336509	-1.70975562988886	25 fn	4.6	fn	1
#00BFFF	3	1	1	-1.70975562988886	-1.30556678281946	26 fn	4.6	fn	1
#00BFFF	3	1	1	-1.30556678281946	-1.09932481093212	27 fn	4.6	fn	1
#00BFFF	3	1	1	-1.09932481093212	-1.0154227566525	28 fn	4.6	fn	1
#00BFFF	3	1	1	-1.0154227566525	-1.00135576037675	29 fn	4.6	fn	1
#00BFFF	3	1	1	-1.00135576037675	-0.989307006366561	30 fn	4.6	fn	1
#00BFFF	3	1	1	-0.989307006366561	-0.989134036202589	31 fn	4.6	fn	1
#00BFFF	3	1	1	-0.989134036202589	-0.988893231938196	32 fn	4.6	fn	1
#00BFFF	3	1	1	-0.988893231938196	-0.968263504582715	33 fn	4.6	fn	1
#00BFFF	3	1	1	-0.968263504582715	-0.899385467897039	34 fn	4.6	fn	1
#00BFFF	3	1	1	-0.899385467897039	-0.678987521191631	35 fn	4.6	fn	1
#00BFFF	3	1	1	-0.678987521191631	-0.408139872451828	36 fn	4.6	fn	1
#00BFFF	3	1	1	-0.408139872451828	-0.249624174041498	37 fn	4.6	fn	1
#00BFFF	3	1	1	-0.249624174041498	-0.0801910112768258	38 fn	4.6	fn	1
#00BFFF	3	1	1	-0.0801910112768258	0.115329151182443	39 fn	4.6	fn	1
#00BFFF	3	1	1	0.115329151182443	0.298544061873653	40 fn	4.6	fn	1
#00BFFF	3	1	1	0.298544061873653	0.460121155881064	41 fn	4.6	fn	1
#00BFFF	3	1	1	0.460121155881064	0.638045485540612	42 fn	4.6	fn	1
#00BFFF	3	1	1	0.638045485540612	0.822970604350525	43 fn	4.6	fn	1
#00BFFF	3	1	1	0.822970604350525	1.0127264501757	44 fn	4.6	fn	1
#00BFFF	3	1	1	1.0127264501757	1.21046541248413	45 fn	4.6	fn	1
#00BFFF	3	1	1	1.21046541248413	1.37891053583511	46 fn	4.6	fn	1
#00BFFF	3	1	1	1.37891053583511	1.54156862562895	47 fn	4.6	fn	1
#00BFFF	3	1	1	1.54156862562895	1.57578190167313	48 fn	4.6	fn	1
#00BFFF	3	2	2	1.57578190167313	1.57987566611961	49 fn	4.6	fn	1
#00BFFF	3	2	2	1.57987566611961	1.58225811468401	50 fn	4.6	fn	1
#00BFFF	3	2	2	1.58225811468401	1.64302098152048	51 fn	4.6	fn	1
#00BFFF	3	2	2	1.64302098152048	1.92288682248449	52 fn	4.6	fn	1
#00BFFF	3	2	2	1.92288682248449	3.08589939806206	53 fn	4.6	fn	1
#00BFFF	3	2	2	3.08589939806206	9.08500842897606	54 fn	4.6	fn	1
#00BFFF	3	0	0	-13.3670578848165	-7.34199737119048	1 fn	4.8	fn	1
#00BFFF	3	0	0	-7.34199737119048	-4.04345598753607	2 fn	4.8	fn	1
#00BFFF	3	0	0	-4.04345598753607	-3.15405687671473	3 fn	4.8	fn	1
#00BFFF	3	0	0	-3.15405687671473	-2.72922035597277	4 fn	4.8	fn	1
#00BFFF	3	0	0	-2.72922035597277	-2.62170980403531	5 fn	4.8	fn	1
#00BFFF	3	0	0	-2.62170980403531	-2.60450907956303	6 fn	4.8	fn	1
#00BFFF	3	0	0	-2.60450907956303	-2.59508053724272	7 fn	4.8	fn	1
#00BFFF	3	0	0	-2.59508053724272	-2.58985635874694	8 fn	4.8	fn	1
#00BFFF	3	0	0	-2.58985635874694	-2.58814741115137	9 fn	4.8	fn	1
#00BFFF	3	0	0	-2.58814741115137	-2.58675174735288	10 fn	4.8	fn	1
#00BFFF	3	0	0	-2.58675174735288	-2.57149816677717	11 fn	4.8	fn	1
#00BFFF	3	0	0	-2.57149816677717	-2.55110196946485	12 fn	4.8	fn	1
#00BFFF	3	0	0	-2.55110196946485	-2.53938963344197	13 fn	4.8	fn	1
#00BFFF	3	0	0	-2.53938963344197	-2.52662158535874	14 fn	4.8	fn	1
#00BFFF	3	0	0	-2.52662158535874	-2.50930827993967	15 fn	4.8	fn	1
#00BFFF	3	0	0	-2.50930827993967	-2.49540807078698	16 fn	4.8	fn	1
#00BFFF	3	0	0	-2.49540807078698	-2.48261262953773	17 fn	4.8	fn	1
#00BFFF	3	0	0	-2.48261262953773	-2.47040257640679	18 fn	4.8	fn	1
#00BFFF	3	0	0	-2.47040257640679	-2.46326103820639	19 fn	4.8	fn	1
#00BFFF	3	0	0	-2.46326103820639	-2.46078307000063	20 fn	4.8	fn	1
#00BFFF	3	1	1	-2.46078307000063	-2.45871709842386	21 fn	4.8	fn	1
#00BFFF	3	1	1	-2.45871709842386	-2.45340475926054	22 fn	4.8	fn	1
#00BFFF	3	1	1	-2.45340475926054	-2.4403220724321	23 fn	4.8	fn	1
#00BFFF	3	1	1	-2.4403220724321	-2.19093202336509	24 fn	4.8	fn	1
#00BFFF	3	1	1	-2.19093202336509	-1.70975562988886	25 fn	4.8	fn	1
#00BFFF	3	1	1	-1.70975562988886	-1.30556678281946	26 fn	4.8	fn	1
#00BFFF	3	1	1	-1.30556678281946	-1.09932481093212	27 fn	4.8	fn	1
#00BFFF	3	1	1	-1.09932481093212	-1.0154227566525	28 fn	4.8	fn	1
#00BFFF	3	1	1	-1.0154227566525	-1.00135576037675	29 fn	4.8	fn	1
#00BFFF	3	1	1	-1.00135576037675	-0.989307006366561	30 fn	4.8	fn	1
#00BFFF	3	1	1	-0.989307006366561	-0.989134036202589	31 fn	4.8	fn	1
#00BFFF	3	1	1	-0.989134036202589	-0.988893231938196	32 fn	4.8	fn	1
#00BFFF	3	1	1	-0.988893231938196	-0.968263504582715	33 fn	4.8	fn	1
#00BFFF	3	1	1	-0.968263504582715	-0.899385467897039	34 fn	4.8	fn	1
#00BFFF	3	1	1	-0.899385467897039	-0.678987521191631	35 fn	4.8	fn	1
#00BFFF	3	1	1	-0.678987521191631	-0.408139872451828	36 fn	4.8	fn	1
#00BFFF	3	1	1	-0.408139872451828	-0.249624174041498	37 fn	4.8	fn	1
#00BFFF	3	1	1	-0.249624174041498	-0.0801910112768258	38 fn	4.8	fn	1
#00BFFF	3	1	1	-0.0801910112768258	0.115329151182443	39 fn	4.8	fn	1
#00BFFF	3	1	1	0.115329151182443	0.298544061873653	40 fn	4.8	fn	1
#00BFFF	3	1	1	0.298544061873653	0.460121155881064	41 fn	4.8	fn	1
#00BFFF	3	1	1	0.460121155881064	0.638045485540612	42 fn	4.8	fn	1
#00BFFF	3	1	1	0.638045485540612	0.822970604350525	43 fn	4.8	fn	1
#00BFFF	3	1	1	0.822970604350525	1.0127264501757	44 fn	4.8	fn	1
#00BFFF	3	1	1	1.0127264501757	1.21046541248413	45 fn	4.8	fn	1
#00BFFF	3	1	1	1.21046541248413	1.37891053583511	46 fn	4.8	fn	1
#00BFFF	3	1	1	1.37891053583511	1.54156862562895	47 fn	4.8	fn	1
#00BFFF	3	1	1	1.54156862562895	1.57578190167313	48 fn	4.8	fn	1
#00BFFF	3	2	2	1.57578190167313	1.57987566611961	49 fn	4.8	fn	1
#00BFFF	3	2	2	1.57987566611961	1.58225811468401	50 fn	4.8	fn	1
#00BFFF	3	2	2	1.58225811468401	1.64302098152048	51 fn	4.8	fn	1
#00BFFF	3	2	2	1.64302098152048	1.92288682248449	52 fn	4.8	fn	1
#00BFFF	3	2	2	1.92288682248449	3.08589939806206	53 fn	4.8	fn	1
#00BFFF	3	2	2	3.08589939806206	9.08500842897606	54 fn	4.8	fn	1
#00BFFF	3	0	0	-13.3670578848165	-7.34199737119048	1 fn	5	fn	1
#00BFFF	3	0	0	-7.34199737119048	-4.04345598753607	2 fn	5	fn	1
#00BFFF	3	0	0	-4.04345598753607	-3.15405687671473	3 fn	5	fn	1
#00BFFF	3	0	0	-3.15405687671473	-2.72922035597277	4 fn	5	fn	1
#00BFFF	3	0	0	-2.72922035597277	-2.62170980403531	5 fn	5	fn	1
#00BFFF	3	0	0	-2.62170980403531	-2.60450907956303	6 fn	5	fn	1
#00BFFF	3	0	0	-2.60450907956303	-2.59508053724272	7 fn	5	fn	1
#00BFFF	3	0	0	-2.59508053724272	-2.58985635874694	8 fn	5	fn	1
#00BFFF	3	0	0	-2.58985635874694	-2.58814741115137	9 fn	5	fn	1
#00BFFF	3	0	0	-2.58814741115137	-2.58675174735288	10 fn	5	fn	1
#00BFFF	3	0	0	-2.58675174735288	-2.57149816677717	11 fn	5	fn	1
#00BFFF	3	0	0	-2.57149816677717	-2.55110196946485	12 fn	5	fn	1
#00BFFF	3	0	0	-2.55110196946485	-2.53938963344197	13 fn	5	fn	1
#00BFFF	3	0	0	-2.53938963344197	-2.52662158535874	14 fn	5	fn	1
#00BFFF	3	0	0	-2.52662158535874	-2.50930827993967	15 fn	5	fn	1
#00BFFF	3	0	0	-2.50930827993967	-2.49540807078698	16 fn	5	fn	1
#00BFFF	3	0	0	-2.49540807078698	-2.48261262953773	17 fn	5	fn	1
#00BFFF	3	0	0	-2.48261262953773	-2.47040257640679	18 fn	5	fn	1
#00BFFF	3	0	0	-2.47040257640679	-2.46326103820639	19 fn	5	fn	1
#00BFFF	3	0	0	-2.46326103820639	-2.46078307000063	20 fn	5	fn	1
#00BFFF	3	1	1	-2.46078307000063	-2.45871709842386	21 fn	5	fn	1
#00BFFF	3	1	1	-2.45871709842386	-2.45340475926054	22 fn	5	fn	1
#00BFFF	3	1	1	-2.45340475926054	-2.4403220724321	23 fn	5	fn	1
#00BFFF	3	1	1	-2.4403220724321	-2.19093202336509	24 fn	5	fn	1
#00BFFF	3	1	1	-2.19093202336509	-1.70975562988886	25 fn	5	fn	1
#00BFFF	3	1	1	-1.70975562988886	-1.30556678281946	26 fn	5	fn	1
#00BFFF	3	1	1	-1.30556678281946	-1.09932481093212	27 fn	5	fn	1
#00BFFF	3	1	1	-1.09932481093212	-1.0154227566525	28 fn	5	fn	1
#00BFFF	3	1	1	-1.0154227566525	-1.00135576037675	29 fn	5	fn	1
#00BFFF	3	1	1	-1.00135576037675	-0.989307006366561	30 fn	5	fn	1
#00BFFF	3	1	1	-0.989307006366561	-0.989134036202589	31 fn	5	fn	1
#00BFFF	3	1	1	-0.989134036202589	-0.988893231938196	32 fn	5	fn	1
#00BFFF	3	1	1	-0.988893231938196	-0.968263504582715	33 fn	5	fn	1
#00BFFF	3	1	1	-0.968263504582715	-0.899385467897039	34 fn	5	fn	1
#00BFFF	3	1	1	-0.899385467897039	-0.678987521191631	35 fn	5	fn	1
#00BFFF	3	1	1	-0.678987521191631	-0.408139872451828	36 fn	5	fn	1
#00BFFF	3	1	1	-0.408139872451828	-0.249624174041498	37 fn	5	fn	1
#00BFFF	3	1	1	-0.249624174041498	-0.0801910112768258	38 fn	5	fn	1
#00BFFF	3	1	1	-0.0801910112768258	0.115329151182443	39 fn	5	fn	1
#00BFFF	3	1	1	0.115329151182443	0.298544061873653	40 fn	5	fn	1
#00BFFF	3	1	1	0.298544061873653	0.460121155881064	41 fn	5	fn	1
#00BFFF	3	1	1	0.460121155881064	0.638045485540612	42 fn	5	fn	1
#00BFFF	3	1	1	0.638045485540612	0.822970604350525	43 fn	5	fn	1
#00BFFF	3	1	1	0.822970604350525	1.0127264501757	44 fn	5	fn	1
#00BFFF	3	1	1	1.0127264501757	1.21046541248413	45 fn	5	fn	1
#00BFFF	3	1	1	1.21046541248413	1.37891053583511	46 fn	5	fn	1
#00BFFF	3	1	1	1.37891053583511	1.54156862562895	47 fn	5	fn	1
#00BFFF	3	1	1	1.54156862562895	1.57578190167313	48 fn	5	fn	1
#00BFFF	3	2	2	1.57578190167313	1.57987566611961	49 fn	5	fn	1
#00BFFF	3	2	2	1.57987566611961	1.58225811468401	50 fn	5	fn	1
#00BFFF	3	2	2	1.58225811468401	1.64302098152048	51 fn	5	fn	1
#00BFFF	3	2	2	1.64302098152048	1.92288682248449	52 fn	5	fn	1
#00BFFF	3	2	2	1.92288682248449	3.08589939806206	53 fn	5	fn	1
#00BFFF	3	2	2	3.08589939806206	9.08500842897606	54 fn	5	fn	1
#FF0000	5	6	6	-13.3670578848165	-2.34650941600775	55 fp	-5	fp	2
#FF0000	5	6	6	-2.34650941600775	0.963991957796087	56 fp	-5	fp	2
#FF0000	5	5	5	0.963991957796087	1.86192593484417	57 fp	-5	fp	2
#FF0000	5	2	2	1.86192593484417	2.31249443380965	58 fp	-5	fp	2
#FF0000	5	2	2	2.31249443380965	2.47950135311587	59 fp	-5	fp	2
#FF0000	5	2	2	2.47950135311587	2.54327025109339	60 fp	-5	fp	2
#FF0000	5	2	2	2.54327025109339	2.55026420402084	61 fp	-5	fp	2
#FF0000	5	2	2	2.55026420402084	2.55469240494628	62 fp	-5	fp	2
#FF0000	5	1	1	2.55469240494628	2.56001464896591	63 fp	-5	fp	2
#FF0000	5	1	1	2.56001464896591	2.57617959772259	64 fp	-5	fp	2
#FF0000	5	1	1	2.57617959772259	2.63076679026075	65 fp	-5	fp	2
#FF0000	5	1	1	2.63076679026075	2.69012720125425	66 fp	-5	fp	2
#FF0000	5	1	1	2.69012720125425	2.75749814993145	67 fp	-5	fp	2
#FF0000	5	1	1	2.75749814993145	2.82981943920305	68 fp	-5	fp	2
#FF0000	5	1	1	2.82981943920305	2.90006974110616	69 fp	-5	fp	2
#FF0000	5	1	1	2.90006974110616	2.96562201510089	70 fp	-5	fp	2
#FF0000	5	1	1	2.96562201510089	3.03677529751286	71 fp	-5	fp	2
#FF0000	5	1	1	3.03677529751286	3.12096393508501	72 fp	-5	fp	2
#FF0000	5	1	1	3.12096393508501	3.19846034699103	73 fp	-5	fp	2
#FF0000	5	1	1	3.19846034699103	3.24930595921072	74 fp	-5	fp	2
#FF0000	5	1	1	3.24930595921072	3.27157612621951	75 fp	-5	fp	2
#FF0000	5	1	1	3.27157612621951	3.2842889586676	76 fp	-5	fp	2
#FF0000	5	1	1	3.2842889586676	3.29078088456438	77 fp	-5	fp	2
#FF0000	5	1	1	3.29078088456438	3.29655315691206	78 fp	-5	fp	2
#FF0000	5	1	1	3.29655315691206	3.33007767172138	79 fp	-5	fp	2
#FF0000	5	1	1	3.33007767172138	3.43699714183	80 fp	-5	fp	2
#FF0000	5	1	1	3.43699714183	3.64624236616762	81 fp	-5	fp	2
#FF0000	5	1	1	3.64624236616762	4.10975792954182	82 fp	-5	fp	2
#FF0000	5	1	1	4.10975792954182	4.52471583652272	83 fp	-5	fp	2
#FF0000	5	1	1	4.52471583652272	4.60911707742701	84 fp	-5	fp	2
#FF0000	5	0	0	4.60911707742701	4.61134473755411	85 fp	-5	fp	2
#FF0000	5	0	0	4.61134473755411	4.61670036254483	86 fp	-5	fp	2
#FF0000	5	0	0	4.61670036254483	4.63574346999361	87 fp	-5	fp	2
#FF0000	5	0	0	4.63574346999361	4.67202167482109	88 fp	-5	fp	2
#FF0000	5	0	0	4.67202167482109	4.73013185266439	89 fp	-5	fp	2
#FF0000	5	0	0	4.73013185266439	4.86424023788386	90 fp	-5	fp	2
#FF0000	5	0	0	4.86424023788386	5.01677404945841	91 fp	-5	fp	2
#FF0000	5	0	0	5.01677404945841	5.18733141115971	92 fp	-5	fp	2
#FF0000	5	0	0	5.18733141115971	5.34303290928695	93 fp	-5	fp	2
#FF0000	5	0	0	5.34303290928695	5.4030713346928	94 fp	-5	fp	2
#FF0000	5	0	0	5.4030713346928	5.57914964432613	95 fp	-5	fp	2
#FF0000	5	0	0	5.57914964432613	5.6999156181828	96 fp	-5	fp	2
#FF0000	5	0	0	5.6999156181828	5.85544167141667	97 fp	-5	fp	2
#FF0000	5	0	0	5.85544167141667	5.98069438727239	98 fp	-5	fp	2
#FF0000	5	0	0	5.98069438727239	6.09154915755908	99 fp	-5	fp	2
#FF0000	5	0	0	6.09154915755908	6.19359937511402	100 fp	-5	fp	2
#FF0000	5	0	0	6.19359937511402	6.26932352912579	101 fp	-5	fp	2
#FF0000	5	0	0	6.26932352912579	6.29218502728824	102 fp	-5	fp	2
#FF0000	5	0	0	6.29218502728824	6.29493403729749	103 fp	-5	fp	2
#FF0000	5	0	0	6.29493403729749	6.29842198680348	104 fp	-5	fp	2
#FF0000	5	0	0	6.29842198680348	6.33343418671039	105 fp	-5	fp	2
#FF0000	5	0	0	6.33343418671039	6.42633655843005	106 fp	-5	fp	2
#FF0000	5	0	0	6.42633655843005	6.82835586004406	107 fp	-5	fp	2
#FF0000	5	0	0	6.82835586004406	8.06445996016731	108 fp	-5	fp	2
#FF0000	5	0	0	8.06445996016731	9.08500842897606	109 fp	-5	fp	2
#FF0000	5	6	6	-13.3670578848165	-2.54650941600775	55 fp	-4.8	fp	2
#FF0000	5	6	6	-2.54650941600775	0.763991957796087	56 fp	-4.8	fp	2
#FF0000	5	5	5	0.763991957796087	1.66192593484417	57 fp	-4.8	fp	2
#FF0000	5	2	2	1.66192593484417	2.11249443380965	58 fp	-4.8	fp	2
#FF0000	5	2	2	2.11249443380965	2.27950135311587	59 fp	-4.8	fp	2
#FF0000	5	2	2	2.27950135311587	2.34327025109338	60 fp	-4.8	fp	2
#FF0000	5	2	2	2.34327025109338	2.35026420402084	61 fp	-4.8	fp	2
#FF0000	5	2	2	2.35026420402084	2.35469240494628	62 fp	-4.8	fp	2
#FF0000	5	1	1	2.35469240494628	2.36001464896591	63 fp	-4.8	fp	2
#FF0000	5	1	1	2.36001464896591	2.37617959772259	64 fp	-4.8	fp	2
#FF0000	5	1	1	2.37617959772259	2.43076679026075	65 fp	-4.8	fp	2
#FF0000	5	1	1	2.43076679026075	2.49012720125425	66 fp	-4.8	fp	2
#FF0000	5	1	1	2.49012720125425	2.55749814993145	67 fp	-4.8	fp	2
#FF0000	5	1	1	2.55749814993145	2.62981943920305	68 fp	-4.8	fp	2
#FF0000	5	1	1	2.62981943920305	2.70006974110616	69 fp	-4.8	fp	2
#FF0000	5	1	1	2.70006974110616	2.76562201510089	70 fp	-4.8	fp	2
#FF0000	5	1	1	2.76562201510089	2.83677529751286	71 fp	-4.8	fp	2
#FF0000	5	1	1	2.83677529751286	2.92096393508501	72 fp	-4.8	fp	2
#FF0000	5	1	1	2.92096393508501	2.99846034699103	73 fp	-4.8	fp	2
#FF0000	5	1	1	2.99846034699103	3.04930595921072	74 fp	-4.8	fp	2
#FF0000	5	1	1	3.04930595921072	3.07157612621951	75 fp	-4.8	fp	2
#FF0000	5	1	1	3.07157612621951	3.0842889586676	76 fp	-4.8	fp	2
#FF0000	5	1	1	3.0842889586676	3.09078088456438	77 fp	-4.8	fp	2
#FF0000	5	1	1	3.09078088456438	3.09655315691206	78 fp	-4.8	fp	2
#FF0000	5	1	1	3.09655315691206	3.13007767172138	79 fp	-4.8	fp	2
#FF0000	5	1	1	3.13007767172138	3.23699714183	80 fp	-4.8	fp	2
#FF0000	5	1	1	3.23699714183	3.44624236616762	81 fp	-4.8	fp	2
#FF0000	5	1	1	3.44624236616762	3.90975792954182	82 fp	-4.8	fp	2
#FF0000	5	1	1	3.90975792954182	4.32471583652272	83 fp	-4.8	fp	2
#FF0000	5	1	1	4.32471583652272	4.409117077427	84 fp	-4.8	fp	2
#FF0000	5	0	0	4.409117077427	4.41134473755411	85 fp	-4.8	fp	2
#FF0000	5	0	0	4.41134473755411	4.41670036254483	86 fp	-4.8	fp	2
#FF0000	5	0	0	4.41670036254483	4.43574346999361	87 fp	-4.8	fp	2
#FF0000	5	0	0	4.43574346999361	4.47202167482109	88 fp	-4.8	fp	2
#FF0000	5	0	0	4.47202167482109	4.53013185266439	89 fp	-4.8	fp	2
#FF0000	5	0	0	4.53013185266439	4.66424023788386	90 fp	-4.8	fp	2
#FF0000	5	0	0	4.66424023788386	4.81677404945841	91 fp	-4.8	fp	2
#FF0000	5	0	0	4.81677404945841	4.98733141115971	92 fp	-4.8	fp	2
#FF0000	5	0	0	4.98733141115971	5.14303290928695	93 fp	-4.8	fp	2
#FF0000	5	0	0	5.14303290928695	5.2030713346928	94 fp	-4.8	fp	2
#FF0000	5	0	0	5.2030713346928	5.37914964432613	95 fp	-4.8	fp	2
#FF0000	5	0	0	5.37914964432613	5.4999156181828	96 fp	-4.8	fp	2
#FF0000	5	0	0	5.4999156181828	5.65544167141667	97 fp	-4.8	fp	2
#FF0000	5	0	0	5.65544167141667	5.78069438727239	98 fp	-4.8	fp	2
#FF0000	5	0	0	5.78069438727239	5.89154915755908	99 fp	-4.8	fp	2
#FF0000	5	0	0	5.89154915755908	5.99359937511402	100 fp	-4.8	fp	2
#FF0000	5	0	0	5.99359937511402	6.06932352912579	101 fp	-4.8	fp	2
#FF0000	5	0	0	6.06932352912579	6.09218502728824	102 fp	-4.8	fp	2
#FF0000	5	0	0	6.09218502728824	6.09493403729749	103 fp	-4.8	fp	2
#FF0000	5	0	0	6.09493403729749	6.09842198680348	104 fp	-4.8	fp	2
#FF0000	5	0	0	6.09842198680348	6.13343418671039	105 fp	-4.8	fp	2
#FF0000	5	0	0	6.13343418671039	6.22633655843005	106 fp	-4.8	fp	2
#FF0000	5	0	0	6.22633655843005	6.62835586004406	107 fp	-4.8	fp	2
#FF0000	5	0	0	6.62835586004406	7.86445996016731	108 fp	-4.8	fp	2
#FF0000	5	0	0	7.86445996016731	9.08500842897606	109 fp	-4.8	fp	2
#FF0000	5	6	6	-13.3670578848165	-2.74650941600775	55 fp	-4.6	fp	2
#FF0000	5	6	6	-2.74650941600775	0.563991957796087	56 fp	-4.6	fp	2
#FF0000	5	5	5	0.563991957796087	1.46192593484417	57 fp	-4.6	fp	2
#FF0000	5	2	2	1.46192593484417	1.91249443380965	58 fp	-4.6	fp	2
#FF0000	5	2	2	1.91249443380965	2.07950135311587	59 fp	-4.6	fp	2
#FF0000	5	2	2	2.07950135311587	2.14327025109338	60 fp	-4.6	fp	2
#FF0000	5	2	2	2.14327025109338	2.15026420402084	61 fp	-4.6	fp	2
#FF0000	5	2	2	2.15026420402084	2.15469240494628	62 fp	-4.6	fp	2
#FF0000	5	1	1	2.15469240494628	2.16001464896591	63 fp	-4.6	fp	2
#FF0000	5	1	1	2.16001464896591	2.17617959772259	64 fp	-4.6	fp	2
#FF0000	5	1	1	2.17617959772259	2.23076679026075	65 fp	-4.6	fp	2
#FF0000	5	1	1	2.23076679026075	2.29012720125425	66 fp	-4.6	fp	2
#FF0000	5	1	1	2.29012720125425	2.35749814993145	67 fp	-4.6	fp	2
#FF0000	5	1	1	2.35749814993145	2.42981943920305	68 fp	-4.6	fp	2
#FF0000	5	1	1	2.42981943920305	2.50006974110616	69 fp	-4.6	fp	2
#FF0000	5	1	1	2.50006974110616	2.56562201510089	70 fp	-4.6	fp	2
#FF0000	5	1	1	2.56562201510089	2.63677529751286	71 fp	-4.6	fp	2
#FF0000	5	1	1	2.63677529751286	2.72096393508501	72 fp	-4.6	fp	2
#FF0000	5	1	1	2.72096393508501	2.79846034699102	73 fp	-4.6	fp	2
#FF0000	5	1	1	2.79846034699102	2.84930595921072	74 fp	-4.6	fp	2
#FF0000	5	1	1	2.84930595921072	2.87157612621951	75 fp	-4.6	fp	2
#FF0000	5	1	1	2.87157612621951	2.8842889586676	76 fp	-4.6	fp	2
#FF0000	5	1	1	2.8842889586676	2.89078088456438	77 fp	-4.6	fp	2
#FF0000	5	1	1	2.89078088456438	2.89655315691206	78 fp	-4.6	fp	2
#FF0000	5	1	1	2.89655315691206	2.93007767172138	79 fp	-4.6	fp	2
#FF0000	5	1	1	2.93007767172138	3.03699714183	80 fp	-4.6	fp	2
#FF0000	5	1	1	3.03699714183	3.24624236616762	81 fp	-4.6	fp	2
#FF0000	5	1	1	3.24624236616762	3.70975792954182	82 fp	-4.6	fp	2
#FF0000	5	1	1	3.70975792954182	4.12471583652272	83 fp	-4.6	fp	2
#FF0000	5	1	1	4.12471583652272	4.209117077427	84 fp	-4.6	fp	2
#FF0000	5	0	0	4.209117077427	4.21134473755411	85 fp	-4.6	fp	2
#FF0000	5	0	0	4.21134473755411	4.21670036254483	86 fp	-4.6	fp	2
#FF0000	5	0	0	4.21670036254483	4.23574346999361	87 fp	-4.6	fp	2
#FF0000	5	0	0	4.23574346999361	4.27202167482109	88 fp	-4.6	fp	2
#FF0000	5	0	0	4.27202167482109	4.33013185266439	89 fp	-4.6	fp	2
#FF0000	5	0	0	4.33013185266439	4.46424023788386	90 fp	-4.6	fp	2
#FF0000	5	0	0	4.46424023788386	4.61677404945841	91 fp	-4.6	fp	2
#FF0000	5	0	0	4.61677404945841	4.78733141115971	92 fp	-4.6	fp	2
#FF0000	5	0	0	4.78733141115971	4.94303290928695	93 fp	-4.6	fp	2
#FF0000	5	0	0	4.94303290928695	5.0030713346928	94 fp	-4.6	fp	2
#FF0000	5	0	0	5.0030713346928	5.17914964432613	95 fp	-4.6	fp	2
#FF0000	5	0	0	5.17914964432613	5.2999156181828	96 fp	-4.6	fp	2
#FF0000	5	0	0	5.2999156181828	5.45544167141667	97 fp	-4.6	fp	2
#FF0000	5	0	0	5.45544167141667	5.58069438727239	98 fp	-4.6	fp	2
#FF0000	5	0	0	5.58069438727239	5.69154915755908	99 fp	-4.6	fp	2
#FF0000	5	0	0	5.69154915755908	5.79359937511402	100 fp	-4.6	fp	2
#FF0000	5	0	0	5.79359937511402	5.86932352912579	101 fp	-4.6	fp	2
#FF0000	5	0	0	5.86932352912579	5.89218502728824	102 fp	-4.6	fp	2
#FF0000	5	0	0	5.89218502728824	5.89493403729749	103 fp	-4.6	fp	2
#FF0000	5	0	0	5.89493403729749	5.89842198680348	104 fp	-4.6	fp	2
#FF0000	5	0	0	5.89842198680348	5.93343418671039	105 fp	-4.6	fp	2
#FF0000	5	0	0	5.93343418671039	6.02633655843005	106 fp	-4.6	fp	2
#FF0000	5	0	0	6.02633655843005	6.42835586004406	107 fp	-4.6	fp	2
#FF0000	5	0	0	6.42835586004406	7.66445996016731	108 fp	-4.6	fp	2
#FF0000	5	0	0	7.66445996016731	9.08500842897606	109 fp	-4.6	fp	2
#FF0000	5	6	6	-13.3670578848165	-2.94650941600775	55 fp	-4.4	fp	2
#FF0000	5	6	6	-2.94650941600775	0.363991957796087	56 fp	-4.4	fp	2
#FF0000	5	5	5	0.363991957796087	1.26192593484418	57 fp	-4.4	fp	2
#FF0000	5	2	2	1.26192593484418	1.71249443380965	58 fp	-4.4	fp	2
#FF0000	5	2	2	1.71249443380965	1.87950135311587	59 fp	-4.4	fp	2
#FF0000	5	2	2	1.87950135311587	1.94327025109339	60 fp	-4.4	fp	2
#FF0000	5	2	2	1.94327025109339	1.95026420402084	61 fp	-4.4	fp	2
#FF0000	5	2	2	1.95026420402084	1.95469240494628	62 fp	-4.4	fp	2
#FF0000	5	1	1	1.95469240494628	1.96001464896591	63 fp	-4.4	fp	2
#FF0000	5	1	1	1.96001464896591	1.97617959772259	64 fp	-4.4	fp	2
#FF0000	5	1	1	1.97617959772259	2.03076679026075	65 fp	-4.4	fp	2
#FF0000	5	1	1	2.03076679026075	2.09012720125425	66 fp	-4.4	fp	2
#FF0000	5	1	1	2.09012720125425	2.15749814993145	67 fp	-4.4	fp	2
#FF0000	5	1	1	2.15749814993145	2.22981943920305	68 fp	-4.4	fp	2
#FF0000	5	1	1	2.22981943920305	2.30006974110616	69 fp	-4.4	fp	2
#FF0000	5	1	1	2.30006974110616	2.36562201510089	70 fp	-4.4	fp	2
#FF0000	5	1	1	2.36562201510089	2.43677529751286	71 fp	-4.4	fp	2
#FF0000	5	1	1	2.43677529751286	2.52096393508501	72 fp	-4.4	fp	2
#FF0000	5	1	1	2.52096393508501	2.59846034699103	73 fp	-4.4	fp	2
#FF0000	5	1	1	2.59846034699103	2.64930595921072	74 fp	-4.4	fp	2
#FF0000	5	1	1	2.64930595921072	2.67157612621951	75 fp	-4.4	fp	2
#FF0000	5	1	1	2.67157612621951	2.6842889586676	76 fp	-4.4	fp	2
#FF0000	5	1	1	2.6842889586676	2.69078088456438	77 fp	-4.4	fp	2
#FF0000	5	1	1	2.69078088456438	2.69655315691206	78 fp	-4.4	fp	2
#FF0000	5	1	1	2.69655315691206	2.73007767172138	79 fp	-4.4	fp	2
#FF0000	5	1	1	2.73007767172138	2.83699714183	80 fp	-4.4	fp	2
#FF0000	5	1	1	2.83699714183	3.04624236616762	81 fp	-4.4	fp	2
#FF0000	5	1	1	3.04624236616762	3.50975792954182	82 fp	-4.4	fp	2
#FF0000	5	1	1	3.50975792954182	3.92471583652272	83 fp	-4.4	fp	2
#FF0000	5	1	1	3.92471583652272	4.00911707742701	84 fp	-4.4	fp	2
#FF0000	5	0	0	4.00911707742701	4.01134473755411	85 fp	-4.4	fp	2
#FF0000	5	0	0	4.01134473755411	4.01670036254483	86 fp	-4.4	fp	2
#FF0000	5	0	0	4.01670036254483	4.03574346999361	87 fp	-4.4	fp	2
#FF0000	5	0	0	4.03574346999361	4.07202167482109	88 fp	-4.4	fp	2
#FF0000	5	0	0	4.07202167482109	4.13013185266439	89 fp	-4.4	fp	2
#FF0000	5	0	0	4.13013185266439	4.26424023788386	90 fp	-4.4	fp	2
#FF0000	5	0	0	4.26424023788386	4.41677404945841	91 fp	-4.4	fp	2
#FF0000	5	0	0	4.41677404945841	4.58733141115971	92 fp	-4.4	fp	2
#FF0000	5	0	0	4.58733141115971	4.74303290928695	93 fp	-4.4	fp	2
#FF0000	5	0	0	4.74303290928695	4.8030713346928	94 fp	-4.4	fp	2
#FF0000	5	0	0	4.8030713346928	4.97914964432613	95 fp	-4.4	fp	2
#FF0000	5	0	0	4.97914964432613	5.0999156181828	96 fp	-4.4	fp	2
#FF0000	5	0	0	5.0999156181828	5.25544167141667	97 fp	-4.4	fp	2
#FF0000	5	0	0	5.25544167141667	5.38069438727239	98 fp	-4.4	fp	2
#FF0000	5	0	0	5.38069438727239	5.49154915755908	99 fp	-4.4	fp	2
#FF0000	5	0	0	5.49154915755908	5.59359937511402	100 fp	-4.4	fp	2
#FF0000	5	0	0	5.59359937511402	5.66932352912579	101 fp	-4.4	fp	2
#FF0000	5	0	0	5.66932352912579	5.69218502728824	102 fp	-4.4	fp	2
#FF0000	5	0	0	5.69218502728824	5.69493403729749	103 fp	-4.4	fp	2
#FF0000	5	0	0	5.69493403729749	5.69842198680348	104 fp	-4.4	fp	2
#FF0000	5	0	0	5.69842198680348	5.73343418671039	105 fp	-4.4	fp	2
#FF0000	5	0	0	5.73343418671039	5.82633655843005	106 fp	-4.4	fp	2
#FF0000	5	0	0	5.82633655843005	6.22835586004406	107 fp	-4.4	fp	2
#FF0000	5	0	0	6.22835586004406	7.46445996016731	108 fp	-4.4	fp	2
#FF0000	5	0	0	7.46445996016731	9.08500842897606	109 fp	-4.4	fp	2
#FF0000	5	6	6	-13.3670578848165	-3.14650941600775	55 fp	-4.2	fp	2
#FF0000	5	6	6	-3.14650941600775	0.163991957796087	56 fp	-4.2	fp	2
#FF0000	5	5	5	0.163991957796087	1.06192593484418	57 fp	-4.2	fp	2
#FF0000	5	2	2	1.06192593484418	1.51249443380965	58 fp	-4.2	fp	2
#FF0000	5	2	2	1.51249443380965	1.67950135311587	59 fp	-4.2	fp	2
#FF0000	5	2	2	1.67950135311587	1.74327025109339	60 fp	-4.2	fp	2
#FF0000	5	2	2	1.74327025109339	1.75026420402084	61 fp	-4.2	fp	2
#FF0000	5	2	2	1.75026420402084	1.75469240494628	62 fp	-4.2	fp	2
#FF0000	5	1	1	1.75469240494628	1.76001464896591	63 fp	-4.2	fp	2
#FF0000	5	1	1	1.76001464896591	1.77617959772259	64 fp	-4.2	fp	2
#FF0000	5	1	1	1.77617959772259	1.83076679026075	65 fp	-4.2	fp	2
#FF0000	5	1	1	1.83076679026075	1.89012720125425	66 fp	-4.2	fp	2
#FF0000	5	1	1	1.89012720125425	1.95749814993145	67 fp	-4.2	fp	2
#FF0000	5	1	1	1.95749814993145	2.02981943920305	68 fp	-4.2	fp	2
#FF0000	5	1	1	2.02981943920305	2.10006974110616	69 fp	-4.2	fp	2
#FF0000	5	1	1	2.10006974110616	2.16562201510089	70 fp	-4.2	fp	2
#FF0000	5	1	1	2.16562201510089	2.23677529751286	71 fp	-4.2	fp	2
#FF0000	5	1	1	2.23677529751286	2.32096393508501	72 fp	-4.2	fp	2
#FF0000	5	1	1	2.32096393508501	2.39846034699103	73 fp	-4.2	fp	2
#FF0000	5	1	1	2.39846034699103	2.44930595921072	74 fp	-4.2	fp	2
#FF0000	5	1	1	2.44930595921072	2.47157612621951	75 fp	-4.2	fp	2
#FF0000	5	1	1	2.47157612621951	2.4842889586676	76 fp	-4.2	fp	2
#FF0000	5	1	1	2.4842889586676	2.49078088456438	77 fp	-4.2	fp	2
#FF0000	5	1	1	2.49078088456438	2.49655315691206	78 fp	-4.2	fp	2
#FF0000	5	1	1	2.49655315691206	2.53007767172138	79 fp	-4.2	fp	2
#FF0000	5	1	1	2.53007767172138	2.63699714183	80 fp	-4.2	fp	2
#FF0000	5	1	1	2.63699714183	2.84624236616762	81 fp	-4.2	fp	2
#FF0000	5	1	1	2.84624236616762	3.30975792954182	82 fp	-4.2	fp	2
#FF0000	5	1	1	3.30975792954182	3.72471583652272	83 fp	-4.2	fp	2
#FF0000	5	1	1	3.72471583652272	3.80911707742701	84 fp	-4.2	fp	2
#FF0000	5	0	0	3.80911707742701	3.81134473755411	85 fp	-4.2	fp	2
#FF0000	5	0	0	3.81134473755411	3.81670036254483	86 fp	-4.2	fp	2
#FF0000	5	0	0	3.81670036254483	3.83574346999361	87 fp	-4.2	fp	2
#FF0000	5	0	0	3.83574346999361	3.87202167482109	88 fp	-4.2	fp	2
#FF0000	5	0	0	3.87202167482109	3.93013185266439	89 fp	-4.2	fp	2
#FF0000	5	0	0	3.93013185266439	4.06424023788386	90 fp	-4.2	fp	2
#FF0000	5	0	0	4.06424023788386	4.21677404945841	91 fp	-4.2	fp	2
#FF0000	5	0	0	4.21677404945841	4.38733141115971	92 fp	-4.2	fp	2
#FF0000	5	0	0	4.38733141115971	4.54303290928695	93 fp	-4.2	fp	2
#FF0000	5	0	0	4.54303290928695	4.6030713346928	94 fp	-4.2	fp	2
#FF0000	5	0	0	4.6030713346928	4.77914964432613	95 fp	-4.2	fp	2
#FF0000	5	0	0	4.77914964432613	4.8999156181828	96 fp	-4.2	fp	2
#FF0000	5	0	0	4.8999156181828	5.05544167141667	97 fp	-4.2	fp	2
#FF0000	5	0	0	5.05544167141667	5.18069438727239	98 fp	-4.2	fp	2
#FF0000	5	0	0	5.18069438727239	5.29154915755908	99 fp	-4.2	fp	2
#FF0000	5	0	0	5.29154915755908	5.39359937511402	100 fp	-4.2	fp	2
#FF0000	5	0	0	5.39359937511402	5.46932352912579	101 fp	-4.2	fp	2
#FF0000	5	0	0	5.46932352912579	5.49218502728824	102 fp	-4.2	fp	2
#FF0000	5	0	0	5.49218502728824	5.49493403729749	103 fp	-4.2	fp	2
#FF0000	5	0	0	5.49493403729749	5.49842198680348	104 fp	-4.2	fp	2
#FF0000	5	0	0	5.49842198680348	5.53343418671039	105 fp	-4.2	fp	2
#FF0000	5	0	0	5.53343418671039	5.62633655843005	106 fp	-4.2	fp	2
#FF0000	5	0	0	5.62633655843005	6.02835586004406	107 fp	-4.2	fp	2
#FF0000	5	0	0	6.02835586004406	7.26445996016731	108 fp	-4.2	fp	2
#FF0000	5	0	0	7.26445996016731	9.08500842897606	109 fp	-4.2	fp	2
#FF0000	5	6	6	-13.3670578848165	-3.34650941600775	55 fp	-4	fp	2
#FF0000	5	6	6	-3.34650941600775	-0.0360080422039131	56 fp	-4	fp	2
#FF0000	5	5	5	-0.0360080422039131	0.861925934844175	57 fp	-4	fp	2
#FF0000	5	2	2	0.861925934844175	1.31249443380965	58 fp	-4	fp	2
#FF0000	5	2	2	1.31249443380965	1.47950135311587	59 fp	-4	fp	2
#FF0000	5	2	2	1.47950135311587	1.54327025109339	60 fp	-4	fp	2
#FF0000	5	2	2	1.54327025109339	1.55026420402084	61 fp	-4	fp	2
#FF0000	5	2	2	1.55026420402084	1.55469240494628	62 fp	-4	fp	2
#FF0000	5	1	1	1.55469240494628	1.56001464896591	63 fp	-4	fp	2
#FF0000	5	1	1	1.56001464896591	1.57617959772259	64 fp	-4	fp	2
#FF0000	5	1	1	1.57617959772259	1.63076679026075	65 fp	-4	fp	2
#FF0000	5	1	1	1.63076679026075	1.69012720125425	66 fp	-4	fp	2
#FF0000	5	1	1	1.69012720125425	1.75749814993145	67 fp	-4	fp	2
#FF0000	5	1	1	1.75749814993145	1.82981943920305	68 fp	-4	fp	2
#FF0000	5	1	1	1.82981943920305	1.90006974110616	69 fp	-4	fp	2
#FF0000	5	1	1	1.90006974110616	1.96562201510089	70 fp	-4	fp	2
#FF0000	5	1	1	1.96562201510089	2.03677529751286	71 fp	-4	fp	2
#FF0000	5	1	1	2.03677529751286	2.12096393508501	72 fp	-4	fp	2
#FF0000	5	1	1	2.12096393508501	2.19846034699103	73 fp	-4	fp	2
#FF0000	5	1	1	2.19846034699103	2.24930595921072	74 fp	-4	fp	2
#FF0000	5	1	1	2.24930595921072	2.27157612621951	75 fp	-4	fp	2
#FF0000	5	1	1	2.27157612621951	2.2842889586676	76 fp	-4	fp	2
#FF0000	5	1	1	2.2842889586676	2.29078088456438	77 fp	-4	fp	2
#FF0000	5	1	1	2.29078088456438	2.29655315691206	78 fp	-4	fp	2
#FF0000	5	1	1	2.29655315691206	2.33007767172138	79 fp	-4	fp	2
#FF0000	5	1	1	2.33007767172138	2.43699714183	80 fp	-4	fp	2
#FF0000	5	1	1	2.43699714183	2.64624236616762	81 fp	-4	fp	2
#FF0000	5	1	1	2.64624236616762	3.10975792954182	82 fp	-4	fp	2
#FF0000	5	1	1	3.10975792954182	3.52471583652272	83 fp	-4	fp	2
#FF0000	5	1	1	3.52471583652272	3.609117077427	84 fp	-4	fp	2
#FF0000	5	0	0	3.609117077427	3.61134473755411	85 fp	-4	fp	2
#FF0000	5	0	0	3.61134473755411	3.61670036254483	86 fp	-4	fp	2
#FF0000	5	0	0	3.61670036254483	3.63574346999361	87 fp	-4	fp	2
#FF0000	5	0	0	3.63574346999361	3.67202167482109	88 fp	-4	fp	2
#FF0000	5	0	0	3.67202167482109	3.73013185266439	89 fp	-4	fp	2
#FF0000	5	0	0	3.73013185266439	3.86424023788386	90 fp	-4	fp	2
#FF0000	5	0	0	3.86424023788386	4.01677404945841	91 fp	-4	fp	2
#FF0000	5	0	0	4.01677404945841	4.18733141115971	92 fp	-4	fp	2
#FF0000	5	0	0	4.18733141115971	4.34303290928695	93 fp	-4	fp	2
#FF0000	5	0	0	4.34303290928695	4.4030713346928	94 fp	-4	fp	2
#FF0000	5	0	0	4.4030713346928	4.57914964432613	95 fp	-4	fp	2
#FF0000	5	0	0	4.57914964432613	4.6999156181828	96 fp	-4	fp	2
#FF0000	5	0	0	4.6999156181828	4.85544167141667	97 fp	-4	fp	2
#FF0000	5	0	0	4.85544167141667	4.98069438727239	98 fp	-4	fp	2
#FF0000	5	0	0	4.98069438727239	5.09154915755908	99 fp	-4	fp	2
#FF0000	5	0	0	5.09154915755908	5.19359937511402	100 fp	-4	fp	2
#FF0000	5	0	0	5.19359937511402	5.26932352912579	101 fp	-4	fp	2
#FF0000	5	0	0	5.26932352912579	5.29218502728824	102 fp	-4	fp	2
#FF0000	5	0	0	5.29218502728824	5.29493403729749	103 fp	-4	fp	2
#FF0000	5	0	0	5.29493403729749	5.29842198680348	104 fp	-4	fp	2
#FF0000	5	0	0	5.29842198680348	5.33343418671039	105 fp	-4	fp	2
#FF0000	5	0	0	5.33343418671039	5.42633655843005	106 fp	-4	fp	2
#FF0000	5	0	0	5.42633655843005	5.82835586004406	107 fp	-4	fp	2
#FF0000	5	0	0	5.82835586004406	7.06445996016731	108 fp	-4	fp	2
#FF0000	5	0	0	7.06445996016731	9.08500842897606	109 fp	-4	fp	2
#FF0000	5	6	6	-13.3670578848165	-3.54650941600775	55 fp	-3.8	fp	2
#FF0000	5	6	6	-3.54650941600775	-0.236008042203913	56 fp	-3.8	fp	2
#FF0000	5	5	5	-0.236008042203913	0.661925934844175	57 fp	-3.8	fp	2
#FF0000	5	2	2	0.661925934844175	1.11249443380965	58 fp	-3.8	fp	2
#FF0000	5	2	2	1.11249443380965	1.27950135311587	59 fp	-3.8	fp	2
#FF0000	5	2	2	1.27950135311587	1.34327025109338	60 fp	-3.8	fp	2
#FF0000	5	2	2	1.34327025109338	1.35026420402084	61 fp	-3.8	fp	2
#FF0000	5	2	2	1.35026420402084	1.35469240494628	62 fp	-3.8	fp	2
#FF0000	5	1	1	1.35469240494628	1.36001464896591	63 fp	-3.8	fp	2
#FF0000	5	1	1	1.36001464896591	1.37617959772259	64 fp	-3.8	fp	2
#FF0000	5	1	1	1.37617959772259	1.43076679026075	65 fp	-3.8	fp	2
#FF0000	5	1	1	1.43076679026075	1.49012720125425	66 fp	-3.8	fp	2
#FF0000	5	1	1	1.49012720125425	1.55749814993145	67 fp	-3.8	fp	2
#FF0000	5	1	1	1.55749814993145	1.62981943920305	68 fp	-3.8	fp	2
#FF0000	5	1	1	1.62981943920305	1.70006974110616	69 fp	-3.8	fp	2
#FF0000	5	1	1	1.70006974110616	1.76562201510089	70 fp	-3.8	fp	2
#FF0000	5	1	1	1.76562201510089	1.83677529751286	71 fp	-3.8	fp	2
#FF0000	5	1	1	1.83677529751286	1.92096393508501	72 fp	-3.8	fp	2
#FF0000	5	1	1	1.92096393508501	1.99846034699103	73 fp	-3.8	fp	2
#FF0000	5	1	1	1.99846034699103	2.04930595921072	74 fp	-3.8	fp	2
#FF0000	5	1	1	2.04930595921072	2.07157612621951	75 fp	-3.8	fp	2
#FF0000	5	1	1	2.07157612621951	2.0842889586676	76 fp	-3.8	fp	2
#FF0000	5	1	1	2.0842889586676	2.09078088456438	77 fp	-3.8	fp	2
#FF0000	5	1	1	2.09078088456438	2.09655315691206	78 fp	-3.8	fp	2
#FF0000	5	1	1	2.09655315691206	2.13007767172138	79 fp	-3.8	fp	2
#FF0000	5	1	1	2.13007767172138	2.23699714183	80 fp	-3.8	fp	2
#FF0000	5	1	1	2.23699714183	2.44624236616762	81 fp	-3.8	fp	2
#FF0000	5	1	1	2.44624236616762	2.90975792954182	82 fp	-3.8	fp	2
#FF0000	5	1	1	2.90975792954182	3.32471583652272	83 fp	-3.8	fp	2
#FF0000	5	1	1	3.32471583652272	3.409117077427	84 fp	-3.8	fp	2
#FF0000	5	0	0	3.409117077427	3.41134473755411	85 fp	-3.8	fp	2
#FF0000	5	0	0	3.41134473755411	3.41670036254483	86 fp	-3.8	fp	2
#FF0000	5	0	0	3.41670036254483	3.43574346999361	87 fp	-3.8	fp	2
#FF0000	5	0	0	3.43574346999361	3.47202167482109	88 fp	-3.8	fp	2
#FF0000	5	0	0	3.47202167482109	3.53013185266439	89 fp	-3.8	fp	2
#FF0000	5	0	0	3.53013185266439	3.66424023788386	90 fp	-3.8	fp	2
#FF0000	5	0	0	3.66424023788386	3.81677404945841	91 fp	-3.8	fp	2
#FF0000	5	0	0	3.81677404945841	3.98733141115971	92 fp	-3.8	fp	2
#FF0000	5	0	0	3.98733141115971	4.14303290928695	93 fp	-3.8	fp	2
#FF0000	5	0	0	4.14303290928695	4.2030713346928	94 fp	-3.8	fp	2
#FF0000	5	0	0	4.2030713346928	4.37914964432613	95 fp	-3.8	fp	2
#FF0000	5	0	0	4.37914964432613	4.4999156181828	96 fp	-3.8	fp	2
#FF0000	5	0	0	4.4999156181828	4.65544167141667	97 fp	-3.8	fp	2
#FF0000	5	0	0	4.65544167141667	4.78069438727239	98 fp	-3.8	fp	2
#FF0000	5	0	0	4.78069438727239	4.89154915755908	99 fp	-3.8	fp	2
#FF0000	5	0	0	4.89154915755908	4.99359937511402	100 fp	-3.8	fp	2
#FF0000	5	0	0	4.99359937511402	5.06932352912579	101 fp	-3.8	fp	2
#FF0000	5	0	0	5.06932352912579	5.09218502728824	102 fp	-3.8	fp	2
#FF0000	5	0	0	5.09218502728824	5.09493403729749	103 fp	-3.8	fp	2
#FF0000	5	0	0	5.09493403729749	5.09842198680348	104 fp	-3.8	fp	2
#FF0000	5	0	0	5.09842198680348	5.13343418671039	105 fp	-3.8	fp	2
#FF0000	5	0	0	5.13343418671039	5.22633655843005	106 fp	-3.8	fp	2
#FF0000	5	0	0	5.22633655843005	5.62835586004406	107 fp	-3.8	fp	2
#FF0000	5	0	0	5.62835586004406	6.86445996016731	108 fp	-3.8	fp	2
#FF0000	5	0	0	6.86445996016731	9.08500842897606	109 fp	-3.8	fp	2
#FF0000	5	6	6	-13.3670578848165	-3.74650941600775	55 fp	-3.6	fp	2
#FF0000	5	6	6	-3.74650941600775	-0.436008042203913	56 fp	-3.6	fp	2
#FF0000	5	5	5	-0.436008042203913	0.461925934844174	57 fp	-3.6	fp	2
#FF0000	5	2	2	0.461925934844174	0.912494433809654	58 fp	-3.6	fp	2
#FF0000	5	2	2	0.912494433809654	1.07950135311587	59 fp	-3.6	fp	2
#FF0000	5	2	2	1.07950135311587	1.14327025109338	60 fp	-3.6	fp	2
#FF0000	5	2	2	1.14327025109338	1.15026420402084	61 fp	-3.6	fp	2
#FF0000	5	2	2	1.15026420402084	1.15469240494628	62 fp	-3.6	fp	2
#FF0000	5	1	1	1.15469240494628	1.16001464896591	63 fp	-3.6	fp	2
#FF0000	5	1	1	1.16001464896591	1.17617959772259	64 fp	-3.6	fp	2
#FF0000	5	1	1	1.17617959772259	1.23076679026075	65 fp	-3.6	fp	2
#FF0000	5	1	1	1.23076679026075	1.29012720125425	66 fp	-3.6	fp	2
#FF0000	5	1	1	1.29012720125425	1.35749814993145	67 fp	-3.6	fp	2
#FF0000	5	1	1	1.35749814993145	1.42981943920305	68 fp	-3.6	fp	2
#FF0000	5	1	1	1.42981943920305	1.50006974110616	69 fp	-3.6	fp	2
#FF0000	5	1	1	1.50006974110616	1.56562201510089	70 fp	-3.6	fp	2
#FF0000	5	1	1	1.56562201510089	1.63677529751286	71 fp	-3.6	fp	2
#FF0000	5	1	1	1.63677529751286	1.72096393508501	72 fp	-3.6	fp	2
#FF0000	5	1	1	1.72096393508501	1.79846034699102	73 fp	-3.6	fp	2
#FF0000	5	1	1	1.79846034699102	1.84930595921072	74 fp	-3.6	fp	2
#FF0000	5	1	1	1.84930595921072	1.87157612621951	75 fp	-3.6	fp	2
#FF0000	5	1	1	1.87157612621951	1.8842889586676	76 fp	-3.6	fp	2
#FF0000	5	1	1	1.8842889586676	1.89078088456438	77 fp	-3.6	fp	2
#FF0000	5	1	1	1.89078088456438	1.89655315691206	78 fp	-3.6	fp	2
#FF0000	5	1	1	1.89655315691206	1.93007767172138	79 fp	-3.6	fp	2
#FF0000	5	1	1	1.93007767172138	2.03699714183	80 fp	-3.6	fp	2
#FF0000	5	1	1	2.03699714183	2.24624236616762	81 fp	-3.6	fp	2
#FF0000	5	1	1	2.24624236616762	2.70975792954182	82 fp	-3.6	fp	2
#FF0000	5	1	1	2.70975792954182	3.12471583652272	83 fp	-3.6	fp	2
#FF0000	5	1	1	3.12471583652272	3.209117077427	84 fp	-3.6	fp	2
#FF0000	5	0	0	3.209117077427	3.21134473755411	85 fp	-3.6	fp	2
#FF0000	5	0	0	3.21134473755411	3.21670036254483	86 fp	-3.6	fp	2
#FF0000	5	0	0	3.21670036254483	3.23574346999361	87 fp	-3.6	fp	2
#FF0000	5	0	0	3.23574346999361	3.27202167482109	88 fp	-3.6	fp	2
#FF0000	5	0	0	3.27202167482109	3.33013185266439	89 fp	-3.6	fp	2
#FF0000	5	0	0	3.33013185266439	3.46424023788386	90 fp	-3.6	fp	2
#FF0000	5	0	0	3.46424023788386	3.61677404945841	91 fp	-3.6	fp	2
#FF0000	5	0	0	3.61677404945841	3.78733141115971	92 fp	-3.6	fp	2
#FF0000	5	0	0	3.78733141115971	3.94303290928695	93 fp	-3.6	fp	2
#FF0000	5	0	0	3.94303290928695	4.00307133469279	94 fp	-3.6	fp	2
#FF0000	5	0	0	4.00307133469279	4.17914964432613	95 fp	-3.6	fp	2
#FF0000	5	0	0	4.17914964432613	4.2999156181828	96 fp	-3.6	fp	2
#FF0000	5	0	0	4.2999156181828	4.45544167141667	97 fp	-3.6	fp	2
#FF0000	5	0	0	4.45544167141667	4.58069438727239	98 fp	-3.6	fp	2
#FF0000	5	0	0	4.58069438727239	4.69154915755908	99 fp	-3.6	fp	2
#FF0000	5	0	0	4.69154915755908	4.79359937511402	100 fp	-3.6	fp	2
#FF0000	5	0	0	4.79359937511402	4.86932352912579	101 fp	-3.6	fp	2
#FF0000	5	0	0	4.86932352912579	4.89218502728824	102 fp	-3.6	fp	2
#FF0000	5	0	0	4.89218502728824	4.89493403729749	103 fp	-3.6	fp	2
#FF0000	5	0	0	4.89493403729749	4.89842198680348	104 fp	-3.6	fp	2
#FF0000	5	0	0	4.89842198680348	4.93343418671039	105 fp	-3.6	fp	2
#FF0000	5	0	0	4.93343418671039	5.02633655843005	106 fp	-3.6	fp	2
#FF0000	5	0	0	5.02633655843005	5.42835586004406	107 fp	-3.6	fp	2
#FF0000	5	0	0	5.42835586004406	6.66445996016731	108 fp	-3.6	fp	2
#FF0000	5	0	0	6.66445996016731	9.08500842897606	109 fp	-3.6	fp	2
#FF0000	5	6	6	-13.3670578848165	-3.94650941600775	55 fp	-3.4	fp	2
#FF0000	5	6	6	-3.94650941600775	-0.636008042203913	56 fp	-3.4	fp	2
#FF0000	5	5	5	-0.636008042203913	0.261925934844175	57 fp	-3.4	fp	2
#FF0000	5	2	2	0.261925934844175	0.712494433809654	58 fp	-3.4	fp	2
#FF0000	5	2	2	0.712494433809654	0.87950135311587	59 fp	-3.4	fp	2
#FF0000	5	2	2	0.87950135311587	0.943270251093385	60 fp	-3.4	fp	2
#FF0000	5	2	2	0.943270251093385	0.950264204020844	61 fp	-3.4	fp	2
#FF0000	5	2	2	0.950264204020844	0.954692404946284	62 fp	-3.4	fp	2
#FF0000	5	1	1	0.954692404946284	0.96001464896591	63 fp	-3.4	fp	2
#FF0000	5	1	1	0.96001464896591	0.976179597722591	64 fp	-3.4	fp	2
#FF0000	5	1	1	0.976179597722591	1.03076679026075	65 fp	-3.4	fp	2
#FF0000	5	1	1	1.03076679026075	1.09012720125425	66 fp	-3.4	fp	2
#FF0000	5	1	1	1.09012720125425	1.15749814993145	67 fp	-3.4	fp	2
#FF0000	5	1	1	1.15749814993145	1.22981943920305	68 fp	-3.4	fp	2
#FF0000	5	1	1	1.22981943920305	1.30006974110616	69 fp	-3.4	fp	2
#FF0000	5	1	1	1.30006974110616	1.36562201510089	70 fp	-3.4	fp	2
#FF0000	5	1	1	1.36562201510089	1.43677529751286	71 fp	-3.4	fp	2
#FF0000	5	1	1	1.43677529751286	1.52096393508501	72 fp	-3.4	fp	2
#FF0000	5	1	1	1.52096393508501	1.59846034699103	73 fp	-3.4	fp	2
#FF0000	5	1	1	1.59846034699103	1.64930595921072	74 fp	-3.4	fp	2
#FF0000	5	1	1	1.64930595921072	1.67157612621951	75 fp	-3.4	fp	2
#FF0000	5	1	1	1.67157612621951	1.6842889586676	76 fp	-3.4	fp	2
#FF0000	5	1	1	1.6842889586676	1.69078088456438	77 fp	-3.4	fp	2
#FF0000	5	1	1	1.69078088456438	1.69655315691206	78 fp	-3.4	fp	2
#FF0000	5	1	1	1.69655315691206	1.73007767172138	79 fp	-3.4	fp	2
#FF0000	5	1	1	1.73007767172138	1.83699714183	80 fp	-3.4	fp	2
#FF0000	5	1	1	1.83699714183	2.04624236616762	81 fp	-3.4	fp	2
#FF0000	5	1	1	2.04624236616762	2.50975792954182	82 fp	-3.4	fp	2
#FF0000	5	1	1	2.50975792954182	2.92471583652272	83 fp	-3.4	fp	2
#FF0000	5	1	1	2.92471583652272	3.00911707742701	84 fp	-3.4	fp	2
#FF0000	5	0	0	3.00911707742701	3.01134473755411	85 fp	-3.4	fp	2
#FF0000	5	0	0	3.01134473755411	3.01670036254483	86 fp	-3.4	fp	2
#FF0000	5	0	0	3.01670036254483	3.03574346999361	87 fp	-3.4	fp	2
#FF0000	5	0	0	3.03574346999361	3.07202167482109	88 fp	-3.4	fp	2
#FF0000	5	0	0	3.07202167482109	3.13013185266439	89 fp	-3.4	fp	2
#FF0000	5	0	0	3.13013185266439	3.26424023788386	90 fp	-3.4	fp	2
#FF0000	5	0	0	3.26424023788386	3.41677404945841	91 fp	-3.4	fp	2
#FF0000	5	0	0	3.41677404945841	3.58733141115971	92 fp	-3.4	fp	2
#FF0000	5	0	0	3.58733141115971	3.74303290928695	93 fp	-3.4	fp	2
#FF0000	5	0	0	3.74303290928695	3.8030713346928	94 fp	-3.4	fp	2
#FF0000	5	0	0	3.8030713346928	3.97914964432613	95 fp	-3.4	fp	2
#FF0000	5	0	0	3.97914964432613	4.0999156181828	96 fp	-3.4	fp	2
#FF0000	5	0	0	4.0999156181828	4.25544167141667	97 fp	-3.4	fp	2
#FF0000	5	0	0	4.25544167141667	4.38069438727239	98 fp	-3.4	fp	2
#FF0000	5	0	0	4.38069438727239	4.49154915755908	99 fp	-3.4	fp	2
#FF0000	5	0	0	4.49154915755908	4.59359937511402	100 fp	-3.4	fp	2
#FF0000	5	0	0	4.59359937511402	4.66932352912579	101 fp	-3.4	fp	2
#FF0000	5	0	0	4.66932352912579	4.69218502728824	102 fp	-3.4	fp	2
#FF0000	5	0	0	4.69218502728824	4.69493403729749	103 fp	-3.4	fp	2
#FF0000	5	0	0	4.69493403729749	4.69842198680348	104 fp	-3.4	fp	2
#FF0000	5	0	0	4.69842198680348	4.73343418671039	105 fp	-3.4	fp	2
#FF0000	5	0	0	4.73343418671039	4.82633655843005	106 fp	-3.4	fp	2
#FF0000	5	0	0	4.82633655843005	5.22835586004406	107 fp	-3.4	fp	2
#FF0000	5	0	0	5.22835586004406	6.46445996016731	108 fp	-3.4	fp	2
#FF0000	5	0	0	6.46445996016731	9.08500842897606	109 fp	-3.4	fp	2
#FF0000	5	6	6	-13.3670578848165	-4.14650941600775	55 fp	-3.2	fp	2
#FF0000	5	6	6	-4.14650941600775	-0.836008042203913	56 fp	-3.2	fp	2
#FF0000	5	5	5	-0.836008042203913	0.061925934844175	57 fp	-3.2	fp	2
#FF0000	5	2	2	0.061925934844175	0.512494433809654	58 fp	-3.2	fp	2
#FF0000	5	2	2	0.512494433809654	0.67950135311587	59 fp	-3.2	fp	2
#FF0000	5	2	2	0.67950135311587	0.743270251093385	60 fp	-3.2	fp	2
#FF0000	5	2	2	0.743270251093385	0.750264204020844	61 fp	-3.2	fp	2
#FF0000	5	2	2	0.750264204020844	0.754692404946284	62 fp	-3.2	fp	2
#FF0000	5	1	1	0.754692404946284	0.760014648965909	63 fp	-3.2	fp	2
#FF0000	5	1	1	0.760014648965909	0.776179597722591	64 fp	-3.2	fp	2
#FF0000	5	1	1	0.776179597722591	0.830766790260753	65 fp	-3.2	fp	2
#FF0000	5	1	1	0.830766790260753	0.890127201254249	66 fp	-3.2	fp	2
#FF0000	5	1	1	0.890127201254249	0.95749814993145	67 fp	-3.2	fp	2
#FF0000	5	1	1	0.95749814993145	1.02981943920305	68 fp	-3.2	fp	2
#FF0000	5	1	1	1.02981943920305	1.10006974110616	69 fp	-3.2	fp	2
#FF0000	5	1	1	1.10006974110616	1.16562201510089	70 fp	-3.2	fp	2
#FF0000	5	1	1	1.16562201510089	1.23677529751286	71 fp	-3.2	fp	2
#FF0000	5	1	1	1.23677529751286	1.32096393508501	72 fp	-3.2	fp	2
#FF0000	5	1	1	1.32096393508501	1.39846034699103	73 fp	-3.2	fp	2
#FF0000	5	1	1	1.39846034699103	1.44930595921072	74 fp	-3.2	fp	2
#FF0000	5	1	1	1.44930595921072	1.47157612621951	75 fp	-3.2	fp	2
#FF0000	5	1	1	1.47157612621951	1.4842889586676	76 fp	-3.2	fp	2
#FF0000	5	1	1	1.4842889586676	1.49078088456438	77 fp	-3.2	fp	2
#FF0000	5	1	1	1.49078088456438	1.49655315691206	78 fp	-3.2	fp	2
#FF0000	5	1	1	1.49655315691206	1.53007767172138	79 fp	-3.2	fp	2
#FF0000	5	1	1	1.53007767172138	1.63699714183	80 fp	-3.2	fp	2
#FF0000	5	1	1	1.63699714183	1.84624236616762	81 fp	-3.2	fp	2
#FF0000	5	1	1	1.84624236616762	2.30975792954182	82 fp	-3.2	fp	2
#FF0000	5	1	1	2.30975792954182	2.72471583652272	83 fp	-3.2	fp	2
#FF0000	5	1	1	2.72471583652272	2.80911707742701	84 fp	-3.2	fp	2
#FF0000	5	0	0	2.80911707742701	2.81134473755411	85 fp	-3.2	fp	2
#FF0000	5	0	0	2.81134473755411	2.81670036254483	86 fp	-3.2	fp	2
#FF0000	5	0	0	2.81670036254483	2.83574346999361	87 fp	-3.2	fp	2
#FF0000	5	0	0	2.83574346999361	2.87202167482109	88 fp	-3.2	fp	2
#FF0000	5	0	0	2.87202167482109	2.93013185266439	89 fp	-3.2	fp	2
#FF0000	5	0	0	2.93013185266439	3.06424023788386	90 fp	-3.2	fp	2
#FF0000	5	0	0	3.06424023788386	3.21677404945841	91 fp	-3.2	fp	2
#FF0000	5	0	0	3.21677404945841	3.38733141115971	92 fp	-3.2	fp	2
#FF0000	5	0	0	3.38733141115971	3.54303290928695	93 fp	-3.2	fp	2
#FF0000	5	0	0	3.54303290928695	3.6030713346928	94 fp	-3.2	fp	2
#FF0000	5	0	0	3.6030713346928	3.77914964432613	95 fp	-3.2	fp	2
#FF0000	5	0	0	3.77914964432613	3.8999156181828	96 fp	-3.2	fp	2
#FF0000	5	0	0	3.8999156181828	4.05544167141667	97 fp	-3.2	fp	2
#FF0000	5	0	0	4.05544167141667	4.18069438727239	98 fp	-3.2	fp	2
#FF0000	5	0	0	4.18069438727239	4.29154915755908	99 fp	-3.2	fp	2
#FF0000	5	0	0	4.29154915755908	4.39359937511402	100 fp	-3.2	fp	2
#FF0000	5	0	0	4.39359937511402	4.46932352912579	101 fp	-3.2	fp	2
#FF0000	5	0	0	4.46932352912579	4.49218502728824	102 fp	-3.2	fp	2
#FF0000	5	0	0	4.49218502728824	4.49493403729749	103 fp	-3.2	fp	2
#FF0000	5	0	0	4.49493403729749	4.49842198680348	104 fp	-3.2	fp	2
#FF0000	5	0	0	4.49842198680348	4.53343418671039	105 fp	-3.2	fp	2
#FF0000	5	0	0	4.53343418671039	4.62633655843005	106 fp	-3.2	fp	2
#FF0000	5	0	0	4.62633655843005	5.02835586004406	107 fp	-3.2	fp	2
#FF0000	5	0	0	5.02835586004406	6.26445996016731	108 fp	-3.2	fp	2
#FF0000	5	0	0	6.26445996016731	9.08500842897606	109 fp	-3.2	fp	2
#FF0000	5	6	6	-13.3670578848165	-4.34650941600775	55 fp	-3	fp	2
#FF0000	5	6	6	-4.34650941600775	-1.03600804220391	56 fp	-3	fp	2
#FF0000	5	5	5	-1.03600804220391	-0.138074065155825	57 fp	-3	fp	2
#FF0000	5	2	2	-0.138074065155825	0.312494433809654	58 fp	-3	fp	2
#FF0000	5	2	2	0.312494433809654	0.47950135311587	59 fp	-3	fp	2
#FF0000	5	2	2	0.47950135311587	0.543270251093385	60 fp	-3	fp	2
#FF0000	5	2	2	0.543270251093385	0.550264204020844	61 fp	-3	fp	2
#FF0000	5	2	2	0.550264204020844	0.554692404946284	62 fp	-3	fp	2
#FF0000	5	1	1	0.554692404946284	0.560014648965909	63 fp	-3	fp	2
#FF0000	5	1	1	0.560014648965909	0.57617959772259	64 fp	-3	fp	2
#FF0000	5	1	1	0.57617959772259	0.630766790260752	65 fp	-3	fp	2
#FF0000	5	1	1	0.630766790260752	0.690127201254248	66 fp	-3	fp	2
#FF0000	5	1	1	0.690127201254248	0.75749814993145	67 fp	-3	fp	2
#FF0000	5	1	1	0.75749814993145	0.82981943920305	68 fp	-3	fp	2
#FF0000	5	1	1	0.82981943920305	0.900069741106155	69 fp	-3	fp	2
#FF0000	5	1	1	0.900069741106155	0.965622015100891	70 fp	-3	fp	2
#FF0000	5	1	1	0.965622015100891	1.03677529751286	71 fp	-3	fp	2
#FF0000	5	1	1	1.03677529751286	1.12096393508501	72 fp	-3	fp	2
#FF0000	5	1	1	1.12096393508501	1.19846034699103	73 fp	-3	fp	2
#FF0000	5	1	1	1.19846034699103	1.24930595921072	74 fp	-3	fp	2
#FF0000	5	1	1	1.24930595921072	1.27157612621951	75 fp	-3	fp	2
#FF0000	5	1	1	1.27157612621951	1.2842889586676	76 fp	-3	fp	2
#FF0000	5	1	1	1.2842889586676	1.29078088456438	77 fp	-3	fp	2
#FF0000	5	1	1	1.29078088456438	1.29655315691206	78 fp	-3	fp	2
#FF0000	5	1	1	1.29655315691206	1.33007767172138	79 fp	-3	fp	2
#FF0000	5	1	1	1.33007767172138	1.43699714183	80 fp	-3	fp	2
#FF0000	5	1	1	1.43699714183	1.64624236616762	81 fp	-3	fp	2
#FF0000	5	1	1	1.64624236616762	2.10975792954182	82 fp	-3	fp	2
#FF0000	5	1	1	2.10975792954182	2.52471583652272	83 fp	-3	fp	2
#FF0000	5	1	1	2.52471583652272	2.609117077427	84 fp	-3	fp	2
#FF0000	5	0	0	2.609117077427	2.61134473755411	85 fp	-3	fp	2
#FF0000	5	0	0	2.61134473755411	2.61670036254483	86 fp	-3	fp	2
#FF0000	5	0	0	2.61670036254483	2.63574346999361	87 fp	-3	fp	2
#FF0000	5	0	0	2.63574346999361	2.67202167482109	88 fp	-3	fp	2
#FF0000	5	0	0	2.67202167482109	2.73013185266439	89 fp	-3	fp	2
#FF0000	5	0	0	2.73013185266439	2.86424023788386	90 fp	-3	fp	2
#FF0000	5	0	0	2.86424023788386	3.01677404945841	91 fp	-3	fp	2
#FF0000	5	0	0	3.01677404945841	3.18733141115971	92 fp	-3	fp	2
#FF0000	5	0	0	3.18733141115971	3.34303290928695	93 fp	-3	fp	2
#FF0000	5	0	0	3.34303290928695	3.4030713346928	94 fp	-3	fp	2
#FF0000	5	0	0	3.4030713346928	3.57914964432613	95 fp	-3	fp	2
#FF0000	5	0	0	3.57914964432613	3.6999156181828	96 fp	-3	fp	2
#FF0000	5	0	0	3.6999156181828	3.85544167141667	97 fp	-3	fp	2
#FF0000	5	0	0	3.85544167141667	3.98069438727239	98 fp	-3	fp	2
#FF0000	5	0	0	3.98069438727239	4.09154915755908	99 fp	-3	fp	2
#FF0000	5	0	0	4.09154915755908	4.19359937511402	100 fp	-3	fp	2
#FF0000	5	0	0	4.19359937511402	4.26932352912579	101 fp	-3	fp	2
#FF0000	5	0	0	4.26932352912579	4.29218502728824	102 fp	-3	fp	2
#FF0000	5	0	0	4.29218502728824	4.29493403729749	103 fp	-3	fp	2
#FF0000	5	0	0	4.29493403729749	4.29842198680348	104 fp	-3	fp	2
#FF0000	5	0	0	4.29842198680348	4.33343418671039	105 fp	-3	fp	2
#FF0000	5	0	0	4.33343418671039	4.42633655843005	106 fp	-3	fp	2
#FF0000	5	0	0	4.42633655843005	4.82835586004406	107 fp	-3	fp	2
#FF0000	5	0	0	4.82835586004406	6.06445996016731	108 fp	-3	fp	2
#FF0000	5	0	0	6.06445996016731	9.08500842897606	109 fp	-3	fp	2
#FF0000	5	6	6	-13.3670578848165	-4.54650941600775	55 fp	-2.8	fp	2
#FF0000	5	6	6	-4.54650941600775	-1.23600804220391	56 fp	-2.8	fp	2
#FF0000	5	5	5	-1.23600804220391	-0.338074065155825	57 fp	-2.8	fp	2
#FF0000	5	2	2	-0.338074065155825	0.112494433809654	58 fp	-2.8	fp	2
#FF0000	5	2	2	0.112494433809654	0.27950135311587	59 fp	-2.8	fp	2
#FF0000	5	2	2	0.27950135311587	0.343270251093385	60 fp	-2.8	fp	2
#FF0000	5	2	2	0.343270251093385	0.350264204020844	61 fp	-2.8	fp	2
#FF0000	5	2	2	0.350264204020844	0.354692404946284	62 fp	-2.8	fp	2
#FF0000	5	1	1	0.354692404946284	0.360014648965909	63 fp	-2.8	fp	2
#FF0000	5	1	1	0.360014648965909	0.37617959772259	64 fp	-2.8	fp	2
#FF0000	5	1	1	0.37617959772259	0.430766790260752	65 fp	-2.8	fp	2
#FF0000	5	1	1	0.430766790260752	0.490127201254248	66 fp	-2.8	fp	2
#FF0000	5	1	1	0.490127201254248	0.557498149931449	67 fp	-2.8	fp	2
#FF0000	5	1	1	0.557498149931449	0.629819439203049	68 fp	-2.8	fp	2
#FF0000	5	1	1	0.629819439203049	0.700069741106155	69 fp	-2.8	fp	2
#FF0000	5	1	1	0.700069741106155	0.765622015100891	70 fp	-2.8	fp	2
#FF0000	5	1	1	0.765622015100891	0.836775297512863	71 fp	-2.8	fp	2
#FF0000	5	1	1	0.836775297512863	0.920963935085013	72 fp	-2.8	fp	2
#FF0000	5	1	1	0.920963935085013	0.998460346991025	73 fp	-2.8	fp	2
#FF0000	5	1	1	0.998460346991025	1.04930595921072	74 fp	-2.8	fp	2
#FF0000	5	1	1	1.04930595921072	1.07157612621951	75 fp	-2.8	fp	2
#FF0000	5	1	1	1.07157612621951	1.0842889586676	76 fp	-2.8	fp	2
#FF0000	5	1	1	1.0842889586676	1.09078088456438	77 fp	-2.8	fp	2
#FF0000	5	1	1	1.09078088456438	1.09655315691206	78 fp	-2.8	fp	2
#FF0000	5	1	1	1.09655315691206	1.13007767172138	79 fp	-2.8	fp	2
#FF0000	5	1	1	1.13007767172138	1.23699714183	80 fp	-2.8	fp	2
#FF0000	5	1	1	1.23699714183	1.44624236616762	81 fp	-2.8	fp	2
#FF0000	5	1	1	1.44624236616762	1.90975792954182	82 fp	-2.8	fp	2
#FF0000	5	1	1	1.90975792954182	2.32471583652272	83 fp	-2.8	fp	2
#FF0000	5	1	1	2.32471583652272	2.409117077427	84 fp	-2.8	fp	2
#FF0000	5	0	0	2.409117077427	2.41134473755411	85 fp	-2.8	fp	2
#FF0000	5	0	0	2.41134473755411	2.41670036254483	86 fp	-2.8	fp	2
#FF0000	5	0	0	2.41670036254483	2.43574346999361	87 fp	-2.8	fp	2
#FF0000	5	0	0	2.43574346999361	2.47202167482109	88 fp	-2.8	fp	2
#FF0000	5	0	0	2.47202167482109	2.53013185266439	89 fp	-2.8	fp	2
#FF0000	5	0	0	2.53013185266439	2.66424023788386	90 fp	-2.8	fp	2
#FF0000	5	0	0	2.66424023788386	2.81677404945841	91 fp	-2.8	fp	2
#FF0000	5	0	0	2.81677404945841	2.98733141115971	92 fp	-2.8	fp	2
#FF0000	5	0	0	2.98733141115971	3.14303290928695	93 fp	-2.8	fp	2
#FF0000	5	0	0	3.14303290928695	3.2030713346928	94 fp	-2.8	fp	2
#FF0000	5	0	0	3.2030713346928	3.37914964432613	95 fp	-2.8	fp	2
#FF0000	5	0	0	3.37914964432613	3.4999156181828	96 fp	-2.8	fp	2
#FF0000	5	0	0	3.4999156181828	3.65544167141667	97 fp	-2.8	fp	2
#FF0000	5	0	0	3.65544167141667	3.78069438727239	98 fp	-2.8	fp	2
#FF0000	5	0	0	3.78069438727239	3.89154915755908	99 fp	-2.8	fp	2
#FF0000	5	0	0	3.89154915755908	3.99359937511402	100 fp	-2.8	fp	2
#FF0000	5	0	0	3.99359937511402	4.06932352912579	101 fp	-2.8	fp	2
#FF0000	5	0	0	4.06932352912579	4.09218502728824	102 fp	-2.8	fp	2
#FF0000	5	0	0	4.09218502728824	4.09493403729749	103 fp	-2.8	fp	2
#FF0000	5	0	0	4.09493403729749	4.09842198680348	104 fp	-2.8	fp	2
#FF0000	5	0	0	4.09842198680348	4.13343418671039	105 fp	-2.8	fp	2
#FF0000	5	0	0	4.13343418671039	4.22633655843005	106 fp	-2.8	fp	2
#FF0000	5	0	0	4.22633655843005	4.62835586004406	107 fp	-2.8	fp	2
#FF0000	5	0	0	4.62835586004406	5.86445996016731	108 fp	-2.8	fp	2
#FF0000	5	0	0	5.86445996016731	9.08500842897606	109 fp	-2.8	fp	2
#FF0000	5	6	6	-13.3670578848165	-4.74650941600775	55 fp	-2.6	fp	2
#FF0000	5	6	6	-4.74650941600775	-1.43600804220391	56 fp	-2.6	fp	2
#FF0000	5	5	5	-1.43600804220391	-0.538074065155826	57 fp	-2.6	fp	2
#FF0000	5	2	2	-0.538074065155826	-0.0875055661903463	58 fp	-2.6	fp	2
#FF0000	5	2	2	-0.0875055661903463	0.0795013531158695	59 fp	-2.6	fp	2
#FF0000	5	2	2	0.0795013531158695	0.143270251093385	60 fp	-2.6	fp	2
#FF0000	5	2	2	0.143270251093385	0.150264204020844	61 fp	-2.6	fp	2
#FF0000	5	2	2	0.150264204020844	0.154692404946283	62 fp	-2.6	fp	2
#FF0000	5	1	1	0.154692404946283	0.160014648965909	63 fp	-2.6	fp	2
#FF0000	5	1	1	0.160014648965909	0.17617959772259	64 fp	-2.6	fp	2
#FF0000	5	1	1	0.17617959772259	0.230766790260752	65 fp	-2.6	fp	2
#FF0000	5	1	1	0.230766790260752	0.290127201254248	66 fp	-2.6	fp	2
#FF0000	5	1	1	0.290127201254248	0.357498149931449	67 fp	-2.6	fp	2
#FF0000	5	1	1	0.357498149931449	0.429819439203049	68 fp	-2.6	fp	2
#FF0000	5	1	1	0.429819439203049	0.500069741106155	69 fp	-2.6	fp	2
#FF0000	5	1	1	0.500069741106155	0.565622015100891	70 fp	-2.6	fp	2
#FF0000	5	1	1	0.565622015100891	0.636775297512862	71 fp	-2.6	fp	2
#FF0000	5	1	1	0.636775297512862	0.720963935085013	72 fp	-2.6	fp	2
#FF0000	5	1	1	0.720963935085013	0.798460346991025	73 fp	-2.6	fp	2
#FF0000	5	1	1	0.798460346991025	0.849305959210717	74 fp	-2.6	fp	2
#FF0000	5	1	1	0.849305959210717	0.871576126219512	75 fp	-2.6	fp	2
#FF0000	5	1	1	0.871576126219512	0.884288958667604	76 fp	-2.6	fp	2
#FF0000	5	1	1	0.884288958667604	0.890780884564379	77 fp	-2.6	fp	2
#FF0000	5	1	1	0.890780884564379	0.896553156912058	78 fp	-2.6	fp	2
#FF0000	5	1	1	0.896553156912058	0.930077671721376	79 fp	-2.6	fp	2
#FF0000	5	1	1	0.930077671721376	1.03699714183	80 fp	-2.6	fp	2
#FF0000	5	1	1	1.03699714183	1.24624236616762	81 fp	-2.6	fp	2
#FF0000	5	1	1	1.24624236616762	1.70975792954182	82 fp	-2.6	fp	2
#FF0000	5	1	1	1.70975792954182	2.12471583652272	83 fp	-2.6	fp	2
#FF0000	5	1	1	2.12471583652272	2.209117077427	84 fp	-2.6	fp	2
#FF0000	5	0	0	2.209117077427	2.21134473755411	85 fp	-2.6	fp	2
#FF0000	5	0	0	2.21134473755411	2.21670036254483	86 fp	-2.6	fp	2
#FF0000	5	0	0	2.21670036254483	2.23574346999361	87 fp	-2.6	fp	2
#FF0000	5	0	0	2.23574346999361	2.27202167482109	88 fp	-2.6	fp	2
#FF0000	5	0	0	2.27202167482109	2.33013185266439	89 fp	-2.6	fp	2
#FF0000	5	0	0	2.33013185266439	2.46424023788386	90 fp	-2.6	fp	2
#FF0000	5	0	0	2.46424023788386	2.61677404945841	91 fp	-2.6	fp	2
#FF0000	5	0	0	2.61677404945841	2.78733141115971	92 fp	-2.6	fp	2
#FF0000	5	0	0	2.78733141115971	2.94303290928695	93 fp	-2.6	fp	2
#FF0000	5	0	0	2.94303290928695	3.00307133469279	94 fp	-2.6	fp	2
#FF0000	5	0	0	3.00307133469279	3.17914964432613	95 fp	-2.6	fp	2
#FF0000	5	0	0	3.17914964432613	3.2999156181828	96 fp	-2.6	fp	2
#FF0000	5	0	0	3.2999156181828	3.45544167141667	97 fp	-2.6	fp	2
#FF0000	5	0	0	3.45544167141667	3.58069438727239	98 fp	-2.6	fp	2
#FF0000	5	0	0	3.58069438727239	3.69154915755908	99 fp	-2.6	fp	2
#FF0000	5	0	0	3.69154915755908	3.79359937511402	100 fp	-2.6	fp	2
#FF0000	5	0	0	3.79359937511402	3.86932352912579	101 fp	-2.6	fp	2
#FF0000	5	0	0	3.86932352912579	3.89218502728824	102 fp	-2.6	fp	2
#FF0000	5	0	0	3.89218502728824	3.89493403729749	103 fp	-2.6	fp	2
#FF0000	5	0	0	3.89493403729749	3.89842198680348	104 fp	-2.6	fp	2
#FF0000	5	0	0	3.89842198680348	3.93343418671039	105 fp	-2.6	fp	2
#FF0000	5	0	0	3.93343418671039	4.02633655843005	106 fp	-2.6	fp	2
#FF0000	5	0	0	4.02633655843005	4.42835586004406	107 fp	-2.6	fp	2
#FF0000	5	0	0	4.42835586004406	5.66445996016731	108 fp	-2.6	fp	2
#FF0000	5	0	0	5.66445996016731	9.08500842897606	109 fp	-2.6	fp	2
#FF0000	5	6	6	-13.3670578848165	-4.94650941600775	55 fp	-2.4	fp	2
#FF0000	5	6	6	-4.94650941600775	-1.63600804220391	56 fp	-2.4	fp	2
#FF0000	5	5	5	-1.63600804220391	-0.738074065155825	57 fp	-2.4	fp	2
#FF0000	5	2	2	-0.738074065155825	-0.287505566190346	58 fp	-2.4	fp	2
#FF0000	5	2	2	-0.287505566190346	-0.12049864688413	59 fp	-2.4	fp	2
#FF0000	5	2	2	-0.12049864688413	-0.0567297489066148	60 fp	-2.4	fp	2
#FF0000	5	2	2	-0.0567297489066148	-0.0497357959791556	61 fp	-2.4	fp	2
#FF0000	5	2	2	-0.0497357959791556	-0.0453075950537158	62 fp	-2.4	fp	2
#FF0000	5	1	1	-0.0453075950537158	-0.0399853510340904	63 fp	-2.4	fp	2
#FF0000	5	1	1	-0.0399853510340904	-0.0238204022774093	64 fp	-2.4	fp	2
#FF0000	5	1	1	-0.0238204022774093	0.0307667902607527	65 fp	-2.4	fp	2
#FF0000	5	1	1	0.0307667902607527	0.0901272012542487	66 fp	-2.4	fp	2
#FF0000	5	1	1	0.0901272012542487	0.15749814993145	67 fp	-2.4	fp	2
#FF0000	5	1	1	0.15749814993145	0.22981943920305	68 fp	-2.4	fp	2
#FF0000	5	1	1	0.22981943920305	0.300069741106156	69 fp	-2.4	fp	2
#FF0000	5	1	1	0.300069741106156	0.365622015100891	70 fp	-2.4	fp	2
#FF0000	5	1	1	0.365622015100891	0.436775297512863	71 fp	-2.4	fp	2
#FF0000	5	1	1	0.436775297512863	0.520963935085014	72 fp	-2.4	fp	2
#FF0000	5	1	1	0.520963935085014	0.598460346991026	73 fp	-2.4	fp	2
#FF0000	5	1	1	0.598460346991026	0.649305959210718	74 fp	-2.4	fp	2
#FF0000	5	1	1	0.649305959210718	0.671576126219513	75 fp	-2.4	fp	2
#FF0000	5	1	1	0.671576126219513	0.684288958667604	76 fp	-2.4	fp	2
#FF0000	5	1	1	0.684288958667604	0.690780884564379	77 fp	-2.4	fp	2
#FF0000	5	1	1	0.690780884564379	0.696553156912058	78 fp	-2.4	fp	2
#FF0000	5	1	1	0.696553156912058	0.730077671721377	79 fp	-2.4	fp	2
#FF0000	5	1	1	0.730077671721377	0.83699714183	80 fp	-2.4	fp	2
#FF0000	5	1	1	0.83699714183	1.04624236616762	81 fp	-2.4	fp	2
#FF0000	5	1	1	1.04624236616762	1.50975792954182	82 fp	-2.4	fp	2
#FF0000	5	1	1	1.50975792954182	1.92471583652272	83 fp	-2.4	fp	2
#FF0000	5	1	1	1.92471583652272	2.00911707742701	84 fp	-2.4	fp	2
#FF0000	5	0	0	2.00911707742701	2.01134473755411	85 fp	-2.4	fp	2
#FF0000	5	0	0	2.01134473755411	2.01670036254483	86 fp	-2.4	fp	2
#FF0000	5	0	0	2.01670036254483	2.03574346999361	87 fp	-2.4	fp	2
#FF0000	5	0	0	2.03574346999361	2.07202167482109	88 fp	-2.4	fp	2
#FF0000	5	0	0	2.07202167482109	2.13013185266439	89 fp	-2.4	fp	2
#FF0000	5	0	0	2.13013185266439	2.26424023788386	90 fp	-2.4	fp	2
#FF0000	5	0	0	2.26424023788386	2.41677404945841	91 fp	-2.4	fp	2
#FF0000	5	0	0	2.41677404945841	2.58733141115971	92 fp	-2.4	fp	2
#FF0000	5	0	0	2.58733141115971	2.74303290928695	93 fp	-2.4	fp	2
#FF0000	5	0	0	2.74303290928695	2.8030713346928	94 fp	-2.4	fp	2
#FF0000	5	0	0	2.8030713346928	2.97914964432613	95 fp	-2.4	fp	2
#FF0000	5	0	0	2.97914964432613	3.0999156181828	96 fp	-2.4	fp	2
#FF0000	5	0	0	3.0999156181828	3.25544167141667	97 fp	-2.4	fp	2
#FF0000	5	0	0	3.25544167141667	3.38069438727239	98 fp	-2.4	fp	2
#FF0000	5	0	0	3.38069438727239	3.49154915755908	99 fp	-2.4	fp	2
#FF0000	5	0	0	3.49154915755908	3.59359937511402	100 fp	-2.4	fp	2
#FF0000	5	0	0	3.59359937511402	3.66932352912579	101 fp	-2.4	fp	2
#FF0000	5	0	0	3.66932352912579	3.69218502728824	102 fp	-2.4	fp	2
#FF0000	5	0	0	3.69218502728824	3.69493403729749	103 fp	-2.4	fp	2
#FF0000	5	0	0	3.69493403729749	3.69842198680348	104 fp	-2.4	fp	2
#FF0000	5	0	0	3.69842198680348	3.73343418671039	105 fp	-2.4	fp	2
#FF0000	5	0	0	3.73343418671039	3.82633655843005	106 fp	-2.4	fp	2
#FF0000	5	0	0	3.82633655843005	4.22835586004406	107 fp	-2.4	fp	2
#FF0000	5	0	0	4.22835586004406	5.46445996016731	108 fp	-2.4	fp	2
#FF0000	5	0	0	5.46445996016731	9.08500842897606	109 fp	-2.4	fp	2
#FF0000	5	6	6	-13.3670578848165	-5.14650941600775	55 fp	-2.2	fp	2
#FF0000	5	6	6	-5.14650941600775	-1.83600804220391	56 fp	-2.2	fp	2
#FF0000	5	5	5	-1.83600804220391	-0.938074065155826	57 fp	-2.2	fp	2
#FF0000	5	2	2	-0.938074065155826	-0.487505566190347	58 fp	-2.2	fp	2
#FF0000	5	2	2	-0.487505566190347	-0.320498646884131	59 fp	-2.2	fp	2
#FF0000	5	2	2	-0.320498646884131	-0.256729748906616	60 fp	-2.2	fp	2
#FF0000	5	2	2	-0.256729748906616	-0.249735795979157	61 fp	-2.2	fp	2
#FF0000	5	2	2	-0.249735795979157	-0.245307595053717	62 fp	-2.2	fp	2
#FF0000	5	1	1	-0.245307595053717	-0.239985351034091	63 fp	-2.2	fp	2
#FF0000	5	1	1	-0.239985351034091	-0.22382040227741	64 fp	-2.2	fp	2
#FF0000	5	1	1	-0.22382040227741	-0.169233209739248	65 fp	-2.2	fp	2
#FF0000	5	1	1	-0.169233209739248	-0.109872798745752	66 fp	-2.2	fp	2
#FF0000	5	1	1	-0.109872798745752	-0.0425018500685512	67 fp	-2.2	fp	2
#FF0000	5	1	1	-0.0425018500685512	0.0298194392030489	68 fp	-2.2	fp	2
#FF0000	5	1	1	0.0298194392030489	0.100069741106155	69 fp	-2.2	fp	2
#FF0000	5	1	1	0.100069741106155	0.16562201510089	70 fp	-2.2	fp	2
#FF0000	5	1	1	0.16562201510089	0.236775297512862	71 fp	-2.2	fp	2
#FF0000	5	1	1	0.236775297512862	0.320963935085013	72 fp	-2.2	fp	2
#FF0000	5	1	1	0.320963935085013	0.398460346991024	73 fp	-2.2	fp	2
#FF0000	5	1	1	0.398460346991024	0.449305959210717	74 fp	-2.2	fp	2
#FF0000	5	1	1	0.449305959210717	0.471576126219512	75 fp	-2.2	fp	2
#FF0000	5	1	1	0.471576126219512	0.484288958667603	76 fp	-2.2	fp	2
#FF0000	5	1	1	0.484288958667603	0.490780884564378	77 fp	-2.2	fp	2
#FF0000	5	1	1	0.490780884564378	0.496553156912057	78 fp	-2.2	fp	2
#FF0000	5	1	1	0.496553156912057	0.530077671721376	79 fp	-2.2	fp	2
#FF0000	5	1	1	0.530077671721376	0.636997141829999	80 fp	-2.2	fp	2
#FF0000	5	1	1	0.636997141829999	0.846242366167616	81 fp	-2.2	fp	2
#FF0000	5	1	1	0.846242366167616	1.30975792954182	82 fp	-2.2	fp	2
#FF0000	5	1	1	1.30975792954182	1.72471583652272	83 fp	-2.2	fp	2
#FF0000	5	1	1	1.72471583652272	1.809117077427	84 fp	-2.2	fp	2
#FF0000	5	0	0	1.809117077427	1.81134473755411	85 fp	-2.2	fp	2
#FF0000	5	0	0	1.81134473755411	1.81670036254483	86 fp	-2.2	fp	2
#FF0000	5	0	0	1.81670036254483	1.83574346999361	87 fp	-2.2	fp	2
#FF0000	5	0	0	1.83574346999361	1.87202167482109	88 fp	-2.2	fp	2
#FF0000	5	0	0	1.87202167482109	1.93013185266439	89 fp	-2.2	fp	2
#FF0000	5	0	0	1.93013185266439	2.06424023788386	90 fp	-2.2	fp	2
#FF0000	5	0	0	2.06424023788386	2.21677404945841	91 fp	-2.2	fp	2
#FF0000	5	0	0	2.21677404945841	2.38733141115971	92 fp	-2.2	fp	2
#FF0000	5	0	0	2.38733141115971	2.54303290928694	93 fp	-2.2	fp	2
#FF0000	5	0	0	2.54303290928694	2.60307133469279	94 fp	-2.2	fp	2
#FF0000	5	0	0	2.60307133469279	2.77914964432613	95 fp	-2.2	fp	2
#FF0000	5	0	0	2.77914964432613	2.8999156181828	96 fp	-2.2	fp	2
#FF0000	5	0	0	2.8999156181828	3.05544167141666	97 fp	-2.2	fp	2
#FF0000	5	0	0	3.05544167141666	3.18069438727239	98 fp	-2.2	fp	2
#FF0000	5	0	0	3.18069438727239	3.29154915755908	99 fp	-2.2	fp	2
#FF0000	5	0	0	3.29154915755908	3.39359937511402	100 fp	-2.2	fp	2
#FF0000	5	0	0	3.39359937511402	3.46932352912579	101 fp	-2.2	fp	2
#FF0000	5	0	0	3.46932352912579	3.49218502728824	102 fp	-2.2	fp	2
#FF0000	5	0	0	3.49218502728824	3.49493403729749	103 fp	-2.2	fp	2
#FF0000	5	0	0	3.49493403729749	3.49842198680348	104 fp	-2.2	fp	2
#FF0000	5	0	0	3.49842198680348	3.53343418671039	105 fp	-2.2	fp	2
#FF0000	5	0	0	3.53343418671039	3.62633655843005	106 fp	-2.2	fp	2
#FF0000	5	0	0	3.62633655843005	4.02835586004406	107 fp	-2.2	fp	2
#FF0000	5	0	0	4.02835586004406	5.26445996016731	108 fp	-2.2	fp	2
#FF0000	5	0	0	5.26445996016731	9.08500842897606	109 fp	-2.2	fp	2
#FF0000	5	6	6	-13.3670578848165	-5.34650941600775	55 fp	-2	fp	2
#FF0000	5	6	6	-5.34650941600775	-2.03600804220391	56 fp	-2	fp	2
#FF0000	5	5	5	-2.03600804220391	-1.13807406515583	57 fp	-2	fp	2
#FF0000	5	2	2	-1.13807406515583	-0.687505566190346	58 fp	-2	fp	2
#FF0000	5	2	2	-0.687505566190346	-0.52049864688413	59 fp	-2	fp	2
#FF0000	5	2	2	-0.52049864688413	-0.456729748906615	60 fp	-2	fp	2
#FF0000	5	2	2	-0.456729748906615	-0.449735795979156	61 fp	-2	fp	2
#FF0000	5	2	2	-0.449735795979156	-0.445307595053716	62 fp	-2	fp	2
#FF0000	5	1	1	-0.445307595053716	-0.439985351034091	63 fp	-2	fp	2
#FF0000	5	1	1	-0.439985351034091	-0.42382040227741	64 fp	-2	fp	2
#FF0000	5	1	1	-0.42382040227741	-0.369233209739248	65 fp	-2	fp	2
#FF0000	5	1	1	-0.369233209739248	-0.309872798745752	66 fp	-2	fp	2
#FF0000	5	1	1	-0.309872798745752	-0.242501850068551	67 fp	-2	fp	2
#FF0000	5	1	1	-0.242501850068551	-0.17018056079695	68 fp	-2	fp	2
#FF0000	5	1	1	-0.17018056079695	-0.0999302588938447	69 fp	-2	fp	2
#FF0000	5	1	1	-0.0999302588938447	-0.034377984899109	70 fp	-2	fp	2
#FF0000	5	1	1	-0.034377984899109	0.0367752975128628	71 fp	-2	fp	2
#FF0000	5	1	1	0.0367752975128628	0.120963935085014	72 fp	-2	fp	2
#FF0000	5	1	1	0.120963935085014	0.198460346991025	73 fp	-2	fp	2
#FF0000	5	1	1	0.198460346991025	0.249305959210718	74 fp	-2	fp	2
#FF0000	5	1	1	0.249305959210718	0.271576126219513	75 fp	-2	fp	2
#FF0000	5	1	1	0.271576126219513	0.284288958667604	76 fp	-2	fp	2
#FF0000	5	1	1	0.284288958667604	0.290780884564379	77 fp	-2	fp	2
#FF0000	5	1	1	0.290780884564379	0.296553156912058	78 fp	-2	fp	2
#FF0000	5	1	1	0.296553156912058	0.330077671721377	79 fp	-2	fp	2
#FF0000	5	1	1	0.330077671721377	0.43699714183	80 fp	-2	fp	2
#FF0000	5	1	1	0.43699714183	0.646242366167616	81 fp	-2	fp	2
#FF0000	5	1	1	0.646242366167616	1.10975792954182	82 fp	-2	fp	2
#FF0000	5	1	1	1.10975792954182	1.52471583652272	83 fp	-2	fp	2
#FF0000	5	1	1	1.52471583652272	1.609117077427	84 fp	-2	fp	2
#FF0000	5	0	0	1.609117077427	1.61134473755411	85 fp	-2	fp	2
#FF0000	5	0	0	1.61134473755411	1.61670036254483	86 fp	-2	fp	2
#FF0000	5	0	0	1.61670036254483	1.63574346999361	87 fp	-2	fp	2
#FF0000	5	0	0	1.63574346999361	1.67202167482109	88 fp	-2	fp	2
#FF0000	5	0	0	1.67202167482109	1.73013185266439	89 fp	-2	fp	2
#FF0000	5	0	0	1.73013185266439	1.86424023788386	90 fp	-2	fp	2
#FF0000	5	0	0	1.86424023788386	2.01677404945841	91 fp	-2	fp	2
#FF0000	5	0	0	2.01677404945841	2.18733141115971	92 fp	-2	fp	2
#FF0000	5	0	0	2.18733141115971	2.34303290928695	93 fp	-2	fp	2
#FF0000	5	0	0	2.34303290928695	2.4030713346928	94 fp	-2	fp	2
#FF0000	5	0	0	2.4030713346928	2.57914964432613	95 fp	-2	fp	2
#FF0000	5	0	0	2.57914964432613	2.6999156181828	96 fp	-2	fp	2
#FF0000	5	0	0	2.6999156181828	2.85544167141667	97 fp	-2	fp	2
#FF0000	5	0	0	2.85544167141667	2.98069438727239	98 fp	-2	fp	2
#FF0000	5	0	0	2.98069438727239	3.09154915755908	99 fp	-2	fp	2
#FF0000	5	0	0	3.09154915755908	3.19359937511402	100 fp	-2	fp	2
#FF0000	5	0	0	3.19359937511402	3.26932352912579	101 fp	-2	fp	2
#FF0000	5	0	0	3.26932352912579	3.29218502728824	102 fp	-2	fp	2
#FF0000	5	0	0	3.29218502728824	3.29493403729749	103 fp	-2	fp	2
#FF0000	5	0	0	3.29493403729749	3.29842198680348	104 fp	-2	fp	2
#FF0000	5	0	0	3.29842198680348	3.33343418671039	105 fp	-2	fp	2
#FF0000	5	0	0	3.33343418671039	3.42633655843005	106 fp	-2	fp	2
#FF0000	5	0	0	3.42633655843005	3.82835586004406	107 fp	-2	fp	2
#FF0000	5	0	0	3.82835586004406	5.06445996016731	108 fp	-2	fp	2
#FF0000	5	0	0	5.06445996016731	9.08500842897606	109 fp	-2	fp	2
#FF0000	5	6	6	-13.3670578848165	-5.54650941600775	55 fp	-1.8	fp	2
#FF0000	5	6	6	-5.54650941600775	-2.23600804220391	56 fp	-1.8	fp	2
#FF0000	5	5	5	-2.23600804220391	-1.33807406515582	57 fp	-1.8	fp	2
#FF0000	5	2	2	-1.33807406515582	-0.887505566190345	58 fp	-1.8	fp	2
#FF0000	5	2	2	-0.887505566190345	-0.72049864688413	59 fp	-1.8	fp	2
#FF0000	5	2	2	-0.72049864688413	-0.656729748906614	60 fp	-1.8	fp	2
#FF0000	5	2	2	-0.656729748906614	-0.649735795979155	61 fp	-1.8	fp	2
#FF0000	5	2	2	-0.649735795979155	-0.645307595053716	62 fp	-1.8	fp	2
#FF0000	5	1	1	-0.645307595053716	-0.63998535103409	63 fp	-1.8	fp	2
#FF0000	5	1	1	-0.63998535103409	-0.623820402277409	64 fp	-1.8	fp	2
#FF0000	5	1	1	-0.623820402277409	-0.569233209739247	65 fp	-1.8	fp	2
#FF0000	5	1	1	-0.569233209739247	-0.509872798745751	66 fp	-1.8	fp	2
#FF0000	5	1	1	-0.509872798745751	-0.44250185006855	67 fp	-1.8	fp	2
#FF0000	5	1	1	-0.44250185006855	-0.37018056079695	68 fp	-1.8	fp	2
#FF0000	5	1	1	-0.37018056079695	-0.299930258893844	69 fp	-1.8	fp	2
#FF0000	5	1	1	-0.299930258893844	-0.234377984899108	70 fp	-1.8	fp	2
#FF0000	5	1	1	-0.234377984899108	-0.163224702487137	71 fp	-1.8	fp	2
#FF0000	5	1	1	-0.163224702487137	-0.0790360649149857	72 fp	-1.8	fp	2
#FF0000	5	1	1	-0.0790360649149857	-0.00153965300897418	73 fp	-1.8	fp	2
#FF0000	5	1	1	-0.00153965300897418	0.0493059592107183	74 fp	-1.8	fp	2
#FF0000	5	1	1	0.0493059592107183	0.0715761262195134	75 fp	-1.8	fp	2
#FF0000	5	1	1	0.0715761262195134	0.0842889586676048	76 fp	-1.8	fp	2
#FF0000	5	1	1	0.0842889586676048	0.0907808845643796	77 fp	-1.8	fp	2
#FF0000	5	1	1	0.0907808845643796	0.0965531569120586	78 fp	-1.8	fp	2
#FF0000	5	1	1	0.0965531569120586	0.130077671721377	79 fp	-1.8	fp	2
#FF0000	5	1	1	0.130077671721377	0.236997141830001	80 fp	-1.8	fp	2
#FF0000	5	1	1	0.236997141830001	0.446242366167617	81 fp	-1.8	fp	2
#FF0000	5	1	1	0.446242366167617	0.909757929541817	82 fp	-1.8	fp	2
#FF0000	5	1	1	0.909757929541817	1.32471583652272	83 fp	-1.8	fp	2
#FF0000	5	1	1	1.32471583652272	1.40911707742701	84 fp	-1.8	fp	2
#FF0000	5	0	0	1.40911707742701	1.41134473755411	85 fp	-1.8	fp	2
#FF0000	5	0	0	1.41134473755411	1.41670036254483	86 fp	-1.8	fp	2
#FF0000	5	0	0	1.41670036254483	1.43574346999361	87 fp	-1.8	fp	2
#FF0000	5	0	0	1.43574346999361	1.47202167482109	88 fp	-1.8	fp	2
#FF0000	5	0	0	1.47202167482109	1.53013185266439	89 fp	-1.8	fp	2
#FF0000	5	0	0	1.53013185266439	1.66424023788386	90 fp	-1.8	fp	2
#FF0000	5	0	0	1.66424023788386	1.81677404945841	91 fp	-1.8	fp	2
#FF0000	5	0	0	1.81677404945841	1.98733141115971	92 fp	-1.8	fp	2
#FF0000	5	0	0	1.98733141115971	2.14303290928695	93 fp	-1.8	fp	2
#FF0000	5	0	0	2.14303290928695	2.2030713346928	94 fp	-1.8	fp	2
#FF0000	5	0	0	2.2030713346928	2.37914964432613	95 fp	-1.8	fp	2
#FF0000	5	0	0	2.37914964432613	2.4999156181828	96 fp	-1.8	fp	2
#FF0000	5	0	0	2.4999156181828	2.65544167141667	97 fp	-1.8	fp	2
#FF0000	5	0	0	2.65544167141667	2.78069438727239	98 fp	-1.8	fp	2
#FF0000	5	0	0	2.78069438727239	2.89154915755908	99 fp	-1.8	fp	2
#FF0000	5	0	0	2.89154915755908	2.99359937511402	100 fp	-1.8	fp	2
#FF0000	5	0	0	2.99359937511402	3.06932352912579	101 fp	-1.8	fp	2
#FF0000	5	0	0	3.06932352912579	3.09218502728824	102 fp	-1.8	fp	2
#FF0000	5	0	0	3.09218502728824	3.09493403729749	103 fp	-1.8	fp	2
#FF0000	5	0	0	3.09493403729749	3.09842198680348	104 fp	-1.8	fp	2
#FF0000	5	0	0	3.09842198680348	3.13343418671039	105 fp	-1.8	fp	2
#FF0000	5	0	0	3.13343418671039	3.22633655843005	106 fp	-1.8	fp	2
#FF0000	5	0	0	3.22633655843005	3.62835586004406	107 fp	-1.8	fp	2
#FF0000	5	0	0	3.62835586004406	4.86445996016731	108 fp	-1.8	fp	2
#FF0000	5	0	0	4.86445996016731	9.08500842897606	109 fp	-1.8	fp	2
#FF0000	5	6	6	-13.3670578848165	-5.74650941600775	55 fp	-1.6	fp	2
#FF0000	5	6	6	-5.74650941600775	-2.43600804220391	56 fp	-1.6	fp	2
#FF0000	5	5	5	-2.43600804220391	-1.53807406515583	57 fp	-1.6	fp	2
#FF0000	5	2	2	-1.53807406515583	-1.08750556619035	58 fp	-1.6	fp	2
#FF0000	5	2	2	-1.08750556619035	-0.920498646884131	59 fp	-1.6	fp	2
#FF0000	5	2	2	-0.920498646884131	-0.856729748906616	60 fp	-1.6	fp	2
#FF0000	5	2	2	-0.856729748906616	-0.849735795979156	61 fp	-1.6	fp	2
#FF0000	5	2	2	-0.849735795979156	-0.845307595053717	62 fp	-1.6	fp	2
#FF0000	5	1	1	-0.845307595053717	-0.839985351034091	63 fp	-1.6	fp	2
#FF0000	5	1	1	-0.839985351034091	-0.82382040227741	64 fp	-1.6	fp	2
#FF0000	5	1	1	-0.82382040227741	-0.769233209739248	65 fp	-1.6	fp	2
#FF0000	5	1	1	-0.769233209739248	-0.709872798745752	66 fp	-1.6	fp	2
#FF0000	5	1	1	-0.709872798745752	-0.642501850068551	67 fp	-1.6	fp	2
#FF0000	5	1	1	-0.642501850068551	-0.570180560796951	68 fp	-1.6	fp	2
#FF0000	5	1	1	-0.570180560796951	-0.499930258893845	69 fp	-1.6	fp	2
#FF0000	5	1	1	-0.499930258893845	-0.434377984899109	70 fp	-1.6	fp	2
#FF0000	5	1	1	-0.434377984899109	-0.363224702487138	71 fp	-1.6	fp	2
#FF0000	5	1	1	-0.363224702487138	-0.279036064914987	72 fp	-1.6	fp	2
#FF0000	5	1	1	-0.279036064914987	-0.201539653008975	73 fp	-1.6	fp	2
#FF0000	5	1	1	-0.201539653008975	-0.150694040789283	74 fp	-1.6	fp	2
#FF0000	5	1	1	-0.150694040789283	-0.128423873780488	75 fp	-1.6	fp	2
#FF0000	5	1	1	-0.128423873780488	-0.115711041332396	76 fp	-1.6	fp	2
#FF0000	5	1	1	-0.115711041332396	-0.109219115435621	77 fp	-1.6	fp	2
#FF0000	5	1	1	-0.109219115435621	-0.103446843087943	78 fp	-1.6	fp	2
#FF0000	5	1	1	-0.103446843087943	-0.0699223282786239	79 fp	-1.6	fp	2
#FF0000	5	1	1	-0.0699223282786239	0.0369971418299997	80 fp	-1.6	fp	2
#FF0000	5	1	1	0.0369971418299997	0.246242366167616	81 fp	-1.6	fp	2
#FF0000	5	1	1	0.246242366167616	0.709757929541816	82 fp	-1.6	fp	2
#FF0000	5	1	1	0.709757929541816	1.12471583652272	83 fp	-1.6	fp	2
#FF0000	5	1	1	1.12471583652272	1.209117077427	84 fp	-1.6	fp	2
#FF0000	5	0	0	1.209117077427	1.21134473755411	85 fp	-1.6	fp	2
#FF0000	5	0	0	1.21134473755411	1.21670036254483	86 fp	-1.6	fp	2
#FF0000	5	0	0	1.21670036254483	1.23574346999361	87 fp	-1.6	fp	2
#FF0000	5	0	0	1.23574346999361	1.27202167482109	88 fp	-1.6	fp	2
#FF0000	5	0	0	1.27202167482109	1.33013185266439	89 fp	-1.6	fp	2
#FF0000	5	0	0	1.33013185266439	1.46424023788386	90 fp	-1.6	fp	2
#FF0000	5	0	0	1.46424023788386	1.61677404945841	91 fp	-1.6	fp	2
#FF0000	5	0	0	1.61677404945841	1.78733141115971	92 fp	-1.6	fp	2
#FF0000	5	0	0	1.78733141115971	1.94303290928695	93 fp	-1.6	fp	2
#FF0000	5	0	0	1.94303290928695	2.00307133469279	94 fp	-1.6	fp	2
#FF0000	5	0	0	2.00307133469279	2.17914964432613	95 fp	-1.6	fp	2
#FF0000	5	0	0	2.17914964432613	2.2999156181828	96 fp	-1.6	fp	2
#FF0000	5	0	0	2.2999156181828	2.45544167141667	97 fp	-1.6	fp	2
#FF0000	5	0	0	2.45544167141667	2.58069438727239	98 fp	-1.6	fp	2
#FF0000	5	0	0	2.58069438727239	2.69154915755908	99 fp	-1.6	fp	2
#FF0000	5	0	0	2.69154915755908	2.79359937511402	100 fp	-1.6	fp	2
#FF0000	5	0	0	2.79359937511402	2.86932352912579	101 fp	-1.6	fp	2
#FF0000	5	0	0	2.86932352912579	2.89218502728824	102 fp	-1.6	fp	2
#FF0000	5	0	0	2.89218502728824	2.89493403729749	103 fp	-1.6	fp	2
#FF0000	5	0	0	2.89493403729749	2.89842198680348	104 fp	-1.6	fp	2
#FF0000	5	0	0	2.89842198680348	2.93343418671039	105 fp	-1.6	fp	2
#FF0000	5	0	0	2.93343418671039	3.02633655843005	106 fp	-1.6	fp	2
#FF0000	5	0	0	3.02633655843005	3.42835586004406	107 fp	-1.6	fp	2
#FF0000	5	0	0	3.42835586004406	4.66445996016731	108 fp	-1.6	fp	2
#FF0000	5	0	0	4.66445996016731	9.08500842897606	109 fp	-1.6	fp	2
#FF0000	5	6	6	-13.3670578848165	-5.94650941600775	55 fp	-1.4	fp	2
#FF0000	5	6	6	-5.94650941600775	-2.63600804220391	56 fp	-1.4	fp	2
#FF0000	5	5	5	-2.63600804220391	-1.73807406515582	57 fp	-1.4	fp	2
#FF0000	5	2	2	-1.73807406515582	-1.28750556619035	58 fp	-1.4	fp	2
#FF0000	5	2	2	-1.28750556619035	-1.12049864688413	59 fp	-1.4	fp	2
#FF0000	5	2	2	-1.12049864688413	-1.05672974890661	60 fp	-1.4	fp	2
#FF0000	5	2	2	-1.05672974890661	-1.04973579597916	61 fp	-1.4	fp	2
#FF0000	5	2	2	-1.04973579597916	-1.04530759505372	62 fp	-1.4	fp	2
#FF0000	5	1	1	-1.04530759505372	-1.03998535103409	63 fp	-1.4	fp	2
#FF0000	5	1	1	-1.03998535103409	-1.02382040227741	64 fp	-1.4	fp	2
#FF0000	5	1	1	-1.02382040227741	-0.969233209739247	65 fp	-1.4	fp	2
#FF0000	5	1	1	-0.969233209739247	-0.909872798745751	66 fp	-1.4	fp	2
#FF0000	5	1	1	-0.909872798745751	-0.84250185006855	67 fp	-1.4	fp	2
#FF0000	5	1	1	-0.84250185006855	-0.77018056079695	68 fp	-1.4	fp	2
#FF0000	5	1	1	-0.77018056079695	-0.699930258893844	69 fp	-1.4	fp	2
#FF0000	5	1	1	-0.699930258893844	-0.634377984899109	70 fp	-1.4	fp	2
#FF0000	5	1	1	-0.634377984899109	-0.563224702487137	71 fp	-1.4	fp	2
#FF0000	5	1	1	-0.563224702487137	-0.479036064914986	72 fp	-1.4	fp	2
#FF0000	5	1	1	-0.479036064914986	-0.401539653008975	73 fp	-1.4	fp	2
#FF0000	5	1	1	-0.401539653008975	-0.350694040789282	74 fp	-1.4	fp	2
#FF0000	5	1	1	-0.350694040789282	-0.328423873780487	75 fp	-1.4	fp	2
#FF0000	5	1	1	-0.328423873780487	-0.315711041332396	76 fp	-1.4	fp	2
#FF0000	5	1	1	-0.315711041332396	-0.309219115435621	77 fp	-1.4	fp	2
#FF0000	5	1	1	-0.309219115435621	-0.303446843087942	78 fp	-1.4	fp	2
#FF0000	5	1	1	-0.303446843087942	-0.269922328278623	79 fp	-1.4	fp	2
#FF0000	5	1	1	-0.269922328278623	-0.16300285817	80 fp	-1.4	fp	2
#FF0000	5	1	1	-0.16300285817	0.0462423661676166	81 fp	-1.4	fp	2
#FF0000	5	1	1	0.0462423661676166	0.509757929541816	82 fp	-1.4	fp	2
#FF0000	5	1	1	0.509757929541816	0.924715836522717	83 fp	-1.4	fp	2
#FF0000	5	1	1	0.924715836522717	1.00911707742701	84 fp	-1.4	fp	2
#FF0000	5	0	0	1.00911707742701	1.01134473755411	85 fp	-1.4	fp	2
#FF0000	5	0	0	1.01134473755411	1.01670036254483	86 fp	-1.4	fp	2
#FF0000	5	0	0	1.01670036254483	1.03574346999361	87 fp	-1.4	fp	2
#FF0000	5	0	0	1.03574346999361	1.07202167482109	88 fp	-1.4	fp	2
#FF0000	5	0	0	1.07202167482109	1.13013185266439	89 fp	-1.4	fp	2
#FF0000	5	0	0	1.13013185266439	1.26424023788386	90 fp	-1.4	fp	2
#FF0000	5	0	0	1.26424023788386	1.41677404945841	91 fp	-1.4	fp	2
#FF0000	5	0	0	1.41677404945841	1.58733141115971	92 fp	-1.4	fp	2
#FF0000	5	0	0	1.58733141115971	1.74303290928695	93 fp	-1.4	fp	2
#FF0000	5	0	0	1.74303290928695	1.8030713346928	94 fp	-1.4	fp	2
#FF0000	5	0	0	1.8030713346928	1.97914964432613	95 fp	-1.4	fp	2
#FF0000	5	0	0	1.97914964432613	2.0999156181828	96 fp	-1.4	fp	2
#FF0000	5	0	0	2.0999156181828	2.25544167141667	97 fp	-1.4	fp	2
#FF0000	5	0	0	2.25544167141667	2.38069438727239	98 fp	-1.4	fp	2
#FF0000	5	0	0	2.38069438727239	2.49154915755908	99 fp	-1.4	fp	2
#FF0000	5	0	0	2.49154915755908	2.59359937511402	100 fp	-1.4	fp	2
#FF0000	5	0	0	2.59359937511402	2.66932352912579	101 fp	-1.4	fp	2
#FF0000	5	0	0	2.66932352912579	2.69218502728824	102 fp	-1.4	fp	2
#FF0000	5	0	0	2.69218502728824	2.69493403729749	103 fp	-1.4	fp	2
#FF0000	5	0	0	2.69493403729749	2.69842198680348	104 fp	-1.4	fp	2
#FF0000	5	0	0	2.69842198680348	2.73343418671039	105 fp	-1.4	fp	2
#FF0000	5	0	0	2.73343418671039	2.82633655843005	106 fp	-1.4	fp	2
#FF0000	5	0	0	2.82633655843005	3.22835586004406	107 fp	-1.4	fp	2
#FF0000	5	0	0	3.22835586004406	4.46445996016731	108 fp	-1.4	fp	2
#FF0000	5	0	0	4.46445996016731	9.08500842897606	109 fp	-1.4	fp	2
#FF0000	5	6	6	-13.3670578848165	-6.14650941600775	55 fp	-1.2	fp	2
#FF0000	5	6	6	-6.14650941600775	-2.83600804220391	56 fp	-1.2	fp	2
#FF0000	5	5	5	-2.83600804220391	-1.93807406515583	57 fp	-1.2	fp	2
#FF0000	5	2	2	-1.93807406515583	-1.48750556619035	58 fp	-1.2	fp	2
#FF0000	5	2	2	-1.48750556619035	-1.32049864688413	59 fp	-1.2	fp	2
#FF0000	5	2	2	-1.32049864688413	-1.25672974890662	60 fp	-1.2	fp	2
#FF0000	5	2	2	-1.25672974890662	-1.24973579597916	61 fp	-1.2	fp	2
#FF0000	5	2	2	-1.24973579597916	-1.24530759505372	62 fp	-1.2	fp	2
#FF0000	5	1	1	-1.24530759505372	-1.23998535103409	63 fp	-1.2	fp	2
#FF0000	5	1	1	-1.23998535103409	-1.22382040227741	64 fp	-1.2	fp	2
#FF0000	5	1	1	-1.22382040227741	-1.16923320973925	65 fp	-1.2	fp	2
#FF0000	5	1	1	-1.16923320973925	-1.10987279874575	66 fp	-1.2	fp	2
#FF0000	5	1	1	-1.10987279874575	-1.04250185006855	67 fp	-1.2	fp	2
#FF0000	5	1	1	-1.04250185006855	-0.970180560796951	68 fp	-1.2	fp	2
#FF0000	5	1	1	-0.970180560796951	-0.899930258893845	69 fp	-1.2	fp	2
#FF0000	5	1	1	-0.899930258893845	-0.83437798489911	70 fp	-1.2	fp	2
#FF0000	5	1	1	-0.83437798489911	-0.763224702487138	71 fp	-1.2	fp	2
#FF0000	5	1	1	-0.763224702487138	-0.679036064914987	72 fp	-1.2	fp	2
#FF0000	5	1	1	-0.679036064914987	-0.601539653008976	73 fp	-1.2	fp	2
#FF0000	5	1	1	-0.601539653008976	-0.550694040789283	74 fp	-1.2	fp	2
#FF0000	5	1	1	-0.550694040789283	-0.528423873780488	75 fp	-1.2	fp	2
#FF0000	5	1	1	-0.528423873780488	-0.515711041332397	76 fp	-1.2	fp	2
#FF0000	5	1	1	-0.515711041332397	-0.509219115435622	77 fp	-1.2	fp	2
#FF0000	5	1	1	-0.509219115435622	-0.503446843087943	78 fp	-1.2	fp	2
#FF0000	5	1	1	-0.503446843087943	-0.469922328278624	79 fp	-1.2	fp	2
#FF0000	5	1	1	-0.469922328278624	-0.363002858170001	80 fp	-1.2	fp	2
#FF0000	5	1	1	-0.363002858170001	-0.153757633832385	81 fp	-1.2	fp	2
#FF0000	5	1	1	-0.153757633832385	0.309757929541815	82 fp	-1.2	fp	2
#FF0000	5	1	1	0.309757929541815	0.724715836522716	83 fp	-1.2	fp	2
#FF0000	5	1	1	0.724715836522716	0.809117077427004	84 fp	-1.2	fp	2
#FF0000	5	0	0	0.809117077427004	0.811344737554105	85 fp	-1.2	fp	2
#FF0000	5	0	0	0.811344737554105	0.816700362544829	86 fp	-1.2	fp	2
#FF0000	5	0	0	0.816700362544829	0.835743469993613	87 fp	-1.2	fp	2
#FF0000	5	0	0	0.835743469993613	0.872021674821086	88 fp	-1.2	fp	2
#FF0000	5	0	0	0.872021674821086	0.930131852664386	89 fp	-1.2	fp	2
#FF0000	5	0	0	0.930131852664386	1.06424023788386	90 fp	-1.2	fp	2
#FF0000	5	0	0	1.06424023788386	1.21677404945841	91 fp	-1.2	fp	2
#FF0000	5	0	0	1.21677404945841	1.38733141115971	92 fp	-1.2	fp	2
#FF0000	5	0	0	1.38733141115971	1.54303290928694	93 fp	-1.2	fp	2
#FF0000	5	0	0	1.54303290928694	1.60307133469279	94 fp	-1.2	fp	2
#FF0000	5	0	0	1.60307133469279	1.77914964432613	95 fp	-1.2	fp	2
#FF0000	5	0	0	1.77914964432613	1.8999156181828	96 fp	-1.2	fp	2
#FF0000	5	0	0	1.8999156181828	2.05544167141666	97 fp	-1.2	fp	2
#FF0000	5	0	0	2.05544167141666	2.18069438727239	98 fp	-1.2	fp	2
#FF0000	5	0	0	2.18069438727239	2.29154915755908	99 fp	-1.2	fp	2
#FF0000	5	0	0	2.29154915755908	2.39359937511402	100 fp	-1.2	fp	2
#FF0000	5	0	0	2.39359937511402	2.46932352912579	101 fp	-1.2	fp	2
#FF0000	5	0	0	2.46932352912579	2.49218502728824	102 fp	-1.2	fp	2
#FF0000	5	0	0	2.49218502728824	2.49493403729749	103 fp	-1.2	fp	2
#FF0000	5	0	0	2.49493403729749	2.49842198680348	104 fp	-1.2	fp	2
#FF0000	5	0	0	2.49842198680348	2.53343418671039	105 fp	-1.2	fp	2
#FF0000	5	0	0	2.53343418671039	2.62633655843005	106 fp	-1.2	fp	2
#FF0000	5	0	0	2.62633655843005	3.02835586004406	107 fp	-1.2	fp	2
#FF0000	5	0	0	3.02835586004406	4.26445996016731	108 fp	-1.2	fp	2
#FF0000	5	0	0	4.26445996016731	9.08500842897606	109 fp	-1.2	fp	2
#FF0000	5	6	6	-13.3670578848165	-6.34650941600775	55 fp	-1	fp	2
#FF0000	5	6	6	-6.34650941600775	-3.03600804220391	56 fp	-1	fp	2
#FF0000	5	5	5	-3.03600804220391	-2.13807406515583	57 fp	-1	fp	2
#FF0000	5	2	2	-2.13807406515583	-1.68750556619035	58 fp	-1	fp	2
#FF0000	5	2	2	-1.68750556619035	-1.52049864688413	59 fp	-1	fp	2
#FF0000	5	2	2	-1.52049864688413	-1.45672974890662	60 fp	-1	fp	2
#FF0000	5	2	2	-1.45672974890662	-1.44973579597916	61 fp	-1	fp	2
#FF0000	5	2	2	-1.44973579597916	-1.44530759505372	62 fp	-1	fp	2
#FF0000	5	1	1	-1.44530759505372	-1.43998535103409	63 fp	-1	fp	2
#FF0000	5	1	1	-1.43998535103409	-1.42382040227741	64 fp	-1	fp	2
#FF0000	5	1	1	-1.42382040227741	-1.36923320973925	65 fp	-1	fp	2
#FF0000	5	1	1	-1.36923320973925	-1.30987279874575	66 fp	-1	fp	2
#FF0000	5	1	1	-1.30987279874575	-1.24250185006855	67 fp	-1	fp	2
#FF0000	5	1	1	-1.24250185006855	-1.17018056079695	68 fp	-1	fp	2
#FF0000	5	1	1	-1.17018056079695	-1.09993025889384	69 fp	-1	fp	2
#FF0000	5	1	1	-1.09993025889384	-1.03437798489911	70 fp	-1	fp	2
#FF0000	5	1	1	-1.03437798489911	-0.963224702487137	71 fp	-1	fp	2
#FF0000	5	1	1	-0.963224702487137	-0.879036064914986	72 fp	-1	fp	2
#FF0000	5	1	1	-0.879036064914986	-0.801539653008975	73 fp	-1	fp	2
#FF0000	5	1	1	-0.801539653008975	-0.750694040789282	74 fp	-1	fp	2
#FF0000	5	1	1	-0.750694040789282	-0.728423873780487	75 fp	-1	fp	2
#FF0000	5	1	1	-0.728423873780487	-0.715711041332396	76 fp	-1	fp	2
#FF0000	5	1	1	-0.715711041332396	-0.709219115435621	77 fp	-1	fp	2
#FF0000	5	1	1	-0.709219115435621	-0.703446843087942	78 fp	-1	fp	2
#FF0000	5	1	1	-0.703446843087942	-0.669922328278624	79 fp	-1	fp	2
#FF0000	5	1	1	-0.669922328278624	-0.56300285817	80 fp	-1	fp	2
#FF0000	5	1	1	-0.56300285817	-0.353757633832384	81 fp	-1	fp	2
#FF0000	5	1	1	-0.353757633832384	0.109757929541816	82 fp	-1	fp	2
#FF0000	5	1	1	0.109757929541816	0.524715836522717	83 fp	-1	fp	2
#FF0000	5	1	1	0.524715836522717	0.609117077427005	84 fp	-1	fp	2
#FF0000	5	0	0	0.609117077427005	0.611344737554106	85 fp	-1	fp	2
#FF0000	5	0	0	0.611344737554106	0.61670036254483	86 fp	-1	fp	2
#FF0000	5	0	0	0.61670036254483	0.635743469993614	87 fp	-1	fp	2
#FF0000	5	0	0	0.635743469993614	0.672021674821087	88 fp	-1	fp	2
#FF0000	5	0	0	0.672021674821087	0.730131852664387	89 fp	-1	fp	2
#FF0000	5	0	0	0.730131852664387	0.864240237883857	90 fp	-1	fp	2
#FF0000	5	0	0	0.864240237883857	1.01677404945841	91 fp	-1	fp	2
#FF0000	5	0	0	1.01677404945841	1.18733141115971	92 fp	-1	fp	2
#FF0000	5	0	0	1.18733141115971	1.34303290928695	93 fp	-1	fp	2
#FF0000	5	0	0	1.34303290928695	1.4030713346928	94 fp	-1	fp	2
#FF0000	5	0	0	1.4030713346928	1.57914964432613	95 fp	-1	fp	2
#FF0000	5	0	0	1.57914964432613	1.6999156181828	96 fp	-1	fp	2
#FF0000	5	0	0	1.6999156181828	1.85544167141667	97 fp	-1	fp	2
#FF0000	5	0	0	1.85544167141667	1.98069438727239	98 fp	-1	fp	2
#FF0000	5	0	0	1.98069438727239	2.09154915755908	99 fp	-1	fp	2
#FF0000	5	0	0	2.09154915755908	2.19359937511402	100 fp	-1	fp	2
#FF0000	5	0	0	2.19359937511402	2.26932352912579	101 fp	-1	fp	2
#FF0000	5	0	0	2.26932352912579	2.29218502728824	102 fp	-1	fp	2
#FF0000	5	0	0	2.29218502728824	2.29493403729749	103 fp	-1	fp	2
#FF0000	5	0	0	2.29493403729749	2.29842198680348	104 fp	-1	fp	2
#FF0000	5	0	0	2.29842198680348	2.33343418671039	105 fp	-1	fp	2
#FF0000	5	0	0	2.33343418671039	2.42633655843005	106 fp	-1	fp	2
#FF0000	5	0	0	2.42633655843005	2.82835586004406	107 fp	-1	fp	2
#FF0000	5	0	0	2.82835586004406	4.06445996016731	108 fp	-1	fp	2
#FF0000	5	0	0	4.06445996016731	9.08500842897606	109 fp	-1	fp	2
#FF0000	5	6	6	-13.3670578848165	-6.54650941600775	55 fp	-0.8	fp	2
#FF0000	5	6	6	-6.54650941600775	-3.23600804220391	56 fp	-0.8	fp	2
#FF0000	5	5	5	-3.23600804220391	-2.33807406515582	57 fp	-0.8	fp	2
#FF0000	5	2	2	-2.33807406515582	-1.88750556619035	58 fp	-0.8	fp	2
#FF0000	5	2	2	-1.88750556619035	-1.72049864688413	59 fp	-0.8	fp	2
#FF0000	5	2	2	-1.72049864688413	-1.65672974890661	60 fp	-0.8	fp	2
#FF0000	5	2	2	-1.65672974890661	-1.64973579597916	61 fp	-0.8	fp	2
#FF0000	5	2	2	-1.64973579597916	-1.64530759505372	62 fp	-0.8	fp	2
#FF0000	5	1	1	-1.64530759505372	-1.63998535103409	63 fp	-0.8	fp	2
#FF0000	5	1	1	-1.63998535103409	-1.62382040227741	64 fp	-0.8	fp	2
#FF0000	5	1	1	-1.62382040227741	-1.56923320973925	65 fp	-0.8	fp	2
#FF0000	5	1	1	-1.56923320973925	-1.50987279874575	66 fp	-0.8	fp	2
#FF0000	5	1	1	-1.50987279874575	-1.44250185006855	67 fp	-0.8	fp	2
#FF0000	5	1	1	-1.44250185006855	-1.37018056079695	68 fp	-0.8	fp	2
#FF0000	5	1	1	-1.37018056079695	-1.29993025889384	69 fp	-0.8	fp	2
#FF0000	5	1	1	-1.29993025889384	-1.23437798489911	70 fp	-0.8	fp	2
#FF0000	5	1	1	-1.23437798489911	-1.16322470248714	71 fp	-0.8	fp	2
#FF0000	5	1	1	-1.16322470248714	-1.07903606491499	72 fp	-0.8	fp	2
#FF0000	5	1	1	-1.07903606491499	-1.00153965300897	73 fp	-0.8	fp	2
#FF0000	5	1	1	-1.00153965300897	-0.950694040789282	74 fp	-0.8	fp	2
#FF0000	5	1	1	-0.950694040789282	-0.928423873780487	75 fp	-0.8	fp	2
#FF0000	5	1	1	-0.928423873780487	-0.915711041332395	76 fp	-0.8	fp	2
#FF0000	5	1	1	-0.915711041332395	-0.90921911543562	77 fp	-0.8	fp	2
#FF0000	5	1	1	-0.90921911543562	-0.903446843087941	78 fp	-0.8	fp	2
#FF0000	5	1	1	-0.903446843087941	-0.869922328278623	79 fp	-0.8	fp	2
#FF0000	5	1	1	-0.869922328278623	-0.763002858169999	80 fp	-0.8	fp	2
#FF0000	5	1	1	-0.763002858169999	-0.553757633832383	81 fp	-0.8	fp	2
#FF0000	5	1	1	-0.553757633832383	-0.0902420704581832	82 fp	-0.8	fp	2
#FF0000	5	1	1	-0.0902420704581832	0.324715836522717	83 fp	-0.8	fp	2
#FF0000	5	1	1	0.324715836522717	0.409117077427005	84 fp	-0.8	fp	2
#FF0000	5	0	0	0.409117077427005	0.411344737554106	85 fp	-0.8	fp	2
#FF0000	5	0	0	0.411344737554106	0.41670036254483	86 fp	-0.8	fp	2
#FF0000	5	0	0	0.41670036254483	0.435743469993614	87 fp	-0.8	fp	2
#FF0000	5	0	0	0.435743469993614	0.472021674821088	88 fp	-0.8	fp	2
#FF0000	5	0	0	0.472021674821088	0.530131852664388	89 fp	-0.8	fp	2
#FF0000	5	0	0	0.530131852664388	0.664240237883858	90 fp	-0.8	fp	2
#FF0000	5	0	0	0.664240237883858	0.81677404945841	91 fp	-0.8	fp	2
#FF0000	5	0	0	0.81677404945841	0.987331411159712	92 fp	-0.8	fp	2
#FF0000	5	0	0	0.987331411159712	1.14303290928695	93 fp	-0.8	fp	2
#FF0000	5	0	0	1.14303290928695	1.2030713346928	94 fp	-0.8	fp	2
#FF0000	5	0	0	1.2030713346928	1.37914964432613	95 fp	-0.8	fp	2
#FF0000	5	0	0	1.37914964432613	1.4999156181828	96 fp	-0.8	fp	2
#FF0000	5	0	0	1.4999156181828	1.65544167141667	97 fp	-0.8	fp	2
#FF0000	5	0	0	1.65544167141667	1.78069438727239	98 fp	-0.8	fp	2
#FF0000	5	0	0	1.78069438727239	1.89154915755908	99 fp	-0.8	fp	2
#FF0000	5	0	0	1.89154915755908	1.99359937511402	100 fp	-0.8	fp	2
#FF0000	5	0	0	1.99359937511402	2.06932352912579	101 fp	-0.8	fp	2
#FF0000	5	0	0	2.06932352912579	2.09218502728824	102 fp	-0.8	fp	2
#FF0000	5	0	0	2.09218502728824	2.09493403729749	103 fp	-0.8	fp	2
#FF0000	5	0	0	2.09493403729749	2.09842198680348	104 fp	-0.8	fp	2
#FF0000	5	0	0	2.09842198680348	2.13343418671039	105 fp	-0.8	fp	2
#FF0000	5	0	0	2.13343418671039	2.22633655843005	106 fp	-0.8	fp	2
#FF0000	5	0	0	2.22633655843005	2.62835586004406	107 fp	-0.8	fp	2
#FF0000	5	0	0	2.62835586004406	3.86445996016731	108 fp	-0.8	fp	2
#FF0000	5	0	0	3.86445996016731	9.08500842897606	109 fp	-0.8	fp	2
#FF0000	5	6	6	-13.3670578848165	-6.74650941600775	55 fp	-0.6	fp	2
#FF0000	5	6	6	-6.74650941600775	-3.43600804220391	56 fp	-0.6	fp	2
#FF0000	5	5	5	-3.43600804220391	-2.53807406515583	57 fp	-0.6	fp	2
#FF0000	5	2	2	-2.53807406515583	-2.08750556619035	58 fp	-0.6	fp	2
#FF0000	5	2	2	-2.08750556619035	-1.92049864688413	59 fp	-0.6	fp	2
#FF0000	5	2	2	-1.92049864688413	-1.85672974890662	60 fp	-0.6	fp	2
#FF0000	5	2	2	-1.85672974890662	-1.84973579597916	61 fp	-0.6	fp	2
#FF0000	5	2	2	-1.84973579597916	-1.84530759505372	62 fp	-0.6	fp	2
#FF0000	5	1	1	-1.84530759505372	-1.83998535103409	63 fp	-0.6	fp	2
#FF0000	5	1	1	-1.83998535103409	-1.82382040227741	64 fp	-0.6	fp	2
#FF0000	5	1	1	-1.82382040227741	-1.76923320973925	65 fp	-0.6	fp	2
#FF0000	5	1	1	-1.76923320973925	-1.70987279874575	66 fp	-0.6	fp	2
#FF0000	5	1	1	-1.70987279874575	-1.64250185006855	67 fp	-0.6	fp	2
#FF0000	5	1	1	-1.64250185006855	-1.57018056079695	68 fp	-0.6	fp	2
#FF0000	5	1	1	-1.57018056079695	-1.49993025889385	69 fp	-0.6	fp	2
#FF0000	5	1	1	-1.49993025889385	-1.43437798489911	70 fp	-0.6	fp	2
#FF0000	5	1	1	-1.43437798489911	-1.36322470248714	71 fp	-0.6	fp	2
#FF0000	5	1	1	-1.36322470248714	-1.27903606491499	72 fp	-0.6	fp	2
#FF0000	5	1	1	-1.27903606491499	-1.20153965300898	73 fp	-0.6	fp	2
#FF0000	5	1	1	-1.20153965300898	-1.15069404078928	74 fp	-0.6	fp	2
#FF0000	5	1	1	-1.15069404078928	-1.12842387378049	75 fp	-0.6	fp	2
#FF0000	5	1	1	-1.12842387378049	-1.1157110413324	76 fp	-0.6	fp	2
#FF0000	5	1	1	-1.1157110413324	-1.10921911543562	77 fp	-0.6	fp	2
#FF0000	5	1	1	-1.10921911543562	-1.10344684308794	78 fp	-0.6	fp	2
#FF0000	5	1	1	-1.10344684308794	-1.06992232827862	79 fp	-0.6	fp	2
#FF0000	5	1	1	-1.06992232827862	-0.96300285817	80 fp	-0.6	fp	2
#FF0000	5	1	1	-0.96300285817	-0.753757633832384	81 fp	-0.6	fp	2
#FF0000	5	1	1	-0.753757633832384	-0.290242070458184	82 fp	-0.6	fp	2
#FF0000	5	1	1	-0.290242070458184	0.124715836522716	83 fp	-0.6	fp	2
#FF0000	5	1	1	0.124715836522716	0.209117077427004	84 fp	-0.6	fp	2
#FF0000	5	0	0	0.209117077427004	0.211344737554105	85 fp	-0.6	fp	2
#FF0000	5	0	0	0.211344737554105	0.216700362544829	86 fp	-0.6	fp	2
#FF0000	5	0	0	0.216700362544829	0.235743469993613	87 fp	-0.6	fp	2
#FF0000	5	0	0	0.235743469993613	0.272021674821087	88 fp	-0.6	fp	2
#FF0000	5	0	0	0.272021674821087	0.330131852664387	89 fp	-0.6	fp	2
#FF0000	5	0	0	0.330131852664387	0.464240237883857	90 fp	-0.6	fp	2
#FF0000	5	0	0	0.464240237883857	0.616774049458408	91 fp	-0.6	fp	2
#FF0000	5	0	0	0.616774049458408	0.787331411159711	92 fp	-0.6	fp	2
#FF0000	5	0	0	0.787331411159711	0.943032909286945	93 fp	-0.6	fp	2
#FF0000	5	0	0	0.943032909286945	1.00307133469279	94 fp	-0.6	fp	2
#FF0000	5	0	0	1.00307133469279	1.17914964432613	95 fp	-0.6	fp	2
#FF0000	5	0	0	1.17914964432613	1.2999156181828	96 fp	-0.6	fp	2
#FF0000	5	0	0	1.2999156181828	1.45544167141667	97 fp	-0.6	fp	2
#FF0000	5	0	0	1.45544167141667	1.58069438727239	98 fp	-0.6	fp	2
#FF0000	5	0	0	1.58069438727239	1.69154915755908	99 fp	-0.6	fp	2
#FF0000	5	0	0	1.69154915755908	1.79359937511402	100 fp	-0.6	fp	2
#FF0000	5	0	0	1.79359937511402	1.86932352912579	101 fp	-0.6	fp	2
#FF0000	5	0	0	1.86932352912579	1.89218502728824	102 fp	-0.6	fp	2
#FF0000	5	0	0	1.89218502728824	1.89493403729749	103 fp	-0.6	fp	2
#FF0000	5	0	0	1.89493403729749	1.89842198680348	104 fp	-0.6	fp	2
#FF0000	5	0	0	1.89842198680348	1.93343418671039	105 fp	-0.6	fp	2
#FF0000	5	0	0	1.93343418671039	2.02633655843005	106 fp	-0.6	fp	2
#FF0000	5	0	0	2.02633655843005	2.42835586004406	107 fp	-0.6	fp	2
#FF0000	5	0	0	2.42835586004406	3.66445996016731	108 fp	-0.6	fp	2
#FF0000	5	0	0	3.66445996016731	9.08500842897606	109 fp	-0.6	fp	2
#FF0000	5	6	6	-13.3670578848165	-6.94650941600775	55 fp	-0.399999999999999	fp	2
#FF0000	5	6	6	-6.94650941600775	-3.63600804220391	56 fp	-0.399999999999999	fp	2
#FF0000	5	5	5	-3.63600804220391	-2.73807406515583	57 fp	-0.399999999999999	fp	2
#FF0000	5	2	2	-2.73807406515583	-2.28750556619035	58 fp	-0.399999999999999	fp	2
#FF0000	5	2	2	-2.28750556619035	-2.12049864688413	59 fp	-0.399999999999999	fp	2
#FF0000	5	2	2	-2.12049864688413	-2.05672974890662	60 fp	-0.399999999999999	fp	2
#FF0000	5	2	2	-2.05672974890662	-2.04973579597916	61 fp	-0.399999999999999	fp	2
#FF0000	5	2	2	-2.04973579597916	-2.04530759505372	62 fp	-0.399999999999999	fp	2
#FF0000	5	1	1	-2.04530759505372	-2.03998535103409	63 fp	-0.399999999999999	fp	2
#FF0000	5	1	1	-2.03998535103409	-2.02382040227741	64 fp	-0.399999999999999	fp	2
#FF0000	5	1	1	-2.02382040227741	-1.96923320973925	65 fp	-0.399999999999999	fp	2
#FF0000	5	1	1	-1.96923320973925	-1.90987279874575	66 fp	-0.399999999999999	fp	2
#FF0000	5	1	1	-1.90987279874575	-1.84250185006855	67 fp	-0.399999999999999	fp	2
#FF0000	5	1	1	-1.84250185006855	-1.77018056079695	68 fp	-0.399999999999999	fp	2
#FF0000	5	1	1	-1.77018056079695	-1.69993025889385	69 fp	-0.399999999999999	fp	2
#FF0000	5	1	1	-1.69993025889385	-1.63437798489911	70 fp	-0.399999999999999	fp	2
#FF0000	5	1	1	-1.63437798489911	-1.56322470248714	71 fp	-0.399999999999999	fp	2
#FF0000	5	1	1	-1.56322470248714	-1.47903606491499	72 fp	-0.399999999999999	fp	2
#FF0000	5	1	1	-1.47903606491499	-1.40153965300898	73 fp	-0.399999999999999	fp	2
#FF0000	5	1	1	-1.40153965300898	-1.35069404078928	74 fp	-0.399999999999999	fp	2
#FF0000	5	1	1	-1.35069404078928	-1.32842387378049	75 fp	-0.399999999999999	fp	2
#FF0000	5	1	1	-1.32842387378049	-1.3157110413324	76 fp	-0.399999999999999	fp	2
#FF0000	5	1	1	-1.3157110413324	-1.30921911543562	77 fp	-0.399999999999999	fp	2
#FF0000	5	1	1	-1.30921911543562	-1.30344684308794	78 fp	-0.399999999999999	fp	2
#FF0000	5	1	1	-1.30344684308794	-1.26992232827863	79 fp	-0.399999999999999	fp	2
#FF0000	5	1	1	-1.26992232827863	-1.16300285817	80 fp	-0.399999999999999	fp	2
#FF0000	5	1	1	-1.16300285817	-0.953757633832385	81 fp	-0.399999999999999	fp	2
#FF0000	5	1	1	-0.953757633832385	-0.490242070458185	82 fp	-0.399999999999999	fp	2
#FF0000	5	1	1	-0.490242070458185	-0.075284163477285	83 fp	-0.399999999999999	fp	2
#FF0000	5	1	1	-0.075284163477285	0.0091170774270033	84 fp	-0.399999999999999	fp	2
#FF0000	5	0	0	0.0091170774270033	0.0113447375541043	85 fp	-0.399999999999999	fp	2
#FF0000	5	0	0	0.0113447375541043	0.0167003625448281	86 fp	-0.399999999999999	fp	2
#FF0000	5	0	0	0.0167003625448281	0.0357434699936121	87 fp	-0.399999999999999	fp	2
#FF0000	5	0	0	0.0357434699936121	0.0720216748210856	88 fp	-0.399999999999999	fp	2
#FF0000	5	0	0	0.0720216748210856	0.130131852664386	89 fp	-0.399999999999999	fp	2
#FF0000	5	0	0	0.130131852664386	0.264240237883856	90 fp	-0.399999999999999	fp	2
#FF0000	5	0	0	0.264240237883856	0.416774049458407	91 fp	-0.399999999999999	fp	2
#FF0000	5	0	0	0.416774049458407	0.58733141115971	92 fp	-0.399999999999999	fp	2
#FF0000	5	0	0	0.58733141115971	0.743032909286944	93 fp	-0.399999999999999	fp	2
#FF0000	5	0	0	0.743032909286944	0.803071334692794	94 fp	-0.399999999999999	fp	2
#FF0000	5	0	0	0.803071334692794	0.979149644326126	95 fp	-0.399999999999999	fp	2
#FF0000	5	0	0	0.979149644326126	1.0999156181828	96 fp	-0.399999999999999	fp	2
#FF0000	5	0	0	1.0999156181828	1.25544167141666	97 fp	-0.399999999999999	fp	2
#FF0000	5	0	0	1.25544167141666	1.38069438727239	98 fp	-0.399999999999999	fp	2
#FF0000	5	0	0	1.38069438727239	1.49154915755908	99 fp	-0.399999999999999	fp	2
#FF0000	5	0	0	1.49154915755908	1.59359937511402	100 fp	-0.399999999999999	fp	2
#FF0000	5	0	0	1.59359937511402	1.66932352912579	101 fp	-0.399999999999999	fp	2
#FF0000	5	0	0	1.66932352912579	1.69218502728824	102 fp	-0.399999999999999	fp	2
#FF0000	5	0	0	1.69218502728824	1.69493403729749	103 fp	-0.399999999999999	fp	2
#FF0000	5	0	0	1.69493403729749	1.69842198680348	104 fp	-0.399999999999999	fp	2
#FF0000	5	0	0	1.69842198680348	1.73343418671039	105 fp	-0.399999999999999	fp	2
#FF0000	5	0	0	1.73343418671039	1.82633655843005	106 fp	-0.399999999999999	fp	2
#FF0000	5	0	0	1.82633655843005	2.22835586004406	107 fp	-0.399999999999999	fp	2
#FF0000	5	0	0	2.22835586004406	3.46445996016731	108 fp	-0.399999999999999	fp	2
#FF0000	5	0	0	3.46445996016731	9.08500842897606	109 fp	-0.399999999999999	fp	2
#FF0000	5	6	6	-13.3670578848165	-7.14650941600775	55 fp	-0.199999999999999	fp	2
#FF0000	5	6	6	-7.14650941600775	-3.83600804220391	56 fp	-0.199999999999999	fp	2
#FF0000	5	5	5	-3.83600804220391	-2.93807406515583	57 fp	-0.199999999999999	fp	2
#FF0000	5	2	2	-2.93807406515583	-2.48750556619035	58 fp	-0.199999999999999	fp	2
#FF0000	5	2	2	-2.48750556619035	-2.32049864688413	59 fp	-0.199999999999999	fp	2
#FF0000	5	2	2	-2.32049864688413	-2.25672974890662	60 fp	-0.199999999999999	fp	2
#FF0000	5	2	2	-2.25672974890662	-2.24973579597916	61 fp	-0.199999999999999	fp	2
#FF0000	5	2	2	-2.24973579597916	-2.24530759505372	62 fp	-0.199999999999999	fp	2
#FF0000	5	1	1	-2.24530759505372	-2.23998535103409	63 fp	-0.199999999999999	fp	2
#FF0000	5	1	1	-2.23998535103409	-2.22382040227741	64 fp	-0.199999999999999	fp	2
#FF0000	5	1	1	-2.22382040227741	-2.16923320973925	65 fp	-0.199999999999999	fp	2
#FF0000	5	1	1	-2.16923320973925	-2.10987279874575	66 fp	-0.199999999999999	fp	2
#FF0000	5	1	1	-2.10987279874575	-2.04250185006855	67 fp	-0.199999999999999	fp	2
#FF0000	5	1	1	-2.04250185006855	-1.97018056079695	68 fp	-0.199999999999999	fp	2
#FF0000	5	1	1	-1.97018056079695	-1.89993025889385	69 fp	-0.199999999999999	fp	2
#FF0000	5	1	1	-1.89993025889385	-1.83437798489911	70 fp	-0.199999999999999	fp	2
#FF0000	5	1	1	-1.83437798489911	-1.76322470248714	71 fp	-0.199999999999999	fp	2
#FF0000	5	1	1	-1.76322470248714	-1.67903606491499	72 fp	-0.199999999999999	fp	2
#FF0000	5	1	1	-1.67903606491499	-1.60153965300898	73 fp	-0.199999999999999	fp	2
#FF0000	5	1	1	-1.60153965300898	-1.55069404078928	74 fp	-0.199999999999999	fp	2
#FF0000	5	1	1	-1.55069404078928	-1.52842387378049	75 fp	-0.199999999999999	fp	2
#FF0000	5	1	1	-1.52842387378049	-1.5157110413324	76 fp	-0.199999999999999	fp	2
#FF0000	5	1	1	-1.5157110413324	-1.50921911543562	77 fp	-0.199999999999999	fp	2
#FF0000	5	1	1	-1.50921911543562	-1.50344684308794	78 fp	-0.199999999999999	fp	2
#FF0000	5	1	1	-1.50344684308794	-1.46992232827862	79 fp	-0.199999999999999	fp	2
#FF0000	5	1	1	-1.46992232827862	-1.36300285817	80 fp	-0.199999999999999	fp	2
#FF0000	5	1	1	-1.36300285817	-1.15375763383238	81 fp	-0.199999999999999	fp	2
#FF0000	5	1	1	-1.15375763383238	-0.690242070458185	82 fp	-0.199999999999999	fp	2
#FF0000	5	1	1	-0.690242070458185	-0.275284163477284	83 fp	-0.199999999999999	fp	2
#FF0000	5	1	1	-0.275284163477284	-0.190882922572996	84 fp	-0.199999999999999	fp	2
#FF0000	5	0	0	-0.190882922572996	-0.188655262445895	85 fp	-0.199999999999999	fp	2
#FF0000	5	0	0	-0.188655262445895	-0.183299637455171	86 fp	-0.199999999999999	fp	2
#FF0000	5	0	0	-0.183299637455171	-0.164256530006387	87 fp	-0.199999999999999	fp	2
#FF0000	5	0	0	-0.164256530006387	-0.127978325178914	88 fp	-0.199999999999999	fp	2
#FF0000	5	0	0	-0.127978325178914	-0.0698681473356135	89 fp	-0.199999999999999	fp	2
#FF0000	5	0	0	-0.0698681473356135	0.0642402378838565	90 fp	-0.199999999999999	fp	2
#FF0000	5	0	0	0.0642402378838565	0.216774049458408	91 fp	-0.199999999999999	fp	2
#FF0000	5	0	0	0.216774049458408	0.38733141115971	92 fp	-0.199999999999999	fp	2
#FF0000	5	0	0	0.38733141115971	0.543032909286945	93 fp	-0.199999999999999	fp	2
#FF0000	5	0	0	0.543032909286945	0.603071334692794	94 fp	-0.199999999999999	fp	2
#FF0000	5	0	0	0.603071334692794	0.779149644326127	95 fp	-0.199999999999999	fp	2
#FF0000	5	0	0	0.779149644326127	0.899915618182803	96 fp	-0.199999999999999	fp	2
#FF0000	5	0	0	0.899915618182803	1.05544167141666	97 fp	-0.199999999999999	fp	2
#FF0000	5	0	0	1.05544167141666	1.18069438727239	98 fp	-0.199999999999999	fp	2
#FF0000	5	0	0	1.18069438727239	1.29154915755908	99 fp	-0.199999999999999	fp	2
#FF0000	5	0	0	1.29154915755908	1.39359937511402	100 fp	-0.199999999999999	fp	2
#FF0000	5	0	0	1.39359937511402	1.46932352912579	101 fp	-0.199999999999999	fp	2
#FF0000	5	0	0	1.46932352912579	1.49218502728824	102 fp	-0.199999999999999	fp	2
#FF0000	5	0	0	1.49218502728824	1.49493403729749	103 fp	-0.199999999999999	fp	2
#FF0000	5	0	0	1.49493403729749	1.49842198680348	104 fp	-0.199999999999999	fp	2
#FF0000	5	0	0	1.49842198680348	1.53343418671039	105 fp	-0.199999999999999	fp	2
#FF0000	5	0	0	1.53343418671039	1.62633655843005	106 fp	-0.199999999999999	fp	2
#FF0000	5	0	0	1.62633655843005	2.02835586004406	107 fp	-0.199999999999999	fp	2
#FF0000	5	0	0	2.02835586004406	3.26445996016731	108 fp	-0.199999999999999	fp	2
#FF0000	5	0	0	3.26445996016731	9.08500842897606	109 fp	-0.199999999999999	fp	2
#FF0000	5	6	6	-13.3670578848165	-7.34650941600775	55 fp	0	fp	2
#FF0000	5	6	6	-7.34650941600775	-4.03600804220391	56 fp	0	fp	2
#FF0000	5	5	5	-4.03600804220391	-3.13807406515583	57 fp	0	fp	2
#FF0000	5	2	2	-3.13807406515583	-2.68750556619035	58 fp	0	fp	2
#FF0000	5	2	2	-2.68750556619035	-2.52049864688413	59 fp	0	fp	2
#FF0000	5	2	2	-2.52049864688413	-2.45672974890662	60 fp	0	fp	2
#FF0000	5	2	2	-2.45672974890662	-2.44973579597916	61 fp	0	fp	2
#FF0000	5	2	2	-2.44973579597916	-2.44530759505372	62 fp	0	fp	2
#FF0000	5	1	1	-2.44530759505372	-2.43998535103409	63 fp	0	fp	2
#FF0000	5	1	1	-2.43998535103409	-2.42382040227741	64 fp	0	fp	2
#FF0000	5	1	1	-2.42382040227741	-2.36923320973925	65 fp	0	fp	2
#FF0000	5	1	1	-2.36923320973925	-2.30987279874575	66 fp	0	fp	2
#FF0000	5	1	1	-2.30987279874575	-2.24250185006855	67 fp	0	fp	2
#FF0000	5	1	1	-2.24250185006855	-2.17018056079695	68 fp	0	fp	2
#FF0000	5	1	1	-2.17018056079695	-2.09993025889384	69 fp	0	fp	2
#FF0000	5	1	1	-2.09993025889384	-2.03437798489911	70 fp	0	fp	2
#FF0000	5	1	1	-2.03437798489911	-1.96322470248714	71 fp	0	fp	2
#FF0000	5	1	1	-1.96322470248714	-1.87903606491499	72 fp	0	fp	2
#FF0000	5	1	1	-1.87903606491499	-1.80153965300898	73 fp	0	fp	2
#FF0000	5	1	1	-1.80153965300898	-1.75069404078928	74 fp	0	fp	2
#FF0000	5	1	1	-1.75069404078928	-1.72842387378049	75 fp	0	fp	2
#FF0000	5	1	1	-1.72842387378049	-1.7157110413324	76 fp	0	fp	2
#FF0000	5	1	1	-1.7157110413324	-1.70921911543562	77 fp	0	fp	2
#FF0000	5	1	1	-1.70921911543562	-1.70344684308794	78 fp	0	fp	2
#FF0000	5	1	1	-1.70344684308794	-1.66992232827862	79 fp	0	fp	2
#FF0000	5	1	1	-1.66992232827862	-1.56300285817	80 fp	0	fp	2
#FF0000	5	1	1	-1.56300285817	-1.35375763383238	81 fp	0	fp	2
#FF0000	5	1	1	-1.35375763383238	-0.890242070458184	82 fp	0	fp	2
#FF0000	5	1	1	-0.890242070458184	-0.475284163477284	83 fp	0	fp	2
#FF0000	5	1	1	-0.475284163477284	-0.390882922572995	84 fp	0	fp	2
#FF0000	5	0	0	-0.390882922572995	-0.388655262445894	85 fp	0	fp	2
#FF0000	5	0	0	-0.388655262445894	-0.383299637455171	86 fp	0	fp	2
#FF0000	5	0	0	-0.383299637455171	-0.364256530006386	87 fp	0	fp	2
#FF0000	5	0	0	-0.364256530006386	-0.327978325178913	88 fp	0	fp	2
#FF0000	5	0	0	-0.327978325178913	-0.269868147335613	89 fp	0	fp	2
#FF0000	5	0	0	-0.269868147335613	-0.135759762116143	90 fp	0	fp	2
#FF0000	5	0	0	-0.135759762116143	0.0167740494584088	91 fp	0	fp	2
#FF0000	5	0	0	0.0167740494584088	0.187331411159711	92 fp	0	fp	2
#FF0000	5	0	0	0.187331411159711	0.343032909286945	93 fp	0	fp	2
#FF0000	5	0	0	0.343032909286945	0.403071334692795	94 fp	0	fp	2
#FF0000	5	0	0	0.403071334692795	0.579149644326128	95 fp	0	fp	2
#FF0000	5	0	0	0.579149644326128	0.699915618182804	96 fp	0	fp	2
#FF0000	5	0	0	0.699915618182804	0.855441671416665	97 fp	0	fp	2
#FF0000	5	0	0	0.855441671416665	0.980694387272388	98 fp	0	fp	2
#FF0000	5	0	0	0.980694387272388	1.09154915755908	99 fp	0	fp	2
#FF0000	5	0	0	1.09154915755908	1.19359937511402	100 fp	0	fp	2
#FF0000	5	0	0	1.19359937511402	1.26932352912579	101 fp	0	fp	2
#FF0000	5	0	0	1.26932352912579	1.29218502728824	102 fp	0	fp	2
#FF0000	5	0	0	1.29218502728824	1.29493403729749	103 fp	0	fp	2
#FF0000	5	0	0	1.29493403729749	1.29842198680348	104 fp	0	fp	2
#FF0000	5	0	0	1.29842198680348	1.33343418671039	105 fp	0	fp	2
#FF0000	5	0	0	1.33343418671039	1.42633655843005	106 fp	0	fp	2
#FF0000	5	0	0	1.42633655843005	1.82835586004406	107 fp	0	fp	2
#FF0000	5	0	0	1.82835586004406	3.06445996016731	108 fp	0	fp	2
#FF0000	5	0	0	3.06445996016731	9.08500842897606	109 fp	0	fp	2
#FF0000	5	6	6	-13.3670578848165	-7.54650941600775	55 fp	0.2	fp	2
#FF0000	5	6	6	-7.54650941600775	-4.23600804220391	56 fp	0.2	fp	2
#FF0000	5	5	5	-4.23600804220391	-3.33807406515582	57 fp	0.2	fp	2
#FF0000	5	2	2	-3.33807406515582	-2.88750556619035	58 fp	0.2	fp	2
#FF0000	5	2	2	-2.88750556619035	-2.72049864688413	59 fp	0.2	fp	2
#FF0000	5	2	2	-2.72049864688413	-2.65672974890661	60 fp	0.2	fp	2
#FF0000	5	2	2	-2.65672974890661	-2.64973579597916	61 fp	0.2	fp	2
#FF0000	5	2	2	-2.64973579597916	-2.64530759505372	62 fp	0.2	fp	2
#FF0000	5	1	1	-2.64530759505372	-2.63998535103409	63 fp	0.2	fp	2
#FF0000	5	1	1	-2.63998535103409	-2.62382040227741	64 fp	0.2	fp	2
#FF0000	5	1	1	-2.62382040227741	-2.56923320973925	65 fp	0.2	fp	2
#FF0000	5	1	1	-2.56923320973925	-2.50987279874575	66 fp	0.2	fp	2
#FF0000	5	1	1	-2.50987279874575	-2.44250185006855	67 fp	0.2	fp	2
#FF0000	5	1	1	-2.44250185006855	-2.37018056079695	68 fp	0.2	fp	2
#FF0000	5	1	1	-2.37018056079695	-2.29993025889384	69 fp	0.2	fp	2
#FF0000	5	1	1	-2.29993025889384	-2.23437798489911	70 fp	0.2	fp	2
#FF0000	5	1	1	-2.23437798489911	-2.16322470248714	71 fp	0.2	fp	2
#FF0000	5	1	1	-2.16322470248714	-2.07903606491499	72 fp	0.2	fp	2
#FF0000	5	1	1	-2.07903606491499	-2.00153965300897	73 fp	0.2	fp	2
#FF0000	5	1	1	-2.00153965300897	-1.95069404078928	74 fp	0.2	fp	2
#FF0000	5	1	1	-1.95069404078928	-1.92842387378049	75 fp	0.2	fp	2
#FF0000	5	1	1	-1.92842387378049	-1.9157110413324	76 fp	0.2	fp	2
#FF0000	5	1	1	-1.9157110413324	-1.90921911543562	77 fp	0.2	fp	2
#FF0000	5	1	1	-1.90921911543562	-1.90344684308794	78 fp	0.2	fp	2
#FF0000	5	1	1	-1.90344684308794	-1.86992232827862	79 fp	0.2	fp	2
#FF0000	5	1	1	-1.86992232827862	-1.76300285817	80 fp	0.2	fp	2
#FF0000	5	1	1	-1.76300285817	-1.55375763383238	81 fp	0.2	fp	2
#FF0000	5	1	1	-1.55375763383238	-1.09024207045818	82 fp	0.2	fp	2
#FF0000	5	1	1	-1.09024207045818	-0.675284163477283	83 fp	0.2	fp	2
#FF0000	5	1	1	-0.675284163477283	-0.590882922572995	84 fp	0.2	fp	2
#FF0000	5	0	0	-0.590882922572995	-0.588655262445894	85 fp	0.2	fp	2
#FF0000	5	0	0	-0.588655262445894	-0.58329963745517	86 fp	0.2	fp	2
#FF0000	5	0	0	-0.58329963745517	-0.564256530006386	87 fp	0.2	fp	2
#FF0000	5	0	0	-0.564256530006386	-0.527978325178912	88 fp	0.2	fp	2
#FF0000	5	0	0	-0.527978325178912	-0.469868147335612	89 fp	0.2	fp	2
#FF0000	5	0	0	-0.469868147335612	-0.335759762116142	90 fp	0.2	fp	2
#FF0000	5	0	0	-0.335759762116142	-0.183225950541591	91 fp	0.2	fp	2
#FF0000	5	0	0	-0.183225950541591	-0.0126685888402882	92 fp	0.2	fp	2
#FF0000	5	0	0	-0.0126685888402882	0.143032909286946	93 fp	0.2	fp	2
#FF0000	5	0	0	0.143032909286946	0.203071334692796	94 fp	0.2	fp	2
#FF0000	5	0	0	0.203071334692796	0.379149644326128	95 fp	0.2	fp	2
#FF0000	5	0	0	0.379149644326128	0.499915618182804	96 fp	0.2	fp	2
#FF0000	5	0	0	0.499915618182804	0.655441671416666	97 fp	0.2	fp	2
#FF0000	5	0	0	0.655441671416666	0.780694387272389	98 fp	0.2	fp	2
#FF0000	5	0	0	0.780694387272389	0.89154915755908	99 fp	0.2	fp	2
#FF0000	5	0	0	0.89154915755908	0.993599375114023	100 fp	0.2	fp	2
#FF0000	5	0	0	0.993599375114023	1.06932352912579	101 fp	0.2	fp	2
#FF0000	5	0	0	1.06932352912579	1.09218502728824	102 fp	0.2	fp	2
#FF0000	5	0	0	1.09218502728824	1.09493403729749	103 fp	0.2	fp	2
#FF0000	5	0	0	1.09493403729749	1.09842198680348	104 fp	0.2	fp	2
#FF0000	5	0	0	1.09842198680348	1.13343418671039	105 fp	0.2	fp	2
#FF0000	5	0	0	1.13343418671039	1.22633655843005	106 fp	0.2	fp	2
#FF0000	5	0	0	1.22633655843005	1.62835586004406	107 fp	0.2	fp	2
#FF0000	5	0	0	1.62835586004406	2.86445996016731	108 fp	0.2	fp	2
#FF0000	5	0	0	2.86445996016731	9.08500842897606	109 fp	0.2	fp	2
#FF0000	5	6	6	-13.3670578848165	-7.74650941600775	55 fp	0.4	fp	2
#FF0000	5	6	6	-7.74650941600775	-4.43600804220391	56 fp	0.4	fp	2
#FF0000	5	5	5	-4.43600804220391	-3.53807406515583	57 fp	0.4	fp	2
#FF0000	5	2	2	-3.53807406515583	-3.08750556619035	58 fp	0.4	fp	2
#FF0000	5	2	2	-3.08750556619035	-2.92049864688413	59 fp	0.4	fp	2
#FF0000	5	2	2	-2.92049864688413	-2.85672974890662	60 fp	0.4	fp	2
#FF0000	5	2	2	-2.85672974890662	-2.84973579597916	61 fp	0.4	fp	2
#FF0000	5	2	2	-2.84973579597916	-2.84530759505372	62 fp	0.4	fp	2
#FF0000	5	1	1	-2.84530759505372	-2.83998535103409	63 fp	0.4	fp	2
#FF0000	5	1	1	-2.83998535103409	-2.82382040227741	64 fp	0.4	fp	2
#FF0000	5	1	1	-2.82382040227741	-2.76923320973925	65 fp	0.4	fp	2
#FF0000	5	1	1	-2.76923320973925	-2.70987279874575	66 fp	0.4	fp	2
#FF0000	5	1	1	-2.70987279874575	-2.64250185006855	67 fp	0.4	fp	2
#FF0000	5	1	1	-2.64250185006855	-2.57018056079695	68 fp	0.4	fp	2
#FF0000	5	1	1	-2.57018056079695	-2.49993025889385	69 fp	0.4	fp	2
#FF0000	5	1	1	-2.49993025889385	-2.43437798489911	70 fp	0.4	fp	2
#FF0000	5	1	1	-2.43437798489911	-2.36322470248714	71 fp	0.4	fp	2
#FF0000	5	1	1	-2.36322470248714	-2.27903606491499	72 fp	0.4	fp	2
#FF0000	5	1	1	-2.27903606491499	-2.20153965300898	73 fp	0.4	fp	2
#FF0000	5	1	1	-2.20153965300898	-2.15069404078928	74 fp	0.4	fp	2
#FF0000	5	1	1	-2.15069404078928	-2.12842387378049	75 fp	0.4	fp	2
#FF0000	5	1	1	-2.12842387378049	-2.1157110413324	76 fp	0.4	fp	2
#FF0000	5	1	1	-2.1157110413324	-2.10921911543562	77 fp	0.4	fp	2
#FF0000	5	1	1	-2.10921911543562	-2.10344684308794	78 fp	0.4	fp	2
#FF0000	5	1	1	-2.10344684308794	-2.06992232827862	79 fp	0.4	fp	2
#FF0000	5	1	1	-2.06992232827862	-1.96300285817	80 fp	0.4	fp	2
#FF0000	5	1	1	-1.96300285817	-1.75375763383238	81 fp	0.4	fp	2
#FF0000	5	1	1	-1.75375763383238	-1.29024207045818	82 fp	0.4	fp	2
#FF0000	5	1	1	-1.29024207045818	-0.875284163477284	83 fp	0.4	fp	2
#FF0000	5	1	1	-0.875284163477284	-0.790882922572996	84 fp	0.4	fp	2
#FF0000	5	0	0	-0.790882922572996	-0.788655262445895	85 fp	0.4	fp	2
#FF0000	5	0	0	-0.788655262445895	-0.783299637455171	86 fp	0.4	fp	2
#FF0000	5	0	0	-0.783299637455171	-0.764256530006387	87 fp	0.4	fp	2
#FF0000	5	0	0	-0.764256530006387	-0.727978325178913	88 fp	0.4	fp	2
#FF0000	5	0	0	-0.727978325178913	-0.669868147335613	89 fp	0.4	fp	2
#FF0000	5	0	0	-0.669868147335613	-0.535759762116143	90 fp	0.4	fp	2
#FF0000	5	0	0	-0.535759762116143	-0.383225950541592	91 fp	0.4	fp	2
#FF0000	5	0	0	-0.383225950541592	-0.212668588840289	92 fp	0.4	fp	2
#FF0000	5	0	0	-0.212668588840289	-0.0569670907130551	93 fp	0.4	fp	2
#FF0000	5	0	0	-0.0569670907130551	0.00307133469279464	94 fp	0.4	fp	2
#FF0000	5	0	0	0.00307133469279464	0.179149644326127	95 fp	0.4	fp	2
#FF0000	5	0	0	0.179149644326127	0.299915618182803	96 fp	0.4	fp	2
#FF0000	5	0	0	0.299915618182803	0.455441671416665	97 fp	0.4	fp	2
#FF0000	5	0	0	0.455441671416665	0.580694387272388	98 fp	0.4	fp	2
#FF0000	5	0	0	0.580694387272388	0.691549157559079	99 fp	0.4	fp	2
#FF0000	5	0	0	0.691549157559079	0.793599375114022	100 fp	0.4	fp	2
#FF0000	5	0	0	0.793599375114022	0.869323529125788	101 fp	0.4	fp	2
#FF0000	5	0	0	0.869323529125788	0.892185027288237	102 fp	0.4	fp	2
#FF0000	5	0	0	0.892185027288237	0.894934037297492	103 fp	0.4	fp	2
#FF0000	5	0	0	0.894934037297492	0.898421986803481	104 fp	0.4	fp	2
#FF0000	5	0	0	0.898421986803481	0.933434186710389	105 fp	0.4	fp	2
#FF0000	5	0	0	0.933434186710389	1.02633655843005	106 fp	0.4	fp	2
#FF0000	5	0	0	1.02633655843005	1.42835586004406	107 fp	0.4	fp	2
#FF0000	5	0	0	1.42835586004406	2.66445996016731	108 fp	0.4	fp	2
#FF0000	5	0	0	2.66445996016731	9.08500842897606	109 fp	0.4	fp	2
#FF0000	5	6	6	-13.3670578848165	-7.94650941600775	55 fp	0.600000000000001	fp	2
#FF0000	5	6	6	-7.94650941600775	-4.63600804220391	56 fp	0.600000000000001	fp	2
#FF0000	5	5	5	-4.63600804220391	-3.73807406515583	57 fp	0.600000000000001	fp	2
#FF0000	5	2	2	-3.73807406515583	-3.28750556619035	58 fp	0.600000000000001	fp	2
#FF0000	5	2	2	-3.28750556619035	-3.12049864688413	59 fp	0.600000000000001	fp	2
#FF0000	5	2	2	-3.12049864688413	-3.05672974890662	60 fp	0.600000000000001	fp	2
#FF0000	5	2	2	-3.05672974890662	-3.04973579597916	61 fp	0.600000000000001	fp	2
#FF0000	5	2	2	-3.04973579597916	-3.04530759505372	62 fp	0.600000000000001	fp	2
#FF0000	5	1	1	-3.04530759505372	-3.03998535103409	63 fp	0.600000000000001	fp	2
#FF0000	5	1	1	-3.03998535103409	-3.02382040227741	64 fp	0.600000000000001	fp	2
#FF0000	5	1	1	-3.02382040227741	-2.96923320973925	65 fp	0.600000000000001	fp	2
#FF0000	5	1	1	-2.96923320973925	-2.90987279874575	66 fp	0.600000000000001	fp	2
#FF0000	5	1	1	-2.90987279874575	-2.84250185006855	67 fp	0.600000000000001	fp	2
#FF0000	5	1	1	-2.84250185006855	-2.77018056079695	68 fp	0.600000000000001	fp	2
#FF0000	5	1	1	-2.77018056079695	-2.69993025889385	69 fp	0.600000000000001	fp	2
#FF0000	5	1	1	-2.69993025889385	-2.63437798489911	70 fp	0.600000000000001	fp	2
#FF0000	5	1	1	-2.63437798489911	-2.56322470248714	71 fp	0.600000000000001	fp	2
#FF0000	5	1	1	-2.56322470248714	-2.47903606491499	72 fp	0.600000000000001	fp	2
#FF0000	5	1	1	-2.47903606491499	-2.40153965300898	73 fp	0.600000000000001	fp	2
#FF0000	5	1	1	-2.40153965300898	-2.35069404078928	74 fp	0.600000000000001	fp	2
#FF0000	5	1	1	-2.35069404078928	-2.32842387378049	75 fp	0.600000000000001	fp	2
#FF0000	5	1	1	-2.32842387378049	-2.3157110413324	76 fp	0.600000000000001	fp	2
#FF0000	5	1	1	-2.3157110413324	-2.30921911543562	77 fp	0.600000000000001	fp	2
#FF0000	5	1	1	-2.30921911543562	-2.30344684308794	78 fp	0.600000000000001	fp	2
#FF0000	5	1	1	-2.30344684308794	-2.26992232827863	79 fp	0.600000000000001	fp	2
#FF0000	5	1	1	-2.26992232827863	-2.16300285817	80 fp	0.600000000000001	fp	2
#FF0000	5	1	1	-2.16300285817	-1.95375763383239	81 fp	0.600000000000001	fp	2
#FF0000	5	1	1	-1.95375763383239	-1.49024207045819	82 fp	0.600000000000001	fp	2
#FF0000	5	1	1	-1.49024207045819	-1.07528416347729	83 fp	0.600000000000001	fp	2
#FF0000	5	1	1	-1.07528416347729	-0.990882922572997	84 fp	0.600000000000001	fp	2
#FF0000	5	0	0	-0.990882922572997	-0.988655262445896	85 fp	0.600000000000001	fp	2
#FF0000	5	0	0	-0.988655262445896	-0.983299637455172	86 fp	0.600000000000001	fp	2
#FF0000	5	0	0	-0.983299637455172	-0.964256530006388	87 fp	0.600000000000001	fp	2
#FF0000	5	0	0	-0.964256530006388	-0.927978325178914	88 fp	0.600000000000001	fp	2
#FF0000	5	0	0	-0.927978325178914	-0.869868147335614	89 fp	0.600000000000001	fp	2
#FF0000	5	0	0	-0.869868147335614	-0.735759762116144	90 fp	0.600000000000001	fp	2
#FF0000	5	0	0	-0.735759762116144	-0.583225950541593	91 fp	0.600000000000001	fp	2
#FF0000	5	0	0	-0.583225950541593	-0.41266858884029	92 fp	0.600000000000001	fp	2
#FF0000	5	0	0	-0.41266858884029	-0.256967090713056	93 fp	0.600000000000001	fp	2
#FF0000	5	0	0	-0.256967090713056	-0.196928665307206	94 fp	0.600000000000001	fp	2
#FF0000	5	0	0	-0.196928665307206	-0.0208503556738737	95 fp	0.600000000000001	fp	2
#FF0000	5	0	0	-0.0208503556738737	0.099915618182802	96 fp	0.600000000000001	fp	2
#FF0000	5	0	0	0.099915618182802	0.255441671416664	97 fp	0.600000000000001	fp	2
#FF0000	5	0	0	0.255441671416664	0.380694387272387	98 fp	0.600000000000001	fp	2
#FF0000	5	0	0	0.380694387272387	0.491549157559078	99 fp	0.600000000000001	fp	2
#FF0000	5	0	0	0.491549157559078	0.593599375114021	100 fp	0.600000000000001	fp	2
#FF0000	5	0	0	0.593599375114021	0.669323529125787	101 fp	0.600000000000001	fp	2
#FF0000	5	0	0	0.669323529125787	0.692185027288236	102 fp	0.600000000000001	fp	2
#FF0000	5	0	0	0.692185027288236	0.694934037297491	103 fp	0.600000000000001	fp	2
#FF0000	5	0	0	0.694934037297491	0.69842198680348	104 fp	0.600000000000001	fp	2
#FF0000	5	0	0	0.69842198680348	0.733434186710388	105 fp	0.600000000000001	fp	2
#FF0000	5	0	0	0.733434186710388	0.82633655843005	106 fp	0.600000000000001	fp	2
#FF0000	5	0	0	0.82633655843005	1.22835586004406	107 fp	0.600000000000001	fp	2
#FF0000	5	0	0	1.22835586004406	2.46445996016731	108 fp	0.600000000000001	fp	2
#FF0000	5	0	0	2.46445996016731	9.08500842897606	109 fp	0.600000000000001	fp	2
#FF0000	5	6	6	-13.3670578848165	-8.14650941600775	55 fp	0.800000000000001	fp	2
#FF0000	5	6	6	-8.14650941600775	-4.83600804220391	56 fp	0.800000000000001	fp	2
#FF0000	5	5	5	-4.83600804220391	-3.93807406515583	57 fp	0.800000000000001	fp	2
#FF0000	5	2	2	-3.93807406515583	-3.48750556619035	58 fp	0.800000000000001	fp	2
#FF0000	5	2	2	-3.48750556619035	-3.32049864688413	59 fp	0.800000000000001	fp	2
#FF0000	5	2	2	-3.32049864688413	-3.25672974890662	60 fp	0.800000000000001	fp	2
#FF0000	5	2	2	-3.25672974890662	-3.24973579597916	61 fp	0.800000000000001	fp	2
#FF0000	5	2	2	-3.24973579597916	-3.24530759505372	62 fp	0.800000000000001	fp	2
#FF0000	5	1	1	-3.24530759505372	-3.23998535103409	63 fp	0.800000000000001	fp	2
#FF0000	5	1	1	-3.23998535103409	-3.22382040227741	64 fp	0.800000000000001	fp	2
#FF0000	5	1	1	-3.22382040227741	-3.16923320973925	65 fp	0.800000000000001	fp	2
#FF0000	5	1	1	-3.16923320973925	-3.10987279874575	66 fp	0.800000000000001	fp	2
#FF0000	5	1	1	-3.10987279874575	-3.04250185006855	67 fp	0.800000000000001	fp	2
#FF0000	5	1	1	-3.04250185006855	-2.97018056079695	68 fp	0.800000000000001	fp	2
#FF0000	5	1	1	-2.97018056079695	-2.89993025889385	69 fp	0.800000000000001	fp	2
#FF0000	5	1	1	-2.89993025889385	-2.83437798489911	70 fp	0.800000000000001	fp	2
#FF0000	5	1	1	-2.83437798489911	-2.76322470248714	71 fp	0.800000000000001	fp	2
#FF0000	5	1	1	-2.76322470248714	-2.67903606491499	72 fp	0.800000000000001	fp	2
#FF0000	5	1	1	-2.67903606491499	-2.60153965300898	73 fp	0.800000000000001	fp	2
#FF0000	5	1	1	-2.60153965300898	-2.55069404078928	74 fp	0.800000000000001	fp	2
#FF0000	5	1	1	-2.55069404078928	-2.52842387378049	75 fp	0.800000000000001	fp	2
#FF0000	5	1	1	-2.52842387378049	-2.5157110413324	76 fp	0.800000000000001	fp	2
#FF0000	5	1	1	-2.5157110413324	-2.50921911543562	77 fp	0.800000000000001	fp	2
#FF0000	5	1	1	-2.50921911543562	-2.50344684308794	78 fp	0.800000000000001	fp	2
#FF0000	5	1	1	-2.50344684308794	-2.46992232827862	79 fp	0.800000000000001	fp	2
#FF0000	5	1	1	-2.46992232827862	-2.36300285817	80 fp	0.800000000000001	fp	2
#FF0000	5	1	1	-2.36300285817	-2.15375763383238	81 fp	0.800000000000001	fp	2
#FF0000	5	1	1	-2.15375763383238	-1.69024207045818	82 fp	0.800000000000001	fp	2
#FF0000	5	1	1	-1.69024207045818	-1.27528416347728	83 fp	0.800000000000001	fp	2
#FF0000	5	1	1	-1.27528416347728	-1.190882922573	84 fp	0.800000000000001	fp	2
#FF0000	5	0	0	-1.190882922573	-1.1886552624459	85 fp	0.800000000000001	fp	2
#FF0000	5	0	0	-1.1886552624459	-1.18329963745517	86 fp	0.800000000000001	fp	2
#FF0000	5	0	0	-1.18329963745517	-1.16425653000639	87 fp	0.800000000000001	fp	2
#FF0000	5	0	0	-1.16425653000639	-1.12797832517891	88 fp	0.800000000000001	fp	2
#FF0000	5	0	0	-1.12797832517891	-1.06986814733561	89 fp	0.800000000000001	fp	2
#FF0000	5	0	0	-1.06986814733561	-0.935759762116144	90 fp	0.800000000000001	fp	2
#FF0000	5	0	0	-0.935759762116144	-0.783225950541592	91 fp	0.800000000000001	fp	2
#FF0000	5	0	0	-0.783225950541592	-0.61266858884029	92 fp	0.800000000000001	fp	2
#FF0000	5	0	0	-0.61266858884029	-0.456967090713055	93 fp	0.800000000000001	fp	2
#FF0000	5	0	0	-0.456967090713055	-0.396928665307206	94 fp	0.800000000000001	fp	2
#FF0000	5	0	0	-0.396928665307206	-0.220850355673873	95 fp	0.800000000000001	fp	2
#FF0000	5	0	0	-0.220850355673873	-0.100084381817197	96 fp	0.800000000000001	fp	2
#FF0000	5	0	0	-0.100084381817197	0.0554416714166646	97 fp	0.800000000000001	fp	2
#FF0000	5	0	0	0.0554416714166646	0.180694387272387	98 fp	0.800000000000001	fp	2
#FF0000	5	0	0	0.180694387272387	0.291549157559079	99 fp	0.800000000000001	fp	2
#FF0000	5	0	0	0.291549157559079	0.393599375114022	100 fp	0.800000000000001	fp	2
#FF0000	5	0	0	0.393599375114022	0.469323529125788	101 fp	0.800000000000001	fp	2
#FF0000	5	0	0	0.469323529125788	0.492185027288237	102 fp	0.800000000000001	fp	2
#FF0000	5	0	0	0.492185027288237	0.494934037297492	103 fp	0.800000000000001	fp	2
#FF0000	5	0	0	0.494934037297492	0.49842198680348	104 fp	0.800000000000001	fp	2
#FF0000	5	0	0	0.49842198680348	0.533434186710389	105 fp	0.800000000000001	fp	2
#FF0000	5	0	0	0.533434186710389	0.626336558430051	106 fp	0.800000000000001	fp	2
#FF0000	5	0	0	0.626336558430051	1.02835586004406	107 fp	0.800000000000001	fp	2
#FF0000	5	0	0	1.02835586004406	2.26445996016731	108 fp	0.800000000000001	fp	2
#FF0000	5	0	0	2.26445996016731	9.08500842897606	109 fp	0.800000000000001	fp	2
#FF0000	5	6	6	-13.3670578848165	-8.34650941600775	55 fp	1	fp	2
#FF0000	5	6	6	-8.34650941600775	-5.03600804220391	56 fp	1	fp	2
#FF0000	5	5	5	-5.03600804220391	-4.13807406515583	57 fp	1	fp	2
#FF0000	5	2	2	-4.13807406515583	-3.68750556619035	58 fp	1	fp	2
#FF0000	5	2	2	-3.68750556619035	-3.52049864688413	59 fp	1	fp	2
#FF0000	5	2	2	-3.52049864688413	-3.45672974890662	60 fp	1	fp	2
#FF0000	5	2	2	-3.45672974890662	-3.44973579597916	61 fp	1	fp	2
#FF0000	5	2	2	-3.44973579597916	-3.44530759505372	62 fp	1	fp	2
#FF0000	5	1	1	-3.44530759505372	-3.43998535103409	63 fp	1	fp	2
#FF0000	5	1	1	-3.43998535103409	-3.42382040227741	64 fp	1	fp	2
#FF0000	5	1	1	-3.42382040227741	-3.36923320973925	65 fp	1	fp	2
#FF0000	5	1	1	-3.36923320973925	-3.30987279874575	66 fp	1	fp	2
#FF0000	5	1	1	-3.30987279874575	-3.24250185006855	67 fp	1	fp	2
#FF0000	5	1	1	-3.24250185006855	-3.17018056079695	68 fp	1	fp	2
#FF0000	5	1	1	-3.17018056079695	-3.09993025889384	69 fp	1	fp	2
#FF0000	5	1	1	-3.09993025889384	-3.03437798489911	70 fp	1	fp	2
#FF0000	5	1	1	-3.03437798489911	-2.96322470248714	71 fp	1	fp	2
#FF0000	5	1	1	-2.96322470248714	-2.87903606491499	72 fp	1	fp	2
#FF0000	5	1	1	-2.87903606491499	-2.80153965300898	73 fp	1	fp	2
#FF0000	5	1	1	-2.80153965300898	-2.75069404078928	74 fp	1	fp	2
#FF0000	5	1	1	-2.75069404078928	-2.72842387378049	75 fp	1	fp	2
#FF0000	5	1	1	-2.72842387378049	-2.7157110413324	76 fp	1	fp	2
#FF0000	5	1	1	-2.7157110413324	-2.70921911543562	77 fp	1	fp	2
#FF0000	5	1	1	-2.70921911543562	-2.70344684308794	78 fp	1	fp	2
#FF0000	5	1	1	-2.70344684308794	-2.66992232827862	79 fp	1	fp	2
#FF0000	5	1	1	-2.66992232827862	-2.56300285817	80 fp	1	fp	2
#FF0000	5	1	1	-2.56300285817	-2.35375763383238	81 fp	1	fp	2
#FF0000	5	1	1	-2.35375763383238	-1.89024207045818	82 fp	1	fp	2
#FF0000	5	1	1	-1.89024207045818	-1.47528416347728	83 fp	1	fp	2
#FF0000	5	1	1	-1.47528416347728	-1.390882922573	84 fp	1	fp	2
#FF0000	5	0	0	-1.390882922573	-1.38865526244589	85 fp	1	fp	2
#FF0000	5	0	0	-1.38865526244589	-1.38329963745517	86 fp	1	fp	2
#FF0000	5	0	0	-1.38329963745517	-1.36425653000639	87 fp	1	fp	2
#FF0000	5	0	0	-1.36425653000639	-1.32797832517891	88 fp	1	fp	2
#FF0000	5	0	0	-1.32797832517891	-1.26986814733561	89 fp	1	fp	2
#FF0000	5	0	0	-1.26986814733561	-1.13575976211614	90 fp	1	fp	2
#FF0000	5	0	0	-1.13575976211614	-0.983225950541591	91 fp	1	fp	2
#FF0000	5	0	0	-0.983225950541591	-0.812668588840289	92 fp	1	fp	2
#FF0000	5	0	0	-0.812668588840289	-0.656967090713055	93 fp	1	fp	2
#FF0000	5	0	0	-0.656967090713055	-0.596928665307205	94 fp	1	fp	2
#FF0000	5	0	0	-0.596928665307205	-0.420850355673872	95 fp	1	fp	2
#FF0000	5	0	0	-0.420850355673872	-0.300084381817197	96 fp	1	fp	2
#FF0000	5	0	0	-0.300084381817197	-0.144558328583335	97 fp	1	fp	2
#FF0000	5	0	0	-0.144558328583335	-0.0193056127276119	98 fp	1	fp	2
#FF0000	5	0	0	-0.0193056127276119	0.0915491575590792	99 fp	1	fp	2
#FF0000	5	0	0	0.0915491575590792	0.193599375114022	100 fp	1	fp	2
#FF0000	5	0	0	0.193599375114022	0.269323529125789	101 fp	1	fp	2
#FF0000	5	0	0	0.269323529125789	0.292185027288237	102 fp	1	fp	2
#FF0000	5	0	0	0.292185027288237	0.294934037297493	103 fp	1	fp	2
#FF0000	5	0	0	0.294934037297493	0.298421986803481	104 fp	1	fp	2
#FF0000	5	0	0	0.298421986803481	0.33343418671039	105 fp	1	fp	2
#FF0000	5	0	0	0.33343418671039	0.426336558430052	106 fp	1	fp	2
#FF0000	5	0	0	0.426336558430052	0.828355860044059	107 fp	1	fp	2
#FF0000	5	0	0	0.828355860044059	2.06445996016731	108 fp	1	fp	2
#FF0000	5	0	0	2.06445996016731	9.08500842897606	109 fp	1	fp	2
#FF0000	5	6	6	-13.3670578848165	-8.54650941600775	55 fp	1.2	fp	2
#FF0000	5	6	6	-8.54650941600775	-5.23600804220391	56 fp	1.2	fp	2
#FF0000	5	5	5	-5.23600804220391	-4.33807406515582	57 fp	1.2	fp	2
#FF0000	5	2	2	-4.33807406515582	-3.88750556619035	58 fp	1.2	fp	2
#FF0000	5	2	2	-3.88750556619035	-3.72049864688413	59 fp	1.2	fp	2
#FF0000	5	2	2	-3.72049864688413	-3.65672974890661	60 fp	1.2	fp	2
#FF0000	5	2	2	-3.65672974890661	-3.64973579597916	61 fp	1.2	fp	2
#FF0000	5	2	2	-3.64973579597916	-3.64530759505372	62 fp	1.2	fp	2
#FF0000	5	1	1	-3.64530759505372	-3.63998535103409	63 fp	1.2	fp	2
#FF0000	5	1	1	-3.63998535103409	-3.62382040227741	64 fp	1.2	fp	2
#FF0000	5	1	1	-3.62382040227741	-3.56923320973925	65 fp	1.2	fp	2
#FF0000	5	1	1	-3.56923320973925	-3.50987279874575	66 fp	1.2	fp	2
#FF0000	5	1	1	-3.50987279874575	-3.44250185006855	67 fp	1.2	fp	2
#FF0000	5	1	1	-3.44250185006855	-3.37018056079695	68 fp	1.2	fp	2
#FF0000	5	1	1	-3.37018056079695	-3.29993025889384	69 fp	1.2	fp	2
#FF0000	5	1	1	-3.29993025889384	-3.23437798489911	70 fp	1.2	fp	2
#FF0000	5	1	1	-3.23437798489911	-3.16322470248714	71 fp	1.2	fp	2
#FF0000	5	1	1	-3.16322470248714	-3.07903606491499	72 fp	1.2	fp	2
#FF0000	5	1	1	-3.07903606491499	-3.00153965300897	73 fp	1.2	fp	2
#FF0000	5	1	1	-3.00153965300897	-2.95069404078928	74 fp	1.2	fp	2
#FF0000	5	1	1	-2.95069404078928	-2.92842387378049	75 fp	1.2	fp	2
#FF0000	5	1	1	-2.92842387378049	-2.9157110413324	76 fp	1.2	fp	2
#FF0000	5	1	1	-2.9157110413324	-2.90921911543562	77 fp	1.2	fp	2
#FF0000	5	1	1	-2.90921911543562	-2.90344684308794	78 fp	1.2	fp	2
#FF0000	5	1	1	-2.90344684308794	-2.86992232827862	79 fp	1.2	fp	2
#FF0000	5	1	1	-2.86992232827862	-2.76300285817	80 fp	1.2	fp	2
#FF0000	5	1	1	-2.76300285817	-2.55375763383238	81 fp	1.2	fp	2
#FF0000	5	1	1	-2.55375763383238	-2.09024207045818	82 fp	1.2	fp	2
#FF0000	5	1	1	-2.09024207045818	-1.67528416347728	83 fp	1.2	fp	2
#FF0000	5	1	1	-1.67528416347728	-1.59088292257299	84 fp	1.2	fp	2
#FF0000	5	0	0	-1.59088292257299	-1.58865526244589	85 fp	1.2	fp	2
#FF0000	5	0	0	-1.58865526244589	-1.58329963745517	86 fp	1.2	fp	2
#FF0000	5	0	0	-1.58329963745517	-1.56425653000639	87 fp	1.2	fp	2
#FF0000	5	0	0	-1.56425653000639	-1.52797832517891	88 fp	1.2	fp	2
#FF0000	5	0	0	-1.52797832517891	-1.46986814733561	89 fp	1.2	fp	2
#FF0000	5	0	0	-1.46986814733561	-1.33575976211614	90 fp	1.2	fp	2
#FF0000	5	0	0	-1.33575976211614	-1.18322595054159	91 fp	1.2	fp	2
#FF0000	5	0	0	-1.18322595054159	-1.01266858884029	92 fp	1.2	fp	2
#FF0000	5	0	0	-1.01266858884029	-0.856967090713054	93 fp	1.2	fp	2
#FF0000	5	0	0	-0.856967090713054	-0.796928665307204	94 fp	1.2	fp	2
#FF0000	5	0	0	-0.796928665307204	-0.620850355673872	95 fp	1.2	fp	2
#FF0000	5	0	0	-0.620850355673872	-0.500084381817196	96 fp	1.2	fp	2
#FF0000	5	0	0	-0.500084381817196	-0.344558328583334	97 fp	1.2	fp	2
#FF0000	5	0	0	-0.344558328583334	-0.219305612727611	98 fp	1.2	fp	2
#FF0000	5	0	0	-0.219305612727611	-0.10845084244092	99 fp	1.2	fp	2
#FF0000	5	0	0	-0.10845084244092	-0.00640062488597692	100 fp	1.2	fp	2
#FF0000	5	0	0	-0.00640062488597692	0.0693235291257892	101 fp	1.2	fp	2
#FF0000	5	0	0	0.0693235291257892	0.0921850272882381	102 fp	1.2	fp	2
#FF0000	5	0	0	0.0921850272882381	0.0949340372974934	103 fp	1.2	fp	2
#FF0000	5	0	0	0.0949340372974934	0.0984219868034817	104 fp	1.2	fp	2
#FF0000	5	0	0	0.0984219868034817	0.133434186710391	105 fp	1.2	fp	2
#FF0000	5	0	0	0.133434186710391	0.226336558430052	106 fp	1.2	fp	2
#FF0000	5	0	0	0.226336558430052	0.62835586004406	107 fp	1.2	fp	2
#FF0000	5	0	0	0.62835586004406	1.86445996016731	108 fp	1.2	fp	2
#FF0000	5	0	0	1.86445996016731	9.08500842897606	109 fp	1.2	fp	2
#FF0000	5	6	6	-13.3670578848165	-8.74650941600775	55 fp	1.4	fp	2
#FF0000	5	6	6	-8.74650941600775	-5.43600804220391	56 fp	1.4	fp	2
#FF0000	5	5	5	-5.43600804220391	-4.53807406515583	57 fp	1.4	fp	2
#FF0000	5	2	2	-4.53807406515583	-4.08750556619035	58 fp	1.4	fp	2
#FF0000	5	2	2	-4.08750556619035	-3.92049864688413	59 fp	1.4	fp	2
#FF0000	5	2	2	-3.92049864688413	-3.85672974890662	60 fp	1.4	fp	2
#FF0000	5	2	2	-3.85672974890662	-3.84973579597916	61 fp	1.4	fp	2
#FF0000	5	2	2	-3.84973579597916	-3.84530759505372	62 fp	1.4	fp	2
#FF0000	5	1	1	-3.84530759505372	-3.83998535103409	63 fp	1.4	fp	2
#FF0000	5	1	1	-3.83998535103409	-3.82382040227741	64 fp	1.4	fp	2
#FF0000	5	1	1	-3.82382040227741	-3.76923320973925	65 fp	1.4	fp	2
#FF0000	5	1	1	-3.76923320973925	-3.70987279874575	66 fp	1.4	fp	2
#FF0000	5	1	1	-3.70987279874575	-3.64250185006855	67 fp	1.4	fp	2
#FF0000	5	1	1	-3.64250185006855	-3.57018056079695	68 fp	1.4	fp	2
#FF0000	5	1	1	-3.57018056079695	-3.49993025889385	69 fp	1.4	fp	2
#FF0000	5	1	1	-3.49993025889385	-3.43437798489911	70 fp	1.4	fp	2
#FF0000	5	1	1	-3.43437798489911	-3.36322470248714	71 fp	1.4	fp	2
#FF0000	5	1	1	-3.36322470248714	-3.27903606491499	72 fp	1.4	fp	2
#FF0000	5	1	1	-3.27903606491499	-3.20153965300898	73 fp	1.4	fp	2
#FF0000	5	1	1	-3.20153965300898	-3.15069404078928	74 fp	1.4	fp	2
#FF0000	5	1	1	-3.15069404078928	-3.12842387378049	75 fp	1.4	fp	2
#FF0000	5	1	1	-3.12842387378049	-3.1157110413324	76 fp	1.4	fp	2
#FF0000	5	1	1	-3.1157110413324	-3.10921911543562	77 fp	1.4	fp	2
#FF0000	5	1	1	-3.10921911543562	-3.10344684308794	78 fp	1.4	fp	2
#FF0000	5	1	1	-3.10344684308794	-3.06992232827862	79 fp	1.4	fp	2
#FF0000	5	1	1	-3.06992232827862	-2.96300285817	80 fp	1.4	fp	2
#FF0000	5	1	1	-2.96300285817	-2.75375763383238	81 fp	1.4	fp	2
#FF0000	5	1	1	-2.75375763383238	-2.29024207045818	82 fp	1.4	fp	2
#FF0000	5	1	1	-2.29024207045818	-1.87528416347728	83 fp	1.4	fp	2
#FF0000	5	1	1	-1.87528416347728	-1.790882922573	84 fp	1.4	fp	2
#FF0000	5	0	0	-1.790882922573	-1.78865526244589	85 fp	1.4	fp	2
#FF0000	5	0	0	-1.78865526244589	-1.78329963745517	86 fp	1.4	fp	2
#FF0000	5	0	0	-1.78329963745517	-1.76425653000639	87 fp	1.4	fp	2
#FF0000	5	0	0	-1.76425653000639	-1.72797832517891	88 fp	1.4	fp	2
#FF0000	5	0	0	-1.72797832517891	-1.66986814733561	89 fp	1.4	fp	2
#FF0000	5	0	0	-1.66986814733561	-1.53575976211614	90 fp	1.4	fp	2
#FF0000	5	0	0	-1.53575976211614	-1.38322595054159	91 fp	1.4	fp	2
#FF0000	5	0	0	-1.38322595054159	-1.21266858884029	92 fp	1.4	fp	2
#FF0000	5	0	0	-1.21266858884029	-1.05696709071306	93 fp	1.4	fp	2
#FF0000	5	0	0	-1.05696709071306	-0.996928665307205	94 fp	1.4	fp	2
#FF0000	5	0	0	-0.996928665307205	-0.820850355673873	95 fp	1.4	fp	2
#FF0000	5	0	0	-0.820850355673873	-0.700084381817197	96 fp	1.4	fp	2
#FF0000	5	0	0	-0.700084381817197	-0.544558328583335	97 fp	1.4	fp	2
#FF0000	5	0	0	-0.544558328583335	-0.419305612727612	98 fp	1.4	fp	2
#FF0000	5	0	0	-0.419305612727612	-0.308450842440921	99 fp	1.4	fp	2
#FF0000	5	0	0	-0.308450842440921	-0.206400624885978	100 fp	1.4	fp	2
#FF0000	5	0	0	-0.206400624885978	-0.130676470874212	101 fp	1.4	fp	2
#FF0000	5	0	0	-0.130676470874212	-0.107814972711763	102 fp	1.4	fp	2
#FF0000	5	0	0	-0.107814972711763	-0.105065962702508	103 fp	1.4	fp	2
#FF0000	5	0	0	-0.105065962702508	-0.101578013196519	104 fp	1.4	fp	2
#FF0000	5	0	0	-0.101578013196519	-0.0665658132896105	105 fp	1.4	fp	2
#FF0000	5	0	0	-0.0665658132896105	0.0263365584300512	106 fp	1.4	fp	2
#FF0000	5	0	0	0.0263365584300512	0.428355860044059	107 fp	1.4	fp	2
#FF0000	5	0	0	0.428355860044059	1.66445996016731	108 fp	1.4	fp	2
#FF0000	5	0	0	1.66445996016731	9.08500842897606	109 fp	1.4	fp	2
#FF0000	5	6	6	-13.3670578848165	-8.94650941600775	55 fp	1.6	fp	2
#FF0000	5	6	6	-8.94650941600775	-5.63600804220391	56 fp	1.6	fp	2
#FF0000	5	5	5	-5.63600804220391	-4.73807406515583	57 fp	1.6	fp	2
#FF0000	5	2	2	-4.73807406515583	-4.28750556619035	58 fp	1.6	fp	2
#FF0000	5	2	2	-4.28750556619035	-4.12049864688413	59 fp	1.6	fp	2
#FF0000	5	2	2	-4.12049864688413	-4.05672974890662	60 fp	1.6	fp	2
#FF0000	5	2	2	-4.05672974890662	-4.04973579597916	61 fp	1.6	fp	2
#FF0000	5	2	2	-4.04973579597916	-4.04530759505372	62 fp	1.6	fp	2
#FF0000	5	1	1	-4.04530759505372	-4.03998535103409	63 fp	1.6	fp	2
#FF0000	5	1	1	-4.03998535103409	-4.02382040227741	64 fp	1.6	fp	2
#FF0000	5	1	1	-4.02382040227741	-3.96923320973925	65 fp	1.6	fp	2
#FF0000	5	1	1	-3.96923320973925	-3.90987279874575	66 fp	1.6	fp	2
#FF0000	5	1	1	-3.90987279874575	-3.84250185006855	67 fp	1.6	fp	2
#FF0000	5	1	1	-3.84250185006855	-3.77018056079695	68 fp	1.6	fp	2
#FF0000	5	1	1	-3.77018056079695	-3.69993025889385	69 fp	1.6	fp	2
#FF0000	5	1	1	-3.69993025889385	-3.63437798489911	70 fp	1.6	fp	2
#FF0000	5	1	1	-3.63437798489911	-3.56322470248714	71 fp	1.6	fp	2
#FF0000	5	1	1	-3.56322470248714	-3.47903606491499	72 fp	1.6	fp	2
#FF0000	5	1	1	-3.47903606491499	-3.40153965300898	73 fp	1.6	fp	2
#FF0000	5	1	1	-3.40153965300898	-3.35069404078928	74 fp	1.6	fp	2
#FF0000	5	1	1	-3.35069404078928	-3.32842387378049	75 fp	1.6	fp	2
#FF0000	5	1	1	-3.32842387378049	-3.3157110413324	76 fp	1.6	fp	2
#FF0000	5	1	1	-3.3157110413324	-3.30921911543562	77 fp	1.6	fp	2
#FF0000	5	1	1	-3.30921911543562	-3.30344684308794	78 fp	1.6	fp	2
#FF0000	5	1	1	-3.30344684308794	-3.26992232827863	79 fp	1.6	fp	2
#FF0000	5	1	1	-3.26992232827863	-3.16300285817	80 fp	1.6	fp	2
#FF0000	5	1	1	-3.16300285817	-2.95375763383239	81 fp	1.6	fp	2
#FF0000	5	1	1	-2.95375763383239	-2.49024207045819	82 fp	1.6	fp	2
#FF0000	5	1	1	-2.49024207045819	-2.07528416347729	83 fp	1.6	fp	2
#FF0000	5	1	1	-2.07528416347729	-1.990882922573	84 fp	1.6	fp	2
#FF0000	5	0	0	-1.990882922573	-1.9886552624459	85 fp	1.6	fp	2
#FF0000	5	0	0	-1.9886552624459	-1.98329963745517	86 fp	1.6	fp	2
#FF0000	5	0	0	-1.98329963745517	-1.96425653000639	87 fp	1.6	fp	2
#FF0000	5	0	0	-1.96425653000639	-1.92797832517891	88 fp	1.6	fp	2
#FF0000	5	0	0	-1.92797832517891	-1.86986814733561	89 fp	1.6	fp	2
#FF0000	5	0	0	-1.86986814733561	-1.73575976211614	90 fp	1.6	fp	2
#FF0000	5	0	0	-1.73575976211614	-1.58322595054159	91 fp	1.6	fp	2
#FF0000	5	0	0	-1.58322595054159	-1.41266858884029	92 fp	1.6	fp	2
#FF0000	5	0	0	-1.41266858884029	-1.25696709071306	93 fp	1.6	fp	2
#FF0000	5	0	0	-1.25696709071306	-1.19692866530721	94 fp	1.6	fp	2
#FF0000	5	0	0	-1.19692866530721	-1.02085035567387	95 fp	1.6	fp	2
#FF0000	5	0	0	-1.02085035567387	-0.900084381817198	96 fp	1.6	fp	2
#FF0000	5	0	0	-0.900084381817198	-0.744558328583336	97 fp	1.6	fp	2
#FF0000	5	0	0	-0.744558328583336	-0.619305612727613	98 fp	1.6	fp	2
#FF0000	5	0	0	-0.619305612727613	-0.508450842440922	99 fp	1.6	fp	2
#FF0000	5	0	0	-0.508450842440922	-0.406400624885979	100 fp	1.6	fp	2
#FF0000	5	0	0	-0.406400624885979	-0.330676470874213	101 fp	1.6	fp	2
#FF0000	5	0	0	-0.330676470874213	-0.307814972711764	102 fp	1.6	fp	2
#FF0000	5	0	0	-0.307814972711764	-0.305065962702509	103 fp	1.6	fp	2
#FF0000	5	0	0	-0.305065962702509	-0.30157801319652	104 fp	1.6	fp	2
#FF0000	5	0	0	-0.30157801319652	-0.266565813289612	105 fp	1.6	fp	2
#FF0000	5	0	0	-0.266565813289612	-0.17366344156995	106 fp	1.6	fp	2
#FF0000	5	0	0	-0.17366344156995	0.228355860044058	107 fp	1.6	fp	2
#FF0000	5	0	0	0.228355860044058	1.46445996016731	108 fp	1.6	fp	2
#FF0000	5	0	0	1.46445996016731	9.08500842897606	109 fp	1.6	fp	2
#FF0000	5	6	6	-13.3670578848165	-9.14650941600775	55 fp	1.8	fp	2
#FF0000	5	6	6	-9.14650941600775	-5.83600804220391	56 fp	1.8	fp	2
#FF0000	5	5	5	-5.83600804220391	-4.93807406515583	57 fp	1.8	fp	2
#FF0000	5	2	2	-4.93807406515583	-4.48750556619035	58 fp	1.8	fp	2
#FF0000	5	2	2	-4.48750556619035	-4.32049864688413	59 fp	1.8	fp	2
#FF0000	5	2	2	-4.32049864688413	-4.25672974890662	60 fp	1.8	fp	2
#FF0000	5	2	2	-4.25672974890662	-4.24973579597916	61 fp	1.8	fp	2
#FF0000	5	2	2	-4.24973579597916	-4.24530759505372	62 fp	1.8	fp	2
#FF0000	5	1	1	-4.24530759505372	-4.23998535103409	63 fp	1.8	fp	2
#FF0000	5	1	1	-4.23998535103409	-4.22382040227741	64 fp	1.8	fp	2
#FF0000	5	1	1	-4.22382040227741	-4.16923320973925	65 fp	1.8	fp	2
#FF0000	5	1	1	-4.16923320973925	-4.10987279874575	66 fp	1.8	fp	2
#FF0000	5	1	1	-4.10987279874575	-4.04250185006855	67 fp	1.8	fp	2
#FF0000	5	1	1	-4.04250185006855	-3.97018056079695	68 fp	1.8	fp	2
#FF0000	5	1	1	-3.97018056079695	-3.89993025889385	69 fp	1.8	fp	2
#FF0000	5	1	1	-3.89993025889385	-3.83437798489911	70 fp	1.8	fp	2
#FF0000	5	1	1	-3.83437798489911	-3.76322470248714	71 fp	1.8	fp	2
#FF0000	5	1	1	-3.76322470248714	-3.67903606491499	72 fp	1.8	fp	2
#FF0000	5	1	1	-3.67903606491499	-3.60153965300898	73 fp	1.8	fp	2
#FF0000	5	1	1	-3.60153965300898	-3.55069404078928	74 fp	1.8	fp	2
#FF0000	5	1	1	-3.55069404078928	-3.52842387378049	75 fp	1.8	fp	2
#FF0000	5	1	1	-3.52842387378049	-3.5157110413324	76 fp	1.8	fp	2
#FF0000	5	1	1	-3.5157110413324	-3.50921911543562	77 fp	1.8	fp	2
#FF0000	5	1	1	-3.50921911543562	-3.50344684308794	78 fp	1.8	fp	2
#FF0000	5	1	1	-3.50344684308794	-3.46992232827862	79 fp	1.8	fp	2
#FF0000	5	1	1	-3.46992232827862	-3.36300285817	80 fp	1.8	fp	2
#FF0000	5	1	1	-3.36300285817	-3.15375763383238	81 fp	1.8	fp	2
#FF0000	5	1	1	-3.15375763383238	-2.69024207045818	82 fp	1.8	fp	2
#FF0000	5	1	1	-2.69024207045818	-2.27528416347728	83 fp	1.8	fp	2
#FF0000	5	1	1	-2.27528416347728	-2.190882922573	84 fp	1.8	fp	2
#FF0000	5	0	0	-2.190882922573	-2.1886552624459	85 fp	1.8	fp	2
#FF0000	5	0	0	-2.1886552624459	-2.18329963745517	86 fp	1.8	fp	2
#FF0000	5	0	0	-2.18329963745517	-2.16425653000639	87 fp	1.8	fp	2
#FF0000	5	0	0	-2.16425653000639	-2.12797832517891	88 fp	1.8	fp	2
#FF0000	5	0	0	-2.12797832517891	-2.06986814733561	89 fp	1.8	fp	2
#FF0000	5	0	0	-2.06986814733561	-1.93575976211614	90 fp	1.8	fp	2
#FF0000	5	0	0	-1.93575976211614	-1.78322595054159	91 fp	1.8	fp	2
#FF0000	5	0	0	-1.78322595054159	-1.61266858884029	92 fp	1.8	fp	2
#FF0000	5	0	0	-1.61266858884029	-1.45696709071306	93 fp	1.8	fp	2
#FF0000	5	0	0	-1.45696709071306	-1.39692866530721	94 fp	1.8	fp	2
#FF0000	5	0	0	-1.39692866530721	-1.22085035567387	95 fp	1.8	fp	2
#FF0000	5	0	0	-1.22085035567387	-1.1000843818172	96 fp	1.8	fp	2
#FF0000	5	0	0	-1.1000843818172	-0.944558328583335	97 fp	1.8	fp	2
#FF0000	5	0	0	-0.944558328583335	-0.819305612727613	98 fp	1.8	fp	2
#FF0000	5	0	0	-0.819305612727613	-0.708450842440922	99 fp	1.8	fp	2
#FF0000	5	0	0	-0.708450842440922	-0.606400624885978	100 fp	1.8	fp	2
#FF0000	5	0	0	-0.606400624885978	-0.530676470874212	101 fp	1.8	fp	2
#FF0000	5	0	0	-0.530676470874212	-0.507814972711763	102 fp	1.8	fp	2
#FF0000	5	0	0	-0.507814972711763	-0.505065962702508	103 fp	1.8	fp	2
#FF0000	5	0	0	-0.505065962702508	-0.50157801319652	104 fp	1.8	fp	2
#FF0000	5	0	0	-0.50157801319652	-0.466565813289611	105 fp	1.8	fp	2
#FF0000	5	0	0	-0.466565813289611	-0.373663441569949	106 fp	1.8	fp	2
#FF0000	5	0	0	-0.373663441569949	0.0283558600440585	107 fp	1.8	fp	2
#FF0000	5	0	0	0.0283558600440585	1.26445996016731	108 fp	1.8	fp	2
#FF0000	5	0	0	1.26445996016731	9.08500842897606	109 fp	1.8	fp	2
#FF0000	5	6	6	-13.3670578848165	-9.34650941600775	55 fp	2	fp	2
#FF0000	5	6	6	-9.34650941600775	-6.03600804220391	56 fp	2	fp	2
#FF0000	5	5	5	-6.03600804220391	-5.13807406515583	57 fp	2	fp	2
#FF0000	5	2	2	-5.13807406515583	-4.68750556619035	58 fp	2	fp	2
#FF0000	5	2	2	-4.68750556619035	-4.52049864688413	59 fp	2	fp	2
#FF0000	5	2	2	-4.52049864688413	-4.45672974890662	60 fp	2	fp	2
#FF0000	5	2	2	-4.45672974890662	-4.44973579597916	61 fp	2	fp	2
#FF0000	5	2	2	-4.44973579597916	-4.44530759505372	62 fp	2	fp	2
#FF0000	5	1	1	-4.44530759505372	-4.43998535103409	63 fp	2	fp	2
#FF0000	5	1	1	-4.43998535103409	-4.42382040227741	64 fp	2	fp	2
#FF0000	5	1	1	-4.42382040227741	-4.36923320973925	65 fp	2	fp	2
#FF0000	5	1	1	-4.36923320973925	-4.30987279874575	66 fp	2	fp	2
#FF0000	5	1	1	-4.30987279874575	-4.24250185006855	67 fp	2	fp	2
#FF0000	5	1	1	-4.24250185006855	-4.17018056079695	68 fp	2	fp	2
#FF0000	5	1	1	-4.17018056079695	-4.09993025889384	69 fp	2	fp	2
#FF0000	5	1	1	-4.09993025889384	-4.03437798489911	70 fp	2	fp	2
#FF0000	5	1	1	-4.03437798489911	-3.96322470248714	71 fp	2	fp	2
#FF0000	5	1	1	-3.96322470248714	-3.87903606491499	72 fp	2	fp	2
#FF0000	5	1	1	-3.87903606491499	-3.80153965300898	73 fp	2	fp	2
#FF0000	5	1	1	-3.80153965300898	-3.75069404078928	74 fp	2	fp	2
#FF0000	5	1	1	-3.75069404078928	-3.72842387378049	75 fp	2	fp	2
#FF0000	5	1	1	-3.72842387378049	-3.7157110413324	76 fp	2	fp	2
#FF0000	5	1	1	-3.7157110413324	-3.70921911543562	77 fp	2	fp	2
#FF0000	5	1	1	-3.70921911543562	-3.70344684308794	78 fp	2	fp	2
#FF0000	5	1	1	-3.70344684308794	-3.66992232827862	79 fp	2	fp	2
#FF0000	5	1	1	-3.66992232827862	-3.56300285817	80 fp	2	fp	2
#FF0000	5	1	1	-3.56300285817	-3.35375763383238	81 fp	2	fp	2
#FF0000	5	1	1	-3.35375763383238	-2.89024207045818	82 fp	2	fp	2
#FF0000	5	1	1	-2.89024207045818	-2.47528416347728	83 fp	2	fp	2
#FF0000	5	1	1	-2.47528416347728	-2.390882922573	84 fp	2	fp	2
#FF0000	5	0	0	-2.390882922573	-2.38865526244589	85 fp	2	fp	2
#FF0000	5	0	0	-2.38865526244589	-2.38329963745517	86 fp	2	fp	2
#FF0000	5	0	0	-2.38329963745517	-2.36425653000639	87 fp	2	fp	2
#FF0000	5	0	0	-2.36425653000639	-2.32797832517891	88 fp	2	fp	2
#FF0000	5	0	0	-2.32797832517891	-2.26986814733561	89 fp	2	fp	2
#FF0000	5	0	0	-2.26986814733561	-2.13575976211614	90 fp	2	fp	2
#FF0000	5	0	0	-2.13575976211614	-1.98322595054159	91 fp	2	fp	2
#FF0000	5	0	0	-1.98322595054159	-1.81266858884029	92 fp	2	fp	2
#FF0000	5	0	0	-1.81266858884029	-1.65696709071305	93 fp	2	fp	2
#FF0000	5	0	0	-1.65696709071305	-1.59692866530721	94 fp	2	fp	2
#FF0000	5	0	0	-1.59692866530721	-1.42085035567387	95 fp	2	fp	2
#FF0000	5	0	0	-1.42085035567387	-1.3000843818172	96 fp	2	fp	2
#FF0000	5	0	0	-1.3000843818172	-1.14455832858333	97 fp	2	fp	2
#FF0000	5	0	0	-1.14455832858333	-1.01930561272761	98 fp	2	fp	2
#FF0000	5	0	0	-1.01930561272761	-0.908450842440921	99 fp	2	fp	2
#FF0000	5	0	0	-0.908450842440921	-0.806400624885978	100 fp	2	fp	2
#FF0000	5	0	0	-0.806400624885978	-0.730676470874212	101 fp	2	fp	2
#FF0000	5	0	0	-0.730676470874212	-0.707814972711763	102 fp	2	fp	2
#FF0000	5	0	0	-0.707814972711763	-0.705065962702507	103 fp	2	fp	2
#FF0000	5	0	0	-0.705065962702507	-0.701578013196519	104 fp	2	fp	2
#FF0000	5	0	0	-0.701578013196519	-0.66656581328961	105 fp	2	fp	2
#FF0000	5	0	0	-0.66656581328961	-0.573663441569948	106 fp	2	fp	2
#FF0000	5	0	0	-0.573663441569948	-0.171644139955941	107 fp	2	fp	2
#FF0000	5	0	0	-0.171644139955941	1.06445996016731	108 fp	2	fp	2
#FF0000	5	0	0	1.06445996016731	9.08500842897606	109 fp	2	fp	2
#FF0000	5	6	6	-13.3670578848165	-9.54650941600775	55 fp	2.2	fp	2
#FF0000	5	6	6	-9.54650941600775	-6.23600804220391	56 fp	2.2	fp	2
#FF0000	5	5	5	-6.23600804220391	-5.33807406515582	57 fp	2.2	fp	2
#FF0000	5	2	2	-5.33807406515582	-4.88750556619035	58 fp	2.2	fp	2
#FF0000	5	2	2	-4.88750556619035	-4.72049864688413	59 fp	2.2	fp	2
#FF0000	5	2	2	-4.72049864688413	-4.65672974890661	60 fp	2.2	fp	2
#FF0000	5	2	2	-4.65672974890661	-4.64973579597916	61 fp	2.2	fp	2
#FF0000	5	2	2	-4.64973579597916	-4.64530759505372	62 fp	2.2	fp	2
#FF0000	5	1	1	-4.64530759505372	-4.63998535103409	63 fp	2.2	fp	2
#FF0000	5	1	1	-4.63998535103409	-4.62382040227741	64 fp	2.2	fp	2
#FF0000	5	1	1	-4.62382040227741	-4.56923320973925	65 fp	2.2	fp	2
#FF0000	5	1	1	-4.56923320973925	-4.50987279874575	66 fp	2.2	fp	2
#FF0000	5	1	1	-4.50987279874575	-4.44250185006855	67 fp	2.2	fp	2
#FF0000	5	1	1	-4.44250185006855	-4.37018056079695	68 fp	2.2	fp	2
#FF0000	5	1	1	-4.37018056079695	-4.29993025889384	69 fp	2.2	fp	2
#FF0000	5	1	1	-4.29993025889384	-4.23437798489911	70 fp	2.2	fp	2
#FF0000	5	1	1	-4.23437798489911	-4.16322470248714	71 fp	2.2	fp	2
#FF0000	5	1	1	-4.16322470248714	-4.07903606491499	72 fp	2.2	fp	2
#FF0000	5	1	1	-4.07903606491499	-4.00153965300897	73 fp	2.2	fp	2
#FF0000	5	1	1	-4.00153965300897	-3.95069404078928	74 fp	2.2	fp	2
#FF0000	5	1	1	-3.95069404078928	-3.92842387378049	75 fp	2.2	fp	2
#FF0000	5	1	1	-3.92842387378049	-3.9157110413324	76 fp	2.2	fp	2
#FF0000	5	1	1	-3.9157110413324	-3.90921911543562	77 fp	2.2	fp	2
#FF0000	5	1	1	-3.90921911543562	-3.90344684308794	78 fp	2.2	fp	2
#FF0000	5	1	1	-3.90344684308794	-3.86992232827862	79 fp	2.2	fp	2
#FF0000	5	1	1	-3.86992232827862	-3.76300285817	80 fp	2.2	fp	2
#FF0000	5	1	1	-3.76300285817	-3.55375763383238	81 fp	2.2	fp	2
#FF0000	5	1	1	-3.55375763383238	-3.09024207045818	82 fp	2.2	fp	2
#FF0000	5	1	1	-3.09024207045818	-2.67528416347728	83 fp	2.2	fp	2
#FF0000	5	1	1	-2.67528416347728	-2.59088292257299	84 fp	2.2	fp	2
#FF0000	5	0	0	-2.59088292257299	-2.58865526244589	85 fp	2.2	fp	2
#FF0000	5	0	0	-2.58865526244589	-2.58329963745517	86 fp	2.2	fp	2
#FF0000	5	0	0	-2.58329963745517	-2.56425653000639	87 fp	2.2	fp	2
#FF0000	5	0	0	-2.56425653000639	-2.52797832517891	88 fp	2.2	fp	2
#FF0000	5	0	0	-2.52797832517891	-2.46986814733561	89 fp	2.2	fp	2
#FF0000	5	0	0	-2.46986814733561	-2.33575976211614	90 fp	2.2	fp	2
#FF0000	5	0	0	-2.33575976211614	-2.18322595054159	91 fp	2.2	fp	2
#FF0000	5	0	0	-2.18322595054159	-2.01266858884029	92 fp	2.2	fp	2
#FF0000	5	0	0	-2.01266858884029	-1.85696709071305	93 fp	2.2	fp	2
#FF0000	5	0	0	-1.85696709071305	-1.7969286653072	94 fp	2.2	fp	2
#FF0000	5	0	0	-1.7969286653072	-1.62085035567387	95 fp	2.2	fp	2
#FF0000	5	0	0	-1.62085035567387	-1.5000843818172	96 fp	2.2	fp	2
#FF0000	5	0	0	-1.5000843818172	-1.34455832858333	97 fp	2.2	fp	2
#FF0000	5	0	0	-1.34455832858333	-1.21930561272761	98 fp	2.2	fp	2
#FF0000	5	0	0	-1.21930561272761	-1.10845084244092	99 fp	2.2	fp	2
#FF0000	5	0	0	-1.10845084244092	-1.00640062488598	100 fp	2.2	fp	2
#FF0000	5	0	0	-1.00640062488598	-0.930676470874211	101 fp	2.2	fp	2
#FF0000	5	0	0	-0.930676470874211	-0.907814972711762	102 fp	2.2	fp	2
#FF0000	5	0	0	-0.907814972711762	-0.905065962702507	103 fp	2.2	fp	2
#FF0000	5	0	0	-0.905065962702507	-0.901578013196518	104 fp	2.2	fp	2
#FF0000	5	0	0	-0.901578013196518	-0.86656581328961	105 fp	2.2	fp	2
#FF0000	5	0	0	-0.86656581328961	-0.773663441569948	106 fp	2.2	fp	2
#FF0000	5	0	0	-0.773663441569948	-0.37164413995594	107 fp	2.2	fp	2
#FF0000	5	0	0	-0.37164413995594	0.864459960167308	108 fp	2.2	fp	2
#FF0000	5	0	0	0.864459960167308	9.08500842897606	109 fp	2.2	fp	2
#FF0000	5	6	6	-13.3670578848165	-9.74650941600775	55 fp	2.4	fp	2
#FF0000	5	6	6	-9.74650941600775	-6.43600804220391	56 fp	2.4	fp	2
#FF0000	5	5	5	-6.43600804220391	-5.53807406515583	57 fp	2.4	fp	2
#FF0000	5	2	2	-5.53807406515583	-5.08750556619035	58 fp	2.4	fp	2
#FF0000	5	2	2	-5.08750556619035	-4.92049864688413	59 fp	2.4	fp	2
#FF0000	5	2	2	-4.92049864688413	-4.85672974890662	60 fp	2.4	fp	2
#FF0000	5	2	2	-4.85672974890662	-4.84973579597916	61 fp	2.4	fp	2
#FF0000	5	2	2	-4.84973579597916	-4.84530759505372	62 fp	2.4	fp	2
#FF0000	5	1	1	-4.84530759505372	-4.83998535103409	63 fp	2.4	fp	2
#FF0000	5	1	1	-4.83998535103409	-4.82382040227741	64 fp	2.4	fp	2
#FF0000	5	1	1	-4.82382040227741	-4.76923320973925	65 fp	2.4	fp	2
#FF0000	5	1	1	-4.76923320973925	-4.70987279874575	66 fp	2.4	fp	2
#FF0000	5	1	1	-4.70987279874575	-4.64250185006855	67 fp	2.4	fp	2
#FF0000	5	1	1	-4.64250185006855	-4.57018056079695	68 fp	2.4	fp	2
#FF0000	5	1	1	-4.57018056079695	-4.49993025889385	69 fp	2.4	fp	2
#FF0000	5	1	1	-4.49993025889385	-4.43437798489911	70 fp	2.4	fp	2
#FF0000	5	1	1	-4.43437798489911	-4.36322470248714	71 fp	2.4	fp	2
#FF0000	5	1	1	-4.36322470248714	-4.27903606491499	72 fp	2.4	fp	2
#FF0000	5	1	1	-4.27903606491499	-4.20153965300898	73 fp	2.4	fp	2
#FF0000	5	1	1	-4.20153965300898	-4.15069404078928	74 fp	2.4	fp	2
#FF0000	5	1	1	-4.15069404078928	-4.12842387378049	75 fp	2.4	fp	2
#FF0000	5	1	1	-4.12842387378049	-4.1157110413324	76 fp	2.4	fp	2
#FF0000	5	1	1	-4.1157110413324	-4.10921911543562	77 fp	2.4	fp	2
#FF0000	5	1	1	-4.10921911543562	-4.10344684308794	78 fp	2.4	fp	2
#FF0000	5	1	1	-4.10344684308794	-4.06992232827862	79 fp	2.4	fp	2
#FF0000	5	1	1	-4.06992232827862	-3.96300285817	80 fp	2.4	fp	2
#FF0000	5	1	1	-3.96300285817	-3.75375763383238	81 fp	2.4	fp	2
#FF0000	5	1	1	-3.75375763383238	-3.29024207045818	82 fp	2.4	fp	2
#FF0000	5	1	1	-3.29024207045818	-2.87528416347728	83 fp	2.4	fp	2
#FF0000	5	1	1	-2.87528416347728	-2.790882922573	84 fp	2.4	fp	2
#FF0000	5	0	0	-2.790882922573	-2.78865526244589	85 fp	2.4	fp	2
#FF0000	5	0	0	-2.78865526244589	-2.78329963745517	86 fp	2.4	fp	2
#FF0000	5	0	0	-2.78329963745517	-2.76425653000639	87 fp	2.4	fp	2
#FF0000	5	0	0	-2.76425653000639	-2.72797832517891	88 fp	2.4	fp	2
#FF0000	5	0	0	-2.72797832517891	-2.66986814733561	89 fp	2.4	fp	2
#FF0000	5	0	0	-2.66986814733561	-2.53575976211614	90 fp	2.4	fp	2
#FF0000	5	0	0	-2.53575976211614	-2.38322595054159	91 fp	2.4	fp	2
#FF0000	5	0	0	-2.38322595054159	-2.21266858884029	92 fp	2.4	fp	2
#FF0000	5	0	0	-2.21266858884029	-2.05696709071306	93 fp	2.4	fp	2
#FF0000	5	0	0	-2.05696709071306	-1.99692866530721	94 fp	2.4	fp	2
#FF0000	5	0	0	-1.99692866530721	-1.82085035567387	95 fp	2.4	fp	2
#FF0000	5	0	0	-1.82085035567387	-1.7000843818172	96 fp	2.4	fp	2
#FF0000	5	0	0	-1.7000843818172	-1.54455832858334	97 fp	2.4	fp	2
#FF0000	5	0	0	-1.54455832858334	-1.41930561272761	98 fp	2.4	fp	2
#FF0000	5	0	0	-1.41930561272761	-1.30845084244092	99 fp	2.4	fp	2
#FF0000	5	0	0	-1.30845084244092	-1.20640062488598	100 fp	2.4	fp	2
#FF0000	5	0	0	-1.20640062488598	-1.13067647087421	101 fp	2.4	fp	2
#FF0000	5	0	0	-1.13067647087421	-1.10781497271176	102 fp	2.4	fp	2
#FF0000	5	0	0	-1.10781497271176	-1.10506596270251	103 fp	2.4	fp	2
#FF0000	5	0	0	-1.10506596270251	-1.10157801319652	104 fp	2.4	fp	2
#FF0000	5	0	0	-1.10157801319652	-1.06656581328961	105 fp	2.4	fp	2
#FF0000	5	0	0	-1.06656581328961	-0.973663441569949	106 fp	2.4	fp	2
#FF0000	5	0	0	-0.973663441569949	-0.571644139955941	107 fp	2.4	fp	2
#FF0000	5	0	0	-0.571644139955941	0.664459960167307	108 fp	2.4	fp	2
#FF0000	5	0	0	0.664459960167307	9.08500842897606	109 fp	2.4	fp	2
#FF0000	5	6	6	-13.3670578848165	-9.94650941600775	55 fp	2.6	fp	2
#FF0000	5	6	6	-9.94650941600775	-6.63600804220391	56 fp	2.6	fp	2
#FF0000	5	5	5	-6.63600804220391	-5.73807406515583	57 fp	2.6	fp	2
#FF0000	5	2	2	-5.73807406515583	-5.28750556619035	58 fp	2.6	fp	2
#FF0000	5	2	2	-5.28750556619035	-5.12049864688413	59 fp	2.6	fp	2
#FF0000	5	2	2	-5.12049864688413	-5.05672974890662	60 fp	2.6	fp	2
#FF0000	5	2	2	-5.05672974890662	-5.04973579597916	61 fp	2.6	fp	2
#FF0000	5	2	2	-5.04973579597916	-5.04530759505372	62 fp	2.6	fp	2
#FF0000	5	1	1	-5.04530759505372	-5.03998535103409	63 fp	2.6	fp	2
#FF0000	5	1	1	-5.03998535103409	-5.02382040227741	64 fp	2.6	fp	2
#FF0000	5	1	1	-5.02382040227741	-4.96923320973925	65 fp	2.6	fp	2
#FF0000	5	1	1	-4.96923320973925	-4.90987279874575	66 fp	2.6	fp	2
#FF0000	5	1	1	-4.90987279874575	-4.84250185006855	67 fp	2.6	fp	2
#FF0000	5	1	1	-4.84250185006855	-4.77018056079695	68 fp	2.6	fp	2
#FF0000	5	1	1	-4.77018056079695	-4.69993025889385	69 fp	2.6	fp	2
#FF0000	5	1	1	-4.69993025889385	-4.63437798489911	70 fp	2.6	fp	2
#FF0000	5	1	1	-4.63437798489911	-4.56322470248714	71 fp	2.6	fp	2
#FF0000	5	1	1	-4.56322470248714	-4.47903606491499	72 fp	2.6	fp	2
#FF0000	5	1	1	-4.47903606491499	-4.40153965300898	73 fp	2.6	fp	2
#FF0000	5	1	1	-4.40153965300898	-4.35069404078928	74 fp	2.6	fp	2
#FF0000	5	1	1	-4.35069404078928	-4.32842387378049	75 fp	2.6	fp	2
#FF0000	5	1	1	-4.32842387378049	-4.3157110413324	76 fp	2.6	fp	2
#FF0000	5	1	1	-4.3157110413324	-4.30921911543562	77 fp	2.6	fp	2
#FF0000	5	1	1	-4.30921911543562	-4.30344684308794	78 fp	2.6	fp	2
#FF0000	5	1	1	-4.30344684308794	-4.26992232827863	79 fp	2.6	fp	2
#FF0000	5	1	1	-4.26992232827863	-4.16300285817	80 fp	2.6	fp	2
#FF0000	5	1	1	-4.16300285817	-3.95375763383239	81 fp	2.6	fp	2
#FF0000	5	1	1	-3.95375763383239	-3.49024207045819	82 fp	2.6	fp	2
#FF0000	5	1	1	-3.49024207045819	-3.07528416347729	83 fp	2.6	fp	2
#FF0000	5	1	1	-3.07528416347729	-2.990882922573	84 fp	2.6	fp	2
#FF0000	5	0	0	-2.990882922573	-2.9886552624459	85 fp	2.6	fp	2
#FF0000	5	0	0	-2.9886552624459	-2.98329963745517	86 fp	2.6	fp	2
#FF0000	5	0	0	-2.98329963745517	-2.96425653000639	87 fp	2.6	fp	2
#FF0000	5	0	0	-2.96425653000639	-2.92797832517891	88 fp	2.6	fp	2
#FF0000	5	0	0	-2.92797832517891	-2.86986814733561	89 fp	2.6	fp	2
#FF0000	5	0	0	-2.86986814733561	-2.73575976211614	90 fp	2.6	fp	2
#FF0000	5	0	0	-2.73575976211614	-2.58322595054159	91 fp	2.6	fp	2
#FF0000	5	0	0	-2.58322595054159	-2.41266858884029	92 fp	2.6	fp	2
#FF0000	5	0	0	-2.41266858884029	-2.25696709071306	93 fp	2.6	fp	2
#FF0000	5	0	0	-2.25696709071306	-2.19692866530721	94 fp	2.6	fp	2
#FF0000	5	0	0	-2.19692866530721	-2.02085035567387	95 fp	2.6	fp	2
#FF0000	5	0	0	-2.02085035567387	-1.9000843818172	96 fp	2.6	fp	2
#FF0000	5	0	0	-1.9000843818172	-1.74455832858334	97 fp	2.6	fp	2
#FF0000	5	0	0	-1.74455832858334	-1.61930561272761	98 fp	2.6	fp	2
#FF0000	5	0	0	-1.61930561272761	-1.50845084244092	99 fp	2.6	fp	2
#FF0000	5	0	0	-1.50845084244092	-1.40640062488598	100 fp	2.6	fp	2
#FF0000	5	0	0	-1.40640062488598	-1.33067647087421	101 fp	2.6	fp	2
#FF0000	5	0	0	-1.33067647087421	-1.30781497271176	102 fp	2.6	fp	2
#FF0000	5	0	0	-1.30781497271176	-1.30506596270251	103 fp	2.6	fp	2
#FF0000	5	0	0	-1.30506596270251	-1.30157801319652	104 fp	2.6	fp	2
#FF0000	5	0	0	-1.30157801319652	-1.26656581328961	105 fp	2.6	fp	2
#FF0000	5	0	0	-1.26656581328961	-1.17366344156995	106 fp	2.6	fp	2
#FF0000	5	0	0	-1.17366344156995	-0.771644139955942	107 fp	2.6	fp	2
#FF0000	5	0	0	-0.771644139955942	0.464459960167305	108 fp	2.6	fp	2
#FF0000	5	0	0	0.464459960167305	9.08500842897606	109 fp	2.6	fp	2
#FF0000	5	6	6	-13.3670578848165	-10.1465094160078	55 fp	2.8	fp	2
#FF0000	5	6	6	-10.1465094160078	-6.83600804220391	56 fp	2.8	fp	2
#FF0000	5	5	5	-6.83600804220391	-5.93807406515583	57 fp	2.8	fp	2
#FF0000	5	2	2	-5.93807406515583	-5.48750556619035	58 fp	2.8	fp	2
#FF0000	5	2	2	-5.48750556619035	-5.32049864688413	59 fp	2.8	fp	2
#FF0000	5	2	2	-5.32049864688413	-5.25672974890662	60 fp	2.8	fp	2
#FF0000	5	2	2	-5.25672974890662	-5.24973579597916	61 fp	2.8	fp	2
#FF0000	5	2	2	-5.24973579597916	-5.24530759505372	62 fp	2.8	fp	2
#FF0000	5	1	1	-5.24530759505372	-5.23998535103409	63 fp	2.8	fp	2
#FF0000	5	1	1	-5.23998535103409	-5.22382040227741	64 fp	2.8	fp	2
#FF0000	5	1	1	-5.22382040227741	-5.16923320973925	65 fp	2.8	fp	2
#FF0000	5	1	1	-5.16923320973925	-5.10987279874575	66 fp	2.8	fp	2
#FF0000	5	1	1	-5.10987279874575	-5.04250185006855	67 fp	2.8	fp	2
#FF0000	5	1	1	-5.04250185006855	-4.97018056079695	68 fp	2.8	fp	2
#FF0000	5	1	1	-4.97018056079695	-4.89993025889385	69 fp	2.8	fp	2
#FF0000	5	1	1	-4.89993025889385	-4.83437798489911	70 fp	2.8	fp	2
#FF0000	5	1	1	-4.83437798489911	-4.76322470248714	71 fp	2.8	fp	2
#FF0000	5	1	1	-4.76322470248714	-4.67903606491499	72 fp	2.8	fp	2
#FF0000	5	1	1	-4.67903606491499	-4.60153965300898	73 fp	2.8	fp	2
#FF0000	5	1	1	-4.60153965300898	-4.55069404078928	74 fp	2.8	fp	2
#FF0000	5	1	1	-4.55069404078928	-4.52842387378049	75 fp	2.8	fp	2
#FF0000	5	1	1	-4.52842387378049	-4.5157110413324	76 fp	2.8	fp	2
#FF0000	5	1	1	-4.5157110413324	-4.50921911543562	77 fp	2.8	fp	2
#FF0000	5	1	1	-4.50921911543562	-4.50344684308794	78 fp	2.8	fp	2
#FF0000	5	1	1	-4.50344684308794	-4.46992232827862	79 fp	2.8	fp	2
#FF0000	5	1	1	-4.46992232827862	-4.36300285817	80 fp	2.8	fp	2
#FF0000	5	1	1	-4.36300285817	-4.15375763383238	81 fp	2.8	fp	2
#FF0000	5	1	1	-4.15375763383238	-3.69024207045818	82 fp	2.8	fp	2
#FF0000	5	1	1	-3.69024207045818	-3.27528416347728	83 fp	2.8	fp	2
#FF0000	5	1	1	-3.27528416347728	-3.190882922573	84 fp	2.8	fp	2
#FF0000	5	0	0	-3.190882922573	-3.1886552624459	85 fp	2.8	fp	2
#FF0000	5	0	0	-3.1886552624459	-3.18329963745517	86 fp	2.8	fp	2
#FF0000	5	0	0	-3.18329963745517	-3.16425653000639	87 fp	2.8	fp	2
#FF0000	5	0	0	-3.16425653000639	-3.12797832517891	88 fp	2.8	fp	2
#FF0000	5	0	0	-3.12797832517891	-3.06986814733561	89 fp	2.8	fp	2
#FF0000	5	0	0	-3.06986814733561	-2.93575976211614	90 fp	2.8	fp	2
#FF0000	5	0	0	-2.93575976211614	-2.78322595054159	91 fp	2.8	fp	2
#FF0000	5	0	0	-2.78322595054159	-2.61266858884029	92 fp	2.8	fp	2
#FF0000	5	0	0	-2.61266858884029	-2.45696709071306	93 fp	2.8	fp	2
#FF0000	5	0	0	-2.45696709071306	-2.39692866530721	94 fp	2.8	fp	2
#FF0000	5	0	0	-2.39692866530721	-2.22085035567387	95 fp	2.8	fp	2
#FF0000	5	0	0	-2.22085035567387	-2.1000843818172	96 fp	2.8	fp	2
#FF0000	5	0	0	-2.1000843818172	-1.94455832858334	97 fp	2.8	fp	2
#FF0000	5	0	0	-1.94455832858334	-1.81930561272761	98 fp	2.8	fp	2
#FF0000	5	0	0	-1.81930561272761	-1.70845084244092	99 fp	2.8	fp	2
#FF0000	5	0	0	-1.70845084244092	-1.60640062488598	100 fp	2.8	fp	2
#FF0000	5	0	0	-1.60640062488598	-1.53067647087421	101 fp	2.8	fp	2
#FF0000	5	0	0	-1.53067647087421	-1.50781497271176	102 fp	2.8	fp	2
#FF0000	5	0	0	-1.50781497271176	-1.50506596270251	103 fp	2.8	fp	2
#FF0000	5	0	0	-1.50506596270251	-1.50157801319652	104 fp	2.8	fp	2
#FF0000	5	0	0	-1.50157801319652	-1.46656581328961	105 fp	2.8	fp	2
#FF0000	5	0	0	-1.46656581328961	-1.37366344156995	106 fp	2.8	fp	2
#FF0000	5	0	0	-1.37366344156995	-0.971644139955941	107 fp	2.8	fp	2
#FF0000	5	0	0	-0.971644139955941	0.264459960167306	108 fp	2.8	fp	2
#FF0000	5	0	0	0.264459960167306	9.08500842897606	109 fp	2.8	fp	2
#FF0000	5	6	6	-13.3670578848165	-10.3465094160078	55 fp	3	fp	2
#FF0000	5	6	6	-10.3465094160078	-7.03600804220391	56 fp	3	fp	2
#FF0000	5	5	5	-7.03600804220391	-6.13807406515583	57 fp	3	fp	2
#FF0000	5	2	2	-6.13807406515583	-5.68750556619035	58 fp	3	fp	2
#FF0000	5	2	2	-5.68750556619035	-5.52049864688413	59 fp	3	fp	2
#FF0000	5	2	2	-5.52049864688413	-5.45672974890662	60 fp	3	fp	2
#FF0000	5	2	2	-5.45672974890662	-5.44973579597916	61 fp	3	fp	2
#FF0000	5	2	2	-5.44973579597916	-5.44530759505372	62 fp	3	fp	2
#FF0000	5	1	1	-5.44530759505372	-5.43998535103409	63 fp	3	fp	2
#FF0000	5	1	1	-5.43998535103409	-5.42382040227741	64 fp	3	fp	2
#FF0000	5	1	1	-5.42382040227741	-5.36923320973925	65 fp	3	fp	2
#FF0000	5	1	1	-5.36923320973925	-5.30987279874575	66 fp	3	fp	2
#FF0000	5	1	1	-5.30987279874575	-5.24250185006855	67 fp	3	fp	2
#FF0000	5	1	1	-5.24250185006855	-5.17018056079695	68 fp	3	fp	2
#FF0000	5	1	1	-5.17018056079695	-5.09993025889385	69 fp	3	fp	2
#FF0000	5	1	1	-5.09993025889385	-5.03437798489911	70 fp	3	fp	2
#FF0000	5	1	1	-5.03437798489911	-4.96322470248714	71 fp	3	fp	2
#FF0000	5	1	1	-4.96322470248714	-4.87903606491499	72 fp	3	fp	2
#FF0000	5	1	1	-4.87903606491499	-4.80153965300898	73 fp	3	fp	2
#FF0000	5	1	1	-4.80153965300898	-4.75069404078928	74 fp	3	fp	2
#FF0000	5	1	1	-4.75069404078928	-4.72842387378049	75 fp	3	fp	2
#FF0000	5	1	1	-4.72842387378049	-4.7157110413324	76 fp	3	fp	2
#FF0000	5	1	1	-4.7157110413324	-4.70921911543562	77 fp	3	fp	2
#FF0000	5	1	1	-4.70921911543562	-4.70344684308794	78 fp	3	fp	2
#FF0000	5	1	1	-4.70344684308794	-4.66992232827862	79 fp	3	fp	2
#FF0000	5	1	1	-4.66992232827862	-4.56300285817	80 fp	3	fp	2
#FF0000	5	1	1	-4.56300285817	-4.35375763383238	81 fp	3	fp	2
#FF0000	5	1	1	-4.35375763383238	-3.89024207045818	82 fp	3	fp	2
#FF0000	5	1	1	-3.89024207045818	-3.47528416347728	83 fp	3	fp	2
#FF0000	5	1	1	-3.47528416347728	-3.390882922573	84 fp	3	fp	2
#FF0000	5	0	0	-3.390882922573	-3.38865526244589	85 fp	3	fp	2
#FF0000	5	0	0	-3.38865526244589	-3.38329963745517	86 fp	3	fp	2
#FF0000	5	0	0	-3.38329963745517	-3.36425653000639	87 fp	3	fp	2
#FF0000	5	0	0	-3.36425653000639	-3.32797832517891	88 fp	3	fp	2
#FF0000	5	0	0	-3.32797832517891	-3.26986814733561	89 fp	3	fp	2
#FF0000	5	0	0	-3.26986814733561	-3.13575976211614	90 fp	3	fp	2
#FF0000	5	0	0	-3.13575976211614	-2.98322595054159	91 fp	3	fp	2
#FF0000	5	0	0	-2.98322595054159	-2.81266858884029	92 fp	3	fp	2
#FF0000	5	0	0	-2.81266858884029	-2.65696709071305	93 fp	3	fp	2
#FF0000	5	0	0	-2.65696709071305	-2.59692866530721	94 fp	3	fp	2
#FF0000	5	0	0	-2.59692866530721	-2.42085035567387	95 fp	3	fp	2
#FF0000	5	0	0	-2.42085035567387	-2.3000843818172	96 fp	3	fp	2
#FF0000	5	0	0	-2.3000843818172	-2.14455832858333	97 fp	3	fp	2
#FF0000	5	0	0	-2.14455832858333	-2.01930561272761	98 fp	3	fp	2
#FF0000	5	0	0	-2.01930561272761	-1.90845084244092	99 fp	3	fp	2
#FF0000	5	0	0	-1.90845084244092	-1.80640062488598	100 fp	3	fp	2
#FF0000	5	0	0	-1.80640062488598	-1.73067647087421	101 fp	3	fp	2
#FF0000	5	0	0	-1.73067647087421	-1.70781497271176	102 fp	3	fp	2
#FF0000	5	0	0	-1.70781497271176	-1.70506596270251	103 fp	3	fp	2
#FF0000	5	0	0	-1.70506596270251	-1.70157801319652	104 fp	3	fp	2
#FF0000	5	0	0	-1.70157801319652	-1.66656581328961	105 fp	3	fp	2
#FF0000	5	0	0	-1.66656581328961	-1.57366344156995	106 fp	3	fp	2
#FF0000	5	0	0	-1.57366344156995	-1.17164413995594	107 fp	3	fp	2
#FF0000	5	0	0	-1.17164413995594	0.0644599601673068	108 fp	3	fp	2
#FF0000	5	0	0	0.0644599601673068	9.08500842897606	109 fp	3	fp	2
#FF0000	5	6	6	-13.3670578848165	-10.5465094160078	55 fp	3.2	fp	2
#FF0000	5	6	6	-10.5465094160078	-7.23600804220391	56 fp	3.2	fp	2
#FF0000	5	5	5	-7.23600804220391	-6.33807406515583	57 fp	3.2	fp	2
#FF0000	5	2	2	-6.33807406515583	-5.88750556619035	58 fp	3.2	fp	2
#FF0000	5	2	2	-5.88750556619035	-5.72049864688413	59 fp	3.2	fp	2
#FF0000	5	2	2	-5.72049864688413	-5.65672974890662	60 fp	3.2	fp	2
#FF0000	5	2	2	-5.65672974890662	-5.64973579597916	61 fp	3.2	fp	2
#FF0000	5	2	2	-5.64973579597916	-5.64530759505372	62 fp	3.2	fp	2
#FF0000	5	1	1	-5.64530759505372	-5.63998535103409	63 fp	3.2	fp	2
#FF0000	5	1	1	-5.63998535103409	-5.62382040227741	64 fp	3.2	fp	2
#FF0000	5	1	1	-5.62382040227741	-5.56923320973925	65 fp	3.2	fp	2
#FF0000	5	1	1	-5.56923320973925	-5.50987279874575	66 fp	3.2	fp	2
#FF0000	5	1	1	-5.50987279874575	-5.44250185006855	67 fp	3.2	fp	2
#FF0000	5	1	1	-5.44250185006855	-5.37018056079695	68 fp	3.2	fp	2
#FF0000	5	1	1	-5.37018056079695	-5.29993025889385	69 fp	3.2	fp	2
#FF0000	5	1	1	-5.29993025889385	-5.23437798489911	70 fp	3.2	fp	2
#FF0000	5	1	1	-5.23437798489911	-5.16322470248714	71 fp	3.2	fp	2
#FF0000	5	1	1	-5.16322470248714	-5.07903606491499	72 fp	3.2	fp	2
#FF0000	5	1	1	-5.07903606491499	-5.00153965300898	73 fp	3.2	fp	2
#FF0000	5	1	1	-5.00153965300898	-4.95069404078928	74 fp	3.2	fp	2
#FF0000	5	1	1	-4.95069404078928	-4.92842387378049	75 fp	3.2	fp	2
#FF0000	5	1	1	-4.92842387378049	-4.9157110413324	76 fp	3.2	fp	2
#FF0000	5	1	1	-4.9157110413324	-4.90921911543562	77 fp	3.2	fp	2
#FF0000	5	1	1	-4.90921911543562	-4.90344684308794	78 fp	3.2	fp	2
#FF0000	5	1	1	-4.90344684308794	-4.86992232827863	79 fp	3.2	fp	2
#FF0000	5	1	1	-4.86992232827863	-4.76300285817	80 fp	3.2	fp	2
#FF0000	5	1	1	-4.76300285817	-4.55375763383239	81 fp	3.2	fp	2
#FF0000	5	1	1	-4.55375763383239	-4.09024207045819	82 fp	3.2	fp	2
#FF0000	5	1	1	-4.09024207045819	-3.67528416347728	83 fp	3.2	fp	2
#FF0000	5	1	1	-3.67528416347728	-3.590882922573	84 fp	3.2	fp	2
#FF0000	5	0	0	-3.590882922573	-3.5886552624459	85 fp	3.2	fp	2
#FF0000	5	0	0	-3.5886552624459	-3.58329963745517	86 fp	3.2	fp	2
#FF0000	5	0	0	-3.58329963745517	-3.56425653000639	87 fp	3.2	fp	2
#FF0000	5	0	0	-3.56425653000639	-3.52797832517891	88 fp	3.2	fp	2
#FF0000	5	0	0	-3.52797832517891	-3.46986814733561	89 fp	3.2	fp	2
#FF0000	5	0	0	-3.46986814733561	-3.33575976211614	90 fp	3.2	fp	2
#FF0000	5	0	0	-3.33575976211614	-3.18322595054159	91 fp	3.2	fp	2
#FF0000	5	0	0	-3.18322595054159	-3.01266858884029	92 fp	3.2	fp	2
#FF0000	5	0	0	-3.01266858884029	-2.85696709071306	93 fp	3.2	fp	2
#FF0000	5	0	0	-2.85696709071306	-2.79692866530721	94 fp	3.2	fp	2
#FF0000	5	0	0	-2.79692866530721	-2.62085035567387	95 fp	3.2	fp	2
#FF0000	5	0	0	-2.62085035567387	-2.5000843818172	96 fp	3.2	fp	2
#FF0000	5	0	0	-2.5000843818172	-2.34455832858334	97 fp	3.2	fp	2
#FF0000	5	0	0	-2.34455832858334	-2.21930561272761	98 fp	3.2	fp	2
#FF0000	5	0	0	-2.21930561272761	-2.10845084244092	99 fp	3.2	fp	2
#FF0000	5	0	0	-2.10845084244092	-2.00640062488598	100 fp	3.2	fp	2
#FF0000	5	0	0	-2.00640062488598	-1.93067647087421	101 fp	3.2	fp	2
#FF0000	5	0	0	-1.93067647087421	-1.90781497271176	102 fp	3.2	fp	2
#FF0000	5	0	0	-1.90781497271176	-1.90506596270251	103 fp	3.2	fp	2
#FF0000	5	0	0	-1.90506596270251	-1.90157801319652	104 fp	3.2	fp	2
#FF0000	5	0	0	-1.90157801319652	-1.86656581328961	105 fp	3.2	fp	2
#FF0000	5	0	0	-1.86656581328961	-1.77366344156995	106 fp	3.2	fp	2
#FF0000	5	0	0	-1.77366344156995	-1.37164413995594	107 fp	3.2	fp	2
#FF0000	5	0	0	-1.37164413995594	-0.135540039832694	108 fp	3.2	fp	2
#FF0000	5	0	0	-0.135540039832694	9.08500842897606	109 fp	3.2	fp	2
#FF0000	5	6	6	-13.3670578848165	-10.7465094160078	55 fp	3.4	fp	2
#FF0000	5	6	6	-10.7465094160078	-7.43600804220391	56 fp	3.4	fp	2
#FF0000	5	5	5	-7.43600804220391	-6.53807406515583	57 fp	3.4	fp	2
#FF0000	5	2	2	-6.53807406515583	-6.08750556619035	58 fp	3.4	fp	2
#FF0000	5	2	2	-6.08750556619035	-5.92049864688413	59 fp	3.4	fp	2
#FF0000	5	2	2	-5.92049864688413	-5.85672974890662	60 fp	3.4	fp	2
#FF0000	5	2	2	-5.85672974890662	-5.84973579597916	61 fp	3.4	fp	2
#FF0000	5	2	2	-5.84973579597916	-5.84530759505372	62 fp	3.4	fp	2
#FF0000	5	1	1	-5.84530759505372	-5.83998535103409	63 fp	3.4	fp	2
#FF0000	5	1	1	-5.83998535103409	-5.82382040227741	64 fp	3.4	fp	2
#FF0000	5	1	1	-5.82382040227741	-5.76923320973925	65 fp	3.4	fp	2
#FF0000	5	1	1	-5.76923320973925	-5.70987279874575	66 fp	3.4	fp	2
#FF0000	5	1	1	-5.70987279874575	-5.64250185006855	67 fp	3.4	fp	2
#FF0000	5	1	1	-5.64250185006855	-5.57018056079695	68 fp	3.4	fp	2
#FF0000	5	1	1	-5.57018056079695	-5.49993025889385	69 fp	3.4	fp	2
#FF0000	5	1	1	-5.49993025889385	-5.43437798489911	70 fp	3.4	fp	2
#FF0000	5	1	1	-5.43437798489911	-5.36322470248714	71 fp	3.4	fp	2
#FF0000	5	1	1	-5.36322470248714	-5.27903606491499	72 fp	3.4	fp	2
#FF0000	5	1	1	-5.27903606491499	-5.20153965300898	73 fp	3.4	fp	2
#FF0000	5	1	1	-5.20153965300898	-5.15069404078928	74 fp	3.4	fp	2
#FF0000	5	1	1	-5.15069404078928	-5.12842387378049	75 fp	3.4	fp	2
#FF0000	5	1	1	-5.12842387378049	-5.1157110413324	76 fp	3.4	fp	2
#FF0000	5	1	1	-5.1157110413324	-5.10921911543562	77 fp	3.4	fp	2
#FF0000	5	1	1	-5.10921911543562	-5.10344684308794	78 fp	3.4	fp	2
#FF0000	5	1	1	-5.10344684308794	-5.06992232827862	79 fp	3.4	fp	2
#FF0000	5	1	1	-5.06992232827862	-4.96300285817	80 fp	3.4	fp	2
#FF0000	5	1	1	-4.96300285817	-4.75375763383238	81 fp	3.4	fp	2
#FF0000	5	1	1	-4.75375763383238	-4.29024207045818	82 fp	3.4	fp	2
#FF0000	5	1	1	-4.29024207045818	-3.87528416347728	83 fp	3.4	fp	2
#FF0000	5	1	1	-3.87528416347728	-3.790882922573	84 fp	3.4	fp	2
#FF0000	5	0	0	-3.790882922573	-3.78865526244589	85 fp	3.4	fp	2
#FF0000	5	0	0	-3.78865526244589	-3.78329963745517	86 fp	3.4	fp	2
#FF0000	5	0	0	-3.78329963745517	-3.76425653000639	87 fp	3.4	fp	2
#FF0000	5	0	0	-3.76425653000639	-3.72797832517891	88 fp	3.4	fp	2
#FF0000	5	0	0	-3.72797832517891	-3.66986814733561	89 fp	3.4	fp	2
#FF0000	5	0	0	-3.66986814733561	-3.53575976211614	90 fp	3.4	fp	2
#FF0000	5	0	0	-3.53575976211614	-3.38322595054159	91 fp	3.4	fp	2
#FF0000	5	0	0	-3.38322595054159	-3.21266858884029	92 fp	3.4	fp	2
#FF0000	5	0	0	-3.21266858884029	-3.05696709071306	93 fp	3.4	fp	2
#FF0000	5	0	0	-3.05696709071306	-2.99692866530721	94 fp	3.4	fp	2
#FF0000	5	0	0	-2.99692866530721	-2.82085035567387	95 fp	3.4	fp	2
#FF0000	5	0	0	-2.82085035567387	-2.7000843818172	96 fp	3.4	fp	2
#FF0000	5	0	0	-2.7000843818172	-2.54455832858334	97 fp	3.4	fp	2
#FF0000	5	0	0	-2.54455832858334	-2.41930561272761	98 fp	3.4	fp	2
#FF0000	5	0	0	-2.41930561272761	-2.30845084244092	99 fp	3.4	fp	2
#FF0000	5	0	0	-2.30845084244092	-2.20640062488598	100 fp	3.4	fp	2
#FF0000	5	0	0	-2.20640062488598	-2.13067647087421	101 fp	3.4	fp	2
#FF0000	5	0	0	-2.13067647087421	-2.10781497271176	102 fp	3.4	fp	2
#FF0000	5	0	0	-2.10781497271176	-2.10506596270251	103 fp	3.4	fp	2
#FF0000	5	0	0	-2.10506596270251	-2.10157801319652	104 fp	3.4	fp	2
#FF0000	5	0	0	-2.10157801319652	-2.06656581328961	105 fp	3.4	fp	2
#FF0000	5	0	0	-2.06656581328961	-1.97366344156995	106 fp	3.4	fp	2
#FF0000	5	0	0	-1.97366344156995	-1.57164413995594	107 fp	3.4	fp	2
#FF0000	5	0	0	-1.57164413995594	-0.335540039832694	108 fp	3.4	fp	2
#FF0000	5	0	0	-0.335540039832694	9.08500842897606	109 fp	3.4	fp	2
#FF0000	5	6	6	-13.3670578848165	-10.9465094160078	55 fp	3.6	fp	2
#FF0000	5	6	6	-10.9465094160078	-7.63600804220391	56 fp	3.6	fp	2
#FF0000	5	5	5	-7.63600804220391	-6.73807406515583	57 fp	3.6	fp	2
#FF0000	5	2	2	-6.73807406515583	-6.28750556619035	58 fp	3.6	fp	2
#FF0000	5	2	2	-6.28750556619035	-6.12049864688413	59 fp	3.6	fp	2
#FF0000	5	2	2	-6.12049864688413	-6.05672974890662	60 fp	3.6	fp	2
#FF0000	5	2	2	-6.05672974890662	-6.04973579597916	61 fp	3.6	fp	2
#FF0000	5	2	2	-6.04973579597916	-6.04530759505372	62 fp	3.6	fp	2
#FF0000	5	1	1	-6.04530759505372	-6.03998535103409	63 fp	3.6	fp	2
#FF0000	5	1	1	-6.03998535103409	-6.02382040227741	64 fp	3.6	fp	2
#FF0000	5	1	1	-6.02382040227741	-5.96923320973925	65 fp	3.6	fp	2
#FF0000	5	1	1	-5.96923320973925	-5.90987279874575	66 fp	3.6	fp	2
#FF0000	5	1	1	-5.90987279874575	-5.84250185006855	67 fp	3.6	fp	2
#FF0000	5	1	1	-5.84250185006855	-5.77018056079695	68 fp	3.6	fp	2
#FF0000	5	1	1	-5.77018056079695	-5.69993025889384	69 fp	3.6	fp	2
#FF0000	5	1	1	-5.69993025889384	-5.63437798489911	70 fp	3.6	fp	2
#FF0000	5	1	1	-5.63437798489911	-5.56322470248714	71 fp	3.6	fp	2
#FF0000	5	1	1	-5.56322470248714	-5.47903606491499	72 fp	3.6	fp	2
#FF0000	5	1	1	-5.47903606491499	-5.40153965300898	73 fp	3.6	fp	2
#FF0000	5	1	1	-5.40153965300898	-5.35069404078928	74 fp	3.6	fp	2
#FF0000	5	1	1	-5.35069404078928	-5.32842387378049	75 fp	3.6	fp	2
#FF0000	5	1	1	-5.32842387378049	-5.3157110413324	76 fp	3.6	fp	2
#FF0000	5	1	1	-5.3157110413324	-5.30921911543562	77 fp	3.6	fp	2
#FF0000	5	1	1	-5.30921911543562	-5.30344684308794	78 fp	3.6	fp	2
#FF0000	5	1	1	-5.30344684308794	-5.26992232827862	79 fp	3.6	fp	2
#FF0000	5	1	1	-5.26992232827862	-5.16300285817	80 fp	3.6	fp	2
#FF0000	5	1	1	-5.16300285817	-4.95375763383238	81 fp	3.6	fp	2
#FF0000	5	1	1	-4.95375763383238	-4.49024207045818	82 fp	3.6	fp	2
#FF0000	5	1	1	-4.49024207045818	-4.07528416347728	83 fp	3.6	fp	2
#FF0000	5	1	1	-4.07528416347728	-3.990882922573	84 fp	3.6	fp	2
#FF0000	5	0	0	-3.990882922573	-3.98865526244589	85 fp	3.6	fp	2
#FF0000	5	0	0	-3.98865526244589	-3.98329963745517	86 fp	3.6	fp	2
#FF0000	5	0	0	-3.98329963745517	-3.96425653000639	87 fp	3.6	fp	2
#FF0000	5	0	0	-3.96425653000639	-3.92797832517891	88 fp	3.6	fp	2
#FF0000	5	0	0	-3.92797832517891	-3.86986814733561	89 fp	3.6	fp	2
#FF0000	5	0	0	-3.86986814733561	-3.73575976211614	90 fp	3.6	fp	2
#FF0000	5	0	0	-3.73575976211614	-3.58322595054159	91 fp	3.6	fp	2
#FF0000	5	0	0	-3.58322595054159	-3.41266858884029	92 fp	3.6	fp	2
#FF0000	5	0	0	-3.41266858884029	-3.25696709071305	93 fp	3.6	fp	2
#FF0000	5	0	0	-3.25696709071305	-3.1969286653072	94 fp	3.6	fp	2
#FF0000	5	0	0	-3.1969286653072	-3.02085035567387	95 fp	3.6	fp	2
#FF0000	5	0	0	-3.02085035567387	-2.9000843818172	96 fp	3.6	fp	2
#FF0000	5	0	0	-2.9000843818172	-2.74455832858333	97 fp	3.6	fp	2
#FF0000	5	0	0	-2.74455832858333	-2.61930561272761	98 fp	3.6	fp	2
#FF0000	5	0	0	-2.61930561272761	-2.50845084244092	99 fp	3.6	fp	2
#FF0000	5	0	0	-2.50845084244092	-2.40640062488598	100 fp	3.6	fp	2
#FF0000	5	0	0	-2.40640062488598	-2.33067647087421	101 fp	3.6	fp	2
#FF0000	5	0	0	-2.33067647087421	-2.30781497271176	102 fp	3.6	fp	2
#FF0000	5	0	0	-2.30781497271176	-2.30506596270251	103 fp	3.6	fp	2
#FF0000	5	0	0	-2.30506596270251	-2.30157801319652	104 fp	3.6	fp	2
#FF0000	5	0	0	-2.30157801319652	-2.26656581328961	105 fp	3.6	fp	2
#FF0000	5	0	0	-2.26656581328961	-2.17366344156995	106 fp	3.6	fp	2
#FF0000	5	0	0	-2.17366344156995	-1.77164413995594	107 fp	3.6	fp	2
#FF0000	5	0	0	-1.77164413995594	-0.535540039832693	108 fp	3.6	fp	2
#FF0000	5	0	0	-0.535540039832693	9.08500842897606	109 fp	3.6	fp	2
#FF0000	5	6	6	-13.3670578848165	-11.1465094160078	55 fp	3.8	fp	2
#FF0000	5	6	6	-11.1465094160078	-7.83600804220391	56 fp	3.8	fp	2
#FF0000	5	5	5	-7.83600804220391	-6.93807406515583	57 fp	3.8	fp	2
#FF0000	5	2	2	-6.93807406515583	-6.48750556619035	58 fp	3.8	fp	2
#FF0000	5	2	2	-6.48750556619035	-6.32049864688413	59 fp	3.8	fp	2
#FF0000	5	2	2	-6.32049864688413	-6.25672974890662	60 fp	3.8	fp	2
#FF0000	5	2	2	-6.25672974890662	-6.24973579597916	61 fp	3.8	fp	2
#FF0000	5	2	2	-6.24973579597916	-6.24530759505372	62 fp	3.8	fp	2
#FF0000	5	1	1	-6.24530759505372	-6.23998535103409	63 fp	3.8	fp	2
#FF0000	5	1	1	-6.23998535103409	-6.22382040227741	64 fp	3.8	fp	2
#FF0000	5	1	1	-6.22382040227741	-6.16923320973925	65 fp	3.8	fp	2
#FF0000	5	1	1	-6.16923320973925	-6.10987279874575	66 fp	3.8	fp	2
#FF0000	5	1	1	-6.10987279874575	-6.04250185006855	67 fp	3.8	fp	2
#FF0000	5	1	1	-6.04250185006855	-5.97018056079695	68 fp	3.8	fp	2
#FF0000	5	1	1	-5.97018056079695	-5.89993025889385	69 fp	3.8	fp	2
#FF0000	5	1	1	-5.89993025889385	-5.83437798489911	70 fp	3.8	fp	2
#FF0000	5	1	1	-5.83437798489911	-5.76322470248714	71 fp	3.8	fp	2
#FF0000	5	1	1	-5.76322470248714	-5.67903606491499	72 fp	3.8	fp	2
#FF0000	5	1	1	-5.67903606491499	-5.60153965300898	73 fp	3.8	fp	2
#FF0000	5	1	1	-5.60153965300898	-5.55069404078928	74 fp	3.8	fp	2
#FF0000	5	1	1	-5.55069404078928	-5.52842387378049	75 fp	3.8	fp	2
#FF0000	5	1	1	-5.52842387378049	-5.5157110413324	76 fp	3.8	fp	2
#FF0000	5	1	1	-5.5157110413324	-5.50921911543562	77 fp	3.8	fp	2
#FF0000	5	1	1	-5.50921911543562	-5.50344684308794	78 fp	3.8	fp	2
#FF0000	5	1	1	-5.50344684308794	-5.46992232827862	79 fp	3.8	fp	2
#FF0000	5	1	1	-5.46992232827862	-5.36300285817	80 fp	3.8	fp	2
#FF0000	5	1	1	-5.36300285817	-5.15375763383238	81 fp	3.8	fp	2
#FF0000	5	1	1	-5.15375763383238	-4.69024207045819	82 fp	3.8	fp	2
#FF0000	5	1	1	-4.69024207045819	-4.27528416347728	83 fp	3.8	fp	2
#FF0000	5	1	1	-4.27528416347728	-4.190882922573	84 fp	3.8	fp	2
#FF0000	5	0	0	-4.190882922573	-4.1886552624459	85 fp	3.8	fp	2
#FF0000	5	0	0	-4.1886552624459	-4.18329963745517	86 fp	3.8	fp	2
#FF0000	5	0	0	-4.18329963745517	-4.16425653000639	87 fp	3.8	fp	2
#FF0000	5	0	0	-4.16425653000639	-4.12797832517891	88 fp	3.8	fp	2
#FF0000	5	0	0	-4.12797832517891	-4.06986814733561	89 fp	3.8	fp	2
#FF0000	5	0	0	-4.06986814733561	-3.93575976211614	90 fp	3.8	fp	2
#FF0000	5	0	0	-3.93575976211614	-3.78322595054159	91 fp	3.8	fp	2
#FF0000	5	0	0	-3.78322595054159	-3.61266858884029	92 fp	3.8	fp	2
#FF0000	5	0	0	-3.61266858884029	-3.45696709071306	93 fp	3.8	fp	2
#FF0000	5	0	0	-3.45696709071306	-3.39692866530721	94 fp	3.8	fp	2
#FF0000	5	0	0	-3.39692866530721	-3.22085035567387	95 fp	3.8	fp	2
#FF0000	5	0	0	-3.22085035567387	-3.1000843818172	96 fp	3.8	fp	2
#FF0000	5	0	0	-3.1000843818172	-2.94455832858334	97 fp	3.8	fp	2
#FF0000	5	0	0	-2.94455832858334	-2.81930561272761	98 fp	3.8	fp	2
#FF0000	5	0	0	-2.81930561272761	-2.70845084244092	99 fp	3.8	fp	2
#FF0000	5	0	0	-2.70845084244092	-2.60640062488598	100 fp	3.8	fp	2
#FF0000	5	0	0	-2.60640062488598	-2.53067647087421	101 fp	3.8	fp	2
#FF0000	5	0	0	-2.53067647087421	-2.50781497271176	102 fp	3.8	fp	2
#FF0000	5	0	0	-2.50781497271176	-2.50506596270251	103 fp	3.8	fp	2
#FF0000	5	0	0	-2.50506596270251	-2.50157801319652	104 fp	3.8	fp	2
#FF0000	5	0	0	-2.50157801319652	-2.46656581328961	105 fp	3.8	fp	2
#FF0000	5	0	0	-2.46656581328961	-2.37366344156995	106 fp	3.8	fp	2
#FF0000	5	0	0	-2.37366344156995	-1.97164413995594	107 fp	3.8	fp	2
#FF0000	5	0	0	-1.97164413995594	-0.735540039832694	108 fp	3.8	fp	2
#FF0000	5	0	0	-0.735540039832694	9.08500842897606	109 fp	3.8	fp	2
#FF0000	5	6	6	-13.3670578848165	-11.3465094160078	55 fp	4	fp	2
#FF0000	5	6	6	-11.3465094160078	-8.03600804220391	56 fp	4	fp	2
#FF0000	5	5	5	-8.03600804220391	-7.13807406515583	57 fp	4	fp	2
#FF0000	5	2	2	-7.13807406515583	-6.68750556619035	58 fp	4	fp	2
#FF0000	5	2	2	-6.68750556619035	-6.52049864688413	59 fp	4	fp	2
#FF0000	5	2	2	-6.52049864688413	-6.45672974890662	60 fp	4	fp	2
#FF0000	5	2	2	-6.45672974890662	-6.44973579597916	61 fp	4	fp	2
#FF0000	5	2	2	-6.44973579597916	-6.44530759505372	62 fp	4	fp	2
#FF0000	5	1	1	-6.44530759505372	-6.43998535103409	63 fp	4	fp	2
#FF0000	5	1	1	-6.43998535103409	-6.42382040227741	64 fp	4	fp	2
#FF0000	5	1	1	-6.42382040227741	-6.36923320973925	65 fp	4	fp	2
#FF0000	5	1	1	-6.36923320973925	-6.30987279874575	66 fp	4	fp	2
#FF0000	5	1	1	-6.30987279874575	-6.24250185006855	67 fp	4	fp	2
#FF0000	5	1	1	-6.24250185006855	-6.17018056079695	68 fp	4	fp	2
#FF0000	5	1	1	-6.17018056079695	-6.09993025889385	69 fp	4	fp	2
#FF0000	5	1	1	-6.09993025889385	-6.03437798489911	70 fp	4	fp	2
#FF0000	5	1	1	-6.03437798489911	-5.96322470248714	71 fp	4	fp	2
#FF0000	5	1	1	-5.96322470248714	-5.87903606491499	72 fp	4	fp	2
#FF0000	5	1	1	-5.87903606491499	-5.80153965300898	73 fp	4	fp	2
#FF0000	5	1	1	-5.80153965300898	-5.75069404078928	74 fp	4	fp	2
#FF0000	5	1	1	-5.75069404078928	-5.72842387378049	75 fp	4	fp	2
#FF0000	5	1	1	-5.72842387378049	-5.7157110413324	76 fp	4	fp	2
#FF0000	5	1	1	-5.7157110413324	-5.70921911543562	77 fp	4	fp	2
#FF0000	5	1	1	-5.70921911543562	-5.70344684308794	78 fp	4	fp	2
#FF0000	5	1	1	-5.70344684308794	-5.66992232827862	79 fp	4	fp	2
#FF0000	5	1	1	-5.66992232827862	-5.56300285817	80 fp	4	fp	2
#FF0000	5	1	1	-5.56300285817	-5.35375763383238	81 fp	4	fp	2
#FF0000	5	1	1	-5.35375763383238	-4.89024207045818	82 fp	4	fp	2
#FF0000	5	1	1	-4.89024207045818	-4.47528416347728	83 fp	4	fp	2
#FF0000	5	1	1	-4.47528416347728	-4.390882922573	84 fp	4	fp	2
#FF0000	5	0	0	-4.390882922573	-4.38865526244589	85 fp	4	fp	2
#FF0000	5	0	0	-4.38865526244589	-4.38329963745517	86 fp	4	fp	2
#FF0000	5	0	0	-4.38329963745517	-4.36425653000639	87 fp	4	fp	2
#FF0000	5	0	0	-4.36425653000639	-4.32797832517891	88 fp	4	fp	2
#FF0000	5	0	0	-4.32797832517891	-4.26986814733561	89 fp	4	fp	2
#FF0000	5	0	0	-4.26986814733561	-4.13575976211614	90 fp	4	fp	2
#FF0000	5	0	0	-4.13575976211614	-3.98322595054159	91 fp	4	fp	2
#FF0000	5	0	0	-3.98322595054159	-3.81266858884029	92 fp	4	fp	2
#FF0000	5	0	0	-3.81266858884029	-3.65696709071305	93 fp	4	fp	2
#FF0000	5	0	0	-3.65696709071305	-3.59692866530721	94 fp	4	fp	2
#FF0000	5	0	0	-3.59692866530721	-3.42085035567387	95 fp	4	fp	2
#FF0000	5	0	0	-3.42085035567387	-3.3000843818172	96 fp	4	fp	2
#FF0000	5	0	0	-3.3000843818172	-3.14455832858333	97 fp	4	fp	2
#FF0000	5	0	0	-3.14455832858333	-3.01930561272761	98 fp	4	fp	2
#FF0000	5	0	0	-3.01930561272761	-2.90845084244092	99 fp	4	fp	2
#FF0000	5	0	0	-2.90845084244092	-2.80640062488598	100 fp	4	fp	2
#FF0000	5	0	0	-2.80640062488598	-2.73067647087421	101 fp	4	fp	2
#FF0000	5	0	0	-2.73067647087421	-2.70781497271176	102 fp	4	fp	2
#FF0000	5	0	0	-2.70781497271176	-2.70506596270251	103 fp	4	fp	2
#FF0000	5	0	0	-2.70506596270251	-2.70157801319652	104 fp	4	fp	2
#FF0000	5	0	0	-2.70157801319652	-2.66656581328961	105 fp	4	fp	2
#FF0000	5	0	0	-2.66656581328961	-2.57366344156995	106 fp	4	fp	2
#FF0000	5	0	0	-2.57366344156995	-2.17164413995594	107 fp	4	fp	2
#FF0000	5	0	0	-2.17164413995594	-0.935540039832693	108 fp	4	fp	2
#FF0000	5	0	0	-0.935540039832693	9.08500842897606	109 fp	4	fp	2
#FF0000	5	6	6	-13.3670578848165	-11.5465094160078	55 fp	4.2	fp	2
#FF0000	5	6	6	-11.5465094160078	-8.23600804220391	56 fp	4.2	fp	2
#FF0000	5	5	5	-8.23600804220391	-7.33807406515583	57 fp	4.2	fp	2
#FF0000	5	2	2	-7.33807406515583	-6.88750556619035	58 fp	4.2	fp	2
#FF0000	5	2	2	-6.88750556619035	-6.72049864688413	59 fp	4.2	fp	2
#FF0000	5	2	2	-6.72049864688413	-6.65672974890662	60 fp	4.2	fp	2
#FF0000	5	2	2	-6.65672974890662	-6.64973579597916	61 fp	4.2	fp	2
#FF0000	5	2	2	-6.64973579597916	-6.64530759505372	62 fp	4.2	fp	2
#FF0000	5	1	1	-6.64530759505372	-6.63998535103409	63 fp	4.2	fp	2
#FF0000	5	1	1	-6.63998535103409	-6.62382040227741	64 fp	4.2	fp	2
#FF0000	5	1	1	-6.62382040227741	-6.56923320973925	65 fp	4.2	fp	2
#FF0000	5	1	1	-6.56923320973925	-6.50987279874575	66 fp	4.2	fp	2
#FF0000	5	1	1	-6.50987279874575	-6.44250185006855	67 fp	4.2	fp	2
#FF0000	5	1	1	-6.44250185006855	-6.37018056079695	68 fp	4.2	fp	2
#FF0000	5	1	1	-6.37018056079695	-6.29993025889385	69 fp	4.2	fp	2
#FF0000	5	1	1	-6.29993025889385	-6.23437798489911	70 fp	4.2	fp	2
#FF0000	5	1	1	-6.23437798489911	-6.16322470248714	71 fp	4.2	fp	2
#FF0000	5	1	1	-6.16322470248714	-6.07903606491499	72 fp	4.2	fp	2
#FF0000	5	1	1	-6.07903606491499	-6.00153965300898	73 fp	4.2	fp	2
#FF0000	5	1	1	-6.00153965300898	-5.95069404078928	74 fp	4.2	fp	2
#FF0000	5	1	1	-5.95069404078928	-5.92842387378049	75 fp	4.2	fp	2
#FF0000	5	1	1	-5.92842387378049	-5.9157110413324	76 fp	4.2	fp	2
#FF0000	5	1	1	-5.9157110413324	-5.90921911543562	77 fp	4.2	fp	2
#FF0000	5	1	1	-5.90921911543562	-5.90344684308794	78 fp	4.2	fp	2
#FF0000	5	1	1	-5.90344684308794	-5.86992232827863	79 fp	4.2	fp	2
#FF0000	5	1	1	-5.86992232827863	-5.76300285817	80 fp	4.2	fp	2
#FF0000	5	1	1	-5.76300285817	-5.55375763383239	81 fp	4.2	fp	2
#FF0000	5	1	1	-5.55375763383239	-5.09024207045819	82 fp	4.2	fp	2
#FF0000	5	1	1	-5.09024207045819	-4.67528416347729	83 fp	4.2	fp	2
#FF0000	5	1	1	-4.67528416347729	-4.590882922573	84 fp	4.2	fp	2
#FF0000	5	0	0	-4.590882922573	-4.5886552624459	85 fp	4.2	fp	2
#FF0000	5	0	0	-4.5886552624459	-4.58329963745517	86 fp	4.2	fp	2
#FF0000	5	0	0	-4.58329963745517	-4.56425653000639	87 fp	4.2	fp	2
#FF0000	5	0	0	-4.56425653000639	-4.52797832517891	88 fp	4.2	fp	2
#FF0000	5	0	0	-4.52797832517891	-4.46986814733561	89 fp	4.2	fp	2
#FF0000	5	0	0	-4.46986814733561	-4.33575976211614	90 fp	4.2	fp	2
#FF0000	5	0	0	-4.33575976211614	-4.18322595054159	91 fp	4.2	fp	2
#FF0000	5	0	0	-4.18322595054159	-4.01266858884029	92 fp	4.2	fp	2
#FF0000	5	0	0	-4.01266858884029	-3.85696709071306	93 fp	4.2	fp	2
#FF0000	5	0	0	-3.85696709071306	-3.79692866530721	94 fp	4.2	fp	2
#FF0000	5	0	0	-3.79692866530721	-3.62085035567387	95 fp	4.2	fp	2
#FF0000	5	0	0	-3.62085035567387	-3.5000843818172	96 fp	4.2	fp	2
#FF0000	5	0	0	-3.5000843818172	-3.34455832858334	97 fp	4.2	fp	2
#FF0000	5	0	0	-3.34455832858334	-3.21930561272761	98 fp	4.2	fp	2
#FF0000	5	0	0	-3.21930561272761	-3.10845084244092	99 fp	4.2	fp	2
#FF0000	5	0	0	-3.10845084244092	-3.00640062488598	100 fp	4.2	fp	2
#FF0000	5	0	0	-3.00640062488598	-2.93067647087421	101 fp	4.2	fp	2
#FF0000	5	0	0	-2.93067647087421	-2.90781497271176	102 fp	4.2	fp	2
#FF0000	5	0	0	-2.90781497271176	-2.90506596270251	103 fp	4.2	fp	2
#FF0000	5	0	0	-2.90506596270251	-2.90157801319652	104 fp	4.2	fp	2
#FF0000	5	0	0	-2.90157801319652	-2.86656581328961	105 fp	4.2	fp	2
#FF0000	5	0	0	-2.86656581328961	-2.77366344156995	106 fp	4.2	fp	2
#FF0000	5	0	0	-2.77366344156995	-2.37164413995594	107 fp	4.2	fp	2
#FF0000	5	0	0	-2.37164413995594	-1.13554003983269	108 fp	4.2	fp	2
#FF0000	5	0	0	-1.13554003983269	9.08500842897606	109 fp	4.2	fp	2
#FF0000	5	6	6	-13.3670578848165	-11.7465094160078	55 fp	4.4	fp	2
#FF0000	5	6	6	-11.7465094160078	-8.43600804220391	56 fp	4.4	fp	2
#FF0000	5	5	5	-8.43600804220391	-7.53807406515583	57 fp	4.4	fp	2
#FF0000	5	2	2	-7.53807406515583	-7.08750556619035	58 fp	4.4	fp	2
#FF0000	5	2	2	-7.08750556619035	-6.92049864688413	59 fp	4.4	fp	2
#FF0000	5	2	2	-6.92049864688413	-6.85672974890662	60 fp	4.4	fp	2
#FF0000	5	2	2	-6.85672974890662	-6.84973579597916	61 fp	4.4	fp	2
#FF0000	5	2	2	-6.84973579597916	-6.84530759505372	62 fp	4.4	fp	2
#FF0000	5	1	1	-6.84530759505372	-6.83998535103409	63 fp	4.4	fp	2
#FF0000	5	1	1	-6.83998535103409	-6.82382040227741	64 fp	4.4	fp	2
#FF0000	5	1	1	-6.82382040227741	-6.76923320973925	65 fp	4.4	fp	2
#FF0000	5	1	1	-6.76923320973925	-6.70987279874575	66 fp	4.4	fp	2
#FF0000	5	1	1	-6.70987279874575	-6.64250185006855	67 fp	4.4	fp	2
#FF0000	5	1	1	-6.64250185006855	-6.57018056079695	68 fp	4.4	fp	2
#FF0000	5	1	1	-6.57018056079695	-6.49993025889385	69 fp	4.4	fp	2
#FF0000	5	1	1	-6.49993025889385	-6.43437798489911	70 fp	4.4	fp	2
#FF0000	5	1	1	-6.43437798489911	-6.36322470248714	71 fp	4.4	fp	2
#FF0000	5	1	1	-6.36322470248714	-6.27903606491499	72 fp	4.4	fp	2
#FF0000	5	1	1	-6.27903606491499	-6.20153965300898	73 fp	4.4	fp	2
#FF0000	5	1	1	-6.20153965300898	-6.15069404078928	74 fp	4.4	fp	2
#FF0000	5	1	1	-6.15069404078928	-6.12842387378049	75 fp	4.4	fp	2
#FF0000	5	1	1	-6.12842387378049	-6.1157110413324	76 fp	4.4	fp	2
#FF0000	5	1	1	-6.1157110413324	-6.10921911543562	77 fp	4.4	fp	2
#FF0000	5	1	1	-6.10921911543562	-6.10344684308794	78 fp	4.4	fp	2
#FF0000	5	1	1	-6.10344684308794	-6.06992232827862	79 fp	4.4	fp	2
#FF0000	5	1	1	-6.06992232827862	-5.96300285817	80 fp	4.4	fp	2
#FF0000	5	1	1	-5.96300285817	-5.75375763383238	81 fp	4.4	fp	2
#FF0000	5	1	1	-5.75375763383238	-5.29024207045818	82 fp	4.4	fp	2
#FF0000	5	1	1	-5.29024207045818	-4.87528416347728	83 fp	4.4	fp	2
#FF0000	5	1	1	-4.87528416347728	-4.790882922573	84 fp	4.4	fp	2
#FF0000	5	0	0	-4.790882922573	-4.7886552624459	85 fp	4.4	fp	2
#FF0000	5	0	0	-4.7886552624459	-4.78329963745517	86 fp	4.4	fp	2
#FF0000	5	0	0	-4.78329963745517	-4.76425653000639	87 fp	4.4	fp	2
#FF0000	5	0	0	-4.76425653000639	-4.72797832517891	88 fp	4.4	fp	2
#FF0000	5	0	0	-4.72797832517891	-4.66986814733561	89 fp	4.4	fp	2
#FF0000	5	0	0	-4.66986814733561	-4.53575976211614	90 fp	4.4	fp	2
#FF0000	5	0	0	-4.53575976211614	-4.38322595054159	91 fp	4.4	fp	2
#FF0000	5	0	0	-4.38322595054159	-4.21266858884029	92 fp	4.4	fp	2
#FF0000	5	0	0	-4.21266858884029	-4.05696709071306	93 fp	4.4	fp	2
#FF0000	5	0	0	-4.05696709071306	-3.99692866530721	94 fp	4.4	fp	2
#FF0000	5	0	0	-3.99692866530721	-3.82085035567387	95 fp	4.4	fp	2
#FF0000	5	0	0	-3.82085035567387	-3.7000843818172	96 fp	4.4	fp	2
#FF0000	5	0	0	-3.7000843818172	-3.54455832858334	97 fp	4.4	fp	2
#FF0000	5	0	0	-3.54455832858334	-3.41930561272761	98 fp	4.4	fp	2
#FF0000	5	0	0	-3.41930561272761	-3.30845084244092	99 fp	4.4	fp	2
#FF0000	5	0	0	-3.30845084244092	-3.20640062488598	100 fp	4.4	fp	2
#FF0000	5	0	0	-3.20640062488598	-3.13067647087421	101 fp	4.4	fp	2
#FF0000	5	0	0	-3.13067647087421	-3.10781497271176	102 fp	4.4	fp	2
#FF0000	5	0	0	-3.10781497271176	-3.10506596270251	103 fp	4.4	fp	2
#FF0000	5	0	0	-3.10506596270251	-3.10157801319652	104 fp	4.4	fp	2
#FF0000	5	0	0	-3.10157801319652	-3.06656581328961	105 fp	4.4	fp	2
#FF0000	5	0	0	-3.06656581328961	-2.97366344156995	106 fp	4.4	fp	2
#FF0000	5	0	0	-2.97366344156995	-2.57164413995594	107 fp	4.4	fp	2
#FF0000	5	0	0	-2.57164413995594	-1.33554003983269	108 fp	4.4	fp	2
#FF0000	5	0	0	-1.33554003983269	9.08500842897606	109 fp	4.4	fp	2
#FF0000	5	6	6	-13.3670578848165	-11.9465094160078	55 fp	4.6	fp	2
#FF0000	5	6	6	-11.9465094160078	-8.63600804220392	56 fp	4.6	fp	2
#FF0000	5	5	5	-8.63600804220392	-7.73807406515583	57 fp	4.6	fp	2
#FF0000	5	2	2	-7.73807406515583	-7.28750556619035	58 fp	4.6	fp	2
#FF0000	5	2	2	-7.28750556619035	-7.12049864688413	59 fp	4.6	fp	2
#FF0000	5	2	2	-7.12049864688413	-7.05672974890662	60 fp	4.6	fp	2
#FF0000	5	2	2	-7.05672974890662	-7.04973579597916	61 fp	4.6	fp	2
#FF0000	5	2	2	-7.04973579597916	-7.04530759505372	62 fp	4.6	fp	2
#FF0000	5	1	1	-7.04530759505372	-7.03998535103409	63 fp	4.6	fp	2
#FF0000	5	1	1	-7.03998535103409	-7.02382040227741	64 fp	4.6	fp	2
#FF0000	5	1	1	-7.02382040227741	-6.96923320973925	65 fp	4.6	fp	2
#FF0000	5	1	1	-6.96923320973925	-6.90987279874575	66 fp	4.6	fp	2
#FF0000	5	1	1	-6.90987279874575	-6.84250185006855	67 fp	4.6	fp	2
#FF0000	5	1	1	-6.84250185006855	-6.77018056079695	68 fp	4.6	fp	2
#FF0000	5	1	1	-6.77018056079695	-6.69993025889385	69 fp	4.6	fp	2
#FF0000	5	1	1	-6.69993025889385	-6.63437798489911	70 fp	4.6	fp	2
#FF0000	5	1	1	-6.63437798489911	-6.56322470248714	71 fp	4.6	fp	2
#FF0000	5	1	1	-6.56322470248714	-6.47903606491499	72 fp	4.6	fp	2
#FF0000	5	1	1	-6.47903606491499	-6.40153965300898	73 fp	4.6	fp	2
#FF0000	5	1	1	-6.40153965300898	-6.35069404078928	74 fp	4.6	fp	2
#FF0000	5	1	1	-6.35069404078928	-6.32842387378049	75 fp	4.6	fp	2
#FF0000	5	1	1	-6.32842387378049	-6.3157110413324	76 fp	4.6	fp	2
#FF0000	5	1	1	-6.3157110413324	-6.30921911543562	77 fp	4.6	fp	2
#FF0000	5	1	1	-6.30921911543562	-6.30344684308794	78 fp	4.6	fp	2
#FF0000	5	1	1	-6.30344684308794	-6.26992232827863	79 fp	4.6	fp	2
#FF0000	5	1	1	-6.26992232827863	-6.16300285817	80 fp	4.6	fp	2
#FF0000	5	1	1	-6.16300285817	-5.95375763383239	81 fp	4.6	fp	2
#FF0000	5	1	1	-5.95375763383239	-5.49024207045819	82 fp	4.6	fp	2
#FF0000	5	1	1	-5.49024207045819	-5.07528416347729	83 fp	4.6	fp	2
#FF0000	5	1	1	-5.07528416347729	-4.990882922573	84 fp	4.6	fp	2
#FF0000	5	0	0	-4.990882922573	-4.9886552624459	85 fp	4.6	fp	2
#FF0000	5	0	0	-4.9886552624459	-4.98329963745517	86 fp	4.6	fp	2
#FF0000	5	0	0	-4.98329963745517	-4.96425653000639	87 fp	4.6	fp	2
#FF0000	5	0	0	-4.96425653000639	-4.92797832517891	88 fp	4.6	fp	2
#FF0000	5	0	0	-4.92797832517891	-4.86986814733561	89 fp	4.6	fp	2
#FF0000	5	0	0	-4.86986814733561	-4.73575976211614	90 fp	4.6	fp	2
#FF0000	5	0	0	-4.73575976211614	-4.58322595054159	91 fp	4.6	fp	2
#FF0000	5	0	0	-4.58322595054159	-4.41266858884029	92 fp	4.6	fp	2
#FF0000	5	0	0	-4.41266858884029	-4.25696709071306	93 fp	4.6	fp	2
#FF0000	5	0	0	-4.25696709071306	-4.19692866530721	94 fp	4.6	fp	2
#FF0000	5	0	0	-4.19692866530721	-4.02085035567387	95 fp	4.6	fp	2
#FF0000	5	0	0	-4.02085035567387	-3.9000843818172	96 fp	4.6	fp	2
#FF0000	5	0	0	-3.9000843818172	-3.74455832858334	97 fp	4.6	fp	2
#FF0000	5	0	0	-3.74455832858334	-3.61930561272761	98 fp	4.6	fp	2
#FF0000	5	0	0	-3.61930561272761	-3.50845084244092	99 fp	4.6	fp	2
#FF0000	5	0	0	-3.50845084244092	-3.40640062488598	100 fp	4.6	fp	2
#FF0000	5	0	0	-3.40640062488598	-3.33067647087421	101 fp	4.6	fp	2
#FF0000	5	0	0	-3.33067647087421	-3.30781497271176	102 fp	4.6	fp	2
#FF0000	5	0	0	-3.30781497271176	-3.30506596270251	103 fp	4.6	fp	2
#FF0000	5	0	0	-3.30506596270251	-3.30157801319652	104 fp	4.6	fp	2
#FF0000	5	0	0	-3.30157801319652	-3.26656581328961	105 fp	4.6	fp	2
#FF0000	5	0	0	-3.26656581328961	-3.17366344156995	106 fp	4.6	fp	2
#FF0000	5	0	0	-3.17366344156995	-2.77164413995594	107 fp	4.6	fp	2
#FF0000	5	0	0	-2.77164413995594	-1.53554003983269	108 fp	4.6	fp	2
#FF0000	5	0	0	-1.53554003983269	9.08500842897606	109 fp	4.6	fp	2
#FF0000	5	6	6	-13.3670578848165	-12.1465094160078	55 fp	4.8	fp	2
#FF0000	5	6	6	-12.1465094160078	-8.83600804220392	56 fp	4.8	fp	2
#FF0000	5	5	5	-8.83600804220392	-7.93807406515583	57 fp	4.8	fp	2
#FF0000	5	2	2	-7.93807406515583	-7.48750556619035	58 fp	4.8	fp	2
#FF0000	5	2	2	-7.48750556619035	-7.32049864688413	59 fp	4.8	fp	2
#FF0000	5	2	2	-7.32049864688413	-7.25672974890662	60 fp	4.8	fp	2
#FF0000	5	2	2	-7.25672974890662	-7.24973579597916	61 fp	4.8	fp	2
#FF0000	5	2	2	-7.24973579597916	-7.24530759505372	62 fp	4.8	fp	2
#FF0000	5	1	1	-7.24530759505372	-7.23998535103409	63 fp	4.8	fp	2
#FF0000	5	1	1	-7.23998535103409	-7.22382040227741	64 fp	4.8	fp	2
#FF0000	5	1	1	-7.22382040227741	-7.16923320973925	65 fp	4.8	fp	2
#FF0000	5	1	1	-7.16923320973925	-7.10987279874575	66 fp	4.8	fp	2
#FF0000	5	1	1	-7.10987279874575	-7.04250185006855	67 fp	4.8	fp	2
#FF0000	5	1	1	-7.04250185006855	-6.97018056079695	68 fp	4.8	fp	2
#FF0000	5	1	1	-6.97018056079695	-6.89993025889385	69 fp	4.8	fp	2
#FF0000	5	1	1	-6.89993025889385	-6.83437798489911	70 fp	4.8	fp	2
#FF0000	5	1	1	-6.83437798489911	-6.76322470248714	71 fp	4.8	fp	2
#FF0000	5	1	1	-6.76322470248714	-6.67903606491499	72 fp	4.8	fp	2
#FF0000	5	1	1	-6.67903606491499	-6.60153965300898	73 fp	4.8	fp	2
#FF0000	5	1	1	-6.60153965300898	-6.55069404078928	74 fp	4.8	fp	2
#FF0000	5	1	1	-6.55069404078928	-6.52842387378049	75 fp	4.8	fp	2
#FF0000	5	1	1	-6.52842387378049	-6.5157110413324	76 fp	4.8	fp	2
#FF0000	5	1	1	-6.5157110413324	-6.50921911543562	77 fp	4.8	fp	2
#FF0000	5	1	1	-6.50921911543562	-6.50344684308794	78 fp	4.8	fp	2
#FF0000	5	1	1	-6.50344684308794	-6.46992232827862	79 fp	4.8	fp	2
#FF0000	5	1	1	-6.46992232827862	-6.36300285817	80 fp	4.8	fp	2
#FF0000	5	1	1	-6.36300285817	-6.15375763383238	81 fp	4.8	fp	2
#FF0000	5	1	1	-6.15375763383238	-5.69024207045819	82 fp	4.8	fp	2
#FF0000	5	1	1	-5.69024207045819	-5.27528416347728	83 fp	4.8	fp	2
#FF0000	5	1	1	-5.27528416347728	-5.190882922573	84 fp	4.8	fp	2
#FF0000	5	0	0	-5.190882922573	-5.1886552624459	85 fp	4.8	fp	2
#FF0000	5	0	0	-5.1886552624459	-5.18329963745517	86 fp	4.8	fp	2
#FF0000	5	0	0	-5.18329963745517	-5.16425653000639	87 fp	4.8	fp	2
#FF0000	5	0	0	-5.16425653000639	-5.12797832517891	88 fp	4.8	fp	2
#FF0000	5	0	0	-5.12797832517891	-5.06986814733561	89 fp	4.8	fp	2
#FF0000	5	0	0	-5.06986814733561	-4.93575976211614	90 fp	4.8	fp	2
#FF0000	5	0	0	-4.93575976211614	-4.78322595054159	91 fp	4.8	fp	2
#FF0000	5	0	0	-4.78322595054159	-4.61266858884029	92 fp	4.8	fp	2
#FF0000	5	0	0	-4.61266858884029	-4.45696709071306	93 fp	4.8	fp	2
#FF0000	5	0	0	-4.45696709071306	-4.39692866530721	94 fp	4.8	fp	2
#FF0000	5	0	0	-4.39692866530721	-4.22085035567387	95 fp	4.8	fp	2
#FF0000	5	0	0	-4.22085035567387	-4.1000843818172	96 fp	4.8	fp	2
#FF0000	5	0	0	-4.1000843818172	-3.94455832858334	97 fp	4.8	fp	2
#FF0000	5	0	0	-3.94455832858334	-3.81930561272761	98 fp	4.8	fp	2
#FF0000	5	0	0	-3.81930561272761	-3.70845084244092	99 fp	4.8	fp	2
#FF0000	5	0	0	-3.70845084244092	-3.60640062488598	100 fp	4.8	fp	2
#FF0000	5	0	0	-3.60640062488598	-3.53067647087421	101 fp	4.8	fp	2
#FF0000	5	0	0	-3.53067647087421	-3.50781497271176	102 fp	4.8	fp	2
#FF0000	5	0	0	-3.50781497271176	-3.50506596270251	103 fp	4.8	fp	2
#FF0000	5	0	0	-3.50506596270251	-3.50157801319652	104 fp	4.8	fp	2
#FF0000	5	0	0	-3.50157801319652	-3.46656581328961	105 fp	4.8	fp	2
#FF0000	5	0	0	-3.46656581328961	-3.37366344156995	106 fp	4.8	fp	2
#FF0000	5	0	0	-3.37366344156995	-2.97164413995594	107 fp	4.8	fp	2
#FF0000	5	0	0	-2.97164413995594	-1.73554003983269	108 fp	4.8	fp	2
#FF0000	5	0	0	-1.73554003983269	9.08500842897606	109 fp	4.8	fp	2
#FF0000	5	6	6	-13.3670578848165	-12.3465094160078	55 fp	5	fp	2
#FF0000	5	6	6	-12.3465094160078	-9.03600804220391	56 fp	5	fp	2
#FF0000	5	5	5	-9.03600804220391	-8.13807406515583	57 fp	5	fp	2
#FF0000	5	2	2	-8.13807406515583	-7.68750556619035	58 fp	5	fp	2
#FF0000	5	2	2	-7.68750556619035	-7.52049864688413	59 fp	5	fp	2
#FF0000	5	2	2	-7.52049864688413	-7.45672974890662	60 fp	5	fp	2
#FF0000	5	2	2	-7.45672974890662	-7.44973579597916	61 fp	5	fp	2
#FF0000	5	2	2	-7.44973579597916	-7.44530759505372	62 fp	5	fp	2
#FF0000	5	1	1	-7.44530759505372	-7.43998535103409	63 fp	5	fp	2
#FF0000	5	1	1	-7.43998535103409	-7.42382040227741	64 fp	5	fp	2
#FF0000	5	1	1	-7.42382040227741	-7.36923320973925	65 fp	5	fp	2
#FF0000	5	1	1	-7.36923320973925	-7.30987279874575	66 fp	5	fp	2
#FF0000	5	1	1	-7.30987279874575	-7.24250185006855	67 fp	5	fp	2
#FF0000	5	1	1	-7.24250185006855	-7.17018056079695	68 fp	5	fp	2
#FF0000	5	1	1	-7.17018056079695	-7.09993025889385	69 fp	5	fp	2
#FF0000	5	1	1	-7.09993025889385	-7.03437798489911	70 fp	5	fp	2
#FF0000	5	1	1	-7.03437798489911	-6.96322470248714	71 fp	5	fp	2
#FF0000	5	1	1	-6.96322470248714	-6.87903606491499	72 fp	5	fp	2
#FF0000	5	1	1	-6.87903606491499	-6.80153965300898	73 fp	5	fp	2
#FF0000	5	1	1	-6.80153965300898	-6.75069404078928	74 fp	5	fp	2
#FF0000	5	1	1	-6.75069404078928	-6.72842387378049	75 fp	5	fp	2
#FF0000	5	1	1	-6.72842387378049	-6.7157110413324	76 fp	5	fp	2
#FF0000	5	1	1	-6.7157110413324	-6.70921911543562	77 fp	5	fp	2
#FF0000	5	1	1	-6.70921911543562	-6.70344684308794	78 fp	5	fp	2
#FF0000	5	1	1	-6.70344684308794	-6.66992232827862	79 fp	5	fp	2
#FF0000	5	1	1	-6.66992232827862	-6.56300285817	80 fp	5	fp	2
#FF0000	5	1	1	-6.56300285817	-6.35375763383238	81 fp	5	fp	2
#FF0000	5	1	1	-6.35375763383238	-5.89024207045818	82 fp	5	fp	2
#FF0000	5	1	1	-5.89024207045818	-5.47528416347728	83 fp	5	fp	2
#FF0000	5	1	1	-5.47528416347728	-5.390882922573	84 fp	5	fp	2
#FF0000	5	0	0	-5.390882922573	-5.38865526244589	85 fp	5	fp	2
#FF0000	5	0	0	-5.38865526244589	-5.38329963745517	86 fp	5	fp	2
#FF0000	5	0	0	-5.38329963745517	-5.36425653000639	87 fp	5	fp	2
#FF0000	5	0	0	-5.36425653000639	-5.32797832517891	88 fp	5	fp	2
#FF0000	5	0	0	-5.32797832517891	-5.26986814733561	89 fp	5	fp	2
#FF0000	5	0	0	-5.26986814733561	-5.13575976211614	90 fp	5	fp	2
#FF0000	5	0	0	-5.13575976211614	-4.98322595054159	91 fp	5	fp	2
#FF0000	5	0	0	-4.98322595054159	-4.81266858884029	92 fp	5	fp	2
#FF0000	5	0	0	-4.81266858884029	-4.65696709071306	93 fp	5	fp	2
#FF0000	5	0	0	-4.65696709071306	-4.59692866530721	94 fp	5	fp	2
#FF0000	5	0	0	-4.59692866530721	-4.42085035567387	95 fp	5	fp	2
#FF0000	5	0	0	-4.42085035567387	-4.3000843818172	96 fp	5	fp	2
#FF0000	5	0	0	-4.3000843818172	-4.14455832858333	97 fp	5	fp	2
#FF0000	5	0	0	-4.14455832858333	-4.01930561272761	98 fp	5	fp	2
#FF0000	5	0	0	-4.01930561272761	-3.90845084244092	99 fp	5	fp	2
#FF0000	5	0	0	-3.90845084244092	-3.80640062488598	100 fp	5	fp	2
#FF0000	5	0	0	-3.80640062488598	-3.73067647087421	101 fp	5	fp	2
#FF0000	5	0	0	-3.73067647087421	-3.70781497271176	102 fp	5	fp	2
#FF0000	5	0	0	-3.70781497271176	-3.70506596270251	103 fp	5	fp	2
#FF0000	5	0	0	-3.70506596270251	-3.70157801319652	104 fp	5	fp	2
#FF0000	5	0	0	-3.70157801319652	-3.66656581328961	105 fp	5	fp	2
#FF0000	5	0	0	-3.66656581328961	-3.57366344156995	106 fp	5	fp	2
#FF0000	5	0	0	-3.57366344156995	-3.17164413995594	107 fp	5	fp	2
#FF0000	5	0	0	-3.17164413995594	-1.93554003983269	108 fp	5	fp	2
#FF0000	5	0	0	-1.93554003983269	9.08500842897606	109 fp	5	fp	2
#00BFFF	3	0	0	-13.3670578848165	-2.34650941600775	55 fn	-5	fn	2
#00BFFF	3	0	0	-2.34650941600775	0.963991957796087	56 fn	-5	fn	2
#00BFFF	3	0	0	0.963991957796087	1.86192593484417	57 fn	-5	fn	2
#00BFFF	3	0	0	1.86192593484417	2.31249443380965	58 fn	-5	fn	2
#00BFFF	3	0	0	2.31249443380965	2.47950135311587	59 fn	-5	fn	2
#00BFFF	3	0	0	2.47950135311587	2.54327025109339	60 fn	-5	fn	2
#00BFFF	3	0	0	2.54327025109339	2.55026420402084	61 fn	-5	fn	2
#00BFFF	3	0	0	2.55026420402084	2.55469240494628	62 fn	-5	fn	2
#00BFFF	3	0	0	2.55469240494628	2.56001464896591	63 fn	-5	fn	2
#00BFFF	3	0	0	2.56001464896591	2.57617959772259	64 fn	-5	fn	2
#00BFFF	3	0	0	2.57617959772259	2.63076679026075	65 fn	-5	fn	2
#00BFFF	3	0	0	2.63076679026075	2.69012720125425	66 fn	-5	fn	2
#00BFFF	3	0	0	2.69012720125425	2.75749814993145	67 fn	-5	fn	2
#00BFFF	3	0	0	2.75749814993145	2.82981943920305	68 fn	-5	fn	2
#00BFFF	3	0	0	2.82981943920305	2.90006974110616	69 fn	-5	fn	2
#00BFFF	3	0	0	2.90006974110616	2.96562201510089	70 fn	-5	fn	2
#00BFFF	3	0	0	2.96562201510089	3.03677529751286	71 fn	-5	fn	2
#00BFFF	3	0	0	3.03677529751286	3.12096393508501	72 fn	-5	fn	2
#00BFFF	3	0	0	3.12096393508501	3.19846034699103	73 fn	-5	fn	2
#00BFFF	3	0	0	3.19846034699103	3.24930595921072	74 fn	-5	fn	2
#00BFFF	3	0	0	3.24930595921072	3.27157612621951	75 fn	-5	fn	2
#00BFFF	3	0	0	3.27157612621951	3.2842889586676	76 fn	-5	fn	2
#00BFFF	3	0	0	3.2842889586676	3.29078088456438	77 fn	-5	fn	2
#00BFFF	3	0	0	3.29078088456438	3.29655315691206	78 fn	-5	fn	2
#00BFFF	3	1	1	3.29655315691206	3.33007767172138	79 fn	-5	fn	2
#00BFFF	3	1	1	3.33007767172138	3.43699714183	80 fn	-5	fn	2
#00BFFF	3	1	1	3.43699714183	3.64624236616762	81 fn	-5	fn	2
#00BFFF	3	1	1	3.64624236616762	4.10975792954182	82 fn	-5	fn	2
#00BFFF	3	1	1	4.10975792954182	4.52471583652272	83 fn	-5	fn	2
#00BFFF	3	1	1	4.52471583652272	4.60911707742701	84 fn	-5	fn	2
#00BFFF	3	1	1	4.60911707742701	4.61134473755411	85 fn	-5	fn	2
#00BFFF	3	1	1	4.61134473755411	4.61670036254483	86 fn	-5	fn	2
#00BFFF	3	1	1	4.61670036254483	4.63574346999361	87 fn	-5	fn	2
#00BFFF	3	1	1	4.63574346999361	4.67202167482109	88 fn	-5	fn	2
#00BFFF	3	1	1	4.67202167482109	4.73013185266439	89 fn	-5	fn	2
#00BFFF	3	1	1	4.73013185266439	4.86424023788386	90 fn	-5	fn	2
#00BFFF	3	1	1	4.86424023788386	5.01677404945841	91 fn	-5	fn	2
#00BFFF	3	1	1	5.01677404945841	5.18733141115971	92 fn	-5	fn	2
#00BFFF	3	1	1	5.18733141115971	5.34303290928695	93 fn	-5	fn	2
#00BFFF	3	1	1	5.34303290928695	5.4030713346928	94 fn	-5	fn	2
#00BFFF	3	1	1	5.4030713346928	5.57914964432613	95 fn	-5	fn	2
#00BFFF	3	1	1	5.57914964432613	5.6999156181828	96 fn	-5	fn	2
#00BFFF	3	1	1	5.6999156181828	5.85544167141667	97 fn	-5	fn	2
#00BFFF	3	1	1	5.85544167141667	5.98069438727239	98 fn	-5	fn	2
#00BFFF	3	1	1	5.98069438727239	6.09154915755908	99 fn	-5	fn	2
#00BFFF	3	1	1	6.09154915755908	6.19359937511402	100 fn	-5	fn	2
#00BFFF	3	1	1	6.19359937511402	6.26932352912579	101 fn	-5	fn	2
#00BFFF	3	1	1	6.26932352912579	6.29218502728824	102 fn	-5	fn	2
#00BFFF	3	1	1	6.29218502728824	6.29493403729749	103 fn	-5	fn	2
#00BFFF	3	2	2	6.29493403729749	6.29842198680348	104 fn	-5	fn	2
#00BFFF	3	2	2	6.29842198680348	6.33343418671039	105 fn	-5	fn	2
#00BFFF	3	2	2	6.33343418671039	6.42633655843005	106 fn	-5	fn	2
#00BFFF	3	2	2	6.42633655843005	6.82835586004406	107 fn	-5	fn	2
#00BFFF	3	2	2	6.82835586004406	8.06445996016731	108 fn	-5	fn	2
#00BFFF	3	2	2	8.06445996016731	9.08500842897606	109 fn	-5	fn	2
#00BFFF	3	0	0	-13.3670578848165	-2.54650941600775	55 fn	-4.8	fn	2
#00BFFF	3	0	0	-2.54650941600775	0.763991957796087	56 fn	-4.8	fn	2
#00BFFF	3	0	0	0.763991957796087	1.66192593484417	57 fn	-4.8	fn	2
#00BFFF	3	0	0	1.66192593484417	2.11249443380965	58 fn	-4.8	fn	2
#00BFFF	3	0	0	2.11249443380965	2.27950135311587	59 fn	-4.8	fn	2
#00BFFF	3	0	0	2.27950135311587	2.34327025109338	60 fn	-4.8	fn	2
#00BFFF	3	0	0	2.34327025109338	2.35026420402084	61 fn	-4.8	fn	2
#00BFFF	3	0	0	2.35026420402084	2.35469240494628	62 fn	-4.8	fn	2
#00BFFF	3	0	0	2.35469240494628	2.36001464896591	63 fn	-4.8	fn	2
#00BFFF	3	0	0	2.36001464896591	2.37617959772259	64 fn	-4.8	fn	2
#00BFFF	3	0	0	2.37617959772259	2.43076679026075	65 fn	-4.8	fn	2
#00BFFF	3	0	0	2.43076679026075	2.49012720125425	66 fn	-4.8	fn	2
#00BFFF	3	0	0	2.49012720125425	2.55749814993145	67 fn	-4.8	fn	2
#00BFFF	3	0	0	2.55749814993145	2.62981943920305	68 fn	-4.8	fn	2
#00BFFF	3	0	0	2.62981943920305	2.70006974110616	69 fn	-4.8	fn	2
#00BFFF	3	0	0	2.70006974110616	2.76562201510089	70 fn	-4.8	fn	2
#00BFFF	3	0	0	2.76562201510089	2.83677529751286	71 fn	-4.8	fn	2
#00BFFF	3	0	0	2.83677529751286	2.92096393508501	72 fn	-4.8	fn	2
#00BFFF	3	0	0	2.92096393508501	2.99846034699103	73 fn	-4.8	fn	2
#00BFFF	3	0	0	2.99846034699103	3.04930595921072	74 fn	-4.8	fn	2
#00BFFF	3	0	0	3.04930595921072	3.07157612621951	75 fn	-4.8	fn	2
#00BFFF	3	0	0	3.07157612621951	3.0842889586676	76 fn	-4.8	fn	2
#00BFFF	3	0	0	3.0842889586676	3.09078088456438	77 fn	-4.8	fn	2
#00BFFF	3	0	0	3.09078088456438	3.09655315691206	78 fn	-4.8	fn	2
#00BFFF	3	1	1	3.09655315691206	3.13007767172138	79 fn	-4.8	fn	2
#00BFFF	3	1	1	3.13007767172138	3.23699714183	80 fn	-4.8	fn	2
#00BFFF	3	1	1	3.23699714183	3.44624236616762	81 fn	-4.8	fn	2
#00BFFF	3	1	1	3.44624236616762	3.90975792954182	82 fn	-4.8	fn	2
#00BFFF	3	1	1	3.90975792954182	4.32471583652272	83 fn	-4.8	fn	2
#00BFFF	3	1	1	4.32471583652272	4.409117077427	84 fn	-4.8	fn	2
#00BFFF	3	1	1	4.409117077427	4.41134473755411	85 fn	-4.8	fn	2
#00BFFF	3	1	1	4.41134473755411	4.41670036254483	86 fn	-4.8	fn	2
#00BFFF	3	1	1	4.41670036254483	4.43574346999361	87 fn	-4.8	fn	2
#00BFFF	3	1	1	4.43574346999361	4.47202167482109	88 fn	-4.8	fn	2
#00BFFF	3	1	1	4.47202167482109	4.53013185266439	89 fn	-4.8	fn	2
#00BFFF	3	1	1	4.53013185266439	4.66424023788386	90 fn	-4.8	fn	2
#00BFFF	3	1	1	4.66424023788386	4.81677404945841	91 fn	-4.8	fn	2
#00BFFF	3	1	1	4.81677404945841	4.98733141115971	92 fn	-4.8	fn	2
#00BFFF	3	1	1	4.98733141115971	5.14303290928695	93 fn	-4.8	fn	2
#00BFFF	3	1	1	5.14303290928695	5.2030713346928	94 fn	-4.8	fn	2
#00BFFF	3	1	1	5.2030713346928	5.37914964432613	95 fn	-4.8	fn	2
#00BFFF	3	1	1	5.37914964432613	5.4999156181828	96 fn	-4.8	fn	2
#00BFFF	3	1	1	5.4999156181828	5.65544167141667	97 fn	-4.8	fn	2
#00BFFF	3	1	1	5.65544167141667	5.78069438727239	98 fn	-4.8	fn	2
#00BFFF	3	1	1	5.78069438727239	5.89154915755908	99 fn	-4.8	fn	2
#00BFFF	3	1	1	5.89154915755908	5.99359937511402	100 fn	-4.8	fn	2
#00BFFF	3	1	1	5.99359937511402	6.06932352912579	101 fn	-4.8	fn	2
#00BFFF	3	1	1	6.06932352912579	6.09218502728824	102 fn	-4.8	fn	2
#00BFFF	3	1	1	6.09218502728824	6.09493403729749	103 fn	-4.8	fn	2
#00BFFF	3	2	2	6.09493403729749	6.09842198680348	104 fn	-4.8	fn	2
#00BFFF	3	2	2	6.09842198680348	6.13343418671039	105 fn	-4.8	fn	2
#00BFFF	3	2	2	6.13343418671039	6.22633655843005	106 fn	-4.8	fn	2
#00BFFF	3	2	2	6.22633655843005	6.62835586004406	107 fn	-4.8	fn	2
#00BFFF	3	2	2	6.62835586004406	7.86445996016731	108 fn	-4.8	fn	2
#00BFFF	3	2	2	7.86445996016731	9.08500842897606	109 fn	-4.8	fn	2
#00BFFF	3	0	0	-13.3670578848165	-2.74650941600775	55 fn	-4.6	fn	2
#00BFFF	3	0	0	-2.74650941600775	0.563991957796087	56 fn	-4.6	fn	2
#00BFFF	3	0	0	0.563991957796087	1.46192593484417	57 fn	-4.6	fn	2
#00BFFF	3	0	0	1.46192593484417	1.91249443380965	58 fn	-4.6	fn	2
#00BFFF	3	0	0	1.91249443380965	2.07950135311587	59 fn	-4.6	fn	2
#00BFFF	3	0	0	2.07950135311587	2.14327025109338	60 fn	-4.6	fn	2
#00BFFF	3	0	0	2.14327025109338	2.15026420402084	61 fn	-4.6	fn	2
#00BFFF	3	0	0	2.15026420402084	2.15469240494628	62 fn	-4.6	fn	2
#00BFFF	3	0	0	2.15469240494628	2.16001464896591	63 fn	-4.6	fn	2
#00BFFF	3	0	0	2.16001464896591	2.17617959772259	64 fn	-4.6	fn	2
#00BFFF	3	0	0	2.17617959772259	2.23076679026075	65 fn	-4.6	fn	2
#00BFFF	3	0	0	2.23076679026075	2.29012720125425	66 fn	-4.6	fn	2
#00BFFF	3	0	0	2.29012720125425	2.35749814993145	67 fn	-4.6	fn	2
#00BFFF	3	0	0	2.35749814993145	2.42981943920305	68 fn	-4.6	fn	2
#00BFFF	3	0	0	2.42981943920305	2.50006974110616	69 fn	-4.6	fn	2
#00BFFF	3	0	0	2.50006974110616	2.56562201510089	70 fn	-4.6	fn	2
#00BFFF	3	0	0	2.56562201510089	2.63677529751286	71 fn	-4.6	fn	2
#00BFFF	3	0	0	2.63677529751286	2.72096393508501	72 fn	-4.6	fn	2
#00BFFF	3	0	0	2.72096393508501	2.79846034699102	73 fn	-4.6	fn	2
#00BFFF	3	0	0	2.79846034699102	2.84930595921072	74 fn	-4.6	fn	2
#00BFFF	3	0	0	2.84930595921072	2.87157612621951	75 fn	-4.6	fn	2
#00BFFF	3	0	0	2.87157612621951	2.8842889586676	76 fn	-4.6	fn	2
#00BFFF	3	0	0	2.8842889586676	2.89078088456438	77 fn	-4.6	fn	2
#00BFFF	3	0	0	2.89078088456438	2.89655315691206	78 fn	-4.6	fn	2
#00BFFF	3	1	1	2.89655315691206	2.93007767172138	79 fn	-4.6	fn	2
#00BFFF	3	1	1	2.93007767172138	3.03699714183	80 fn	-4.6	fn	2
#00BFFF	3	1	1	3.03699714183	3.24624236616762	81 fn	-4.6	fn	2
#00BFFF	3	1	1	3.24624236616762	3.70975792954182	82 fn	-4.6	fn	2
#00BFFF	3	1	1	3.70975792954182	4.12471583652272	83 fn	-4.6	fn	2
#00BFFF	3	1	1	4.12471583652272	4.209117077427	84 fn	-4.6	fn	2
#00BFFF	3	1	1	4.209117077427	4.21134473755411	85 fn	-4.6	fn	2
#00BFFF	3	1	1	4.21134473755411	4.21670036254483	86 fn	-4.6	fn	2
#00BFFF	3	1	1	4.21670036254483	4.23574346999361	87 fn	-4.6	fn	2
#00BFFF	3	1	1	4.23574346999361	4.27202167482109	88 fn	-4.6	fn	2
#00BFFF	3	1	1	4.27202167482109	4.33013185266439	89 fn	-4.6	fn	2
#00BFFF	3	1	1	4.33013185266439	4.46424023788386	90 fn	-4.6	fn	2
#00BFFF	3	1	1	4.46424023788386	4.61677404945841	91 fn	-4.6	fn	2
#00BFFF	3	1	1	4.61677404945841	4.78733141115971	92 fn	-4.6	fn	2
#00BFFF	3	1	1	4.78733141115971	4.94303290928695	93 fn	-4.6	fn	2
#00BFFF	3	1	1	4.94303290928695	5.0030713346928	94 fn	-4.6	fn	2
#00BFFF	3	1	1	5.0030713346928	5.17914964432613	95 fn	-4.6	fn	2
#00BFFF	3	1	1	5.17914964432613	5.2999156181828	96 fn	-4.6	fn	2
#00BFFF	3	1	1	5.2999156181828	5.45544167141667	97 fn	-4.6	fn	2
#00BFFF	3	1	1	5.45544167141667	5.58069438727239	98 fn	-4.6	fn	2
#00BFFF	3	1	1	5.58069438727239	5.69154915755908	99 fn	-4.6	fn	2
#00BFFF	3	1	1	5.69154915755908	5.79359937511402	100 fn	-4.6	fn	2
#00BFFF	3	1	1	5.79359937511402	5.86932352912579	101 fn	-4.6	fn	2
#00BFFF	3	1	1	5.86932352912579	5.89218502728824	102 fn	-4.6	fn	2
#00BFFF	3	1	1	5.89218502728824	5.89493403729749	103 fn	-4.6	fn	2
#00BFFF	3	2	2	5.89493403729749	5.89842198680348	104 fn	-4.6	fn	2
#00BFFF	3	2	2	5.89842198680348	5.93343418671039	105 fn	-4.6	fn	2
#00BFFF	3	2	2	5.93343418671039	6.02633655843005	106 fn	-4.6	fn	2
#00BFFF	3	2	2	6.02633655843005	6.42835586004406	107 fn	-4.6	fn	2
#00BFFF	3	2	2	6.42835586004406	7.66445996016731	108 fn	-4.6	fn	2
#00BFFF	3	2	2	7.66445996016731	9.08500842897606	109 fn	-4.6	fn	2
#00BFFF	3	0	0	-13.3670578848165	-2.94650941600775	55 fn	-4.4	fn	2
#00BFFF	3	0	0	-2.94650941600775	0.363991957796087	56 fn	-4.4	fn	2
#00BFFF	3	0	0	0.363991957796087	1.26192593484418	57 fn	-4.4	fn	2
#00BFFF	3	0	0	1.26192593484418	1.71249443380965	58 fn	-4.4	fn	2
#00BFFF	3	0	0	1.71249443380965	1.87950135311587	59 fn	-4.4	fn	2
#00BFFF	3	0	0	1.87950135311587	1.94327025109339	60 fn	-4.4	fn	2
#00BFFF	3	0	0	1.94327025109339	1.95026420402084	61 fn	-4.4	fn	2
#00BFFF	3	0	0	1.95026420402084	1.95469240494628	62 fn	-4.4	fn	2
#00BFFF	3	0	0	1.95469240494628	1.96001464896591	63 fn	-4.4	fn	2
#00BFFF	3	0	0	1.96001464896591	1.97617959772259	64 fn	-4.4	fn	2
#00BFFF	3	0	0	1.97617959772259	2.03076679026075	65 fn	-4.4	fn	2
#00BFFF	3	0	0	2.03076679026075	2.09012720125425	66 fn	-4.4	fn	2
#00BFFF	3	0	0	2.09012720125425	2.15749814993145	67 fn	-4.4	fn	2
#00BFFF	3	0	0	2.15749814993145	2.22981943920305	68 fn	-4.4	fn	2
#00BFFF	3	0	0	2.22981943920305	2.30006974110616	69 fn	-4.4	fn	2
#00BFFF	3	0	0	2.30006974110616	2.36562201510089	70 fn	-4.4	fn	2
#00BFFF	3	0	0	2.36562201510089	2.43677529751286	71 fn	-4.4	fn	2
#00BFFF	3	0	0	2.43677529751286	2.52096393508501	72 fn	-4.4	fn	2
#00BFFF	3	0	0	2.52096393508501	2.59846034699103	73 fn	-4.4	fn	2
#00BFFF	3	0	0	2.59846034699103	2.64930595921072	74 fn	-4.4	fn	2
#00BFFF	3	0	0	2.64930595921072	2.67157612621951	75 fn	-4.4	fn	2
#00BFFF	3	0	0	2.67157612621951	2.6842889586676	76 fn	-4.4	fn	2
#00BFFF	3	0	0	2.6842889586676	2.69078088456438	77 fn	-4.4	fn	2
#00BFFF	3	0	0	2.69078088456438	2.69655315691206	78 fn	-4.4	fn	2
#00BFFF	3	1	1	2.69655315691206	2.73007767172138	79 fn	-4.4	fn	2
#00BFFF	3	1	1	2.73007767172138	2.83699714183	80 fn	-4.4	fn	2
#00BFFF	3	1	1	2.83699714183	3.04624236616762	81 fn	-4.4	fn	2
#00BFFF	3	1	1	3.04624236616762	3.50975792954182	82 fn	-4.4	fn	2
#00BFFF	3	1	1	3.50975792954182	3.92471583652272	83 fn	-4.4	fn	2
#00BFFF	3	1	1	3.92471583652272	4.00911707742701	84 fn	-4.4	fn	2
#00BFFF	3	1	1	4.00911707742701	4.01134473755411	85 fn	-4.4	fn	2
#00BFFF	3	1	1	4.01134473755411	4.01670036254483	86 fn	-4.4	fn	2
#00BFFF	3	1	1	4.01670036254483	4.03574346999361	87 fn	-4.4	fn	2
#00BFFF	3	1	1	4.03574346999361	4.07202167482109	88 fn	-4.4	fn	2
#00BFFF	3	1	1	4.07202167482109	4.13013185266439	89 fn	-4.4	fn	2
#00BFFF	3	1	1	4.13013185266439	4.26424023788386	90 fn	-4.4	fn	2
#00BFFF	3	1	1	4.26424023788386	4.41677404945841	91 fn	-4.4	fn	2
#00BFFF	3	1	1	4.41677404945841	4.58733141115971	92 fn	-4.4	fn	2
#00BFFF	3	1	1	4.58733141115971	4.74303290928695	93 fn	-4.4	fn	2
#00BFFF	3	1	1	4.74303290928695	4.8030713346928	94 fn	-4.4	fn	2
#00BFFF	3	1	1	4.8030713346928	4.97914964432613	95 fn	-4.4	fn	2
#00BFFF	3	1	1	4.97914964432613	5.0999156181828	96 fn	-4.4	fn	2
#00BFFF	3	1	1	5.0999156181828	5.25544167141667	97 fn	-4.4	fn	2
#00BFFF	3	1	1	5.25544167141667	5.38069438727239	98 fn	-4.4	fn	2
#00BFFF	3	1	1	5.38069438727239	5.49154915755908	99 fn	-4.4	fn	2
#00BFFF	3	1	1	5.49154915755908	5.59359937511402	100 fn	-4.4	fn	2
#00BFFF	3	1	1	5.59359937511402	5.66932352912579	101 fn	-4.4	fn	2
#00BFFF	3	1	1	5.66932352912579	5.69218502728824	102 fn	-4.4	fn	2
#00BFFF	3	1	1	5.69218502728824	5.69493403729749	103 fn	-4.4	fn	2
#00BFFF	3	2	2	5.69493403729749	5.69842198680348	104 fn	-4.4	fn	2
#00BFFF	3	2	2	5.69842198680348	5.73343418671039	105 fn	-4.4	fn	2
#00BFFF	3	2	2	5.73343418671039	5.82633655843005	106 fn	-4.4	fn	2
#00BFFF	3	2	2	5.82633655843005	6.22835586004406	107 fn	-4.4	fn	2
#00BFFF	3	2	2	6.22835586004406	7.46445996016731	108 fn	-4.4	fn	2
#00BFFF	3	2	2	7.46445996016731	9.08500842897606	109 fn	-4.4	fn	2
#00BFFF	3	0	0	-13.3670578848165	-3.14650941600775	55 fn	-4.2	fn	2
#00BFFF	3	0	0	-3.14650941600775	0.163991957796087	56 fn	-4.2	fn	2
#00BFFF	3	0	0	0.163991957796087	1.06192593484418	57 fn	-4.2	fn	2
#00BFFF	3	0	0	1.06192593484418	1.51249443380965	58 fn	-4.2	fn	2
#00BFFF	3	0	0	1.51249443380965	1.67950135311587	59 fn	-4.2	fn	2
#00BFFF	3	0	0	1.67950135311587	1.74327025109339	60 fn	-4.2	fn	2
#00BFFF	3	0	0	1.74327025109339	1.75026420402084	61 fn	-4.2	fn	2
#00BFFF	3	0	0	1.75026420402084	1.75469240494628	62 fn	-4.2	fn	2
#00BFFF	3	0	0	1.75469240494628	1.76001464896591	63 fn	-4.2	fn	2
#00BFFF	3	0	0	1.76001464896591	1.77617959772259	64 fn	-4.2	fn	2
#00BFFF	3	0	0	1.77617959772259	1.83076679026075	65 fn	-4.2	fn	2
#00BFFF	3	0	0	1.83076679026075	1.89012720125425	66 fn	-4.2	fn	2
#00BFFF	3	0	0	1.89012720125425	1.95749814993145	67 fn	-4.2	fn	2
#00BFFF	3	0	0	1.95749814993145	2.02981943920305	68 fn	-4.2	fn	2
#00BFFF	3	0	0	2.02981943920305	2.10006974110616	69 fn	-4.2	fn	2
#00BFFF	3	0	0	2.10006974110616	2.16562201510089	70 fn	-4.2	fn	2
#00BFFF	3	0	0	2.16562201510089	2.23677529751286	71 fn	-4.2	fn	2
#00BFFF	3	0	0	2.23677529751286	2.32096393508501	72 fn	-4.2	fn	2
#00BFFF	3	0	0	2.32096393508501	2.39846034699103	73 fn	-4.2	fn	2
#00BFFF	3	0	0	2.39846034699103	2.44930595921072	74 fn	-4.2	fn	2
#00BFFF	3	0	0	2.44930595921072	2.47157612621951	75 fn	-4.2	fn	2
#00BFFF	3	0	0	2.47157612621951	2.4842889586676	76 fn	-4.2	fn	2
#00BFFF	3	0	0	2.4842889586676	2.49078088456438	77 fn	-4.2	fn	2
#00BFFF	3	0	0	2.49078088456438	2.49655315691206	78 fn	-4.2	fn	2
#00BFFF	3	1	1	2.49655315691206	2.53007767172138	79 fn	-4.2	fn	2
#00BFFF	3	1	1	2.53007767172138	2.63699714183	80 fn	-4.2	fn	2
#00BFFF	3	1	1	2.63699714183	2.84624236616762	81 fn	-4.2	fn	2
#00BFFF	3	1	1	2.84624236616762	3.30975792954182	82 fn	-4.2	fn	2
#00BFFF	3	1	1	3.30975792954182	3.72471583652272	83 fn	-4.2	fn	2
#00BFFF	3	1	1	3.72471583652272	3.80911707742701	84 fn	-4.2	fn	2
#00BFFF	3	1	1	3.80911707742701	3.81134473755411	85 fn	-4.2	fn	2
#00BFFF	3	1	1	3.81134473755411	3.81670036254483	86 fn	-4.2	fn	2
#00BFFF	3	1	1	3.81670036254483	3.83574346999361	87 fn	-4.2	fn	2
#00BFFF	3	1	1	3.83574346999361	3.87202167482109	88 fn	-4.2	fn	2
#00BFFF	3	1	1	3.87202167482109	3.93013185266439	89 fn	-4.2	fn	2
#00BFFF	3	1	1	3.93013185266439	4.06424023788386	90 fn	-4.2	fn	2
#00BFFF	3	1	1	4.06424023788386	4.21677404945841	91 fn	-4.2	fn	2
#00BFFF	3	1	1	4.21677404945841	4.38733141115971	92 fn	-4.2	fn	2
#00BFFF	3	1	1	4.38733141115971	4.54303290928695	93 fn	-4.2	fn	2
#00BFFF	3	1	1	4.54303290928695	4.6030713346928	94 fn	-4.2	fn	2
#00BFFF	3	1	1	4.6030713346928	4.77914964432613	95 fn	-4.2	fn	2
#00BFFF	3	1	1	4.77914964432613	4.8999156181828	96 fn	-4.2	fn	2
#00BFFF	3	1	1	4.8999156181828	5.05544167141667	97 fn	-4.2	fn	2
#00BFFF	3	1	1	5.05544167141667	5.18069438727239	98 fn	-4.2	fn	2
#00BFFF	3	1	1	5.18069438727239	5.29154915755908	99 fn	-4.2	fn	2
#00BFFF	3	1	1	5.29154915755908	5.39359937511402	100 fn	-4.2	fn	2
#00BFFF	3	1	1	5.39359937511402	5.46932352912579	101 fn	-4.2	fn	2
#00BFFF	3	1	1	5.46932352912579	5.49218502728824	102 fn	-4.2	fn	2
#00BFFF	3	1	1	5.49218502728824	5.49493403729749	103 fn	-4.2	fn	2
#00BFFF	3	2	2	5.49493403729749	5.49842198680348	104 fn	-4.2	fn	2
#00BFFF	3	2	2	5.49842198680348	5.53343418671039	105 fn	-4.2	fn	2
#00BFFF	3	2	2	5.53343418671039	5.62633655843005	106 fn	-4.2	fn	2
#00BFFF	3	2	2	5.62633655843005	6.02835586004406	107 fn	-4.2	fn	2
#00BFFF	3	2	2	6.02835586004406	7.26445996016731	108 fn	-4.2	fn	2
#00BFFF	3	2	2	7.26445996016731	9.08500842897606	109 fn	-4.2	fn	2
#00BFFF	3	0	0	-13.3670578848165	-3.34650941600775	55 fn	-4	fn	2
#00BFFF	3	0	0	-3.34650941600775	-0.0360080422039131	56 fn	-4	fn	2
#00BFFF	3	0	0	-0.0360080422039131	0.861925934844175	57 fn	-4	fn	2
#00BFFF	3	0	0	0.861925934844175	1.31249443380965	58 fn	-4	fn	2
#00BFFF	3	0	0	1.31249443380965	1.47950135311587	59 fn	-4	fn	2
#00BFFF	3	0	0	1.47950135311587	1.54327025109339	60 fn	-4	fn	2
#00BFFF	3	0	0	1.54327025109339	1.55026420402084	61 fn	-4	fn	2
#00BFFF	3	0	0	1.55026420402084	1.55469240494628	62 fn	-4	fn	2
#00BFFF	3	0	0	1.55469240494628	1.56001464896591	63 fn	-4	fn	2
#00BFFF	3	0	0	1.56001464896591	1.57617959772259	64 fn	-4	fn	2
#00BFFF	3	0	0	1.57617959772259	1.63076679026075	65 fn	-4	fn	2
#00BFFF	3	0	0	1.63076679026075	1.69012720125425	66 fn	-4	fn	2
#00BFFF	3	0	0	1.69012720125425	1.75749814993145	67 fn	-4	fn	2
#00BFFF	3	0	0	1.75749814993145	1.82981943920305	68 fn	-4	fn	2
#00BFFF	3	0	0	1.82981943920305	1.90006974110616	69 fn	-4	fn	2
#00BFFF	3	0	0	1.90006974110616	1.96562201510089	70 fn	-4	fn	2
#00BFFF	3	0	0	1.96562201510089	2.03677529751286	71 fn	-4	fn	2
#00BFFF	3	0	0	2.03677529751286	2.12096393508501	72 fn	-4	fn	2
#00BFFF	3	0	0	2.12096393508501	2.19846034699103	73 fn	-4	fn	2
#00BFFF	3	0	0	2.19846034699103	2.24930595921072	74 fn	-4	fn	2
#00BFFF	3	0	0	2.24930595921072	2.27157612621951	75 fn	-4	fn	2
#00BFFF	3	0	0	2.27157612621951	2.2842889586676	76 fn	-4	fn	2
#00BFFF	3	0	0	2.2842889586676	2.29078088456438	77 fn	-4	fn	2
#00BFFF	3	0	0	2.29078088456438	2.29655315691206	78 fn	-4	fn	2
#00BFFF	3	1	1	2.29655315691206	2.33007767172138	79 fn	-4	fn	2
#00BFFF	3	1	1	2.33007767172138	2.43699714183	80 fn	-4	fn	2
#00BFFF	3	1	1	2.43699714183	2.64624236616762	81 fn	-4	fn	2
#00BFFF	3	1	1	2.64624236616762	3.10975792954182	82 fn	-4	fn	2
#00BFFF	3	1	1	3.10975792954182	3.52471583652272	83 fn	-4	fn	2
#00BFFF	3	1	1	3.52471583652272	3.609117077427	84 fn	-4	fn	2
#00BFFF	3	1	1	3.609117077427	3.61134473755411	85 fn	-4	fn	2
#00BFFF	3	1	1	3.61134473755411	3.61670036254483	86 fn	-4	fn	2
#00BFFF	3	1	1	3.61670036254483	3.63574346999361	87 fn	-4	fn	2
#00BFFF	3	1	1	3.63574346999361	3.67202167482109	88 fn	-4	fn	2
#00BFFF	3	1	1	3.67202167482109	3.73013185266439	89 fn	-4	fn	2
#00BFFF	3	1	1	3.73013185266439	3.86424023788386	90 fn	-4	fn	2
#00BFFF	3	1	1	3.86424023788386	4.01677404945841	91 fn	-4	fn	2
#00BFFF	3	1	1	4.01677404945841	4.18733141115971	92 fn	-4	fn	2
#00BFFF	3	1	1	4.18733141115971	4.34303290928695	93 fn	-4	fn	2
#00BFFF	3	1	1	4.34303290928695	4.4030713346928	94 fn	-4	fn	2
#00BFFF	3	1	1	4.4030713346928	4.57914964432613	95 fn	-4	fn	2
#00BFFF	3	1	1	4.57914964432613	4.6999156181828	96 fn	-4	fn	2
#00BFFF	3	1	1	4.6999156181828	4.85544167141667	97 fn	-4	fn	2
#00BFFF	3	1	1	4.85544167141667	4.98069438727239	98 fn	-4	fn	2
#00BFFF	3	1	1	4.98069438727239	5.09154915755908	99 fn	-4	fn	2
#00BFFF	3	1	1	5.09154915755908	5.19359937511402	100 fn	-4	fn	2
#00BFFF	3	1	1	5.19359937511402	5.26932352912579	101 fn	-4	fn	2
#00BFFF	3	1	1	5.26932352912579	5.29218502728824	102 fn	-4	fn	2
#00BFFF	3	1	1	5.29218502728824	5.29493403729749	103 fn	-4	fn	2
#00BFFF	3	2	2	5.29493403729749	5.29842198680348	104 fn	-4	fn	2
#00BFFF	3	2	2	5.29842198680348	5.33343418671039	105 fn	-4	fn	2
#00BFFF	3	2	2	5.33343418671039	5.42633655843005	106 fn	-4	fn	2
#00BFFF	3	2	2	5.42633655843005	5.82835586004406	107 fn	-4	fn	2
#00BFFF	3	2	2	5.82835586004406	7.06445996016731	108 fn	-4	fn	2
#00BFFF	3	2	2	7.06445996016731	9.08500842897606	109 fn	-4	fn	2
#00BFFF	3	0	0	-13.3670578848165	-3.54650941600775	55 fn	-3.8	fn	2
#00BFFF	3	0	0	-3.54650941600775	-0.236008042203913	56 fn	-3.8	fn	2
#00BFFF	3	0	0	-0.236008042203913	0.661925934844175	57 fn	-3.8	fn	2
#00BFFF	3	0	0	0.661925934844175	1.11249443380965	58 fn	-3.8	fn	2
#00BFFF	3	0	0	1.11249443380965	1.27950135311587	59 fn	-3.8	fn	2
#00BFFF	3	0	0	1.27950135311587	1.34327025109338	60 fn	-3.8	fn	2
#00BFFF	3	0	0	1.34327025109338	1.35026420402084	61 fn	-3.8	fn	2
#00BFFF	3	0	0	1.35026420402084	1.35469240494628	62 fn	-3.8	fn	2
#00BFFF	3	0	0	1.35469240494628	1.36001464896591	63 fn	-3.8	fn	2
#00BFFF	3	0	0	1.36001464896591	1.37617959772259	64 fn	-3.8	fn	2
#00BFFF	3	0	0	1.37617959772259	1.43076679026075	65 fn	-3.8	fn	2
#00BFFF	3	0	0	1.43076679026075	1.49012720125425	66 fn	-3.8	fn	2
#00BFFF	3	0	0	1.49012720125425	1.55749814993145	67 fn	-3.8	fn	2
#00BFFF	3	0	0	1.55749814993145	1.62981943920305	68 fn	-3.8	fn	2
#00BFFF	3	0	0	1.62981943920305	1.70006974110616	69 fn	-3.8	fn	2
#00BFFF	3	0	0	1.70006974110616	1.76562201510089	70 fn	-3.8	fn	2
#00BFFF	3	0	0	1.76562201510089	1.83677529751286	71 fn	-3.8	fn	2
#00BFFF	3	0	0	1.83677529751286	1.92096393508501	72 fn	-3.8	fn	2
#00BFFF	3	0	0	1.92096393508501	1.99846034699103	73 fn	-3.8	fn	2
#00BFFF	3	0	0	1.99846034699103	2.04930595921072	74 fn	-3.8	fn	2
#00BFFF	3	0	0	2.04930595921072	2.07157612621951	75 fn	-3.8	fn	2
#00BFFF	3	0	0	2.07157612621951	2.0842889586676	76 fn	-3.8	fn	2
#00BFFF	3	0	0	2.0842889586676	2.09078088456438	77 fn	-3.8	fn	2
#00BFFF	3	0	0	2.09078088456438	2.09655315691206	78 fn	-3.8	fn	2
#00BFFF	3	1	1	2.09655315691206	2.13007767172138	79 fn	-3.8	fn	2
#00BFFF	3	1	1	2.13007767172138	2.23699714183	80 fn	-3.8	fn	2
#00BFFF	3	1	1	2.23699714183	2.44624236616762	81 fn	-3.8	fn	2
#00BFFF	3	1	1	2.44624236616762	2.90975792954182	82 fn	-3.8	fn	2
#00BFFF	3	1	1	2.90975792954182	3.32471583652272	83 fn	-3.8	fn	2
#00BFFF	3	1	1	3.32471583652272	3.409117077427	84 fn	-3.8	fn	2
#00BFFF	3	1	1	3.409117077427	3.41134473755411	85 fn	-3.8	fn	2
#00BFFF	3	1	1	3.41134473755411	3.41670036254483	86 fn	-3.8	fn	2
#00BFFF	3	1	1	3.41670036254483	3.43574346999361	87 fn	-3.8	fn	2
#00BFFF	3	1	1	3.43574346999361	3.47202167482109	88 fn	-3.8	fn	2
#00BFFF	3	1	1	3.47202167482109	3.53013185266439	89 fn	-3.8	fn	2
#00BFFF	3	1	1	3.53013185266439	3.66424023788386	90 fn	-3.8	fn	2
#00BFFF	3	1	1	3.66424023788386	3.81677404945841	91 fn	-3.8	fn	2
#00BFFF	3	1	1	3.81677404945841	3.98733141115971	92 fn	-3.8	fn	2
#00BFFF	3	1	1	3.98733141115971	4.14303290928695	93 fn	-3.8	fn	2
#00BFFF	3	1	1	4.14303290928695	4.2030713346928	94 fn	-3.8	fn	2
#00BFFF	3	1	1	4.2030713346928	4.37914964432613	95 fn	-3.8	fn	2
#00BFFF	3	1	1	4.37914964432613	4.4999156181828	96 fn	-3.8	fn	2
#00BFFF	3	1	1	4.4999156181828	4.65544167141667	97 fn	-3.8	fn	2
#00BFFF	3	1	1	4.65544167141667	4.78069438727239	98 fn	-3.8	fn	2
#00BFFF	3	1	1	4.78069438727239	4.89154915755908	99 fn	-3.8	fn	2
#00BFFF	3	1	1	4.89154915755908	4.99359937511402	100 fn	-3.8	fn	2
#00BFFF	3	1	1	4.99359937511402	5.06932352912579	101 fn	-3.8	fn	2
#00BFFF	3	1	1	5.06932352912579	5.09218502728824	102 fn	-3.8	fn	2
#00BFFF	3	1	1	5.09218502728824	5.09493403729749	103 fn	-3.8	fn	2
#00BFFF	3	2	2	5.09493403729749	5.09842198680348	104 fn	-3.8	fn	2
#00BFFF	3	2	2	5.09842198680348	5.13343418671039	105 fn	-3.8	fn	2
#00BFFF	3	2	2	5.13343418671039	5.22633655843005	106 fn	-3.8	fn	2
#00BFFF	3	2	2	5.22633655843005	5.62835586004406	107 fn	-3.8	fn	2
#00BFFF	3	2	2	5.62835586004406	6.86445996016731	108 fn	-3.8	fn	2
#00BFFF	3	2	2	6.86445996016731	9.08500842897606	109 fn	-3.8	fn	2
#00BFFF	3	0	0	-13.3670578848165	-3.74650941600775	55 fn	-3.6	fn	2
#00BFFF	3	0	0	-3.74650941600775	-0.436008042203913	56 fn	-3.6	fn	2
#00BFFF	3	0	0	-0.436008042203913	0.461925934844174	57 fn	-3.6	fn	2
#00BFFF	3	0	0	0.461925934844174	0.912494433809654	58 fn	-3.6	fn	2
#00BFFF	3	0	0	0.912494433809654	1.07950135311587	59 fn	-3.6	fn	2
#00BFFF	3	0	0	1.07950135311587	1.14327025109338	60 fn	-3.6	fn	2
#00BFFF	3	0	0	1.14327025109338	1.15026420402084	61 fn	-3.6	fn	2
#00BFFF	3	0	0	1.15026420402084	1.15469240494628	62 fn	-3.6	fn	2
#00BFFF	3	0	0	1.15469240494628	1.16001464896591	63 fn	-3.6	fn	2
#00BFFF	3	0	0	1.16001464896591	1.17617959772259	64 fn	-3.6	fn	2
#00BFFF	3	0	0	1.17617959772259	1.23076679026075	65 fn	-3.6	fn	2
#00BFFF	3	0	0	1.23076679026075	1.29012720125425	66 fn	-3.6	fn	2
#00BFFF	3	0	0	1.29012720125425	1.35749814993145	67 fn	-3.6	fn	2
#00BFFF	3	0	0	1.35749814993145	1.42981943920305	68 fn	-3.6	fn	2
#00BFFF	3	0	0	1.42981943920305	1.50006974110616	69 fn	-3.6	fn	2
#00BFFF	3	0	0	1.50006974110616	1.56562201510089	70 fn	-3.6	fn	2
#00BFFF	3	0	0	1.56562201510089	1.63677529751286	71 fn	-3.6	fn	2
#00BFFF	3	0	0	1.63677529751286	1.72096393508501	72 fn	-3.6	fn	2
#00BFFF	3	0	0	1.72096393508501	1.79846034699102	73 fn	-3.6	fn	2
#00BFFF	3	0	0	1.79846034699102	1.84930595921072	74 fn	-3.6	fn	2
#00BFFF	3	0	0	1.84930595921072	1.87157612621951	75 fn	-3.6	fn	2
#00BFFF	3	0	0	1.87157612621951	1.8842889586676	76 fn	-3.6	fn	2
#00BFFF	3	0	0	1.8842889586676	1.89078088456438	77 fn	-3.6	fn	2
#00BFFF	3	0	0	1.89078088456438	1.89655315691206	78 fn	-3.6	fn	2
#00BFFF	3	1	1	1.89655315691206	1.93007767172138	79 fn	-3.6	fn	2
#00BFFF	3	1	1	1.93007767172138	2.03699714183	80 fn	-3.6	fn	2
#00BFFF	3	1	1	2.03699714183	2.24624236616762	81 fn	-3.6	fn	2
#00BFFF	3	1	1	2.24624236616762	2.70975792954182	82 fn	-3.6	fn	2
#00BFFF	3	1	1	2.70975792954182	3.12471583652272	83 fn	-3.6	fn	2
#00BFFF	3	1	1	3.12471583652272	3.209117077427	84 fn	-3.6	fn	2
#00BFFF	3	1	1	3.209117077427	3.21134473755411	85 fn	-3.6	fn	2
#00BFFF	3	1	1	3.21134473755411	3.21670036254483	86 fn	-3.6	fn	2
#00BFFF	3	1	1	3.21670036254483	3.23574346999361	87 fn	-3.6	fn	2
#00BFFF	3	1	1	3.23574346999361	3.27202167482109	88 fn	-3.6	fn	2
#00BFFF	3	1	1	3.27202167482109	3.33013185266439	89 fn	-3.6	fn	2
#00BFFF	3	1	1	3.33013185266439	3.46424023788386	90 fn	-3.6	fn	2
#00BFFF	3	1	1	3.46424023788386	3.61677404945841	91 fn	-3.6	fn	2
#00BFFF	3	1	1	3.61677404945841	3.78733141115971	92 fn	-3.6	fn	2
#00BFFF	3	1	1	3.78733141115971	3.94303290928695	93 fn	-3.6	fn	2
#00BFFF	3	1	1	3.94303290928695	4.00307133469279	94 fn	-3.6	fn	2
#00BFFF	3	1	1	4.00307133469279	4.17914964432613	95 fn	-3.6	fn	2
#00BFFF	3	1	1	4.17914964432613	4.2999156181828	96 fn	-3.6	fn	2
#00BFFF	3	1	1	4.2999156181828	4.45544167141667	97 fn	-3.6	fn	2
#00BFFF	3	1	1	4.45544167141667	4.58069438727239	98 fn	-3.6	fn	2
#00BFFF	3	1	1	4.58069438727239	4.69154915755908	99 fn	-3.6	fn	2
#00BFFF	3	1	1	4.69154915755908	4.79359937511402	100 fn	-3.6	fn	2
#00BFFF	3	1	1	4.79359937511402	4.86932352912579	101 fn	-3.6	fn	2
#00BFFF	3	1	1	4.86932352912579	4.89218502728824	102 fn	-3.6	fn	2
#00BFFF	3	1	1	4.89218502728824	4.89493403729749	103 fn	-3.6	fn	2
#00BFFF	3	2	2	4.89493403729749	4.89842198680348	104 fn	-3.6	fn	2
#00BFFF	3	2	2	4.89842198680348	4.93343418671039	105 fn	-3.6	fn	2
#00BFFF	3	2	2	4.93343418671039	5.02633655843005	106 fn	-3.6	fn	2
#00BFFF	3	2	2	5.02633655843005	5.42835586004406	107 fn	-3.6	fn	2
#00BFFF	3	2	2	5.42835586004406	6.66445996016731	108 fn	-3.6	fn	2
#00BFFF	3	2	2	6.66445996016731	9.08500842897606	109 fn	-3.6	fn	2
#00BFFF	3	0	0	-13.3670578848165	-3.94650941600775	55 fn	-3.4	fn	2
#00BFFF	3	0	0	-3.94650941600775	-0.636008042203913	56 fn	-3.4	fn	2
#00BFFF	3	0	0	-0.636008042203913	0.261925934844175	57 fn	-3.4	fn	2
#00BFFF	3	0	0	0.261925934844175	0.712494433809654	58 fn	-3.4	fn	2
#00BFFF	3	0	0	0.712494433809654	0.87950135311587	59 fn	-3.4	fn	2
#00BFFF	3	0	0	0.87950135311587	0.943270251093385	60 fn	-3.4	fn	2
#00BFFF	3	0	0	0.943270251093385	0.950264204020844	61 fn	-3.4	fn	2
#00BFFF	3	0	0	0.950264204020844	0.954692404946284	62 fn	-3.4	fn	2
#00BFFF	3	0	0	0.954692404946284	0.96001464896591	63 fn	-3.4	fn	2
#00BFFF	3	0	0	0.96001464896591	0.976179597722591	64 fn	-3.4	fn	2
#00BFFF	3	0	0	0.976179597722591	1.03076679026075	65 fn	-3.4	fn	2
#00BFFF	3	0	0	1.03076679026075	1.09012720125425	66 fn	-3.4	fn	2
#00BFFF	3	0	0	1.09012720125425	1.15749814993145	67 fn	-3.4	fn	2
#00BFFF	3	0	0	1.15749814993145	1.22981943920305	68 fn	-3.4	fn	2
#00BFFF	3	0	0	1.22981943920305	1.30006974110616	69 fn	-3.4	fn	2
#00BFFF	3	0	0	1.30006974110616	1.36562201510089	70 fn	-3.4	fn	2
#00BFFF	3	0	0	1.36562201510089	1.43677529751286	71 fn	-3.4	fn	2
#00BFFF	3	0	0	1.43677529751286	1.52096393508501	72 fn	-3.4	fn	2
#00BFFF	3	0	0	1.52096393508501	1.59846034699103	73 fn	-3.4	fn	2
#00BFFF	3	0	0	1.59846034699103	1.64930595921072	74 fn	-3.4	fn	2
#00BFFF	3	0	0	1.64930595921072	1.67157612621951	75 fn	-3.4	fn	2
#00BFFF	3	0	0	1.67157612621951	1.6842889586676	76 fn	-3.4	fn	2
#00BFFF	3	0	0	1.6842889586676	1.69078088456438	77 fn	-3.4	fn	2
#00BFFF	3	0	0	1.69078088456438	1.69655315691206	78 fn	-3.4	fn	2
#00BFFF	3	1	1	1.69655315691206	1.73007767172138	79 fn	-3.4	fn	2
#00BFFF	3	1	1	1.73007767172138	1.83699714183	80 fn	-3.4	fn	2
#00BFFF	3	1	1	1.83699714183	2.04624236616762	81 fn	-3.4	fn	2
#00BFFF	3	1	1	2.04624236616762	2.50975792954182	82 fn	-3.4	fn	2
#00BFFF	3	1	1	2.50975792954182	2.92471583652272	83 fn	-3.4	fn	2
#00BFFF	3	1	1	2.92471583652272	3.00911707742701	84 fn	-3.4	fn	2
#00BFFF	3	1	1	3.00911707742701	3.01134473755411	85 fn	-3.4	fn	2
#00BFFF	3	1	1	3.01134473755411	3.01670036254483	86 fn	-3.4	fn	2
#00BFFF	3	1	1	3.01670036254483	3.03574346999361	87 fn	-3.4	fn	2
#00BFFF	3	1	1	3.03574346999361	3.07202167482109	88 fn	-3.4	fn	2
#00BFFF	3	1	1	3.07202167482109	3.13013185266439	89 fn	-3.4	fn	2
#00BFFF	3	1	1	3.13013185266439	3.26424023788386	90 fn	-3.4	fn	2
#00BFFF	3	1	1	3.26424023788386	3.41677404945841	91 fn	-3.4	fn	2
#00BFFF	3	1	1	3.41677404945841	3.58733141115971	92 fn	-3.4	fn	2
#00BFFF	3	1	1	3.58733141115971	3.74303290928695	93 fn	-3.4	fn	2
#00BFFF	3	1	1	3.74303290928695	3.8030713346928	94 fn	-3.4	fn	2
#00BFFF	3	1	1	3.8030713346928	3.97914964432613	95 fn	-3.4	fn	2
#00BFFF	3	1	1	3.97914964432613	4.0999156181828	96 fn	-3.4	fn	2
#00BFFF	3	1	1	4.0999156181828	4.25544167141667	97 fn	-3.4	fn	2
#00BFFF	3	1	1	4.25544167141667	4.38069438727239	98 fn	-3.4	fn	2
#00BFFF	3	1	1	4.38069438727239	4.49154915755908	99 fn	-3.4	fn	2
#00BFFF	3	1	1	4.49154915755908	4.59359937511402	100 fn	-3.4	fn	2
#00BFFF	3	1	1	4.59359937511402	4.66932352912579	101 fn	-3.4	fn	2
#00BFFF	3	1	1	4.66932352912579	4.69218502728824	102 fn	-3.4	fn	2
#00BFFF	3	1	1	4.69218502728824	4.69493403729749	103 fn	-3.4	fn	2
#00BFFF	3	2	2	4.69493403729749	4.69842198680348	104 fn	-3.4	fn	2
#00BFFF	3	2	2	4.69842198680348	4.73343418671039	105 fn	-3.4	fn	2
#00BFFF	3	2	2	4.73343418671039	4.82633655843005	106 fn	-3.4	fn	2
#00BFFF	3	2	2	4.82633655843005	5.22835586004406	107 fn	-3.4	fn	2
#00BFFF	3	2	2	5.22835586004406	6.46445996016731	108 fn	-3.4	fn	2
#00BFFF	3	2	2	6.46445996016731	9.08500842897606	109 fn	-3.4	fn	2
#00BFFF	3	0	0	-13.3670578848165	-4.14650941600775	55 fn	-3.2	fn	2
#00BFFF	3	0	0	-4.14650941600775	-0.836008042203913	56 fn	-3.2	fn	2
#00BFFF	3	0	0	-0.836008042203913	0.061925934844175	57 fn	-3.2	fn	2
#00BFFF	3	0	0	0.061925934844175	0.512494433809654	58 fn	-3.2	fn	2
#00BFFF	3	0	0	0.512494433809654	0.67950135311587	59 fn	-3.2	fn	2
#00BFFF	3	0	0	0.67950135311587	0.743270251093385	60 fn	-3.2	fn	2
#00BFFF	3	0	0	0.743270251093385	0.750264204020844	61 fn	-3.2	fn	2
#00BFFF	3	0	0	0.750264204020844	0.754692404946284	62 fn	-3.2	fn	2
#00BFFF	3	0	0	0.754692404946284	0.760014648965909	63 fn	-3.2	fn	2
#00BFFF	3	0	0	0.760014648965909	0.776179597722591	64 fn	-3.2	fn	2
#00BFFF	3	0	0	0.776179597722591	0.830766790260753	65 fn	-3.2	fn	2
#00BFFF	3	0	0	0.830766790260753	0.890127201254249	66 fn	-3.2	fn	2
#00BFFF	3	0	0	0.890127201254249	0.95749814993145	67 fn	-3.2	fn	2
#00BFFF	3	0	0	0.95749814993145	1.02981943920305	68 fn	-3.2	fn	2
#00BFFF	3	0	0	1.02981943920305	1.10006974110616	69 fn	-3.2	fn	2
#00BFFF	3	0	0	1.10006974110616	1.16562201510089	70 fn	-3.2	fn	2
#00BFFF	3	0	0	1.16562201510089	1.23677529751286	71 fn	-3.2	fn	2
#00BFFF	3	0	0	1.23677529751286	1.32096393508501	72 fn	-3.2	fn	2
#00BFFF	3	0	0	1.32096393508501	1.39846034699103	73 fn	-3.2	fn	2
#00BFFF	3	0	0	1.39846034699103	1.44930595921072	74 fn	-3.2	fn	2
#00BFFF	3	0	0	1.44930595921072	1.47157612621951	75 fn	-3.2	fn	2
#00BFFF	3	0	0	1.47157612621951	1.4842889586676	76 fn	-3.2	fn	2
#00BFFF	3	0	0	1.4842889586676	1.49078088456438	77 fn	-3.2	fn	2
#00BFFF	3	0	0	1.49078088456438	1.49655315691206	78 fn	-3.2	fn	2
#00BFFF	3	1	1	1.49655315691206	1.53007767172138	79 fn	-3.2	fn	2
#00BFFF	3	1	1	1.53007767172138	1.63699714183	80 fn	-3.2	fn	2
#00BFFF	3	1	1	1.63699714183	1.84624236616762	81 fn	-3.2	fn	2
#00BFFF	3	1	1	1.84624236616762	2.30975792954182	82 fn	-3.2	fn	2
#00BFFF	3	1	1	2.30975792954182	2.72471583652272	83 fn	-3.2	fn	2
#00BFFF	3	1	1	2.72471583652272	2.80911707742701	84 fn	-3.2	fn	2
#00BFFF	3	1	1	2.80911707742701	2.81134473755411	85 fn	-3.2	fn	2
#00BFFF	3	1	1	2.81134473755411	2.81670036254483	86 fn	-3.2	fn	2
#00BFFF	3	1	1	2.81670036254483	2.83574346999361	87 fn	-3.2	fn	2
#00BFFF	3	1	1	2.83574346999361	2.87202167482109	88 fn	-3.2	fn	2
#00BFFF	3	1	1	2.87202167482109	2.93013185266439	89 fn	-3.2	fn	2
#00BFFF	3	1	1	2.93013185266439	3.06424023788386	90 fn	-3.2	fn	2
#00BFFF	3	1	1	3.06424023788386	3.21677404945841	91 fn	-3.2	fn	2
#00BFFF	3	1	1	3.21677404945841	3.38733141115971	92 fn	-3.2	fn	2
#00BFFF	3	1	1	3.38733141115971	3.54303290928695	93 fn	-3.2	fn	2
#00BFFF	3	1	1	3.54303290928695	3.6030713346928	94 fn	-3.2	fn	2
#00BFFF	3	1	1	3.6030713346928	3.77914964432613	95 fn	-3.2	fn	2
#00BFFF	3	1	1	3.77914964432613	3.8999156181828	96 fn	-3.2	fn	2
#00BFFF	3	1	1	3.8999156181828	4.05544167141667	97 fn	-3.2	fn	2
#00BFFF	3	1	1	4.05544167141667	4.18069438727239	98 fn	-3.2	fn	2
#00BFFF	3	1	1	4.18069438727239	4.29154915755908	99 fn	-3.2	fn	2
#00BFFF	3	1	1	4.29154915755908	4.39359937511402	100 fn	-3.2	fn	2
#00BFFF	3	1	1	4.39359937511402	4.46932352912579	101 fn	-3.2	fn	2
#00BFFF	3	1	1	4.46932352912579	4.49218502728824	102 fn	-3.2	fn	2
#00BFFF	3	1	1	4.49218502728824	4.49493403729749	103 fn	-3.2	fn	2
#00BFFF	3	2	2	4.49493403729749	4.49842198680348	104 fn	-3.2	fn	2
#00BFFF	3	2	2	4.49842198680348	4.53343418671039	105 fn	-3.2	fn	2
#00BFFF	3	2	2	4.53343418671039	4.62633655843005	106 fn	-3.2	fn	2
#00BFFF	3	2	2	4.62633655843005	5.02835586004406	107 fn	-3.2	fn	2
#00BFFF	3	2	2	5.02835586004406	6.26445996016731	108 fn	-3.2	fn	2
#00BFFF	3	2	2	6.26445996016731	9.08500842897606	109 fn	-3.2	fn	2
#00BFFF	3	0	0	-13.3670578848165	-4.34650941600775	55 fn	-3	fn	2
#00BFFF	3	0	0	-4.34650941600775	-1.03600804220391	56 fn	-3	fn	2
#00BFFF	3	0	0	-1.03600804220391	-0.138074065155825	57 fn	-3	fn	2
#00BFFF	3	0	0	-0.138074065155825	0.312494433809654	58 fn	-3	fn	2
#00BFFF	3	0	0	0.312494433809654	0.47950135311587	59 fn	-3	fn	2
#00BFFF	3	0	0	0.47950135311587	0.543270251093385	60 fn	-3	fn	2
#00BFFF	3	0	0	0.543270251093385	0.550264204020844	61 fn	-3	fn	2
#00BFFF	3	0	0	0.550264204020844	0.554692404946284	62 fn	-3	fn	2
#00BFFF	3	0	0	0.554692404946284	0.560014648965909	63 fn	-3	fn	2
#00BFFF	3	0	0	0.560014648965909	0.57617959772259	64 fn	-3	fn	2
#00BFFF	3	0	0	0.57617959772259	0.630766790260752	65 fn	-3	fn	2
#00BFFF	3	0	0	0.630766790260752	0.690127201254248	66 fn	-3	fn	2
#00BFFF	3	0	0	0.690127201254248	0.75749814993145	67 fn	-3	fn	2
#00BFFF	3	0	0	0.75749814993145	0.82981943920305	68 fn	-3	fn	2
#00BFFF	3	0	0	0.82981943920305	0.900069741106155	69 fn	-3	fn	2
#00BFFF	3	0	0	0.900069741106155	0.965622015100891	70 fn	-3	fn	2
#00BFFF	3	0	0	0.965622015100891	1.03677529751286	71 fn	-3	fn	2
#00BFFF	3	0	0	1.03677529751286	1.12096393508501	72 fn	-3	fn	2
#00BFFF	3	0	0	1.12096393508501	1.19846034699103	73 fn	-3	fn	2
#00BFFF	3	0	0	1.19846034699103	1.24930595921072	74 fn	-3	fn	2
#00BFFF	3	0	0	1.24930595921072	1.27157612621951	75 fn	-3	fn	2
#00BFFF	3	0	0	1.27157612621951	1.2842889586676	76 fn	-3	fn	2
#00BFFF	3	0	0	1.2842889586676	1.29078088456438	77 fn	-3	fn	2
#00BFFF	3	0	0	1.29078088456438	1.29655315691206	78 fn	-3	fn	2
#00BFFF	3	1	1	1.29655315691206	1.33007767172138	79 fn	-3	fn	2
#00BFFF	3	1	1	1.33007767172138	1.43699714183	80 fn	-3	fn	2
#00BFFF	3	1	1	1.43699714183	1.64624236616762	81 fn	-3	fn	2
#00BFFF	3	1	1	1.64624236616762	2.10975792954182	82 fn	-3	fn	2
#00BFFF	3	1	1	2.10975792954182	2.52471583652272	83 fn	-3	fn	2
#00BFFF	3	1	1	2.52471583652272	2.609117077427	84 fn	-3	fn	2
#00BFFF	3	1	1	2.609117077427	2.61134473755411	85 fn	-3	fn	2
#00BFFF	3	1	1	2.61134473755411	2.61670036254483	86 fn	-3	fn	2
#00BFFF	3	1	1	2.61670036254483	2.63574346999361	87 fn	-3	fn	2
#00BFFF	3	1	1	2.63574346999361	2.67202167482109	88 fn	-3	fn	2
#00BFFF	3	1	1	2.67202167482109	2.73013185266439	89 fn	-3	fn	2
#00BFFF	3	1	1	2.73013185266439	2.86424023788386	90 fn	-3	fn	2
#00BFFF	3	1	1	2.86424023788386	3.01677404945841	91 fn	-3	fn	2
#00BFFF	3	1	1	3.01677404945841	3.18733141115971	92 fn	-3	fn	2
#00BFFF	3	1	1	3.18733141115971	3.34303290928695	93 fn	-3	fn	2
#00BFFF	3	1	1	3.34303290928695	3.4030713346928	94 fn	-3	fn	2
#00BFFF	3	1	1	3.4030713346928	3.57914964432613	95 fn	-3	fn	2
#00BFFF	3	1	1	3.57914964432613	3.6999156181828	96 fn	-3	fn	2
#00BFFF	3	1	1	3.6999156181828	3.85544167141667	97 fn	-3	fn	2
#00BFFF	3	1	1	3.85544167141667	3.98069438727239	98 fn	-3	fn	2
#00BFFF	3	1	1	3.98069438727239	4.09154915755908	99 fn	-3	fn	2
#00BFFF	3	1	1	4.09154915755908	4.19359937511402	100 fn	-3	fn	2
#00BFFF	3	1	1	4.19359937511402	4.26932352912579	101 fn	-3	fn	2
#00BFFF	3	1	1	4.26932352912579	4.29218502728824	102 fn	-3	fn	2
#00BFFF	3	1	1	4.29218502728824	4.29493403729749	103 fn	-3	fn	2
#00BFFF	3	2	2	4.29493403729749	4.29842198680348	104 fn	-3	fn	2
#00BFFF	3	2	2	4.29842198680348	4.33343418671039	105 fn	-3	fn	2
#00BFFF	3	2	2	4.33343418671039	4.42633655843005	106 fn	-3	fn	2
#00BFFF	3	2	2	4.42633655843005	4.82835586004406	107 fn	-3	fn	2
#00BFFF	3	2	2	4.82835586004406	6.06445996016731	108 fn	-3	fn	2
#00BFFF	3	2	2	6.06445996016731	9.08500842897606	109 fn	-3	fn	2
#00BFFF	3	0	0	-13.3670578848165	-4.54650941600775	55 fn	-2.8	fn	2
#00BFFF	3	0	0	-4.54650941600775	-1.23600804220391	56 fn	-2.8	fn	2
#00BFFF	3	0	0	-1.23600804220391	-0.338074065155825	57 fn	-2.8	fn	2
#00BFFF	3	0	0	-0.338074065155825	0.112494433809654	58 fn	-2.8	fn	2
#00BFFF	3	0	0	0.112494433809654	0.27950135311587	59 fn	-2.8	fn	2
#00BFFF	3	0	0	0.27950135311587	0.343270251093385	60 fn	-2.8	fn	2
#00BFFF	3	0	0	0.343270251093385	0.350264204020844	61 fn	-2.8	fn	2
#00BFFF	3	0	0	0.350264204020844	0.354692404946284	62 fn	-2.8	fn	2
#00BFFF	3	0	0	0.354692404946284	0.360014648965909	63 fn	-2.8	fn	2
#00BFFF	3	0	0	0.360014648965909	0.37617959772259	64 fn	-2.8	fn	2
#00BFFF	3	0	0	0.37617959772259	0.430766790260752	65 fn	-2.8	fn	2
#00BFFF	3	0	0	0.430766790260752	0.490127201254248	66 fn	-2.8	fn	2
#00BFFF	3	0	0	0.490127201254248	0.557498149931449	67 fn	-2.8	fn	2
#00BFFF	3	0	0	0.557498149931449	0.629819439203049	68 fn	-2.8	fn	2
#00BFFF	3	0	0	0.629819439203049	0.700069741106155	69 fn	-2.8	fn	2
#00BFFF	3	0	0	0.700069741106155	0.765622015100891	70 fn	-2.8	fn	2
#00BFFF	3	0	0	0.765622015100891	0.836775297512863	71 fn	-2.8	fn	2
#00BFFF	3	0	0	0.836775297512863	0.920963935085013	72 fn	-2.8	fn	2
#00BFFF	3	0	0	0.920963935085013	0.998460346991025	73 fn	-2.8	fn	2
#00BFFF	3	0	0	0.998460346991025	1.04930595921072	74 fn	-2.8	fn	2
#00BFFF	3	0	0	1.04930595921072	1.07157612621951	75 fn	-2.8	fn	2
#00BFFF	3	0	0	1.07157612621951	1.0842889586676	76 fn	-2.8	fn	2
#00BFFF	3	0	0	1.0842889586676	1.09078088456438	77 fn	-2.8	fn	2
#00BFFF	3	0	0	1.09078088456438	1.09655315691206	78 fn	-2.8	fn	2
#00BFFF	3	1	1	1.09655315691206	1.13007767172138	79 fn	-2.8	fn	2
#00BFFF	3	1	1	1.13007767172138	1.23699714183	80 fn	-2.8	fn	2
#00BFFF	3	1	1	1.23699714183	1.44624236616762	81 fn	-2.8	fn	2
#00BFFF	3	1	1	1.44624236616762	1.90975792954182	82 fn	-2.8	fn	2
#00BFFF	3	1	1	1.90975792954182	2.32471583652272	83 fn	-2.8	fn	2
#00BFFF	3	1	1	2.32471583652272	2.409117077427	84 fn	-2.8	fn	2
#00BFFF	3	1	1	2.409117077427	2.41134473755411	85 fn	-2.8	fn	2
#00BFFF	3	1	1	2.41134473755411	2.41670036254483	86 fn	-2.8	fn	2
#00BFFF	3	1	1	2.41670036254483	2.43574346999361	87 fn	-2.8	fn	2
#00BFFF	3	1	1	2.43574346999361	2.47202167482109	88 fn	-2.8	fn	2
#00BFFF	3	1	1	2.47202167482109	2.53013185266439	89 fn	-2.8	fn	2
#00BFFF	3	1	1	2.53013185266439	2.66424023788386	90 fn	-2.8	fn	2
#00BFFF	3	1	1	2.66424023788386	2.81677404945841	91 fn	-2.8	fn	2
#00BFFF	3	1	1	2.81677404945841	2.98733141115971	92 fn	-2.8	fn	2
#00BFFF	3	1	1	2.98733141115971	3.14303290928695	93 fn	-2.8	fn	2
#00BFFF	3	1	1	3.14303290928695	3.2030713346928	94 fn	-2.8	fn	2
#00BFFF	3	1	1	3.2030713346928	3.37914964432613	95 fn	-2.8	fn	2
#00BFFF	3	1	1	3.37914964432613	3.4999156181828	96 fn	-2.8	fn	2
#00BFFF	3	1	1	3.4999156181828	3.65544167141667	97 fn	-2.8	fn	2
#00BFFF	3	1	1	3.65544167141667	3.78069438727239	98 fn	-2.8	fn	2
#00BFFF	3	1	1	3.78069438727239	3.89154915755908	99 fn	-2.8	fn	2
#00BFFF	3	1	1	3.89154915755908	3.99359937511402	100 fn	-2.8	fn	2
#00BFFF	3	1	1	3.99359937511402	4.06932352912579	101 fn	-2.8	fn	2
#00BFFF	3	1	1	4.06932352912579	4.09218502728824	102 fn	-2.8	fn	2
#00BFFF	3	1	1	4.09218502728824	4.09493403729749	103 fn	-2.8	fn	2
#00BFFF	3	2	2	4.09493403729749	4.09842198680348	104 fn	-2.8	fn	2
#00BFFF	3	2	2	4.09842198680348	4.13343418671039	105 fn	-2.8	fn	2
#00BFFF	3	2	2	4.13343418671039	4.22633655843005	106 fn	-2.8	fn	2
#00BFFF	3	2	2	4.22633655843005	4.62835586004406	107 fn	-2.8	fn	2
#00BFFF	3	2	2	4.62835586004406	5.86445996016731	108 fn	-2.8	fn	2
#00BFFF	3	2	2	5.86445996016731	9.08500842897606	109 fn	-2.8	fn	2
#00BFFF	3	0	0	-13.3670578848165	-4.74650941600775	55 fn	-2.6	fn	2
#00BFFF	3	0	0	-4.74650941600775	-1.43600804220391	56 fn	-2.6	fn	2
#00BFFF	3	0	0	-1.43600804220391	-0.538074065155826	57 fn	-2.6	fn	2
#00BFFF	3	0	0	-0.538074065155826	-0.0875055661903463	58 fn	-2.6	fn	2
#00BFFF	3	0	0	-0.0875055661903463	0.0795013531158695	59 fn	-2.6	fn	2
#00BFFF	3	0	0	0.0795013531158695	0.143270251093385	60 fn	-2.6	fn	2
#00BFFF	3	0	0	0.143270251093385	0.150264204020844	61 fn	-2.6	fn	2
#00BFFF	3	0	0	0.150264204020844	0.154692404946283	62 fn	-2.6	fn	2
#00BFFF	3	0	0	0.154692404946283	0.160014648965909	63 fn	-2.6	fn	2
#00BFFF	3	0	0	0.160014648965909	0.17617959772259	64 fn	-2.6	fn	2
#00BFFF	3	0	0	0.17617959772259	0.230766790260752	65 fn	-2.6	fn	2
#00BFFF	3	0	0	0.230766790260752	0.290127201254248	66 fn	-2.6	fn	2
#00BFFF	3	0	0	0.290127201254248	0.357498149931449	67 fn	-2.6	fn	2
#00BFFF	3	0	0	0.357498149931449	0.429819439203049	68 fn	-2.6	fn	2
#00BFFF	3	0	0	0.429819439203049	0.500069741106155	69 fn	-2.6	fn	2
#00BFFF	3	0	0	0.500069741106155	0.565622015100891	70 fn	-2.6	fn	2
#00BFFF	3	0	0	0.565622015100891	0.636775297512862	71 fn	-2.6	fn	2
#00BFFF	3	0	0	0.636775297512862	0.720963935085013	72 fn	-2.6	fn	2
#00BFFF	3	0	0	0.720963935085013	0.798460346991025	73 fn	-2.6	fn	2
#00BFFF	3	0	0	0.798460346991025	0.849305959210717	74 fn	-2.6	fn	2
#00BFFF	3	0	0	0.849305959210717	0.871576126219512	75 fn	-2.6	fn	2
#00BFFF	3	0	0	0.871576126219512	0.884288958667604	76 fn	-2.6	fn	2
#00BFFF	3	0	0	0.884288958667604	0.890780884564379	77 fn	-2.6	fn	2
#00BFFF	3	0	0	0.890780884564379	0.896553156912058	78 fn	-2.6	fn	2
#00BFFF	3	1	1	0.896553156912058	0.930077671721376	79 fn	-2.6	fn	2
#00BFFF	3	1	1	0.930077671721376	1.03699714183	80 fn	-2.6	fn	2
#00BFFF	3	1	1	1.03699714183	1.24624236616762	81 fn	-2.6	fn	2
#00BFFF	3	1	1	1.24624236616762	1.70975792954182	82 fn	-2.6	fn	2
#00BFFF	3	1	1	1.70975792954182	2.12471583652272	83 fn	-2.6	fn	2
#00BFFF	3	1	1	2.12471583652272	2.209117077427	84 fn	-2.6	fn	2
#00BFFF	3	1	1	2.209117077427	2.21134473755411	85 fn	-2.6	fn	2
#00BFFF	3	1	1	2.21134473755411	2.21670036254483	86 fn	-2.6	fn	2
#00BFFF	3	1	1	2.21670036254483	2.23574346999361	87 fn	-2.6	fn	2
#00BFFF	3	1	1	2.23574346999361	2.27202167482109	88 fn	-2.6	fn	2
#00BFFF	3	1	1	2.27202167482109	2.33013185266439	89 fn	-2.6	fn	2
#00BFFF	3	1	1	2.33013185266439	2.46424023788386	90 fn	-2.6	fn	2
#00BFFF	3	1	1	2.46424023788386	2.61677404945841	91 fn	-2.6	fn	2
#00BFFF	3	1	1	2.61677404945841	2.78733141115971	92 fn	-2.6	fn	2
#00BFFF	3	1	1	2.78733141115971	2.94303290928695	93 fn	-2.6	fn	2
#00BFFF	3	1	1	2.94303290928695	3.00307133469279	94 fn	-2.6	fn	2
#00BFFF	3	1	1	3.00307133469279	3.17914964432613	95 fn	-2.6	fn	2
#00BFFF	3	1	1	3.17914964432613	3.2999156181828	96 fn	-2.6	fn	2
#00BFFF	3	1	1	3.2999156181828	3.45544167141667	97 fn	-2.6	fn	2
#00BFFF	3	1	1	3.45544167141667	3.58069438727239	98 fn	-2.6	fn	2
#00BFFF	3	1	1	3.58069438727239	3.69154915755908	99 fn	-2.6	fn	2
#00BFFF	3	1	1	3.69154915755908	3.79359937511402	100 fn	-2.6	fn	2
#00BFFF	3	1	1	3.79359937511402	3.86932352912579	101 fn	-2.6	fn	2
#00BFFF	3	1	1	3.86932352912579	3.89218502728824	102 fn	-2.6	fn	2
#00BFFF	3	1	1	3.89218502728824	3.89493403729749	103 fn	-2.6	fn	2
#00BFFF	3	2	2	3.89493403729749	3.89842198680348	104 fn	-2.6	fn	2
#00BFFF	3	2	2	3.89842198680348	3.93343418671039	105 fn	-2.6	fn	2
#00BFFF	3	2	2	3.93343418671039	4.02633655843005	106 fn	-2.6	fn	2
#00BFFF	3	2	2	4.02633655843005	4.42835586004406	107 fn	-2.6	fn	2
#00BFFF	3	2	2	4.42835586004406	5.66445996016731	108 fn	-2.6	fn	2
#00BFFF	3	2	2	5.66445996016731	9.08500842897606	109 fn	-2.6	fn	2
#00BFFF	3	0	0	-13.3670578848165	-4.94650941600775	55 fn	-2.4	fn	2
#00BFFF	3	0	0	-4.94650941600775	-1.63600804220391	56 fn	-2.4	fn	2
#00BFFF	3	0	0	-1.63600804220391	-0.738074065155825	57 fn	-2.4	fn	2
#00BFFF	3	0	0	-0.738074065155825	-0.287505566190346	58 fn	-2.4	fn	2
#00BFFF	3	0	0	-0.287505566190346	-0.12049864688413	59 fn	-2.4	fn	2
#00BFFF	3	0	0	-0.12049864688413	-0.0567297489066148	60 fn	-2.4	fn	2
#00BFFF	3	0	0	-0.0567297489066148	-0.0497357959791556	61 fn	-2.4	fn	2
#00BFFF	3	0	0	-0.0497357959791556	-0.0453075950537158	62 fn	-2.4	fn	2
#00BFFF	3	0	0	-0.0453075950537158	-0.0399853510340904	63 fn	-2.4	fn	2
#00BFFF	3	0	0	-0.0399853510340904	-0.0238204022774093	64 fn	-2.4	fn	2
#00BFFF	3	0	0	-0.0238204022774093	0.0307667902607527	65 fn	-2.4	fn	2
#00BFFF	3	0	0	0.0307667902607527	0.0901272012542487	66 fn	-2.4	fn	2
#00BFFF	3	0	0	0.0901272012542487	0.15749814993145	67 fn	-2.4	fn	2
#00BFFF	3	0	0	0.15749814993145	0.22981943920305	68 fn	-2.4	fn	2
#00BFFF	3	0	0	0.22981943920305	0.300069741106156	69 fn	-2.4	fn	2
#00BFFF	3	0	0	0.300069741106156	0.365622015100891	70 fn	-2.4	fn	2
#00BFFF	3	0	0	0.365622015100891	0.436775297512863	71 fn	-2.4	fn	2
#00BFFF	3	0	0	0.436775297512863	0.520963935085014	72 fn	-2.4	fn	2
#00BFFF	3	0	0	0.520963935085014	0.598460346991026	73 fn	-2.4	fn	2
#00BFFF	3	0	0	0.598460346991026	0.649305959210718	74 fn	-2.4	fn	2
#00BFFF	3	0	0	0.649305959210718	0.671576126219513	75 fn	-2.4	fn	2
#00BFFF	3	0	0	0.671576126219513	0.684288958667604	76 fn	-2.4	fn	2
#00BFFF	3	0	0	0.684288958667604	0.690780884564379	77 fn	-2.4	fn	2
#00BFFF	3	0	0	0.690780884564379	0.696553156912058	78 fn	-2.4	fn	2
#00BFFF	3	1	1	0.696553156912058	0.730077671721377	79 fn	-2.4	fn	2
#00BFFF	3	1	1	0.730077671721377	0.83699714183	80 fn	-2.4	fn	2
#00BFFF	3	1	1	0.83699714183	1.04624236616762	81 fn	-2.4	fn	2
#00BFFF	3	1	1	1.04624236616762	1.50975792954182	82 fn	-2.4	fn	2
#00BFFF	3	1	1	1.50975792954182	1.92471583652272	83 fn	-2.4	fn	2
#00BFFF	3	1	1	1.92471583652272	2.00911707742701	84 fn	-2.4	fn	2
#00BFFF	3	1	1	2.00911707742701	2.01134473755411	85 fn	-2.4	fn	2
#00BFFF	3	1	1	2.01134473755411	2.01670036254483	86 fn	-2.4	fn	2
#00BFFF	3	1	1	2.01670036254483	2.03574346999361	87 fn	-2.4	fn	2
#00BFFF	3	1	1	2.03574346999361	2.07202167482109	88 fn	-2.4	fn	2
#00BFFF	3	1	1	2.07202167482109	2.13013185266439	89 fn	-2.4	fn	2
#00BFFF	3	1	1	2.13013185266439	2.26424023788386	90 fn	-2.4	fn	2
#00BFFF	3	1	1	2.26424023788386	2.41677404945841	91 fn	-2.4	fn	2
#00BFFF	3	1	1	2.41677404945841	2.58733141115971	92 fn	-2.4	fn	2
#00BFFF	3	1	1	2.58733141115971	2.74303290928695	93 fn	-2.4	fn	2
#00BFFF	3	1	1	2.74303290928695	2.8030713346928	94 fn	-2.4	fn	2
#00BFFF	3	1	1	2.8030713346928	2.97914964432613	95 fn	-2.4	fn	2
#00BFFF	3	1	1	2.97914964432613	3.0999156181828	96 fn	-2.4	fn	2
#00BFFF	3	1	1	3.0999156181828	3.25544167141667	97 fn	-2.4	fn	2
#00BFFF	3	1	1	3.25544167141667	3.38069438727239	98 fn	-2.4	fn	2
#00BFFF	3	1	1	3.38069438727239	3.49154915755908	99 fn	-2.4	fn	2
#00BFFF	3	1	1	3.49154915755908	3.59359937511402	100 fn	-2.4	fn	2
#00BFFF	3	1	1	3.59359937511402	3.66932352912579	101 fn	-2.4	fn	2
#00BFFF	3	1	1	3.66932352912579	3.69218502728824	102 fn	-2.4	fn	2
#00BFFF	3	1	1	3.69218502728824	3.69493403729749	103 fn	-2.4	fn	2
#00BFFF	3	2	2	3.69493403729749	3.69842198680348	104 fn	-2.4	fn	2
#00BFFF	3	2	2	3.69842198680348	3.73343418671039	105 fn	-2.4	fn	2
#00BFFF	3	2	2	3.73343418671039	3.82633655843005	106 fn	-2.4	fn	2
#00BFFF	3	2	2	3.82633655843005	4.22835586004406	107 fn	-2.4	fn	2
#00BFFF	3	2	2	4.22835586004406	5.46445996016731	108 fn	-2.4	fn	2
#00BFFF	3	2	2	5.46445996016731	9.08500842897606	109 fn	-2.4	fn	2
#00BFFF	3	0	0	-13.3670578848165	-5.14650941600775	55 fn	-2.2	fn	2
#00BFFF	3	0	0	-5.14650941600775	-1.83600804220391	56 fn	-2.2	fn	2
#00BFFF	3	0	0	-1.83600804220391	-0.938074065155826	57 fn	-2.2	fn	2
#00BFFF	3	0	0	-0.938074065155826	-0.487505566190347	58 fn	-2.2	fn	2
#00BFFF	3	0	0	-0.487505566190347	-0.320498646884131	59 fn	-2.2	fn	2
#00BFFF	3	0	0	-0.320498646884131	-0.256729748906616	60 fn	-2.2	fn	2
#00BFFF	3	0	0	-0.256729748906616	-0.249735795979157	61 fn	-2.2	fn	2
#00BFFF	3	0	0	-0.249735795979157	-0.245307595053717	62 fn	-2.2	fn	2
#00BFFF	3	0	0	-0.245307595053717	-0.239985351034091	63 fn	-2.2	fn	2
#00BFFF	3	0	0	-0.239985351034091	-0.22382040227741	64 fn	-2.2	fn	2
#00BFFF	3	0	0	-0.22382040227741	-0.169233209739248	65 fn	-2.2	fn	2
#00BFFF	3	0	0	-0.169233209739248	-0.109872798745752	66 fn	-2.2	fn	2
#00BFFF	3	0	0	-0.109872798745752	-0.0425018500685512	67 fn	-2.2	fn	2
#00BFFF	3	0	0	-0.0425018500685512	0.0298194392030489	68 fn	-2.2	fn	2
#00BFFF	3	0	0	0.0298194392030489	0.100069741106155	69 fn	-2.2	fn	2
#00BFFF	3	0	0	0.100069741106155	0.16562201510089	70 fn	-2.2	fn	2
#00BFFF	3	0	0	0.16562201510089	0.236775297512862	71 fn	-2.2	fn	2
#00BFFF	3	0	0	0.236775297512862	0.320963935085013	72 fn	-2.2	fn	2
#00BFFF	3	0	0	0.320963935085013	0.398460346991024	73 fn	-2.2	fn	2
#00BFFF	3	0	0	0.398460346991024	0.449305959210717	74 fn	-2.2	fn	2
#00BFFF	3	0	0	0.449305959210717	0.471576126219512	75 fn	-2.2	fn	2
#00BFFF	3	0	0	0.471576126219512	0.484288958667603	76 fn	-2.2	fn	2
#00BFFF	3	0	0	0.484288958667603	0.490780884564378	77 fn	-2.2	fn	2
#00BFFF	3	0	0	0.490780884564378	0.496553156912057	78 fn	-2.2	fn	2
#00BFFF	3	1	1	0.496553156912057	0.530077671721376	79 fn	-2.2	fn	2
#00BFFF	3	1	1	0.530077671721376	0.636997141829999	80 fn	-2.2	fn	2
#00BFFF	3	1	1	0.636997141829999	0.846242366167616	81 fn	-2.2	fn	2
#00BFFF	3	1	1	0.846242366167616	1.30975792954182	82 fn	-2.2	fn	2
#00BFFF	3	1	1	1.30975792954182	1.72471583652272	83 fn	-2.2	fn	2
#00BFFF	3	1	1	1.72471583652272	1.809117077427	84 fn	-2.2	fn	2
#00BFFF	3	1	1	1.809117077427	1.81134473755411	85 fn	-2.2	fn	2
#00BFFF	3	1	1	1.81134473755411	1.81670036254483	86 fn	-2.2	fn	2
#00BFFF	3	1	1	1.81670036254483	1.83574346999361	87 fn	-2.2	fn	2
#00BFFF	3	1	1	1.83574346999361	1.87202167482109	88 fn	-2.2	fn	2
#00BFFF	3	1	1	1.87202167482109	1.93013185266439	89 fn	-2.2	fn	2
#00BFFF	3	1	1	1.93013185266439	2.06424023788386	90 fn	-2.2	fn	2
#00BFFF	3	1	1	2.06424023788386	2.21677404945841	91 fn	-2.2	fn	2
#00BFFF	3	1	1	2.21677404945841	2.38733141115971	92 fn	-2.2	fn	2
#00BFFF	3	1	1	2.38733141115971	2.54303290928694	93 fn	-2.2	fn	2
#00BFFF	3	1	1	2.54303290928694	2.60307133469279	94 fn	-2.2	fn	2
#00BFFF	3	1	1	2.60307133469279	2.77914964432613	95 fn	-2.2	fn	2
#00BFFF	3	1	1	2.77914964432613	2.8999156181828	96 fn	-2.2	fn	2
#00BFFF	3	1	1	2.8999156181828	3.05544167141666	97 fn	-2.2	fn	2
#00BFFF	3	1	1	3.05544167141666	3.18069438727239	98 fn	-2.2	fn	2
#00BFFF	3	1	1	3.18069438727239	3.29154915755908	99 fn	-2.2	fn	2
#00BFFF	3	1	1	3.29154915755908	3.39359937511402	100 fn	-2.2	fn	2
#00BFFF	3	1	1	3.39359937511402	3.46932352912579	101 fn	-2.2	fn	2
#00BFFF	3	1	1	3.46932352912579	3.49218502728824	102 fn	-2.2	fn	2
#00BFFF	3	1	1	3.49218502728824	3.49493403729749	103 fn	-2.2	fn	2
#00BFFF	3	2	2	3.49493403729749	3.49842198680348	104 fn	-2.2	fn	2
#00BFFF	3	2	2	3.49842198680348	3.53343418671039	105 fn	-2.2	fn	2
#00BFFF	3	2	2	3.53343418671039	3.62633655843005	106 fn	-2.2	fn	2
#00BFFF	3	2	2	3.62633655843005	4.02835586004406	107 fn	-2.2	fn	2
#00BFFF	3	2	2	4.02835586004406	5.26445996016731	108 fn	-2.2	fn	2
#00BFFF	3	2	2	5.26445996016731	9.08500842897606	109 fn	-2.2	fn	2
#00BFFF	3	0	0	-13.3670578848165	-5.34650941600775	55 fn	-2	fn	2
#00BFFF	3	0	0	-5.34650941600775	-2.03600804220391	56 fn	-2	fn	2
#00BFFF	3	0	0	-2.03600804220391	-1.13807406515583	57 fn	-2	fn	2
#00BFFF	3	0	0	-1.13807406515583	-0.687505566190346	58 fn	-2	fn	2
#00BFFF	3	0	0	-0.687505566190346	-0.52049864688413	59 fn	-2	fn	2
#00BFFF	3	0	0	-0.52049864688413	-0.456729748906615	60 fn	-2	fn	2
#00BFFF	3	0	0	-0.456729748906615	-0.449735795979156	61 fn	-2	fn	2
#00BFFF	3	0	0	-0.449735795979156	-0.445307595053716	62 fn	-2	fn	2
#00BFFF	3	0	0	-0.445307595053716	-0.439985351034091	63 fn	-2	fn	2
#00BFFF	3	0	0	-0.439985351034091	-0.42382040227741	64 fn	-2	fn	2
#00BFFF	3	0	0	-0.42382040227741	-0.369233209739248	65 fn	-2	fn	2
#00BFFF	3	0	0	-0.369233209739248	-0.309872798745752	66 fn	-2	fn	2
#00BFFF	3	0	0	-0.309872798745752	-0.242501850068551	67 fn	-2	fn	2
#00BFFF	3	0	0	-0.242501850068551	-0.17018056079695	68 fn	-2	fn	2
#00BFFF	3	0	0	-0.17018056079695	-0.0999302588938447	69 fn	-2	fn	2
#00BFFF	3	0	0	-0.0999302588938447	-0.034377984899109	70 fn	-2	fn	2
#00BFFF	3	0	0	-0.034377984899109	0.0367752975128628	71 fn	-2	fn	2
#00BFFF	3	0	0	0.0367752975128628	0.120963935085014	72 fn	-2	fn	2
#00BFFF	3	0	0	0.120963935085014	0.198460346991025	73 fn	-2	fn	2
#00BFFF	3	0	0	0.198460346991025	0.249305959210718	74 fn	-2	fn	2
#00BFFF	3	0	0	0.249305959210718	0.271576126219513	75 fn	-2	fn	2
#00BFFF	3	0	0	0.271576126219513	0.284288958667604	76 fn	-2	fn	2
#00BFFF	3	0	0	0.284288958667604	0.290780884564379	77 fn	-2	fn	2
#00BFFF	3	0	0	0.290780884564379	0.296553156912058	78 fn	-2	fn	2
#00BFFF	3	1	1	0.296553156912058	0.330077671721377	79 fn	-2	fn	2
#00BFFF	3	1	1	0.330077671721377	0.43699714183	80 fn	-2	fn	2
#00BFFF	3	1	1	0.43699714183	0.646242366167616	81 fn	-2	fn	2
#00BFFF	3	1	1	0.646242366167616	1.10975792954182	82 fn	-2	fn	2
#00BFFF	3	1	1	1.10975792954182	1.52471583652272	83 fn	-2	fn	2
#00BFFF	3	1	1	1.52471583652272	1.609117077427	84 fn	-2	fn	2
#00BFFF	3	1	1	1.609117077427	1.61134473755411	85 fn	-2	fn	2
#00BFFF	3	1	1	1.61134473755411	1.61670036254483	86 fn	-2	fn	2
#00BFFF	3	1	1	1.61670036254483	1.63574346999361	87 fn	-2	fn	2
#00BFFF	3	1	1	1.63574346999361	1.67202167482109	88 fn	-2	fn	2
#00BFFF	3	1	1	1.67202167482109	1.73013185266439	89 fn	-2	fn	2
#00BFFF	3	1	1	1.73013185266439	1.86424023788386	90 fn	-2	fn	2
#00BFFF	3	1	1	1.86424023788386	2.01677404945841	91 fn	-2	fn	2
#00BFFF	3	1	1	2.01677404945841	2.18733141115971	92 fn	-2	fn	2
#00BFFF	3	1	1	2.18733141115971	2.34303290928695	93 fn	-2	fn	2
#00BFFF	3	1	1	2.34303290928695	2.4030713346928	94 fn	-2	fn	2
#00BFFF	3	1	1	2.4030713346928	2.57914964432613	95 fn	-2	fn	2
#00BFFF	3	1	1	2.57914964432613	2.6999156181828	96 fn	-2	fn	2
#00BFFF	3	1	1	2.6999156181828	2.85544167141667	97 fn	-2	fn	2
#00BFFF	3	1	1	2.85544167141667	2.98069438727239	98 fn	-2	fn	2
#00BFFF	3	1	1	2.98069438727239	3.09154915755908	99 fn	-2	fn	2
#00BFFF	3	1	1	3.09154915755908	3.19359937511402	100 fn	-2	fn	2
#00BFFF	3	1	1	3.19359937511402	3.26932352912579	101 fn	-2	fn	2
#00BFFF	3	1	1	3.26932352912579	3.29218502728824	102 fn	-2	fn	2
#00BFFF	3	1	1	3.29218502728824	3.29493403729749	103 fn	-2	fn	2
#00BFFF	3	2	2	3.29493403729749	3.29842198680348	104 fn	-2	fn	2
#00BFFF	3	2	2	3.29842198680348	3.33343418671039	105 fn	-2	fn	2
#00BFFF	3	2	2	3.33343418671039	3.42633655843005	106 fn	-2	fn	2
#00BFFF	3	2	2	3.42633655843005	3.82835586004406	107 fn	-2	fn	2
#00BFFF	3	2	2	3.82835586004406	5.06445996016731	108 fn	-2	fn	2
#00BFFF	3	2	2	5.06445996016731	9.08500842897606	109 fn	-2	fn	2
#00BFFF	3	0	0	-13.3670578848165	-5.54650941600775	55 fn	-1.8	fn	2
#00BFFF	3	0	0	-5.54650941600775	-2.23600804220391	56 fn	-1.8	fn	2
#00BFFF	3	0	0	-2.23600804220391	-1.33807406515582	57 fn	-1.8	fn	2
#00BFFF	3	0	0	-1.33807406515582	-0.887505566190345	58 fn	-1.8	fn	2
#00BFFF	3	0	0	-0.887505566190345	-0.72049864688413	59 fn	-1.8	fn	2
#00BFFF	3	0	0	-0.72049864688413	-0.656729748906614	60 fn	-1.8	fn	2
#00BFFF	3	0	0	-0.656729748906614	-0.649735795979155	61 fn	-1.8	fn	2
#00BFFF	3	0	0	-0.649735795979155	-0.645307595053716	62 fn	-1.8	fn	2
#00BFFF	3	0	0	-0.645307595053716	-0.63998535103409	63 fn	-1.8	fn	2
#00BFFF	3	0	0	-0.63998535103409	-0.623820402277409	64 fn	-1.8	fn	2
#00BFFF	3	0	0	-0.623820402277409	-0.569233209739247	65 fn	-1.8	fn	2
#00BFFF	3	0	0	-0.569233209739247	-0.509872798745751	66 fn	-1.8	fn	2
#00BFFF	3	0	0	-0.509872798745751	-0.44250185006855	67 fn	-1.8	fn	2
#00BFFF	3	0	0	-0.44250185006855	-0.37018056079695	68 fn	-1.8	fn	2
#00BFFF	3	0	0	-0.37018056079695	-0.299930258893844	69 fn	-1.8	fn	2
#00BFFF	3	0	0	-0.299930258893844	-0.234377984899108	70 fn	-1.8	fn	2
#00BFFF	3	0	0	-0.234377984899108	-0.163224702487137	71 fn	-1.8	fn	2
#00BFFF	3	0	0	-0.163224702487137	-0.0790360649149857	72 fn	-1.8	fn	2
#00BFFF	3	0	0	-0.0790360649149857	-0.00153965300897418	73 fn	-1.8	fn	2
#00BFFF	3	0	0	-0.00153965300897418	0.0493059592107183	74 fn	-1.8	fn	2
#00BFFF	3	0	0	0.0493059592107183	0.0715761262195134	75 fn	-1.8	fn	2
#00BFFF	3	0	0	0.0715761262195134	0.0842889586676048	76 fn	-1.8	fn	2
#00BFFF	3	0	0	0.0842889586676048	0.0907808845643796	77 fn	-1.8	fn	2
#00BFFF	3	0	0	0.0907808845643796	0.0965531569120586	78 fn	-1.8	fn	2
#00BFFF	3	1	1	0.0965531569120586	0.130077671721377	79 fn	-1.8	fn	2
#00BFFF	3	1	1	0.130077671721377	0.236997141830001	80 fn	-1.8	fn	2
#00BFFF	3	1	1	0.236997141830001	0.446242366167617	81 fn	-1.8	fn	2
#00BFFF	3	1	1	0.446242366167617	0.909757929541817	82 fn	-1.8	fn	2
#00BFFF	3	1	1	0.909757929541817	1.32471583652272	83 fn	-1.8	fn	2
#00BFFF	3	1	1	1.32471583652272	1.40911707742701	84 fn	-1.8	fn	2
#00BFFF	3	1	1	1.40911707742701	1.41134473755411	85 fn	-1.8	fn	2
#00BFFF	3	1	1	1.41134473755411	1.41670036254483	86 fn	-1.8	fn	2
#00BFFF	3	1	1	1.41670036254483	1.43574346999361	87 fn	-1.8	fn	2
#00BFFF	3	1	1	1.43574346999361	1.47202167482109	88 fn	-1.8	fn	2
#00BFFF	3	1	1	1.47202167482109	1.53013185266439	89 fn	-1.8	fn	2
#00BFFF	3	1	1	1.53013185266439	1.66424023788386	90 fn	-1.8	fn	2
#00BFFF	3	1	1	1.66424023788386	1.81677404945841	91 fn	-1.8	fn	2
#00BFFF	3	1	1	1.81677404945841	1.98733141115971	92 fn	-1.8	fn	2
#00BFFF	3	1	1	1.98733141115971	2.14303290928695	93 fn	-1.8	fn	2
#00BFFF	3	1	1	2.14303290928695	2.2030713346928	94 fn	-1.8	fn	2
#00BFFF	3	1	1	2.2030713346928	2.37914964432613	95 fn	-1.8	fn	2
#00BFFF	3	1	1	2.37914964432613	2.4999156181828	96 fn	-1.8	fn	2
#00BFFF	3	1	1	2.4999156181828	2.65544167141667	97 fn	-1.8	fn	2
#00BFFF	3	1	1	2.65544167141667	2.78069438727239	98 fn	-1.8	fn	2
#00BFFF	3	1	1	2.78069438727239	2.89154915755908	99 fn	-1.8	fn	2
#00BFFF	3	1	1	2.89154915755908	2.99359937511402	100 fn	-1.8	fn	2
#00BFFF	3	1	1	2.99359937511402	3.06932352912579	101 fn	-1.8	fn	2
#00BFFF	3	1	1	3.06932352912579	3.09218502728824	102 fn	-1.8	fn	2
#00BFFF	3	1	1	3.09218502728824	3.09493403729749	103 fn	-1.8	fn	2
#00BFFF	3	2	2	3.09493403729749	3.09842198680348	104 fn	-1.8	fn	2
#00BFFF	3	2	2	3.09842198680348	3.13343418671039	105 fn	-1.8	fn	2
#00BFFF	3	2	2	3.13343418671039	3.22633655843005	106 fn	-1.8	fn	2
#00BFFF	3	2	2	3.22633655843005	3.62835586004406	107 fn	-1.8	fn	2
#00BFFF	3	2	2	3.62835586004406	4.86445996016731	108 fn	-1.8	fn	2
#00BFFF	3	2	2	4.86445996016731	9.08500842897606	109 fn	-1.8	fn	2
#00BFFF	3	0	0	-13.3670578848165	-5.74650941600775	55 fn	-1.6	fn	2
#00BFFF	3	0	0	-5.74650941600775	-2.43600804220391	56 fn	-1.6	fn	2
#00BFFF	3	0	0	-2.43600804220391	-1.53807406515583	57 fn	-1.6	fn	2
#00BFFF	3	0	0	-1.53807406515583	-1.08750556619035	58 fn	-1.6	fn	2
#00BFFF	3	0	0	-1.08750556619035	-0.920498646884131	59 fn	-1.6	fn	2
#00BFFF	3	0	0	-0.920498646884131	-0.856729748906616	60 fn	-1.6	fn	2
#00BFFF	3	0	0	-0.856729748906616	-0.849735795979156	61 fn	-1.6	fn	2
#00BFFF	3	0	0	-0.849735795979156	-0.845307595053717	62 fn	-1.6	fn	2
#00BFFF	3	0	0	-0.845307595053717	-0.839985351034091	63 fn	-1.6	fn	2
#00BFFF	3	0	0	-0.839985351034091	-0.82382040227741	64 fn	-1.6	fn	2
#00BFFF	3	0	0	-0.82382040227741	-0.769233209739248	65 fn	-1.6	fn	2
#00BFFF	3	0	0	-0.769233209739248	-0.709872798745752	66 fn	-1.6	fn	2
#00BFFF	3	0	0	-0.709872798745752	-0.642501850068551	67 fn	-1.6	fn	2
#00BFFF	3	0	0	-0.642501850068551	-0.570180560796951	68 fn	-1.6	fn	2
#00BFFF	3	0	0	-0.570180560796951	-0.499930258893845	69 fn	-1.6	fn	2
#00BFFF	3	0	0	-0.499930258893845	-0.434377984899109	70 fn	-1.6	fn	2
#00BFFF	3	0	0	-0.434377984899109	-0.363224702487138	71 fn	-1.6	fn	2
#00BFFF	3	0	0	-0.363224702487138	-0.279036064914987	72 fn	-1.6	fn	2
#00BFFF	3	0	0	-0.279036064914987	-0.201539653008975	73 fn	-1.6	fn	2
#00BFFF	3	0	0	-0.201539653008975	-0.150694040789283	74 fn	-1.6	fn	2
#00BFFF	3	0	0	-0.150694040789283	-0.128423873780488	75 fn	-1.6	fn	2
#00BFFF	3	0	0	-0.128423873780488	-0.115711041332396	76 fn	-1.6	fn	2
#00BFFF	3	0	0	-0.115711041332396	-0.109219115435621	77 fn	-1.6	fn	2
#00BFFF	3	0	0	-0.109219115435621	-0.103446843087943	78 fn	-1.6	fn	2
#00BFFF	3	1	1	-0.103446843087943	-0.0699223282786239	79 fn	-1.6	fn	2
#00BFFF	3	1	1	-0.0699223282786239	0.0369971418299997	80 fn	-1.6	fn	2
#00BFFF	3	1	1	0.0369971418299997	0.246242366167616	81 fn	-1.6	fn	2
#00BFFF	3	1	1	0.246242366167616	0.709757929541816	82 fn	-1.6	fn	2
#00BFFF	3	1	1	0.709757929541816	1.12471583652272	83 fn	-1.6	fn	2
#00BFFF	3	1	1	1.12471583652272	1.209117077427	84 fn	-1.6	fn	2
#00BFFF	3	1	1	1.209117077427	1.21134473755411	85 fn	-1.6	fn	2
#00BFFF	3	1	1	1.21134473755411	1.21670036254483	86 fn	-1.6	fn	2
#00BFFF	3	1	1	1.21670036254483	1.23574346999361	87 fn	-1.6	fn	2
#00BFFF	3	1	1	1.23574346999361	1.27202167482109	88 fn	-1.6	fn	2
#00BFFF	3	1	1	1.27202167482109	1.33013185266439	89 fn	-1.6	fn	2
#00BFFF	3	1	1	1.33013185266439	1.46424023788386	90 fn	-1.6	fn	2
#00BFFF	3	1	1	1.46424023788386	1.61677404945841	91 fn	-1.6	fn	2
#00BFFF	3	1	1	1.61677404945841	1.78733141115971	92 fn	-1.6	fn	2
#00BFFF	3	1	1	1.78733141115971	1.94303290928695	93 fn	-1.6	fn	2
#00BFFF	3	1	1	1.94303290928695	2.00307133469279	94 fn	-1.6	fn	2
#00BFFF	3	1	1	2.00307133469279	2.17914964432613	95 fn	-1.6	fn	2
#00BFFF	3	1	1	2.17914964432613	2.2999156181828	96 fn	-1.6	fn	2
#00BFFF	3	1	1	2.2999156181828	2.45544167141667	97 fn	-1.6	fn	2
#00BFFF	3	1	1	2.45544167141667	2.58069438727239	98 fn	-1.6	fn	2
#00BFFF	3	1	1	2.58069438727239	2.69154915755908	99 fn	-1.6	fn	2
#00BFFF	3	1	1	2.69154915755908	2.79359937511402	100 fn	-1.6	fn	2
#00BFFF	3	1	1	2.79359937511402	2.86932352912579	101 fn	-1.6	fn	2
#00BFFF	3	1	1	2.86932352912579	2.89218502728824	102 fn	-1.6	fn	2
#00BFFF	3	1	1	2.89218502728824	2.89493403729749	103 fn	-1.6	fn	2
#00BFFF	3	2	2	2.89493403729749	2.89842198680348	104 fn	-1.6	fn	2
#00BFFF	3	2	2	2.89842198680348	2.93343418671039	105 fn	-1.6	fn	2
#00BFFF	3	2	2	2.93343418671039	3.02633655843005	106 fn	-1.6	fn	2
#00BFFF	3	2	2	3.02633655843005	3.42835586004406	107 fn	-1.6	fn	2
#00BFFF	3	2	2	3.42835586004406	4.66445996016731	108 fn	-1.6	fn	2
#00BFFF	3	2	2	4.66445996016731	9.08500842897606	109 fn	-1.6	fn	2
#00BFFF	3	0	0	-13.3670578848165	-5.94650941600775	55 fn	-1.4	fn	2
#00BFFF	3	0	0	-5.94650941600775	-2.63600804220391	56 fn	-1.4	fn	2
#00BFFF	3	0	0	-2.63600804220391	-1.73807406515582	57 fn	-1.4	fn	2
#00BFFF	3	0	0	-1.73807406515582	-1.28750556619035	58 fn	-1.4	fn	2
#00BFFF	3	0	0	-1.28750556619035	-1.12049864688413	59 fn	-1.4	fn	2
#00BFFF	3	0	0	-1.12049864688413	-1.05672974890661	60 fn	-1.4	fn	2
#00BFFF	3	0	0	-1.05672974890661	-1.04973579597916	61 fn	-1.4	fn	2
#00BFFF	3	0	0	-1.04973579597916	-1.04530759505372	62 fn	-1.4	fn	2
#00BFFF	3	0	0	-1.04530759505372	-1.03998535103409	63 fn	-1.4	fn	2
#00BFFF	3	0	0	-1.03998535103409	-1.02382040227741	64 fn	-1.4	fn	2
#00BFFF	3	0	0	-1.02382040227741	-0.969233209739247	65 fn	-1.4	fn	2
#00BFFF	3	0	0	-0.969233209739247	-0.909872798745751	66 fn	-1.4	fn	2
#00BFFF	3	0	0	-0.909872798745751	-0.84250185006855	67 fn	-1.4	fn	2
#00BFFF	3	0	0	-0.84250185006855	-0.77018056079695	68 fn	-1.4	fn	2
#00BFFF	3	0	0	-0.77018056079695	-0.699930258893844	69 fn	-1.4	fn	2
#00BFFF	3	0	0	-0.699930258893844	-0.634377984899109	70 fn	-1.4	fn	2
#00BFFF	3	0	0	-0.634377984899109	-0.563224702487137	71 fn	-1.4	fn	2
#00BFFF	3	0	0	-0.563224702487137	-0.479036064914986	72 fn	-1.4	fn	2
#00BFFF	3	0	0	-0.479036064914986	-0.401539653008975	73 fn	-1.4	fn	2
#00BFFF	3	0	0	-0.401539653008975	-0.350694040789282	74 fn	-1.4	fn	2
#00BFFF	3	0	0	-0.350694040789282	-0.328423873780487	75 fn	-1.4	fn	2
#00BFFF	3	0	0	-0.328423873780487	-0.315711041332396	76 fn	-1.4	fn	2
#00BFFF	3	0	0	-0.315711041332396	-0.309219115435621	77 fn	-1.4	fn	2
#00BFFF	3	0	0	-0.309219115435621	-0.303446843087942	78 fn	-1.4	fn	2
#00BFFF	3	1	1	-0.303446843087942	-0.269922328278623	79 fn	-1.4	fn	2
#00BFFF	3	1	1	-0.269922328278623	-0.16300285817	80 fn	-1.4	fn	2
#00BFFF	3	1	1	-0.16300285817	0.0462423661676166	81 fn	-1.4	fn	2
#00BFFF	3	1	1	0.0462423661676166	0.509757929541816	82 fn	-1.4	fn	2
#00BFFF	3	1	1	0.509757929541816	0.924715836522717	83 fn	-1.4	fn	2
#00BFFF	3	1	1	0.924715836522717	1.00911707742701	84 fn	-1.4	fn	2
#00BFFF	3	1	1	1.00911707742701	1.01134473755411	85 fn	-1.4	fn	2
#00BFFF	3	1	1	1.01134473755411	1.01670036254483	86 fn	-1.4	fn	2
#00BFFF	3	1	1	1.01670036254483	1.03574346999361	87 fn	-1.4	fn	2
#00BFFF	3	1	1	1.03574346999361	1.07202167482109	88 fn	-1.4	fn	2
#00BFFF	3	1	1	1.07202167482109	1.13013185266439	89 fn	-1.4	fn	2
#00BFFF	3	1	1	1.13013185266439	1.26424023788386	90 fn	-1.4	fn	2
#00BFFF	3	1	1	1.26424023788386	1.41677404945841	91 fn	-1.4	fn	2
#00BFFF	3	1	1	1.41677404945841	1.58733141115971	92 fn	-1.4	fn	2
#00BFFF	3	1	1	1.58733141115971	1.74303290928695	93 fn	-1.4	fn	2
#00BFFF	3	1	1	1.74303290928695	1.8030713346928	94 fn	-1.4	fn	2
#00BFFF	3	1	1	1.8030713346928	1.97914964432613	95 fn	-1.4	fn	2
#00BFFF	3	1	1	1.97914964432613	2.0999156181828	96 fn	-1.4	fn	2
#00BFFF	3	1	1	2.0999156181828	2.25544167141667	97 fn	-1.4	fn	2
#00BFFF	3	1	1	2.25544167141667	2.38069438727239	98 fn	-1.4	fn	2
#00BFFF	3	1	1	2.38069438727239	2.49154915755908	99 fn	-1.4	fn	2
#00BFFF	3	1	1	2.49154915755908	2.59359937511402	100 fn	-1.4	fn	2
#00BFFF	3	1	1	2.59359937511402	2.66932352912579	101 fn	-1.4	fn	2
#00BFFF	3	1	1	2.66932352912579	2.69218502728824	102 fn	-1.4	fn	2
#00BFFF	3	1	1	2.69218502728824	2.69493403729749	103 fn	-1.4	fn	2
#00BFFF	3	2	2	2.69493403729749	2.69842198680348	104 fn	-1.4	fn	2
#00BFFF	3	2	2	2.69842198680348	2.73343418671039	105 fn	-1.4	fn	2
#00BFFF	3	2	2	2.73343418671039	2.82633655843005	106 fn	-1.4	fn	2
#00BFFF	3	2	2	2.82633655843005	3.22835586004406	107 fn	-1.4	fn	2
#00BFFF	3	2	2	3.22835586004406	4.46445996016731	108 fn	-1.4	fn	2
#00BFFF	3	2	2	4.46445996016731	9.08500842897606	109 fn	-1.4	fn	2
#00BFFF	3	0	0	-13.3670578848165	-6.14650941600775	55 fn	-1.2	fn	2
#00BFFF	3	0	0	-6.14650941600775	-2.83600804220391	56 fn	-1.2	fn	2
#00BFFF	3	0	0	-2.83600804220391	-1.93807406515583	57 fn	-1.2	fn	2
#00BFFF	3	0	0	-1.93807406515583	-1.48750556619035	58 fn	-1.2	fn	2
#00BFFF	3	0	0	-1.48750556619035	-1.32049864688413	59 fn	-1.2	fn	2
#00BFFF	3	0	0	-1.32049864688413	-1.25672974890662	60 fn	-1.2	fn	2
#00BFFF	3	0	0	-1.25672974890662	-1.24973579597916	61 fn	-1.2	fn	2
#00BFFF	3	0	0	-1.24973579597916	-1.24530759505372	62 fn	-1.2	fn	2
#00BFFF	3	0	0	-1.24530759505372	-1.23998535103409	63 fn	-1.2	fn	2
#00BFFF	3	0	0	-1.23998535103409	-1.22382040227741	64 fn	-1.2	fn	2
#00BFFF	3	0	0	-1.22382040227741	-1.16923320973925	65 fn	-1.2	fn	2
#00BFFF	3	0	0	-1.16923320973925	-1.10987279874575	66 fn	-1.2	fn	2
#00BFFF	3	0	0	-1.10987279874575	-1.04250185006855	67 fn	-1.2	fn	2
#00BFFF	3	0	0	-1.04250185006855	-0.970180560796951	68 fn	-1.2	fn	2
#00BFFF	3	0	0	-0.970180560796951	-0.899930258893845	69 fn	-1.2	fn	2
#00BFFF	3	0	0	-0.899930258893845	-0.83437798489911	70 fn	-1.2	fn	2
#00BFFF	3	0	0	-0.83437798489911	-0.763224702487138	71 fn	-1.2	fn	2
#00BFFF	3	0	0	-0.763224702487138	-0.679036064914987	72 fn	-1.2	fn	2
#00BFFF	3	0	0	-0.679036064914987	-0.601539653008976	73 fn	-1.2	fn	2
#00BFFF	3	0	0	-0.601539653008976	-0.550694040789283	74 fn	-1.2	fn	2
#00BFFF	3	0	0	-0.550694040789283	-0.528423873780488	75 fn	-1.2	fn	2
#00BFFF	3	0	0	-0.528423873780488	-0.515711041332397	76 fn	-1.2	fn	2
#00BFFF	3	0	0	-0.515711041332397	-0.509219115435622	77 fn	-1.2	fn	2
#00BFFF	3	0	0	-0.509219115435622	-0.503446843087943	78 fn	-1.2	fn	2
#00BFFF	3	1	1	-0.503446843087943	-0.469922328278624	79 fn	-1.2	fn	2
#00BFFF	3	1	1	-0.469922328278624	-0.363002858170001	80 fn	-1.2	fn	2
#00BFFF	3	1	1	-0.363002858170001	-0.153757633832385	81 fn	-1.2	fn	2
#00BFFF	3	1	1	-0.153757633832385	0.309757929541815	82 fn	-1.2	fn	2
#00BFFF	3	1	1	0.309757929541815	0.724715836522716	83 fn	-1.2	fn	2
#00BFFF	3	1	1	0.724715836522716	0.809117077427004	84 fn	-1.2	fn	2
#00BFFF	3	1	1	0.809117077427004	0.811344737554105	85 fn	-1.2	fn	2
#00BFFF	3	1	1	0.811344737554105	0.816700362544829	86 fn	-1.2	fn	2
#00BFFF	3	1	1	0.816700362544829	0.835743469993613	87 fn	-1.2	fn	2
#00BFFF	3	1	1	0.835743469993613	0.872021674821086	88 fn	-1.2	fn	2
#00BFFF	3	1	1	0.872021674821086	0.930131852664386	89 fn	-1.2	fn	2
#00BFFF	3	1	1	0.930131852664386	1.06424023788386	90 fn	-1.2	fn	2
#00BFFF	3	1	1	1.06424023788386	1.21677404945841	91 fn	-1.2	fn	2
#00BFFF	3	1	1	1.21677404945841	1.38733141115971	92 fn	-1.2	fn	2
#00BFFF	3	1	1	1.38733141115971	1.54303290928694	93 fn	-1.2	fn	2
#00BFFF	3	1	1	1.54303290928694	1.60307133469279	94 fn	-1.2	fn	2
#00BFFF	3	1	1	1.60307133469279	1.77914964432613	95 fn	-1.2	fn	2
#00BFFF	3	1	1	1.77914964432613	1.8999156181828	96 fn	-1.2	fn	2
#00BFFF	3	1	1	1.8999156181828	2.05544167141666	97 fn	-1.2	fn	2
#00BFFF	3	1	1	2.05544167141666	2.18069438727239	98 fn	-1.2	fn	2
#00BFFF	3	1	1	2.18069438727239	2.29154915755908	99 fn	-1.2	fn	2
#00BFFF	3	1	1	2.29154915755908	2.39359937511402	100 fn	-1.2	fn	2
#00BFFF	3	1	1	2.39359937511402	2.46932352912579	101 fn	-1.2	fn	2
#00BFFF	3	1	1	2.46932352912579	2.49218502728824	102 fn	-1.2	fn	2
#00BFFF	3	1	1	2.49218502728824	2.49493403729749	103 fn	-1.2	fn	2
#00BFFF	3	2	2	2.49493403729749	2.49842198680348	104 fn	-1.2	fn	2
#00BFFF	3	2	2	2.49842198680348	2.53343418671039	105 fn	-1.2	fn	2
#00BFFF	3	2	2	2.53343418671039	2.62633655843005	106 fn	-1.2	fn	2
#00BFFF	3	2	2	2.62633655843005	3.02835586004406	107 fn	-1.2	fn	2
#00BFFF	3	2	2	3.02835586004406	4.26445996016731	108 fn	-1.2	fn	2
#00BFFF	3	2	2	4.26445996016731	9.08500842897606	109 fn	-1.2	fn	2
#00BFFF	3	0	0	-13.3670578848165	-6.34650941600775	55 fn	-1	fn	2
#00BFFF	3	0	0	-6.34650941600775	-3.03600804220391	56 fn	-1	fn	2
#00BFFF	3	0	0	-3.03600804220391	-2.13807406515583	57 fn	-1	fn	2
#00BFFF	3	0	0	-2.13807406515583	-1.68750556619035	58 fn	-1	fn	2
#00BFFF	3	0	0	-1.68750556619035	-1.52049864688413	59 fn	-1	fn	2
#00BFFF	3	0	0	-1.52049864688413	-1.45672974890662	60 fn	-1	fn	2
#00BFFF	3	0	0	-1.45672974890662	-1.44973579597916	61 fn	-1	fn	2
#00BFFF	3	0	0	-1.44973579597916	-1.44530759505372	62 fn	-1	fn	2
#00BFFF	3	0	0	-1.44530759505372	-1.43998535103409	63 fn	-1	fn	2
#00BFFF	3	0	0	-1.43998535103409	-1.42382040227741	64 fn	-1	fn	2
#00BFFF	3	0	0	-1.42382040227741	-1.36923320973925	65 fn	-1	fn	2
#00BFFF	3	0	0	-1.36923320973925	-1.30987279874575	66 fn	-1	fn	2
#00BFFF	3	0	0	-1.30987279874575	-1.24250185006855	67 fn	-1	fn	2
#00BFFF	3	0	0	-1.24250185006855	-1.17018056079695	68 fn	-1	fn	2
#00BFFF	3	0	0	-1.17018056079695	-1.09993025889384	69 fn	-1	fn	2
#00BFFF	3	0	0	-1.09993025889384	-1.03437798489911	70 fn	-1	fn	2
#00BFFF	3	0	0	-1.03437798489911	-0.963224702487137	71 fn	-1	fn	2
#00BFFF	3	0	0	-0.963224702487137	-0.879036064914986	72 fn	-1	fn	2
#00BFFF	3	0	0	-0.879036064914986	-0.801539653008975	73 fn	-1	fn	2
#00BFFF	3	0	0	-0.801539653008975	-0.750694040789282	74 fn	-1	fn	2
#00BFFF	3	0	0	-0.750694040789282	-0.728423873780487	75 fn	-1	fn	2
#00BFFF	3	0	0	-0.728423873780487	-0.715711041332396	76 fn	-1	fn	2
#00BFFF	3	0	0	-0.715711041332396	-0.709219115435621	77 fn	-1	fn	2
#00BFFF	3	0	0	-0.709219115435621	-0.703446843087942	78 fn	-1	fn	2
#00BFFF	3	1	1	-0.703446843087942	-0.669922328278624	79 fn	-1	fn	2
#00BFFF	3	1	1	-0.669922328278624	-0.56300285817	80 fn	-1	fn	2
#00BFFF	3	1	1	-0.56300285817	-0.353757633832384	81 fn	-1	fn	2
#00BFFF	3	1	1	-0.353757633832384	0.109757929541816	82 fn	-1	fn	2
#00BFFF	3	1	1	0.109757929541816	0.524715836522717	83 fn	-1	fn	2
#00BFFF	3	1	1	0.524715836522717	0.609117077427005	84 fn	-1	fn	2
#00BFFF	3	1	1	0.609117077427005	0.611344737554106	85 fn	-1	fn	2
#00BFFF	3	1	1	0.611344737554106	0.61670036254483	86 fn	-1	fn	2
#00BFFF	3	1	1	0.61670036254483	0.635743469993614	87 fn	-1	fn	2
#00BFFF	3	1	1	0.635743469993614	0.672021674821087	88 fn	-1	fn	2
#00BFFF	3	1	1	0.672021674821087	0.730131852664387	89 fn	-1	fn	2
#00BFFF	3	1	1	0.730131852664387	0.864240237883857	90 fn	-1	fn	2
#00BFFF	3	1	1	0.864240237883857	1.01677404945841	91 fn	-1	fn	2
#00BFFF	3	1	1	1.01677404945841	1.18733141115971	92 fn	-1	fn	2
#00BFFF	3	1	1	1.18733141115971	1.34303290928695	93 fn	-1	fn	2
#00BFFF	3	1	1	1.34303290928695	1.4030713346928	94 fn	-1	fn	2
#00BFFF	3	1	1	1.4030713346928	1.57914964432613	95 fn	-1	fn	2
#00BFFF	3	1	1	1.57914964432613	1.6999156181828	96 fn	-1	fn	2
#00BFFF	3	1	1	1.6999156181828	1.85544167141667	97 fn	-1	fn	2
#00BFFF	3	1	1	1.85544167141667	1.98069438727239	98 fn	-1	fn	2
#00BFFF	3	1	1	1.98069438727239	2.09154915755908	99 fn	-1	fn	2
#00BFFF	3	1	1	2.09154915755908	2.19359937511402	100 fn	-1	fn	2
#00BFFF	3	1	1	2.19359937511402	2.26932352912579	101 fn	-1	fn	2
#00BFFF	3	1	1	2.26932352912579	2.29218502728824	102 fn	-1	fn	2
#00BFFF	3	1	1	2.29218502728824	2.29493403729749	103 fn	-1	fn	2
#00BFFF	3	2	2	2.29493403729749	2.29842198680348	104 fn	-1	fn	2
#00BFFF	3	2	2	2.29842198680348	2.33343418671039	105 fn	-1	fn	2
#00BFFF	3	2	2	2.33343418671039	2.42633655843005	106 fn	-1	fn	2
#00BFFF	3	2	2	2.42633655843005	2.82835586004406	107 fn	-1	fn	2
#00BFFF	3	2	2	2.82835586004406	4.06445996016731	108 fn	-1	fn	2
#00BFFF	3	2	2	4.06445996016731	9.08500842897606	109 fn	-1	fn	2
#00BFFF	3	0	0	-13.3670578848165	-6.54650941600775	55 fn	-0.8	fn	2
#00BFFF	3	0	0	-6.54650941600775	-3.23600804220391	56 fn	-0.8	fn	2
#00BFFF	3	0	0	-3.23600804220391	-2.33807406515582	57 fn	-0.8	fn	2
#00BFFF	3	0	0	-2.33807406515582	-1.88750556619035	58 fn	-0.8	fn	2
#00BFFF	3	0	0	-1.88750556619035	-1.72049864688413	59 fn	-0.8	fn	2
#00BFFF	3	0	0	-1.72049864688413	-1.65672974890661	60 fn	-0.8	fn	2
#00BFFF	3	0	0	-1.65672974890661	-1.64973579597916	61 fn	-0.8	fn	2
#00BFFF	3	0	0	-1.64973579597916	-1.64530759505372	62 fn	-0.8	fn	2
#00BFFF	3	0	0	-1.64530759505372	-1.63998535103409	63 fn	-0.8	fn	2
#00BFFF	3	0	0	-1.63998535103409	-1.62382040227741	64 fn	-0.8	fn	2
#00BFFF	3	0	0	-1.62382040227741	-1.56923320973925	65 fn	-0.8	fn	2
#00BFFF	3	0	0	-1.56923320973925	-1.50987279874575	66 fn	-0.8	fn	2
#00BFFF	3	0	0	-1.50987279874575	-1.44250185006855	67 fn	-0.8	fn	2
#00BFFF	3	0	0	-1.44250185006855	-1.37018056079695	68 fn	-0.8	fn	2
#00BFFF	3	0	0	-1.37018056079695	-1.29993025889384	69 fn	-0.8	fn	2
#00BFFF	3	0	0	-1.29993025889384	-1.23437798489911	70 fn	-0.8	fn	2
#00BFFF	3	0	0	-1.23437798489911	-1.16322470248714	71 fn	-0.8	fn	2
#00BFFF	3	0	0	-1.16322470248714	-1.07903606491499	72 fn	-0.8	fn	2
#00BFFF	3	0	0	-1.07903606491499	-1.00153965300897	73 fn	-0.8	fn	2
#00BFFF	3	0	0	-1.00153965300897	-0.950694040789282	74 fn	-0.8	fn	2
#00BFFF	3	0	0	-0.950694040789282	-0.928423873780487	75 fn	-0.8	fn	2
#00BFFF	3	0	0	-0.928423873780487	-0.915711041332395	76 fn	-0.8	fn	2
#00BFFF	3	0	0	-0.915711041332395	-0.90921911543562	77 fn	-0.8	fn	2
#00BFFF	3	0	0	-0.90921911543562	-0.903446843087941	78 fn	-0.8	fn	2
#00BFFF	3	1	1	-0.903446843087941	-0.869922328278623	79 fn	-0.8	fn	2
#00BFFF	3	1	1	-0.869922328278623	-0.763002858169999	80 fn	-0.8	fn	2
#00BFFF	3	1	1	-0.763002858169999	-0.553757633832383	81 fn	-0.8	fn	2
#00BFFF	3	1	1	-0.553757633832383	-0.0902420704581832	82 fn	-0.8	fn	2
#00BFFF	3	1	1	-0.0902420704581832	0.324715836522717	83 fn	-0.8	fn	2
#00BFFF	3	1	1	0.324715836522717	0.409117077427005	84 fn	-0.8	fn	2
#00BFFF	3	1	1	0.409117077427005	0.411344737554106	85 fn	-0.8	fn	2
#00BFFF	3	1	1	0.411344737554106	0.41670036254483	86 fn	-0.8	fn	2
#00BFFF	3	1	1	0.41670036254483	0.435743469993614	87 fn	-0.8	fn	2
#00BFFF	3	1	1	0.435743469993614	0.472021674821088	88 fn	-0.8	fn	2
#00BFFF	3	1	1	0.472021674821088	0.530131852664388	89 fn	-0.8	fn	2
#00BFFF	3	1	1	0.530131852664388	0.664240237883858	90 fn	-0.8	fn	2
#00BFFF	3	1	1	0.664240237883858	0.81677404945841	91 fn	-0.8	fn	2
#00BFFF	3	1	1	0.81677404945841	0.987331411159712	92 fn	-0.8	fn	2
#00BFFF	3	1	1	0.987331411159712	1.14303290928695	93 fn	-0.8	fn	2
#00BFFF	3	1	1	1.14303290928695	1.2030713346928	94 fn	-0.8	fn	2
#00BFFF	3	1	1	1.2030713346928	1.37914964432613	95 fn	-0.8	fn	2
#00BFFF	3	1	1	1.37914964432613	1.4999156181828	96 fn	-0.8	fn	2
#00BFFF	3	1	1	1.4999156181828	1.65544167141667	97 fn	-0.8	fn	2
#00BFFF	3	1	1	1.65544167141667	1.78069438727239	98 fn	-0.8	fn	2
#00BFFF	3	1	1	1.78069438727239	1.89154915755908	99 fn	-0.8	fn	2
#00BFFF	3	1	1	1.89154915755908	1.99359937511402	100 fn	-0.8	fn	2
#00BFFF	3	1	1	1.99359937511402	2.06932352912579	101 fn	-0.8	fn	2
#00BFFF	3	1	1	2.06932352912579	2.09218502728824	102 fn	-0.8	fn	2
#00BFFF	3	1	1	2.09218502728824	2.09493403729749	103 fn	-0.8	fn	2
#00BFFF	3	2	2	2.09493403729749	2.09842198680348	104 fn	-0.8	fn	2
#00BFFF	3	2	2	2.09842198680348	2.13343418671039	105 fn	-0.8	fn	2
#00BFFF	3	2	2	2.13343418671039	2.22633655843005	106 fn	-0.8	fn	2
#00BFFF	3	2	2	2.22633655843005	2.62835586004406	107 fn	-0.8	fn	2
#00BFFF	3	2	2	2.62835586004406	3.86445996016731	108 fn	-0.8	fn	2
#00BFFF	3	2	2	3.86445996016731	9.08500842897606	109 fn	-0.8	fn	2
#00BFFF	3	0	0	-13.3670578848165	-6.74650941600775	55 fn	-0.6	fn	2
#00BFFF	3	0	0	-6.74650941600775	-3.43600804220391	56 fn	-0.6	fn	2
#00BFFF	3	0	0	-3.43600804220391	-2.53807406515583	57 fn	-0.6	fn	2
#00BFFF	3	0	0	-2.53807406515583	-2.08750556619035	58 fn	-0.6	fn	2
#00BFFF	3	0	0	-2.08750556619035	-1.92049864688413	59 fn	-0.6	fn	2
#00BFFF	3	0	0	-1.92049864688413	-1.85672974890662	60 fn	-0.6	fn	2
#00BFFF	3	0	0	-1.85672974890662	-1.84973579597916	61 fn	-0.6	fn	2
#00BFFF	3	0	0	-1.84973579597916	-1.84530759505372	62 fn	-0.6	fn	2
#00BFFF	3	0	0	-1.84530759505372	-1.83998535103409	63 fn	-0.6	fn	2
#00BFFF	3	0	0	-1.83998535103409	-1.82382040227741	64 fn	-0.6	fn	2
#00BFFF	3	0	0	-1.82382040227741	-1.76923320973925	65 fn	-0.6	fn	2
#00BFFF	3	0	0	-1.76923320973925	-1.70987279874575	66 fn	-0.6	fn	2
#00BFFF	3	0	0	-1.70987279874575	-1.64250185006855	67 fn	-0.6	fn	2
#00BFFF	3	0	0	-1.64250185006855	-1.57018056079695	68 fn	-0.6	fn	2
#00BFFF	3	0	0	-1.57018056079695	-1.49993025889385	69 fn	-0.6	fn	2
#00BFFF	3	0	0	-1.49993025889385	-1.43437798489911	70 fn	-0.6	fn	2
#00BFFF	3	0	0	-1.43437798489911	-1.36322470248714	71 fn	-0.6	fn	2
#00BFFF	3	0	0	-1.36322470248714	-1.27903606491499	72 fn	-0.6	fn	2
#00BFFF	3	0	0	-1.27903606491499	-1.20153965300898	73 fn	-0.6	fn	2
#00BFFF	3	0	0	-1.20153965300898	-1.15069404078928	74 fn	-0.6	fn	2
#00BFFF	3	0	0	-1.15069404078928	-1.12842387378049	75 fn	-0.6	fn	2
#00BFFF	3	0	0	-1.12842387378049	-1.1157110413324	76 fn	-0.6	fn	2
#00BFFF	3	0	0	-1.1157110413324	-1.10921911543562	77 fn	-0.6	fn	2
#00BFFF	3	0	0	-1.10921911543562	-1.10344684308794	78 fn	-0.6	fn	2
#00BFFF	3	1	1	-1.10344684308794	-1.06992232827862	79 fn	-0.6	fn	2
#00BFFF	3	1	1	-1.06992232827862	-0.96300285817	80 fn	-0.6	fn	2
#00BFFF	3	1	1	-0.96300285817	-0.753757633832384	81 fn	-0.6	fn	2
#00BFFF	3	1	1	-0.753757633832384	-0.290242070458184	82 fn	-0.6	fn	2
#00BFFF	3	1	1	-0.290242070458184	0.124715836522716	83 fn	-0.6	fn	2
#00BFFF	3	1	1	0.124715836522716	0.209117077427004	84 fn	-0.6	fn	2
#00BFFF	3	1	1	0.209117077427004	0.211344737554105	85 fn	-0.6	fn	2
#00BFFF	3	1	1	0.211344737554105	0.216700362544829	86 fn	-0.6	fn	2
#00BFFF	3	1	1	0.216700362544829	0.235743469993613	87 fn	-0.6	fn	2
#00BFFF	3	1	1	0.235743469993613	0.272021674821087	88 fn	-0.6	fn	2
#00BFFF	3	1	1	0.272021674821087	0.330131852664387	89 fn	-0.6	fn	2
#00BFFF	3	1	1	0.330131852664387	0.464240237883857	90 fn	-0.6	fn	2
#00BFFF	3	1	1	0.464240237883857	0.616774049458408	91 fn	-0.6	fn	2
#00BFFF	3	1	1	0.616774049458408	0.787331411159711	92 fn	-0.6	fn	2
#00BFFF	3	1	1	0.787331411159711	0.943032909286945	93 fn	-0.6	fn	2
#00BFFF	3	1	1	0.943032909286945	1.00307133469279	94 fn	-0.6	fn	2
#00BFFF	3	1	1	1.00307133469279	1.17914964432613	95 fn	-0.6	fn	2
#00BFFF	3	1	1	1.17914964432613	1.2999156181828	96 fn	-0.6	fn	2
#00BFFF	3	1	1	1.2999156181828	1.45544167141667	97 fn	-0.6	fn	2
#00BFFF	3	1	1	1.45544167141667	1.58069438727239	98 fn	-0.6	fn	2
#00BFFF	3	1	1	1.58069438727239	1.69154915755908	99 fn	-0.6	fn	2
#00BFFF	3	1	1	1.69154915755908	1.79359937511402	100 fn	-0.6	fn	2
#00BFFF	3	1	1	1.79359937511402	1.86932352912579	101 fn	-0.6	fn	2
#00BFFF	3	1	1	1.86932352912579	1.89218502728824	102 fn	-0.6	fn	2
#00BFFF	3	1	1	1.89218502728824	1.89493403729749	103 fn	-0.6	fn	2
#00BFFF	3	2	2	1.89493403729749	1.89842198680348	104 fn	-0.6	fn	2
#00BFFF	3	2	2	1.89842198680348	1.93343418671039	105 fn	-0.6	fn	2
#00BFFF	3	2	2	1.93343418671039	2.02633655843005	106 fn	-0.6	fn	2
#00BFFF	3	2	2	2.02633655843005	2.42835586004406	107 fn	-0.6	fn	2
#00BFFF	3	2	2	2.42835586004406	3.66445996016731	108 fn	-0.6	fn	2
#00BFFF	3	2	2	3.66445996016731	9.08500842897606	109 fn	-0.6	fn	2
#00BFFF	3	0	0	-13.3670578848165	-6.94650941600775	55 fn	-0.399999999999999	fn	2
#00BFFF	3	0	0	-6.94650941600775	-3.63600804220391	56 fn	-0.399999999999999	fn	2
#00BFFF	3	0	0	-3.63600804220391	-2.73807406515583	57 fn	-0.399999999999999	fn	2
#00BFFF	3	0	0	-2.73807406515583	-2.28750556619035	58 fn	-0.399999999999999	fn	2
#00BFFF	3	0	0	-2.28750556619035	-2.12049864688413	59 fn	-0.399999999999999	fn	2
#00BFFF	3	0	0	-2.12049864688413	-2.05672974890662	60 fn	-0.399999999999999	fn	2
#00BFFF	3	0	0	-2.05672974890662	-2.04973579597916	61 fn	-0.399999999999999	fn	2
#00BFFF	3	0	0	-2.04973579597916	-2.04530759505372	62 fn	-0.399999999999999	fn	2
#00BFFF	3	0	0	-2.04530759505372	-2.03998535103409	63 fn	-0.399999999999999	fn	2
#00BFFF	3	0	0	-2.03998535103409	-2.02382040227741	64 fn	-0.399999999999999	fn	2
#00BFFF	3	0	0	-2.02382040227741	-1.96923320973925	65 fn	-0.399999999999999	fn	2
#00BFFF	3	0	0	-1.96923320973925	-1.90987279874575	66 fn	-0.399999999999999	fn	2
#00BFFF	3	0	0	-1.90987279874575	-1.84250185006855	67 fn	-0.399999999999999	fn	2
#00BFFF	3	0	0	-1.84250185006855	-1.77018056079695	68 fn	-0.399999999999999	fn	2
#00BFFF	3	0	0	-1.77018056079695	-1.69993025889385	69 fn	-0.399999999999999	fn	2
#00BFFF	3	0	0	-1.69993025889385	-1.63437798489911	70 fn	-0.399999999999999	fn	2
#00BFFF	3	0	0	-1.63437798489911	-1.56322470248714	71 fn	-0.399999999999999	fn	2
#00BFFF	3	0	0	-1.56322470248714	-1.47903606491499	72 fn	-0.399999999999999	fn	2
#00BFFF	3	0	0	-1.47903606491499	-1.40153965300898	73 fn	-0.399999999999999	fn	2
#00BFFF	3	0	0	-1.40153965300898	-1.35069404078928	74 fn	-0.399999999999999	fn	2
#00BFFF	3	0	0	-1.35069404078928	-1.32842387378049	75 fn	-0.399999999999999	fn	2
#00BFFF	3	0	0	-1.32842387378049	-1.3157110413324	76 fn	-0.399999999999999	fn	2
#00BFFF	3	0	0	-1.3157110413324	-1.30921911543562	77 fn	-0.399999999999999	fn	2
#00BFFF	3	0	0	-1.30921911543562	-1.30344684308794	78 fn	-0.399999999999999	fn	2
#00BFFF	3	1	1	-1.30344684308794	-1.26992232827863	79 fn	-0.399999999999999	fn	2
#00BFFF	3	1	1	-1.26992232827863	-1.16300285817	80 fn	-0.399999999999999	fn	2
#00BFFF	3	1	1	-1.16300285817	-0.953757633832385	81 fn	-0.399999999999999	fn	2
#00BFFF	3	1	1	-0.953757633832385	-0.490242070458185	82 fn	-0.399999999999999	fn	2
#00BFFF	3	1	1	-0.490242070458185	-0.075284163477285	83 fn	-0.399999999999999	fn	2
#00BFFF	3	1	1	-0.075284163477285	0.0091170774270033	84 fn	-0.399999999999999	fn	2
#00BFFF	3	1	1	0.0091170774270033	0.0113447375541043	85 fn	-0.399999999999999	fn	2
#00BFFF	3	1	1	0.0113447375541043	0.0167003625448281	86 fn	-0.399999999999999	fn	2
#00BFFF	3	1	1	0.0167003625448281	0.0357434699936121	87 fn	-0.399999999999999	fn	2
#00BFFF	3	1	1	0.0357434699936121	0.0720216748210856	88 fn	-0.399999999999999	fn	2
#00BFFF	3	1	1	0.0720216748210856	0.130131852664386	89 fn	-0.399999999999999	fn	2
#00BFFF	3	1	1	0.130131852664386	0.264240237883856	90 fn	-0.399999999999999	fn	2
#00BFFF	3	1	1	0.264240237883856	0.416774049458407	91 fn	-0.399999999999999	fn	2
#00BFFF	3	1	1	0.416774049458407	0.58733141115971	92 fn	-0.399999999999999	fn	2
#00BFFF	3	1	1	0.58733141115971	0.743032909286944	93 fn	-0.399999999999999	fn	2
#00BFFF	3	1	1	0.743032909286944	0.803071334692794	94 fn	-0.399999999999999	fn	2
#00BFFF	3	1	1	0.803071334692794	0.979149644326126	95 fn	-0.399999999999999	fn	2
#00BFFF	3	1	1	0.979149644326126	1.0999156181828	96 fn	-0.399999999999999	fn	2
#00BFFF	3	1	1	1.0999156181828	1.25544167141666	97 fn	-0.399999999999999	fn	2
#00BFFF	3	1	1	1.25544167141666	1.38069438727239	98 fn	-0.399999999999999	fn	2
#00BFFF	3	1	1	1.38069438727239	1.49154915755908	99 fn	-0.399999999999999	fn	2
#00BFFF	3	1	1	1.49154915755908	1.59359937511402	100 fn	-0.399999999999999	fn	2
#00BFFF	3	1	1	1.59359937511402	1.66932352912579	101 fn	-0.399999999999999	fn	2
#00BFFF	3	1	1	1.66932352912579	1.69218502728824	102 fn	-0.399999999999999	fn	2
#00BFFF	3	1	1	1.69218502728824	1.69493403729749	103 fn	-0.399999999999999	fn	2
#00BFFF	3	2	2	1.69493403729749	1.69842198680348	104 fn	-0.399999999999999	fn	2
#00BFFF	3	2	2	1.69842198680348	1.73343418671039	105 fn	-0.399999999999999	fn	2
#00BFFF	3	2	2	1.73343418671039	1.82633655843005	106 fn	-0.399999999999999	fn	2
#00BFFF	3	2	2	1.82633655843005	2.22835586004406	107 fn	-0.399999999999999	fn	2
#00BFFF	3	2	2	2.22835586004406	3.46445996016731	108 fn	-0.399999999999999	fn	2
#00BFFF	3	2	2	3.46445996016731	9.08500842897606	109 fn	-0.399999999999999	fn	2
#00BFFF	3	0	0	-13.3670578848165	-7.14650941600775	55 fn	-0.199999999999999	fn	2
#00BFFF	3	0	0	-7.14650941600775	-3.83600804220391	56 fn	-0.199999999999999	fn	2
#00BFFF	3	0	0	-3.83600804220391	-2.93807406515583	57 fn	-0.199999999999999	fn	2
#00BFFF	3	0	0	-2.93807406515583	-2.48750556619035	58 fn	-0.199999999999999	fn	2
#00BFFF	3	0	0	-2.48750556619035	-2.32049864688413	59 fn	-0.199999999999999	fn	2
#00BFFF	3	0	0	-2.32049864688413	-2.25672974890662	60 fn	-0.199999999999999	fn	2
#00BFFF	3	0	0	-2.25672974890662	-2.24973579597916	61 fn	-0.199999999999999	fn	2
#00BFFF	3	0	0	-2.24973579597916	-2.24530759505372	62 fn	-0.199999999999999	fn	2
#00BFFF	3	0	0	-2.24530759505372	-2.23998535103409	63 fn	-0.199999999999999	fn	2
#00BFFF	3	0	0	-2.23998535103409	-2.22382040227741	64 fn	-0.199999999999999	fn	2
#00BFFF	3	0	0	-2.22382040227741	-2.16923320973925	65 fn	-0.199999999999999	fn	2
#00BFFF	3	0	0	-2.16923320973925	-2.10987279874575	66 fn	-0.199999999999999	fn	2
#00BFFF	3	0	0	-2.10987279874575	-2.04250185006855	67 fn	-0.199999999999999	fn	2
#00BFFF	3	0	0	-2.04250185006855	-1.97018056079695	68 fn	-0.199999999999999	fn	2
#00BFFF	3	0	0	-1.97018056079695	-1.89993025889385	69 fn	-0.199999999999999	fn	2
#00BFFF	3	0	0	-1.89993025889385	-1.83437798489911	70 fn	-0.199999999999999	fn	2
#00BFFF	3	0	0	-1.83437798489911	-1.76322470248714	71 fn	-0.199999999999999	fn	2
#00BFFF	3	0	0	-1.76322470248714	-1.67903606491499	72 fn	-0.199999999999999	fn	2
#00BFFF	3	0	0	-1.67903606491499	-1.60153965300898	73 fn	-0.199999999999999	fn	2
#00BFFF	3	0	0	-1.60153965300898	-1.55069404078928	74 fn	-0.199999999999999	fn	2
#00BFFF	3	0	0	-1.55069404078928	-1.52842387378049	75 fn	-0.199999999999999	fn	2
#00BFFF	3	0	0	-1.52842387378049	-1.5157110413324	76 fn	-0.199999999999999	fn	2
#00BFFF	3	0	0	-1.5157110413324	-1.50921911543562	77 fn	-0.199999999999999	fn	2
#00BFFF	3	0	0	-1.50921911543562	-1.50344684308794	78 fn	-0.199999999999999	fn	2
#00BFFF	3	1	1	-1.50344684308794	-1.46992232827862	79 fn	-0.199999999999999	fn	2
#00BFFF	3	1	1	-1.46992232827862	-1.36300285817	80 fn	-0.199999999999999	fn	2
#00BFFF	3	1	1	-1.36300285817	-1.15375763383238	81 fn	-0.199999999999999	fn	2
#00BFFF	3	1	1	-1.15375763383238	-0.690242070458185	82 fn	-0.199999999999999	fn	2
#00BFFF	3	1	1	-0.690242070458185	-0.275284163477284	83 fn	-0.199999999999999	fn	2
#00BFFF	3	1	1	-0.275284163477284	-0.190882922572996	84 fn	-0.199999999999999	fn	2
#00BFFF	3	1	1	-0.190882922572996	-0.188655262445895	85 fn	-0.199999999999999	fn	2
#00BFFF	3	1	1	-0.188655262445895	-0.183299637455171	86 fn	-0.199999999999999	fn	2
#00BFFF	3	1	1	-0.183299637455171	-0.164256530006387	87 fn	-0.199999999999999	fn	2
#00BFFF	3	1	1	-0.164256530006387	-0.127978325178914	88 fn	-0.199999999999999	fn	2
#00BFFF	3	1	1	-0.127978325178914	-0.0698681473356135	89 fn	-0.199999999999999	fn	2
#00BFFF	3	1	1	-0.0698681473356135	0.0642402378838565	90 fn	-0.199999999999999	fn	2
#00BFFF	3	1	1	0.0642402378838565	0.216774049458408	91 fn	-0.199999999999999	fn	2
#00BFFF	3	1	1	0.216774049458408	0.38733141115971	92 fn	-0.199999999999999	fn	2
#00BFFF	3	1	1	0.38733141115971	0.543032909286945	93 fn	-0.199999999999999	fn	2
#00BFFF	3	1	1	0.543032909286945	0.603071334692794	94 fn	-0.199999999999999	fn	2
#00BFFF	3	1	1	0.603071334692794	0.779149644326127	95 fn	-0.199999999999999	fn	2
#00BFFF	3	1	1	0.779149644326127	0.899915618182803	96 fn	-0.199999999999999	fn	2
#00BFFF	3	1	1	0.899915618182803	1.05544167141666	97 fn	-0.199999999999999	fn	2
#00BFFF	3	1	1	1.05544167141666	1.18069438727239	98 fn	-0.199999999999999	fn	2
#00BFFF	3	1	1	1.18069438727239	1.29154915755908	99 fn	-0.199999999999999	fn	2
#00BFFF	3	1	1	1.29154915755908	1.39359937511402	100 fn	-0.199999999999999	fn	2
#00BFFF	3	1	1	1.39359937511402	1.46932352912579	101 fn	-0.199999999999999	fn	2
#00BFFF	3	1	1	1.46932352912579	1.49218502728824	102 fn	-0.199999999999999	fn	2
#00BFFF	3	1	1	1.49218502728824	1.49493403729749	103 fn	-0.199999999999999	fn	2
#00BFFF	3	2	2	1.49493403729749	1.49842198680348	104 fn	-0.199999999999999	fn	2
#00BFFF	3	2	2	1.49842198680348	1.53343418671039	105 fn	-0.199999999999999	fn	2
#00BFFF	3	2	2	1.53343418671039	1.62633655843005	106 fn	-0.199999999999999	fn	2
#00BFFF	3	2	2	1.62633655843005	2.02835586004406	107 fn	-0.199999999999999	fn	2
#00BFFF	3	2	2	2.02835586004406	3.26445996016731	108 fn	-0.199999999999999	fn	2
#00BFFF	3	2	2	3.26445996016731	9.08500842897606	109 fn	-0.199999999999999	fn	2
#00BFFF	3	0	0	-13.3670578848165	-7.34650941600775	55 fn	0	fn	2
#00BFFF	3	0	0	-7.34650941600775	-4.03600804220391	56 fn	0	fn	2
#00BFFF	3	0	0	-4.03600804220391	-3.13807406515583	57 fn	0	fn	2
#00BFFF	3	0	0	-3.13807406515583	-2.68750556619035	58 fn	0	fn	2
#00BFFF	3	0	0	-2.68750556619035	-2.52049864688413	59 fn	0	fn	2
#00BFFF	3	0	0	-2.52049864688413	-2.45672974890662	60 fn	0	fn	2
#00BFFF	3	0	0	-2.45672974890662	-2.44973579597916	61 fn	0	fn	2
#00BFFF	3	0	0	-2.44973579597916	-2.44530759505372	62 fn	0	fn	2
#00BFFF	3	0	0	-2.44530759505372	-2.43998535103409	63 fn	0	fn	2
#00BFFF	3	0	0	-2.43998535103409	-2.42382040227741	64 fn	0	fn	2
#00BFFF	3	0	0	-2.42382040227741	-2.36923320973925	65 fn	0	fn	2
#00BFFF	3	0	0	-2.36923320973925	-2.30987279874575	66 fn	0	fn	2
#00BFFF	3	0	0	-2.30987279874575	-2.24250185006855	67 fn	0	fn	2
#00BFFF	3	0	0	-2.24250185006855	-2.17018056079695	68 fn	0	fn	2
#00BFFF	3	0	0	-2.17018056079695	-2.09993025889384	69 fn	0	fn	2
#00BFFF	3	0	0	-2.09993025889384	-2.03437798489911	70 fn	0	fn	2
#00BFFF	3	0	0	-2.03437798489911	-1.96322470248714	71 fn	0	fn	2
#00BFFF	3	0	0	-1.96322470248714	-1.87903606491499	72 fn	0	fn	2
#00BFFF	3	0	0	-1.87903606491499	-1.80153965300898	73 fn	0	fn	2
#00BFFF	3	0	0	-1.80153965300898	-1.75069404078928	74 fn	0	fn	2
#00BFFF	3	0	0	-1.75069404078928	-1.72842387378049	75 fn	0	fn	2
#00BFFF	3	0	0	-1.72842387378049	-1.7157110413324	76 fn	0	fn	2
#00BFFF	3	0	0	-1.7157110413324	-1.70921911543562	77 fn	0	fn	2
#00BFFF	3	0	0	-1.70921911543562	-1.70344684308794	78 fn	0	fn	2
#00BFFF	3	1	1	-1.70344684308794	-1.66992232827862	79 fn	0	fn	2
#00BFFF	3	1	1	-1.66992232827862	-1.56300285817	80 fn	0	fn	2
#00BFFF	3	1	1	-1.56300285817	-1.35375763383238	81 fn	0	fn	2
#00BFFF	3	1	1	-1.35375763383238	-0.890242070458184	82 fn	0	fn	2
#00BFFF	3	1	1	-0.890242070458184	-0.475284163477284	83 fn	0	fn	2
#00BFFF	3	1	1	-0.475284163477284	-0.390882922572995	84 fn	0	fn	2
#00BFFF	3	1	1	-0.390882922572995	-0.388655262445894	85 fn	0	fn	2
#00BFFF	3	1	1	-0.388655262445894	-0.383299637455171	86 fn	0	fn	2
#00BFFF	3	1	1	-0.383299637455171	-0.364256530006386	87 fn	0	fn	2
#00BFFF	3	1	1	-0.364256530006386	-0.327978325178913	88 fn	0	fn	2
#00BFFF	3	1	1	-0.327978325178913	-0.269868147335613	89 fn	0	fn	2
#00BFFF	3	1	1	-0.269868147335613	-0.135759762116143	90 fn	0	fn	2
#00BFFF	3	1	1	-0.135759762116143	0.0167740494584088	91 fn	0	fn	2
#00BFFF	3	1	1	0.0167740494584088	0.187331411159711	92 fn	0	fn	2
#00BFFF	3	1	1	0.187331411159711	0.343032909286945	93 fn	0	fn	2
#00BFFF	3	1	1	0.343032909286945	0.403071334692795	94 fn	0	fn	2
#00BFFF	3	1	1	0.403071334692795	0.579149644326128	95 fn	0	fn	2
#00BFFF	3	1	1	0.579149644326128	0.699915618182804	96 fn	0	fn	2
#00BFFF	3	1	1	0.699915618182804	0.855441671416665	97 fn	0	fn	2
#00BFFF	3	1	1	0.855441671416665	0.980694387272388	98 fn	0	fn	2
#00BFFF	3	1	1	0.980694387272388	1.09154915755908	99 fn	0	fn	2
#00BFFF	3	1	1	1.09154915755908	1.19359937511402	100 fn	0	fn	2
#00BFFF	3	1	1	1.19359937511402	1.26932352912579	101 fn	0	fn	2
#00BFFF	3	1	1	1.26932352912579	1.29218502728824	102 fn	0	fn	2
#00BFFF	3	1	1	1.29218502728824	1.29493403729749	103 fn	0	fn	2
#00BFFF	3	2	2	1.29493403729749	1.29842198680348	104 fn	0	fn	2
#00BFFF	3	2	2	1.29842198680348	1.33343418671039	105 fn	0	fn	2
#00BFFF	3	2	2	1.33343418671039	1.42633655843005	106 fn	0	fn	2
#00BFFF	3	2	2	1.42633655843005	1.82835586004406	107 fn	0	fn	2
#00BFFF	3	2	2	1.82835586004406	3.06445996016731	108 fn	0	fn	2
#00BFFF	3	2	2	3.06445996016731	9.08500842897606	109 fn	0	fn	2
#00BFFF	3	0	0	-13.3670578848165	-7.54650941600775	55 fn	0.2	fn	2
#00BFFF	3	0	0	-7.54650941600775	-4.23600804220391	56 fn	0.2	fn	2
#00BFFF	3	0	0	-4.23600804220391	-3.33807406515582	57 fn	0.2	fn	2
#00BFFF	3	0	0	-3.33807406515582	-2.88750556619035	58 fn	0.2	fn	2
#00BFFF	3	0	0	-2.88750556619035	-2.72049864688413	59 fn	0.2	fn	2
#00BFFF	3	0	0	-2.72049864688413	-2.65672974890661	60 fn	0.2	fn	2
#00BFFF	3	0	0	-2.65672974890661	-2.64973579597916	61 fn	0.2	fn	2
#00BFFF	3	0	0	-2.64973579597916	-2.64530759505372	62 fn	0.2	fn	2
#00BFFF	3	0	0	-2.64530759505372	-2.63998535103409	63 fn	0.2	fn	2
#00BFFF	3	0	0	-2.63998535103409	-2.62382040227741	64 fn	0.2	fn	2
#00BFFF	3	0	0	-2.62382040227741	-2.56923320973925	65 fn	0.2	fn	2
#00BFFF	3	0	0	-2.56923320973925	-2.50987279874575	66 fn	0.2	fn	2
#00BFFF	3	0	0	-2.50987279874575	-2.44250185006855	67 fn	0.2	fn	2
#00BFFF	3	0	0	-2.44250185006855	-2.37018056079695	68 fn	0.2	fn	2
#00BFFF	3	0	0	-2.37018056079695	-2.29993025889384	69 fn	0.2	fn	2
#00BFFF	3	0	0	-2.29993025889384	-2.23437798489911	70 fn	0.2	fn	2
#00BFFF	3	0	0	-2.23437798489911	-2.16322470248714	71 fn	0.2	fn	2
#00BFFF	3	0	0	-2.16322470248714	-2.07903606491499	72 fn	0.2	fn	2
#00BFFF	3	0	0	-2.07903606491499	-2.00153965300897	73 fn	0.2	fn	2
#00BFFF	3	0	0	-2.00153965300897	-1.95069404078928	74 fn	0.2	fn	2
#00BFFF	3	0	0	-1.95069404078928	-1.92842387378049	75 fn	0.2	fn	2
#00BFFF	3	0	0	-1.92842387378049	-1.9157110413324	76 fn	0.2	fn	2
#00BFFF	3	0	0	-1.9157110413324	-1.90921911543562	77 fn	0.2	fn	2
#00BFFF	3	0	0	-1.90921911543562	-1.90344684308794	78 fn	0.2	fn	2
#00BFFF	3	1	1	-1.90344684308794	-1.86992232827862	79 fn	0.2	fn	2
#00BFFF	3	1	1	-1.86992232827862	-1.76300285817	80 fn	0.2	fn	2
#00BFFF	3	1	1	-1.76300285817	-1.55375763383238	81 fn	0.2	fn	2
#00BFFF	3	1	1	-1.55375763383238	-1.09024207045818	82 fn	0.2	fn	2
#00BFFF	3	1	1	-1.09024207045818	-0.675284163477283	83 fn	0.2	fn	2
#00BFFF	3	1	1	-0.675284163477283	-0.590882922572995	84 fn	0.2	fn	2
#00BFFF	3	1	1	-0.590882922572995	-0.588655262445894	85 fn	0.2	fn	2
#00BFFF	3	1	1	-0.588655262445894	-0.58329963745517	86 fn	0.2	fn	2
#00BFFF	3	1	1	-0.58329963745517	-0.564256530006386	87 fn	0.2	fn	2
#00BFFF	3	1	1	-0.564256530006386	-0.527978325178912	88 fn	0.2	fn	2
#00BFFF	3	1	1	-0.527978325178912	-0.469868147335612	89 fn	0.2	fn	2
#00BFFF	3	1	1	-0.469868147335612	-0.335759762116142	90 fn	0.2	fn	2
#00BFFF	3	1	1	-0.335759762116142	-0.183225950541591	91 fn	0.2	fn	2
#00BFFF	3	1	1	-0.183225950541591	-0.0126685888402882	92 fn	0.2	fn	2
#00BFFF	3	1	1	-0.0126685888402882	0.143032909286946	93 fn	0.2	fn	2
#00BFFF	3	1	1	0.143032909286946	0.203071334692796	94 fn	0.2	fn	2
#00BFFF	3	1	1	0.203071334692796	0.379149644326128	95 fn	0.2	fn	2
#00BFFF	3	1	1	0.379149644326128	0.499915618182804	96 fn	0.2	fn	2
#00BFFF	3	1	1	0.499915618182804	0.655441671416666	97 fn	0.2	fn	2
#00BFFF	3	1	1	0.655441671416666	0.780694387272389	98 fn	0.2	fn	2
#00BFFF	3	1	1	0.780694387272389	0.89154915755908	99 fn	0.2	fn	2
#00BFFF	3	1	1	0.89154915755908	0.993599375114023	100 fn	0.2	fn	2
#00BFFF	3	1	1	0.993599375114023	1.06932352912579	101 fn	0.2	fn	2
#00BFFF	3	1	1	1.06932352912579	1.09218502728824	102 fn	0.2	fn	2
#00BFFF	3	1	1	1.09218502728824	1.09493403729749	103 fn	0.2	fn	2
#00BFFF	3	2	2	1.09493403729749	1.09842198680348	104 fn	0.2	fn	2
#00BFFF	3	2	2	1.09842198680348	1.13343418671039	105 fn	0.2	fn	2
#00BFFF	3	2	2	1.13343418671039	1.22633655843005	106 fn	0.2	fn	2
#00BFFF	3	2	2	1.22633655843005	1.62835586004406	107 fn	0.2	fn	2
#00BFFF	3	2	2	1.62835586004406	2.86445996016731	108 fn	0.2	fn	2
#00BFFF	3	2	2	2.86445996016731	9.08500842897606	109 fn	0.2	fn	2
#00BFFF	3	0	0	-13.3670578848165	-7.74650941600775	55 fn	0.4	fn	2
#00BFFF	3	0	0	-7.74650941600775	-4.43600804220391	56 fn	0.4	fn	2
#00BFFF	3	0	0	-4.43600804220391	-3.53807406515583	57 fn	0.4	fn	2
#00BFFF	3	0	0	-3.53807406515583	-3.08750556619035	58 fn	0.4	fn	2
#00BFFF	3	0	0	-3.08750556619035	-2.92049864688413	59 fn	0.4	fn	2
#00BFFF	3	0	0	-2.92049864688413	-2.85672974890662	60 fn	0.4	fn	2
#00BFFF	3	0	0	-2.85672974890662	-2.84973579597916	61 fn	0.4	fn	2
#00BFFF	3	0	0	-2.84973579597916	-2.84530759505372	62 fn	0.4	fn	2
#00BFFF	3	0	0	-2.84530759505372	-2.83998535103409	63 fn	0.4	fn	2
#00BFFF	3	0	0	-2.83998535103409	-2.82382040227741	64 fn	0.4	fn	2
#00BFFF	3	0	0	-2.82382040227741	-2.76923320973925	65 fn	0.4	fn	2
#00BFFF	3	0	0	-2.76923320973925	-2.70987279874575	66 fn	0.4	fn	2
#00BFFF	3	0	0	-2.70987279874575	-2.64250185006855	67 fn	0.4	fn	2
#00BFFF	3	0	0	-2.64250185006855	-2.57018056079695	68 fn	0.4	fn	2
#00BFFF	3	0	0	-2.57018056079695	-2.49993025889385	69 fn	0.4	fn	2
#00BFFF	3	0	0	-2.49993025889385	-2.43437798489911	70 fn	0.4	fn	2
#00BFFF	3	0	0	-2.43437798489911	-2.36322470248714	71 fn	0.4	fn	2
#00BFFF	3	0	0	-2.36322470248714	-2.27903606491499	72 fn	0.4	fn	2
#00BFFF	3	0	0	-2.27903606491499	-2.20153965300898	73 fn	0.4	fn	2
#00BFFF	3	0	0	-2.20153965300898	-2.15069404078928	74 fn	0.4	fn	2
#00BFFF	3	0	0	-2.15069404078928	-2.12842387378049	75 fn	0.4	fn	2
#00BFFF	3	0	0	-2.12842387378049	-2.1157110413324	76 fn	0.4	fn	2
#00BFFF	3	0	0	-2.1157110413324	-2.10921911543562	77 fn	0.4	fn	2
#00BFFF	3	0	0	-2.10921911543562	-2.10344684308794	78 fn	0.4	fn	2
#00BFFF	3	1	1	-2.10344684308794	-2.06992232827862	79 fn	0.4	fn	2
#00BFFF	3	1	1	-2.06992232827862	-1.96300285817	80 fn	0.4	fn	2
#00BFFF	3	1	1	-1.96300285817	-1.75375763383238	81 fn	0.4	fn	2
#00BFFF	3	1	1	-1.75375763383238	-1.29024207045818	82 fn	0.4	fn	2
#00BFFF	3	1	1	-1.29024207045818	-0.875284163477284	83 fn	0.4	fn	2
#00BFFF	3	1	1	-0.875284163477284	-0.790882922572996	84 fn	0.4	fn	2
#00BFFF	3	1	1	-0.790882922572996	-0.788655262445895	85 fn	0.4	fn	2
#00BFFF	3	1	1	-0.788655262445895	-0.783299637455171	86 fn	0.4	fn	2
#00BFFF	3	1	1	-0.783299637455171	-0.764256530006387	87 fn	0.4	fn	2
#00BFFF	3	1	1	-0.764256530006387	-0.727978325178913	88 fn	0.4	fn	2
#00BFFF	3	1	1	-0.727978325178913	-0.669868147335613	89 fn	0.4	fn	2
#00BFFF	3	1	1	-0.669868147335613	-0.535759762116143	90 fn	0.4	fn	2
#00BFFF	3	1	1	-0.535759762116143	-0.383225950541592	91 fn	0.4	fn	2
#00BFFF	3	1	1	-0.383225950541592	-0.212668588840289	92 fn	0.4	fn	2
#00BFFF	3	1	1	-0.212668588840289	-0.0569670907130551	93 fn	0.4	fn	2
#00BFFF	3	1	1	-0.0569670907130551	0.00307133469279464	94 fn	0.4	fn	2
#00BFFF	3	1	1	0.00307133469279464	0.179149644326127	95 fn	0.4	fn	2
#00BFFF	3	1	1	0.179149644326127	0.299915618182803	96 fn	0.4	fn	2
#00BFFF	3	1	1	0.299915618182803	0.455441671416665	97 fn	0.4	fn	2
#00BFFF	3	1	1	0.455441671416665	0.580694387272388	98 fn	0.4	fn	2
#00BFFF	3	1	1	0.580694387272388	0.691549157559079	99 fn	0.4	fn	2
#00BFFF	3	1	1	0.691549157559079	0.793599375114022	100 fn	0.4	fn	2
#00BFFF	3	1	1	0.793599375114022	0.869323529125788	101 fn	0.4	fn	2
#00BFFF	3	1	1	0.869323529125788	0.892185027288237	102 fn	0.4	fn	2
#00BFFF	3	1	1	0.892185027288237	0.894934037297492	103 fn	0.4	fn	2
#00BFFF	3	2	2	0.894934037297492	0.898421986803481	104 fn	0.4	fn	2
#00BFFF	3	2	2	0.898421986803481	0.933434186710389	105 fn	0.4	fn	2
#00BFFF	3	2	2	0.933434186710389	1.02633655843005	106 fn	0.4	fn	2
#00BFFF	3	2	2	1.02633655843005	1.42835586004406	107 fn	0.4	fn	2
#00BFFF	3	2	2	1.42835586004406	2.66445996016731	108 fn	0.4	fn	2
#00BFFF	3	2	2	2.66445996016731	9.08500842897606	109 fn	0.4	fn	2
#00BFFF	3	0	0	-13.3670578848165	-7.94650941600775	55 fn	0.600000000000001	fn	2
#00BFFF	3	0	0	-7.94650941600775	-4.63600804220391	56 fn	0.600000000000001	fn	2
#00BFFF	3	0	0	-4.63600804220391	-3.73807406515583	57 fn	0.600000000000001	fn	2
#00BFFF	3	0	0	-3.73807406515583	-3.28750556619035	58 fn	0.600000000000001	fn	2
#00BFFF	3	0	0	-3.28750556619035	-3.12049864688413	59 fn	0.600000000000001	fn	2
#00BFFF	3	0	0	-3.12049864688413	-3.05672974890662	60 fn	0.600000000000001	fn	2
#00BFFF	3	0	0	-3.05672974890662	-3.04973579597916	61 fn	0.600000000000001	fn	2
#00BFFF	3	0	0	-3.04973579597916	-3.04530759505372	62 fn	0.600000000000001	fn	2
#00BFFF	3	0	0	-3.04530759505372	-3.03998535103409	63 fn	0.600000000000001	fn	2
#00BFFF	3	0	0	-3.03998535103409	-3.02382040227741	64 fn	0.600000000000001	fn	2
#00BFFF	3	0	0	-3.02382040227741	-2.96923320973925	65 fn	0.600000000000001	fn	2
#00BFFF	3	0	0	-2.96923320973925	-2.90987279874575	66 fn	0.600000000000001	fn	2
#00BFFF	3	0	0	-2.90987279874575	-2.84250185006855	67 fn	0.600000000000001	fn	2
#00BFFF	3	0	0	-2.84250185006855	-2.77018056079695	68 fn	0.600000000000001	fn	2
#00BFFF	3	0	0	-2.77018056079695	-2.69993025889385	69 fn	0.600000000000001	fn	2
#00BFFF	3	0	0	-2.69993025889385	-2.63437798489911	70 fn	0.600000000000001	fn	2
#00BFFF	3	0	0	-2.63437798489911	-2.56322470248714	71 fn	0.600000000000001	fn	2
#00BFFF	3	0	0	-2.56322470248714	-2.47903606491499	72 fn	0.600000000000001	fn	2
#00BFFF	3	0	0	-2.47903606491499	-2.40153965300898	73 fn	0.600000000000001	fn	2
#00BFFF	3	0	0	-2.40153965300898	-2.35069404078928	74 fn	0.600000000000001	fn	2
#00BFFF	3	0	0	-2.35069404078928	-2.32842387378049	75 fn	0.600000000000001	fn	2
#00BFFF	3	0	0	-2.32842387378049	-2.3157110413324	76 fn	0.600000000000001	fn	2
#00BFFF	3	0	0	-2.3157110413324	-2.30921911543562	77 fn	0.600000000000001	fn	2
#00BFFF	3	0	0	-2.30921911543562	-2.30344684308794	78 fn	0.600000000000001	fn	2
#00BFFF	3	1	1	-2.30344684308794	-2.26992232827863	79 fn	0.600000000000001	fn	2
#00BFFF	3	1	1	-2.26992232827863	-2.16300285817	80 fn	0.600000000000001	fn	2
#00BFFF	3	1	1	-2.16300285817	-1.95375763383239	81 fn	0.600000000000001	fn	2
#00BFFF	3	1	1	-1.95375763383239	-1.49024207045819	82 fn	0.600000000000001	fn	2
#00BFFF	3	1	1	-1.49024207045819	-1.07528416347729	83 fn	0.600000000000001	fn	2
#00BFFF	3	1	1	-1.07528416347729	-0.990882922572997	84 fn	0.600000000000001	fn	2
#00BFFF	3	1	1	-0.990882922572997	-0.988655262445896	85 fn	0.600000000000001	fn	2
#00BFFF	3	1	1	-0.988655262445896	-0.983299637455172	86 fn	0.600000000000001	fn	2
#00BFFF	3	1	1	-0.983299637455172	-0.964256530006388	87 fn	0.600000000000001	fn	2
#00BFFF	3	1	1	-0.964256530006388	-0.927978325178914	88 fn	0.600000000000001	fn	2
#00BFFF	3	1	1	-0.927978325178914	-0.869868147335614	89 fn	0.600000000000001	fn	2
#00BFFF	3	1	1	-0.869868147335614	-0.735759762116144	90 fn	0.600000000000001	fn	2
#00BFFF	3	1	1	-0.735759762116144	-0.583225950541593	91 fn	0.600000000000001	fn	2
#00BFFF	3	1	1	-0.583225950541593	-0.41266858884029	92 fn	0.600000000000001	fn	2
#00BFFF	3	1	1	-0.41266858884029	-0.256967090713056	93 fn	0.600000000000001	fn	2
#00BFFF	3	1	1	-0.256967090713056	-0.196928665307206	94 fn	0.600000000000001	fn	2
#00BFFF	3	1	1	-0.196928665307206	-0.0208503556738737	95 fn	0.600000000000001	fn	2
#00BFFF	3	1	1	-0.0208503556738737	0.099915618182802	96 fn	0.600000000000001	fn	2
#00BFFF	3	1	1	0.099915618182802	0.255441671416664	97 fn	0.600000000000001	fn	2
#00BFFF	3	1	1	0.255441671416664	0.380694387272387	98 fn	0.600000000000001	fn	2
#00BFFF	3	1	1	0.380694387272387	0.491549157559078	99 fn	0.600000000000001	fn	2
#00BFFF	3	1	1	0.491549157559078	0.593599375114021	100 fn	0.600000000000001	fn	2
#00BFFF	3	1	1	0.593599375114021	0.669323529125787	101 fn	0.600000000000001	fn	2
#00BFFF	3	1	1	0.669323529125787	0.692185027288236	102 fn	0.600000000000001	fn	2
#00BFFF	3	1	1	0.692185027288236	0.694934037297491	103 fn	0.600000000000001	fn	2
#00BFFF	3	2	2	0.694934037297491	0.69842198680348	104 fn	0.600000000000001	fn	2
#00BFFF	3	2	2	0.69842198680348	0.733434186710388	105 fn	0.600000000000001	fn	2
#00BFFF	3	2	2	0.733434186710388	0.82633655843005	106 fn	0.600000000000001	fn	2
#00BFFF	3	2	2	0.82633655843005	1.22835586004406	107 fn	0.600000000000001	fn	2
#00BFFF	3	2	2	1.22835586004406	2.46445996016731	108 fn	0.600000000000001	fn	2
#00BFFF	3	2	2	2.46445996016731	9.08500842897606	109 fn	0.600000000000001	fn	2
#00BFFF	3	0	0	-13.3670578848165	-8.14650941600775	55 fn	0.800000000000001	fn	2
#00BFFF	3	0	0	-8.14650941600775	-4.83600804220391	56 fn	0.800000000000001	fn	2
#00BFFF	3	0	0	-4.83600804220391	-3.93807406515583	57 fn	0.800000000000001	fn	2
#00BFFF	3	0	0	-3.93807406515583	-3.48750556619035	58 fn	0.800000000000001	fn	2
#00BFFF	3	0	0	-3.48750556619035	-3.32049864688413	59 fn	0.800000000000001	fn	2
#00BFFF	3	0	0	-3.32049864688413	-3.25672974890662	60 fn	0.800000000000001	fn	2
#00BFFF	3	0	0	-3.25672974890662	-3.24973579597916	61 fn	0.800000000000001	fn	2
#00BFFF	3	0	0	-3.24973579597916	-3.24530759505372	62 fn	0.800000000000001	fn	2
#00BFFF	3	0	0	-3.24530759505372	-3.23998535103409	63 fn	0.800000000000001	fn	2
#00BFFF	3	0	0	-3.23998535103409	-3.22382040227741	64 fn	0.800000000000001	fn	2
#00BFFF	3	0	0	-3.22382040227741	-3.16923320973925	65 fn	0.800000000000001	fn	2
#00BFFF	3	0	0	-3.16923320973925	-3.10987279874575	66 fn	0.800000000000001	fn	2
#00BFFF	3	0	0	-3.10987279874575	-3.04250185006855	67 fn	0.800000000000001	fn	2
#00BFFF	3	0	0	-3.04250185006855	-2.97018056079695	68 fn	0.800000000000001	fn	2
#00BFFF	3	0	0	-2.97018056079695	-2.89993025889385	69 fn	0.800000000000001	fn	2
#00BFFF	3	0	0	-2.89993025889385	-2.83437798489911	70 fn	0.800000000000001	fn	2
#00BFFF	3	0	0	-2.83437798489911	-2.76322470248714	71 fn	0.800000000000001	fn	2
#00BFFF	3	0	0	-2.76322470248714	-2.67903606491499	72 fn	0.800000000000001	fn	2
#00BFFF	3	0	0	-2.67903606491499	-2.60153965300898	73 fn	0.800000000000001	fn	2
#00BFFF	3	0	0	-2.60153965300898	-2.55069404078928	74 fn	0.800000000000001	fn	2
#00BFFF	3	0	0	-2.55069404078928	-2.52842387378049	75 fn	0.800000000000001	fn	2
#00BFFF	3	0	0	-2.52842387378049	-2.5157110413324	76 fn	0.800000000000001	fn	2
#00BFFF	3	0	0	-2.5157110413324	-2.50921911543562	77 fn	0.800000000000001	fn	2
#00BFFF	3	0	0	-2.50921911543562	-2.50344684308794	78 fn	0.800000000000001	fn	2
#00BFFF	3	1	1	-2.50344684308794	-2.46992232827862	79 fn	0.800000000000001	fn	2
#00BFFF	3	1	1	-2.46992232827862	-2.36300285817	80 fn	0.800000000000001	fn	2
#00BFFF	3	1	1	-2.36300285817	-2.15375763383238	81 fn	0.800000000000001	fn	2
#00BFFF	3	1	1	-2.15375763383238	-1.69024207045818	82 fn	0.800000000000001	fn	2
#00BFFF	3	1	1	-1.69024207045818	-1.27528416347728	83 fn	0.800000000000001	fn	2
#00BFFF	3	1	1	-1.27528416347728	-1.190882922573	84 fn	0.800000000000001	fn	2
#00BFFF	3	1	1	-1.190882922573	-1.1886552624459	85 fn	0.800000000000001	fn	2
#00BFFF	3	1	1	-1.1886552624459	-1.18329963745517	86 fn	0.800000000000001	fn	2
#00BFFF	3	1	1	-1.18329963745517	-1.16425653000639	87 fn	0.800000000000001	fn	2
#00BFFF	3	1	1	-1.16425653000639	-1.12797832517891	88 fn	0.800000000000001	fn	2
#00BFFF	3	1	1	-1.12797832517891	-1.06986814733561	89 fn	0.800000000000001	fn	2
#00BFFF	3	1	1	-1.06986814733561	-0.935759762116144	90 fn	0.800000000000001	fn	2
#00BFFF	3	1	1	-0.935759762116144	-0.783225950541592	91 fn	0.800000000000001	fn	2
#00BFFF	3	1	1	-0.783225950541592	-0.61266858884029	92 fn	0.800000000000001	fn	2
#00BFFF	3	1	1	-0.61266858884029	-0.456967090713055	93 fn	0.800000000000001	fn	2
#00BFFF	3	1	1	-0.456967090713055	-0.396928665307206	94 fn	0.800000000000001	fn	2
#00BFFF	3	1	1	-0.396928665307206	-0.220850355673873	95 fn	0.800000000000001	fn	2
#00BFFF	3	1	1	-0.220850355673873	-0.100084381817197	96 fn	0.800000000000001	fn	2
#00BFFF	3	1	1	-0.100084381817197	0.0554416714166646	97 fn	0.800000000000001	fn	2
#00BFFF	3	1	1	0.0554416714166646	0.180694387272387	98 fn	0.800000000000001	fn	2
#00BFFF	3	1	1	0.180694387272387	0.291549157559079	99 fn	0.800000000000001	fn	2
#00BFFF	3	1	1	0.291549157559079	0.393599375114022	100 fn	0.800000000000001	fn	2
#00BFFF	3	1	1	0.393599375114022	0.469323529125788	101 fn	0.800000000000001	fn	2
#00BFFF	3	1	1	0.469323529125788	0.492185027288237	102 fn	0.800000000000001	fn	2
#00BFFF	3	1	1	0.492185027288237	0.494934037297492	103 fn	0.800000000000001	fn	2
#00BFFF	3	2	2	0.494934037297492	0.49842198680348	104 fn	0.800000000000001	fn	2
#00BFFF	3	2	2	0.49842198680348	0.533434186710389	105 fn	0.800000000000001	fn	2
#00BFFF	3	2	2	0.533434186710389	0.626336558430051	106 fn	0.800000000000001	fn	2
#00BFFF	3	2	2	0.626336558430051	1.02835586004406	107 fn	0.800000000000001	fn	2
#00BFFF	3	2	2	1.02835586004406	2.26445996016731	108 fn	0.800000000000001	fn	2
#00BFFF	3	2	2	2.26445996016731	9.08500842897606	109 fn	0.800000000000001	fn	2
#00BFFF	3	0	0	-13.3670578848165	-8.34650941600775	55 fn	1	fn	2
#00BFFF	3	0	0	-8.34650941600775	-5.03600804220391	56 fn	1	fn	2
#00BFFF	3	0	0	-5.03600804220391	-4.13807406515583	57 fn	1	fn	2
#00BFFF	3	0	0	-4.13807406515583	-3.68750556619035	58 fn	1	fn	2
#00BFFF	3	0	0	-3.68750556619035	-3.52049864688413	59 fn	1	fn	2
#00BFFF	3	0	0	-3.52049864688413	-3.45672974890662	60 fn	1	fn	2
#00BFFF	3	0	0	-3.45672974890662	-3.44973579597916	61 fn	1	fn	2
#00BFFF	3	0	0	-3.44973579597916	-3.44530759505372	62 fn	1	fn	2
#00BFFF	3	0	0	-3.44530759505372	-3.43998535103409	63 fn	1	fn	2
#00BFFF	3	0	0	-3.43998535103409	-3.42382040227741	64 fn	1	fn	2
#00BFFF	3	0	0	-3.42382040227741	-3.36923320973925	65 fn	1	fn	2
#00BFFF	3	0	0	-3.36923320973925	-3.30987279874575	66 fn	1	fn	2
#00BFFF	3	0	0	-3.30987279874575	-3.24250185006855	67 fn	1	fn	2
#00BFFF	3	0	0	-3.24250185006855	-3.17018056079695	68 fn	1	fn	2
#00BFFF	3	0	0	-3.17018056079695	-3.09993025889384	69 fn	1	fn	2
#00BFFF	3	0	0	-3.09993025889384	-3.03437798489911	70 fn	1	fn	2
#00BFFF	3	0	0	-3.03437798489911	-2.96322470248714	71 fn	1	fn	2
#00BFFF	3	0	0	-2.96322470248714	-2.87903606491499	72 fn	1	fn	2
#00BFFF	3	0	0	-2.87903606491499	-2.80153965300898	73 fn	1	fn	2
#00BFFF	3	0	0	-2.80153965300898	-2.75069404078928	74 fn	1	fn	2
#00BFFF	3	0	0	-2.75069404078928	-2.72842387378049	75 fn	1	fn	2
#00BFFF	3	0	0	-2.72842387378049	-2.7157110413324	76 fn	1	fn	2
#00BFFF	3	0	0	-2.7157110413324	-2.70921911543562	77 fn	1	fn	2
#00BFFF	3	0	0	-2.70921911543562	-2.70344684308794	78 fn	1	fn	2
#00BFFF	3	1	1	-2.70344684308794	-2.66992232827862	79 fn	1	fn	2
#00BFFF	3	1	1	-2.66992232827862	-2.56300285817	80 fn	1	fn	2
#00BFFF	3	1	1	-2.56300285817	-2.35375763383238	81 fn	1	fn	2
#00BFFF	3	1	1	-2.35375763383238	-1.89024207045818	82 fn	1	fn	2
#00BFFF	3	1	1	-1.89024207045818	-1.47528416347728	83 fn	1	fn	2
#00BFFF	3	1	1	-1.47528416347728	-1.390882922573	84 fn	1	fn	2
#00BFFF	3	1	1	-1.390882922573	-1.38865526244589	85 fn	1	fn	2
#00BFFF	3	1	1	-1.38865526244589	-1.38329963745517	86 fn	1	fn	2
#00BFFF	3	1	1	-1.38329963745517	-1.36425653000639	87 fn	1	fn	2
#00BFFF	3	1	1	-1.36425653000639	-1.32797832517891	88 fn	1	fn	2
#00BFFF	3	1	1	-1.32797832517891	-1.26986814733561	89 fn	1	fn	2
#00BFFF	3	1	1	-1.26986814733561	-1.13575976211614	90 fn	1	fn	2
#00BFFF	3	1	1	-1.13575976211614	-0.983225950541591	91 fn	1	fn	2
#00BFFF	3	1	1	-0.983225950541591	-0.812668588840289	92 fn	1	fn	2
#00BFFF	3	1	1	-0.812668588840289	-0.656967090713055	93 fn	1	fn	2
#00BFFF	3	1	1	-0.656967090713055	-0.596928665307205	94 fn	1	fn	2
#00BFFF	3	1	1	-0.596928665307205	-0.420850355673872	95 fn	1	fn	2
#00BFFF	3	1	1	-0.420850355673872	-0.300084381817197	96 fn	1	fn	2
#00BFFF	3	1	1	-0.300084381817197	-0.144558328583335	97 fn	1	fn	2
#00BFFF	3	1	1	-0.144558328583335	-0.0193056127276119	98 fn	1	fn	2
#00BFFF	3	1	1	-0.0193056127276119	0.0915491575590792	99 fn	1	fn	2
#00BFFF	3	1	1	0.0915491575590792	0.193599375114022	100 fn	1	fn	2
#00BFFF	3	1	1	0.193599375114022	0.269323529125789	101 fn	1	fn	2
#00BFFF	3	1	1	0.269323529125789	0.292185027288237	102 fn	1	fn	2
#00BFFF	3	1	1	0.292185027288237	0.294934037297493	103 fn	1	fn	2
#00BFFF	3	2	2	0.294934037297493	0.298421986803481	104 fn	1	fn	2
#00BFFF	3	2	2	0.298421986803481	0.33343418671039	105 fn	1	fn	2
#00BFFF	3	2	2	0.33343418671039	0.426336558430052	106 fn	1	fn	2
#00BFFF	3	2	2	0.426336558430052	0.828355860044059	107 fn	1	fn	2
#00BFFF	3	2	2	0.828355860044059	2.06445996016731	108 fn	1	fn	2
#00BFFF	3	2	2	2.06445996016731	9.08500842897606	109 fn	1	fn	2
#00BFFF	3	0	0	-13.3670578848165	-8.54650941600775	55 fn	1.2	fn	2
#00BFFF	3	0	0	-8.54650941600775	-5.23600804220391	56 fn	1.2	fn	2
#00BFFF	3	0	0	-5.23600804220391	-4.33807406515582	57 fn	1.2	fn	2
#00BFFF	3	0	0	-4.33807406515582	-3.88750556619035	58 fn	1.2	fn	2
#00BFFF	3	0	0	-3.88750556619035	-3.72049864688413	59 fn	1.2	fn	2
#00BFFF	3	0	0	-3.72049864688413	-3.65672974890661	60 fn	1.2	fn	2
#00BFFF	3	0	0	-3.65672974890661	-3.64973579597916	61 fn	1.2	fn	2
#00BFFF	3	0	0	-3.64973579597916	-3.64530759505372	62 fn	1.2	fn	2
#00BFFF	3	0	0	-3.64530759505372	-3.63998535103409	63 fn	1.2	fn	2
#00BFFF	3	0	0	-3.63998535103409	-3.62382040227741	64 fn	1.2	fn	2
#00BFFF	3	0	0	-3.62382040227741	-3.56923320973925	65 fn	1.2	fn	2
#00BFFF	3	0	0	-3.56923320973925	-3.50987279874575	66 fn	1.2	fn	2
#00BFFF	3	0	0	-3.50987279874575	-3.44250185006855	67 fn	1.2	fn	2
#00BFFF	3	0	0	-3.44250185006855	-3.37018056079695	68 fn	1.2	fn	2
#00BFFF	3	0	0	-3.37018056079695	-3.29993025889384	69 fn	1.2	fn	2
#00BFFF	3	0	0	-3.29993025889384	-3.23437798489911	70 fn	1.2	fn	2
#00BFFF	3	0	0	-3.23437798489911	-3.16322470248714	71 fn	1.2	fn	2
#00BFFF	3	0	0	-3.16322470248714	-3.07903606491499	72 fn	1.2	fn	2
#00BFFF	3	0	0	-3.07903606491499	-3.00153965300897	73 fn	1.2	fn	2
#00BFFF	3	0	0	-3.00153965300897	-2.95069404078928	74 fn	1.2	fn	2
#00BFFF	3	0	0	-2.95069404078928	-2.92842387378049	75 fn	1.2	fn	2
#00BFFF	3	0	0	-2.92842387378049	-2.9157110413324	76 fn	1.2	fn	2
#00BFFF	3	0	0	-2.9157110413324	-2.90921911543562	77 fn	1.2	fn	2
#00BFFF	3	0	0	-2.90921911543562	-2.90344684308794	78 fn	1.2	fn	2
#00BFFF	3	1	1	-2.90344684308794	-2.86992232827862	79 fn	1.2	fn	2
#00BFFF	3	1	1	-2.86992232827862	-2.76300285817	80 fn	1.2	fn	2
#00BFFF	3	1	1	-2.76300285817	-2.55375763383238	81 fn	1.2	fn	2
#00BFFF	3	1	1	-2.55375763383238	-2.09024207045818	82 fn	1.2	fn	2
#00BFFF	3	1	1	-2.09024207045818	-1.67528416347728	83 fn	1.2	fn	2
#00BFFF	3	1	1	-1.67528416347728	-1.59088292257299	84 fn	1.2	fn	2
#00BFFF	3	1	1	-1.59088292257299	-1.58865526244589	85 fn	1.2	fn	2
#00BFFF	3	1	1	-1.58865526244589	-1.58329963745517	86 fn	1.2	fn	2
#00BFFF	3	1	1	-1.58329963745517	-1.56425653000639	87 fn	1.2	fn	2
#00BFFF	3	1	1	-1.56425653000639	-1.52797832517891	88 fn	1.2	fn	2
#00BFFF	3	1	1	-1.52797832517891	-1.46986814733561	89 fn	1.2	fn	2
#00BFFF	3	1	1	-1.46986814733561	-1.33575976211614	90 fn	1.2	fn	2
#00BFFF	3	1	1	-1.33575976211614	-1.18322595054159	91 fn	1.2	fn	2
#00BFFF	3	1	1	-1.18322595054159	-1.01266858884029	92 fn	1.2	fn	2
#00BFFF	3	1	1	-1.01266858884029	-0.856967090713054	93 fn	1.2	fn	2
#00BFFF	3	1	1	-0.856967090713054	-0.796928665307204	94 fn	1.2	fn	2
#00BFFF	3	1	1	-0.796928665307204	-0.620850355673872	95 fn	1.2	fn	2
#00BFFF	3	1	1	-0.620850355673872	-0.500084381817196	96 fn	1.2	fn	2
#00BFFF	3	1	1	-0.500084381817196	-0.344558328583334	97 fn	1.2	fn	2
#00BFFF	3	1	1	-0.344558328583334	-0.219305612727611	98 fn	1.2	fn	2
#00BFFF	3	1	1	-0.219305612727611	-0.10845084244092	99 fn	1.2	fn	2
#00BFFF	3	1	1	-0.10845084244092	-0.00640062488597692	100 fn	1.2	fn	2
#00BFFF	3	1	1	-0.00640062488597692	0.0693235291257892	101 fn	1.2	fn	2
#00BFFF	3	1	1	0.0693235291257892	0.0921850272882381	102 fn	1.2	fn	2
#00BFFF	3	1	1	0.0921850272882381	0.0949340372974934	103 fn	1.2	fn	2
#00BFFF	3	2	2	0.0949340372974934	0.0984219868034817	104 fn	1.2	fn	2
#00BFFF	3	2	2	0.0984219868034817	0.133434186710391	105 fn	1.2	fn	2
#00BFFF	3	2	2	0.133434186710391	0.226336558430052	106 fn	1.2	fn	2
#00BFFF	3	2	2	0.226336558430052	0.62835586004406	107 fn	1.2	fn	2
#00BFFF	3	2	2	0.62835586004406	1.86445996016731	108 fn	1.2	fn	2
#00BFFF	3	2	2	1.86445996016731	9.08500842897606	109 fn	1.2	fn	2
#00BFFF	3	0	0	-13.3670578848165	-8.74650941600775	55 fn	1.4	fn	2
#00BFFF	3	0	0	-8.74650941600775	-5.43600804220391	56 fn	1.4	fn	2
#00BFFF	3	0	0	-5.43600804220391	-4.53807406515583	57 fn	1.4	fn	2
#00BFFF	3	0	0	-4.53807406515583	-4.08750556619035	58 fn	1.4	fn	2
#00BFFF	3	0	0	-4.08750556619035	-3.92049864688413	59 fn	1.4	fn	2
#00BFFF	3	0	0	-3.92049864688413	-3.85672974890662	60 fn	1.4	fn	2
#00BFFF	3	0	0	-3.85672974890662	-3.84973579597916	61 fn	1.4	fn	2
#00BFFF	3	0	0	-3.84973579597916	-3.84530759505372	62 fn	1.4	fn	2
#00BFFF	3	0	0	-3.84530759505372	-3.83998535103409	63 fn	1.4	fn	2
#00BFFF	3	0	0	-3.83998535103409	-3.82382040227741	64 fn	1.4	fn	2
#00BFFF	3	0	0	-3.82382040227741	-3.76923320973925	65 fn	1.4	fn	2
#00BFFF	3	0	0	-3.76923320973925	-3.70987279874575	66 fn	1.4	fn	2
#00BFFF	3	0	0	-3.70987279874575	-3.64250185006855	67 fn	1.4	fn	2
#00BFFF	3	0	0	-3.64250185006855	-3.57018056079695	68 fn	1.4	fn	2
#00BFFF	3	0	0	-3.57018056079695	-3.49993025889385	69 fn	1.4	fn	2
#00BFFF	3	0	0	-3.49993025889385	-3.43437798489911	70 fn	1.4	fn	2
#00BFFF	3	0	0	-3.43437798489911	-3.36322470248714	71 fn	1.4	fn	2
#00BFFF	3	0	0	-3.36322470248714	-3.27903606491499	72 fn	1.4	fn	2
#00BFFF	3	0	0	-3.27903606491499	-3.20153965300898	73 fn	1.4	fn	2
#00BFFF	3	0	0	-3.20153965300898	-3.15069404078928	74 fn	1.4	fn	2
#00BFFF	3	0	0	-3.15069404078928	-3.12842387378049	75 fn	1.4	fn	2
#00BFFF	3	0	0	-3.12842387378049	-3.1157110413324	76 fn	1.4	fn	2
#00BFFF	3	0	0	-3.1157110413324	-3.10921911543562	77 fn	1.4	fn	2
#00BFFF	3	0	0	-3.10921911543562	-3.10344684308794	78 fn	1.4	fn	2
#00BFFF	3	1	1	-3.10344684308794	-3.06992232827862	79 fn	1.4	fn	2
#00BFFF	3	1	1	-3.06992232827862	-2.96300285817	80 fn	1.4	fn	2
#00BFFF	3	1	1	-2.96300285817	-2.75375763383238	81 fn	1.4	fn	2
#00BFFF	3	1	1	-2.75375763383238	-2.29024207045818	82 fn	1.4	fn	2
#00BFFF	3	1	1	-2.29024207045818	-1.87528416347728	83 fn	1.4	fn	2
#00BFFF	3	1	1	-1.87528416347728	-1.790882922573	84 fn	1.4	fn	2
#00BFFF	3	1	1	-1.790882922573	-1.78865526244589	85 fn	1.4	fn	2
#00BFFF	3	1	1	-1.78865526244589	-1.78329963745517	86 fn	1.4	fn	2
#00BFFF	3	1	1	-1.78329963745517	-1.76425653000639	87 fn	1.4	fn	2
#00BFFF	3	1	1	-1.76425653000639	-1.72797832517891	88 fn	1.4	fn	2
#00BFFF	3	1	1	-1.72797832517891	-1.66986814733561	89 fn	1.4	fn	2
#00BFFF	3	1	1	-1.66986814733561	-1.53575976211614	90 fn	1.4	fn	2
#00BFFF	3	1	1	-1.53575976211614	-1.38322595054159	91 fn	1.4	fn	2
#00BFFF	3	1	1	-1.38322595054159	-1.21266858884029	92 fn	1.4	fn	2
#00BFFF	3	1	1	-1.21266858884029	-1.05696709071306	93 fn	1.4	fn	2
#00BFFF	3	1	1	-1.05696709071306	-0.996928665307205	94 fn	1.4	fn	2
#00BFFF	3	1	1	-0.996928665307205	-0.820850355673873	95 fn	1.4	fn	2
#00BFFF	3	1	1	-0.820850355673873	-0.700084381817197	96 fn	1.4	fn	2
#00BFFF	3	1	1	-0.700084381817197	-0.544558328583335	97 fn	1.4	fn	2
#00BFFF	3	1	1	-0.544558328583335	-0.419305612727612	98 fn	1.4	fn	2
#00BFFF	3	1	1	-0.419305612727612	-0.308450842440921	99 fn	1.4	fn	2
#00BFFF	3	1	1	-0.308450842440921	-0.206400624885978	100 fn	1.4	fn	2
#00BFFF	3	1	1	-0.206400624885978	-0.130676470874212	101 fn	1.4	fn	2
#00BFFF	3	1	1	-0.130676470874212	-0.107814972711763	102 fn	1.4	fn	2
#00BFFF	3	1	1	-0.107814972711763	-0.105065962702508	103 fn	1.4	fn	2
#00BFFF	3	2	2	-0.105065962702508	-0.101578013196519	104 fn	1.4	fn	2
#00BFFF	3	2	2	-0.101578013196519	-0.0665658132896105	105 fn	1.4	fn	2
#00BFFF	3	2	2	-0.0665658132896105	0.0263365584300512	106 fn	1.4	fn	2
#00BFFF	3	2	2	0.0263365584300512	0.428355860044059	107 fn	1.4	fn	2
#00BFFF	3	2	2	0.428355860044059	1.66445996016731	108 fn	1.4	fn	2
#00BFFF	3	2	2	1.66445996016731	9.08500842897606	109 fn	1.4	fn	2
#00BFFF	3	0	0	-13.3670578848165	-8.94650941600775	55 fn	1.6	fn	2
#00BFFF	3	0	0	-8.94650941600775	-5.63600804220391	56 fn	1.6	fn	2
#00BFFF	3	0	0	-5.63600804220391	-4.73807406515583	57 fn	1.6	fn	2
#00BFFF	3	0	0	-4.73807406515583	-4.28750556619035	58 fn	1.6	fn	2
#00BFFF	3	0	0	-4.28750556619035	-4.12049864688413	59 fn	1.6	fn	2
#00BFFF	3	0	0	-4.12049864688413	-4.05672974890662	60 fn	1.6	fn	2
#00BFFF	3	0	0	-4.05672974890662	-4.04973579597916	61 fn	1.6	fn	2
#00BFFF	3	0	0	-4.04973579597916	-4.04530759505372	62 fn	1.6	fn	2
#00BFFF	3	0	0	-4.04530759505372	-4.03998535103409	63 fn	1.6	fn	2
#00BFFF	3	0	0	-4.03998535103409	-4.02382040227741	64 fn	1.6	fn	2
#00BFFF	3	0	0	-4.02382040227741	-3.96923320973925	65 fn	1.6	fn	2
#00BFFF	3	0	0	-3.96923320973925	-3.90987279874575	66 fn	1.6	fn	2
#00BFFF	3	0	0	-3.90987279874575	-3.84250185006855	67 fn	1.6	fn	2
#00BFFF	3	0	0	-3.84250185006855	-3.77018056079695	68 fn	1.6	fn	2
#00BFFF	3	0	0	-3.77018056079695	-3.69993025889385	69 fn	1.6	fn	2
#00BFFF	3	0	0	-3.69993025889385	-3.63437798489911	70 fn	1.6	fn	2
#00BFFF	3	0	0	-3.63437798489911	-3.56322470248714	71 fn	1.6	fn	2
#00BFFF	3	0	0	-3.56322470248714	-3.47903606491499	72 fn	1.6	fn	2
#00BFFF	3	0	0	-3.47903606491499	-3.40153965300898	73 fn	1.6	fn	2
#00BFFF	3	0	0	-3.40153965300898	-3.35069404078928	74 fn	1.6	fn	2
#00BFFF	3	0	0	-3.35069404078928	-3.32842387378049	75 fn	1.6	fn	2
#00BFFF	3	0	0	-3.32842387378049	-3.3157110413324	76 fn	1.6	fn	2
#00BFFF	3	0	0	-3.3157110413324	-3.30921911543562	77 fn	1.6	fn	2
#00BFFF	3	0	0	-3.30921911543562	-3.30344684308794	78 fn	1.6	fn	2
#00BFFF	3	1	1	-3.30344684308794	-3.26992232827863	79 fn	1.6	fn	2
#00BFFF	3	1	1	-3.26992232827863	-3.16300285817	80 fn	1.6	fn	2
#00BFFF	3	1	1	-3.16300285817	-2.95375763383239	81 fn	1.6	fn	2
#00BFFF	3	1	1	-2.95375763383239	-2.49024207045819	82 fn	1.6	fn	2
#00BFFF	3	1	1	-2.49024207045819	-2.07528416347729	83 fn	1.6	fn	2
#00BFFF	3	1	1	-2.07528416347729	-1.990882922573	84 fn	1.6	fn	2
#00BFFF	3	1	1	-1.990882922573	-1.9886552624459	85 fn	1.6	fn	2
#00BFFF	3	1	1	-1.9886552624459	-1.98329963745517	86 fn	1.6	fn	2
#00BFFF	3	1	1	-1.98329963745517	-1.96425653000639	87 fn	1.6	fn	2
#00BFFF	3	1	1	-1.96425653000639	-1.92797832517891	88 fn	1.6	fn	2
#00BFFF	3	1	1	-1.92797832517891	-1.86986814733561	89 fn	1.6	fn	2
#00BFFF	3	1	1	-1.86986814733561	-1.73575976211614	90 fn	1.6	fn	2
#00BFFF	3	1	1	-1.73575976211614	-1.58322595054159	91 fn	1.6	fn	2
#00BFFF	3	1	1	-1.58322595054159	-1.41266858884029	92 fn	1.6	fn	2
#00BFFF	3	1	1	-1.41266858884029	-1.25696709071306	93 fn	1.6	fn	2
#00BFFF	3	1	1	-1.25696709071306	-1.19692866530721	94 fn	1.6	fn	2
#00BFFF	3	1	1	-1.19692866530721	-1.02085035567387	95 fn	1.6	fn	2
#00BFFF	3	1	1	-1.02085035567387	-0.900084381817198	96 fn	1.6	fn	2
#00BFFF	3	1	1	-0.900084381817198	-0.744558328583336	97 fn	1.6	fn	2
#00BFFF	3	1	1	-0.744558328583336	-0.619305612727613	98 fn	1.6	fn	2
#00BFFF	3	1	1	-0.619305612727613	-0.508450842440922	99 fn	1.6	fn	2
#00BFFF	3	1	1	-0.508450842440922	-0.406400624885979	100 fn	1.6	fn	2
#00BFFF	3	1	1	-0.406400624885979	-0.330676470874213	101 fn	1.6	fn	2
#00BFFF	3	1	1	-0.330676470874213	-0.307814972711764	102 fn	1.6	fn	2
#00BFFF	3	1	1	-0.307814972711764	-0.305065962702509	103 fn	1.6	fn	2
#00BFFF	3	2	2	-0.305065962702509	-0.30157801319652	104 fn	1.6	fn	2
#00BFFF	3	2	2	-0.30157801319652	-0.266565813289612	105 fn	1.6	fn	2
#00BFFF	3	2	2	-0.266565813289612	-0.17366344156995	106 fn	1.6	fn	2
#00BFFF	3	2	2	-0.17366344156995	0.228355860044058	107 fn	1.6	fn	2
#00BFFF	3	2	2	0.228355860044058	1.46445996016731	108 fn	1.6	fn	2
#00BFFF	3	2	2	1.46445996016731	9.08500842897606	109 fn	1.6	fn	2
#00BFFF	3	0	0	-13.3670578848165	-9.14650941600775	55 fn	1.8	fn	2
#00BFFF	3	0	0	-9.14650941600775	-5.83600804220391	56 fn	1.8	fn	2
#00BFFF	3	0	0	-5.83600804220391	-4.93807406515583	57 fn	1.8	fn	2
#00BFFF	3	0	0	-4.93807406515583	-4.48750556619035	58 fn	1.8	fn	2
#00BFFF	3	0	0	-4.48750556619035	-4.32049864688413	59 fn	1.8	fn	2
#00BFFF	3	0	0	-4.32049864688413	-4.25672974890662	60 fn	1.8	fn	2
#00BFFF	3	0	0	-4.25672974890662	-4.24973579597916	61 fn	1.8	fn	2
#00BFFF	3	0	0	-4.24973579597916	-4.24530759505372	62 fn	1.8	fn	2
#00BFFF	3	0	0	-4.24530759505372	-4.23998535103409	63 fn	1.8	fn	2
#00BFFF	3	0	0	-4.23998535103409	-4.22382040227741	64 fn	1.8	fn	2
#00BFFF	3	0	0	-4.22382040227741	-4.16923320973925	65 fn	1.8	fn	2
#00BFFF	3	0	0	-4.16923320973925	-4.10987279874575	66 fn	1.8	fn	2
#00BFFF	3	0	0	-4.10987279874575	-4.04250185006855	67 fn	1.8	fn	2
#00BFFF	3	0	0	-4.04250185006855	-3.97018056079695	68 fn	1.8	fn	2
#00BFFF	3	0	0	-3.97018056079695	-3.89993025889385	69 fn	1.8	fn	2
#00BFFF	3	0	0	-3.89993025889385	-3.83437798489911	70 fn	1.8	fn	2
#00BFFF	3	0	0	-3.83437798489911	-3.76322470248714	71 fn	1.8	fn	2
#00BFFF	3	0	0	-3.76322470248714	-3.67903606491499	72 fn	1.8	fn	2
#00BFFF	3	0	0	-3.67903606491499	-3.60153965300898	73 fn	1.8	fn	2
#00BFFF	3	0	0	-3.60153965300898	-3.55069404078928	74 fn	1.8	fn	2
#00BFFF	3	0	0	-3.55069404078928	-3.52842387378049	75 fn	1.8	fn	2
#00BFFF	3	0	0	-3.52842387378049	-3.5157110413324	76 fn	1.8	fn	2
#00BFFF	3	0	0	-3.5157110413324	-3.50921911543562	77 fn	1.8	fn	2
#00BFFF	3	0	0	-3.50921911543562	-3.50344684308794	78 fn	1.8	fn	2
#00BFFF	3	1	1	-3.50344684308794	-3.46992232827862	79 fn	1.8	fn	2
#00BFFF	3	1	1	-3.46992232827862	-3.36300285817	80 fn	1.8	fn	2
#00BFFF	3	1	1	-3.36300285817	-3.15375763383238	81 fn	1.8	fn	2
#00BFFF	3	1	1	-3.15375763383238	-2.69024207045818	82 fn	1.8	fn	2
#00BFFF	3	1	1	-2.69024207045818	-2.27528416347728	83 fn	1.8	fn	2
#00BFFF	3	1	1	-2.27528416347728	-2.190882922573	84 fn	1.8	fn	2
#00BFFF	3	1	1	-2.190882922573	-2.1886552624459	85 fn	1.8	fn	2
#00BFFF	3	1	1	-2.1886552624459	-2.18329963745517	86 fn	1.8	fn	2
#00BFFF	3	1	1	-2.18329963745517	-2.16425653000639	87 fn	1.8	fn	2
#00BFFF	3	1	1	-2.16425653000639	-2.12797832517891	88 fn	1.8	fn	2
#00BFFF	3	1	1	-2.12797832517891	-2.06986814733561	89 fn	1.8	fn	2
#00BFFF	3	1	1	-2.06986814733561	-1.93575976211614	90 fn	1.8	fn	2
#00BFFF	3	1	1	-1.93575976211614	-1.78322595054159	91 fn	1.8	fn	2
#00BFFF	3	1	1	-1.78322595054159	-1.61266858884029	92 fn	1.8	fn	2
#00BFFF	3	1	1	-1.61266858884029	-1.45696709071306	93 fn	1.8	fn	2
#00BFFF	3	1	1	-1.45696709071306	-1.39692866530721	94 fn	1.8	fn	2
#00BFFF	3	1	1	-1.39692866530721	-1.22085035567387	95 fn	1.8	fn	2
#00BFFF	3	1	1	-1.22085035567387	-1.1000843818172	96 fn	1.8	fn	2
#00BFFF	3	1	1	-1.1000843818172	-0.944558328583335	97 fn	1.8	fn	2
#00BFFF	3	1	1	-0.944558328583335	-0.819305612727613	98 fn	1.8	fn	2
#00BFFF	3	1	1	-0.819305612727613	-0.708450842440922	99 fn	1.8	fn	2
#00BFFF	3	1	1	-0.708450842440922	-0.606400624885978	100 fn	1.8	fn	2
#00BFFF	3	1	1	-0.606400624885978	-0.530676470874212	101 fn	1.8	fn	2
#00BFFF	3	1	1	-0.530676470874212	-0.507814972711763	102 fn	1.8	fn	2
#00BFFF	3	1	1	-0.507814972711763	-0.505065962702508	103 fn	1.8	fn	2
#00BFFF	3	2	2	-0.505065962702508	-0.50157801319652	104 fn	1.8	fn	2
#00BFFF	3	2	2	-0.50157801319652	-0.466565813289611	105 fn	1.8	fn	2
#00BFFF	3	2	2	-0.466565813289611	-0.373663441569949	106 fn	1.8	fn	2
#00BFFF	3	2	2	-0.373663441569949	0.0283558600440585	107 fn	1.8	fn	2
#00BFFF	3	2	2	0.0283558600440585	1.26445996016731	108 fn	1.8	fn	2
#00BFFF	3	2	2	1.26445996016731	9.08500842897606	109 fn	1.8	fn	2
#00BFFF	3	0	0	-13.3670578848165	-9.34650941600775	55 fn	2	fn	2
#00BFFF	3	0	0	-9.34650941600775	-6.03600804220391	56 fn	2	fn	2
#00BFFF	3	0	0	-6.03600804220391	-5.13807406515583	57 fn	2	fn	2
#00BFFF	3	0	0	-5.13807406515583	-4.68750556619035	58 fn	2	fn	2
#00BFFF	3	0	0	-4.68750556619035	-4.52049864688413	59 fn	2	fn	2
#00BFFF	3	0	0	-4.52049864688413	-4.45672974890662	60 fn	2	fn	2
#00BFFF	3	0	0	-4.45672974890662	-4.44973579597916	61 fn	2	fn	2
#00BFFF	3	0	0	-4.44973579597916	-4.44530759505372	62 fn	2	fn	2
#00BFFF	3	0	0	-4.44530759505372	-4.43998535103409	63 fn	2	fn	2
#00BFFF	3	0	0	-4.43998535103409	-4.42382040227741	64 fn	2	fn	2
#00BFFF	3	0	0	-4.42382040227741	-4.36923320973925	65 fn	2	fn	2
#00BFFF	3	0	0	-4.36923320973925	-4.30987279874575	66 fn	2	fn	2
#00BFFF	3	0	0	-4.30987279874575	-4.24250185006855	67 fn	2	fn	2
#00BFFF	3	0	0	-4.24250185006855	-4.17018056079695	68 fn	2	fn	2
#00BFFF	3	0	0	-4.17018056079695	-4.09993025889384	69 fn	2	fn	2
#00BFFF	3	0	0	-4.09993025889384	-4.03437798489911	70 fn	2	fn	2
#00BFFF	3	0	0	-4.03437798489911	-3.96322470248714	71 fn	2	fn	2
#00BFFF	3	0	0	-3.96322470248714	-3.87903606491499	72 fn	2	fn	2
#00BFFF	3	0	0	-3.87903606491499	-3.80153965300898	73 fn	2	fn	2
#00BFFF	3	0	0	-3.80153965300898	-3.75069404078928	74 fn	2	fn	2
#00BFFF	3	0	0	-3.75069404078928	-3.72842387378049	75 fn	2	fn	2
#00BFFF	3	0	0	-3.72842387378049	-3.7157110413324	76 fn	2	fn	2
#00BFFF	3	0	0	-3.7157110413324	-3.70921911543562	77 fn	2	fn	2
#00BFFF	3	0	0	-3.70921911543562	-3.70344684308794	78 fn	2	fn	2
#00BFFF	3	1	1	-3.70344684308794	-3.66992232827862	79 fn	2	fn	2
#00BFFF	3	1	1	-3.66992232827862	-3.56300285817	80 fn	2	fn	2
#00BFFF	3	1	1	-3.56300285817	-3.35375763383238	81 fn	2	fn	2
#00BFFF	3	1	1	-3.35375763383238	-2.89024207045818	82 fn	2	fn	2
#00BFFF	3	1	1	-2.89024207045818	-2.47528416347728	83 fn	2	fn	2
#00BFFF	3	1	1	-2.47528416347728	-2.390882922573	84 fn	2	fn	2
#00BFFF	3	1	1	-2.390882922573	-2.38865526244589	85 fn	2	fn	2
#00BFFF	3	1	1	-2.38865526244589	-2.38329963745517	86 fn	2	fn	2
#00BFFF	3	1	1	-2.38329963745517	-2.36425653000639	87 fn	2	fn	2
#00BFFF	3	1	1	-2.36425653000639	-2.32797832517891	88 fn	2	fn	2
#00BFFF	3	1	1	-2.32797832517891	-2.26986814733561	89 fn	2	fn	2
#00BFFF	3	1	1	-2.26986814733561	-2.13575976211614	90 fn	2	fn	2
#00BFFF	3	1	1	-2.13575976211614	-1.98322595054159	91 fn	2	fn	2
#00BFFF	3	1	1	-1.98322595054159	-1.81266858884029	92 fn	2	fn	2
#00BFFF	3	1	1	-1.81266858884029	-1.65696709071305	93 fn	2	fn	2
#00BFFF	3	1	1	-1.65696709071305	-1.59692866530721	94 fn	2	fn	2
#00BFFF	3	1	1	-1.59692866530721	-1.42085035567387	95 fn	2	fn	2
#00BFFF	3	1	1	-1.42085035567387	-1.3000843818172	96 fn	2	fn	2
#00BFFF	3	1	1	-1.3000843818172	-1.14455832858333	97 fn	2	fn	2
#00BFFF	3	1	1	-1.14455832858333	-1.01930561272761	98 fn	2	fn	2
#00BFFF	3	1	1	-1.01930561272761	-0.908450842440921	99 fn	2	fn	2
#00BFFF	3	1	1	-0.908450842440921	-0.806400624885978	100 fn	2	fn	2
#00BFFF	3	1	1	-0.806400624885978	-0.730676470874212	101 fn	2	fn	2
#00BFFF	3	1	1	-0.730676470874212	-0.707814972711763	102 fn	2	fn	2
#00BFFF	3	1	1	-0.707814972711763	-0.705065962702507	103 fn	2	fn	2
#00BFFF	3	2	2	-0.705065962702507	-0.701578013196519	104 fn	2	fn	2
#00BFFF	3	2	2	-0.701578013196519	-0.66656581328961	105 fn	2	fn	2
#00BFFF	3	2	2	-0.66656581328961	-0.573663441569948	106 fn	2	fn	2
#00BFFF	3	2	2	-0.573663441569948	-0.171644139955941	107 fn	2	fn	2
#00BFFF	3	2	2	-0.171644139955941	1.06445996016731	108 fn	2	fn	2
#00BFFF	3	2	2	1.06445996016731	9.08500842897606	109 fn	2	fn	2
#00BFFF	3	0	0	-13.3670578848165	-9.54650941600775	55 fn	2.2	fn	2
#00BFFF	3	0	0	-9.54650941600775	-6.23600804220391	56 fn	2.2	fn	2
#00BFFF	3	0	0	-6.23600804220391	-5.33807406515582	57 fn	2.2	fn	2
#00BFFF	3	0	0	-5.33807406515582	-4.88750556619035	58 fn	2.2	fn	2
#00BFFF	3	0	0	-4.88750556619035	-4.72049864688413	59 fn	2.2	fn	2
#00BFFF	3	0	0	-4.72049864688413	-4.65672974890661	60 fn	2.2	fn	2
#00BFFF	3	0	0	-4.65672974890661	-4.64973579597916	61 fn	2.2	fn	2
#00BFFF	3	0	0	-4.64973579597916	-4.64530759505372	62 fn	2.2	fn	2
#00BFFF	3	0	0	-4.64530759505372	-4.63998535103409	63 fn	2.2	fn	2
#00BFFF	3	0	0	-4.63998535103409	-4.62382040227741	64 fn	2.2	fn	2
#00BFFF	3	0	0	-4.62382040227741	-4.56923320973925	65 fn	2.2	fn	2
#00BFFF	3	0	0	-4.56923320973925	-4.50987279874575	66 fn	2.2	fn	2
#00BFFF	3	0	0	-4.50987279874575	-4.44250185006855	67 fn	2.2	fn	2
#00BFFF	3	0	0	-4.44250185006855	-4.37018056079695	68 fn	2.2	fn	2
#00BFFF	3	0	0	-4.37018056079695	-4.29993025889384	69 fn	2.2	fn	2
#00BFFF	3	0	0	-4.29993025889384	-4.23437798489911	70 fn	2.2	fn	2
#00BFFF	3	0	0	-4.23437798489911	-4.16322470248714	71 fn	2.2	fn	2
#00BFFF	3	0	0	-4.16322470248714	-4.07903606491499	72 fn	2.2	fn	2
#00BFFF	3	0	0	-4.07903606491499	-4.00153965300897	73 fn	2.2	fn	2
#00BFFF	3	0	0	-4.00153965300897	-3.95069404078928	74 fn	2.2	fn	2
#00BFFF	3	0	0	-3.95069404078928	-3.92842387378049	75 fn	2.2	fn	2
#00BFFF	3	0	0	-3.92842387378049	-3.9157110413324	76 fn	2.2	fn	2
#00BFFF	3	0	0	-3.9157110413324	-3.90921911543562	77 fn	2.2	fn	2
#00BFFF	3	0	0	-3.90921911543562	-3.90344684308794	78 fn	2.2	fn	2
#00BFFF	3	1	1	-3.90344684308794	-3.86992232827862	79 fn	2.2	fn	2
#00BFFF	3	1	1	-3.86992232827862	-3.76300285817	80 fn	2.2	fn	2
#00BFFF	3	1	1	-3.76300285817	-3.55375763383238	81 fn	2.2	fn	2
#00BFFF	3	1	1	-3.55375763383238	-3.09024207045818	82 fn	2.2	fn	2
#00BFFF	3	1	1	-3.09024207045818	-2.67528416347728	83 fn	2.2	fn	2
#00BFFF	3	1	1	-2.67528416347728	-2.59088292257299	84 fn	2.2	fn	2
#00BFFF	3	1	1	-2.59088292257299	-2.58865526244589	85 fn	2.2	fn	2
#00BFFF	3	1	1	-2.58865526244589	-2.58329963745517	86 fn	2.2	fn	2
#00BFFF	3	1	1	-2.58329963745517	-2.56425653000639	87 fn	2.2	fn	2
#00BFFF	3	1	1	-2.56425653000639	-2.52797832517891	88 fn	2.2	fn	2
#00BFFF	3	1	1	-2.52797832517891	-2.46986814733561	89 fn	2.2	fn	2
#00BFFF	3	1	1	-2.46986814733561	-2.33575976211614	90 fn	2.2	fn	2
#00BFFF	3	1	1	-2.33575976211614	-2.18322595054159	91 fn	2.2	fn	2
#00BFFF	3	1	1	-2.18322595054159	-2.01266858884029	92 fn	2.2	fn	2
#00BFFF	3	1	1	-2.01266858884029	-1.85696709071305	93 fn	2.2	fn	2
#00BFFF	3	1	1	-1.85696709071305	-1.7969286653072	94 fn	2.2	fn	2
#00BFFF	3	1	1	-1.7969286653072	-1.62085035567387	95 fn	2.2	fn	2
#00BFFF	3	1	1	-1.62085035567387	-1.5000843818172	96 fn	2.2	fn	2
#00BFFF	3	1	1	-1.5000843818172	-1.34455832858333	97 fn	2.2	fn	2
#00BFFF	3	1	1	-1.34455832858333	-1.21930561272761	98 fn	2.2	fn	2
#00BFFF	3	1	1	-1.21930561272761	-1.10845084244092	99 fn	2.2	fn	2
#00BFFF	3	1	1	-1.10845084244092	-1.00640062488598	100 fn	2.2	fn	2
#00BFFF	3	1	1	-1.00640062488598	-0.930676470874211	101 fn	2.2	fn	2
#00BFFF	3	1	1	-0.930676470874211	-0.907814972711762	102 fn	2.2	fn	2
#00BFFF	3	1	1	-0.907814972711762	-0.905065962702507	103 fn	2.2	fn	2
#00BFFF	3	2	2	-0.905065962702507	-0.901578013196518	104 fn	2.2	fn	2
#00BFFF	3	2	2	-0.901578013196518	-0.86656581328961	105 fn	2.2	fn	2
#00BFFF	3	2	2	-0.86656581328961	-0.773663441569948	106 fn	2.2	fn	2
#00BFFF	3	2	2	-0.773663441569948	-0.37164413995594	107 fn	2.2	fn	2
#00BFFF	3	2	2	-0.37164413995594	0.864459960167308	108 fn	2.2	fn	2
#00BFFF	3	2	2	0.864459960167308	9.08500842897606	109 fn	2.2	fn	2
#00BFFF	3	0	0	-13.3670578848165	-9.74650941600775	55 fn	2.4	fn	2
#00BFFF	3	0	0	-9.74650941600775	-6.43600804220391	56 fn	2.4	fn	2
#00BFFF	3	0	0	-6.43600804220391	-5.53807406515583	57 fn	2.4	fn	2
#00BFFF	3	0	0	-5.53807406515583	-5.08750556619035	58 fn	2.4	fn	2
#00BFFF	3	0	0	-5.08750556619035	-4.92049864688413	59 fn	2.4	fn	2
#00BFFF	3	0	0	-4.92049864688413	-4.85672974890662	60 fn	2.4	fn	2
#00BFFF	3	0	0	-4.85672974890662	-4.84973579597916	61 fn	2.4	fn	2
#00BFFF	3	0	0	-4.84973579597916	-4.84530759505372	62 fn	2.4	fn	2
#00BFFF	3	0	0	-4.84530759505372	-4.83998535103409	63 fn	2.4	fn	2
#00BFFF	3	0	0	-4.83998535103409	-4.82382040227741	64 fn	2.4	fn	2
#00BFFF	3	0	0	-4.82382040227741	-4.76923320973925	65 fn	2.4	fn	2
#00BFFF	3	0	0	-4.76923320973925	-4.70987279874575	66 fn	2.4	fn	2
#00BFFF	3	0	0	-4.70987279874575	-4.64250185006855	67 fn	2.4	fn	2
#00BFFF	3	0	0	-4.64250185006855	-4.57018056079695	68 fn	2.4	fn	2
#00BFFF	3	0	0	-4.57018056079695	-4.49993025889385	69 fn	2.4	fn	2
#00BFFF	3	0	0	-4.49993025889385	-4.43437798489911	70 fn	2.4	fn	2
#00BFFF	3	0	0	-4.43437798489911	-4.36322470248714	71 fn	2.4	fn	2
#00BFFF	3	0	0	-4.36322470248714	-4.27903606491499	72 fn	2.4	fn	2
#00BFFF	3	0	0	-4.27903606491499	-4.20153965300898	73 fn	2.4	fn	2
#00BFFF	3	0	0	-4.20153965300898	-4.15069404078928	74 fn	2.4	fn	2
#00BFFF	3	0	0	-4.15069404078928	-4.12842387378049	75 fn	2.4	fn	2
#00BFFF	3	0	0	-4.12842387378049	-4.1157110413324	76 fn	2.4	fn	2
#00BFFF	3	0	0	-4.1157110413324	-4.10921911543562	77 fn	2.4	fn	2
#00BFFF	3	0	0	-4.10921911543562	-4.10344684308794	78 fn	2.4	fn	2
#00BFFF	3	1	1	-4.10344684308794	-4.06992232827862	79 fn	2.4	fn	2
#00BFFF	3	1	1	-4.06992232827862	-3.96300285817	80 fn	2.4	fn	2
#00BFFF	3	1	1	-3.96300285817	-3.75375763383238	81 fn	2.4	fn	2
#00BFFF	3	1	1	-3.75375763383238	-3.29024207045818	82 fn	2.4	fn	2
#00BFFF	3	1	1	-3.29024207045818	-2.87528416347728	83 fn	2.4	fn	2
#00BFFF	3	1	1	-2.87528416347728	-2.790882922573	84 fn	2.4	fn	2
#00BFFF	3	1	1	-2.790882922573	-2.78865526244589	85 fn	2.4	fn	2
#00BFFF	3	1	1	-2.78865526244589	-2.78329963745517	86 fn	2.4	fn	2
#00BFFF	3	1	1	-2.78329963745517	-2.76425653000639	87 fn	2.4	fn	2
#00BFFF	3	1	1	-2.76425653000639	-2.72797832517891	88 fn	2.4	fn	2
#00BFFF	3	1	1	-2.72797832517891	-2.66986814733561	89 fn	2.4	fn	2
#00BFFF	3	1	1	-2.66986814733561	-2.53575976211614	90 fn	2.4	fn	2
#00BFFF	3	1	1	-2.53575976211614	-2.38322595054159	91 fn	2.4	fn	2
#00BFFF	3	1	1	-2.38322595054159	-2.21266858884029	92 fn	2.4	fn	2
#00BFFF	3	1	1	-2.21266858884029	-2.05696709071306	93 fn	2.4	fn	2
#00BFFF	3	1	1	-2.05696709071306	-1.99692866530721	94 fn	2.4	fn	2
#00BFFF	3	1	1	-1.99692866530721	-1.82085035567387	95 fn	2.4	fn	2
#00BFFF	3	1	1	-1.82085035567387	-1.7000843818172	96 fn	2.4	fn	2
#00BFFF	3	1	1	-1.7000843818172	-1.54455832858334	97 fn	2.4	fn	2
#00BFFF	3	1	1	-1.54455832858334	-1.41930561272761	98 fn	2.4	fn	2
#00BFFF	3	1	1	-1.41930561272761	-1.30845084244092	99 fn	2.4	fn	2
#00BFFF	3	1	1	-1.30845084244092	-1.20640062488598	100 fn	2.4	fn	2
#00BFFF	3	1	1	-1.20640062488598	-1.13067647087421	101 fn	2.4	fn	2
#00BFFF	3	1	1	-1.13067647087421	-1.10781497271176	102 fn	2.4	fn	2
#00BFFF	3	1	1	-1.10781497271176	-1.10506596270251	103 fn	2.4	fn	2
#00BFFF	3	2	2	-1.10506596270251	-1.10157801319652	104 fn	2.4	fn	2
#00BFFF	3	2	2	-1.10157801319652	-1.06656581328961	105 fn	2.4	fn	2
#00BFFF	3	2	2	-1.06656581328961	-0.973663441569949	106 fn	2.4	fn	2
#00BFFF	3	2	2	-0.973663441569949	-0.571644139955941	107 fn	2.4	fn	2
#00BFFF	3	2	2	-0.571644139955941	0.664459960167307	108 fn	2.4	fn	2
#00BFFF	3	2	2	0.664459960167307	9.08500842897606	109 fn	2.4	fn	2
#00BFFF	3	0	0	-13.3670578848165	-9.94650941600775	55 fn	2.6	fn	2
#00BFFF	3	0	0	-9.94650941600775	-6.63600804220391	56 fn	2.6	fn	2
#00BFFF	3	0	0	-6.63600804220391	-5.73807406515583	57 fn	2.6	fn	2
#00BFFF	3	0	0	-5.73807406515583	-5.28750556619035	58 fn	2.6	fn	2
#00BFFF	3	0	0	-5.28750556619035	-5.12049864688413	59 fn	2.6	fn	2
#00BFFF	3	0	0	-5.12049864688413	-5.05672974890662	60 fn	2.6	fn	2
#00BFFF	3	0	0	-5.05672974890662	-5.04973579597916	61 fn	2.6	fn	2
#00BFFF	3	0	0	-5.04973579597916	-5.04530759505372	62 fn	2.6	fn	2
#00BFFF	3	0	0	-5.04530759505372	-5.03998535103409	63 fn	2.6	fn	2
#00BFFF	3	0	0	-5.03998535103409	-5.02382040227741	64 fn	2.6	fn	2
#00BFFF	3	0	0	-5.02382040227741	-4.96923320973925	65 fn	2.6	fn	2
#00BFFF	3	0	0	-4.96923320973925	-4.90987279874575	66 fn	2.6	fn	2
#00BFFF	3	0	0	-4.90987279874575	-4.84250185006855	67 fn	2.6	fn	2
#00BFFF	3	0	0	-4.84250185006855	-4.77018056079695	68 fn	2.6	fn	2
#00BFFF	3	0	0	-4.77018056079695	-4.69993025889385	69 fn	2.6	fn	2
#00BFFF	3	0	0	-4.69993025889385	-4.63437798489911	70 fn	2.6	fn	2
#00BFFF	3	0	0	-4.63437798489911	-4.56322470248714	71 fn	2.6	fn	2
#00BFFF	3	0	0	-4.56322470248714	-4.47903606491499	72 fn	2.6	fn	2
#00BFFF	3	0	0	-4.47903606491499	-4.40153965300898	73 fn	2.6	fn	2
#00BFFF	3	0	0	-4.40153965300898	-4.35069404078928	74 fn	2.6	fn	2
#00BFFF	3	0	0	-4.35069404078928	-4.32842387378049	75 fn	2.6	fn	2
#00BFFF	3	0	0	-4.32842387378049	-4.3157110413324	76 fn	2.6	fn	2
#00BFFF	3	0	0	-4.3157110413324	-4.30921911543562	77 fn	2.6	fn	2
#00BFFF	3	0	0	-4.30921911543562	-4.30344684308794	78 fn	2.6	fn	2
#00BFFF	3	1	1	-4.30344684308794	-4.26992232827863	79 fn	2.6	fn	2
#00BFFF	3	1	1	-4.26992232827863	-4.16300285817	80 fn	2.6	fn	2
#00BFFF	3	1	1	-4.16300285817	-3.95375763383239	81 fn	2.6	fn	2
#00BFFF	3	1	1	-3.95375763383239	-3.49024207045819	82 fn	2.6	fn	2
#00BFFF	3	1	1	-3.49024207045819	-3.07528416347729	83 fn	2.6	fn	2
#00BFFF	3	1	1	-3.07528416347729	-2.990882922573	84 fn	2.6	fn	2
#00BFFF	3	1	1	-2.990882922573	-2.9886552624459	85 fn	2.6	fn	2
#00BFFF	3	1	1	-2.9886552624459	-2.98329963745517	86 fn	2.6	fn	2
#00BFFF	3	1	1	-2.98329963745517	-2.96425653000639	87 fn	2.6	fn	2
#00BFFF	3	1	1	-2.96425653000639	-2.92797832517891	88 fn	2.6	fn	2
#00BFFF	3	1	1	-2.92797832517891	-2.86986814733561	89 fn	2.6	fn	2
#00BFFF	3	1	1	-2.86986814733561	-2.73575976211614	90 fn	2.6	fn	2
#00BFFF	3	1	1	-2.73575976211614	-2.58322595054159	91 fn	2.6	fn	2
#00BFFF	3	1	1	-2.58322595054159	-2.41266858884029	92 fn	2.6	fn	2
#00BFFF	3	1	1	-2.41266858884029	-2.25696709071306	93 fn	2.6	fn	2
#00BFFF	3	1	1	-2.25696709071306	-2.19692866530721	94 fn	2.6	fn	2
#00BFFF	3	1	1	-2.19692866530721	-2.02085035567387	95 fn	2.6	fn	2
#00BFFF	3	1	1	-2.02085035567387	-1.9000843818172	96 fn	2.6	fn	2
#00BFFF	3	1	1	-1.9000843818172	-1.74455832858334	97 fn	2.6	fn	2
#00BFFF	3	1	1	-1.74455832858334	-1.61930561272761	98 fn	2.6	fn	2
#00BFFF	3	1	1	-1.61930561272761	-1.50845084244092	99 fn	2.6	fn	2
#00BFFF	3	1	1	-1.50845084244092	-1.40640062488598	100 fn	2.6	fn	2
#00BFFF	3	1	1	-1.40640062488598	-1.33067647087421	101 fn	2.6	fn	2
#00BFFF	3	1	1	-1.33067647087421	-1.30781497271176	102 fn	2.6	fn	2
#00BFFF	3	1	1	-1.30781497271176	-1.30506596270251	103 fn	2.6	fn	2
#00BFFF	3	2	2	-1.30506596270251	-1.30157801319652	104 fn	2.6	fn	2
#00BFFF	3	2	2	-1.30157801319652	-1.26656581328961	105 fn	2.6	fn	2
#00BFFF	3	2	2	-1.26656581328961	-1.17366344156995	106 fn	2.6	fn	2
#00BFFF	3	2	2	-1.17366344156995	-0.771644139955942	107 fn	2.6	fn	2
#00BFFF	3	2	2	-0.771644139955942	0.464459960167305	108 fn	2.6	fn	2
#00BFFF	3	2	2	0.464459960167305	9.08500842897606	109 fn	2.6	fn	2
#00BFFF	3	0	0	-13.3670578848165	-10.1465094160078	55 fn	2.8	fn	2
#00BFFF	3	0	0	-10.1465094160078	-6.83600804220391	56 fn	2.8	fn	2
#00BFFF	3	0	0	-6.83600804220391	-5.93807406515583	57 fn	2.8	fn	2
#00BFFF	3	0	0	-5.93807406515583	-5.48750556619035	58 fn	2.8	fn	2
#00BFFF	3	0	0	-5.48750556619035	-5.32049864688413	59 fn	2.8	fn	2
#00BFFF	3	0	0	-5.32049864688413	-5.25672974890662	60 fn	2.8	fn	2
#00BFFF	3	0	0	-5.25672974890662	-5.24973579597916	61 fn	2.8	fn	2
#00BFFF	3	0	0	-5.24973579597916	-5.24530759505372	62 fn	2.8	fn	2
#00BFFF	3	0	0	-5.24530759505372	-5.23998535103409	63 fn	2.8	fn	2
#00BFFF	3	0	0	-5.23998535103409	-5.22382040227741	64 fn	2.8	fn	2
#00BFFF	3	0	0	-5.22382040227741	-5.16923320973925	65 fn	2.8	fn	2
#00BFFF	3	0	0	-5.16923320973925	-5.10987279874575	66 fn	2.8	fn	2
#00BFFF	3	0	0	-5.10987279874575	-5.04250185006855	67 fn	2.8	fn	2
#00BFFF	3	0	0	-5.04250185006855	-4.97018056079695	68 fn	2.8	fn	2
#00BFFF	3	0	0	-4.97018056079695	-4.89993025889385	69 fn	2.8	fn	2
#00BFFF	3	0	0	-4.89993025889385	-4.83437798489911	70 fn	2.8	fn	2
#00BFFF	3	0	0	-4.83437798489911	-4.76322470248714	71 fn	2.8	fn	2
#00BFFF	3	0	0	-4.76322470248714	-4.67903606491499	72 fn	2.8	fn	2
#00BFFF	3	0	0	-4.67903606491499	-4.60153965300898	73 fn	2.8	fn	2
#00BFFF	3	0	0	-4.60153965300898	-4.55069404078928	74 fn	2.8	fn	2
#00BFFF	3	0	0	-4.55069404078928	-4.52842387378049	75 fn	2.8	fn	2
#00BFFF	3	0	0	-4.52842387378049	-4.5157110413324	76 fn	2.8	fn	2
#00BFFF	3	0	0	-4.5157110413324	-4.50921911543562	77 fn	2.8	fn	2
#00BFFF	3	0	0	-4.50921911543562	-4.50344684308794	78 fn	2.8	fn	2
#00BFFF	3	1	1	-4.50344684308794	-4.46992232827862	79 fn	2.8	fn	2
#00BFFF	3	1	1	-4.46992232827862	-4.36300285817	80 fn	2.8	fn	2
#00BFFF	3	1	1	-4.36300285817	-4.15375763383238	81 fn	2.8	fn	2
#00BFFF	3	1	1	-4.15375763383238	-3.69024207045818	82 fn	2.8	fn	2
#00BFFF	3	1	1	-3.69024207045818	-3.27528416347728	83 fn	2.8	fn	2
#00BFFF	3	1	1	-3.27528416347728	-3.190882922573	84 fn	2.8	fn	2
#00BFFF	3	1	1	-3.190882922573	-3.1886552624459	85 fn	2.8	fn	2
#00BFFF	3	1	1	-3.1886552624459	-3.18329963745517	86 fn	2.8	fn	2
#00BFFF	3	1	1	-3.18329963745517	-3.16425653000639	87 fn	2.8	fn	2
#00BFFF	3	1	1	-3.16425653000639	-3.12797832517891	88 fn	2.8	fn	2
#00BFFF	3	1	1	-3.12797832517891	-3.06986814733561	89 fn	2.8	fn	2
#00BFFF	3	1	1	-3.06986814733561	-2.93575976211614	90 fn	2.8	fn	2
#00BFFF	3	1	1	-2.93575976211614	-2.78322595054159	91 fn	2.8	fn	2
#00BFFF	3	1	1	-2.78322595054159	-2.61266858884029	92 fn	2.8	fn	2
#00BFFF	3	1	1	-2.61266858884029	-2.45696709071306	93 fn	2.8	fn	2
#00BFFF	3	1	1	-2.45696709071306	-2.39692866530721	94 fn	2.8	fn	2
#00BFFF	3	1	1	-2.39692866530721	-2.22085035567387	95 fn	2.8	fn	2
#00BFFF	3	1	1	-2.22085035567387	-2.1000843818172	96 fn	2.8	fn	2
#00BFFF	3	1	1	-2.1000843818172	-1.94455832858334	97 fn	2.8	fn	2
#00BFFF	3	1	1	-1.94455832858334	-1.81930561272761	98 fn	2.8	fn	2
#00BFFF	3	1	1	-1.81930561272761	-1.70845084244092	99 fn	2.8	fn	2
#00BFFF	3	1	1	-1.70845084244092	-1.60640062488598	100 fn	2.8	fn	2
#00BFFF	3	1	1	-1.60640062488598	-1.53067647087421	101 fn	2.8	fn	2
#00BFFF	3	1	1	-1.53067647087421	-1.50781497271176	102 fn	2.8	fn	2
#00BFFF	3	1	1	-1.50781497271176	-1.50506596270251	103 fn	2.8	fn	2
#00BFFF	3	2	2	-1.50506596270251	-1.50157801319652	104 fn	2.8	fn	2
#00BFFF	3	2	2	-1.50157801319652	-1.46656581328961	105 fn	2.8	fn	2
#00BFFF	3	2	2	-1.46656581328961	-1.37366344156995	106 fn	2.8	fn	2
#00BFFF	3	2	2	-1.37366344156995	-0.971644139955941	107 fn	2.8	fn	2
#00BFFF	3	2	2	-0.971644139955941	0.264459960167306	108 fn	2.8	fn	2
#00BFFF	3	2	2	0.264459960167306	9.08500842897606	109 fn	2.8	fn	2
#00BFFF	3	0	0	-13.3670578848165	-10.3465094160078	55 fn	3	fn	2
#00BFFF	3	0	0	-10.3465094160078	-7.03600804220391	56 fn	3	fn	2
#00BFFF	3	0	0	-7.03600804220391	-6.13807406515583	57 fn	3	fn	2
#00BFFF	3	0	0	-6.13807406515583	-5.68750556619035	58 fn	3	fn	2
#00BFFF	3	0	0	-5.68750556619035	-5.52049864688413	59 fn	3	fn	2
#00BFFF	3	0	0	-5.52049864688413	-5.45672974890662	60 fn	3	fn	2
#00BFFF	3	0	0	-5.45672974890662	-5.44973579597916	61 fn	3	fn	2
#00BFFF	3	0	0	-5.44973579597916	-5.44530759505372	62 fn	3	fn	2
#00BFFF	3	0	0	-5.44530759505372	-5.43998535103409	63 fn	3	fn	2
#00BFFF	3	0	0	-5.43998535103409	-5.42382040227741	64 fn	3	fn	2
#00BFFF	3	0	0	-5.42382040227741	-5.36923320973925	65 fn	3	fn	2
#00BFFF	3	0	0	-5.36923320973925	-5.30987279874575	66 fn	3	fn	2
#00BFFF	3	0	0	-5.30987279874575	-5.24250185006855	67 fn	3	fn	2
#00BFFF	3	0	0	-5.24250185006855	-5.17018056079695	68 fn	3	fn	2
#00BFFF	3	0	0	-5.17018056079695	-5.09993025889385	69 fn	3	fn	2
#00BFFF	3	0	0	-5.09993025889385	-5.03437798489911	70 fn	3	fn	2
#00BFFF	3	0	0	-5.03437798489911	-4.96322470248714	71 fn	3	fn	2
#00BFFF	3	0	0	-4.96322470248714	-4.87903606491499	72 fn	3	fn	2
#00BFFF	3	0	0	-4.87903606491499	-4.80153965300898	73 fn	3	fn	2
#00BFFF	3	0	0	-4.80153965300898	-4.75069404078928	74 fn	3	fn	2
#00BFFF	3	0	0	-4.75069404078928	-4.72842387378049	75 fn	3	fn	2
#00BFFF	3	0	0	-4.72842387378049	-4.7157110413324	76 fn	3	fn	2
#00BFFF	3	0	0	-4.7157110413324	-4.70921911543562	77 fn	3	fn	2
#00BFFF	3	0	0	-4.70921911543562	-4.70344684308794	78 fn	3	fn	2
#00BFFF	3	1	1	-4.70344684308794	-4.66992232827862	79 fn	3	fn	2
#00BFFF	3	1	1	-4.66992232827862	-4.56300285817	80 fn	3	fn	2
#00BFFF	3	1	1	-4.56300285817	-4.35375763383238	81 fn	3	fn	2
#00BFFF	3	1	1	-4.35375763383238	-3.89024207045818	82 fn	3	fn	2
#00BFFF	3	1	1	-3.89024207045818	-3.47528416347728	83 fn	3	fn	2
#00BFFF	3	1	1	-3.47528416347728	-3.390882922573	84 fn	3	fn	2
#00BFFF	3	1	1	-3.390882922573	-3.38865526244589	85 fn	3	fn	2
#00BFFF	3	1	1	-3.38865526244589	-3.38329963745517	86 fn	3	fn	2
#00BFFF	3	1	1	-3.38329963745517	-3.36425653000639	87 fn	3	fn	2
#00BFFF	3	1	1	-3.36425653000639	-3.32797832517891	88 fn	3	fn	2
#00BFFF	3	1	1	-3.32797832517891	-3.26986814733561	89 fn	3	fn	2
#00BFFF	3	1	1	-3.26986814733561	-3.13575976211614	90 fn	3	fn	2
#00BFFF	3	1	1	-3.13575976211614	-2.98322595054159	91 fn	3	fn	2
#00BFFF	3	1	1	-2.98322595054159	-2.81266858884029	92 fn	3	fn	2
#00BFFF	3	1	1	-2.81266858884029	-2.65696709071305	93 fn	3	fn	2
#00BFFF	3	1	1	-2.65696709071305	-2.59692866530721	94 fn	3	fn	2
#00BFFF	3	1	1	-2.59692866530721	-2.42085035567387	95 fn	3	fn	2
#00BFFF	3	1	1	-2.42085035567387	-2.3000843818172	96 fn	3	fn	2
#00BFFF	3	1	1	-2.3000843818172	-2.14455832858333	97 fn	3	fn	2
#00BFFF	3	1	1	-2.14455832858333	-2.01930561272761	98 fn	3	fn	2
#00BFFF	3	1	1	-2.01930561272761	-1.90845084244092	99 fn	3	fn	2
#00BFFF	3	1	1	-1.90845084244092	-1.80640062488598	100 fn	3	fn	2
#00BFFF	3	1	1	-1.80640062488598	-1.73067647087421	101 fn	3	fn	2
#00BFFF	3	1	1	-1.73067647087421	-1.70781497271176	102 fn	3	fn	2
#00BFFF	3	1	1	-1.70781497271176	-1.70506596270251	103 fn	3	fn	2
#00BFFF	3	2	2	-1.70506596270251	-1.70157801319652	104 fn	3	fn	2
#00BFFF	3	2	2	-1.70157801319652	-1.66656581328961	105 fn	3	fn	2
#00BFFF	3	2	2	-1.66656581328961	-1.57366344156995	106 fn	3	fn	2
#00BFFF	3	2	2	-1.57366344156995	-1.17164413995594	107 fn	3	fn	2
#00BFFF	3	2	2	-1.17164413995594	0.0644599601673068	108 fn	3	fn	2
#00BFFF	3	2	2	0.0644599601673068	9.08500842897606	109 fn	3	fn	2
#00BFFF	3	0	0	-13.3670578848165	-10.5465094160078	55 fn	3.2	fn	2
#00BFFF	3	0	0	-10.5465094160078	-7.23600804220391	56 fn	3.2	fn	2
#00BFFF	3	0	0	-7.23600804220391	-6.33807406515583	57 fn	3.2	fn	2
#00BFFF	3	0	0	-6.33807406515583	-5.88750556619035	58 fn	3.2	fn	2
#00BFFF	3	0	0	-5.88750556619035	-5.72049864688413	59 fn	3.2	fn	2
#00BFFF	3	0	0	-5.72049864688413	-5.65672974890662	60 fn	3.2	fn	2
#00BFFF	3	0	0	-5.65672974890662	-5.64973579597916	61 fn	3.2	fn	2
#00BFFF	3	0	0	-5.64973579597916	-5.64530759505372	62 fn	3.2	fn	2
#00BFFF	3	0	0	-5.64530759505372	-5.63998535103409	63 fn	3.2	fn	2
#00BFFF	3	0	0	-5.63998535103409	-5.62382040227741	64 fn	3.2	fn	2
#00BFFF	3	0	0	-5.62382040227741	-5.56923320973925	65 fn	3.2	fn	2
#00BFFF	3	0	0	-5.56923320973925	-5.50987279874575	66 fn	3.2	fn	2
#00BFFF	3	0	0	-5.50987279874575	-5.44250185006855	67 fn	3.2	fn	2
#00BFFF	3	0	0	-5.44250185006855	-5.37018056079695	68 fn	3.2	fn	2
#00BFFF	3	0	0	-5.37018056079695	-5.29993025889385	69 fn	3.2	fn	2
#00BFFF	3	0	0	-5.29993025889385	-5.23437798489911	70 fn	3.2	fn	2
#00BFFF	3	0	0	-5.23437798489911	-5.16322470248714	71 fn	3.2	fn	2
#00BFFF	3	0	0	-5.16322470248714	-5.07903606491499	72 fn	3.2	fn	2
#00BFFF	3	0	0	-5.07903606491499	-5.00153965300898	73 fn	3.2	fn	2
#00BFFF	3	0	0	-5.00153965300898	-4.95069404078928	74 fn	3.2	fn	2
#00BFFF	3	0	0	-4.95069404078928	-4.92842387378049	75 fn	3.2	fn	2
#00BFFF	3	0	0	-4.92842387378049	-4.9157110413324	76 fn	3.2	fn	2
#00BFFF	3	0	0	-4.9157110413324	-4.90921911543562	77 fn	3.2	fn	2
#00BFFF	3	0	0	-4.90921911543562	-4.90344684308794	78 fn	3.2	fn	2
#00BFFF	3	1	1	-4.90344684308794	-4.86992232827863	79 fn	3.2	fn	2
#00BFFF	3	1	1	-4.86992232827863	-4.76300285817	80 fn	3.2	fn	2
#00BFFF	3	1	1	-4.76300285817	-4.55375763383239	81 fn	3.2	fn	2
#00BFFF	3	1	1	-4.55375763383239	-4.09024207045819	82 fn	3.2	fn	2
#00BFFF	3	1	1	-4.09024207045819	-3.67528416347728	83 fn	3.2	fn	2
#00BFFF	3	1	1	-3.67528416347728	-3.590882922573	84 fn	3.2	fn	2
#00BFFF	3	1	1	-3.590882922573	-3.5886552624459	85 fn	3.2	fn	2
#00BFFF	3	1	1	-3.5886552624459	-3.58329963745517	86 fn	3.2	fn	2
#00BFFF	3	1	1	-3.58329963745517	-3.56425653000639	87 fn	3.2	fn	2
#00BFFF	3	1	1	-3.56425653000639	-3.52797832517891	88 fn	3.2	fn	2
#00BFFF	3	1	1	-3.52797832517891	-3.46986814733561	89 fn	3.2	fn	2
#00BFFF	3	1	1	-3.46986814733561	-3.33575976211614	90 fn	3.2	fn	2
#00BFFF	3	1	1	-3.33575976211614	-3.18322595054159	91 fn	3.2	fn	2
#00BFFF	3	1	1	-3.18322595054159	-3.01266858884029	92 fn	3.2	fn	2
#00BFFF	3	1	1	-3.01266858884029	-2.85696709071306	93 fn	3.2	fn	2
#00BFFF	3	1	1	-2.85696709071306	-2.79692866530721	94 fn	3.2	fn	2
#00BFFF	3	1	1	-2.79692866530721	-2.62085035567387	95 fn	3.2	fn	2
#00BFFF	3	1	1	-2.62085035567387	-2.5000843818172	96 fn	3.2	fn	2
#00BFFF	3	1	1	-2.5000843818172	-2.34455832858334	97 fn	3.2	fn	2
#00BFFF	3	1	1	-2.34455832858334	-2.21930561272761	98 fn	3.2	fn	2
#00BFFF	3	1	1	-2.21930561272761	-2.10845084244092	99 fn	3.2	fn	2
#00BFFF	3	1	1	-2.10845084244092	-2.00640062488598	100 fn	3.2	fn	2
#00BFFF	3	1	1	-2.00640062488598	-1.93067647087421	101 fn	3.2	fn	2
#00BFFF	3	1	1	-1.93067647087421	-1.90781497271176	102 fn	3.2	fn	2
#00BFFF	3	1	1	-1.90781497271176	-1.90506596270251	103 fn	3.2	fn	2
#00BFFF	3	2	2	-1.90506596270251	-1.90157801319652	104 fn	3.2	fn	2
#00BFFF	3	2	2	-1.90157801319652	-1.86656581328961	105 fn	3.2	fn	2
#00BFFF	3	2	2	-1.86656581328961	-1.77366344156995	106 fn	3.2	fn	2
#00BFFF	3	2	2	-1.77366344156995	-1.37164413995594	107 fn	3.2	fn	2
#00BFFF	3	2	2	-1.37164413995594	-0.135540039832694	108 fn	3.2	fn	2
#00BFFF	3	2	2	-0.135540039832694	9.08500842897606	109 fn	3.2	fn	2
#00BFFF	3	0	0	-13.3670578848165	-10.7465094160078	55 fn	3.4	fn	2
#00BFFF	3	0	0	-10.7465094160078	-7.43600804220391	56 fn	3.4	fn	2
#00BFFF	3	0	0	-7.43600804220391	-6.53807406515583	57 fn	3.4	fn	2
#00BFFF	3	0	0	-6.53807406515583	-6.08750556619035	58 fn	3.4	fn	2
#00BFFF	3	0	0	-6.08750556619035	-5.92049864688413	59 fn	3.4	fn	2
#00BFFF	3	0	0	-5.92049864688413	-5.85672974890662	60 fn	3.4	fn	2
#00BFFF	3	0	0	-5.85672974890662	-5.84973579597916	61 fn	3.4	fn	2
#00BFFF	3	0	0	-5.84973579597916	-5.84530759505372	62 fn	3.4	fn	2
#00BFFF	3	0	0	-5.84530759505372	-5.83998535103409	63 fn	3.4	fn	2
#00BFFF	3	0	0	-5.83998535103409	-5.82382040227741	64 fn	3.4	fn	2
#00BFFF	3	0	0	-5.82382040227741	-5.76923320973925	65 fn	3.4	fn	2
#00BFFF	3	0	0	-5.76923320973925	-5.70987279874575	66 fn	3.4	fn	2
#00BFFF	3	0	0	-5.70987279874575	-5.64250185006855	67 fn	3.4	fn	2
#00BFFF	3	0	0	-5.64250185006855	-5.57018056079695	68 fn	3.4	fn	2
#00BFFF	3	0	0	-5.57018056079695	-5.49993025889385	69 fn	3.4	fn	2
#00BFFF	3	0	0	-5.49993025889385	-5.43437798489911	70 fn	3.4	fn	2
#00BFFF	3	0	0	-5.43437798489911	-5.36322470248714	71 fn	3.4	fn	2
#00BFFF	3	0	0	-5.36322470248714	-5.27903606491499	72 fn	3.4	fn	2
#00BFFF	3	0	0	-5.27903606491499	-5.20153965300898	73 fn	3.4	fn	2
#00BFFF	3	0	0	-5.20153965300898	-5.15069404078928	74 fn	3.4	fn	2
#00BFFF	3	0	0	-5.15069404078928	-5.12842387378049	75 fn	3.4	fn	2
#00BFFF	3	0	0	-5.12842387378049	-5.1157110413324	76 fn	3.4	fn	2
#00BFFF	3	0	0	-5.1157110413324	-5.10921911543562	77 fn	3.4	fn	2
#00BFFF	3	0	0	-5.10921911543562	-5.10344684308794	78 fn	3.4	fn	2
#00BFFF	3	1	1	-5.10344684308794	-5.06992232827862	79 fn	3.4	fn	2
#00BFFF	3	1	1	-5.06992232827862	-4.96300285817	80 fn	3.4	fn	2
#00BFFF	3	1	1	-4.96300285817	-4.75375763383238	81 fn	3.4	fn	2
#00BFFF	3	1	1	-4.75375763383238	-4.29024207045818	82 fn	3.4	fn	2
#00BFFF	3	1	1	-4.29024207045818	-3.87528416347728	83 fn	3.4	fn	2
#00BFFF	3	1	1	-3.87528416347728	-3.790882922573	84 fn	3.4	fn	2
#00BFFF	3	1	1	-3.790882922573	-3.78865526244589	85 fn	3.4	fn	2
#00BFFF	3	1	1	-3.78865526244589	-3.78329963745517	86 fn	3.4	fn	2
#00BFFF	3	1	1	-3.78329963745517	-3.76425653000639	87 fn	3.4	fn	2
#00BFFF	3	1	1	-3.76425653000639	-3.72797832517891	88 fn	3.4	fn	2
#00BFFF	3	1	1	-3.72797832517891	-3.66986814733561	89 fn	3.4	fn	2
#00BFFF	3	1	1	-3.66986814733561	-3.53575976211614	90 fn	3.4	fn	2
#00BFFF	3	1	1	-3.53575976211614	-3.38322595054159	91 fn	3.4	fn	2
#00BFFF	3	1	1	-3.38322595054159	-3.21266858884029	92 fn	3.4	fn	2
#00BFFF	3	1	1	-3.21266858884029	-3.05696709071306	93 fn	3.4	fn	2
#00BFFF	3	1	1	-3.05696709071306	-2.99692866530721	94 fn	3.4	fn	2
#00BFFF	3	1	1	-2.99692866530721	-2.82085035567387	95 fn	3.4	fn	2
#00BFFF	3	1	1	-2.82085035567387	-2.7000843818172	96 fn	3.4	fn	2
#00BFFF	3	1	1	-2.7000843818172	-2.54455832858334	97 fn	3.4	fn	2
#00BFFF	3	1	1	-2.54455832858334	-2.41930561272761	98 fn	3.4	fn	2
#00BFFF	3	1	1	-2.41930561272761	-2.30845084244092	99 fn	3.4	fn	2
#00BFFF	3	1	1	-2.30845084244092	-2.20640062488598	100 fn	3.4	fn	2
#00BFFF	3	1	1	-2.20640062488598	-2.13067647087421	101 fn	3.4	fn	2
#00BFFF	3	1	1	-2.13067647087421	-2.10781497271176	102 fn	3.4	fn	2
#00BFFF	3	1	1	-2.10781497271176	-2.10506596270251	103 fn	3.4	fn	2
#00BFFF	3	2	2	-2.10506596270251	-2.10157801319652	104 fn	3.4	fn	2
#00BFFF	3	2	2	-2.10157801319652	-2.06656581328961	105 fn	3.4	fn	2
#00BFFF	3	2	2	-2.06656581328961	-1.97366344156995	106 fn	3.4	fn	2
#00BFFF	3	2	2	-1.97366344156995	-1.57164413995594	107 fn	3.4	fn	2
#00BFFF	3	2	2	-1.57164413995594	-0.335540039832694	108 fn	3.4	fn	2
#00BFFF	3	2	2	-0.335540039832694	9.08500842897606	109 fn	3.4	fn	2
#00BFFF	3	0	0	-13.3670578848165	-10.9465094160078	55 fn	3.6	fn	2
#00BFFF	3	0	0	-10.9465094160078	-7.63600804220391	56 fn	3.6	fn	2
#00BFFF	3	0	0	-7.63600804220391	-6.73807406515583	57 fn	3.6	fn	2
#00BFFF	3	0	0	-6.73807406515583	-6.28750556619035	58 fn	3.6	fn	2
#00BFFF	3	0	0	-6.28750556619035	-6.12049864688413	59 fn	3.6	fn	2
#00BFFF	3	0	0	-6.12049864688413	-6.05672974890662	60 fn	3.6	fn	2
#00BFFF	3	0	0	-6.05672974890662	-6.04973579597916	61 fn	3.6	fn	2
#00BFFF	3	0	0	-6.04973579597916	-6.04530759505372	62 fn	3.6	fn	2
#00BFFF	3	0	0	-6.04530759505372	-6.03998535103409	63 fn	3.6	fn	2
#00BFFF	3	0	0	-6.03998535103409	-6.02382040227741	64 fn	3.6	fn	2
#00BFFF	3	0	0	-6.02382040227741	-5.96923320973925	65 fn	3.6	fn	2
#00BFFF	3	0	0	-5.96923320973925	-5.90987279874575	66 fn	3.6	fn	2
#00BFFF	3	0	0	-5.90987279874575	-5.84250185006855	67 fn	3.6	fn	2
#00BFFF	3	0	0	-5.84250185006855	-5.77018056079695	68 fn	3.6	fn	2
#00BFFF	3	0	0	-5.77018056079695	-5.69993025889384	69 fn	3.6	fn	2
#00BFFF	3	0	0	-5.69993025889384	-5.63437798489911	70 fn	3.6	fn	2
#00BFFF	3	0	0	-5.63437798489911	-5.56322470248714	71 fn	3.6	fn	2
#00BFFF	3	0	0	-5.56322470248714	-5.47903606491499	72 fn	3.6	fn	2
#00BFFF	3	0	0	-5.47903606491499	-5.40153965300898	73 fn	3.6	fn	2
#00BFFF	3	0	0	-5.40153965300898	-5.35069404078928	74 fn	3.6	fn	2
#00BFFF	3	0	0	-5.35069404078928	-5.32842387378049	75 fn	3.6	fn	2
#00BFFF	3	0	0	-5.32842387378049	-5.3157110413324	76 fn	3.6	fn	2
#00BFFF	3	0	0	-5.3157110413324	-5.30921911543562	77 fn	3.6	fn	2
#00BFFF	3	0	0	-5.30921911543562	-5.30344684308794	78 fn	3.6	fn	2
#00BFFF	3	1	1	-5.30344684308794	-5.26992232827862	79 fn	3.6	fn	2
#00BFFF	3	1	1	-5.26992232827862	-5.16300285817	80 fn	3.6	fn	2
#00BFFF	3	1	1	-5.16300285817	-4.95375763383238	81 fn	3.6	fn	2
#00BFFF	3	1	1	-4.95375763383238	-4.49024207045818	82 fn	3.6	fn	2
#00BFFF	3	1	1	-4.49024207045818	-4.07528416347728	83 fn	3.6	fn	2
#00BFFF	3	1	1	-4.07528416347728	-3.990882922573	84 fn	3.6	fn	2
#00BFFF	3	1	1	-3.990882922573	-3.98865526244589	85 fn	3.6	fn	2
#00BFFF	3	1	1	-3.98865526244589	-3.98329963745517	86 fn	3.6	fn	2
#00BFFF	3	1	1	-3.98329963745517	-3.96425653000639	87 fn	3.6	fn	2
#00BFFF	3	1	1	-3.96425653000639	-3.92797832517891	88 fn	3.6	fn	2
#00BFFF	3	1	1	-3.92797832517891	-3.86986814733561	89 fn	3.6	fn	2
#00BFFF	3	1	1	-3.86986814733561	-3.73575976211614	90 fn	3.6	fn	2
#00BFFF	3	1	1	-3.73575976211614	-3.58322595054159	91 fn	3.6	fn	2
#00BFFF	3	1	1	-3.58322595054159	-3.41266858884029	92 fn	3.6	fn	2
#00BFFF	3	1	1	-3.41266858884029	-3.25696709071305	93 fn	3.6	fn	2
#00BFFF	3	1	1	-3.25696709071305	-3.1969286653072	94 fn	3.6	fn	2
#00BFFF	3	1	1	-3.1969286653072	-3.02085035567387	95 fn	3.6	fn	2
#00BFFF	3	1	1	-3.02085035567387	-2.9000843818172	96 fn	3.6	fn	2
#00BFFF	3	1	1	-2.9000843818172	-2.74455832858333	97 fn	3.6	fn	2
#00BFFF	3	1	1	-2.74455832858333	-2.61930561272761	98 fn	3.6	fn	2
#00BFFF	3	1	1	-2.61930561272761	-2.50845084244092	99 fn	3.6	fn	2
#00BFFF	3	1	1	-2.50845084244092	-2.40640062488598	100 fn	3.6	fn	2
#00BFFF	3	1	1	-2.40640062488598	-2.33067647087421	101 fn	3.6	fn	2
#00BFFF	3	1	1	-2.33067647087421	-2.30781497271176	102 fn	3.6	fn	2
#00BFFF	3	1	1	-2.30781497271176	-2.30506596270251	103 fn	3.6	fn	2
#00BFFF	3	2	2	-2.30506596270251	-2.30157801319652	104 fn	3.6	fn	2
#00BFFF	3	2	2	-2.30157801319652	-2.26656581328961	105 fn	3.6	fn	2
#00BFFF	3	2	2	-2.26656581328961	-2.17366344156995	106 fn	3.6	fn	2
#00BFFF	3	2	2	-2.17366344156995	-1.77164413995594	107 fn	3.6	fn	2
#00BFFF	3	2	2	-1.77164413995594	-0.535540039832693	108 fn	3.6	fn	2
#00BFFF	3	2	2	-0.535540039832693	9.08500842897606	109 fn	3.6	fn	2
#00BFFF	3	0	0	-13.3670578848165	-11.1465094160078	55 fn	3.8	fn	2
#00BFFF	3	0	0	-11.1465094160078	-7.83600804220391	56 fn	3.8	fn	2
#00BFFF	3	0	0	-7.83600804220391	-6.93807406515583	57 fn	3.8	fn	2
#00BFFF	3	0	0	-6.93807406515583	-6.48750556619035	58 fn	3.8	fn	2
#00BFFF	3	0	0	-6.48750556619035	-6.32049864688413	59 fn	3.8	fn	2
#00BFFF	3	0	0	-6.32049864688413	-6.25672974890662	60 fn	3.8	fn	2
#00BFFF	3	0	0	-6.25672974890662	-6.24973579597916	61 fn	3.8	fn	2
#00BFFF	3	0	0	-6.24973579597916	-6.24530759505372	62 fn	3.8	fn	2
#00BFFF	3	0	0	-6.24530759505372	-6.23998535103409	63 fn	3.8	fn	2
#00BFFF	3	0	0	-6.23998535103409	-6.22382040227741	64 fn	3.8	fn	2
#00BFFF	3	0	0	-6.22382040227741	-6.16923320973925	65 fn	3.8	fn	2
#00BFFF	3	0	0	-6.16923320973925	-6.10987279874575	66 fn	3.8	fn	2
#00BFFF	3	0	0	-6.10987279874575	-6.04250185006855	67 fn	3.8	fn	2
#00BFFF	3	0	0	-6.04250185006855	-5.97018056079695	68 fn	3.8	fn	2
#00BFFF	3	0	0	-5.97018056079695	-5.89993025889385	69 fn	3.8	fn	2
#00BFFF	3	0	0	-5.89993025889385	-5.83437798489911	70 fn	3.8	fn	2
#00BFFF	3	0	0	-5.83437798489911	-5.76322470248714	71 fn	3.8	fn	2
#00BFFF	3	0	0	-5.76322470248714	-5.67903606491499	72 fn	3.8	fn	2
#00BFFF	3	0	0	-5.67903606491499	-5.60153965300898	73 fn	3.8	fn	2
#00BFFF	3	0	0	-5.60153965300898	-5.55069404078928	74 fn	3.8	fn	2
#00BFFF	3	0	0	-5.55069404078928	-5.52842387378049	75 fn	3.8	fn	2
#00BFFF	3	0	0	-5.52842387378049	-5.5157110413324	76 fn	3.8	fn	2
#00BFFF	3	0	0	-5.5157110413324	-5.50921911543562	77 fn	3.8	fn	2
#00BFFF	3	0	0	-5.50921911543562	-5.50344684308794	78 fn	3.8	fn	2
#00BFFF	3	1	1	-5.50344684308794	-5.46992232827862	79 fn	3.8	fn	2
#00BFFF	3	1	1	-5.46992232827862	-5.36300285817	80 fn	3.8	fn	2
#00BFFF	3	1	1	-5.36300285817	-5.15375763383238	81 fn	3.8	fn	2
#00BFFF	3	1	1	-5.15375763383238	-4.69024207045819	82 fn	3.8	fn	2
#00BFFF	3	1	1	-4.69024207045819	-4.27528416347728	83 fn	3.8	fn	2
#00BFFF	3	1	1	-4.27528416347728	-4.190882922573	84 fn	3.8	fn	2
#00BFFF	3	1	1	-4.190882922573	-4.1886552624459	85 fn	3.8	fn	2
#00BFFF	3	1	1	-4.1886552624459	-4.18329963745517	86 fn	3.8	fn	2
#00BFFF	3	1	1	-4.18329963745517	-4.16425653000639	87 fn	3.8	fn	2
#00BFFF	3	1	1	-4.16425653000639	-4.12797832517891	88 fn	3.8	fn	2
#00BFFF	3	1	1	-4.12797832517891	-4.06986814733561	89 fn	3.8	fn	2
#00BFFF	3	1	1	-4.06986814733561	-3.93575976211614	90 fn	3.8	fn	2
#00BFFF	3	1	1	-3.93575976211614	-3.78322595054159	91 fn	3.8	fn	2
#00BFFF	3	1	1	-3.78322595054159	-3.61266858884029	92 fn	3.8	fn	2
#00BFFF	3	1	1	-3.61266858884029	-3.45696709071306	93 fn	3.8	fn	2
#00BFFF	3	1	1	-3.45696709071306	-3.39692866530721	94 fn	3.8	fn	2
#00BFFF	3	1	1	-3.39692866530721	-3.22085035567387	95 fn	3.8	fn	2
#00BFFF	3	1	1	-3.22085035567387	-3.1000843818172	96 fn	3.8	fn	2
#00BFFF	3	1	1	-3.1000843818172	-2.94455832858334	97 fn	3.8	fn	2
#00BFFF	3	1	1	-2.94455832858334	-2.81930561272761	98 fn	3.8	fn	2
#00BFFF	3	1	1	-2.81930561272761	-2.70845084244092	99 fn	3.8	fn	2
#00BFFF	3	1	1	-2.70845084244092	-2.60640062488598	100 fn	3.8	fn	2
#00BFFF	3	1	1	-2.60640062488598	-2.53067647087421	101 fn	3.8	fn	2
#00BFFF	3	1	1	-2.53067647087421	-2.50781497271176	102 fn	3.8	fn	2
#00BFFF	3	1	1	-2.50781497271176	-2.50506596270251	103 fn	3.8	fn	2
#00BFFF	3	2	2	-2.50506596270251	-2.50157801319652	104 fn	3.8	fn	2
#00BFFF	3	2	2	-2.50157801319652	-2.46656581328961	105 fn	3.8	fn	2
#00BFFF	3	2	2	-2.46656581328961	-2.37366344156995	106 fn	3.8	fn	2
#00BFFF	3	2	2	-2.37366344156995	-1.97164413995594	107 fn	3.8	fn	2
#00BFFF	3	2	2	-1.97164413995594	-0.735540039832694	108 fn	3.8	fn	2
#00BFFF	3	2	2	-0.735540039832694	9.08500842897606	109 fn	3.8	fn	2
#00BFFF	3	0	0	-13.3670578848165	-11.3465094160078	55 fn	4	fn	2
#00BFFF	3	0	0	-11.3465094160078	-8.03600804220391	56 fn	4	fn	2
#00BFFF	3	0	0	-8.03600804220391	-7.13807406515583	57 fn	4	fn	2
#00BFFF	3	0	0	-7.13807406515583	-6.68750556619035	58 fn	4	fn	2
#00BFFF	3	0	0	-6.68750556619035	-6.52049864688413	59 fn	4	fn	2
#00BFFF	3	0	0	-6.52049864688413	-6.45672974890662	60 fn	4	fn	2
#00BFFF	3	0	0	-6.45672974890662	-6.44973579597916	61 fn	4	fn	2
#00BFFF	3	0	0	-6.44973579597916	-6.44530759505372	62 fn	4	fn	2
#00BFFF	3	0	0	-6.44530759505372	-6.43998535103409	63 fn	4	fn	2
#00BFFF	3	0	0	-6.43998535103409	-6.42382040227741	64 fn	4	fn	2
#00BFFF	3	0	0	-6.42382040227741	-6.36923320973925	65 fn	4	fn	2
#00BFFF	3	0	0	-6.36923320973925	-6.30987279874575	66 fn	4	fn	2
#00BFFF	3	0	0	-6.30987279874575	-6.24250185006855	67 fn	4	fn	2
#00BFFF	3	0	0	-6.24250185006855	-6.17018056079695	68 fn	4	fn	2
#00BFFF	3	0	0	-6.17018056079695	-6.09993025889385	69 fn	4	fn	2
#00BFFF	3	0	0	-6.09993025889385	-6.03437798489911	70 fn	4	fn	2
#00BFFF	3	0	0	-6.03437798489911	-5.96322470248714	71 fn	4	fn	2
#00BFFF	3	0	0	-5.96322470248714	-5.87903606491499	72 fn	4	fn	2
#00BFFF	3	0	0	-5.87903606491499	-5.80153965300898	73 fn	4	fn	2
#00BFFF	3	0	0	-5.80153965300898	-5.75069404078928	74 fn	4	fn	2
#00BFFF	3	0	0	-5.75069404078928	-5.72842387378049	75 fn	4	fn	2
#00BFFF	3	0	0	-5.72842387378049	-5.7157110413324	76 fn	4	fn	2
#00BFFF	3	0	0	-5.7157110413324	-5.70921911543562	77 fn	4	fn	2
#00BFFF	3	0	0	-5.70921911543562	-5.70344684308794	78 fn	4	fn	2
#00BFFF	3	1	1	-5.70344684308794	-5.66992232827862	79 fn	4	fn	2
#00BFFF	3	1	1	-5.66992232827862	-5.56300285817	80 fn	4	fn	2
#00BFFF	3	1	1	-5.56300285817	-5.35375763383238	81 fn	4	fn	2
#00BFFF	3	1	1	-5.35375763383238	-4.89024207045818	82 fn	4	fn	2
#00BFFF	3	1	1	-4.89024207045818	-4.47528416347728	83 fn	4	fn	2
#00BFFF	3	1	1	-4.47528416347728	-4.390882922573	84 fn	4	fn	2
#00BFFF	3	1	1	-4.390882922573	-4.38865526244589	85 fn	4	fn	2
#00BFFF	3	1	1	-4.38865526244589	-4.38329963745517	86 fn	4	fn	2
#00BFFF	3	1	1	-4.38329963745517	-4.36425653000639	87 fn	4	fn	2
#00BFFF	3	1	1	-4.36425653000639	-4.32797832517891	88 fn	4	fn	2
#00BFFF	3	1	1	-4.32797832517891	-4.26986814733561	89 fn	4	fn	2
#00BFFF	3	1	1	-4.26986814733561	-4.13575976211614	90 fn	4	fn	2
#00BFFF	3	1	1	-4.13575976211614	-3.98322595054159	91 fn	4	fn	2
#00BFFF	3	1	1	-3.98322595054159	-3.81266858884029	92 fn	4	fn	2
#00BFFF	3	1	1	-3.81266858884029	-3.65696709071305	93 fn	4	fn	2
#00BFFF	3	1	1	-3.65696709071305	-3.59692866530721	94 fn	4	fn	2
#00BFFF	3	1	1	-3.59692866530721	-3.42085035567387	95 fn	4	fn	2
#00BFFF	3	1	1	-3.42085035567387	-3.3000843818172	96 fn	4	fn	2
#00BFFF	3	1	1	-3.3000843818172	-3.14455832858333	97 fn	4	fn	2
#00BFFF	3	1	1	-3.14455832858333	-3.01930561272761	98 fn	4	fn	2
#00BFFF	3	1	1	-3.01930561272761	-2.90845084244092	99 fn	4	fn	2
#00BFFF	3	1	1	-2.90845084244092	-2.80640062488598	100 fn	4	fn	2
#00BFFF	3	1	1	-2.80640062488598	-2.73067647087421	101 fn	4	fn	2
#00BFFF	3	1	1	-2.73067647087421	-2.70781497271176	102 fn	4	fn	2
#00BFFF	3	1	1	-2.70781497271176	-2.70506596270251	103 fn	4	fn	2
#00BFFF	3	2	2	-2.70506596270251	-2.70157801319652	104 fn	4	fn	2
#00BFFF	3	2	2	-2.70157801319652	-2.66656581328961	105 fn	4	fn	2
#00BFFF	3	2	2	-2.66656581328961	-2.57366344156995	106 fn	4	fn	2
#00BFFF	3	2	2	-2.57366344156995	-2.17164413995594	107 fn	4	fn	2
#00BFFF	3	2	2	-2.17164413995594	-0.935540039832693	108 fn	4	fn	2
#00BFFF	3	2	2	-0.935540039832693	9.08500842897606	109 fn	4	fn	2
#00BFFF	3	0	0	-13.3670578848165	-11.5465094160078	55 fn	4.2	fn	2
#00BFFF	3	0	0	-11.5465094160078	-8.23600804220391	56 fn	4.2	fn	2
#00BFFF	3	0	0	-8.23600804220391	-7.33807406515583	57 fn	4.2	fn	2
#00BFFF	3	0	0	-7.33807406515583	-6.88750556619035	58 fn	4.2	fn	2
#00BFFF	3	0	0	-6.88750556619035	-6.72049864688413	59 fn	4.2	fn	2
#00BFFF	3	0	0	-6.72049864688413	-6.65672974890662	60 fn	4.2	fn	2
#00BFFF	3	0	0	-6.65672974890662	-6.64973579597916	61 fn	4.2	fn	2
#00BFFF	3	0	0	-6.64973579597916	-6.64530759505372	62 fn	4.2	fn	2
#00BFFF	3	0	0	-6.64530759505372	-6.63998535103409	63 fn	4.2	fn	2
#00BFFF	3	0	0	-6.63998535103409	-6.62382040227741	64 fn	4.2	fn	2
#00BFFF	3	0	0	-6.62382040227741	-6.56923320973925	65 fn	4.2	fn	2
#00BFFF	3	0	0	-6.56923320973925	-6.50987279874575	66 fn	4.2	fn	2
#00BFFF	3	0	0	-6.50987279874575	-6.44250185006855	67 fn	4.2	fn	2
#00BFFF	3	0	0	-6.44250185006855	-6.37018056079695	68 fn	4.2	fn	2
#00BFFF	3	0	0	-6.37018056079695	-6.29993025889385	69 fn	4.2	fn	2
#00BFFF	3	0	0	-6.29993025889385	-6.23437798489911	70 fn	4.2	fn	2
#00BFFF	3	0	0	-6.23437798489911	-6.16322470248714	71 fn	4.2	fn	2
#00BFFF	3	0	0	-6.16322470248714	-6.07903606491499	72 fn	4.2	fn	2
#00BFFF	3	0	0	-6.07903606491499	-6.00153965300898	73 fn	4.2	fn	2
#00BFFF	3	0	0	-6.00153965300898	-5.95069404078928	74 fn	4.2	fn	2
#00BFFF	3	0	0	-5.95069404078928	-5.92842387378049	75 fn	4.2	fn	2
#00BFFF	3	0	0	-5.92842387378049	-5.9157110413324	76 fn	4.2	fn	2
#00BFFF	3	0	0	-5.9157110413324	-5.90921911543562	77 fn	4.2	fn	2
#00BFFF	3	0	0	-5.90921911543562	-5.90344684308794	78 fn	4.2	fn	2
#00BFFF	3	1	1	-5.90344684308794	-5.86992232827863	79 fn	4.2	fn	2
#00BFFF	3	1	1	-5.86992232827863	-5.76300285817	80 fn	4.2	fn	2
#00BFFF	3	1	1	-5.76300285817	-5.55375763383239	81 fn	4.2	fn	2
#00BFFF	3	1	1	-5.55375763383239	-5.09024207045819	82 fn	4.2	fn	2
#00BFFF	3	1	1	-5.09024207045819	-4.67528416347729	83 fn	4.2	fn	2
#00BFFF	3	1	1	-4.67528416347729	-4.590882922573	84 fn	4.2	fn	2
#00BFFF	3	1	1	-4.590882922573	-4.5886552624459	85 fn	4.2	fn	2
#00BFFF	3	1	1	-4.5886552624459	-4.58329963745517	86 fn	4.2	fn	2
#00BFFF	3	1	1	-4.58329963745517	-4.56425653000639	87 fn	4.2	fn	2
#00BFFF	3	1	1	-4.56425653000639	-4.52797832517891	88 fn	4.2	fn	2
#00BFFF	3	1	1	-4.52797832517891	-4.46986814733561	89 fn	4.2	fn	2
#00BFFF	3	1	1	-4.46986814733561	-4.33575976211614	90 fn	4.2	fn	2
#00BFFF	3	1	1	-4.33575976211614	-4.18322595054159	91 fn	4.2	fn	2
#00BFFF	3	1	1	-4.18322595054159	-4.01266858884029	92 fn	4.2	fn	2
#00BFFF	3	1	1	-4.01266858884029	-3.85696709071306	93 fn	4.2	fn	2
#00BFFF	3	1	1	-3.85696709071306	-3.79692866530721	94 fn	4.2	fn	2
#00BFFF	3	1	1	-3.79692866530721	-3.62085035567387	95 fn	4.2	fn	2
#00BFFF	3	1	1	-3.62085035567387	-3.5000843818172	96 fn	4.2	fn	2
#00BFFF	3	1	1	-3.5000843818172	-3.34455832858334	97 fn	4.2	fn	2
#00BFFF	3	1	1	-3.34455832858334	-3.21930561272761	98 fn	4.2	fn	2
#00BFFF	3	1	1	-3.21930561272761	-3.10845084244092	99 fn	4.2	fn	2
#00BFFF	3	1	1	-3.10845084244092	-3.00640062488598	100 fn	4.2	fn	2
#00BFFF	3	1	1	-3.00640062488598	-2.93067647087421	101 fn	4.2	fn	2
#00BFFF	3	1	1	-2.93067647087421	-2.90781497271176	102 fn	4.2	fn	2
#00BFFF	3	1	1	-2.90781497271176	-2.90506596270251	103 fn	4.2	fn	2
#00BFFF	3	2	2	-2.90506596270251	-2.90157801319652	104 fn	4.2	fn	2
#00BFFF	3	2	2	-2.90157801319652	-2.86656581328961	105 fn	4.2	fn	2
#00BFFF	3	2	2	-2.86656581328961	-2.77366344156995	106 fn	4.2	fn	2
#00BFFF	3	2	2	-2.77366344156995	-2.37164413995594	107 fn	4.2	fn	2
#00BFFF	3	2	2	-2.37164413995594	-1.13554003983269	108 fn	4.2	fn	2
#00BFFF	3	2	2	-1.13554003983269	9.08500842897606	109 fn	4.2	fn	2
#00BFFF	3	0	0	-13.3670578848165	-11.7465094160078	55 fn	4.4	fn	2
#00BFFF	3	0	0	-11.7465094160078	-8.43600804220391	56 fn	4.4	fn	2
#00BFFF	3	0	0	-8.43600804220391	-7.53807406515583	57 fn	4.4	fn	2
#00BFFF	3	0	0	-7.53807406515583	-7.08750556619035	58 fn	4.4	fn	2
#00BFFF	3	0	0	-7.08750556619035	-6.92049864688413	59 fn	4.4	fn	2
#00BFFF	3	0	0	-6.92049864688413	-6.85672974890662	60 fn	4.4	fn	2
#00BFFF	3	0	0	-6.85672974890662	-6.84973579597916	61 fn	4.4	fn	2
#00BFFF	3	0	0	-6.84973579597916	-6.84530759505372	62 fn	4.4	fn	2
#00BFFF	3	0	0	-6.84530759505372	-6.83998535103409	63 fn	4.4	fn	2
#00BFFF	3	0	0	-6.83998535103409	-6.82382040227741	64 fn	4.4	fn	2
#00BFFF	3	0	0	-6.82382040227741	-6.76923320973925	65 fn	4.4	fn	2
#00BFFF	3	0	0	-6.76923320973925	-6.70987279874575	66 fn	4.4	fn	2
#00BFFF	3	0	0	-6.70987279874575	-6.64250185006855	67 fn	4.4	fn	2
#00BFFF	3	0	0	-6.64250185006855	-6.57018056079695	68 fn	4.4	fn	2
#00BFFF	3	0	0	-6.57018056079695	-6.49993025889385	69 fn	4.4	fn	2
#00BFFF	3	0	0	-6.49993025889385	-6.43437798489911	70 fn	4.4	fn	2
#00BFFF	3	0	0	-6.43437798489911	-6.36322470248714	71 fn	4.4	fn	2
#00BFFF	3	0	0	-6.36322470248714	-6.27903606491499	72 fn	4.4	fn	2
#00BFFF	3	0	0	-6.27903606491499	-6.20153965300898	73 fn	4.4	fn	2
#00BFFF	3	0	0	-6.20153965300898	-6.15069404078928	74 fn	4.4	fn	2
#00BFFF	3	0	0	-6.15069404078928	-6.12842387378049	75 fn	4.4	fn	2
#00BFFF	3	0	0	-6.12842387378049	-6.1157110413324	76 fn	4.4	fn	2
#00BFFF	3	0	0	-6.1157110413324	-6.10921911543562	77 fn	4.4	fn	2
#00BFFF	3	0	0	-6.10921911543562	-6.10344684308794	78 fn	4.4	fn	2
#00BFFF	3	1	1	-6.10344684308794	-6.06992232827862	79 fn	4.4	fn	2
#00BFFF	3	1	1	-6.06992232827862	-5.96300285817	80 fn	4.4	fn	2
#00BFFF	3	1	1	-5.96300285817	-5.75375763383238	81 fn	4.4	fn	2
#00BFFF	3	1	1	-5.75375763383238	-5.29024207045818	82 fn	4.4	fn	2
#00BFFF	3	1	1	-5.29024207045818	-4.87528416347728	83 fn	4.4	fn	2
#00BFFF	3	1	1	-4.87528416347728	-4.790882922573	84 fn	4.4	fn	2
#00BFFF	3	1	1	-4.790882922573	-4.7886552624459	85 fn	4.4	fn	2
#00BFFF	3	1	1	-4.7886552624459	-4.78329963745517	86 fn	4.4	fn	2
#00BFFF	3	1	1	-4.78329963745517	-4.76425653000639	87 fn	4.4	fn	2
#00BFFF	3	1	1	-4.76425653000639	-4.72797832517891	88 fn	4.4	fn	2
#00BFFF	3	1	1	-4.72797832517891	-4.66986814733561	89 fn	4.4	fn	2
#00BFFF	3	1	1	-4.66986814733561	-4.53575976211614	90 fn	4.4	fn	2
#00BFFF	3	1	1	-4.53575976211614	-4.38322595054159	91 fn	4.4	fn	2
#00BFFF	3	1	1	-4.38322595054159	-4.21266858884029	92 fn	4.4	fn	2
#00BFFF	3	1	1	-4.21266858884029	-4.05696709071306	93 fn	4.4	fn	2
#00BFFF	3	1	1	-4.05696709071306	-3.99692866530721	94 fn	4.4	fn	2
#00BFFF	3	1	1	-3.99692866530721	-3.82085035567387	95 fn	4.4	fn	2
#00BFFF	3	1	1	-3.82085035567387	-3.7000843818172	96 fn	4.4	fn	2
#00BFFF	3	1	1	-3.7000843818172	-3.54455832858334	97 fn	4.4	fn	2
#00BFFF	3	1	1	-3.54455832858334	-3.41930561272761	98 fn	4.4	fn	2
#00BFFF	3	1	1	-3.41930561272761	-3.30845084244092	99 fn	4.4	fn	2
#00BFFF	3	1	1	-3.30845084244092	-3.20640062488598	100 fn	4.4	fn	2
#00BFFF	3	1	1	-3.20640062488598	-3.13067647087421	101 fn	4.4	fn	2
#00BFFF	3	1	1	-3.13067647087421	-3.10781497271176	102 fn	4.4	fn	2
#00BFFF	3	1	1	-3.10781497271176	-3.10506596270251	103 fn	4.4	fn	2
#00BFFF	3	2	2	-3.10506596270251	-3.10157801319652	104 fn	4.4	fn	2
#00BFFF	3	2	2	-3.10157801319652	-3.06656581328961	105 fn	4.4	fn	2
#00BFFF	3	2	2	-3.06656581328961	-2.97366344156995	106 fn	4.4	fn	2
#00BFFF	3	2	2	-2.97366344156995	-2.57164413995594	107 fn	4.4	fn	2
#00BFFF	3	2	2	-2.57164413995594	-1.33554003983269	108 fn	4.4	fn	2
#00BFFF	3	2	2	-1.33554003983269	9.08500842897606	109 fn	4.4	fn	2
#00BFFF	3	0	0	-13.3670578848165	-11.9465094160078	55 fn	4.6	fn	2
#00BFFF	3	0	0	-11.9465094160078	-8.63600804220392	56 fn	4.6	fn	2
#00BFFF	3	0	0	-8.63600804220392	-7.73807406515583	57 fn	4.6	fn	2
#00BFFF	3	0	0	-7.73807406515583	-7.28750556619035	58 fn	4.6	fn	2
#00BFFF	3	0	0	-7.28750556619035	-7.12049864688413	59 fn	4.6	fn	2
#00BFFF	3	0	0	-7.12049864688413	-7.05672974890662	60 fn	4.6	fn	2
#00BFFF	3	0	0	-7.05672974890662	-7.04973579597916	61 fn	4.6	fn	2
#00BFFF	3	0	0	-7.04973579597916	-7.04530759505372	62 fn	4.6	fn	2
#00BFFF	3	0	0	-7.04530759505372	-7.03998535103409	63 fn	4.6	fn	2
#00BFFF	3	0	0	-7.03998535103409	-7.02382040227741	64 fn	4.6	fn	2
#00BFFF	3	0	0	-7.02382040227741	-6.96923320973925	65 fn	4.6	fn	2
#00BFFF	3	0	0	-6.96923320973925	-6.90987279874575	66 fn	4.6	fn	2
#00BFFF	3	0	0	-6.90987279874575	-6.84250185006855	67 fn	4.6	fn	2
#00BFFF	3	0	0	-6.84250185006855	-6.77018056079695	68 fn	4.6	fn	2
#00BFFF	3	0	0	-6.77018056079695	-6.69993025889385	69 fn	4.6	fn	2
#00BFFF	3	0	0	-6.69993025889385	-6.63437798489911	70 fn	4.6	fn	2
#00BFFF	3	0	0	-6.63437798489911	-6.56322470248714	71 fn	4.6	fn	2
#00BFFF	3	0	0	-6.56322470248714	-6.47903606491499	72 fn	4.6	fn	2
#00BFFF	3	0	0	-6.47903606491499	-6.40153965300898	73 fn	4.6	fn	2
#00BFFF	3	0	0	-6.40153965300898	-6.35069404078928	74 fn	4.6	fn	2
#00BFFF	3	0	0	-6.35069404078928	-6.32842387378049	75 fn	4.6	fn	2
#00BFFF	3	0	0	-6.32842387378049	-6.3157110413324	76 fn	4.6	fn	2
#00BFFF	3	0	0	-6.3157110413324	-6.30921911543562	77 fn	4.6	fn	2
#00BFFF	3	0	0	-6.30921911543562	-6.30344684308794	78 fn	4.6	fn	2
#00BFFF	3	1	1	-6.30344684308794	-6.26992232827863	79 fn	4.6	fn	2
#00BFFF	3	1	1	-6.26992232827863	-6.16300285817	80 fn	4.6	fn	2
#00BFFF	3	1	1	-6.16300285817	-5.95375763383239	81 fn	4.6	fn	2
#00BFFF	3	1	1	-5.95375763383239	-5.49024207045819	82 fn	4.6	fn	2
#00BFFF	3	1	1	-5.49024207045819	-5.07528416347729	83 fn	4.6	fn	2
#00BFFF	3	1	1	-5.07528416347729	-4.990882922573	84 fn	4.6	fn	2
#00BFFF	3	1	1	-4.990882922573	-4.9886552624459	85 fn	4.6	fn	2
#00BFFF	3	1	1	-4.9886552624459	-4.98329963745517	86 fn	4.6	fn	2
#00BFFF	3	1	1	-4.98329963745517	-4.96425653000639	87 fn	4.6	fn	2
#00BFFF	3	1	1	-4.96425653000639	-4.92797832517891	88 fn	4.6	fn	2
#00BFFF	3	1	1	-4.92797832517891	-4.86986814733561	89 fn	4.6	fn	2
#00BFFF	3	1	1	-4.86986814733561	-4.73575976211614	90 fn	4.6	fn	2
#00BFFF	3	1	1	-4.73575976211614	-4.58322595054159	91 fn	4.6	fn	2
#00BFFF	3	1	1	-4.58322595054159	-4.41266858884029	92 fn	4.6	fn	2
#00BFFF	3	1	1	-4.41266858884029	-4.25696709071306	93 fn	4.6	fn	2
#00BFFF	3	1	1	-4.25696709071306	-4.19692866530721	94 fn	4.6	fn	2
#00BFFF	3	1	1	-4.19692866530721	-4.02085035567387	95 fn	4.6	fn	2
#00BFFF	3	1	1	-4.02085035567387	-3.9000843818172	96 fn	4.6	fn	2
#00BFFF	3	1	1	-3.9000843818172	-3.74455832858334	97 fn	4.6	fn	2
#00BFFF	3	1	1	-3.74455832858334	-3.61930561272761	98 fn	4.6	fn	2
#00BFFF	3	1	1	-3.61930561272761	-3.50845084244092	99 fn	4.6	fn	2
#00BFFF	3	1	1	-3.50845084244092	-3.40640062488598	100 fn	4.6	fn	2
#00BFFF	3	1	1	-3.40640062488598	-3.33067647087421	101 fn	4.6	fn	2
#00BFFF	3	1	1	-3.33067647087421	-3.30781497271176	102 fn	4.6	fn	2
#00BFFF	3	1	1	-3.30781497271176	-3.30506596270251	103 fn	4.6	fn	2
#00BFFF	3	2	2	-3.30506596270251	-3.30157801319652	104 fn	4.6	fn	2
#00BFFF	3	2	2	-3.30157801319652	-3.26656581328961	105 fn	4.6	fn	2
#00BFFF	3	2	2	-3.26656581328961	-3.17366344156995	106 fn	4.6	fn	2
#00BFFF	3	2	2	-3.17366344156995	-2.77164413995594	107 fn	4.6	fn	2
#00BFFF	3	2	2	-2.77164413995594	-1.53554003983269	108 fn	4.6	fn	2
#00BFFF	3	2	2	-1.53554003983269	9.08500842897606	109 fn	4.6	fn	2
#00BFFF	3	0	0	-13.3670578848165	-12.1465094160078	55 fn	4.8	fn	2
#00BFFF	3	0	0	-12.1465094160078	-8.83600804220392	56 fn	4.8	fn	2
#00BFFF	3	0	0	-8.83600804220392	-7.93807406515583	57 fn	4.8	fn	2
#00BFFF	3	0	0	-7.93807406515583	-7.48750556619035	58 fn	4.8	fn	2
#00BFFF	3	0	0	-7.48750556619035	-7.32049864688413	59 fn	4.8	fn	2
#00BFFF	3	0	0	-7.32049864688413	-7.25672974890662	60 fn	4.8	fn	2
#00BFFF	3	0	0	-7.25672974890662	-7.24973579597916	61 fn	4.8	fn	2
#00BFFF	3	0	0	-7.24973579597916	-7.24530759505372	62 fn	4.8	fn	2
#00BFFF	3	0	0	-7.24530759505372	-7.23998535103409	63 fn	4.8	fn	2
#00BFFF	3	0	0	-7.23998535103409	-7.22382040227741	64 fn	4.8	fn	2
#00BFFF	3	0	0	-7.22382040227741	-7.16923320973925	65 fn	4.8	fn	2
#00BFFF	3	0	0	-7.16923320973925	-7.10987279874575	66 fn	4.8	fn	2
#00BFFF	3	0	0	-7.10987279874575	-7.04250185006855	67 fn	4.8	fn	2
#00BFFF	3	0	0	-7.04250185006855	-6.97018056079695	68 fn	4.8	fn	2
#00BFFF	3	0	0	-6.97018056079695	-6.89993025889385	69 fn	4.8	fn	2
#00BFFF	3	0	0	-6.89993025889385	-6.83437798489911	70 fn	4.8	fn	2
#00BFFF	3	0	0	-6.83437798489911	-6.76322470248714	71 fn	4.8	fn	2
#00BFFF	3	0	0	-6.76322470248714	-6.67903606491499	72 fn	4.8	fn	2
#00BFFF	3	0	0	-6.67903606491499	-6.60153965300898	73 fn	4.8	fn	2
#00BFFF	3	0	0	-6.60153965300898	-6.55069404078928	74 fn	4.8	fn	2
#00BFFF	3	0	0	-6.55069404078928	-6.52842387378049	75 fn	4.8	fn	2
#00BFFF	3	0	0	-6.52842387378049	-6.5157110413324	76 fn	4.8	fn	2
#00BFFF	3	0	0	-6.5157110413324	-6.50921911543562	77 fn	4.8	fn	2
#00BFFF	3	0	0	-6.50921911543562	-6.50344684308794	78 fn	4.8	fn	2
#00BFFF	3	1	1	-6.50344684308794	-6.46992232827862	79 fn	4.8	fn	2
#00BFFF	3	1	1	-6.46992232827862	-6.36300285817	80 fn	4.8	fn	2
#00BFFF	3	1	1	-6.36300285817	-6.15375763383238	81 fn	4.8	fn	2
#00BFFF	3	1	1	-6.15375763383238	-5.69024207045819	82 fn	4.8	fn	2
#00BFFF	3	1	1	-5.69024207045819	-5.27528416347728	83 fn	4.8	fn	2
#00BFFF	3	1	1	-5.27528416347728	-5.190882922573	84 fn	4.8	fn	2
#00BFFF	3	1	1	-5.190882922573	-5.1886552624459	85 fn	4.8	fn	2
#00BFFF	3	1	1	-5.1886552624459	-5.18329963745517	86 fn	4.8	fn	2
#00BFFF	3	1	1	-5.18329963745517	-5.16425653000639	87 fn	4.8	fn	2
#00BFFF	3	1	1	-5.16425653000639	-5.12797832517891	88 fn	4.8	fn	2
#00BFFF	3	1	1	-5.12797832517891	-5.06986814733561	89 fn	4.8	fn	2
#00BFFF	3	1	1	-5.06986814733561	-4.93575976211614	90 fn	4.8	fn	2
#00BFFF	3	1	1	-4.93575976211614	-4.78322595054159	91 fn	4.8	fn	2
#00BFFF	3	1	1	-4.78322595054159	-4.61266858884029	92 fn	4.8	fn	2
#00BFFF	3	1	1	-4.61266858884029	-4.45696709071306	93 fn	4.8	fn	2
#00BFFF	3	1	1	-4.45696709071306	-4.39692866530721	94 fn	4.8	fn	2
#00BFFF	3	1	1	-4.39692866530721	-4.22085035567387	95 fn	4.8	fn	2
#00BFFF	3	1	1	-4.22085035567387	-4.1000843818172	96 fn	4.8	fn	2
#00BFFF	3	1	1	-4.1000843818172	-3.94455832858334	97 fn	4.8	fn	2
#00BFFF	3	1	1	-3.94455832858334	-3.81930561272761	98 fn	4.8	fn	2
#00BFFF	3	1	1	-3.81930561272761	-3.70845084244092	99 fn	4.8	fn	2
#00BFFF	3	1	1	-3.70845084244092	-3.60640062488598	100 fn	4.8	fn	2
#00BFFF	3	1	1	-3.60640062488598	-3.53067647087421	101 fn	4.8	fn	2
#00BFFF	3	1	1	-3.53067647087421	-3.50781497271176	102 fn	4.8	fn	2
#00BFFF	3	1	1	-3.50781497271176	-3.50506596270251	103 fn	4.8	fn	2
#00BFFF	3	2	2	-3.50506596270251	-3.50157801319652	104 fn	4.8	fn	2
#00BFFF	3	2	2	-3.50157801319652	-3.46656581328961	105 fn	4.8	fn	2
#00BFFF	3	2	2	-3.46656581328961	-3.37366344156995	106 fn	4.8	fn	2
#00BFFF	3	2	2	-3.37366344156995	-2.97164413995594	107 fn	4.8	fn	2
#00BFFF	3	2	2	-2.97164413995594	-1.73554003983269	108 fn	4.8	fn	2
#00BFFF	3	2	2	-1.73554003983269	9.08500842897606	109 fn	4.8	fn	2
#00BFFF	3	0	0	-13.3670578848165	-12.3465094160078	55 fn	5	fn	2
#00BFFF	3	0	0	-12.3465094160078	-9.03600804220391	56 fn	5	fn	2
#00BFFF	3	0	0	-9.03600804220391	-8.13807406515583	57 fn	5	fn	2
#00BFFF	3	0	0	-8.13807406515583	-7.68750556619035	58 fn	5	fn	2
#00BFFF	3	0	0	-7.68750556619035	-7.52049864688413	59 fn	5	fn	2
#00BFFF	3	0	0	-7.52049864688413	-7.45672974890662	60 fn	5	fn	2
#00BFFF	3	0	0	-7.45672974890662	-7.44973579597916	61 fn	5	fn	2
#00BFFF	3	0	0	-7.44973579597916	-7.44530759505372	62 fn	5	fn	2
#00BFFF	3	0	0	-7.44530759505372	-7.43998535103409	63 fn	5	fn	2
#00BFFF	3	0	0	-7.43998535103409	-7.42382040227741	64 fn	5	fn	2
#00BFFF	3	0	0	-7.42382040227741	-7.36923320973925	65 fn	5	fn	2
#00BFFF	3	0	0	-7.36923320973925	-7.30987279874575	66 fn	5	fn	2
#00BFFF	3	0	0	-7.30987279874575	-7.24250185006855	67 fn	5	fn	2
#00BFFF	3	0	0	-7.24250185006855	-7.17018056079695	68 fn	5	fn	2
#00BFFF	3	0	0	-7.17018056079695	-7.09993025889385	69 fn	5	fn	2
#00BFFF	3	0	0	-7.09993025889385	-7.03437798489911	70 fn	5	fn	2
#00BFFF	3	0	0	-7.03437798489911	-6.96322470248714	71 fn	5	fn	2
#00BFFF	3	0	0	-6.96322470248714	-6.87903606491499	72 fn	5	fn	2
#00BFFF	3	0	0	-6.87903606491499	-6.80153965300898	73 fn	5	fn	2
#00BFFF	3	0	0	-6.80153965300898	-6.75069404078928	74 fn	5	fn	2
#00BFFF	3	0	0	-6.75069404078928	-6.72842387378049	75 fn	5	fn	2
#00BFFF	3	0	0	-6.72842387378049	-6.7157110413324	76 fn	5	fn	2
#00BFFF	3	0	0	-6.7157110413324	-6.70921911543562	77 fn	5	fn	2
#00BFFF	3	0	0	-6.70921911543562	-6.70344684308794	78 fn	5	fn	2
#00BFFF	3	1	1	-6.70344684308794	-6.66992232827862	79 fn	5	fn	2
#00BFFF	3	1	1	-6.66992232827862	-6.56300285817	80 fn	5	fn	2
#00BFFF	3	1	1	-6.56300285817	-6.35375763383238	81 fn	5	fn	2
#00BFFF	3	1	1	-6.35375763383238	-5.89024207045818	82 fn	5	fn	2
#00BFFF	3	1	1	-5.89024207045818	-5.47528416347728	83 fn	5	fn	2
#00BFFF	3	1	1	-5.47528416347728	-5.390882922573	84 fn	5	fn	2
#00BFFF	3	1	1	-5.390882922573	-5.38865526244589	85 fn	5	fn	2
#00BFFF	3	1	1	-5.38865526244589	-5.38329963745517	86 fn	5	fn	2
#00BFFF	3	1	1	-5.38329963745517	-5.36425653000639	87 fn	5	fn	2
#00BFFF	3	1	1	-5.36425653000639	-5.32797832517891	88 fn	5	fn	2
#00BFFF	3	1	1	-5.32797832517891	-5.26986814733561	89 fn	5	fn	2
#00BFFF	3	1	1	-5.26986814733561	-5.13575976211614	90 fn	5	fn	2
#00BFFF	3	1	1	-5.13575976211614	-4.98322595054159	91 fn	5	fn	2
#00BFFF	3	1	1	-4.98322595054159	-4.81266858884029	92 fn	5	fn	2
#00BFFF	3	1	1	-4.81266858884029	-4.65696709071306	93 fn	5	fn	2
#00BFFF	3	1	1	-4.65696709071306	-4.59692866530721	94 fn	5	fn	2
#00BFFF	3	1	1	-4.59692866530721	-4.42085035567387	95 fn	5	fn	2
#00BFFF	3	1	1	-4.42085035567387	-4.3000843818172	96 fn	5	fn	2
#00BFFF	3	1	1	-4.3000843818172	-4.14455832858333	97 fn	5	fn	2
#00BFFF	3	1	1	-4.14455832858333	-4.01930561272761	98 fn	5	fn	2
#00BFFF	3	1	1	-4.01930561272761	-3.90845084244092	99 fn	5	fn	2
#00BFFF	3	1	1	-3.90845084244092	-3.80640062488598	100 fn	5	fn	2
#00BFFF	3	1	1	-3.80640062488598	-3.73067647087421	101 fn	5	fn	2
#00BFFF	3	1	1	-3.73067647087421	-3.70781497271176	102 fn	5	fn	2
#00BFFF	3	1	1	-3.70781497271176	-3.70506596270251	103 fn	5	fn	2
#00BFFF	3	2	2	-3.70506596270251	-3.70157801319652	104 fn	5	fn	2
#00BFFF	3	2	2	-3.70157801319652	-3.66656581328961	105 fn	5	fn	2
#00BFFF	3	2	2	-3.66656581328961	-3.57366344156995	106 fn	5	fn	2
#00BFFF	3	2	2	-3.57366344156995	-3.17164413995594	107 fn	5	fn	2
#00BFFF	3	2	2	-3.17164413995594	-1.93554003983269	108 fn	5	fn	2
#00BFFF	3	2	2	-1.93554003983269	9.08500842897606	109 fn	5	fn	2
#FF0000	5	12	12	-13.3670578848165	-4.04345598753607	1 fp	-5	fp	3
#FF0000	5	9	9	-4.04345598753607	-3.15405687671473	2 fp	-5	fp	3
#FF0000	5	8	8	-3.15405687671473	-2.58814741115137	3 fp	-5	fp	3
#FF0000	5	7	7	-2.58814741115137	-2.46078307000063	4 fp	-5	fp	3
#FF0000	5	7	7	-2.46078307000063	-0.989307006366561	5 fp	-5	fp	3
#FF0000	5	6	6	-0.989307006366561	0.963991957796087	6 fp	-5	fp	3
#FF0000	5	5	5	0.963991957796087	1.57578190167313	7 fp	-5	fp	3
#FF0000	5	5	5	1.57578190167313	1.86192593484417	8 fp	-5	fp	3
#FF0000	5	2	2	1.86192593484417	2.55469240494628	9 fp	-5	fp	3
#FF0000	5	1	1	2.55469240494628	3.29655315691206	10 fp	-5	fp	3
#FF0000	5	1	1	3.29655315691206	4.60911707742701	11 fp	-5	fp	3
#FF0000	5	0	0	4.60911707742701	6.29493403729749	12 fp	-5	fp	3
#FF0000	5	0	0	6.29493403729749	9.08500842897606	13 fp	-5	fp	3
#FF0000	5	12	12	-13.3670578848165	-4.04345598753607	1 fp	-4.8	fp	3
#FF0000	5	9	9	-4.04345598753607	-3.15405687671473	2 fp	-4.8	fp	3
#FF0000	5	8	8	-3.15405687671473	-2.58814741115137	3 fp	-4.8	fp	3
#FF0000	5	7	7	-2.58814741115137	-2.46078307000063	4 fp	-4.8	fp	3
#FF0000	5	7	7	-2.46078307000063	-0.989307006366561	5 fp	-4.8	fp	3
#FF0000	5	6	6	-0.989307006366561	0.763991957796087	6 fp	-4.8	fp	3
#FF0000	5	5	5	0.763991957796087	1.57578190167313	7 fp	-4.8	fp	3
#FF0000	5	5	5	1.57578190167313	1.66192593484417	8 fp	-4.8	fp	3
#FF0000	5	2	2	1.66192593484417	2.35469240494628	9 fp	-4.8	fp	3
#FF0000	5	1	1	2.35469240494628	3.09655315691206	10 fp	-4.8	fp	3
#FF0000	5	1	1	3.09655315691206	4.409117077427	11 fp	-4.8	fp	3
#FF0000	5	0	0	4.409117077427	6.09493403729749	12 fp	-4.8	fp	3
#FF0000	5	0	0	6.09493403729749	9.08500842897606	13 fp	-4.8	fp	3
#FF0000	5	12	12	-13.3670578848165	-4.04345598753607	1 fp	-4.6	fp	3
#FF0000	5	9	9	-4.04345598753607	-3.15405687671473	2 fp	-4.6	fp	3
#FF0000	5	8	8	-3.15405687671473	-2.58814741115137	3 fp	-4.6	fp	3
#FF0000	5	7	7	-2.58814741115137	-2.46078307000063	4 fp	-4.6	fp	3
#FF0000	5	7	7	-2.46078307000063	-0.989307006366561	5 fp	-4.6	fp	3
#FF0000	5	6	6	-0.989307006366561	0.563991957796087	6 fp	-4.6	fp	3
#FF0000	5	5	5	0.563991957796087	1.46192593484417	7 fp	-4.6	fp	3
#FF0000	5	2	2	1.46192593484417	1.57578190167313	8 fp	-4.6	fp	3
#FF0000	5	2	2	1.57578190167313	2.15469240494628	9 fp	-4.6	fp	3
#FF0000	5	1	1	2.15469240494628	2.89655315691206	10 fp	-4.6	fp	3
#FF0000	5	1	1	2.89655315691206	4.209117077427	11 fp	-4.6	fp	3
#FF0000	5	0	0	4.209117077427	5.89493403729749	12 fp	-4.6	fp	3
#FF0000	5	0	0	5.89493403729749	9.08500842897606	13 fp	-4.6	fp	3
#FF0000	5	12	12	-13.3670578848165	-4.04345598753607	1 fp	-4.4	fp	3
#FF0000	5	9	9	-4.04345598753607	-3.15405687671473	2 fp	-4.4	fp	3
#FF0000	5	8	8	-3.15405687671473	-2.58814741115137	3 fp	-4.4	fp	3
#FF0000	5	7	7	-2.58814741115137	-2.46078307000063	4 fp	-4.4	fp	3
#FF0000	5	7	7	-2.46078307000063	-0.989307006366561	5 fp	-4.4	fp	3
#FF0000	5	6	6	-0.989307006366561	0.363991957796087	6 fp	-4.4	fp	3
#FF0000	5	5	5	0.363991957796087	1.26192593484418	7 fp	-4.4	fp	3
#FF0000	5	2	2	1.26192593484418	1.57578190167313	8 fp	-4.4	fp	3
#FF0000	5	2	2	1.57578190167313	1.95469240494628	9 fp	-4.4	fp	3
#FF0000	5	1	1	1.95469240494628	2.69655315691206	10 fp	-4.4	fp	3
#FF0000	5	1	1	2.69655315691206	4.00911707742701	11 fp	-4.4	fp	3
#FF0000	5	0	0	4.00911707742701	5.69493403729749	12 fp	-4.4	fp	3
#FF0000	5	0	0	5.69493403729749	9.08500842897606	13 fp	-4.4	fp	3
#FF0000	5	12	12	-13.3670578848165	-4.04345598753607	1 fp	-4.2	fp	3
#FF0000	5	9	9	-4.04345598753607	-3.15405687671473	2 fp	-4.2	fp	3
#FF0000	5	8	8	-3.15405687671473	-2.58814741115137	3 fp	-4.2	fp	3
#FF0000	5	7	7	-2.58814741115137	-2.46078307000063	4 fp	-4.2	fp	3
#FF0000	5	7	7	-2.46078307000063	-0.989307006366561	5 fp	-4.2	fp	3
#FF0000	5	6	6	-0.989307006366561	0.163991957796087	6 fp	-4.2	fp	3
#FF0000	5	5	5	0.163991957796087	1.06192593484418	7 fp	-4.2	fp	3
#FF0000	5	2	2	1.06192593484418	1.57578190167313	8 fp	-4.2	fp	3
#FF0000	5	2	2	1.57578190167313	1.75469240494628	9 fp	-4.2	fp	3
#FF0000	5	1	1	1.75469240494628	2.49655315691206	10 fp	-4.2	fp	3
#FF0000	5	1	1	2.49655315691206	3.80911707742701	11 fp	-4.2	fp	3
#FF0000	5	0	0	3.80911707742701	5.49493403729749	12 fp	-4.2	fp	3
#FF0000	5	0	0	5.49493403729749	9.08500842897606	13 fp	-4.2	fp	3
#FF0000	5	12	12	-13.3670578848165	-4.04345598753607	1 fp	-4	fp	3
#FF0000	5	9	9	-4.04345598753607	-3.15405687671473	2 fp	-4	fp	3
#FF0000	5	8	8	-3.15405687671473	-2.58814741115137	3 fp	-4	fp	3
#FF0000	5	7	7	-2.58814741115137	-2.46078307000063	4 fp	-4	fp	3
#FF0000	5	7	7	-2.46078307000063	-0.989307006366561	5 fp	-4	fp	3
#FF0000	5	6	6	-0.989307006366561	-0.0360080422039131	6 fp	-4	fp	3
#FF0000	5	5	5	-0.0360080422039131	0.861925934844175	7 fp	-4	fp	3
#FF0000	5	2	2	0.861925934844175	1.55469240494628	8 fp	-4	fp	3
#FF0000	5	1	1	1.55469240494628	1.57578190167313	9 fp	-4	fp	3
#FF0000	5	1	1	1.57578190167313	2.29655315691206	10 fp	-4	fp	3
#FF0000	5	1	1	2.29655315691206	3.609117077427	11 fp	-4	fp	3
#FF0000	5	0	0	3.609117077427	5.29493403729749	12 fp	-4	fp	3
#FF0000	5	0	0	5.29493403729749	9.08500842897606	13 fp	-4	fp	3
#FF0000	5	12	12	-13.3670578848165	-4.04345598753607	1 fp	-3.8	fp	3
#FF0000	5	9	9	-4.04345598753607	-3.15405687671473	2 fp	-3.8	fp	3
#FF0000	5	8	8	-3.15405687671473	-2.58814741115137	3 fp	-3.8	fp	3
#FF0000	5	7	7	-2.58814741115137	-2.46078307000063	4 fp	-3.8	fp	3
#FF0000	5	7	7	-2.46078307000063	-0.989307006366561	5 fp	-3.8	fp	3
#FF0000	5	6	6	-0.989307006366561	-0.236008042203913	6 fp	-3.8	fp	3
#FF0000	5	5	5	-0.236008042203913	0.661925934844175	7 fp	-3.8	fp	3
#FF0000	5	2	2	0.661925934844175	1.35469240494628	8 fp	-3.8	fp	3
#FF0000	5	1	1	1.35469240494628	1.57578190167313	9 fp	-3.8	fp	3
#FF0000	5	1	1	1.57578190167313	2.09655315691206	10 fp	-3.8	fp	3
#FF0000	5	1	1	2.09655315691206	3.409117077427	11 fp	-3.8	fp	3
#FF0000	5	0	0	3.409117077427	5.09493403729749	12 fp	-3.8	fp	3
#FF0000	5	0	0	5.09493403729749	9.08500842897606	13 fp	-3.8	fp	3
#FF0000	5	12	12	-13.3670578848165	-4.04345598753607	1 fp	-3.6	fp	3
#FF0000	5	9	9	-4.04345598753607	-3.15405687671473	2 fp	-3.6	fp	3
#FF0000	5	8	8	-3.15405687671473	-2.58814741115137	3 fp	-3.6	fp	3
#FF0000	5	7	7	-2.58814741115137	-2.46078307000063	4 fp	-3.6	fp	3
#FF0000	5	7	7	-2.46078307000063	-0.989307006366561	5 fp	-3.6	fp	3
#FF0000	5	6	6	-0.989307006366561	-0.436008042203913	6 fp	-3.6	fp	3
#FF0000	5	5	5	-0.436008042203913	0.461925934844174	7 fp	-3.6	fp	3
#FF0000	5	2	2	0.461925934844174	1.15469240494628	8 fp	-3.6	fp	3
#FF0000	5	1	1	1.15469240494628	1.57578190167313	9 fp	-3.6	fp	3
#FF0000	5	1	1	1.57578190167313	1.89655315691206	10 fp	-3.6	fp	3
#FF0000	5	1	1	1.89655315691206	3.209117077427	11 fp	-3.6	fp	3
#FF0000	5	0	0	3.209117077427	4.89493403729749	12 fp	-3.6	fp	3
#FF0000	5	0	0	4.89493403729749	9.08500842897606	13 fp	-3.6	fp	3
#FF0000	5	12	12	-13.3670578848165	-4.04345598753607	1 fp	-3.4	fp	3
#FF0000	5	9	9	-4.04345598753607	-3.15405687671473	2 fp	-3.4	fp	3
#FF0000	5	8	8	-3.15405687671473	-2.58814741115137	3 fp	-3.4	fp	3
#FF0000	5	7	7	-2.58814741115137	-2.46078307000063	4 fp	-3.4	fp	3
#FF0000	5	7	7	-2.46078307000063	-0.989307006366561	5 fp	-3.4	fp	3
#FF0000	5	6	6	-0.989307006366561	-0.636008042203913	6 fp	-3.4	fp	3
#FF0000	5	5	5	-0.636008042203913	0.261925934844175	7 fp	-3.4	fp	3
#FF0000	5	2	2	0.261925934844175	0.954692404946284	8 fp	-3.4	fp	3
#FF0000	5	1	1	0.954692404946284	1.57578190167313	9 fp	-3.4	fp	3
#FF0000	5	1	1	1.57578190167313	1.69655315691206	10 fp	-3.4	fp	3
#FF0000	5	1	1	1.69655315691206	3.00911707742701	11 fp	-3.4	fp	3
#FF0000	5	0	0	3.00911707742701	4.69493403729749	12 fp	-3.4	fp	3
#FF0000	5	0	0	4.69493403729749	9.08500842897606	13 fp	-3.4	fp	3
#FF0000	5	12	12	-13.3670578848165	-4.04345598753607	1 fp	-3.2	fp	3
#FF0000	5	9	9	-4.04345598753607	-3.15405687671473	2 fp	-3.2	fp	3
#FF0000	5	8	8	-3.15405687671473	-2.58814741115137	3 fp	-3.2	fp	3
#FF0000	5	7	7	-2.58814741115137	-2.46078307000063	4 fp	-3.2	fp	3
#FF0000	5	7	7	-2.46078307000063	-0.989307006366561	5 fp	-3.2	fp	3
#FF0000	5	6	6	-0.989307006366561	-0.836008042203913	6 fp	-3.2	fp	3
#FF0000	5	5	5	-0.836008042203913	0.061925934844175	7 fp	-3.2	fp	3
#FF0000	5	2	2	0.061925934844175	0.754692404946284	8 fp	-3.2	fp	3
#FF0000	5	1	1	0.754692404946284	1.49655315691206	9 fp	-3.2	fp	3
#FF0000	5	1	1	1.49655315691206	1.57578190167313	10 fp	-3.2	fp	3
#FF0000	5	1	1	1.57578190167313	2.80911707742701	11 fp	-3.2	fp	3
#FF0000	5	0	0	2.80911707742701	4.49493403729749	12 fp	-3.2	fp	3
#FF0000	5	0	0	4.49493403729749	9.08500842897606	13 fp	-3.2	fp	3
#FF0000	5	12	12	-13.3670578848165	-4.04345598753607	1 fp	-3	fp	3
#FF0000	5	9	9	-4.04345598753607	-3.15405687671473	2 fp	-3	fp	3
#FF0000	5	8	8	-3.15405687671473	-2.58814741115137	3 fp	-3	fp	3
#FF0000	5	7	7	-2.58814741115137	-2.46078307000063	4 fp	-3	fp	3
#FF0000	5	7	7	-2.46078307000063	-1.03600804220391	5 fp	-3	fp	3
#FF0000	5	6	6	-1.03600804220391	-0.989307006366561	6 fp	-3	fp	3
#FF0000	5	5	5	-0.989307006366561	-0.138074065155825	7 fp	-3	fp	3
#FF0000	5	2	2	-0.138074065155825	0.554692404946284	8 fp	-3	fp	3
#FF0000	5	1	1	0.554692404946284	1.29655315691206	9 fp	-3	fp	3
#FF0000	5	1	1	1.29655315691206	1.57578190167313	10 fp	-3	fp	3
#FF0000	5	1	1	1.57578190167313	2.609117077427	11 fp	-3	fp	3
#FF0000	5	0	0	2.609117077427	4.29493403729749	12 fp	-3	fp	3
#FF0000	5	0	0	4.29493403729749	9.08500842897606	13 fp	-3	fp	3
#FF0000	5	12	12	-13.3670578848165	-4.04345598753607	1 fp	-2.8	fp	3
#FF0000	5	9	9	-4.04345598753607	-3.15405687671473	2 fp	-2.8	fp	3
#FF0000	5	8	8	-3.15405687671473	-2.58814741115137	3 fp	-2.8	fp	3
#FF0000	5	7	7	-2.58814741115137	-2.46078307000063	4 fp	-2.8	fp	3
#FF0000	5	7	7	-2.46078307000063	-1.23600804220391	5 fp	-2.8	fp	3
#FF0000	5	6	6	-1.23600804220391	-0.989307006366561	6 fp	-2.8	fp	3
#FF0000	5	5	5	-0.989307006366561	-0.338074065155825	7 fp	-2.8	fp	3
#FF0000	5	2	2	-0.338074065155825	0.354692404946284	8 fp	-2.8	fp	3
#FF0000	5	1	1	0.354692404946284	1.09655315691206	9 fp	-2.8	fp	3
#FF0000	5	1	1	1.09655315691206	1.57578190167313	10 fp	-2.8	fp	3
#FF0000	5	1	1	1.57578190167313	2.409117077427	11 fp	-2.8	fp	3
#FF0000	5	0	0	2.409117077427	4.09493403729749	12 fp	-2.8	fp	3
#FF0000	5	0	0	4.09493403729749	9.08500842897606	13 fp	-2.8	fp	3
#FF0000	5	12	12	-13.3670578848165	-4.04345598753607	1 fp	-2.6	fp	3
#FF0000	5	9	9	-4.04345598753607	-3.15405687671473	2 fp	-2.6	fp	3
#FF0000	5	8	8	-3.15405687671473	-2.58814741115137	3 fp	-2.6	fp	3
#FF0000	5	7	7	-2.58814741115137	-2.46078307000063	4 fp	-2.6	fp	3
#FF0000	5	7	7	-2.46078307000063	-1.43600804220391	5 fp	-2.6	fp	3
#FF0000	5	6	6	-1.43600804220391	-0.989307006366561	6 fp	-2.6	fp	3
#FF0000	5	5	5	-0.989307006366561	-0.538074065155826	7 fp	-2.6	fp	3
#FF0000	5	2	2	-0.538074065155826	0.154692404946283	8 fp	-2.6	fp	3
#FF0000	5	1	1	0.154692404946283	0.896553156912058	9 fp	-2.6	fp	3
#FF0000	5	1	1	0.896553156912058	1.57578190167313	10 fp	-2.6	fp	3
#FF0000	5	1	1	1.57578190167313	2.209117077427	11 fp	-2.6	fp	3
#FF0000	5	0	0	2.209117077427	3.89493403729749	12 fp	-2.6	fp	3
#FF0000	5	0	0	3.89493403729749	9.08500842897606	13 fp	-2.6	fp	3
#FF0000	5	12	12	-13.3670578848165	-4.04345598753607	1 fp	-2.4	fp	3
#FF0000	5	9	9	-4.04345598753607	-3.15405687671473	2 fp	-2.4	fp	3
#FF0000	5	8	8	-3.15405687671473	-2.58814741115137	3 fp	-2.4	fp	3
#FF0000	5	7	7	-2.58814741115137	-2.46078307000063	4 fp	-2.4	fp	3
#FF0000	5	7	7	-2.46078307000063	-1.63600804220391	5 fp	-2.4	fp	3
#FF0000	5	6	6	-1.63600804220391	-0.989307006366561	6 fp	-2.4	fp	3
#FF0000	5	5	5	-0.989307006366561	-0.738074065155825	7 fp	-2.4	fp	3
#FF0000	5	2	2	-0.738074065155825	-0.0453075950537158	8 fp	-2.4	fp	3
#FF0000	5	1	1	-0.0453075950537158	0.696553156912058	9 fp	-2.4	fp	3
#FF0000	5	1	1	0.696553156912058	1.57578190167313	10 fp	-2.4	fp	3
#FF0000	5	1	1	1.57578190167313	2.00911707742701	11 fp	-2.4	fp	3
#FF0000	5	0	0	2.00911707742701	3.69493403729749	12 fp	-2.4	fp	3
#FF0000	5	0	0	3.69493403729749	9.08500842897606	13 fp	-2.4	fp	3
#FF0000	5	12	12	-13.3670578848165	-4.04345598753607	1 fp	-2.2	fp	3
#FF0000	5	9	9	-4.04345598753607	-3.15405687671473	2 fp	-2.2	fp	3
#FF0000	5	8	8	-3.15405687671473	-2.58814741115137	3 fp	-2.2	fp	3
#FF0000	5	7	7	-2.58814741115137	-2.46078307000063	4 fp	-2.2	fp	3
#FF0000	5	7	7	-2.46078307000063	-1.83600804220391	5 fp	-2.2	fp	3
#FF0000	5	6	6	-1.83600804220391	-0.989307006366561	6 fp	-2.2	fp	3
#FF0000	5	5	5	-0.989307006366561	-0.938074065155826	7 fp	-2.2	fp	3
#FF0000	5	2	2	-0.938074065155826	-0.245307595053717	8 fp	-2.2	fp	3
#FF0000	5	1	1	-0.245307595053717	0.496553156912057	9 fp	-2.2	fp	3
#FF0000	5	1	1	0.496553156912057	1.57578190167313	10 fp	-2.2	fp	3
#FF0000	5	1	1	1.57578190167313	1.809117077427	11 fp	-2.2	fp	3
#FF0000	5	0	0	1.809117077427	3.49493403729749	12 fp	-2.2	fp	3
#FF0000	5	0	0	3.49493403729749	9.08500842897606	13 fp	-2.2	fp	3
#FF0000	5	12	12	-13.3670578848165	-4.04345598753607	1 fp	-2	fp	3
#FF0000	5	9	9	-4.04345598753607	-3.15405687671473	2 fp	-2	fp	3
#FF0000	5	8	8	-3.15405687671473	-2.58814741115137	3 fp	-2	fp	3
#FF0000	5	7	7	-2.58814741115137	-2.46078307000063	4 fp	-2	fp	3
#FF0000	5	7	7	-2.46078307000063	-2.03600804220391	5 fp	-2	fp	3
#FF0000	5	6	6	-2.03600804220391	-1.13807406515583	6 fp	-2	fp	3
#FF0000	5	3	3	-1.13807406515583	-0.989307006366561	7 fp	-2	fp	3
#FF0000	5	2	2	-0.989307006366561	-0.445307595053716	8 fp	-2	fp	3
#FF0000	5	1	1	-0.445307595053716	0.296553156912058	9 fp	-2	fp	3
#FF0000	5	1	1	0.296553156912058	1.57578190167313	10 fp	-2	fp	3
#FF0000	5	1	1	1.57578190167313	1.609117077427	11 fp	-2	fp	3
#FF0000	5	0	0	1.609117077427	3.29493403729749	12 fp	-2	fp	3
#FF0000	5	0	0	3.29493403729749	9.08500842897606	13 fp	-2	fp	3
#FF0000	5	12	12	-13.3670578848165	-4.04345598753607	1 fp	-1.8	fp	3
#FF0000	5	9	9	-4.04345598753607	-3.15405687671473	2 fp	-1.8	fp	3
#FF0000	5	8	8	-3.15405687671473	-2.58814741115137	3 fp	-1.8	fp	3
#FF0000	5	7	7	-2.58814741115137	-2.46078307000063	4 fp	-1.8	fp	3
#FF0000	5	7	7	-2.46078307000063	-2.23600804220391	5 fp	-1.8	fp	3
#FF0000	5	6	6	-2.23600804220391	-1.33807406515582	6 fp	-1.8	fp	3
#FF0000	5	3	3	-1.33807406515582	-0.989307006366561	7 fp	-1.8	fp	3
#FF0000	5	2	2	-0.989307006366561	-0.645307595053716	8 fp	-1.8	fp	3
#FF0000	5	1	1	-0.645307595053716	0.0965531569120586	9 fp	-1.8	fp	3
#FF0000	5	1	1	0.0965531569120586	1.40911707742701	10 fp	-1.8	fp	3
#FF0000	5	0	0	1.40911707742701	1.57578190167313	11 fp	-1.8	fp	3
#FF0000	5	0	0	1.57578190167313	3.09493403729749	12 fp	-1.8	fp	3
#FF0000	5	0	0	3.09493403729749	9.08500842897606	13 fp	-1.8	fp	3
#FF0000	5	12	12	-13.3670578848165	-4.04345598753607	1 fp	-1.6	fp	3
#FF0000	5	9	9	-4.04345598753607	-3.15405687671473	2 fp	-1.6	fp	3
#FF0000	5	8	8	-3.15405687671473	-2.58814741115137	3 fp	-1.6	fp	3
#FF0000	5	7	7	-2.58814741115137	-2.46078307000063	4 fp	-1.6	fp	3
#FF0000	5	7	7	-2.46078307000063	-2.43600804220391	5 fp	-1.6	fp	3
#FF0000	5	6	6	-2.43600804220391	-1.53807406515583	6 fp	-1.6	fp	3
#FF0000	5	3	3	-1.53807406515583	-0.989307006366561	7 fp	-1.6	fp	3
#FF0000	5	2	2	-0.989307006366561	-0.845307595053717	8 fp	-1.6	fp	3
#FF0000	5	1	1	-0.845307595053717	-0.103446843087943	9 fp	-1.6	fp	3
#FF0000	5	1	1	-0.103446843087943	1.209117077427	10 fp	-1.6	fp	3
#FF0000	5	0	0	1.209117077427	1.57578190167313	11 fp	-1.6	fp	3
#FF0000	5	0	0	1.57578190167313	2.89493403729749	12 fp	-1.6	fp	3
#FF0000	5	0	0	2.89493403729749	9.08500842897606	13 fp	-1.6	fp	3
#FF0000	5	12	12	-13.3670578848165	-4.04345598753607	1 fp	-1.4	fp	3
#FF0000	5	9	9	-4.04345598753607	-3.15405687671473	2 fp	-1.4	fp	3
#FF0000	5	8	8	-3.15405687671473	-2.63600804220391	3 fp	-1.4	fp	3
#FF0000	5	7	7	-2.63600804220391	-2.58814741115137	4 fp	-1.4	fp	3
#FF0000	5	6	6	-2.58814741115137	-2.46078307000063	5 fp	-1.4	fp	3
#FF0000	5	6	6	-2.46078307000063	-1.73807406515582	6 fp	-1.4	fp	3
#FF0000	5	3	3	-1.73807406515582	-1.04530759505372	7 fp	-1.4	fp	3
#FF0000	5	2	2	-1.04530759505372	-0.989307006366561	8 fp	-1.4	fp	3
#FF0000	5	1	1	-0.989307006366561	-0.303446843087942	9 fp	-1.4	fp	3
#FF0000	5	1	1	-0.303446843087942	1.00911707742701	10 fp	-1.4	fp	3
#FF0000	5	0	0	1.00911707742701	1.57578190167313	11 fp	-1.4	fp	3
#FF0000	5	0	0	1.57578190167313	2.69493403729749	12 fp	-1.4	fp	3
#FF0000	5	0	0	2.69493403729749	9.08500842897606	13 fp	-1.4	fp	3
#FF0000	5	12	12	-13.3670578848165	-4.04345598753607	1 fp	-1.2	fp	3
#FF0000	5	9	9	-4.04345598753607	-3.15405687671473	2 fp	-1.2	fp	3
#FF0000	5	8	8	-3.15405687671473	-2.83600804220391	3 fp	-1.2	fp	3
#FF0000	5	7	7	-2.83600804220391	-2.58814741115137	4 fp	-1.2	fp	3
#FF0000	5	6	6	-2.58814741115137	-2.46078307000063	5 fp	-1.2	fp	3
#FF0000	5	6	6	-2.46078307000063	-1.93807406515583	6 fp	-1.2	fp	3
#FF0000	5	3	3	-1.93807406515583	-1.24530759505372	7 fp	-1.2	fp	3
#FF0000	5	2	2	-1.24530759505372	-0.989307006366561	8 fp	-1.2	fp	3
#FF0000	5	1	1	-0.989307006366561	-0.503446843087943	9 fp	-1.2	fp	3
#FF0000	5	1	1	-0.503446843087943	0.809117077427004	10 fp	-1.2	fp	3
#FF0000	5	0	0	0.809117077427004	1.57578190167313	11 fp	-1.2	fp	3
#FF0000	5	0	0	1.57578190167313	2.49493403729749	12 fp	-1.2	fp	3
#FF0000	5	0	0	2.49493403729749	9.08500842897606	13 fp	-1.2	fp	3
#FF0000	5	12	12	-13.3670578848165	-4.04345598753607	1 fp	-1	fp	3
#FF0000	5	9	9	-4.04345598753607	-3.15405687671473	2 fp	-1	fp	3
#FF0000	5	8	8	-3.15405687671473	-3.03600804220391	3 fp	-1	fp	3
#FF0000	5	7	7	-3.03600804220391	-2.58814741115137	4 fp	-1	fp	3
#FF0000	5	6	6	-2.58814741115137	-2.46078307000063	5 fp	-1	fp	3
#FF0000	5	6	6	-2.46078307000063	-2.13807406515583	6 fp	-1	fp	3
#FF0000	5	3	3	-2.13807406515583	-1.44530759505372	7 fp	-1	fp	3
#FF0000	5	2	2	-1.44530759505372	-0.989307006366561	8 fp	-1	fp	3
#FF0000	5	1	1	-0.989307006366561	-0.703446843087942	9 fp	-1	fp	3
#FF0000	5	1	1	-0.703446843087942	0.609117077427005	10 fp	-1	fp	3
#FF0000	5	0	0	0.609117077427005	1.57578190167313	11 fp	-1	fp	3
#FF0000	5	0	0	1.57578190167313	2.29493403729749	12 fp	-1	fp	3
#FF0000	5	0	0	2.29493403729749	9.08500842897606	13 fp	-1	fp	3
#FF0000	5	12	12	-13.3670578848165	-4.04345598753607	1 fp	-0.8	fp	3
#FF0000	5	9	9	-4.04345598753607	-3.23600804220391	2 fp	-0.8	fp	3
#FF0000	5	8	8	-3.23600804220391	-3.15405687671473	3 fp	-0.8	fp	3
#FF0000	5	7	7	-3.15405687671473	-2.58814741115137	4 fp	-0.8	fp	3
#FF0000	5	6	6	-2.58814741115137	-2.46078307000063	5 fp	-0.8	fp	3
#FF0000	5	6	6	-2.46078307000063	-2.33807406515582	6 fp	-0.8	fp	3
#FF0000	5	3	3	-2.33807406515582	-1.64530759505372	7 fp	-0.8	fp	3
#FF0000	5	2	2	-1.64530759505372	-0.989307006366561	8 fp	-0.8	fp	3
#FF0000	5	1	1	-0.989307006366561	-0.903446843087941	9 fp	-0.8	fp	3
#FF0000	5	1	1	-0.903446843087941	0.409117077427005	10 fp	-0.8	fp	3
#FF0000	5	0	0	0.409117077427005	1.57578190167313	11 fp	-0.8	fp	3
#FF0000	5	0	0	1.57578190167313	2.09493403729749	12 fp	-0.8	fp	3
#FF0000	5	0	0	2.09493403729749	9.08500842897606	13 fp	-0.8	fp	3
#FF0000	5	12	12	-13.3670578848165	-4.04345598753607	1 fp	-0.6	fp	3
#FF0000	5	9	9	-4.04345598753607	-3.43600804220391	2 fp	-0.6	fp	3
#FF0000	5	8	8	-3.43600804220391	-3.15405687671473	3 fp	-0.6	fp	3
#FF0000	5	7	7	-3.15405687671473	-2.58814741115137	4 fp	-0.6	fp	3
#FF0000	5	6	6	-2.58814741115137	-2.53807406515583	5 fp	-0.6	fp	3
#FF0000	5	3	3	-2.53807406515583	-2.46078307000063	6 fp	-0.6	fp	3
#FF0000	5	3	3	-2.46078307000063	-1.84530759505372	7 fp	-0.6	fp	3
#FF0000	5	2	2	-1.84530759505372	-1.10344684308794	8 fp	-0.6	fp	3
#FF0000	5	2	2	-1.10344684308794	-0.989307006366561	9 fp	-0.6	fp	3
#FF0000	5	1	1	-0.989307006366561	0.209117077427004	10 fp	-0.6	fp	3
#FF0000	5	0	0	0.209117077427004	1.57578190167313	11 fp	-0.6	fp	3
#FF0000	5	0	0	1.57578190167313	1.89493403729749	12 fp	-0.6	fp	3
#FF0000	5	0	0	1.89493403729749	9.08500842897606	13 fp	-0.6	fp	3
#FF0000	5	12	12	-13.3670578848165	-4.04345598753607	1 fp	-0.399999999999999	fp	3
#FF0000	5	9	9	-4.04345598753607	-3.63600804220391	2 fp	-0.399999999999999	fp	3
#FF0000	5	8	8	-3.63600804220391	-3.15405687671473	3 fp	-0.399999999999999	fp	3
#FF0000	5	7	7	-3.15405687671473	-2.73807406515583	4 fp	-0.399999999999999	fp	3
#FF0000	5	4	4	-2.73807406515583	-2.58814741115137	5 fp	-0.399999999999999	fp	3
#FF0000	5	3	3	-2.58814741115137	-2.46078307000063	6 fp	-0.399999999999999	fp	3
#FF0000	5	3	3	-2.46078307000063	-2.04530759505372	7 fp	-0.399999999999999	fp	3
#FF0000	5	2	2	-2.04530759505372	-1.30344684308794	8 fp	-0.399999999999999	fp	3
#FF0000	5	2	2	-1.30344684308794	-0.989307006366561	9 fp	-0.399999999999999	fp	3
#FF0000	5	1	1	-0.989307006366561	0.0091170774270033	10 fp	-0.399999999999999	fp	3
#FF0000	5	0	0	0.0091170774270033	1.57578190167313	11 fp	-0.399999999999999	fp	3
#FF0000	5	0	0	1.57578190167313	1.69493403729749	12 fp	-0.399999999999999	fp	3
#FF0000	5	0	0	1.69493403729749	9.08500842897606	13 fp	-0.399999999999999	fp	3
#FF0000	5	12	12	-13.3670578848165	-4.04345598753607	1 fp	-0.199999999999999	fp	3
#FF0000	5	9	9	-4.04345598753607	-3.83600804220391	2 fp	-0.199999999999999	fp	3
#FF0000	5	8	8	-3.83600804220391	-3.15405687671473	3 fp	-0.199999999999999	fp	3
#FF0000	5	7	7	-3.15405687671473	-2.93807406515583	4 fp	-0.199999999999999	fp	3
#FF0000	5	4	4	-2.93807406515583	-2.58814741115137	5 fp	-0.199999999999999	fp	3
#FF0000	5	3	3	-2.58814741115137	-2.46078307000063	6 fp	-0.199999999999999	fp	3
#FF0000	5	3	3	-2.46078307000063	-2.24530759505372	7 fp	-0.199999999999999	fp	3
#FF0000	5	2	2	-2.24530759505372	-1.50344684308794	8 fp	-0.199999999999999	fp	3
#FF0000	5	2	2	-1.50344684308794	-0.989307006366561	9 fp	-0.199999999999999	fp	3
#FF0000	5	1	1	-0.989307006366561	-0.190882922572996	10 fp	-0.199999999999999	fp	3
#FF0000	5	0	0	-0.190882922572996	1.49493403729749	11 fp	-0.199999999999999	fp	3
#FF0000	5	0	0	1.49493403729749	1.57578190167313	12 fp	-0.199999999999999	fp	3
#FF0000	5	0	0	1.57578190167313	9.08500842897606	13 fp	-0.199999999999999	fp	3
#FF0000	5	12	12	-13.3670578848165	-4.04345598753607	1 fp	0	fp	3
#FF0000	5	9	9	-4.04345598753607	-4.03600804220391	2 fp	0	fp	3
#FF0000	5	8	8	-4.03600804220391	-3.15405687671473	3 fp	0	fp	3
#FF0000	5	7	7	-3.15405687671473	-3.13807406515583	4 fp	0	fp	3
#FF0000	5	4	4	-3.13807406515583	-2.58814741115137	5 fp	0	fp	3
#FF0000	5	3	3	-2.58814741115137	-2.46078307000063	6 fp	0	fp	3
#FF0000	5	3	3	-2.46078307000063	-2.44530759505372	7 fp	0	fp	3
#FF0000	5	2	2	-2.44530759505372	-1.70344684308794	8 fp	0	fp	3
#FF0000	5	2	2	-1.70344684308794	-0.989307006366561	9 fp	0	fp	3
#FF0000	5	1	1	-0.989307006366561	-0.390882922572995	10 fp	0	fp	3
#FF0000	5	0	0	-0.390882922572995	1.29493403729749	11 fp	0	fp	3
#FF0000	5	0	0	1.29493403729749	1.57578190167313	12 fp	0	fp	3
#FF0000	5	0	0	1.57578190167313	9.08500842897606	13 fp	0	fp	3
#FF0000	5	12	12	-13.3670578848165	-4.23600804220391	1 fp	0.2	fp	3
#FF0000	5	11	11	-4.23600804220391	-4.04345598753607	2 fp	0.2	fp	3
#FF0000	5	8	8	-4.04345598753607	-3.33807406515582	3 fp	0.2	fp	3
#FF0000	5	5	5	-3.33807406515582	-3.15405687671473	4 fp	0.2	fp	3
#FF0000	5	4	4	-3.15405687671473	-2.64530759505372	5 fp	0.2	fp	3
#FF0000	5	3	3	-2.64530759505372	-2.58814741115137	6 fp	0.2	fp	3
#FF0000	5	2	2	-2.58814741115137	-2.46078307000063	7 fp	0.2	fp	3
#FF0000	5	2	2	-2.46078307000063	-1.90344684308794	8 fp	0.2	fp	3
#FF0000	5	2	2	-1.90344684308794	-0.989307006366561	9 fp	0.2	fp	3
#FF0000	5	1	1	-0.989307006366561	-0.590882922572995	10 fp	0.2	fp	3
#FF0000	5	0	0	-0.590882922572995	1.09493403729749	11 fp	0.2	fp	3
#FF0000	5	0	0	1.09493403729749	1.57578190167313	12 fp	0.2	fp	3
#FF0000	5	0	0	1.57578190167313	9.08500842897606	13 fp	0.2	fp	3
#FF0000	5	12	12	-13.3670578848165	-4.43600804220391	1 fp	0.4	fp	3
#FF0000	5	11	11	-4.43600804220391	-4.04345598753607	2 fp	0.4	fp	3
#FF0000	5	8	8	-4.04345598753607	-3.53807406515583	3 fp	0.4	fp	3
#FF0000	5	5	5	-3.53807406515583	-3.15405687671473	4 fp	0.4	fp	3
#FF0000	5	4	4	-3.15405687671473	-2.84530759505372	5 fp	0.4	fp	3
#FF0000	5	3	3	-2.84530759505372	-2.58814741115137	6 fp	0.4	fp	3
#FF0000	5	2	2	-2.58814741115137	-2.46078307000063	7 fp	0.4	fp	3
#FF0000	5	2	2	-2.46078307000063	-2.10344684308794	8 fp	0.4	fp	3
#FF0000	5	2	2	-2.10344684308794	-0.989307006366561	9 fp	0.4	fp	3
#FF0000	5	1	1	-0.989307006366561	-0.790882922572996	10 fp	0.4	fp	3
#FF0000	5	0	0	-0.790882922572996	0.894934037297492	11 fp	0.4	fp	3
#FF0000	5	0	0	0.894934037297492	1.57578190167313	12 fp	0.4	fp	3
#FF0000	5	0	0	1.57578190167313	9.08500842897606	13 fp	0.4	fp	3
#FF0000	5	12	12	-13.3670578848165	-4.63600804220391	1 fp	0.600000000000001	fp	3
#FF0000	5	11	11	-4.63600804220391	-4.04345598753607	2 fp	0.600000000000001	fp	3
#FF0000	5	8	8	-4.04345598753607	-3.73807406515583	3 fp	0.600000000000001	fp	3
#FF0000	5	5	5	-3.73807406515583	-3.15405687671473	4 fp	0.600000000000001	fp	3
#FF0000	5	4	4	-3.15405687671473	-3.04530759505372	5 fp	0.600000000000001	fp	3
#FF0000	5	3	3	-3.04530759505372	-2.58814741115137	6 fp	0.600000000000001	fp	3
#FF0000	5	2	2	-2.58814741115137	-2.46078307000063	7 fp	0.600000000000001	fp	3
#FF0000	5	2	2	-2.46078307000063	-2.30344684308794	8 fp	0.600000000000001	fp	3
#FF0000	5	2	2	-2.30344684308794	-0.990882922572997	9 fp	0.600000000000001	fp	3
#FF0000	5	1	1	-0.990882922572997	-0.989307006366561	10 fp	0.600000000000001	fp	3
#FF0000	5	0	0	-0.989307006366561	0.694934037297491	11 fp	0.600000000000001	fp	3
#FF0000	5	0	0	0.694934037297491	1.57578190167313	12 fp	0.600000000000001	fp	3
#FF0000	5	0	0	1.57578190167313	9.08500842897606	13 fp	0.600000000000001	fp	3
#FF0000	5	12	12	-13.3670578848165	-4.83600804220391	1 fp	0.800000000000001	fp	3
#FF0000	5	11	11	-4.83600804220391	-4.04345598753607	2 fp	0.800000000000001	fp	3
#FF0000	5	8	8	-4.04345598753607	-3.93807406515583	3 fp	0.800000000000001	fp	3
#FF0000	5	5	5	-3.93807406515583	-3.24530759505372	4 fp	0.800000000000001	fp	3
#FF0000	5	4	4	-3.24530759505372	-3.15405687671473	5 fp	0.800000000000001	fp	3
#FF0000	5	3	3	-3.15405687671473	-2.58814741115137	6 fp	0.800000000000001	fp	3
#FF0000	5	2	2	-2.58814741115137	-2.50344684308794	7 fp	0.800000000000001	fp	3
#FF0000	5	2	2	-2.50344684308794	-2.46078307000063	8 fp	0.800000000000001	fp	3
#FF0000	5	2	2	-2.46078307000063	-1.190882922573	9 fp	0.800000000000001	fp	3
#FF0000	5	1	1	-1.190882922573	-0.989307006366561	10 fp	0.800000000000001	fp	3
#FF0000	5	0	0	-0.989307006366561	0.494934037297492	11 fp	0.800000000000001	fp	3
#FF0000	5	0	0	0.494934037297492	1.57578190167313	12 fp	0.800000000000001	fp	3
#FF0000	5	0	0	1.57578190167313	9.08500842897606	13 fp	0.800000000000001	fp	3
#FF0000	5	12	12	-13.3670578848165	-5.03600804220391	1 fp	1	fp	3
#FF0000	5	11	11	-5.03600804220391	-4.13807406515583	2 fp	1	fp	3
#FF0000	5	8	8	-4.13807406515583	-4.04345598753607	3 fp	1	fp	3
#FF0000	5	5	5	-4.04345598753607	-3.44530759505372	4 fp	1	fp	3
#FF0000	5	4	4	-3.44530759505372	-3.15405687671473	5 fp	1	fp	3
#FF0000	5	3	3	-3.15405687671473	-2.70344684308794	6 fp	1	fp	3
#FF0000	5	3	3	-2.70344684308794	-2.58814741115137	7 fp	1	fp	3
#FF0000	5	2	2	-2.58814741115137	-2.46078307000063	8 fp	1	fp	3
#FF0000	5	2	2	-2.46078307000063	-1.390882922573	9 fp	1	fp	3
#FF0000	5	1	1	-1.390882922573	-0.989307006366561	10 fp	1	fp	3
#FF0000	5	0	0	-0.989307006366561	0.294934037297493	11 fp	1	fp	3
#FF0000	5	0	0	0.294934037297493	1.57578190167313	12 fp	1	fp	3
#FF0000	5	0	0	1.57578190167313	9.08500842897606	13 fp	1	fp	3
#FF0000	5	12	12	-13.3670578848165	-5.23600804220391	1 fp	1.2	fp	3
#FF0000	5	11	11	-5.23600804220391	-4.33807406515582	2 fp	1.2	fp	3
#FF0000	5	8	8	-4.33807406515582	-4.04345598753607	3 fp	1.2	fp	3
#FF0000	5	5	5	-4.04345598753607	-3.64530759505372	4 fp	1.2	fp	3
#FF0000	5	4	4	-3.64530759505372	-3.15405687671473	5 fp	1.2	fp	3
#FF0000	5	3	3	-3.15405687671473	-2.90344684308794	6 fp	1.2	fp	3
#FF0000	5	3	3	-2.90344684308794	-2.58814741115137	7 fp	1.2	fp	3
#FF0000	5	2	2	-2.58814741115137	-2.46078307000063	8 fp	1.2	fp	3
#FF0000	5	2	2	-2.46078307000063	-1.59088292257299	9 fp	1.2	fp	3
#FF0000	5	1	1	-1.59088292257299	-0.989307006366561	10 fp	1.2	fp	3
#FF0000	5	0	0	-0.989307006366561	0.0949340372974934	11 fp	1.2	fp	3
#FF0000	5	0	0	0.0949340372974934	1.57578190167313	12 fp	1.2	fp	3
#FF0000	5	0	0	1.57578190167313	9.08500842897606	13 fp	1.2	fp	3
#FF0000	5	12	12	-13.3670578848165	-5.43600804220391	1 fp	1.4	fp	3
#FF0000	5	11	11	-5.43600804220391	-4.53807406515583	2 fp	1.4	fp	3
#FF0000	5	8	8	-4.53807406515583	-4.04345598753607	3 fp	1.4	fp	3
#FF0000	5	5	5	-4.04345598753607	-3.84530759505372	4 fp	1.4	fp	3
#FF0000	5	4	4	-3.84530759505372	-3.15405687671473	5 fp	1.4	fp	3
#FF0000	5	3	3	-3.15405687671473	-3.10344684308794	6 fp	1.4	fp	3
#FF0000	5	3	3	-3.10344684308794	-2.58814741115137	7 fp	1.4	fp	3
#FF0000	5	2	2	-2.58814741115137	-2.46078307000063	8 fp	1.4	fp	3
#FF0000	5	2	2	-2.46078307000063	-1.790882922573	9 fp	1.4	fp	3
#FF0000	5	1	1	-1.790882922573	-0.989307006366561	10 fp	1.4	fp	3
#FF0000	5	0	0	-0.989307006366561	-0.105065962702508	11 fp	1.4	fp	3
#FF0000	5	0	0	-0.105065962702508	1.57578190167313	12 fp	1.4	fp	3
#FF0000	5	0	0	1.57578190167313	9.08500842897606	13 fp	1.4	fp	3
#FF0000	5	12	12	-13.3670578848165	-5.63600804220391	1 fp	1.6	fp	3
#FF0000	5	11	11	-5.63600804220391	-4.73807406515583	2 fp	1.6	fp	3
#FF0000	5	8	8	-4.73807406515583	-4.04530759505372	3 fp	1.6	fp	3
#FF0000	5	7	7	-4.04530759505372	-4.04345598753607	4 fp	1.6	fp	3
#FF0000	5	4	4	-4.04345598753607	-3.30344684308794	5 fp	1.6	fp	3
#FF0000	5	4	4	-3.30344684308794	-3.15405687671473	6 fp	1.6	fp	3
#FF0000	5	3	3	-3.15405687671473	-2.58814741115137	7 fp	1.6	fp	3
#FF0000	5	2	2	-2.58814741115137	-2.46078307000063	8 fp	1.6	fp	3
#FF0000	5	2	2	-2.46078307000063	-1.990882922573	9 fp	1.6	fp	3
#FF0000	5	1	1	-1.990882922573	-0.989307006366561	10 fp	1.6	fp	3
#FF0000	5	0	0	-0.989307006366561	-0.305065962702509	11 fp	1.6	fp	3
#FF0000	5	0	0	-0.305065962702509	1.57578190167313	12 fp	1.6	fp	3
#FF0000	5	0	0	1.57578190167313	9.08500842897606	13 fp	1.6	fp	3
#FF0000	5	12	12	-13.3670578848165	-5.83600804220391	1 fp	1.8	fp	3
#FF0000	5	11	11	-5.83600804220391	-4.93807406515583	2 fp	1.8	fp	3
#FF0000	5	8	8	-4.93807406515583	-4.24530759505372	3 fp	1.8	fp	3
#FF0000	5	7	7	-4.24530759505372	-4.04345598753607	4 fp	1.8	fp	3
#FF0000	5	4	4	-4.04345598753607	-3.50344684308794	5 fp	1.8	fp	3
#FF0000	5	4	4	-3.50344684308794	-3.15405687671473	6 fp	1.8	fp	3
#FF0000	5	3	3	-3.15405687671473	-2.58814741115137	7 fp	1.8	fp	3
#FF0000	5	2	2	-2.58814741115137	-2.46078307000063	8 fp	1.8	fp	3
#FF0000	5	2	2	-2.46078307000063	-2.190882922573	9 fp	1.8	fp	3
#FF0000	5	1	1	-2.190882922573	-0.989307006366561	10 fp	1.8	fp	3
#FF0000	5	0	0	-0.989307006366561	-0.505065962702508	11 fp	1.8	fp	3
#FF0000	5	0	0	-0.505065962702508	1.57578190167313	12 fp	1.8	fp	3
#FF0000	5	0	0	1.57578190167313	9.08500842897606	13 fp	1.8	fp	3
#FF0000	5	12	12	-13.3670578848165	-6.03600804220391	1 fp	2	fp	3
#FF0000	5	11	11	-6.03600804220391	-5.13807406515583	2 fp	2	fp	3
#FF0000	5	8	8	-5.13807406515583	-4.44530759505372	3 fp	2	fp	3
#FF0000	5	7	7	-4.44530759505372	-4.04345598753607	4 fp	2	fp	3
#FF0000	5	4	4	-4.04345598753607	-3.70344684308794	5 fp	2	fp	3
#FF0000	5	4	4	-3.70344684308794	-3.15405687671473	6 fp	2	fp	3
#FF0000	5	3	3	-3.15405687671473	-2.58814741115137	7 fp	2	fp	3
#FF0000	5	2	2	-2.58814741115137	-2.46078307000063	8 fp	2	fp	3
#FF0000	5	2	2	-2.46078307000063	-2.390882922573	9 fp	2	fp	3
#FF0000	5	1	1	-2.390882922573	-0.989307006366561	10 fp	2	fp	3
#FF0000	5	0	0	-0.989307006366561	-0.705065962702507	11 fp	2	fp	3
#FF0000	5	0	0	-0.705065962702507	1.57578190167313	12 fp	2	fp	3
#FF0000	5	0	0	1.57578190167313	9.08500842897606	13 fp	2	fp	3
#FF0000	5	12	12	-13.3670578848165	-6.23600804220391	1 fp	2.2	fp	3
#FF0000	5	11	11	-6.23600804220391	-5.33807406515582	2 fp	2.2	fp	3
#FF0000	5	8	8	-5.33807406515582	-4.64530759505372	3 fp	2.2	fp	3
#FF0000	5	7	7	-4.64530759505372	-4.04345598753607	4 fp	2.2	fp	3
#FF0000	5	4	4	-4.04345598753607	-3.90344684308794	5 fp	2.2	fp	3
#FF0000	5	4	4	-3.90344684308794	-3.15405687671473	6 fp	2.2	fp	3
#FF0000	5	3	3	-3.15405687671473	-2.59088292257299	7 fp	2.2	fp	3
#FF0000	5	2	2	-2.59088292257299	-2.58814741115137	8 fp	2.2	fp	3
#FF0000	5	1	1	-2.58814741115137	-2.46078307000063	9 fp	2.2	fp	3
#FF0000	5	1	1	-2.46078307000063	-0.989307006366561	10 fp	2.2	fp	3
#FF0000	5	0	0	-0.989307006366561	-0.905065962702507	11 fp	2.2	fp	3
#FF0000	5	0	0	-0.905065962702507	1.57578190167313	12 fp	2.2	fp	3
#FF0000	5	0	0	1.57578190167313	9.08500842897606	13 fp	2.2	fp	3
#FF0000	5	12	12	-13.3670578848165	-6.43600804220391	1 fp	2.4	fp	3
#FF0000	5	11	11	-6.43600804220391	-5.53807406515583	2 fp	2.4	fp	3
#FF0000	5	8	8	-5.53807406515583	-4.84530759505372	3 fp	2.4	fp	3
#FF0000	5	7	7	-4.84530759505372	-4.10344684308794	4 fp	2.4	fp	3
#FF0000	5	7	7	-4.10344684308794	-4.04345598753607	5 fp	2.4	fp	3
#FF0000	5	4	4	-4.04345598753607	-3.15405687671473	6 fp	2.4	fp	3
#FF0000	5	3	3	-3.15405687671473	-2.790882922573	7 fp	2.4	fp	3
#FF0000	5	2	2	-2.790882922573	-2.58814741115137	8 fp	2.4	fp	3
#FF0000	5	1	1	-2.58814741115137	-2.46078307000063	9 fp	2.4	fp	3
#FF0000	5	1	1	-2.46078307000063	-1.10506596270251	10 fp	2.4	fp	3
#FF0000	5	1	1	-1.10506596270251	-0.989307006366561	11 fp	2.4	fp	3
#FF0000	5	0	0	-0.989307006366561	1.57578190167313	12 fp	2.4	fp	3
#FF0000	5	0	0	1.57578190167313	9.08500842897606	13 fp	2.4	fp	3
#FF0000	5	12	12	-13.3670578848165	-6.63600804220391	1 fp	2.6	fp	3
#FF0000	5	11	11	-6.63600804220391	-5.73807406515583	2 fp	2.6	fp	3
#FF0000	5	8	8	-5.73807406515583	-5.04530759505372	3 fp	2.6	fp	3
#FF0000	5	7	7	-5.04530759505372	-4.30344684308794	4 fp	2.6	fp	3
#FF0000	5	7	7	-4.30344684308794	-4.04345598753607	5 fp	2.6	fp	3
#FF0000	5	4	4	-4.04345598753607	-3.15405687671473	6 fp	2.6	fp	3
#FF0000	5	3	3	-3.15405687671473	-2.990882922573	7 fp	2.6	fp	3
#FF0000	5	2	2	-2.990882922573	-2.58814741115137	8 fp	2.6	fp	3
#FF0000	5	1	1	-2.58814741115137	-2.46078307000063	9 fp	2.6	fp	3
#FF0000	5	1	1	-2.46078307000063	-1.30506596270251	10 fp	2.6	fp	3
#FF0000	5	1	1	-1.30506596270251	-0.989307006366561	11 fp	2.6	fp	3
#FF0000	5	0	0	-0.989307006366561	1.57578190167313	12 fp	2.6	fp	3
#FF0000	5	0	0	1.57578190167313	9.08500842897606	13 fp	2.6	fp	3
#FF0000	5	12	12	-13.3670578848165	-6.83600804220391	1 fp	2.8	fp	3
#FF0000	5	11	11	-6.83600804220391	-5.93807406515583	2 fp	2.8	fp	3
#FF0000	5	8	8	-5.93807406515583	-5.24530759505372	3 fp	2.8	fp	3
#FF0000	5	7	7	-5.24530759505372	-4.50344684308794	4 fp	2.8	fp	3
#FF0000	5	7	7	-4.50344684308794	-4.04345598753607	5 fp	2.8	fp	3
#FF0000	5	4	4	-4.04345598753607	-3.190882922573	6 fp	2.8	fp	3
#FF0000	5	3	3	-3.190882922573	-3.15405687671473	7 fp	2.8	fp	3
#FF0000	5	2	2	-3.15405687671473	-2.58814741115137	8 fp	2.8	fp	3
#FF0000	5	1	1	-2.58814741115137	-2.46078307000063	9 fp	2.8	fp	3
#FF0000	5	1	1	-2.46078307000063	-1.50506596270251	10 fp	2.8	fp	3
#FF0000	5	1	1	-1.50506596270251	-0.989307006366561	11 fp	2.8	fp	3
#FF0000	5	0	0	-0.989307006366561	1.57578190167313	12 fp	2.8	fp	3
#FF0000	5	0	0	1.57578190167313	9.08500842897606	13 fp	2.8	fp	3
#FF0000	5	12	12	-13.3670578848165	-7.03600804220391	1 fp	3	fp	3
#FF0000	5	11	11	-7.03600804220391	-6.13807406515583	2 fp	3	fp	3
#FF0000	5	8	8	-6.13807406515583	-5.44530759505372	3 fp	3	fp	3
#FF0000	5	7	7	-5.44530759505372	-4.70344684308794	4 fp	3	fp	3
#FF0000	5	7	7	-4.70344684308794	-4.04345598753607	5 fp	3	fp	3
#FF0000	5	4	4	-4.04345598753607	-3.390882922573	6 fp	3	fp	3
#FF0000	5	3	3	-3.390882922573	-3.15405687671473	7 fp	3	fp	3
#FF0000	5	2	2	-3.15405687671473	-2.58814741115137	8 fp	3	fp	3
#FF0000	5	1	1	-2.58814741115137	-2.46078307000063	9 fp	3	fp	3
#FF0000	5	1	1	-2.46078307000063	-1.70506596270251	10 fp	3	fp	3
#FF0000	5	1	1	-1.70506596270251	-0.989307006366561	11 fp	3	fp	3
#FF0000	5	0	0	-0.989307006366561	1.57578190167313	12 fp	3	fp	3
#FF0000	5	0	0	1.57578190167313	9.08500842897606	13 fp	3	fp	3
#FF0000	5	12	12	-13.3670578848165	-7.23600804220391	1 fp	3.2	fp	3
#FF0000	5	11	11	-7.23600804220391	-6.33807406515583	2 fp	3.2	fp	3
#FF0000	5	8	8	-6.33807406515583	-5.64530759505372	3 fp	3.2	fp	3
#FF0000	5	7	7	-5.64530759505372	-4.90344684308794	4 fp	3.2	fp	3
#FF0000	5	7	7	-4.90344684308794	-4.04345598753607	5 fp	3.2	fp	3
#FF0000	5	4	4	-4.04345598753607	-3.590882922573	6 fp	3.2	fp	3
#FF0000	5	3	3	-3.590882922573	-3.15405687671473	7 fp	3.2	fp	3
#FF0000	5	2	2	-3.15405687671473	-2.58814741115137	8 fp	3.2	fp	3
#FF0000	5	1	1	-2.58814741115137	-2.46078307000063	9 fp	3.2	fp	3
#FF0000	5	1	1	-2.46078307000063	-1.90506596270251	10 fp	3.2	fp	3
#FF0000	5	1	1	-1.90506596270251	-0.989307006366561	11 fp	3.2	fp	3
#FF0000	5	0	0	-0.989307006366561	1.57578190167313	12 fp	3.2	fp	3
#FF0000	5	0	0	1.57578190167313	9.08500842897606	13 fp	3.2	fp	3
#FF0000	5	12	12	-13.3670578848165	-7.43600804220391	1 fp	3.4	fp	3
#FF0000	5	11	11	-7.43600804220391	-6.53807406515583	2 fp	3.4	fp	3
#FF0000	5	8	8	-6.53807406515583	-5.84530759505372	3 fp	3.4	fp	3
#FF0000	5	7	7	-5.84530759505372	-5.10344684308794	4 fp	3.4	fp	3
#FF0000	5	7	7	-5.10344684308794	-4.04345598753607	5 fp	3.4	fp	3
#FF0000	5	4	4	-4.04345598753607	-3.790882922573	6 fp	3.4	fp	3
#FF0000	5	3	3	-3.790882922573	-3.15405687671473	7 fp	3.4	fp	3
#FF0000	5	2	2	-3.15405687671473	-2.58814741115137	8 fp	3.4	fp	3
#FF0000	5	1	1	-2.58814741115137	-2.46078307000063	9 fp	3.4	fp	3
#FF0000	5	1	1	-2.46078307000063	-2.10506596270251	10 fp	3.4	fp	3
#FF0000	5	1	1	-2.10506596270251	-0.989307006366561	11 fp	3.4	fp	3
#FF0000	5	0	0	-0.989307006366561	1.57578190167313	12 fp	3.4	fp	3
#FF0000	5	0	0	1.57578190167313	9.08500842897606	13 fp	3.4	fp	3
#FF0000	5	12	12	-13.3670578848165	-7.63600804220391	1 fp	3.6	fp	3
#FF0000	5	11	11	-7.63600804220391	-6.73807406515583	2 fp	3.6	fp	3
#FF0000	5	8	8	-6.73807406515583	-6.04530759505372	3 fp	3.6	fp	3
#FF0000	5	7	7	-6.04530759505372	-5.30344684308794	4 fp	3.6	fp	3
#FF0000	5	7	7	-5.30344684308794	-4.04345598753607	5 fp	3.6	fp	3
#FF0000	5	4	4	-4.04345598753607	-3.990882922573	6 fp	3.6	fp	3
#FF0000	5	3	3	-3.990882922573	-3.15405687671473	7 fp	3.6	fp	3
#FF0000	5	2	2	-3.15405687671473	-2.58814741115137	8 fp	3.6	fp	3
#FF0000	5	1	1	-2.58814741115137	-2.46078307000063	9 fp	3.6	fp	3
#FF0000	5	1	1	-2.46078307000063	-2.30506596270251	10 fp	3.6	fp	3
#FF0000	5	1	1	-2.30506596270251	-0.989307006366561	11 fp	3.6	fp	3
#FF0000	5	0	0	-0.989307006366561	1.57578190167313	12 fp	3.6	fp	3
#FF0000	5	0	0	1.57578190167313	9.08500842897606	13 fp	3.6	fp	3
#FF0000	5	12	12	-13.3670578848165	-7.83600804220391	1 fp	3.8	fp	3
#FF0000	5	11	11	-7.83600804220391	-6.93807406515583	2 fp	3.8	fp	3
#FF0000	5	8	8	-6.93807406515583	-6.24530759505372	3 fp	3.8	fp	3
#FF0000	5	7	7	-6.24530759505372	-5.50344684308794	4 fp	3.8	fp	3
#FF0000	5	7	7	-5.50344684308794	-4.190882922573	5 fp	3.8	fp	3
#FF0000	5	6	6	-4.190882922573	-4.04345598753607	6 fp	3.8	fp	3
#FF0000	5	3	3	-4.04345598753607	-3.15405687671473	7 fp	3.8	fp	3
#FF0000	5	2	2	-3.15405687671473	-2.58814741115137	8 fp	3.8	fp	3
#FF0000	5	1	1	-2.58814741115137	-2.50506596270251	9 fp	3.8	fp	3
#FF0000	5	1	1	-2.50506596270251	-2.46078307000063	10 fp	3.8	fp	3
#FF0000	5	1	1	-2.46078307000063	-0.989307006366561	11 fp	3.8	fp	3
#FF0000	5	0	0	-0.989307006366561	1.57578190167313	12 fp	3.8	fp	3
#FF0000	5	0	0	1.57578190167313	9.08500842897606	13 fp	3.8	fp	3
#FF0000	5	12	12	-13.3670578848165	-8.03600804220391	1 fp	4	fp	3
#FF0000	5	11	11	-8.03600804220391	-7.13807406515583	2 fp	4	fp	3
#FF0000	5	8	8	-7.13807406515583	-6.44530759505372	3 fp	4	fp	3
#FF0000	5	7	7	-6.44530759505372	-5.70344684308794	4 fp	4	fp	3
#FF0000	5	7	7	-5.70344684308794	-4.390882922573	5 fp	4	fp	3
#FF0000	5	6	6	-4.390882922573	-4.04345598753607	6 fp	4	fp	3
#FF0000	5	3	3	-4.04345598753607	-3.15405687671473	7 fp	4	fp	3
#FF0000	5	2	2	-3.15405687671473	-2.70506596270251	8 fp	4	fp	3
#FF0000	5	2	2	-2.70506596270251	-2.58814741115137	9 fp	4	fp	3
#FF0000	5	1	1	-2.58814741115137	-2.46078307000063	10 fp	4	fp	3
#FF0000	5	1	1	-2.46078307000063	-0.989307006366561	11 fp	4	fp	3
#FF0000	5	0	0	-0.989307006366561	1.57578190167313	12 fp	4	fp	3
#FF0000	5	0	0	1.57578190167313	9.08500842897606	13 fp	4	fp	3
#FF0000	5	12	12	-13.3670578848165	-8.23600804220391	1 fp	4.2	fp	3
#FF0000	5	11	11	-8.23600804220391	-7.33807406515583	2 fp	4.2	fp	3
#FF0000	5	8	8	-7.33807406515583	-6.64530759505372	3 fp	4.2	fp	3
#FF0000	5	7	7	-6.64530759505372	-5.90344684308794	4 fp	4.2	fp	3
#FF0000	5	7	7	-5.90344684308794	-4.590882922573	5 fp	4.2	fp	3
#FF0000	5	6	6	-4.590882922573	-4.04345598753607	6 fp	4.2	fp	3
#FF0000	5	3	3	-4.04345598753607	-3.15405687671473	7 fp	4.2	fp	3
#FF0000	5	2	2	-3.15405687671473	-2.90506596270251	8 fp	4.2	fp	3
#FF0000	5	2	2	-2.90506596270251	-2.58814741115137	9 fp	4.2	fp	3
#FF0000	5	1	1	-2.58814741115137	-2.46078307000063	10 fp	4.2	fp	3
#FF0000	5	1	1	-2.46078307000063	-0.989307006366561	11 fp	4.2	fp	3
#FF0000	5	0	0	-0.989307006366561	1.57578190167313	12 fp	4.2	fp	3
#FF0000	5	0	0	1.57578190167313	9.08500842897606	13 fp	4.2	fp	3
#FF0000	5	12	12	-13.3670578848165	-8.43600804220391	1 fp	4.4	fp	3
#FF0000	5	11	11	-8.43600804220391	-7.53807406515583	2 fp	4.4	fp	3
#FF0000	5	8	8	-7.53807406515583	-6.84530759505372	3 fp	4.4	fp	3
#FF0000	5	7	7	-6.84530759505372	-6.10344684308794	4 fp	4.4	fp	3
#FF0000	5	7	7	-6.10344684308794	-4.790882922573	5 fp	4.4	fp	3
#FF0000	5	6	6	-4.790882922573	-4.04345598753607	6 fp	4.4	fp	3
#FF0000	5	3	3	-4.04345598753607	-3.15405687671473	7 fp	4.4	fp	3
#FF0000	5	2	2	-3.15405687671473	-3.10506596270251	8 fp	4.4	fp	3
#FF0000	5	2	2	-3.10506596270251	-2.58814741115137	9 fp	4.4	fp	3
#FF0000	5	1	1	-2.58814741115137	-2.46078307000063	10 fp	4.4	fp	3
#FF0000	5	1	1	-2.46078307000063	-0.989307006366561	11 fp	4.4	fp	3
#FF0000	5	0	0	-0.989307006366561	1.57578190167313	12 fp	4.4	fp	3
#FF0000	5	0	0	1.57578190167313	9.08500842897606	13 fp	4.4	fp	3
#FF0000	5	12	12	-13.3670578848165	-8.63600804220392	1 fp	4.6	fp	3
#FF0000	5	11	11	-8.63600804220392	-7.73807406515583	2 fp	4.6	fp	3
#FF0000	5	8	8	-7.73807406515583	-7.04530759505372	3 fp	4.6	fp	3
#FF0000	5	7	7	-7.04530759505372	-6.30344684308794	4 fp	4.6	fp	3
#FF0000	5	7	7	-6.30344684308794	-4.990882922573	5 fp	4.6	fp	3
#FF0000	5	6	6	-4.990882922573	-4.04345598753607	6 fp	4.6	fp	3
#FF0000	5	3	3	-4.04345598753607	-3.30506596270251	7 fp	4.6	fp	3
#FF0000	5	3	3	-3.30506596270251	-3.15405687671473	8 fp	4.6	fp	3
#FF0000	5	2	2	-3.15405687671473	-2.58814741115137	9 fp	4.6	fp	3
#FF0000	5	1	1	-2.58814741115137	-2.46078307000063	10 fp	4.6	fp	3
#FF0000	5	1	1	-2.46078307000063	-0.989307006366561	11 fp	4.6	fp	3
#FF0000	5	0	0	-0.989307006366561	1.57578190167313	12 fp	4.6	fp	3
#FF0000	5	0	0	1.57578190167313	9.08500842897606	13 fp	4.6	fp	3
#FF0000	5	12	12	-13.3670578848165	-8.83600804220392	1 fp	4.8	fp	3
#FF0000	5	11	11	-8.83600804220392	-7.93807406515583	2 fp	4.8	fp	3
#FF0000	5	8	8	-7.93807406515583	-7.24530759505372	3 fp	4.8	fp	3
#FF0000	5	7	7	-7.24530759505372	-6.50344684308794	4 fp	4.8	fp	3
#FF0000	5	7	7	-6.50344684308794	-5.190882922573	5 fp	4.8	fp	3
#FF0000	5	6	6	-5.190882922573	-4.04345598753607	6 fp	4.8	fp	3
#FF0000	5	3	3	-4.04345598753607	-3.50506596270251	7 fp	4.8	fp	3
#FF0000	5	3	3	-3.50506596270251	-3.15405687671473	8 fp	4.8	fp	3
#FF0000	5	2	2	-3.15405687671473	-2.58814741115137	9 fp	4.8	fp	3
#FF0000	5	1	1	-2.58814741115137	-2.46078307000063	10 fp	4.8	fp	3
#FF0000	5	1	1	-2.46078307000063	-0.989307006366561	11 fp	4.8	fp	3
#FF0000	5	0	0	-0.989307006366561	1.57578190167313	12 fp	4.8	fp	3
#FF0000	5	0	0	1.57578190167313	9.08500842897606	13 fp	4.8	fp	3
#FF0000	5	12	12	-13.3670578848165	-9.03600804220391	1 fp	5	fp	3
#FF0000	5	11	11	-9.03600804220391	-8.13807406515583	2 fp	5	fp	3
#FF0000	5	8	8	-8.13807406515583	-7.44530759505372	3 fp	5	fp	3
#FF0000	5	7	7	-7.44530759505372	-6.70344684308794	4 fp	5	fp	3
#FF0000	5	7	7	-6.70344684308794	-5.390882922573	5 fp	5	fp	3
#FF0000	5	6	6	-5.390882922573	-4.04345598753607	6 fp	5	fp	3
#FF0000	5	3	3	-4.04345598753607	-3.70506596270251	7 fp	5	fp	3
#FF0000	5	3	3	-3.70506596270251	-3.15405687671473	8 fp	5	fp	3
#FF0000	5	2	2	-3.15405687671473	-2.58814741115137	9 fp	5	fp	3
#FF0000	5	1	1	-2.58814741115137	-2.46078307000063	10 fp	5	fp	3
#FF0000	5	1	1	-2.46078307000063	-0.989307006366561	11 fp	5	fp	3
#FF0000	5	0	0	-0.989307006366561	1.57578190167313	12 fp	5	fp	3
#FF0000	5	0	0	1.57578190167313	9.08500842897606	13 fp	5	fp	3
#00BFFF	3	0	0	-13.3670578848165	-4.04345598753607	1 fn	-5	fn	3
#00BFFF	3	0	0	-4.04345598753607	-3.15405687671473	2 fn	-5	fn	3
#00BFFF	3	0	0	-3.15405687671473	-2.58814741115137	3 fn	-5	fn	3
#00BFFF	3	0	0	-2.58814741115137	-2.46078307000063	4 fn	-5	fn	3
#00BFFF	3	1	1	-2.46078307000063	-0.989307006366561	5 fn	-5	fn	3
#00BFFF	3	1	1	-0.989307006366561	0.963991957796087	6 fn	-5	fn	3
#00BFFF	3	1	1	0.963991957796087	1.57578190167313	7 fn	-5	fn	3
#00BFFF	3	2	2	1.57578190167313	1.86192593484417	8 fn	-5	fn	3
#00BFFF	3	2	2	1.86192593484417	2.55469240494628	9 fn	-5	fn	3
#00BFFF	3	2	2	2.55469240494628	3.29655315691206	10 fn	-5	fn	3
#00BFFF	3	3	3	3.29655315691206	4.60911707742701	11 fn	-5	fn	3
#00BFFF	3	3	3	4.60911707742701	6.29493403729749	12 fn	-5	fn	3
#00BFFF	3	4	4	6.29493403729749	9.08500842897606	13 fn	-5	fn	3
#00BFFF	3	0	0	-13.3670578848165	-4.04345598753607	1 fn	-4.8	fn	3
#00BFFF	3	0	0	-4.04345598753607	-3.15405687671473	2 fn	-4.8	fn	3
#00BFFF	3	0	0	-3.15405687671473	-2.58814741115137	3 fn	-4.8	fn	3
#00BFFF	3	0	0	-2.58814741115137	-2.46078307000063	4 fn	-4.8	fn	3
#00BFFF	3	1	1	-2.46078307000063	-0.989307006366561	5 fn	-4.8	fn	3
#00BFFF	3	1	1	-0.989307006366561	0.763991957796087	6 fn	-4.8	fn	3
#00BFFF	3	1	1	0.763991957796087	1.57578190167313	7 fn	-4.8	fn	3
#00BFFF	3	2	2	1.57578190167313	1.66192593484417	8 fn	-4.8	fn	3
#00BFFF	3	2	2	1.66192593484417	2.35469240494628	9 fn	-4.8	fn	3
#00BFFF	3	2	2	2.35469240494628	3.09655315691206	10 fn	-4.8	fn	3
#00BFFF	3	3	3	3.09655315691206	4.409117077427	11 fn	-4.8	fn	3
#00BFFF	3	3	3	4.409117077427	6.09493403729749	12 fn	-4.8	fn	3
#00BFFF	3	4	4	6.09493403729749	9.08500842897606	13 fn	-4.8	fn	3
#00BFFF	3	0	0	-13.3670578848165	-4.04345598753607	1 fn	-4.6	fn	3
#00BFFF	3	0	0	-4.04345598753607	-3.15405687671473	2 fn	-4.6	fn	3
#00BFFF	3	0	0	-3.15405687671473	-2.58814741115137	3 fn	-4.6	fn	3
#00BFFF	3	0	0	-2.58814741115137	-2.46078307000063	4 fn	-4.6	fn	3
#00BFFF	3	1	1	-2.46078307000063	-0.989307006366561	5 fn	-4.6	fn	3
#00BFFF	3	1	1	-0.989307006366561	0.563991957796087	6 fn	-4.6	fn	3
#00BFFF	3	1	1	0.563991957796087	1.46192593484417	7 fn	-4.6	fn	3
#00BFFF	3	1	1	1.46192593484417	1.57578190167313	8 fn	-4.6	fn	3
#00BFFF	3	2	2	1.57578190167313	2.15469240494628	9 fn	-4.6	fn	3
#00BFFF	3	2	2	2.15469240494628	2.89655315691206	10 fn	-4.6	fn	3
#00BFFF	3	3	3	2.89655315691206	4.209117077427	11 fn	-4.6	fn	3
#00BFFF	3	3	3	4.209117077427	5.89493403729749	12 fn	-4.6	fn	3
#00BFFF	3	4	4	5.89493403729749	9.08500842897606	13 fn	-4.6	fn	3
#00BFFF	3	0	0	-13.3670578848165	-4.04345598753607	1 fn	-4.4	fn	3
#00BFFF	3	0	0	-4.04345598753607	-3.15405687671473	2 fn	-4.4	fn	3
#00BFFF	3	0	0	-3.15405687671473	-2.58814741115137	3 fn	-4.4	fn	3
#00BFFF	3	0	0	-2.58814741115137	-2.46078307000063	4 fn	-4.4	fn	3
#00BFFF	3	1	1	-2.46078307000063	-0.989307006366561	5 fn	-4.4	fn	3
#00BFFF	3	1	1	-0.989307006366561	0.363991957796087	6 fn	-4.4	fn	3
#00BFFF	3	1	1	0.363991957796087	1.26192593484418	7 fn	-4.4	fn	3
#00BFFF	3	1	1	1.26192593484418	1.57578190167313	8 fn	-4.4	fn	3
#00BFFF	3	2	2	1.57578190167313	1.95469240494628	9 fn	-4.4	fn	3
#00BFFF	3	2	2	1.95469240494628	2.69655315691206	10 fn	-4.4	fn	3
#00BFFF	3	3	3	2.69655315691206	4.00911707742701	11 fn	-4.4	fn	3
#00BFFF	3	3	3	4.00911707742701	5.69493403729749	12 fn	-4.4	fn	3
#00BFFF	3	4	4	5.69493403729749	9.08500842897606	13 fn	-4.4	fn	3
#00BFFF	3	0	0	-13.3670578848165	-4.04345598753607	1 fn	-4.2	fn	3
#00BFFF	3	0	0	-4.04345598753607	-3.15405687671473	2 fn	-4.2	fn	3
#00BFFF	3	0	0	-3.15405687671473	-2.58814741115137	3 fn	-4.2	fn	3
#00BFFF	3	0	0	-2.58814741115137	-2.46078307000063	4 fn	-4.2	fn	3
#00BFFF	3	1	1	-2.46078307000063	-0.989307006366561	5 fn	-4.2	fn	3
#00BFFF	3	1	1	-0.989307006366561	0.163991957796087	6 fn	-4.2	fn	3
#00BFFF	3	1	1	0.163991957796087	1.06192593484418	7 fn	-4.2	fn	3
#00BFFF	3	1	1	1.06192593484418	1.57578190167313	8 fn	-4.2	fn	3
#00BFFF	3	2	2	1.57578190167313	1.75469240494628	9 fn	-4.2	fn	3
#00BFFF	3	2	2	1.75469240494628	2.49655315691206	10 fn	-4.2	fn	3
#00BFFF	3	3	3	2.49655315691206	3.80911707742701	11 fn	-4.2	fn	3
#00BFFF	3	3	3	3.80911707742701	5.49493403729749	12 fn	-4.2	fn	3
#00BFFF	3	4	4	5.49493403729749	9.08500842897606	13 fn	-4.2	fn	3
#00BFFF	3	0	0	-13.3670578848165	-4.04345598753607	1 fn	-4	fn	3
#00BFFF	3	0	0	-4.04345598753607	-3.15405687671473	2 fn	-4	fn	3
#00BFFF	3	0	0	-3.15405687671473	-2.58814741115137	3 fn	-4	fn	3
#00BFFF	3	0	0	-2.58814741115137	-2.46078307000063	4 fn	-4	fn	3
#00BFFF	3	1	1	-2.46078307000063	-0.989307006366561	5 fn	-4	fn	3
#00BFFF	3	1	1	-0.989307006366561	-0.0360080422039131	6 fn	-4	fn	3
#00BFFF	3	1	1	-0.0360080422039131	0.861925934844175	7 fn	-4	fn	3
#00BFFF	3	1	1	0.861925934844175	1.55469240494628	8 fn	-4	fn	3
#00BFFF	3	1	1	1.55469240494628	1.57578190167313	9 fn	-4	fn	3
#00BFFF	3	2	2	1.57578190167313	2.29655315691206	10 fn	-4	fn	3
#00BFFF	3	3	3	2.29655315691206	3.609117077427	11 fn	-4	fn	3
#00BFFF	3	3	3	3.609117077427	5.29493403729749	12 fn	-4	fn	3
#00BFFF	3	4	4	5.29493403729749	9.08500842897606	13 fn	-4	fn	3
#00BFFF	3	0	0	-13.3670578848165	-4.04345598753607	1 fn	-3.8	fn	3
#00BFFF	3	0	0	-4.04345598753607	-3.15405687671473	2 fn	-3.8	fn	3
#00BFFF	3	0	0	-3.15405687671473	-2.58814741115137	3 fn	-3.8	fn	3
#00BFFF	3	0	0	-2.58814741115137	-2.46078307000063	4 fn	-3.8	fn	3
#00BFFF	3	1	1	-2.46078307000063	-0.989307006366561	5 fn	-3.8	fn	3
#00BFFF	3	1	1	-0.989307006366561	-0.236008042203913	6 fn	-3.8	fn	3
#00BFFF	3	1	1	-0.236008042203913	0.661925934844175	7 fn	-3.8	fn	3
#00BFFF	3	1	1	0.661925934844175	1.35469240494628	8 fn	-3.8	fn	3
#00BFFF	3	1	1	1.35469240494628	1.57578190167313	9 fn	-3.8	fn	3
#00BFFF	3	2	2	1.57578190167313	2.09655315691206	10 fn	-3.8	fn	3
#00BFFF	3	3	3	2.09655315691206	3.409117077427	11 fn	-3.8	fn	3
#00BFFF	3	3	3	3.409117077427	5.09493403729749	12 fn	-3.8	fn	3
#00BFFF	3	4	4	5.09493403729749	9.08500842897606	13 fn	-3.8	fn	3
#00BFFF	3	0	0	-13.3670578848165	-4.04345598753607	1 fn	-3.6	fn	3
#00BFFF	3	0	0	-4.04345598753607	-3.15405687671473	2 fn	-3.6	fn	3
#00BFFF	3	0	0	-3.15405687671473	-2.58814741115137	3 fn	-3.6	fn	3
#00BFFF	3	0	0	-2.58814741115137	-2.46078307000063	4 fn	-3.6	fn	3
#00BFFF	3	1	1	-2.46078307000063	-0.989307006366561	5 fn	-3.6	fn	3
#00BFFF	3	1	1	-0.989307006366561	-0.436008042203913	6 fn	-3.6	fn	3
#00BFFF	3	1	1	-0.436008042203913	0.461925934844174	7 fn	-3.6	fn	3
#00BFFF	3	1	1	0.461925934844174	1.15469240494628	8 fn	-3.6	fn	3
#00BFFF	3	1	1	1.15469240494628	1.57578190167313	9 fn	-3.6	fn	3
#00BFFF	3	2	2	1.57578190167313	1.89655315691206	10 fn	-3.6	fn	3
#00BFFF	3	3	3	1.89655315691206	3.209117077427	11 fn	-3.6	fn	3
#00BFFF	3	3	3	3.209117077427	4.89493403729749	12 fn	-3.6	fn	3
#00BFFF	3	4	4	4.89493403729749	9.08500842897606	13 fn	-3.6	fn	3
#00BFFF	3	0	0	-13.3670578848165	-4.04345598753607	1 fn	-3.4	fn	3
#00BFFF	3	0	0	-4.04345598753607	-3.15405687671473	2 fn	-3.4	fn	3
#00BFFF	3	0	0	-3.15405687671473	-2.58814741115137	3 fn	-3.4	fn	3
#00BFFF	3	0	0	-2.58814741115137	-2.46078307000063	4 fn	-3.4	fn	3
#00BFFF	3	1	1	-2.46078307000063	-0.989307006366561	5 fn	-3.4	fn	3
#00BFFF	3	1	1	-0.989307006366561	-0.636008042203913	6 fn	-3.4	fn	3
#00BFFF	3	1	1	-0.636008042203913	0.261925934844175	7 fn	-3.4	fn	3
#00BFFF	3	1	1	0.261925934844175	0.954692404946284	8 fn	-3.4	fn	3
#00BFFF	3	1	1	0.954692404946284	1.57578190167313	9 fn	-3.4	fn	3
#00BFFF	3	2	2	1.57578190167313	1.69655315691206	10 fn	-3.4	fn	3
#00BFFF	3	3	3	1.69655315691206	3.00911707742701	11 fn	-3.4	fn	3
#00BFFF	3	3	3	3.00911707742701	4.69493403729749	12 fn	-3.4	fn	3
#00BFFF	3	4	4	4.69493403729749	9.08500842897606	13 fn	-3.4	fn	3
#00BFFF	3	0	0	-13.3670578848165	-4.04345598753607	1 fn	-3.2	fn	3
#00BFFF	3	0	0	-4.04345598753607	-3.15405687671473	2 fn	-3.2	fn	3
#00BFFF	3	0	0	-3.15405687671473	-2.58814741115137	3 fn	-3.2	fn	3
#00BFFF	3	0	0	-2.58814741115137	-2.46078307000063	4 fn	-3.2	fn	3
#00BFFF	3	1	1	-2.46078307000063	-0.989307006366561	5 fn	-3.2	fn	3
#00BFFF	3	1	1	-0.989307006366561	-0.836008042203913	6 fn	-3.2	fn	3
#00BFFF	3	1	1	-0.836008042203913	0.061925934844175	7 fn	-3.2	fn	3
#00BFFF	3	1	1	0.061925934844175	0.754692404946284	8 fn	-3.2	fn	3
#00BFFF	3	1	1	0.754692404946284	1.49655315691206	9 fn	-3.2	fn	3
#00BFFF	3	2	2	1.49655315691206	1.57578190167313	10 fn	-3.2	fn	3
#00BFFF	3	3	3	1.57578190167313	2.80911707742701	11 fn	-3.2	fn	3
#00BFFF	3	3	3	2.80911707742701	4.49493403729749	12 fn	-3.2	fn	3
#00BFFF	3	4	4	4.49493403729749	9.08500842897606	13 fn	-3.2	fn	3
#00BFFF	3	0	0	-13.3670578848165	-4.04345598753607	1 fn	-3	fn	3
#00BFFF	3	0	0	-4.04345598753607	-3.15405687671473	2 fn	-3	fn	3
#00BFFF	3	0	0	-3.15405687671473	-2.58814741115137	3 fn	-3	fn	3
#00BFFF	3	0	0	-2.58814741115137	-2.46078307000063	4 fn	-3	fn	3
#00BFFF	3	1	1	-2.46078307000063	-1.03600804220391	5 fn	-3	fn	3
#00BFFF	3	1	1	-1.03600804220391	-0.989307006366561	6 fn	-3	fn	3
#00BFFF	3	1	1	-0.989307006366561	-0.138074065155825	7 fn	-3	fn	3
#00BFFF	3	1	1	-0.138074065155825	0.554692404946284	8 fn	-3	fn	3
#00BFFF	3	1	1	0.554692404946284	1.29655315691206	9 fn	-3	fn	3
#00BFFF	3	2	2	1.29655315691206	1.57578190167313	10 fn	-3	fn	3
#00BFFF	3	3	3	1.57578190167313	2.609117077427	11 fn	-3	fn	3
#00BFFF	3	3	3	2.609117077427	4.29493403729749	12 fn	-3	fn	3
#00BFFF	3	4	4	4.29493403729749	9.08500842897606	13 fn	-3	fn	3
#00BFFF	3	0	0	-13.3670578848165	-4.04345598753607	1 fn	-2.8	fn	3
#00BFFF	3	0	0	-4.04345598753607	-3.15405687671473	2 fn	-2.8	fn	3
#00BFFF	3	0	0	-3.15405687671473	-2.58814741115137	3 fn	-2.8	fn	3
#00BFFF	3	0	0	-2.58814741115137	-2.46078307000063	4 fn	-2.8	fn	3
#00BFFF	3	1	1	-2.46078307000063	-1.23600804220391	5 fn	-2.8	fn	3
#00BFFF	3	1	1	-1.23600804220391	-0.989307006366561	6 fn	-2.8	fn	3
#00BFFF	3	1	1	-0.989307006366561	-0.338074065155825	7 fn	-2.8	fn	3
#00BFFF	3	1	1	-0.338074065155825	0.354692404946284	8 fn	-2.8	fn	3
#00BFFF	3	1	1	0.354692404946284	1.09655315691206	9 fn	-2.8	fn	3
#00BFFF	3	2	2	1.09655315691206	1.57578190167313	10 fn	-2.8	fn	3
#00BFFF	3	3	3	1.57578190167313	2.409117077427	11 fn	-2.8	fn	3
#00BFFF	3	3	3	2.409117077427	4.09493403729749	12 fn	-2.8	fn	3
#00BFFF	3	4	4	4.09493403729749	9.08500842897606	13 fn	-2.8	fn	3
#00BFFF	3	0	0	-13.3670578848165	-4.04345598753607	1 fn	-2.6	fn	3
#00BFFF	3	0	0	-4.04345598753607	-3.15405687671473	2 fn	-2.6	fn	3
#00BFFF	3	0	0	-3.15405687671473	-2.58814741115137	3 fn	-2.6	fn	3
#00BFFF	3	0	0	-2.58814741115137	-2.46078307000063	4 fn	-2.6	fn	3
#00BFFF	3	1	1	-2.46078307000063	-1.43600804220391	5 fn	-2.6	fn	3
#00BFFF	3	1	1	-1.43600804220391	-0.989307006366561	6 fn	-2.6	fn	3
#00BFFF	3	1	1	-0.989307006366561	-0.538074065155826	7 fn	-2.6	fn	3
#00BFFF	3	1	1	-0.538074065155826	0.154692404946283	8 fn	-2.6	fn	3
#00BFFF	3	1	1	0.154692404946283	0.896553156912058	9 fn	-2.6	fn	3
#00BFFF	3	2	2	0.896553156912058	1.57578190167313	10 fn	-2.6	fn	3
#00BFFF	3	3	3	1.57578190167313	2.209117077427	11 fn	-2.6	fn	3
#00BFFF	3	3	3	2.209117077427	3.89493403729749	12 fn	-2.6	fn	3
#00BFFF	3	4	4	3.89493403729749	9.08500842897606	13 fn	-2.6	fn	3
#00BFFF	3	0	0	-13.3670578848165	-4.04345598753607	1 fn	-2.4	fn	3
#00BFFF	3	0	0	-4.04345598753607	-3.15405687671473	2 fn	-2.4	fn	3
#00BFFF	3	0	0	-3.15405687671473	-2.58814741115137	3 fn	-2.4	fn	3
#00BFFF	3	0	0	-2.58814741115137	-2.46078307000063	4 fn	-2.4	fn	3
#00BFFF	3	1	1	-2.46078307000063	-1.63600804220391	5 fn	-2.4	fn	3
#00BFFF	3	1	1	-1.63600804220391	-0.989307006366561	6 fn	-2.4	fn	3
#00BFFF	3	1	1	-0.989307006366561	-0.738074065155825	7 fn	-2.4	fn	3
#00BFFF	3	1	1	-0.738074065155825	-0.0453075950537158	8 fn	-2.4	fn	3
#00BFFF	3	1	1	-0.0453075950537158	0.696553156912058	9 fn	-2.4	fn	3
#00BFFF	3	2	2	0.696553156912058	1.57578190167313	10 fn	-2.4	fn	3
#00BFFF	3	3	3	1.57578190167313	2.00911707742701	11 fn	-2.4	fn	3
#00BFFF	3	3	3	2.00911707742701	3.69493403729749	12 fn	-2.4	fn	3
#00BFFF	3	4	4	3.69493403729749	9.08500842897606	13 fn	-2.4	fn	3
#00BFFF	3	0	0	-13.3670578848165	-4.04345598753607	1 fn	-2.2	fn	3
#00BFFF	3	0	0	-4.04345598753607	-3.15405687671473	2 fn	-2.2	fn	3
#00BFFF	3	0	0	-3.15405687671473	-2.58814741115137	3 fn	-2.2	fn	3
#00BFFF	3	0	0	-2.58814741115137	-2.46078307000063	4 fn	-2.2	fn	3
#00BFFF	3	1	1	-2.46078307000063	-1.83600804220391	5 fn	-2.2	fn	3
#00BFFF	3	1	1	-1.83600804220391	-0.989307006366561	6 fn	-2.2	fn	3
#00BFFF	3	1	1	-0.989307006366561	-0.938074065155826	7 fn	-2.2	fn	3
#00BFFF	3	1	1	-0.938074065155826	-0.245307595053717	8 fn	-2.2	fn	3
#00BFFF	3	1	1	-0.245307595053717	0.496553156912057	9 fn	-2.2	fn	3
#00BFFF	3	2	2	0.496553156912057	1.57578190167313	10 fn	-2.2	fn	3
#00BFFF	3	3	3	1.57578190167313	1.809117077427	11 fn	-2.2	fn	3
#00BFFF	3	3	3	1.809117077427	3.49493403729749	12 fn	-2.2	fn	3
#00BFFF	3	4	4	3.49493403729749	9.08500842897606	13 fn	-2.2	fn	3
#00BFFF	3	0	0	-13.3670578848165	-4.04345598753607	1 fn	-2	fn	3
#00BFFF	3	0	0	-4.04345598753607	-3.15405687671473	2 fn	-2	fn	3
#00BFFF	3	0	0	-3.15405687671473	-2.58814741115137	3 fn	-2	fn	3
#00BFFF	3	0	0	-2.58814741115137	-2.46078307000063	4 fn	-2	fn	3
#00BFFF	3	1	1	-2.46078307000063	-2.03600804220391	5 fn	-2	fn	3
#00BFFF	3	1	1	-2.03600804220391	-1.13807406515583	6 fn	-2	fn	3
#00BFFF	3	1	1	-1.13807406515583	-0.989307006366561	7 fn	-2	fn	3
#00BFFF	3	1	1	-0.989307006366561	-0.445307595053716	8 fn	-2	fn	3
#00BFFF	3	1	1	-0.445307595053716	0.296553156912058	9 fn	-2	fn	3
#00BFFF	3	2	2	0.296553156912058	1.57578190167313	10 fn	-2	fn	3
#00BFFF	3	3	3	1.57578190167313	1.609117077427	11 fn	-2	fn	3
#00BFFF	3	3	3	1.609117077427	3.29493403729749	12 fn	-2	fn	3
#00BFFF	3	4	4	3.29493403729749	9.08500842897606	13 fn	-2	fn	3
#00BFFF	3	0	0	-13.3670578848165	-4.04345598753607	1 fn	-1.8	fn	3
#00BFFF	3	0	0	-4.04345598753607	-3.15405687671473	2 fn	-1.8	fn	3
#00BFFF	3	0	0	-3.15405687671473	-2.58814741115137	3 fn	-1.8	fn	3
#00BFFF	3	0	0	-2.58814741115137	-2.46078307000063	4 fn	-1.8	fn	3
#00BFFF	3	1	1	-2.46078307000063	-2.23600804220391	5 fn	-1.8	fn	3
#00BFFF	3	1	1	-2.23600804220391	-1.33807406515582	6 fn	-1.8	fn	3
#00BFFF	3	1	1	-1.33807406515582	-0.989307006366561	7 fn	-1.8	fn	3
#00BFFF	3	1	1	-0.989307006366561	-0.645307595053716	8 fn	-1.8	fn	3
#00BFFF	3	1	1	-0.645307595053716	0.0965531569120586	9 fn	-1.8	fn	3
#00BFFF	3	2	2	0.0965531569120586	1.40911707742701	10 fn	-1.8	fn	3
#00BFFF	3	2	2	1.40911707742701	1.57578190167313	11 fn	-1.8	fn	3
#00BFFF	3	3	3	1.57578190167313	3.09493403729749	12 fn	-1.8	fn	3
#00BFFF	3	4	4	3.09493403729749	9.08500842897606	13 fn	-1.8	fn	3
#00BFFF	3	0	0	-13.3670578848165	-4.04345598753607	1 fn	-1.6	fn	3
#00BFFF	3	0	0	-4.04345598753607	-3.15405687671473	2 fn	-1.6	fn	3
#00BFFF	3	0	0	-3.15405687671473	-2.58814741115137	3 fn	-1.6	fn	3
#00BFFF	3	0	0	-2.58814741115137	-2.46078307000063	4 fn	-1.6	fn	3
#00BFFF	3	1	1	-2.46078307000063	-2.43600804220391	5 fn	-1.6	fn	3
#00BFFF	3	1	1	-2.43600804220391	-1.53807406515583	6 fn	-1.6	fn	3
#00BFFF	3	1	1	-1.53807406515583	-0.989307006366561	7 fn	-1.6	fn	3
#00BFFF	3	1	1	-0.989307006366561	-0.845307595053717	8 fn	-1.6	fn	3
#00BFFF	3	1	1	-0.845307595053717	-0.103446843087943	9 fn	-1.6	fn	3
#00BFFF	3	2	2	-0.103446843087943	1.209117077427	10 fn	-1.6	fn	3
#00BFFF	3	2	2	1.209117077427	1.57578190167313	11 fn	-1.6	fn	3
#00BFFF	3	3	3	1.57578190167313	2.89493403729749	12 fn	-1.6	fn	3
#00BFFF	3	4	4	2.89493403729749	9.08500842897606	13 fn	-1.6	fn	3
#00BFFF	3	0	0	-13.3670578848165	-4.04345598753607	1 fn	-1.4	fn	3
#00BFFF	3	0	0	-4.04345598753607	-3.15405687671473	2 fn	-1.4	fn	3
#00BFFF	3	0	0	-3.15405687671473	-2.63600804220391	3 fn	-1.4	fn	3
#00BFFF	3	0	0	-2.63600804220391	-2.58814741115137	4 fn	-1.4	fn	3
#00BFFF	3	0	0	-2.58814741115137	-2.46078307000063	5 fn	-1.4	fn	3
#00BFFF	3	1	1	-2.46078307000063	-1.73807406515582	6 fn	-1.4	fn	3
#00BFFF	3	1	1	-1.73807406515582	-1.04530759505372	7 fn	-1.4	fn	3
#00BFFF	3	1	1	-1.04530759505372	-0.989307006366561	8 fn	-1.4	fn	3
#00BFFF	3	1	1	-0.989307006366561	-0.303446843087942	9 fn	-1.4	fn	3
#00BFFF	3	2	2	-0.303446843087942	1.00911707742701	10 fn	-1.4	fn	3
#00BFFF	3	2	2	1.00911707742701	1.57578190167313	11 fn	-1.4	fn	3
#00BFFF	3	3	3	1.57578190167313	2.69493403729749	12 fn	-1.4	fn	3
#00BFFF	3	4	4	2.69493403729749	9.08500842897606	13 fn	-1.4	fn	3
#00BFFF	3	0	0	-13.3670578848165	-4.04345598753607	1 fn	-1.2	fn	3
#00BFFF	3	0	0	-4.04345598753607	-3.15405687671473	2 fn	-1.2	fn	3
#00BFFF	3	0	0	-3.15405687671473	-2.83600804220391	3 fn	-1.2	fn	3
#00BFFF	3	0	0	-2.83600804220391	-2.58814741115137	4 fn	-1.2	fn	3
#00BFFF	3	0	0	-2.58814741115137	-2.46078307000063	5 fn	-1.2	fn	3
#00BFFF	3	1	1	-2.46078307000063	-1.93807406515583	6 fn	-1.2	fn	3
#00BFFF	3	1	1	-1.93807406515583	-1.24530759505372	7 fn	-1.2	fn	3
#00BFFF	3	1	1	-1.24530759505372	-0.989307006366561	8 fn	-1.2	fn	3
#00BFFF	3	1	1	-0.989307006366561	-0.503446843087943	9 fn	-1.2	fn	3
#00BFFF	3	2	2	-0.503446843087943	0.809117077427004	10 fn	-1.2	fn	3
#00BFFF	3	2	2	0.809117077427004	1.57578190167313	11 fn	-1.2	fn	3
#00BFFF	3	3	3	1.57578190167313	2.49493403729749	12 fn	-1.2	fn	3
#00BFFF	3	4	4	2.49493403729749	9.08500842897606	13 fn	-1.2	fn	3
#00BFFF	3	0	0	-13.3670578848165	-4.04345598753607	1 fn	-1	fn	3
#00BFFF	3	0	0	-4.04345598753607	-3.15405687671473	2 fn	-1	fn	3
#00BFFF	3	0	0	-3.15405687671473	-3.03600804220391	3 fn	-1	fn	3
#00BFFF	3	0	0	-3.03600804220391	-2.58814741115137	4 fn	-1	fn	3
#00BFFF	3	0	0	-2.58814741115137	-2.46078307000063	5 fn	-1	fn	3
#00BFFF	3	1	1	-2.46078307000063	-2.13807406515583	6 fn	-1	fn	3
#00BFFF	3	1	1	-2.13807406515583	-1.44530759505372	7 fn	-1	fn	3
#00BFFF	3	1	1	-1.44530759505372	-0.989307006366561	8 fn	-1	fn	3
#00BFFF	3	1	1	-0.989307006366561	-0.703446843087942	9 fn	-1	fn	3
#00BFFF	3	2	2	-0.703446843087942	0.609117077427005	10 fn	-1	fn	3
#00BFFF	3	2	2	0.609117077427005	1.57578190167313	11 fn	-1	fn	3
#00BFFF	3	3	3	1.57578190167313	2.29493403729749	12 fn	-1	fn	3
#00BFFF	3	4	4	2.29493403729749	9.08500842897606	13 fn	-1	fn	3
#00BFFF	3	0	0	-13.3670578848165	-4.04345598753607	1 fn	-0.8	fn	3
#00BFFF	3	0	0	-4.04345598753607	-3.23600804220391	2 fn	-0.8	fn	3
#00BFFF	3	0	0	-3.23600804220391	-3.15405687671473	3 fn	-0.8	fn	3
#00BFFF	3	0	0	-3.15405687671473	-2.58814741115137	4 fn	-0.8	fn	3
#00BFFF	3	0	0	-2.58814741115137	-2.46078307000063	5 fn	-0.8	fn	3
#00BFFF	3	1	1	-2.46078307000063	-2.33807406515582	6 fn	-0.8	fn	3
#00BFFF	3	1	1	-2.33807406515582	-1.64530759505372	7 fn	-0.8	fn	3
#00BFFF	3	1	1	-1.64530759505372	-0.989307006366561	8 fn	-0.8	fn	3
#00BFFF	3	1	1	-0.989307006366561	-0.903446843087941	9 fn	-0.8	fn	3
#00BFFF	3	2	2	-0.903446843087941	0.409117077427005	10 fn	-0.8	fn	3
#00BFFF	3	2	2	0.409117077427005	1.57578190167313	11 fn	-0.8	fn	3
#00BFFF	3	3	3	1.57578190167313	2.09493403729749	12 fn	-0.8	fn	3
#00BFFF	3	4	4	2.09493403729749	9.08500842897606	13 fn	-0.8	fn	3
#00BFFF	3	0	0	-13.3670578848165	-4.04345598753607	1 fn	-0.6	fn	3
#00BFFF	3	0	0	-4.04345598753607	-3.43600804220391	2 fn	-0.6	fn	3
#00BFFF	3	0	0	-3.43600804220391	-3.15405687671473	3 fn	-0.6	fn	3
#00BFFF	3	0	0	-3.15405687671473	-2.58814741115137	4 fn	-0.6	fn	3
#00BFFF	3	0	0	-2.58814741115137	-2.53807406515583	5 fn	-0.6	fn	3
#00BFFF	3	0	0	-2.53807406515583	-2.46078307000063	6 fn	-0.6	fn	3
#00BFFF	3	1	1	-2.46078307000063	-1.84530759505372	7 fn	-0.6	fn	3
#00BFFF	3	1	1	-1.84530759505372	-1.10344684308794	8 fn	-0.6	fn	3
#00BFFF	3	2	2	-1.10344684308794	-0.989307006366561	9 fn	-0.6	fn	3
#00BFFF	3	2	2	-0.989307006366561	0.209117077427004	10 fn	-0.6	fn	3
#00BFFF	3	2	2	0.209117077427004	1.57578190167313	11 fn	-0.6	fn	3
#00BFFF	3	3	3	1.57578190167313	1.89493403729749	12 fn	-0.6	fn	3
#00BFFF	3	4	4	1.89493403729749	9.08500842897606	13 fn	-0.6	fn	3
#00BFFF	3	0	0	-13.3670578848165	-4.04345598753607	1 fn	-0.399999999999999	fn	3
#00BFFF	3	0	0	-4.04345598753607	-3.63600804220391	2 fn	-0.399999999999999	fn	3
#00BFFF	3	0	0	-3.63600804220391	-3.15405687671473	3 fn	-0.399999999999999	fn	3
#00BFFF	3	0	0	-3.15405687671473	-2.73807406515583	4 fn	-0.399999999999999	fn	3
#00BFFF	3	0	0	-2.73807406515583	-2.58814741115137	5 fn	-0.399999999999999	fn	3
#00BFFF	3	0	0	-2.58814741115137	-2.46078307000063	6 fn	-0.399999999999999	fn	3
#00BFFF	3	1	1	-2.46078307000063	-2.04530759505372	7 fn	-0.399999999999999	fn	3
#00BFFF	3	1	1	-2.04530759505372	-1.30344684308794	8 fn	-0.399999999999999	fn	3
#00BFFF	3	2	2	-1.30344684308794	-0.989307006366561	9 fn	-0.399999999999999	fn	3
#00BFFF	3	2	2	-0.989307006366561	0.0091170774270033	10 fn	-0.399999999999999	fn	3
#00BFFF	3	2	2	0.0091170774270033	1.57578190167313	11 fn	-0.399999999999999	fn	3
#00BFFF	3	3	3	1.57578190167313	1.69493403729749	12 fn	-0.399999999999999	fn	3
#00BFFF	3	4	4	1.69493403729749	9.08500842897606	13 fn	-0.399999999999999	fn	3
#00BFFF	3	0	0	-13.3670578848165	-4.04345598753607	1 fn	-0.199999999999999	fn	3
#00BFFF	3	0	0	-4.04345598753607	-3.83600804220391	2 fn	-0.199999999999999	fn	3
#00BFFF	3	0	0	-3.83600804220391	-3.15405687671473	3 fn	-0.199999999999999	fn	3
#00BFFF	3	0	0	-3.15405687671473	-2.93807406515583	4 fn	-0.199999999999999	fn	3
#00BFFF	3	0	0	-2.93807406515583	-2.58814741115137	5 fn	-0.199999999999999	fn	3
#00BFFF	3	0	0	-2.58814741115137	-2.46078307000063	6 fn	-0.199999999999999	fn	3
#00BFFF	3	1	1	-2.46078307000063	-2.24530759505372	7 fn	-0.199999999999999	fn	3
#00BFFF	3	1	1	-2.24530759505372	-1.50344684308794	8 fn	-0.199999999999999	fn	3
#00BFFF	3	2	2	-1.50344684308794	-0.989307006366561	9 fn	-0.199999999999999	fn	3
#00BFFF	3	2	2	-0.989307006366561	-0.190882922572996	10 fn	-0.199999999999999	fn	3
#00BFFF	3	2	2	-0.190882922572996	1.49493403729749	11 fn	-0.199999999999999	fn	3
#00BFFF	3	3	3	1.49493403729749	1.57578190167313	12 fn	-0.199999999999999	fn	3
#00BFFF	3	4	4	1.57578190167313	9.08500842897606	13 fn	-0.199999999999999	fn	3
#00BFFF	3	0	0	-13.3670578848165	-4.04345598753607	1 fn	0	fn	3
#00BFFF	3	0	0	-4.04345598753607	-4.03600804220391	2 fn	0	fn	3
#00BFFF	3	0	0	-4.03600804220391	-3.15405687671473	3 fn	0	fn	3
#00BFFF	3	0	0	-3.15405687671473	-3.13807406515583	4 fn	0	fn	3
#00BFFF	3	0	0	-3.13807406515583	-2.58814741115137	5 fn	0	fn	3
#00BFFF	3	0	0	-2.58814741115137	-2.46078307000063	6 fn	0	fn	3
#00BFFF	3	1	1	-2.46078307000063	-2.44530759505372	7 fn	0	fn	3
#00BFFF	3	1	1	-2.44530759505372	-1.70344684308794	8 fn	0	fn	3
#00BFFF	3	2	2	-1.70344684308794	-0.989307006366561	9 fn	0	fn	3
#00BFFF	3	2	2	-0.989307006366561	-0.390882922572995	10 fn	0	fn	3
#00BFFF	3	2	2	-0.390882922572995	1.29493403729749	11 fn	0	fn	3
#00BFFF	3	3	3	1.29493403729749	1.57578190167313	12 fn	0	fn	3
#00BFFF	3	4	4	1.57578190167313	9.08500842897606	13 fn	0	fn	3
#00BFFF	3	0	0	-13.3670578848165	-4.23600804220391	1 fn	0.2	fn	3
#00BFFF	3	0	0	-4.23600804220391	-4.04345598753607	2 fn	0.2	fn	3
#00BFFF	3	0	0	-4.04345598753607	-3.33807406515582	3 fn	0.2	fn	3
#00BFFF	3	0	0	-3.33807406515582	-3.15405687671473	4 fn	0.2	fn	3
#00BFFF	3	0	0	-3.15405687671473	-2.64530759505372	5 fn	0.2	fn	3
#00BFFF	3	0	0	-2.64530759505372	-2.58814741115137	6 fn	0.2	fn	3
#00BFFF	3	0	0	-2.58814741115137	-2.46078307000063	7 fn	0.2	fn	3
#00BFFF	3	1	1	-2.46078307000063	-1.90344684308794	8 fn	0.2	fn	3
#00BFFF	3	2	2	-1.90344684308794	-0.989307006366561	9 fn	0.2	fn	3
#00BFFF	3	2	2	-0.989307006366561	-0.590882922572995	10 fn	0.2	fn	3
#00BFFF	3	2	2	-0.590882922572995	1.09493403729749	11 fn	0.2	fn	3
#00BFFF	3	3	3	1.09493403729749	1.57578190167313	12 fn	0.2	fn	3
#00BFFF	3	4	4	1.57578190167313	9.08500842897606	13 fn	0.2	fn	3
#00BFFF	3	0	0	-13.3670578848165	-4.43600804220391	1 fn	0.4	fn	3
#00BFFF	3	0	0	-4.43600804220391	-4.04345598753607	2 fn	0.4	fn	3
#00BFFF	3	0	0	-4.04345598753607	-3.53807406515583	3 fn	0.4	fn	3
#00BFFF	3	0	0	-3.53807406515583	-3.15405687671473	4 fn	0.4	fn	3
#00BFFF	3	0	0	-3.15405687671473	-2.84530759505372	5 fn	0.4	fn	3
#00BFFF	3	0	0	-2.84530759505372	-2.58814741115137	6 fn	0.4	fn	3
#00BFFF	3	0	0	-2.58814741115137	-2.46078307000063	7 fn	0.4	fn	3
#00BFFF	3	1	1	-2.46078307000063	-2.10344684308794	8 fn	0.4	fn	3
#00BFFF	3	2	2	-2.10344684308794	-0.989307006366561	9 fn	0.4	fn	3
#00BFFF	3	2	2	-0.989307006366561	-0.790882922572996	10 fn	0.4	fn	3
#00BFFF	3	2	2	-0.790882922572996	0.894934037297492	11 fn	0.4	fn	3
#00BFFF	3	3	3	0.894934037297492	1.57578190167313	12 fn	0.4	fn	3
#00BFFF	3	4	4	1.57578190167313	9.08500842897606	13 fn	0.4	fn	3
#00BFFF	3	0	0	-13.3670578848165	-4.63600804220391	1 fn	0.600000000000001	fn	3
#00BFFF	3	0	0	-4.63600804220391	-4.04345598753607	2 fn	0.600000000000001	fn	3
#00BFFF	3	0	0	-4.04345598753607	-3.73807406515583	3 fn	0.600000000000001	fn	3
#00BFFF	3	0	0	-3.73807406515583	-3.15405687671473	4 fn	0.600000000000001	fn	3
#00BFFF	3	0	0	-3.15405687671473	-3.04530759505372	5 fn	0.600000000000001	fn	3
#00BFFF	3	0	0	-3.04530759505372	-2.58814741115137	6 fn	0.600000000000001	fn	3
#00BFFF	3	0	0	-2.58814741115137	-2.46078307000063	7 fn	0.600000000000001	fn	3
#00BFFF	3	1	1	-2.46078307000063	-2.30344684308794	8 fn	0.600000000000001	fn	3
#00BFFF	3	2	2	-2.30344684308794	-0.990882922572997	9 fn	0.600000000000001	fn	3
#00BFFF	3	2	2	-0.990882922572997	-0.989307006366561	10 fn	0.600000000000001	fn	3
#00BFFF	3	2	2	-0.989307006366561	0.694934037297491	11 fn	0.600000000000001	fn	3
#00BFFF	3	3	3	0.694934037297491	1.57578190167313	12 fn	0.600000000000001	fn	3
#00BFFF	3	4	4	1.57578190167313	9.08500842897606	13 fn	0.600000000000001	fn	3
#00BFFF	3	0	0	-13.3670578848165	-4.83600804220391	1 fn	0.800000000000001	fn	3
#00BFFF	3	0	0	-4.83600804220391	-4.04345598753607	2 fn	0.800000000000001	fn	3
#00BFFF	3	0	0	-4.04345598753607	-3.93807406515583	3 fn	0.800000000000001	fn	3
#00BFFF	3	0	0	-3.93807406515583	-3.24530759505372	4 fn	0.800000000000001	fn	3
#00BFFF	3	0	0	-3.24530759505372	-3.15405687671473	5 fn	0.800000000000001	fn	3
#00BFFF	3	0	0	-3.15405687671473	-2.58814741115137	6 fn	0.800000000000001	fn	3
#00BFFF	3	0	0	-2.58814741115137	-2.50344684308794	7 fn	0.800000000000001	fn	3
#00BFFF	3	1	1	-2.50344684308794	-2.46078307000063	8 fn	0.800000000000001	fn	3
#00BFFF	3	2	2	-2.46078307000063	-1.190882922573	9 fn	0.800000000000001	fn	3
#00BFFF	3	2	2	-1.190882922573	-0.989307006366561	10 fn	0.800000000000001	fn	3
#00BFFF	3	2	2	-0.989307006366561	0.494934037297492	11 fn	0.800000000000001	fn	3
#00BFFF	3	3	3	0.494934037297492	1.57578190167313	12 fn	0.800000000000001	fn	3
#00BFFF	3	4	4	1.57578190167313	9.08500842897606	13 fn	0.800000000000001	fn	3
#00BFFF	3	0	0	-13.3670578848165	-5.03600804220391	1 fn	1	fn	3
#00BFFF	3	0	0	-5.03600804220391	-4.13807406515583	2 fn	1	fn	3
#00BFFF	3	0	0	-4.13807406515583	-4.04345598753607	3 fn	1	fn	3
#00BFFF	3	0	0	-4.04345598753607	-3.44530759505372	4 fn	1	fn	3
#00BFFF	3	0	0	-3.44530759505372	-3.15405687671473	5 fn	1	fn	3
#00BFFF	3	0	0	-3.15405687671473	-2.70344684308794	6 fn	1	fn	3
#00BFFF	3	1	1	-2.70344684308794	-2.58814741115137	7 fn	1	fn	3
#00BFFF	3	1	1	-2.58814741115137	-2.46078307000063	8 fn	1	fn	3
#00BFFF	3	2	2	-2.46078307000063	-1.390882922573	9 fn	1	fn	3
#00BFFF	3	2	2	-1.390882922573	-0.989307006366561	10 fn	1	fn	3
#00BFFF	3	2	2	-0.989307006366561	0.294934037297493	11 fn	1	fn	3
#00BFFF	3	3	3	0.294934037297493	1.57578190167313	12 fn	1	fn	3
#00BFFF	3	4	4	1.57578190167313	9.08500842897606	13 fn	1	fn	3
#00BFFF	3	0	0	-13.3670578848165	-5.23600804220391	1 fn	1.2	fn	3
#00BFFF	3	0	0	-5.23600804220391	-4.33807406515582	2 fn	1.2	fn	3
#00BFFF	3	0	0	-4.33807406515582	-4.04345598753607	3 fn	1.2	fn	3
#00BFFF	3	0	0	-4.04345598753607	-3.64530759505372	4 fn	1.2	fn	3
#00BFFF	3	0	0	-3.64530759505372	-3.15405687671473	5 fn	1.2	fn	3
#00BFFF	3	0	0	-3.15405687671473	-2.90344684308794	6 fn	1.2	fn	3
#00BFFF	3	1	1	-2.90344684308794	-2.58814741115137	7 fn	1.2	fn	3
#00BFFF	3	1	1	-2.58814741115137	-2.46078307000063	8 fn	1.2	fn	3
#00BFFF	3	2	2	-2.46078307000063	-1.59088292257299	9 fn	1.2	fn	3
#00BFFF	3	2	2	-1.59088292257299	-0.989307006366561	10 fn	1.2	fn	3
#00BFFF	3	2	2	-0.989307006366561	0.0949340372974934	11 fn	1.2	fn	3
#00BFFF	3	3	3	0.0949340372974934	1.57578190167313	12 fn	1.2	fn	3
#00BFFF	3	4	4	1.57578190167313	9.08500842897606	13 fn	1.2	fn	3
#00BFFF	3	0	0	-13.3670578848165	-5.43600804220391	1 fn	1.4	fn	3
#00BFFF	3	0	0	-5.43600804220391	-4.53807406515583	2 fn	1.4	fn	3
#00BFFF	3	0	0	-4.53807406515583	-4.04345598753607	3 fn	1.4	fn	3
#00BFFF	3	0	0	-4.04345598753607	-3.84530759505372	4 fn	1.4	fn	3
#00BFFF	3	0	0	-3.84530759505372	-3.15405687671473	5 fn	1.4	fn	3
#00BFFF	3	0	0	-3.15405687671473	-3.10344684308794	6 fn	1.4	fn	3
#00BFFF	3	1	1	-3.10344684308794	-2.58814741115137	7 fn	1.4	fn	3
#00BFFF	3	1	1	-2.58814741115137	-2.46078307000063	8 fn	1.4	fn	3
#00BFFF	3	2	2	-2.46078307000063	-1.790882922573	9 fn	1.4	fn	3
#00BFFF	3	2	2	-1.790882922573	-0.989307006366561	10 fn	1.4	fn	3
#00BFFF	3	2	2	-0.989307006366561	-0.105065962702508	11 fn	1.4	fn	3
#00BFFF	3	3	3	-0.105065962702508	1.57578190167313	12 fn	1.4	fn	3
#00BFFF	3	4	4	1.57578190167313	9.08500842897606	13 fn	1.4	fn	3
#00BFFF	3	0	0	-13.3670578848165	-5.63600804220391	1 fn	1.6	fn	3
#00BFFF	3	0	0	-5.63600804220391	-4.73807406515583	2 fn	1.6	fn	3
#00BFFF	3	0	0	-4.73807406515583	-4.04530759505372	3 fn	1.6	fn	3
#00BFFF	3	0	0	-4.04530759505372	-4.04345598753607	4 fn	1.6	fn	3
#00BFFF	3	0	0	-4.04345598753607	-3.30344684308794	5 fn	1.6	fn	3
#00BFFF	3	1	1	-3.30344684308794	-3.15405687671473	6 fn	1.6	fn	3
#00BFFF	3	1	1	-3.15405687671473	-2.58814741115137	7 fn	1.6	fn	3
#00BFFF	3	1	1	-2.58814741115137	-2.46078307000063	8 fn	1.6	fn	3
#00BFFF	3	2	2	-2.46078307000063	-1.990882922573	9 fn	1.6	fn	3
#00BFFF	3	2	2	-1.990882922573	-0.989307006366561	10 fn	1.6	fn	3
#00BFFF	3	2	2	-0.989307006366561	-0.305065962702509	11 fn	1.6	fn	3
#00BFFF	3	3	3	-0.305065962702509	1.57578190167313	12 fn	1.6	fn	3
#00BFFF	3	4	4	1.57578190167313	9.08500842897606	13 fn	1.6	fn	3
#00BFFF	3	0	0	-13.3670578848165	-5.83600804220391	1 fn	1.8	fn	3
#00BFFF	3	0	0	-5.83600804220391	-4.93807406515583	2 fn	1.8	fn	3
#00BFFF	3	0	0	-4.93807406515583	-4.24530759505372	3 fn	1.8	fn	3
#00BFFF	3	0	0	-4.24530759505372	-4.04345598753607	4 fn	1.8	fn	3
#00BFFF	3	0	0	-4.04345598753607	-3.50344684308794	5 fn	1.8	fn	3
#00BFFF	3	1	1	-3.50344684308794	-3.15405687671473	6 fn	1.8	fn	3
#00BFFF	3	1	1	-3.15405687671473	-2.58814741115137	7 fn	1.8	fn	3
#00BFFF	3	1	1	-2.58814741115137	-2.46078307000063	8 fn	1.8	fn	3
#00BFFF	3	2	2	-2.46078307000063	-2.190882922573	9 fn	1.8	fn	3
#00BFFF	3	2	2	-2.190882922573	-0.989307006366561	10 fn	1.8	fn	3
#00BFFF	3	2	2	-0.989307006366561	-0.505065962702508	11 fn	1.8	fn	3
#00BFFF	3	3	3	-0.505065962702508	1.57578190167313	12 fn	1.8	fn	3
#00BFFF	3	4	4	1.57578190167313	9.08500842897606	13 fn	1.8	fn	3
#00BFFF	3	0	0	-13.3670578848165	-6.03600804220391	1 fn	2	fn	3
#00BFFF	3	0	0	-6.03600804220391	-5.13807406515583	2 fn	2	fn	3
#00BFFF	3	0	0	-5.13807406515583	-4.44530759505372	3 fn	2	fn	3
#00BFFF	3	0	0	-4.44530759505372	-4.04345598753607	4 fn	2	fn	3
#00BFFF	3	0	0	-4.04345598753607	-3.70344684308794	5 fn	2	fn	3
#00BFFF	3	1	1	-3.70344684308794	-3.15405687671473	6 fn	2	fn	3
#00BFFF	3	1	1	-3.15405687671473	-2.58814741115137	7 fn	2	fn	3
#00BFFF	3	1	1	-2.58814741115137	-2.46078307000063	8 fn	2	fn	3
#00BFFF	3	2	2	-2.46078307000063	-2.390882922573	9 fn	2	fn	3
#00BFFF	3	2	2	-2.390882922573	-0.989307006366561	10 fn	2	fn	3
#00BFFF	3	2	2	-0.989307006366561	-0.705065962702507	11 fn	2	fn	3
#00BFFF	3	3	3	-0.705065962702507	1.57578190167313	12 fn	2	fn	3
#00BFFF	3	4	4	1.57578190167313	9.08500842897606	13 fn	2	fn	3
#00BFFF	3	0	0	-13.3670578848165	-6.23600804220391	1 fn	2.2	fn	3
#00BFFF	3	0	0	-6.23600804220391	-5.33807406515582	2 fn	2.2	fn	3
#00BFFF	3	0	0	-5.33807406515582	-4.64530759505372	3 fn	2.2	fn	3
#00BFFF	3	0	0	-4.64530759505372	-4.04345598753607	4 fn	2.2	fn	3
#00BFFF	3	0	0	-4.04345598753607	-3.90344684308794	5 fn	2.2	fn	3
#00BFFF	3	1	1	-3.90344684308794	-3.15405687671473	6 fn	2.2	fn	3
#00BFFF	3	1	1	-3.15405687671473	-2.59088292257299	7 fn	2.2	fn	3
#00BFFF	3	1	1	-2.59088292257299	-2.58814741115137	8 fn	2.2	fn	3
#00BFFF	3	1	1	-2.58814741115137	-2.46078307000063	9 fn	2.2	fn	3
#00BFFF	3	2	2	-2.46078307000063	-0.989307006366561	10 fn	2.2	fn	3
#00BFFF	3	2	2	-0.989307006366561	-0.905065962702507	11 fn	2.2	fn	3
#00BFFF	3	3	3	-0.905065962702507	1.57578190167313	12 fn	2.2	fn	3
#00BFFF	3	4	4	1.57578190167313	9.08500842897606	13 fn	2.2	fn	3
#00BFFF	3	0	0	-13.3670578848165	-6.43600804220391	1 fn	2.4	fn	3
#00BFFF	3	0	0	-6.43600804220391	-5.53807406515583	2 fn	2.4	fn	3
#00BFFF	3	0	0	-5.53807406515583	-4.84530759505372	3 fn	2.4	fn	3
#00BFFF	3	0	0	-4.84530759505372	-4.10344684308794	4 fn	2.4	fn	3
#00BFFF	3	1	1	-4.10344684308794	-4.04345598753607	5 fn	2.4	fn	3
#00BFFF	3	1	1	-4.04345598753607	-3.15405687671473	6 fn	2.4	fn	3
#00BFFF	3	1	1	-3.15405687671473	-2.790882922573	7 fn	2.4	fn	3
#00BFFF	3	1	1	-2.790882922573	-2.58814741115137	8 fn	2.4	fn	3
#00BFFF	3	1	1	-2.58814741115137	-2.46078307000063	9 fn	2.4	fn	3
#00BFFF	3	2	2	-2.46078307000063	-1.10506596270251	10 fn	2.4	fn	3
#00BFFF	3	3	3	-1.10506596270251	-0.989307006366561	11 fn	2.4	fn	3
#00BFFF	3	3	3	-0.989307006366561	1.57578190167313	12 fn	2.4	fn	3
#00BFFF	3	4	4	1.57578190167313	9.08500842897606	13 fn	2.4	fn	3
#00BFFF	3	0	0	-13.3670578848165	-6.63600804220391	1 fn	2.6	fn	3
#00BFFF	3	0	0	-6.63600804220391	-5.73807406515583	2 fn	2.6	fn	3
#00BFFF	3	0	0	-5.73807406515583	-5.04530759505372	3 fn	2.6	fn	3
#00BFFF	3	0	0	-5.04530759505372	-4.30344684308794	4 fn	2.6	fn	3
#00BFFF	3	1	1	-4.30344684308794	-4.04345598753607	5 fn	2.6	fn	3
#00BFFF	3	1	1	-4.04345598753607	-3.15405687671473	6 fn	2.6	fn	3
#00BFFF	3	1	1	-3.15405687671473	-2.990882922573	7 fn	2.6	fn	3
#00BFFF	3	1	1	-2.990882922573	-2.58814741115137	8 fn	2.6	fn	3
#00BFFF	3	1	1	-2.58814741115137	-2.46078307000063	9 fn	2.6	fn	3
#00BFFF	3	2	2	-2.46078307000063	-1.30506596270251	10 fn	2.6	fn	3
#00BFFF	3	3	3	-1.30506596270251	-0.989307006366561	11 fn	2.6	fn	3
#00BFFF	3	3	3	-0.989307006366561	1.57578190167313	12 fn	2.6	fn	3
#00BFFF	3	4	4	1.57578190167313	9.08500842897606	13 fn	2.6	fn	3
#00BFFF	3	0	0	-13.3670578848165	-6.83600804220391	1 fn	2.8	fn	3
#00BFFF	3	0	0	-6.83600804220391	-5.93807406515583	2 fn	2.8	fn	3
#00BFFF	3	0	0	-5.93807406515583	-5.24530759505372	3 fn	2.8	fn	3
#00BFFF	3	0	0	-5.24530759505372	-4.50344684308794	4 fn	2.8	fn	3
#00BFFF	3	1	1	-4.50344684308794	-4.04345598753607	5 fn	2.8	fn	3
#00BFFF	3	1	1	-4.04345598753607	-3.190882922573	6 fn	2.8	fn	3
#00BFFF	3	1	1	-3.190882922573	-3.15405687671473	7 fn	2.8	fn	3
#00BFFF	3	1	1	-3.15405687671473	-2.58814741115137	8 fn	2.8	fn	3
#00BFFF	3	1	1	-2.58814741115137	-2.46078307000063	9 fn	2.8	fn	3
#00BFFF	3	2	2	-2.46078307000063	-1.50506596270251	10 fn	2.8	fn	3
#00BFFF	3	3	3	-1.50506596270251	-0.989307006366561	11 fn	2.8	fn	3
#00BFFF	3	3	3	-0.989307006366561	1.57578190167313	12 fn	2.8	fn	3
#00BFFF	3	4	4	1.57578190167313	9.08500842897606	13 fn	2.8	fn	3
#00BFFF	3	0	0	-13.3670578848165	-7.03600804220391	1 fn	3	fn	3
#00BFFF	3	0	0	-7.03600804220391	-6.13807406515583	2 fn	3	fn	3
#00BFFF	3	0	0	-6.13807406515583	-5.44530759505372	3 fn	3	fn	3
#00BFFF	3	0	0	-5.44530759505372	-4.70344684308794	4 fn	3	fn	3
#00BFFF	3	1	1	-4.70344684308794	-4.04345598753607	5 fn	3	fn	3
#00BFFF	3	1	1	-4.04345598753607	-3.390882922573	6 fn	3	fn	3
#00BFFF	3	1	1	-3.390882922573	-3.15405687671473	7 fn	3	fn	3
#00BFFF	3	1	1	-3.15405687671473	-2.58814741115137	8 fn	3	fn	3
#00BFFF	3	1	1	-2.58814741115137	-2.46078307000063	9 fn	3	fn	3
#00BFFF	3	2	2	-2.46078307000063	-1.70506596270251	10 fn	3	fn	3
#00BFFF	3	3	3	-1.70506596270251	-0.989307006366561	11 fn	3	fn	3
#00BFFF	3	3	3	-0.989307006366561	1.57578190167313	12 fn	3	fn	3
#00BFFF	3	4	4	1.57578190167313	9.08500842897606	13 fn	3	fn	3
#00BFFF	3	0	0	-13.3670578848165	-7.23600804220391	1 fn	3.2	fn	3
#00BFFF	3	0	0	-7.23600804220391	-6.33807406515583	2 fn	3.2	fn	3
#00BFFF	3	0	0	-6.33807406515583	-5.64530759505372	3 fn	3.2	fn	3
#00BFFF	3	0	0	-5.64530759505372	-4.90344684308794	4 fn	3.2	fn	3
#00BFFF	3	1	1	-4.90344684308794	-4.04345598753607	5 fn	3.2	fn	3
#00BFFF	3	1	1	-4.04345598753607	-3.590882922573	6 fn	3.2	fn	3
#00BFFF	3	1	1	-3.590882922573	-3.15405687671473	7 fn	3.2	fn	3
#00BFFF	3	1	1	-3.15405687671473	-2.58814741115137	8 fn	3.2	fn	3
#00BFFF	3	1	1	-2.58814741115137	-2.46078307000063	9 fn	3.2	fn	3
#00BFFF	3	2	2	-2.46078307000063	-1.90506596270251	10 fn	3.2	fn	3
#00BFFF	3	3	3	-1.90506596270251	-0.989307006366561	11 fn	3.2	fn	3
#00BFFF	3	3	3	-0.989307006366561	1.57578190167313	12 fn	3.2	fn	3
#00BFFF	3	4	4	1.57578190167313	9.08500842897606	13 fn	3.2	fn	3
#00BFFF	3	0	0	-13.3670578848165	-7.43600804220391	1 fn	3.4	fn	3
#00BFFF	3	0	0	-7.43600804220391	-6.53807406515583	2 fn	3.4	fn	3
#00BFFF	3	0	0	-6.53807406515583	-5.84530759505372	3 fn	3.4	fn	3
#00BFFF	3	0	0	-5.84530759505372	-5.10344684308794	4 fn	3.4	fn	3
#00BFFF	3	1	1	-5.10344684308794	-4.04345598753607	5 fn	3.4	fn	3
#00BFFF	3	1	1	-4.04345598753607	-3.790882922573	6 fn	3.4	fn	3
#00BFFF	3	1	1	-3.790882922573	-3.15405687671473	7 fn	3.4	fn	3
#00BFFF	3	1	1	-3.15405687671473	-2.58814741115137	8 fn	3.4	fn	3
#00BFFF	3	1	1	-2.58814741115137	-2.46078307000063	9 fn	3.4	fn	3
#00BFFF	3	2	2	-2.46078307000063	-2.10506596270251	10 fn	3.4	fn	3
#00BFFF	3	3	3	-2.10506596270251	-0.989307006366561	11 fn	3.4	fn	3
#00BFFF	3	3	3	-0.989307006366561	1.57578190167313	12 fn	3.4	fn	3
#00BFFF	3	4	4	1.57578190167313	9.08500842897606	13 fn	3.4	fn	3
#00BFFF	3	0	0	-13.3670578848165	-7.63600804220391	1 fn	3.6	fn	3
#00BFFF	3	0	0	-7.63600804220391	-6.73807406515583	2 fn	3.6	fn	3
#00BFFF	3	0	0	-6.73807406515583	-6.04530759505372	3 fn	3.6	fn	3
#00BFFF	3	0	0	-6.04530759505372	-5.30344684308794	4 fn	3.6	fn	3
#00BFFF	3	1	1	-5.30344684308794	-4.04345598753607	5 fn	3.6	fn	3
#00BFFF	3	1	1	-4.04345598753607	-3.990882922573	6 fn	3.6	fn	3
#00BFFF	3	1	1	-3.990882922573	-3.15405687671473	7 fn	3.6	fn	3
#00BFFF	3	1	1	-3.15405687671473	-2.58814741115137	8 fn	3.6	fn	3
#00BFFF	3	1	1	-2.58814741115137	-2.46078307000063	9 fn	3.6	fn	3
#00BFFF	3	2	2	-2.46078307000063	-2.30506596270251	10 fn	3.6	fn	3
#00BFFF	3	3	3	-2.30506596270251	-0.989307006366561	11 fn	3.6	fn	3
#00BFFF	3	3	3	-0.989307006366561	1.57578190167313	12 fn	3.6	fn	3
#00BFFF	3	4	4	1.57578190167313	9.08500842897606	13 fn	3.6	fn	3
#00BFFF	3	0	0	-13.3670578848165	-7.83600804220391	1 fn	3.8	fn	3
#00BFFF	3	0	0	-7.83600804220391	-6.93807406515583	2 fn	3.8	fn	3
#00BFFF	3	0	0	-6.93807406515583	-6.24530759505372	3 fn	3.8	fn	3
#00BFFF	3	0	0	-6.24530759505372	-5.50344684308794	4 fn	3.8	fn	3
#00BFFF	3	1	1	-5.50344684308794	-4.190882922573	5 fn	3.8	fn	3
#00BFFF	3	1	1	-4.190882922573	-4.04345598753607	6 fn	3.8	fn	3
#00BFFF	3	1	1	-4.04345598753607	-3.15405687671473	7 fn	3.8	fn	3
#00BFFF	3	1	1	-3.15405687671473	-2.58814741115137	8 fn	3.8	fn	3
#00BFFF	3	1	1	-2.58814741115137	-2.50506596270251	9 fn	3.8	fn	3
#00BFFF	3	2	2	-2.50506596270251	-2.46078307000063	10 fn	3.8	fn	3
#00BFFF	3	3	3	-2.46078307000063	-0.989307006366561	11 fn	3.8	fn	3
#00BFFF	3	3	3	-0.989307006366561	1.57578190167313	12 fn	3.8	fn	3
#00BFFF	3	4	4	1.57578190167313	9.08500842897606	13 fn	3.8	fn	3
#00BFFF	3	0	0	-13.3670578848165	-8.03600804220391	1 fn	4	fn	3
#00BFFF	3	0	0	-8.03600804220391	-7.13807406515583	2 fn	4	fn	3
#00BFFF	3	0	0	-7.13807406515583	-6.44530759505372	3 fn	4	fn	3
#00BFFF	3	0	0	-6.44530759505372	-5.70344684308794	4 fn	4	fn	3
#00BFFF	3	1	1	-5.70344684308794	-4.390882922573	5 fn	4	fn	3
#00BFFF	3	1	1	-4.390882922573	-4.04345598753607	6 fn	4	fn	3
#00BFFF	3	1	1	-4.04345598753607	-3.15405687671473	7 fn	4	fn	3
#00BFFF	3	1	1	-3.15405687671473	-2.70506596270251	8 fn	4	fn	3
#00BFFF	3	2	2	-2.70506596270251	-2.58814741115137	9 fn	4	fn	3
#00BFFF	3	2	2	-2.58814741115137	-2.46078307000063	10 fn	4	fn	3
#00BFFF	3	3	3	-2.46078307000063	-0.989307006366561	11 fn	4	fn	3
#00BFFF	3	3	3	-0.989307006366561	1.57578190167313	12 fn	4	fn	3
#00BFFF	3	4	4	1.57578190167313	9.08500842897606	13 fn	4	fn	3
#00BFFF	3	0	0	-13.3670578848165	-8.23600804220391	1 fn	4.2	fn	3
#00BFFF	3	0	0	-8.23600804220391	-7.33807406515583	2 fn	4.2	fn	3
#00BFFF	3	0	0	-7.33807406515583	-6.64530759505372	3 fn	4.2	fn	3
#00BFFF	3	0	0	-6.64530759505372	-5.90344684308794	4 fn	4.2	fn	3
#00BFFF	3	1	1	-5.90344684308794	-4.590882922573	5 fn	4.2	fn	3
#00BFFF	3	1	1	-4.590882922573	-4.04345598753607	6 fn	4.2	fn	3
#00BFFF	3	1	1	-4.04345598753607	-3.15405687671473	7 fn	4.2	fn	3
#00BFFF	3	1	1	-3.15405687671473	-2.90506596270251	8 fn	4.2	fn	3
#00BFFF	3	2	2	-2.90506596270251	-2.58814741115137	9 fn	4.2	fn	3
#00BFFF	3	2	2	-2.58814741115137	-2.46078307000063	10 fn	4.2	fn	3
#00BFFF	3	3	3	-2.46078307000063	-0.989307006366561	11 fn	4.2	fn	3
#00BFFF	3	3	3	-0.989307006366561	1.57578190167313	12 fn	4.2	fn	3
#00BFFF	3	4	4	1.57578190167313	9.08500842897606	13 fn	4.2	fn	3
#00BFFF	3	0	0	-13.3670578848165	-8.43600804220391	1 fn	4.4	fn	3
#00BFFF	3	0	0	-8.43600804220391	-7.53807406515583	2 fn	4.4	fn	3
#00BFFF	3	0	0	-7.53807406515583	-6.84530759505372	3 fn	4.4	fn	3
#00BFFF	3	0	0	-6.84530759505372	-6.10344684308794	4 fn	4.4	fn	3
#00BFFF	3	1	1	-6.10344684308794	-4.790882922573	5 fn	4.4	fn	3
#00BFFF	3	1	1	-4.790882922573	-4.04345598753607	6 fn	4.4	fn	3
#00BFFF	3	1	1	-4.04345598753607	-3.15405687671473	7 fn	4.4	fn	3
#00BFFF	3	1	1	-3.15405687671473	-3.10506596270251	8 fn	4.4	fn	3
#00BFFF	3	2	2	-3.10506596270251	-2.58814741115137	9 fn	4.4	fn	3
#00BFFF	3	2	2	-2.58814741115137	-2.46078307000063	10 fn	4.4	fn	3
#00BFFF	3	3	3	-2.46078307000063	-0.989307006366561	11 fn	4.4	fn	3
#00BFFF	3	3	3	-0.989307006366561	1.57578190167313	12 fn	4.4	fn	3
#00BFFF	3	4	4	1.57578190167313	9.08500842897606	13 fn	4.4	fn	3
#00BFFF	3	0	0	-13.3670578848165	-8.63600804220392	1 fn	4.6	fn	3
#00BFFF	3	0	0	-8.63600804220392	-7.73807406515583	2 fn	4.6	fn	3
#00BFFF	3	0	0	-7.73807406515583	-7.04530759505372	3 fn	4.6	fn	3
#00BFFF	3	0	0	-7.04530759505372	-6.30344684308794	4 fn	4.6	fn	3
#00BFFF	3	1	1	-6.30344684308794	-4.990882922573	5 fn	4.6	fn	3
#00BFFF	3	1	1	-4.990882922573	-4.04345598753607	6 fn	4.6	fn	3
#00BFFF	3	1	1	-4.04345598753607	-3.30506596270251	7 fn	4.6	fn	3
#00BFFF	3	2	2	-3.30506596270251	-3.15405687671473	8 fn	4.6	fn	3
#00BFFF	3	2	2	-3.15405687671473	-2.58814741115137	9 fn	4.6	fn	3
#00BFFF	3	2	2	-2.58814741115137	-2.46078307000063	10 fn	4.6	fn	3
#00BFFF	3	3	3	-2.46078307000063	-0.989307006366561	11 fn	4.6	fn	3
#00BFFF	3	3	3	-0.989307006366561	1.57578190167313	12 fn	4.6	fn	3
#00BFFF	3	4	4	1.57578190167313	9.08500842897606	13 fn	4.6	fn	3
#00BFFF	3	0	0	-13.3670578848165	-8.83600804220392	1 fn	4.8	fn	3
#00BFFF	3	0	0	-8.83600804220392	-7.93807406515583	2 fn	4.8	fn	3
#00BFFF	3	0	0	-7.93807406515583	-7.24530759505372	3 fn	4.8	fn	3
#00BFFF	3	0	0	-7.24530759505372	-6.50344684308794	4 fn	4.8	fn	3
#00BFFF	3	1	1	-6.50344684308794	-5.190882922573	5 fn	4.8	fn	3
#00BFFF	3	1	1	-5.190882922573	-4.04345598753607	6 fn	4.8	fn	3
#00BFFF	3	1	1	-4.04345598753607	-3.50506596270251	7 fn	4.8	fn	3
#00BFFF	3	2	2	-3.50506596270251	-3.15405687671473	8 fn	4.8	fn	3
#00BFFF	3	2	2	-3.15405687671473	-2.58814741115137	9 fn	4.8	fn	3
#00BFFF	3	2	2	-2.58814741115137	-2.46078307000063	10 fn	4.8	fn	3
#00BFFF	3	3	3	-2.46078307000063	-0.989307006366561	11 fn	4.8	fn	3
#00BFFF	3	3	3	-0.989307006366561	1.57578190167313	12 fn	4.8	fn	3
#00BFFF	3	4	4	1.57578190167313	9.08500842897606	13 fn	4.8	fn	3
#00BFFF	3	0	0	-13.3670578848165	-9.03600804220391	1 fn	5	fn	3
#00BFFF	3	0	0	-9.03600804220391	-8.13807406515583	2 fn	5	fn	3
#00BFFF	3	0	0	-8.13807406515583	-7.44530759505372	3 fn	5	fn	3
#00BFFF	3	0	0	-7.44530759505372	-6.70344684308794	4 fn	5	fn	3
#00BFFF	3	1	1	-6.70344684308794	-5.390882922573	5 fn	5	fn	3
#00BFFF	3	1	1	-5.390882922573	-4.04345598753607	6 fn	5	fn	3
#00BFFF	3	1	1	-4.04345598753607	-3.70506596270251	7 fn	5	fn	3
#00BFFF	3	2	2	-3.70506596270251	-3.15405687671473	8 fn	5	fn	3
#00BFFF	3	2	2	-3.15405687671473	-2.58814741115137	9 fn	5	fn	3
#00BFFF	3	2	2	-2.58814741115137	-2.46078307000063	10 fn	5	fn	3
#00BFFF	3	3	3	-2.46078307000063	-0.989307006366561	11 fn	5	fn	3
#00BFFF	3	3	3	-0.989307006366561	1.57578190167313	12 fn	5	fn	3
#00BFFF	3	4	4	1.57578190167313	9.08500842897606	13 fn	5	fn	3
#000000	1	0	0	-13.3670578848165	-4.04345598753607	1 min(fp,fn)	-5	min(fp,fn)	3
#000000	1	0	0	-4.04345598753607	-3.15405687671473	2 min(fp,fn)	-5	min(fp,fn)	3
#000000	1	0	0	-3.15405687671473	-2.58814741115137	3 min(fp,fn)	-5	min(fp,fn)	3
#000000	1	0	0	-2.58814741115137	-2.46078307000063	4 min(fp,fn)	-5	min(fp,fn)	3
#000000	1	1	1	-2.46078307000063	-0.989307006366561	5 min(fp,fn)	-5	min(fp,fn)	3
#000000	1	1	1	-0.989307006366561	0.963991957796087	6 min(fp,fn)	-5	min(fp,fn)	3
#000000	1	1	1	0.963991957796087	1.57578190167313	7 min(fp,fn)	-5	min(fp,fn)	3
#000000	1	2	2	1.57578190167313	1.86192593484417	8 min(fp,fn)	-5	min(fp,fn)	3
#000000	1	2	2	1.86192593484417	2.55469240494628	9 min(fp,fn)	-5	min(fp,fn)	3
#000000	1	1	1	2.55469240494628	3.29655315691206	10 min(fp,fn)	-5	min(fp,fn)	3
#000000	1	1	1	3.29655315691206	4.60911707742701	11 min(fp,fn)	-5	min(fp,fn)	3
#000000	1	0	0	4.60911707742701	6.29493403729749	12 min(fp,fn)	-5	min(fp,fn)	3
#000000	1	0	0	6.29493403729749	9.08500842897606	13 min(fp,fn)	-5	min(fp,fn)	3
#000000	1	0	0	-13.3670578848165	-4.04345598753607	1 min(fp,fn)	-4.8	min(fp,fn)	3
#000000	1	0	0	-4.04345598753607	-3.15405687671473	2 min(fp,fn)	-4.8	min(fp,fn)	3
#000000	1	0	0	-3.15405687671473	-2.58814741115137	3 min(fp,fn)	-4.8	min(fp,fn)	3
#000000	1	0	0	-2.58814741115137	-2.46078307000063	4 min(fp,fn)	-4.8	min(fp,fn)	3
#000000	1	1	1	-2.46078307000063	-0.989307006366561	5 min(fp,fn)	-4.8	min(fp,fn)	3
#000000	1	1	1	-0.989307006366561	0.763991957796087	6 min(fp,fn)	-4.8	min(fp,fn)	3
#000000	1	1	1	0.763991957796087	1.57578190167313	7 min(fp,fn)	-4.8	min(fp,fn)	3
#000000	1	2	2	1.57578190167313	1.66192593484417	8 min(fp,fn)	-4.8	min(fp,fn)	3
#000000	1	2	2	1.66192593484417	2.35469240494628	9 min(fp,fn)	-4.8	min(fp,fn)	3
#000000	1	1	1	2.35469240494628	3.09655315691206	10 min(fp,fn)	-4.8	min(fp,fn)	3
#000000	1	1	1	3.09655315691206	4.409117077427	11 min(fp,fn)	-4.8	min(fp,fn)	3
#000000	1	0	0	4.409117077427	6.09493403729749	12 min(fp,fn)	-4.8	min(fp,fn)	3
#000000	1	0	0	6.09493403729749	9.08500842897606	13 min(fp,fn)	-4.8	min(fp,fn)	3
#000000	1	0	0	-13.3670578848165	-4.04345598753607	1 min(fp,fn)	-4.6	min(fp,fn)	3
#000000	1	0	0	-4.04345598753607	-3.15405687671473	2 min(fp,fn)	-4.6	min(fp,fn)	3
#000000	1	0	0	-3.15405687671473	-2.58814741115137	3 min(fp,fn)	-4.6	min(fp,fn)	3
#000000	1	0	0	-2.58814741115137	-2.46078307000063	4 min(fp,fn)	-4.6	min(fp,fn)	3
#000000	1	1	1	-2.46078307000063	-0.989307006366561	5 min(fp,fn)	-4.6	min(fp,fn)	3
#000000	1	1	1	-0.989307006366561	0.563991957796087	6 min(fp,fn)	-4.6	min(fp,fn)	3
#000000	1	1	1	0.563991957796087	1.46192593484417	7 min(fp,fn)	-4.6	min(fp,fn)	3
#000000	1	1	1	1.46192593484417	1.57578190167313	8 min(fp,fn)	-4.6	min(fp,fn)	3
#000000	1	2	2	1.57578190167313	2.15469240494628	9 min(fp,fn)	-4.6	min(fp,fn)	3
#000000	1	1	1	2.15469240494628	2.89655315691206	10 min(fp,fn)	-4.6	min(fp,fn)	3
#000000	1	1	1	2.89655315691206	4.209117077427	11 min(fp,fn)	-4.6	min(fp,fn)	3
#000000	1	0	0	4.209117077427	5.89493403729749	12 min(fp,fn)	-4.6	min(fp,fn)	3
#000000	1	0	0	5.89493403729749	9.08500842897606	13 min(fp,fn)	-4.6	min(fp,fn)	3
#000000	1	0	0	-13.3670578848165	-4.04345598753607	1 min(fp,fn)	-4.4	min(fp,fn)	3
#000000	1	0	0	-4.04345598753607	-3.15405687671473	2 min(fp,fn)	-4.4	min(fp,fn)	3
#000000	1	0	0	-3.15405687671473	-2.58814741115137	3 min(fp,fn)	-4.4	min(fp,fn)	3
#000000	1	0	0	-2.58814741115137	-2.46078307000063	4 min(fp,fn)	-4.4	min(fp,fn)	3
#000000	1	1	1	-2.46078307000063	-0.989307006366561	5 min(fp,fn)	-4.4	min(fp,fn)	3
#000000	1	1	1	-0.989307006366561	0.363991957796087	6 min(fp,fn)	-4.4	min(fp,fn)	3
#000000	1	1	1	0.363991957796087	1.26192593484418	7 min(fp,fn)	-4.4	min(fp,fn)	3
#000000	1	1	1	1.26192593484418	1.57578190167313	8 min(fp,fn)	-4.4	min(fp,fn)	3
#000000	1	2	2	1.57578190167313	1.95469240494628	9 min(fp,fn)	-4.4	min(fp,fn)	3
#000000	1	1	1	1.95469240494628	2.69655315691206	10 min(fp,fn)	-4.4	min(fp,fn)	3
#000000	1	1	1	2.69655315691206	4.00911707742701	11 min(fp,fn)	-4.4	min(fp,fn)	3
#000000	1	0	0	4.00911707742701	5.69493403729749	12 min(fp,fn)	-4.4	min(fp,fn)	3
#000000	1	0	0	5.69493403729749	9.08500842897606	13 min(fp,fn)	-4.4	min(fp,fn)	3
#000000	1	0	0	-13.3670578848165	-4.04345598753607	1 min(fp,fn)	-4.2	min(fp,fn)	3
#000000	1	0	0	-4.04345598753607	-3.15405687671473	2 min(fp,fn)	-4.2	min(fp,fn)	3
#000000	1	0	0	-3.15405687671473	-2.58814741115137	3 min(fp,fn)	-4.2	min(fp,fn)	3
#000000	1	0	0	-2.58814741115137	-2.46078307000063	4 min(fp,fn)	-4.2	min(fp,fn)	3
#000000	1	1	1	-2.46078307000063	-0.989307006366561	5 min(fp,fn)	-4.2	min(fp,fn)	3
#000000	1	1	1	-0.989307006366561	0.163991957796087	6 min(fp,fn)	-4.2	min(fp,fn)	3
#000000	1	1	1	0.163991957796087	1.06192593484418	7 min(fp,fn)	-4.2	min(fp,fn)	3
#000000	1	1	1	1.06192593484418	1.57578190167313	8 min(fp,fn)	-4.2	min(fp,fn)	3
#000000	1	2	2	1.57578190167313	1.75469240494628	9 min(fp,fn)	-4.2	min(fp,fn)	3
#000000	1	1	1	1.75469240494628	2.49655315691206	10 min(fp,fn)	-4.2	min(fp,fn)	3
#000000	1	1	1	2.49655315691206	3.80911707742701	11 min(fp,fn)	-4.2	min(fp,fn)	3
#000000	1	0	0	3.80911707742701	5.49493403729749	12 min(fp,fn)	-4.2	min(fp,fn)	3
#000000	1	0	0	5.49493403729749	9.08500842897606	13 min(fp,fn)	-4.2	min(fp,fn)	3
#000000	1	0	0	-13.3670578848165	-4.04345598753607	1 min(fp,fn)	-4	min(fp,fn)	3
#000000	1	0	0	-4.04345598753607	-3.15405687671473	2 min(fp,fn)	-4	min(fp,fn)	3
#000000	1	0	0	-3.15405687671473	-2.58814741115137	3 min(fp,fn)	-4	min(fp,fn)	3
#000000	1	0	0	-2.58814741115137	-2.46078307000063	4 min(fp,fn)	-4	min(fp,fn)	3
#000000	1	1	1	-2.46078307000063	-0.989307006366561	5 min(fp,fn)	-4	min(fp,fn)	3
#000000	1	1	1	-0.989307006366561	-0.0360080422039131	6 min(fp,fn)	-4	min(fp,fn)	3
#000000	1	1	1	-0.0360080422039131	0.861925934844175	7 min(fp,fn)	-4	min(fp,fn)	3
#000000	1	1	1	0.861925934844175	1.55469240494628	8 min(fp,fn)	-4	min(fp,fn)	3
#000000	1	1	1	1.55469240494628	1.57578190167313	9 min(fp,fn)	-4	min(fp,fn)	3
#000000	1	1	1	1.57578190167313	2.29655315691206	10 min(fp,fn)	-4	min(fp,fn)	3
#000000	1	1	1	2.29655315691206	3.609117077427	11 min(fp,fn)	-4	min(fp,fn)	3
#000000	1	0	0	3.609117077427	5.29493403729749	12 min(fp,fn)	-4	min(fp,fn)	3
#000000	1	0	0	5.29493403729749	9.08500842897606	13 min(fp,fn)	-4	min(fp,fn)	3
#000000	1	0	0	-13.3670578848165	-4.04345598753607	1 min(fp,fn)	-3.8	min(fp,fn)	3
#000000	1	0	0	-4.04345598753607	-3.15405687671473	2 min(fp,fn)	-3.8	min(fp,fn)	3
#000000	1	0	0	-3.15405687671473	-2.58814741115137	3 min(fp,fn)	-3.8	min(fp,fn)	3
#000000	1	0	0	-2.58814741115137	-2.46078307000063	4 min(fp,fn)	-3.8	min(fp,fn)	3
#000000	1	1	1	-2.46078307000063	-0.989307006366561	5 min(fp,fn)	-3.8	min(fp,fn)	3
#000000	1	1	1	-0.989307006366561	-0.236008042203913	6 min(fp,fn)	-3.8	min(fp,fn)	3
#000000	1	1	1	-0.236008042203913	0.661925934844175	7 min(fp,fn)	-3.8	min(fp,fn)	3
#000000	1	1	1	0.661925934844175	1.35469240494628	8 min(fp,fn)	-3.8	min(fp,fn)	3
#000000	1	1	1	1.35469240494628	1.57578190167313	9 min(fp,fn)	-3.8	min(fp,fn)	3
#000000	1	1	1	1.57578190167313	2.09655315691206	10 min(fp,fn)	-3.8	min(fp,fn)	3
#000000	1	1	1	2.09655315691206	3.409117077427	11 min(fp,fn)	-3.8	min(fp,fn)	3
#000000	1	0	0	3.409117077427	5.09493403729749	12 min(fp,fn)	-3.8	min(fp,fn)	3
#000000	1	0	0	5.09493403729749	9.08500842897606	13 min(fp,fn)	-3.8	min(fp,fn)	3
#000000	1	0	0	-13.3670578848165	-4.04345598753607	1 min(fp,fn)	-3.6	min(fp,fn)	3
#000000	1	0	0	-4.04345598753607	-3.15405687671473	2 min(fp,fn)	-3.6	min(fp,fn)	3
#000000	1	0	0	-3.15405687671473	-2.58814741115137	3 min(fp,fn)	-3.6	min(fp,fn)	3
#000000	1	0	0	-2.58814741115137	-2.46078307000063	4 min(fp,fn)	-3.6	min(fp,fn)	3
#000000	1	1	1	-2.46078307000063	-0.989307006366561	5 min(fp,fn)	-3.6	min(fp,fn)	3
#000000	1	1	1	-0.989307006366561	-0.436008042203913	6 min(fp,fn)	-3.6	min(fp,fn)	3
#000000	1	1	1	-0.436008042203913	0.461925934844174	7 min(fp,fn)	-3.6	min(fp,fn)	3
#000000	1	1	1	0.461925934844174	1.15469240494628	8 min(fp,fn)	-3.6	min(fp,fn)	3
#000000	1	1	1	1.15469240494628	1.57578190167313	9 min(fp,fn)	-3.6	min(fp,fn)	3
#000000	1	1	1	1.57578190167313	1.89655315691206	10 min(fp,fn)	-3.6	min(fp,fn)	3
#000000	1	1	1	1.89655315691206	3.209117077427	11 min(fp,fn)	-3.6	min(fp,fn)	3
#000000	1	0	0	3.209117077427	4.89493403729749	12 min(fp,fn)	-3.6	min(fp,fn)	3
#000000	1	0	0	4.89493403729749	9.08500842897606	13 min(fp,fn)	-3.6	min(fp,fn)	3
#000000	1	0	0	-13.3670578848165	-4.04345598753607	1 min(fp,fn)	-3.4	min(fp,fn)	3
#000000	1	0	0	-4.04345598753607	-3.15405687671473	2 min(fp,fn)	-3.4	min(fp,fn)	3
#000000	1	0	0	-3.15405687671473	-2.58814741115137	3 min(fp,fn)	-3.4	min(fp,fn)	3
#000000	1	0	0	-2.58814741115137	-2.46078307000063	4 min(fp,fn)	-3.4	min(fp,fn)	3
#000000	1	1	1	-2.46078307000063	-0.989307006366561	5 min(fp,fn)	-3.4	min(fp,fn)	3
#000000	1	1	1	-0.989307006366561	-0.636008042203913	6 min(fp,fn)	-3.4	min(fp,fn)	3
#000000	1	1	1	-0.636008042203913	0.261925934844175	7 min(fp,fn)	-3.4	min(fp,fn)	3
#000000	1	1	1	0.261925934844175	0.954692404946284	8 min(fp,fn)	-3.4	min(fp,fn)	3
#000000	1	1	1	0.954692404946284	1.57578190167313	9 min(fp,fn)	-3.4	min(fp,fn)	3
#000000	1	1	1	1.57578190167313	1.69655315691206	10 min(fp,fn)	-3.4	min(fp,fn)	3
#000000	1	1	1	1.69655315691206	3.00911707742701	11 min(fp,fn)	-3.4	min(fp,fn)	3
#000000	1	0	0	3.00911707742701	4.69493403729749	12 min(fp,fn)	-3.4	min(fp,fn)	3
#000000	1	0	0	4.69493403729749	9.08500842897606	13 min(fp,fn)	-3.4	min(fp,fn)	3
#000000	1	0	0	-13.3670578848165	-4.04345598753607	1 min(fp,fn)	-3.2	min(fp,fn)	3
#000000	1	0	0	-4.04345598753607	-3.15405687671473	2 min(fp,fn)	-3.2	min(fp,fn)	3
#000000	1	0	0	-3.15405687671473	-2.58814741115137	3 min(fp,fn)	-3.2	min(fp,fn)	3
#000000	1	0	0	-2.58814741115137	-2.46078307000063	4 min(fp,fn)	-3.2	min(fp,fn)	3
#000000	1	1	1	-2.46078307000063	-0.989307006366561	5 min(fp,fn)	-3.2	min(fp,fn)	3
#000000	1	1	1	-0.989307006366561	-0.836008042203913	6 min(fp,fn)	-3.2	min(fp,fn)	3
#000000	1	1	1	-0.836008042203913	0.061925934844175	7 min(fp,fn)	-3.2	min(fp,fn)	3
#000000	1	1	1	0.061925934844175	0.754692404946284	8 min(fp,fn)	-3.2	min(fp,fn)	3
#000000	1	1	1	0.754692404946284	1.49655315691206	9 min(fp,fn)	-3.2	min(fp,fn)	3
#000000	1	1	1	1.49655315691206	1.57578190167313	10 min(fp,fn)	-3.2	min(fp,fn)	3
#000000	1	1	1	1.57578190167313	2.80911707742701	11 min(fp,fn)	-3.2	min(fp,fn)	3
#000000	1	0	0	2.80911707742701	4.49493403729749	12 min(fp,fn)	-3.2	min(fp,fn)	3
#000000	1	0	0	4.49493403729749	9.08500842897606	13 min(fp,fn)	-3.2	min(fp,fn)	3
#000000	1	0	0	-13.3670578848165	-4.04345598753607	1 min(fp,fn)	-3	min(fp,fn)	3
#000000	1	0	0	-4.04345598753607	-3.15405687671473	2 min(fp,fn)	-3	min(fp,fn)	3
#000000	1	0	0	-3.15405687671473	-2.58814741115137	3 min(fp,fn)	-3	min(fp,fn)	3
#000000	1	0	0	-2.58814741115137	-2.46078307000063	4 min(fp,fn)	-3	min(fp,fn)	3
#000000	1	1	1	-2.46078307000063	-1.03600804220391	5 min(fp,fn)	-3	min(fp,fn)	3
#000000	1	1	1	-1.03600804220391	-0.989307006366561	6 min(fp,fn)	-3	min(fp,fn)	3
#000000	1	1	1	-0.989307006366561	-0.138074065155825	7 min(fp,fn)	-3	min(fp,fn)	3
#000000	1	1	1	-0.138074065155825	0.554692404946284	8 min(fp,fn)	-3	min(fp,fn)	3
#000000	1	1	1	0.554692404946284	1.29655315691206	9 min(fp,fn)	-3	min(fp,fn)	3
#000000	1	1	1	1.29655315691206	1.57578190167313	10 min(fp,fn)	-3	min(fp,fn)	3
#000000	1	1	1	1.57578190167313	2.609117077427	11 min(fp,fn)	-3	min(fp,fn)	3
#000000	1	0	0	2.609117077427	4.29493403729749	12 min(fp,fn)	-3	min(fp,fn)	3
#000000	1	0	0	4.29493403729749	9.08500842897606	13 min(fp,fn)	-3	min(fp,fn)	3
#000000	1	0	0	-13.3670578848165	-4.04345598753607	1 min(fp,fn)	-2.8	min(fp,fn)	3
#000000	1	0	0	-4.04345598753607	-3.15405687671473	2 min(fp,fn)	-2.8	min(fp,fn)	3
#000000	1	0	0	-3.15405687671473	-2.58814741115137	3 min(fp,fn)	-2.8	min(fp,fn)	3
#000000	1	0	0	-2.58814741115137	-2.46078307000063	4 min(fp,fn)	-2.8	min(fp,fn)	3
#000000	1	1	1	-2.46078307000063	-1.23600804220391	5 min(fp,fn)	-2.8	min(fp,fn)	3
#000000	1	1	1	-1.23600804220391	-0.989307006366561	6 min(fp,fn)	-2.8	min(fp,fn)	3
#000000	1	1	1	-0.989307006366561	-0.338074065155825	7 min(fp,fn)	-2.8	min(fp,fn)	3
#000000	1	1	1	-0.338074065155825	0.354692404946284	8 min(fp,fn)	-2.8	min(fp,fn)	3
#000000	1	1	1	0.354692404946284	1.09655315691206	9 min(fp,fn)	-2.8	min(fp,fn)	3
#000000	1	1	1	1.09655315691206	1.57578190167313	10 min(fp,fn)	-2.8	min(fp,fn)	3
#000000	1	1	1	1.57578190167313	2.409117077427	11 min(fp,fn)	-2.8	min(fp,fn)	3
#000000	1	0	0	2.409117077427	4.09493403729749	12 min(fp,fn)	-2.8	min(fp,fn)	3
#000000	1	0	0	4.09493403729749	9.08500842897606	13 min(fp,fn)	-2.8	min(fp,fn)	3
#000000	1	0	0	-13.3670578848165	-4.04345598753607	1 min(fp,fn)	-2.6	min(fp,fn)	3
#000000	1	0	0	-4.04345598753607	-3.15405687671473	2 min(fp,fn)	-2.6	min(fp,fn)	3
#000000	1	0	0	-3.15405687671473	-2.58814741115137	3 min(fp,fn)	-2.6	min(fp,fn)	3
#000000	1	0	0	-2.58814741115137	-2.46078307000063	4 min(fp,fn)	-2.6	min(fp,fn)	3
#000000	1	1	1	-2.46078307000063	-1.43600804220391	5 min(fp,fn)	-2.6	min(fp,fn)	3
#000000	1	1	1	-1.43600804220391	-0.989307006366561	6 min(fp,fn)	-2.6	min(fp,fn)	3
#000000	1	1	1	-0.989307006366561	-0.538074065155826	7 min(fp,fn)	-2.6	min(fp,fn)	3
#000000	1	1	1	-0.538074065155826	0.154692404946283	8 min(fp,fn)	-2.6	min(fp,fn)	3
#000000	1	1	1	0.154692404946283	0.896553156912058	9 min(fp,fn)	-2.6	min(fp,fn)	3
#000000	1	1	1	0.896553156912058	1.57578190167313	10 min(fp,fn)	-2.6	min(fp,fn)	3
#000000	1	1	1	1.57578190167313	2.209117077427	11 min(fp,fn)	-2.6	min(fp,fn)	3
#000000	1	0	0	2.209117077427	3.89493403729749	12 min(fp,fn)	-2.6	min(fp,fn)	3
#000000	1	0	0	3.89493403729749	9.08500842897606	13 min(fp,fn)	-2.6	min(fp,fn)	3
#000000	1	0	0	-13.3670578848165	-4.04345598753607	1 min(fp,fn)	-2.4	min(fp,fn)	3
#000000	1	0	0	-4.04345598753607	-3.15405687671473	2 min(fp,fn)	-2.4	min(fp,fn)	3
#000000	1	0	0	-3.15405687671473	-2.58814741115137	3 min(fp,fn)	-2.4	min(fp,fn)	3
#000000	1	0	0	-2.58814741115137	-2.46078307000063	4 min(fp,fn)	-2.4	min(fp,fn)	3
#000000	1	1	1	-2.46078307000063	-1.63600804220391	5 min(fp,fn)	-2.4	min(fp,fn)	3
#000000	1	1	1	-1.63600804220391	-0.989307006366561	6 min(fp,fn)	-2.4	min(fp,fn)	3
#000000	1	1	1	-0.989307006366561	-0.738074065155825	7 min(fp,fn)	-2.4	min(fp,fn)	3
#000000	1	1	1	-0.738074065155825	-0.0453075950537158	8 min(fp,fn)	-2.4	min(fp,fn)	3
#000000	1	1	1	-0.0453075950537158	0.696553156912058	9 min(fp,fn)	-2.4	min(fp,fn)	3
#000000	1	1	1	0.696553156912058	1.57578190167313	10 min(fp,fn)	-2.4	min(fp,fn)	3
#000000	1	1	1	1.57578190167313	2.00911707742701	11 min(fp,fn)	-2.4	min(fp,fn)	3
#000000	1	0	0	2.00911707742701	3.69493403729749	12 min(fp,fn)	-2.4	min(fp,fn)	3
#000000	1	0	0	3.69493403729749	9.08500842897606	13 min(fp,fn)	-2.4	min(fp,fn)	3
#000000	1	0	0	-13.3670578848165	-4.04345598753607	1 min(fp,fn)	-2.2	min(fp,fn)	3
#000000	1	0	0	-4.04345598753607	-3.15405687671473	2 min(fp,fn)	-2.2	min(fp,fn)	3
#000000	1	0	0	-3.15405687671473	-2.58814741115137	3 min(fp,fn)	-2.2	min(fp,fn)	3
#000000	1	0	0	-2.58814741115137	-2.46078307000063	4 min(fp,fn)	-2.2	min(fp,fn)	3
#000000	1	1	1	-2.46078307000063	-1.83600804220391	5 min(fp,fn)	-2.2	min(fp,fn)	3
#000000	1	1	1	-1.83600804220391	-0.989307006366561	6 min(fp,fn)	-2.2	min(fp,fn)	3
#000000	1	1	1	-0.989307006366561	-0.938074065155826	7 min(fp,fn)	-2.2	min(fp,fn)	3
#000000	1	1	1	-0.938074065155826	-0.245307595053717	8 min(fp,fn)	-2.2	min(fp,fn)	3
#000000	1	1	1	-0.245307595053717	0.496553156912057	9 min(fp,fn)	-2.2	min(fp,fn)	3
#000000	1	1	1	0.496553156912057	1.57578190167313	10 min(fp,fn)	-2.2	min(fp,fn)	3
#000000	1	1	1	1.57578190167313	1.809117077427	11 min(fp,fn)	-2.2	min(fp,fn)	3
#000000	1	0	0	1.809117077427	3.49493403729749	12 min(fp,fn)	-2.2	min(fp,fn)	3
#000000	1	0	0	3.49493403729749	9.08500842897606	13 min(fp,fn)	-2.2	min(fp,fn)	3
#000000	1	0	0	-13.3670578848165	-4.04345598753607	1 min(fp,fn)	-2	min(fp,fn)	3
#000000	1	0	0	-4.04345598753607	-3.15405687671473	2 min(fp,fn)	-2	min(fp,fn)	3
#000000	1	0	0	-3.15405687671473	-2.58814741115137	3 min(fp,fn)	-2	min(fp,fn)	3
#000000	1	0	0	-2.58814741115137	-2.46078307000063	4 min(fp,fn)	-2	min(fp,fn)	3
#000000	1	1	1	-2.46078307000063	-2.03600804220391	5 min(fp,fn)	-2	min(fp,fn)	3
#000000	1	1	1	-2.03600804220391	-1.13807406515583	6 min(fp,fn)	-2	min(fp,fn)	3
#000000	1	1	1	-1.13807406515583	-0.989307006366561	7 min(fp,fn)	-2	min(fp,fn)	3
#000000	1	1	1	-0.989307006366561	-0.445307595053716	8 min(fp,fn)	-2	min(fp,fn)	3
#000000	1	1	1	-0.445307595053716	0.296553156912058	9 min(fp,fn)	-2	min(fp,fn)	3
#000000	1	1	1	0.296553156912058	1.57578190167313	10 min(fp,fn)	-2	min(fp,fn)	3
#000000	1	1	1	1.57578190167313	1.609117077427	11 min(fp,fn)	-2	min(fp,fn)	3
#000000	1	0	0	1.609117077427	3.29493403729749	12 min(fp,fn)	-2	min(fp,fn)	3
#000000	1	0	0	3.29493403729749	9.08500842897606	13 min(fp,fn)	-2	min(fp,fn)	3
#000000	1	0	0	-13.3670578848165	-4.04345598753607	1 min(fp,fn)	-1.8	min(fp,fn)	3
#000000	1	0	0	-4.04345598753607	-3.15405687671473	2 min(fp,fn)	-1.8	min(fp,fn)	3
#000000	1	0	0	-3.15405687671473	-2.58814741115137	3 min(fp,fn)	-1.8	min(fp,fn)	3
#000000	1	0	0	-2.58814741115137	-2.46078307000063	4 min(fp,fn)	-1.8	min(fp,fn)	3
#000000	1	1	1	-2.46078307000063	-2.23600804220391	5 min(fp,fn)	-1.8	min(fp,fn)	3
#000000	1	1	1	-2.23600804220391	-1.33807406515582	6 min(fp,fn)	-1.8	min(fp,fn)	3
#000000	1	1	1	-1.33807406515582	-0.989307006366561	7 min(fp,fn)	-1.8	min(fp,fn)	3
#000000	1	1	1	-0.989307006366561	-0.645307595053716	8 min(fp,fn)	-1.8	min(fp,fn)	3
#000000	1	1	1	-0.645307595053716	0.0965531569120586	9 min(fp,fn)	-1.8	min(fp,fn)	3
#000000	1	1	1	0.0965531569120586	1.40911707742701	10 min(fp,fn)	-1.8	min(fp,fn)	3
#000000	1	0	0	1.40911707742701	1.57578190167313	11 min(fp,fn)	-1.8	min(fp,fn)	3
#000000	1	0	0	1.57578190167313	3.09493403729749	12 min(fp,fn)	-1.8	min(fp,fn)	3
#000000	1	0	0	3.09493403729749	9.08500842897606	13 min(fp,fn)	-1.8	min(fp,fn)	3
#000000	1	0	0	-13.3670578848165	-4.04345598753607	1 min(fp,fn)	-1.6	min(fp,fn)	3
#000000	1	0	0	-4.04345598753607	-3.15405687671473	2 min(fp,fn)	-1.6	min(fp,fn)	3
#000000	1	0	0	-3.15405687671473	-2.58814741115137	3 min(fp,fn)	-1.6	min(fp,fn)	3
#000000	1	0	0	-2.58814741115137	-2.46078307000063	4 min(fp,fn)	-1.6	min(fp,fn)	3
#000000	1	1	1	-2.46078307000063	-2.43600804220391	5 min(fp,fn)	-1.6	min(fp,fn)	3
#000000	1	1	1	-2.43600804220391	-1.53807406515583	6 min(fp,fn)	-1.6	min(fp,fn)	3
#000000	1	1	1	-1.53807406515583	-0.989307006366561	7 min(fp,fn)	-1.6	min(fp,fn)	3
#000000	1	1	1	-0.989307006366561	-0.845307595053717	8 min(fp,fn)	-1.6	min(fp,fn)	3
#000000	1	1	1	-0.845307595053717	-0.103446843087943	9 min(fp,fn)	-1.6	min(fp,fn)	3
#000000	1	1	1	-0.103446843087943	1.209117077427	10 min(fp,fn)	-1.6	min(fp,fn)	3
#000000	1	0	0	1.209117077427	1.57578190167313	11 min(fp,fn)	-1.6	min(fp,fn)	3
#000000	1	0	0	1.57578190167313	2.89493403729749	12 min(fp,fn)	-1.6	min(fp,fn)	3
#000000	1	0	0	2.89493403729749	9.08500842897606	13 min(fp,fn)	-1.6	min(fp,fn)	3
#000000	1	0	0	-13.3670578848165	-4.04345598753607	1 min(fp,fn)	-1.4	min(fp,fn)	3
#000000	1	0	0	-4.04345598753607	-3.15405687671473	2 min(fp,fn)	-1.4	min(fp,fn)	3
#000000	1	0	0	-3.15405687671473	-2.63600804220391	3 min(fp,fn)	-1.4	min(fp,fn)	3
#000000	1	0	0	-2.63600804220391	-2.58814741115137	4 min(fp,fn)	-1.4	min(fp,fn)	3
#000000	1	0	0	-2.58814741115137	-2.46078307000063	5 min(fp,fn)	-1.4	min(fp,fn)	3
#000000	1	1	1	-2.46078307000063	-1.73807406515582	6 min(fp,fn)	-1.4	min(fp,fn)	3
#000000	1	1	1	-1.73807406515582	-1.04530759505372	7 min(fp,fn)	-1.4	min(fp,fn)	3
#000000	1	1	1	-1.04530759505372	-0.989307006366561	8 min(fp,fn)	-1.4	min(fp,fn)	3
#000000	1	1	1	-0.989307006366561	-0.303446843087942	9 min(fp,fn)	-1.4	min(fp,fn)	3
#000000	1	1	1	-0.303446843087942	1.00911707742701	10 min(fp,fn)	-1.4	min(fp,fn)	3
#000000	1	0	0	1.00911707742701	1.57578190167313	11 min(fp,fn)	-1.4	min(fp,fn)	3
#000000	1	0	0	1.57578190167313	2.69493403729749	12 min(fp,fn)	-1.4	min(fp,fn)	3
#000000	1	0	0	2.69493403729749	9.08500842897606	13 min(fp,fn)	-1.4	min(fp,fn)	3
#000000	1	0	0	-13.3670578848165	-4.04345598753607	1 min(fp,fn)	-1.2	min(fp,fn)	3
#000000	1	0	0	-4.04345598753607	-3.15405687671473	2 min(fp,fn)	-1.2	min(fp,fn)	3
#000000	1	0	0	-3.15405687671473	-2.83600804220391	3 min(fp,fn)	-1.2	min(fp,fn)	3
#000000	1	0	0	-2.83600804220391	-2.58814741115137	4 min(fp,fn)	-1.2	min(fp,fn)	3
#000000	1	0	0	-2.58814741115137	-2.46078307000063	5 min(fp,fn)	-1.2	min(fp,fn)	3
#000000	1	1	1	-2.46078307000063	-1.93807406515583	6 min(fp,fn)	-1.2	min(fp,fn)	3
#000000	1	1	1	-1.93807406515583	-1.24530759505372	7 min(fp,fn)	-1.2	min(fp,fn)	3
#000000	1	1	1	-1.24530759505372	-0.989307006366561	8 min(fp,fn)	-1.2	min(fp,fn)	3
#000000	1	1	1	-0.989307006366561	-0.503446843087943	9 min(fp,fn)	-1.2	min(fp,fn)	3
#000000	1	1	1	-0.503446843087943	0.809117077427004	10 min(fp,fn)	-1.2	min(fp,fn)	3
#000000	1	0	0	0.809117077427004	1.57578190167313	11 min(fp,fn)	-1.2	min(fp,fn)	3
#000000	1	0	0	1.57578190167313	2.49493403729749	12 min(fp,fn)	-1.2	min(fp,fn)	3
#000000	1	0	0	2.49493403729749	9.08500842897606	13 min(fp,fn)	-1.2	min(fp,fn)	3
#000000	1	0	0	-13.3670578848165	-4.04345598753607	1 min(fp,fn)	-1	min(fp,fn)	3
#000000	1	0	0	-4.04345598753607	-3.15405687671473	2 min(fp,fn)	-1	min(fp,fn)	3
#000000	1	0	0	-3.15405687671473	-3.03600804220391	3 min(fp,fn)	-1	min(fp,fn)	3
#000000	1	0	0	-3.03600804220391	-2.58814741115137	4 min(fp,fn)	-1	min(fp,fn)	3
#000000	1	0	0	-2.58814741115137	-2.46078307000063	5 min(fp,fn)	-1	min(fp,fn)	3
#000000	1	1	1	-2.46078307000063	-2.13807406515583	6 min(fp,fn)	-1	min(fp,fn)	3
#000000	1	1	1	-2.13807406515583	-1.44530759505372	7 min(fp,fn)	-1	min(fp,fn)	3
#000000	1	1	1	-1.44530759505372	-0.989307006366561	8 min(fp,fn)	-1	min(fp,fn)	3
#000000	1	1	1	-0.989307006366561	-0.703446843087942	9 min(fp,fn)	-1	min(fp,fn)	3
#000000	1	1	1	-0.703446843087942	0.609117077427005	10 min(fp,fn)	-1	min(fp,fn)	3
#000000	1	0	0	0.609117077427005	1.57578190167313	11 min(fp,fn)	-1	min(fp,fn)	3
#000000	1	0	0	1.57578190167313	2.29493403729749	12 min(fp,fn)	-1	min(fp,fn)	3
#000000	1	0	0	2.29493403729749	9.08500842897606	13 min(fp,fn)	-1	min(fp,fn)	3
#000000	1	0	0	-13.3670578848165	-4.04345598753607	1 min(fp,fn)	-0.8	min(fp,fn)	3
#000000	1	0	0	-4.04345598753607	-3.23600804220391	2 min(fp,fn)	-0.8	min(fp,fn)	3
#000000	1	0	0	-3.23600804220391	-3.15405687671473	3 min(fp,fn)	-0.8	min(fp,fn)	3
#000000	1	0	0	-3.15405687671473	-2.58814741115137	4 min(fp,fn)	-0.8	min(fp,fn)	3
#000000	1	0	0	-2.58814741115137	-2.46078307000063	5 min(fp,fn)	-0.8	min(fp,fn)	3
#000000	1	1	1	-2.46078307000063	-2.33807406515582	6 min(fp,fn)	-0.8	min(fp,fn)	3
#000000	1	1	1	-2.33807406515582	-1.64530759505372	7 min(fp,fn)	-0.8	min(fp,fn)	3
#000000	1	1	1	-1.64530759505372	-0.989307006366561	8 min(fp,fn)	-0.8	min(fp,fn)	3
#000000	1	1	1	-0.989307006366561	-0.903446843087941	9 min(fp,fn)	-0.8	min(fp,fn)	3
#000000	1	1	1	-0.903446843087941	0.409117077427005	10 min(fp,fn)	-0.8	min(fp,fn)	3
#000000	1	0	0	0.409117077427005	1.57578190167313	11 min(fp,fn)	-0.8	min(fp,fn)	3
#000000	1	0	0	1.57578190167313	2.09493403729749	12 min(fp,fn)	-0.8	min(fp,fn)	3
#000000	1	0	0	2.09493403729749	9.08500842897606	13 min(fp,fn)	-0.8	min(fp,fn)	3
#000000	1	0	0	-13.3670578848165	-4.04345598753607	1 min(fp,fn)	-0.6	min(fp,fn)	3
#000000	1	0	0	-4.04345598753607	-3.43600804220391	2 min(fp,fn)	-0.6	min(fp,fn)	3
#000000	1	0	0	-3.43600804220391	-3.15405687671473	3 min(fp,fn)	-0.6	min(fp,fn)	3
#000000	1	0	0	-3.15405687671473	-2.58814741115137	4 min(fp,fn)	-0.6	min(fp,fn)	3
#000000	1	0	0	-2.58814741115137	-2.53807406515583	5 min(fp,fn)	-0.6	min(fp,fn)	3
#000000	1	0	0	-2.53807406515583	-2.46078307000063	6 min(fp,fn)	-0.6	min(fp,fn)	3
#000000	1	1	1	-2.46078307000063	-1.84530759505372	7 min(fp,fn)	-0.6	min(fp,fn)	3
#000000	1	1	1	-1.84530759505372	-1.10344684308794	8 min(fp,fn)	-0.6	min(fp,fn)	3
#000000	1	2	2	-1.10344684308794	-0.989307006366561	9 min(fp,fn)	-0.6	min(fp,fn)	3
#000000	1	1	1	-0.989307006366561	0.209117077427004	10 min(fp,fn)	-0.6	min(fp,fn)	3
#000000	1	0	0	0.209117077427004	1.57578190167313	11 min(fp,fn)	-0.6	min(fp,fn)	3
#000000	1	0	0	1.57578190167313	1.89493403729749	12 min(fp,fn)	-0.6	min(fp,fn)	3
#000000	1	0	0	1.89493403729749	9.08500842897606	13 min(fp,fn)	-0.6	min(fp,fn)	3
#000000	1	0	0	-13.3670578848165	-4.04345598753607	1 min(fp,fn)	-0.399999999999999	min(fp,fn)	3
#000000	1	0	0	-4.04345598753607	-3.63600804220391	2 min(fp,fn)	-0.399999999999999	min(fp,fn)	3
#000000	1	0	0	-3.63600804220391	-3.15405687671473	3 min(fp,fn)	-0.399999999999999	min(fp,fn)	3
#000000	1	0	0	-3.15405687671473	-2.73807406515583	4 min(fp,fn)	-0.399999999999999	min(fp,fn)	3
#000000	1	0	0	-2.73807406515583	-2.58814741115137	5 min(fp,fn)	-0.399999999999999	min(fp,fn)	3
#000000	1	0	0	-2.58814741115137	-2.46078307000063	6 min(fp,fn)	-0.399999999999999	min(fp,fn)	3
#000000	1	1	1	-2.46078307000063	-2.04530759505372	7 min(fp,fn)	-0.399999999999999	min(fp,fn)	3
#000000	1	1	1	-2.04530759505372	-1.30344684308794	8 min(fp,fn)	-0.399999999999999	min(fp,fn)	3
#000000	1	2	2	-1.30344684308794	-0.989307006366561	9 min(fp,fn)	-0.399999999999999	min(fp,fn)	3
#000000	1	1	1	-0.989307006366561	0.0091170774270033	10 min(fp,fn)	-0.399999999999999	min(fp,fn)	3
#000000	1	0	0	0.0091170774270033	1.57578190167313	11 min(fp,fn)	-0.399999999999999	min(fp,fn)	3
#000000	1	0	0	1.57578190167313	1.69493403729749	12 min(fp,fn)	-0.399999999999999	min(fp,fn)	3
#000000	1	0	0	1.69493403729749	9.08500842897606	13 min(fp,fn)	-0.399999999999999	min(fp,fn)	3
#000000	1	0	0	-13.3670578848165	-4.04345598753607	1 min(fp,fn)	-0.199999999999999	min(fp,fn)	3
#000000	1	0	0	-4.04345598753607	-3.83600804220391	2 min(fp,fn)	-0.199999999999999	min(fp,fn)	3
#000000	1	0	0	-3.83600804220391	-3.15405687671473	3 min(fp,fn)	-0.199999999999999	min(fp,fn)	3
#000000	1	0	0	-3.15405687671473	-2.93807406515583	4 min(fp,fn)	-0.199999999999999	min(fp,fn)	3
#000000	1	0	0	-2.93807406515583	-2.58814741115137	5 min(fp,fn)	-0.199999999999999	min(fp,fn)	3
#000000	1	0	0	-2.58814741115137	-2.46078307000063	6 min(fp,fn)	-0.199999999999999	min(fp,fn)	3
#000000	1	1	1	-2.46078307000063	-2.24530759505372	7 min(fp,fn)	-0.199999999999999	min(fp,fn)	3
#000000	1	1	1	-2.24530759505372	-1.50344684308794	8 min(fp,fn)	-0.199999999999999	min(fp,fn)	3
#000000	1	2	2	-1.50344684308794	-0.989307006366561	9 min(fp,fn)	-0.199999999999999	min(fp,fn)	3
#000000	1	1	1	-0.989307006366561	-0.190882922572996	10 min(fp,fn)	-0.199999999999999	min(fp,fn)	3
#000000	1	0	0	-0.190882922572996	1.49493403729749	11 min(fp,fn)	-0.199999999999999	min(fp,fn)	3
#000000	1	0	0	1.49493403729749	1.57578190167313	12 min(fp,fn)	-0.199999999999999	min(fp,fn)	3
#000000	1	0	0	1.57578190167313	9.08500842897606	13 min(fp,fn)	-0.199999999999999	min(fp,fn)	3
#000000	1	0	0	-13.3670578848165	-4.04345598753607	1 min(fp,fn)	0	min(fp,fn)	3
#000000	1	0	0	-4.04345598753607	-4.03600804220391	2 min(fp,fn)	0	min(fp,fn)	3
#000000	1	0	0	-4.03600804220391	-3.15405687671473	3 min(fp,fn)	0	min(fp,fn)	3
#000000	1	0	0	-3.15405687671473	-3.13807406515583	4 min(fp,fn)	0	min(fp,fn)	3
#000000	1	0	0	-3.13807406515583	-2.58814741115137	5 min(fp,fn)	0	min(fp,fn)	3
#000000	1	0	0	-2.58814741115137	-2.46078307000063	6 min(fp,fn)	0	min(fp,fn)	3
#000000	1	1	1	-2.46078307000063	-2.44530759505372	7 min(fp,fn)	0	min(fp,fn)	3
#000000	1	1	1	-2.44530759505372	-1.70344684308794	8 min(fp,fn)	0	min(fp,fn)	3
#000000	1	2	2	-1.70344684308794	-0.989307006366561	9 min(fp,fn)	0	min(fp,fn)	3
#000000	1	1	1	-0.989307006366561	-0.390882922572995	10 min(fp,fn)	0	min(fp,fn)	3
#000000	1	0	0	-0.390882922572995	1.29493403729749	11 min(fp,fn)	0	min(fp,fn)	3
#000000	1	0	0	1.29493403729749	1.57578190167313	12 min(fp,fn)	0	min(fp,fn)	3
#000000	1	0	0	1.57578190167313	9.08500842897606	13 min(fp,fn)	0	min(fp,fn)	3
#000000	1	0	0	-13.3670578848165	-4.23600804220391	1 min(fp,fn)	0.2	min(fp,fn)	3
#000000	1	0	0	-4.23600804220391	-4.04345598753607	2 min(fp,fn)	0.2	min(fp,fn)	3
#000000	1	0	0	-4.04345598753607	-3.33807406515582	3 min(fp,fn)	0.2	min(fp,fn)	3
#000000	1	0	0	-3.33807406515582	-3.15405687671473	4 min(fp,fn)	0.2	min(fp,fn)	3
#000000	1	0	0	-3.15405687671473	-2.64530759505372	5 min(fp,fn)	0.2	min(fp,fn)	3
#000000	1	0	0	-2.64530759505372	-2.58814741115137	6 min(fp,fn)	0.2	min(fp,fn)	3
#000000	1	0	0	-2.58814741115137	-2.46078307000063	7 min(fp,fn)	0.2	min(fp,fn)	3
#000000	1	1	1	-2.46078307000063	-1.90344684308794	8 min(fp,fn)	0.2	min(fp,fn)	3
#000000	1	2	2	-1.90344684308794	-0.989307006366561	9 min(fp,fn)	0.2	min(fp,fn)	3
#000000	1	1	1	-0.989307006366561	-0.590882922572995	10 min(fp,fn)	0.2	min(fp,fn)	3
#000000	1	0	0	-0.590882922572995	1.09493403729749	11 min(fp,fn)	0.2	min(fp,fn)	3
#000000	1	0	0	1.09493403729749	1.57578190167313	12 min(fp,fn)	0.2	min(fp,fn)	3
#000000	1	0	0	1.57578190167313	9.08500842897606	13 min(fp,fn)	0.2	min(fp,fn)	3
#000000	1	0	0	-13.3670578848165	-4.43600804220391	1 min(fp,fn)	0.4	min(fp,fn)	3
#000000	1	0	0	-4.43600804220391	-4.04345598753607	2 min(fp,fn)	0.4	min(fp,fn)	3
#000000	1	0	0	-4.04345598753607	-3.53807406515583	3 min(fp,fn)	0.4	min(fp,fn)	3
#000000	1	0	0	-3.53807406515583	-3.15405687671473	4 min(fp,fn)	0.4	min(fp,fn)	3
#000000	1	0	0	-3.15405687671473	-2.84530759505372	5 min(fp,fn)	0.4	min(fp,fn)	3
#000000	1	0	0	-2.84530759505372	-2.58814741115137	6 min(fp,fn)	0.4	min(fp,fn)	3
#000000	1	0	0	-2.58814741115137	-2.46078307000063	7 min(fp,fn)	0.4	min(fp,fn)	3
#000000	1	1	1	-2.46078307000063	-2.10344684308794	8 min(fp,fn)	0.4	min(fp,fn)	3
#000000	1	2	2	-2.10344684308794	-0.989307006366561	9 min(fp,fn)	0.4	min(fp,fn)	3
#000000	1	1	1	-0.989307006366561	-0.790882922572996	10 min(fp,fn)	0.4	min(fp,fn)	3
#000000	1	0	0	-0.790882922572996	0.894934037297492	11 min(fp,fn)	0.4	min(fp,fn)	3
#000000	1	0	0	0.894934037297492	1.57578190167313	12 min(fp,fn)	0.4	min(fp,fn)	3
#000000	1	0	0	1.57578190167313	9.08500842897606	13 min(fp,fn)	0.4	min(fp,fn)	3
#000000	1	0	0	-13.3670578848165	-4.63600804220391	1 min(fp,fn)	0.600000000000001	min(fp,fn)	3
#000000	1	0	0	-4.63600804220391	-4.04345598753607	2 min(fp,fn)	0.600000000000001	min(fp,fn)	3
#000000	1	0	0	-4.04345598753607	-3.73807406515583	3 min(fp,fn)	0.600000000000001	min(fp,fn)	3
#000000	1	0	0	-3.73807406515583	-3.15405687671473	4 min(fp,fn)	0.600000000000001	min(fp,fn)	3
#000000	1	0	0	-3.15405687671473	-3.04530759505372	5 min(fp,fn)	0.600000000000001	min(fp,fn)	3
#000000	1	0	0	-3.04530759505372	-2.58814741115137	6 min(fp,fn)	0.600000000000001	min(fp,fn)	3
#000000	1	0	0	-2.58814741115137	-2.46078307000063	7 min(fp,fn)	0.600000000000001	min(fp,fn)	3
#000000	1	1	1	-2.46078307000063	-2.30344684308794	8 min(fp,fn)	0.600000000000001	min(fp,fn)	3
#000000	1	2	2	-2.30344684308794	-0.990882922572997	9 min(fp,fn)	0.600000000000001	min(fp,fn)	3
#000000	1	1	1	-0.990882922572997	-0.989307006366561	10 min(fp,fn)	0.600000000000001	min(fp,fn)	3
#000000	1	0	0	-0.989307006366561	0.694934037297491	11 min(fp,fn)	0.600000000000001	min(fp,fn)	3
#000000	1	0	0	0.694934037297491	1.57578190167313	12 min(fp,fn)	0.600000000000001	min(fp,fn)	3
#000000	1	0	0	1.57578190167313	9.08500842897606	13 min(fp,fn)	0.600000000000001	min(fp,fn)	3
#000000	1	0	0	-13.3670578848165	-4.83600804220391	1 min(fp,fn)	0.800000000000001	min(fp,fn)	3
#000000	1	0	0	-4.83600804220391	-4.04345598753607	2 min(fp,fn)	0.800000000000001	min(fp,fn)	3
#000000	1	0	0	-4.04345598753607	-3.93807406515583	3 min(fp,fn)	0.800000000000001	min(fp,fn)	3
#000000	1	0	0	-3.93807406515583	-3.24530759505372	4 min(fp,fn)	0.800000000000001	min(fp,fn)	3
#000000	1	0	0	-3.24530759505372	-3.15405687671473	5 min(fp,fn)	0.800000000000001	min(fp,fn)	3
#000000	1	0	0	-3.15405687671473	-2.58814741115137	6 min(fp,fn)	0.800000000000001	min(fp,fn)	3
#000000	1	0	0	-2.58814741115137	-2.50344684308794	7 min(fp,fn)	0.800000000000001	min(fp,fn)	3
#000000	1	1	1	-2.50344684308794	-2.46078307000063	8 min(fp,fn)	0.800000000000001	min(fp,fn)	3
#000000	1	2	2	-2.46078307000063	-1.190882922573	9 min(fp,fn)	0.800000000000001	min(fp,fn)	3
#000000	1	1	1	-1.190882922573	-0.989307006366561	10 min(fp,fn)	0.800000000000001	min(fp,fn)	3
#000000	1	0	0	-0.989307006366561	0.494934037297492	11 min(fp,fn)	0.800000000000001	min(fp,fn)	3
#000000	1	0	0	0.494934037297492	1.57578190167313	12 min(fp,fn)	0.800000000000001	min(fp,fn)	3
#000000	1	0	0	1.57578190167313	9.08500842897606	13 min(fp,fn)	0.800000000000001	min(fp,fn)	3
#000000	1	0	0	-13.3670578848165	-5.03600804220391	1 min(fp,fn)	1	min(fp,fn)	3
#000000	1	0	0	-5.03600804220391	-4.13807406515583	2 min(fp,fn)	1	min(fp,fn)	3
#000000	1	0	0	-4.13807406515583	-4.04345598753607	3 min(fp,fn)	1	min(fp,fn)	3
#000000	1	0	0	-4.04345598753607	-3.44530759505372	4 min(fp,fn)	1	min(fp,fn)	3
#000000	1	0	0	-3.44530759505372	-3.15405687671473	5 min(fp,fn)	1	min(fp,fn)	3
#000000	1	0	0	-3.15405687671473	-2.70344684308794	6 min(fp,fn)	1	min(fp,fn)	3
#000000	1	1	1	-2.70344684308794	-2.58814741115137	7 min(fp,fn)	1	min(fp,fn)	3
#000000	1	1	1	-2.58814741115137	-2.46078307000063	8 min(fp,fn)	1	min(fp,fn)	3
#000000	1	2	2	-2.46078307000063	-1.390882922573	9 min(fp,fn)	1	min(fp,fn)	3
#000000	1	1	1	-1.390882922573	-0.989307006366561	10 min(fp,fn)	1	min(fp,fn)	3
#000000	1	0	0	-0.989307006366561	0.294934037297493	11 min(fp,fn)	1	min(fp,fn)	3
#000000	1	0	0	0.294934037297493	1.57578190167313	12 min(fp,fn)	1	min(fp,fn)	3
#000000	1	0	0	1.57578190167313	9.08500842897606	13 min(fp,fn)	1	min(fp,fn)	3
#000000	1	0	0	-13.3670578848165	-5.23600804220391	1 min(fp,fn)	1.2	min(fp,fn)	3
#000000	1	0	0	-5.23600804220391	-4.33807406515582	2 min(fp,fn)	1.2	min(fp,fn)	3
#000000	1	0	0	-4.33807406515582	-4.04345598753607	3 min(fp,fn)	1.2	min(fp,fn)	3
#000000	1	0	0	-4.04345598753607	-3.64530759505372	4 min(fp,fn)	1.2	min(fp,fn)	3
#000000	1	0	0	-3.64530759505372	-3.15405687671473	5 min(fp,fn)	1.2	min(fp,fn)	3
#000000	1	0	0	-3.15405687671473	-2.90344684308794	6 min(fp,fn)	1.2	min(fp,fn)	3
#000000	1	1	1	-2.90344684308794	-2.58814741115137	7 min(fp,fn)	1.2	min(fp,fn)	3
#000000	1	1	1	-2.58814741115137	-2.46078307000063	8 min(fp,fn)	1.2	min(fp,fn)	3
#000000	1	2	2	-2.46078307000063	-1.59088292257299	9 min(fp,fn)	1.2	min(fp,fn)	3
#000000	1	1	1	-1.59088292257299	-0.989307006366561	10 min(fp,fn)	1.2	min(fp,fn)	3
#000000	1	0	0	-0.989307006366561	0.0949340372974934	11 min(fp,fn)	1.2	min(fp,fn)	3
#000000	1	0	0	0.0949340372974934	1.57578190167313	12 min(fp,fn)	1.2	min(fp,fn)	3
#000000	1	0	0	1.57578190167313	9.08500842897606	13 min(fp,fn)	1.2	min(fp,fn)	3
#000000	1	0	0	-13.3670578848165	-5.43600804220391	1 min(fp,fn)	1.4	min(fp,fn)	3
#000000	1	0	0	-5.43600804220391	-4.53807406515583	2 min(fp,fn)	1.4	min(fp,fn)	3
#000000	1	0	0	-4.53807406515583	-4.04345598753607	3 min(fp,fn)	1.4	min(fp,fn)	3
#000000	1	0	0	-4.04345598753607	-3.84530759505372	4 min(fp,fn)	1.4	min(fp,fn)	3
#000000	1	0	0	-3.84530759505372	-3.15405687671473	5 min(fp,fn)	1.4	min(fp,fn)	3
#000000	1	0	0	-3.15405687671473	-3.10344684308794	6 min(fp,fn)	1.4	min(fp,fn)	3
#000000	1	1	1	-3.10344684308794	-2.58814741115137	7 min(fp,fn)	1.4	min(fp,fn)	3
#000000	1	1	1	-2.58814741115137	-2.46078307000063	8 min(fp,fn)	1.4	min(fp,fn)	3
#000000	1	2	2	-2.46078307000063	-1.790882922573	9 min(fp,fn)	1.4	min(fp,fn)	3
#000000	1	1	1	-1.790882922573	-0.989307006366561	10 min(fp,fn)	1.4	min(fp,fn)	3
#000000	1	0	0	-0.989307006366561	-0.105065962702508	11 min(fp,fn)	1.4	min(fp,fn)	3
#000000	1	0	0	-0.105065962702508	1.57578190167313	12 min(fp,fn)	1.4	min(fp,fn)	3
#000000	1	0	0	1.57578190167313	9.08500842897606	13 min(fp,fn)	1.4	min(fp,fn)	3
#000000	1	0	0	-13.3670578848165	-5.63600804220391	1 min(fp,fn)	1.6	min(fp,fn)	3
#000000	1	0	0	-5.63600804220391	-4.73807406515583	2 min(fp,fn)	1.6	min(fp,fn)	3
#000000	1	0	0	-4.73807406515583	-4.04530759505372	3 min(fp,fn)	1.6	min(fp,fn)	3
#000000	1	0	0	-4.04530759505372	-4.04345598753607	4 min(fp,fn)	1.6	min(fp,fn)	3
#000000	1	0	0	-4.04345598753607	-3.30344684308794	5 min(fp,fn)	1.6	min(fp,fn)	3
#000000	1	1	1	-3.30344684308794	-3.15405687671473	6 min(fp,fn)	1.6	min(fp,fn)	3
#000000	1	1	1	-3.15405687671473	-2.58814741115137	7 min(fp,fn)	1.6	min(fp,fn)	3
#000000	1	1	1	-2.58814741115137	-2.46078307000063	8 min(fp,fn)	1.6	min(fp,fn)	3
#000000	1	2	2	-2.46078307000063	-1.990882922573	9 min(fp,fn)	1.6	min(fp,fn)	3
#000000	1	1	1	-1.990882922573	-0.989307006366561	10 min(fp,fn)	1.6	min(fp,fn)	3
#000000	1	0	0	-0.989307006366561	-0.305065962702509	11 min(fp,fn)	1.6	min(fp,fn)	3
#000000	1	0	0	-0.305065962702509	1.57578190167313	12 min(fp,fn)	1.6	min(fp,fn)	3
#000000	1	0	0	1.57578190167313	9.08500842897606	13 min(fp,fn)	1.6	min(fp,fn)	3
#000000	1	0	0	-13.3670578848165	-5.83600804220391	1 min(fp,fn)	1.8	min(fp,fn)	3
#000000	1	0	0	-5.83600804220391	-4.93807406515583	2 min(fp,fn)	1.8	min(fp,fn)	3
#000000	1	0	0	-4.93807406515583	-4.24530759505372	3 min(fp,fn)	1.8	min(fp,fn)	3
#000000	1	0	0	-4.24530759505372	-4.04345598753607	4 min(fp,fn)	1.8	min(fp,fn)	3
#000000	1	0	0	-4.04345598753607	-3.50344684308794	5 min(fp,fn)	1.8	min(fp,fn)	3
#000000	1	1	1	-3.50344684308794	-3.15405687671473	6 min(fp,fn)	1.8	min(fp,fn)	3
#000000	1	1	1	-3.15405687671473	-2.58814741115137	7 min(fp,fn)	1.8	min(fp,fn)	3
#000000	1	1	1	-2.58814741115137	-2.46078307000063	8 min(fp,fn)	1.8	min(fp,fn)	3
#000000	1	2	2	-2.46078307000063	-2.190882922573	9 min(fp,fn)	1.8	min(fp,fn)	3
#000000	1	1	1	-2.190882922573	-0.989307006366561	10 min(fp,fn)	1.8	min(fp,fn)	3
#000000	1	0	0	-0.989307006366561	-0.505065962702508	11 min(fp,fn)	1.8	min(fp,fn)	3
#000000	1	0	0	-0.505065962702508	1.57578190167313	12 min(fp,fn)	1.8	min(fp,fn)	3
#000000	1	0	0	1.57578190167313	9.08500842897606	13 min(fp,fn)	1.8	min(fp,fn)	3
#000000	1	0	0	-13.3670578848165	-6.03600804220391	1 min(fp,fn)	2	min(fp,fn)	3
#000000	1	0	0	-6.03600804220391	-5.13807406515583	2 min(fp,fn)	2	min(fp,fn)	3
#000000	1	0	0	-5.13807406515583	-4.44530759505372	3 min(fp,fn)	2	min(fp,fn)	3
#000000	1	0	0	-4.44530759505372	-4.04345598753607	4 min(fp,fn)	2	min(fp,fn)	3
#000000	1	0	0	-4.04345598753607	-3.70344684308794	5 min(fp,fn)	2	min(fp,fn)	3
#000000	1	1	1	-3.70344684308794	-3.15405687671473	6 min(fp,fn)	2	min(fp,fn)	3
#000000	1	1	1	-3.15405687671473	-2.58814741115137	7 min(fp,fn)	2	min(fp,fn)	3
#000000	1	1	1	-2.58814741115137	-2.46078307000063	8 min(fp,fn)	2	min(fp,fn)	3
#000000	1	2	2	-2.46078307000063	-2.390882922573	9 min(fp,fn)	2	min(fp,fn)	3
#000000	1	1	1	-2.390882922573	-0.989307006366561	10 min(fp,fn)	2	min(fp,fn)	3
#000000	1	0	0	-0.989307006366561	-0.705065962702507	11 min(fp,fn)	2	min(fp,fn)	3
#000000	1	0	0	-0.705065962702507	1.57578190167313	12 min(fp,fn)	2	min(fp,fn)	3
#000000	1	0	0	1.57578190167313	9.08500842897606	13 min(fp,fn)	2	min(fp,fn)	3
#000000	1	0	0	-13.3670578848165	-6.23600804220391	1 min(fp,fn)	2.2	min(fp,fn)	3
#000000	1	0	0	-6.23600804220391	-5.33807406515582	2 min(fp,fn)	2.2	min(fp,fn)	3
#000000	1	0	0	-5.33807406515582	-4.64530759505372	3 min(fp,fn)	2.2	min(fp,fn)	3
#000000	1	0	0	-4.64530759505372	-4.04345598753607	4 min(fp,fn)	2.2	min(fp,fn)	3
#000000	1	0	0	-4.04345598753607	-3.90344684308794	5 min(fp,fn)	2.2	min(fp,fn)	3
#000000	1	1	1	-3.90344684308794	-3.15405687671473	6 min(fp,fn)	2.2	min(fp,fn)	3
#000000	1	1	1	-3.15405687671473	-2.59088292257299	7 min(fp,fn)	2.2	min(fp,fn)	3
#000000	1	1	1	-2.59088292257299	-2.58814741115137	8 min(fp,fn)	2.2	min(fp,fn)	3
#000000	1	1	1	-2.58814741115137	-2.46078307000063	9 min(fp,fn)	2.2	min(fp,fn)	3
#000000	1	1	1	-2.46078307000063	-0.989307006366561	10 min(fp,fn)	2.2	min(fp,fn)	3
#000000	1	0	0	-0.989307006366561	-0.905065962702507	11 min(fp,fn)	2.2	min(fp,fn)	3
#000000	1	0	0	-0.905065962702507	1.57578190167313	12 min(fp,fn)	2.2	min(fp,fn)	3
#000000	1	0	0	1.57578190167313	9.08500842897606	13 min(fp,fn)	2.2	min(fp,fn)	3
#000000	1	0	0	-13.3670578848165	-6.43600804220391	1 min(fp,fn)	2.4	min(fp,fn)	3
#000000	1	0	0	-6.43600804220391	-5.53807406515583	2 min(fp,fn)	2.4	min(fp,fn)	3
#000000	1	0	0	-5.53807406515583	-4.84530759505372	3 min(fp,fn)	2.4	min(fp,fn)	3
#000000	1	0	0	-4.84530759505372	-4.10344684308794	4 min(fp,fn)	2.4	min(fp,fn)	3
#000000	1	1	1	-4.10344684308794	-4.04345598753607	5 min(fp,fn)	2.4	min(fp,fn)	3
#000000	1	1	1	-4.04345598753607	-3.15405687671473	6 min(fp,fn)	2.4	min(fp,fn)	3
#000000	1	1	1	-3.15405687671473	-2.790882922573	7 min(fp,fn)	2.4	min(fp,fn)	3
#000000	1	1	1	-2.790882922573	-2.58814741115137	8 min(fp,fn)	2.4	min(fp,fn)	3
#000000	1	1	1	-2.58814741115137	-2.46078307000063	9 min(fp,fn)	2.4	min(fp,fn)	3
#000000	1	1	1	-2.46078307000063	-1.10506596270251	10 min(fp,fn)	2.4	min(fp,fn)	3
#000000	1	1	1	-1.10506596270251	-0.989307006366561	11 min(fp,fn)	2.4	min(fp,fn)	3
#000000	1	0	0	-0.989307006366561	1.57578190167313	12 min(fp,fn)	2.4	min(fp,fn)	3
#000000	1	0	0	1.57578190167313	9.08500842897606	13 min(fp,fn)	2.4	min(fp,fn)	3
#000000	1	0	0	-13.3670578848165	-6.63600804220391	1 min(fp,fn)	2.6	min(fp,fn)	3
#000000	1	0	0	-6.63600804220391	-5.73807406515583	2 min(fp,fn)	2.6	min(fp,fn)	3
#000000	1	0	0	-5.73807406515583	-5.04530759505372	3 min(fp,fn)	2.6	min(fp,fn)	3
#000000	1	0	0	-5.04530759505372	-4.30344684308794	4 min(fp,fn)	2.6	min(fp,fn)	3
#000000	1	1	1	-4.30344684308794	-4.04345598753607	5 min(fp,fn)	2.6	min(fp,fn)	3
#000000	1	1	1	-4.04345598753607	-3.15405687671473	6 min(fp,fn)	2.6	min(fp,fn)	3
#000000	1	1	1	-3.15405687671473	-2.990882922573	7 min(fp,fn)	2.6	min(fp,fn)	3
#000000	1	1	1	-2.990882922573	-2.58814741115137	8 min(fp,fn)	2.6	min(fp,fn)	3
#000000	1	1	1	-2.58814741115137	-2.46078307000063	9 min(fp,fn)	2.6	min(fp,fn)	3
#000000	1	1	1	-2.46078307000063	-1.30506596270251	10 min(fp,fn)	2.6	min(fp,fn)	3
#000000	1	1	1	-1.30506596270251	-0.989307006366561	11 min(fp,fn)	2.6	min(fp,fn)	3
#000000	1	0	0	-0.989307006366561	1.57578190167313	12 min(fp,fn)	2.6	min(fp,fn)	3
#000000	1	0	0	1.57578190167313	9.08500842897606	13 min(fp,fn)	2.6	min(fp,fn)	3
#000000	1	0	0	-13.3670578848165	-6.83600804220391	1 min(fp,fn)	2.8	min(fp,fn)	3
#000000	1	0	0	-6.83600804220391	-5.93807406515583	2 min(fp,fn)	2.8	min(fp,fn)	3
#000000	1	0	0	-5.93807406515583	-5.24530759505372	3 min(fp,fn)	2.8	min(fp,fn)	3
#000000	1	0	0	-5.24530759505372	-4.50344684308794	4 min(fp,fn)	2.8	min(fp,fn)	3
#000000	1	1	1	-4.50344684308794	-4.04345598753607	5 min(fp,fn)	2.8	min(fp,fn)	3
#000000	1	1	1	-4.04345598753607	-3.190882922573	6 min(fp,fn)	2.8	min(fp,fn)	3
#000000	1	1	1	-3.190882922573	-3.15405687671473	7 min(fp,fn)	2.8	min(fp,fn)	3
#000000	1	1	1	-3.15405687671473	-2.58814741115137	8 min(fp,fn)	2.8	min(fp,fn)	3
#000000	1	1	1	-2.58814741115137	-2.46078307000063	9 min(fp,fn)	2.8	min(fp,fn)	3
#000000	1	1	1	-2.46078307000063	-1.50506596270251	10 min(fp,fn)	2.8	min(fp,fn)	3
#000000	1	1	1	-1.50506596270251	-0.989307006366561	11 min(fp,fn)	2.8	min(fp,fn)	3
#000000	1	0	0	-0.989307006366561	1.57578190167313	12 min(fp,fn)	2.8	min(fp,fn)	3
#000000	1	0	0	1.57578190167313	9.08500842897606	13 min(fp,fn)	2.8	min(fp,fn)	3
#000000	1	0	0	-13.3670578848165	-7.03600804220391	1 min(fp,fn)	3	min(fp,fn)	3
#000000	1	0	0	-7.03600804220391	-6.13807406515583	2 min(fp,fn)	3	min(fp,fn)	3
#000000	1	0	0	-6.13807406515583	-5.44530759505372	3 min(fp,fn)	3	min(fp,fn)	3
#000000	1	0	0	-5.44530759505372	-4.70344684308794	4 min(fp,fn)	3	min(fp,fn)	3
#000000	1	1	1	-4.70344684308794	-4.04345598753607	5 min(fp,fn)	3	min(fp,fn)	3
#000000	1	1	1	-4.04345598753607	-3.390882922573	6 min(fp,fn)	3	min(fp,fn)	3
#000000	1	1	1	-3.390882922573	-3.15405687671473	7 min(fp,fn)	3	min(fp,fn)	3
#000000	1	1	1	-3.15405687671473	-2.58814741115137	8 min(fp,fn)	3	min(fp,fn)	3
#000000	1	1	1	-2.58814741115137	-2.46078307000063	9 min(fp,fn)	3	min(fp,fn)	3
#000000	1	1	1	-2.46078307000063	-1.70506596270251	10 min(fp,fn)	3	min(fp,fn)	3
#000000	1	1	1	-1.70506596270251	-0.989307006366561	11 min(fp,fn)	3	min(fp,fn)	3
#000000	1	0	0	-0.989307006366561	1.57578190167313	12 min(fp,fn)	3	min(fp,fn)	3
#000000	1	0	0	1.57578190167313	9.08500842897606	13 min(fp,fn)	3	min(fp,fn)	3
#000000	1	0	0	-13.3670578848165	-7.23600804220391	1 min(fp,fn)	3.2	min(fp,fn)	3
#000000	1	0	0	-7.23600804220391	-6.33807406515583	2 min(fp,fn)	3.2	min(fp,fn)	3
#000000	1	0	0	-6.33807406515583	-5.64530759505372	3 min(fp,fn)	3.2	min(fp,fn)	3
#000000	1	0	0	-5.64530759505372	-4.90344684308794	4 min(fp,fn)	3.2	min(fp,fn)	3
#000000	1	1	1	-4.90344684308794	-4.04345598753607	5 min(fp,fn)	3.2	min(fp,fn)	3
#000000	1	1	1	-4.04345598753607	-3.590882922573	6 min(fp,fn)	3.2	min(fp,fn)	3
#000000	1	1	1	-3.590882922573	-3.15405687671473	7 min(fp,fn)	3.2	min(fp,fn)	3
#000000	1	1	1	-3.15405687671473	-2.58814741115137	8 min(fp,fn)	3.2	min(fp,fn)	3
#000000	1	1	1	-2.58814741115137	-2.46078307000063	9 min(fp,fn)	3.2	min(fp,fn)	3
#000000	1	1	1	-2.46078307000063	-1.90506596270251	10 min(fp,fn)	3.2	min(fp,fn)	3
#000000	1	1	1	-1.90506596270251	-0.989307006366561	11 min(fp,fn)	3.2	min(fp,fn)	3
#000000	1	0	0	-0.989307006366561	1.57578190167313	12 min(fp,fn)	3.2	min(fp,fn)	3
#000000	1	0	0	1.57578190167313	9.08500842897606	13 min(fp,fn)	3.2	min(fp,fn)	3
#000000	1	0	0	-13.3670578848165	-7.43600804220391	1 min(fp,fn)	3.4	min(fp,fn)	3
#000000	1	0	0	-7.43600804220391	-6.53807406515583	2 min(fp,fn)	3.4	min(fp,fn)	3
#000000	1	0	0	-6.53807406515583	-5.84530759505372	3 min(fp,fn)	3.4	min(fp,fn)	3
#000000	1	0	0	-5.84530759505372	-5.10344684308794	4 min(fp,fn)	3.4	min(fp,fn)	3
#000000	1	1	1	-5.10344684308794	-4.04345598753607	5 min(fp,fn)	3.4	min(fp,fn)	3
#000000	1	1	1	-4.04345598753607	-3.790882922573	6 min(fp,fn)	3.4	min(fp,fn)	3
#000000	1	1	1	-3.790882922573	-3.15405687671473	7 min(fp,fn)	3.4	min(fp,fn)	3
#000000	1	1	1	-3.15405687671473	-2.58814741115137	8 min(fp,fn)	3.4	min(fp,fn)	3
#000000	1	1	1	-2.58814741115137	-2.46078307000063	9 min(fp,fn)	3.4	min(fp,fn)	3
#000000	1	1	1	-2.46078307000063	-2.10506596270251	10 min(fp,fn)	3.4	min(fp,fn)	3
#000000	1	1	1	-2.10506596270251	-0.989307006366561	11 min(fp,fn)	3.4	min(fp,fn)	3
#000000	1	0	0	-0.989307006366561	1.57578190167313	12 min(fp,fn)	3.4	min(fp,fn)	3
#000000	1	0	0	1.57578190167313	9.08500842897606	13 min(fp,fn)	3.4	min(fp,fn)	3
#000000	1	0	0	-13.3670578848165	-7.63600804220391	1 min(fp,fn)	3.6	min(fp,fn)	3
#000000	1	0	0	-7.63600804220391	-6.73807406515583	2 min(fp,fn)	3.6	min(fp,fn)	3
#000000	1	0	0	-6.73807406515583	-6.04530759505372	3 min(fp,fn)	3.6	min(fp,fn)	3
#000000	1	0	0	-6.04530759505372	-5.30344684308794	4 min(fp,fn)	3.6	min(fp,fn)	3
#000000	1	1	1	-5.30344684308794	-4.04345598753607	5 min(fp,fn)	3.6	min(fp,fn)	3
#000000	1	1	1	-4.04345598753607	-3.990882922573	6 min(fp,fn)	3.6	min(fp,fn)	3
#000000	1	1	1	-3.990882922573	-3.15405687671473	7 min(fp,fn)	3.6	min(fp,fn)	3
#000000	1	1	1	-3.15405687671473	-2.58814741115137	8 min(fp,fn)	3.6	min(fp,fn)	3
#000000	1	1	1	-2.58814741115137	-2.46078307000063	9 min(fp,fn)	3.6	min(fp,fn)	3
#000000	1	1	1	-2.46078307000063	-2.30506596270251	10 min(fp,fn)	3.6	min(fp,fn)	3
#000000	1	1	1	-2.30506596270251	-0.989307006366561	11 min(fp,fn)	3.6	min(fp,fn)	3
#000000	1	0	0	-0.989307006366561	1.57578190167313	12 min(fp,fn)	3.6	min(fp,fn)	3
#000000	1	0	0	1.57578190167313	9.08500842897606	13 min(fp,fn)	3.6	min(fp,fn)	3
#000000	1	0	0	-13.3670578848165	-7.83600804220391	1 min(fp,fn)	3.8	min(fp,fn)	3
#000000	1	0	0	-7.83600804220391	-6.93807406515583	2 min(fp,fn)	3.8	min(fp,fn)	3
#000000	1	0	0	-6.93807406515583	-6.24530759505372	3 min(fp,fn)	3.8	min(fp,fn)	3
#000000	1	0	0	-6.24530759505372	-5.50344684308794	4 min(fp,fn)	3.8	min(fp,fn)	3
#000000	1	1	1	-5.50344684308794	-4.190882922573	5 min(fp,fn)	3.8	min(fp,fn)	3
#000000	1	1	1	-4.190882922573	-4.04345598753607	6 min(fp,fn)	3.8	min(fp,fn)	3
#000000	1	1	1	-4.04345598753607	-3.15405687671473	7 min(fp,fn)	3.8	min(fp,fn)	3
#000000	1	1	1	-3.15405687671473	-2.58814741115137	8 min(fp,fn)	3.8	min(fp,fn)	3
#000000	1	1	1	-2.58814741115137	-2.50506596270251	9 min(fp,fn)	3.8	min(fp,fn)	3
#000000	1	1	1	-2.50506596270251	-2.46078307000063	10 min(fp,fn)	3.8	min(fp,fn)	3
#000000	1	1	1	-2.46078307000063	-0.989307006366561	11 min(fp,fn)	3.8	min(fp,fn)	3
#000000	1	0	0	-0.989307006366561	1.57578190167313	12 min(fp,fn)	3.8	min(fp,fn)	3
#000000	1	0	0	1.57578190167313	9.08500842897606	13 min(fp,fn)	3.8	min(fp,fn)	3
#000000	1	0	0	-13.3670578848165	-8.03600804220391	1 min(fp,fn)	4	min(fp,fn)	3
#000000	1	0	0	-8.03600804220391	-7.13807406515583	2 min(fp,fn)	4	min(fp,fn)	3
#000000	1	0	0	-7.13807406515583	-6.44530759505372	3 min(fp,fn)	4	min(fp,fn)	3
#000000	1	0	0	-6.44530759505372	-5.70344684308794	4 min(fp,fn)	4	min(fp,fn)	3
#000000	1	1	1	-5.70344684308794	-4.390882922573	5 min(fp,fn)	4	min(fp,fn)	3
#000000	1	1	1	-4.390882922573	-4.04345598753607	6 min(fp,fn)	4	min(fp,fn)	3
#000000	1	1	1	-4.04345598753607	-3.15405687671473	7 min(fp,fn)	4	min(fp,fn)	3
#000000	1	1	1	-3.15405687671473	-2.70506596270251	8 min(fp,fn)	4	min(fp,fn)	3
#000000	1	2	2	-2.70506596270251	-2.58814741115137	9 min(fp,fn)	4	min(fp,fn)	3
#000000	1	1	1	-2.58814741115137	-2.46078307000063	10 min(fp,fn)	4	min(fp,fn)	3
#000000	1	1	1	-2.46078307000063	-0.989307006366561	11 min(fp,fn)	4	min(fp,fn)	3
#000000	1	0	0	-0.989307006366561	1.57578190167313	12 min(fp,fn)	4	min(fp,fn)	3
#000000	1	0	0	1.57578190167313	9.08500842897606	13 min(fp,fn)	4	min(fp,fn)	3
#000000	1	0	0	-13.3670578848165	-8.23600804220391	1 min(fp,fn)	4.2	min(fp,fn)	3
#000000	1	0	0	-8.23600804220391	-7.33807406515583	2 min(fp,fn)	4.2	min(fp,fn)	3
#000000	1	0	0	-7.33807406515583	-6.64530759505372	3 min(fp,fn)	4.2	min(fp,fn)	3
#000000	1	0	0	-6.64530759505372	-5.90344684308794	4 min(fp,fn)	4.2	min(fp,fn)	3
#000000	1	1	1	-5.90344684308794	-4.590882922573	5 min(fp,fn)	4.2	min(fp,fn)	3
#000000	1	1	1	-4.590882922573	-4.04345598753607	6 min(fp,fn)	4.2	min(fp,fn)	3
#000000	1	1	1	-4.04345598753607	-3.15405687671473	7 min(fp,fn)	4.2	min(fp,fn)	3
#000000	1	1	1	-3.15405687671473	-2.90506596270251	8 min(fp,fn)	4.2	min(fp,fn)	3
#000000	1	2	2	-2.90506596270251	-2.58814741115137	9 min(fp,fn)	4.2	min(fp,fn)	3
#000000	1	1	1	-2.58814741115137	-2.46078307000063	10 min(fp,fn)	4.2	min(fp,fn)	3
#000000	1	1	1	-2.46078307000063	-0.989307006366561	11 min(fp,fn)	4.2	min(fp,fn)	3
#000000	1	0	0	-0.989307006366561	1.57578190167313	12 min(fp,fn)	4.2	min(fp,fn)	3
#000000	1	0	0	1.57578190167313	9.08500842897606	13 min(fp,fn)	4.2	min(fp,fn)	3
#000000	1	0	0	-13.3670578848165	-8.43600804220391	1 min(fp,fn)	4.4	min(fp,fn)	3
#000000	1	0	0	-8.43600804220391	-7.53807406515583	2 min(fp,fn)	4.4	min(fp,fn)	3
#000000	1	0	0	-7.53807406515583	-6.84530759505372	3 min(fp,fn)	4.4	min(fp,fn)	3
#000000	1	0	0	-6.84530759505372	-6.10344684308794	4 min(fp,fn)	4.4	min(fp,fn)	3
#000000	1	1	1	-6.10344684308794	-4.790882922573	5 min(fp,fn)	4.4	min(fp,fn)	3
#000000	1	1	1	-4.790882922573	-4.04345598753607	6 min(fp,fn)	4.4	min(fp,fn)	3
#000000	1	1	1	-4.04345598753607	-3.15405687671473	7 min(fp,fn)	4.4	min(fp,fn)	3
#000000	1	1	1	-3.15405687671473	-3.10506596270251	8 min(fp,fn)	4.4	min(fp,fn)	3
#000000	1	2	2	-3.10506596270251	-2.58814741115137	9 min(fp,fn)	4.4	min(fp,fn)	3
#000000	1	1	1	-2.58814741115137	-2.46078307000063	10 min(fp,fn)	4.4	min(fp,fn)	3
#000000	1	1	1	-2.46078307000063	-0.989307006366561	11 min(fp,fn)	4.4	min(fp,fn)	3
#000000	1	0	0	-0.989307006366561	1.57578190167313	12 min(fp,fn)	4.4	min(fp,fn)	3
#000000	1	0	0	1.57578190167313	9.08500842897606	13 min(fp,fn)	4.4	min(fp,fn)	3
#000000	1	0	0	-13.3670578848165	-8.63600804220392	1 min(fp,fn)	4.6	min(fp,fn)	3
#000000	1	0	0	-8.63600804220392	-7.73807406515583	2 min(fp,fn)	4.6	min(fp,fn)	3
#000000	1	0	0	-7.73807406515583	-7.04530759505372	3 min(fp,fn)	4.6	min(fp,fn)	3
#000000	1	0	0	-7.04530759505372	-6.30344684308794	4 min(fp,fn)	4.6	min(fp,fn)	3
#000000	1	1	1	-6.30344684308794	-4.990882922573	5 min(fp,fn)	4.6	min(fp,fn)	3
#000000	1	1	1	-4.990882922573	-4.04345598753607	6 min(fp,fn)	4.6	min(fp,fn)	3
#000000	1	1	1	-4.04345598753607	-3.30506596270251	7 min(fp,fn)	4.6	min(fp,fn)	3
#000000	1	2	2	-3.30506596270251	-3.15405687671473	8 min(fp,fn)	4.6	min(fp,fn)	3
#000000	1	2	2	-3.15405687671473	-2.58814741115137	9 min(fp,fn)	4.6	min(fp,fn)	3
#000000	1	1	1	-2.58814741115137	-2.46078307000063	10 min(fp,fn)	4.6	min(fp,fn)	3
#000000	1	1	1	-2.46078307000063	-0.989307006366561	11 min(fp,fn)	4.6	min(fp,fn)	3
#000000	1	0	0	-0.989307006366561	1.57578190167313	12 min(fp,fn)	4.6	min(fp,fn)	3
#000000	1	0	0	1.57578190167313	9.08500842897606	13 min(fp,fn)	4.6	min(fp,fn)	3
#000000	1	0	0	-13.3670578848165	-8.83600804220392	1 min(fp,fn)	4.8	min(fp,fn)	3
#000000	1	0	0	-8.83600804220392	-7.93807406515583	2 min(fp,fn)	4.8	min(fp,fn)	3
#000000	1	0	0	-7.93807406515583	-7.24530759505372	3 min(fp,fn)	4.8	min(fp,fn)	3
#000000	1	0	0	-7.24530759505372	-6.50344684308794	4 min(fp,fn)	4.8	min(fp,fn)	3
#000000	1	1	1	-6.50344684308794	-5.190882922573	5 min(fp,fn)	4.8	min(fp,fn)	3
#000000	1	1	1	-5.190882922573	-4.04345598753607	6 min(fp,fn)	4.8	min(fp,fn)	3
#000000	1	1	1	-4.04345598753607	-3.50506596270251	7 min(fp,fn)	4.8	min(fp,fn)	3
#000000	1	2	2	-3.50506596270251	-3.15405687671473	8 min(fp,fn)	4.8	min(fp,fn)	3
#000000	1	2	2	-3.15405687671473	-2.58814741115137	9 min(fp,fn)	4.8	min(fp,fn)	3
#000000	1	1	1	-2.58814741115137	-2.46078307000063	10 min(fp,fn)	4.8	min(fp,fn)	3
#000000	1	1	1	-2.46078307000063	-0.989307006366561	11 min(fp,fn)	4.8	min(fp,fn)	3
#000000	1	0	0	-0.989307006366561	1.57578190167313	12 min(fp,fn)	4.8	min(fp,fn)	3
#000000	1	0	0	1.57578190167313	9.08500842897606	13 min(fp,fn)	4.8	min(fp,fn)	3
#000000	1	0	0	-13.3670578848165	-9.03600804220391	1 min(fp,fn)	5	min(fp,fn)	3
#000000	1	0	0	-9.03600804220391	-8.13807406515583	2 min(fp,fn)	5	min(fp,fn)	3
#000000	1	0	0	-8.13807406515583	-7.44530759505372	3 min(fp,fn)	5	min(fp,fn)	3
#000000	1	0	0	-7.44530759505372	-6.70344684308794	4 min(fp,fn)	5	min(fp,fn)	3
#000000	1	1	1	-6.70344684308794	-5.390882922573	5 min(fp,fn)	5	min(fp,fn)	3
#000000	1	1	1	-5.390882922573	-4.04345598753607	6 min(fp,fn)	5	min(fp,fn)	3
#000000	1	1	1	-4.04345598753607	-3.70506596270251	7 min(fp,fn)	5	min(fp,fn)	3
#000000	1	2	2	-3.70506596270251	-3.15405687671473	8 min(fp,fn)	5	min(fp,fn)	3
#000000	1	2	2	-3.15405687671473	-2.58814741115137	9 min(fp,fn)	5	min(fp,fn)	3
#000000	1	1	1	-2.58814741115137	-2.46078307000063	10 min(fp,fn)	5	min(fp,fn)	3
#000000	1	1	1	-2.46078307000063	-0.989307006366561	11 min(fp,fn)	5	min(fp,fn)	3
#000000	1	0	0	-0.989307006366561	1.57578190167313	12 min(fp,fn)	5	min(fp,fn)	3
#000000	1	0	0	1.57578190167313	9.08500842897606	13 min(fp,fn)	5	min(fp,fn)	3
